page_url,content_html
https://www.skyscanner.pt/aluguer-automovel-de/fnc/aluguer-automovel-de-madeira-aeroporto.html,"<h3>Aeroporto da Madeira: como encontrar uma oferta barata de aluguer de carro</h3><p>Ao procurar aluguer de carro no Aeroporto da Madeira, observa-se que os preços variam ao longo dos meses. Em média, o preço diário ronda os 52 €, mas existem diferenças claras entre as estações. Janeiro costuma ser o mês mais barato, com um valor médio de 37 € por dia, o que o torna uma boa altura para reduzir custos. Já em agosto, durante a época alta, as tarifas diárias podem chegar aos 77 €. Para obter o melhor preço, recomenda-se efetuar a reserva com cerca de uma semana de antecedência.</p><h3>Aeroporto da Madeira: como escolher o carro certo</h3><p>No Aeroporto da Madeira, a classe Compacto está entre as mais procuradas, por se adaptar bem às estradas da ilha. Este tipo de veículo facilita a circulação nas zonas urbanas, apresenta um consumo de combustível eficiente e oferece espaço suficiente para passageiros e bagagem, sendo uma opção prática tanto para percursos citadinos como para viagens pela ilha. Está disponível a opção de aluguer só de ida, permitindo levantar o veículo no aeroporto e devolvê-lo noutro local. As tarifas no aeroporto começam nos 9 €, valor idêntico ao praticado nos pontos de levantamento no Funchal.</p><h3>Aeroporto da Madeira: empresas de aluguer de carro mais populares</h3><p>No Aeroporto da Madeira, existem 66 fornecedores de aluguer de automóveis. A Magic Islands Rent a Car é a empresa mais procurada, com tarifas desde 8 € por dia e serviço de transporte gratuito até ao balcão de aluguer. A Europcar apresenta uma classificação de 5, com preços desde 46 €, enquanto a Goldcar e a Guerin também têm uma classificação de 5, com tarifas desde 20 € e 28 €, respetivamente, ambas com levantamento no terminal do aeroporto. Outros fornecedores disponibilizam opções como serviço de receção, permitindo comparar diferentes formas de levantamento do veículo.</p><h3>Aeroporto da Madeira: principais dicas para conduzir</h3><p>Ao alugar um carro no Aeroporto da Madeira, a condução faz-se pelo lado direito da estrada. Os limites de velocidade são de 120 km/h nas autoestradas, 100 km/h nas vias rápidas, 90 km/h nas estradas nacionais e 50 km/h nas zonas urbanas. Nas estradas de montanha da ilha, caracterizadas por curvas frequentes e inclinações acentuadas, recomenda-se ajustar a velocidade às condições da via. A cobertura do Google Maps é fiável em Portugal, facilitando o planeamento dos percursos e a navegação durante a viagem.</p><h3>O que vai precisar ao alugar um carro na Madeira</h3><p>Para alugar um carro no Aeroporto da Madeira, a maioria das empresas exige uma idade mínima de 21 anos, embora a idade mínima legal para conduzir em Portugal seja de 18 anos. É importante ter em conta esta distinção, uma vez que algumas empresas cobram uma sobretaxa a condutores com menos de 25 anos, pelo que se recomenda confirmar estas condições antes de efetuar a reserva. Para concluir o aluguer, é normalmente necessário apresentar uma carta de condução válida, um documento de identificação ou passaporte e um cartão de crédito em nome do condutor principal para a caução.</p>"
https://www.skyscanner.pt/aluguer-automovel-de/lis/aluguer-automovel-de-lisboa-aeroporto.html,"<h3>Aeroporto de Lisboa: como encontrar uma oferta barata de aluguer de carro</h3><p>No Aeroporto de Lisboa, em Portugal, os preços do aluguer de carro variam ao longo dos meses, pelo que vale a pena comparar antes de decidir. Em média, o preço ronda os 45 € por dia, mas o valor depende muito da altura do ano. Novembro costuma ser o mês mais barato, com uma média diária a rondar os 30 €. Já em agosto, durante a época alta, as tarifas sobem e podem chegar aos 60 € por dia. Para obter um preço mais favorável, recomenda-se efetuar a reserva com cerca de duas semanas de antecedência.</p><h3>Aeroporto de Lisboa: como escolher o carro certo</h3><p>No Aeroporto de Lisboa, a classe mais procurada é o compacto, juntamente com a carrinha comercial, escolhas que se adaptam bem ao contexto da cidade. Um carro compacto é mais fácil de estacionar e manobrar nas ruas estreitas e movimentadas de Lisboa, além de implicar custos de aluguer e de combustível mais baixos. É indicado para deslocações curtas e para quem viaja sozinho. Está disponível o aluguer com entrega num local diferente. Os preços de recolha no aeroporto começam em 5 € e as tarifas em pontos próximos da cidade também partem de 5 €, com pequenas diferenças nas taxas.</p><h3>Aeroporto de Lisboa: empresas de aluguer de carro mais populares</h3><p>No Aeroporto de Lisboa, encontram-se disponíveis 71 fornecedores de aluguer de automóveis. O mais procurado é a Goldcar, com uma avaliação de 5 baseada em 1976 comentários e preços a partir de 6 €. Outras opções incluem a Centauro, desde 9 €, a Guerin, desde 16 €, e a Drive on Holidays, desde 10 €, todas com avaliação de 5. A Turisprime e a AusoCar mantêm a mesma classificação. Consoante o fornecedor, o levantamento do veículo pode ser efetuado no terminal do aeroporto ou através de autocarro de transporte gratuito.</p><h3>Aeroporto de Lisboa: principais dicas para conduzir</h3><p>A partir do Aeroporto de Lisboa, o centro da cidade fica a cerca de 14 minutos de viagem, num percurso de apenas 7 km. Sintra fica a 30 km, com cerca de 35 minutos de viagem, e Cascais situa-se a 35 km, num trajeto de 38 minutos. Setúbal encontra-se a cerca de 55 km, correspondendo a aproximadamente 50 minutos de viagem. Em Portugal, a condução faz-se pelo lado direito da estrada, com limites de 120 km/h nas autoestradas, 100 km/h nas vias rápidas, 90 km/h nas estradas nacionais e 50 km/h dentro das localidades. A cobertura do Google Maps no país é fiável, permitindo planear percursos e orientar a navegação durante a viagem.</p><h3>O que vai precisar ao alugar um carro em Lisboa</h3><p>Para o aluguer de um carro no Aeroporto de Lisboa, a maioria das empresas exige uma idade mínima de 21 anos, ainda que a idade mínima legal para conduzir em Portugal seja de 18 anos. Importa ter em conta que algumas empresas cobram uma sobretaxa a condutores com menos de 25 anos, pelo que se recomenda verificar estas condições antes da reserva. Para concluir o aluguer, é normalmente necessária a apresentação de uma carta de condução válida, de um documento de identificação ou passaporte e de um cartão de crédito em nome do condutor principal. Recomenda-se sempre a verificação dos requisitos específicos da empresa escolhida antes do levantamento do veículo.</p>"
https://www.skyscanner.pt/aluguer-automovel-de/opo/aluguer-automovel-de-porto-aeroporto.html,"<h3>Aeroporto do Porto: como encontrar uma oferta barata de aluguer de carro</h3><p>No Aeroporto do Porto, os preços do aluguer de carro variam ao longo dos meses, pelo que vale a pena comparar datas antes de reservar. Em média, o preço diário ronda os 42 €, mas há diferenças claras consoante a época. Junho é normalmente o mês mais barato, com um valor médio de 27 € por dia, enquanto agosto, em plena época alta, regista tarifas diárias que podem chegar aos 63 €. Para obter um preço mais favorável, recomenda-se efetuar a reserva com menos de uma semana de antecedência relativamente à data prevista de levantamento do veículo.</p><h3>Aeroporto do Porto: como escolher o carro certo</h3><p>No Aeroporto do Porto, as classes mais procuradas são o compacto e o descapotável, opções que se ajustam bem à condução no Porto e às deslocações pela região. O compacto combina eficiência de combustível, espaço de carga adequado e lugares confortáveis para grupos maiores, sendo versátil em diferentes terrenos e oferecendo uma posição de condução mais elevada para melhor visibilidade. O aluguer com devolução num local diferente está disponível, permitindo recolher o veículo no aeroporto e entregá-lo noutro ponto. A tarifa mais baixa no Aeroporto do Porto começa em 5 €, enquanto a recolha na cidade do Porto parte de 6 €.</p><h3>Aeroporto do Porto: empresas de aluguer de carro mais populares</h3><p>No Aeroporto do Porto, encontram-se disponíveis 63 fornecedores de aluguer de automóveis. O mais popular é a Goldcar, com avaliação de 5 e preços a partir de 6 €. A Europcar e a Centauro também apresentam avaliação de 5, sendo que a Centauro disponibiliza tarifas desde 9 €. A Guerin apresenta preços a partir de 16 €, igualmente com avaliação de 5. Os fornecedores oferecem diferentes formas de levantamento, incluindo o terminal do aeroporto e o autocarro de transporte gratuito. Entre as ofertas disponíveis encontram-se veículos das classes Mini, Economy e Compact, com tarifas a partir de 5 € por dia.</p><h3>Aeroporto do Porto: principais dicas para conduzir</h3><p>Ao alugar um carro no Aeroporto do Porto, a condução faz-se pelo lado direito da estrada. A cidade encontra-se a apenas 11 km, correspondendo a cerca de 16 minutos de viagem. A partir do aeroporto, Braga fica a cerca de 45 minutos, num percurso de 50 km, enquanto Guimarães se situa a cerca de 50 minutos, num trajeto de 55 km. Viana do Castelo encontra-se a 75 km, correspondendo a aproximadamente 65 minutos de viagem. Os limites de velocidade são de 120 km/h nas autoestradas, 100 km/h nas vias rápidas, 90 km/h nas estradas nacionais e 50 km/h nas zonas urbanas. A cobertura do Google Maps em Portugal é fiável.</p><h3>O que é necessário para alugar um carro no Porto</h3><p>Para o aluguer de um carro no Aeroporto do Porto, a maioria das empresas exige uma idade mínima de 21 anos, embora a idade mínima legal para conduzir em Portugal seja de 18 anos. Convém ter presente esta distinção, uma vez que é possível conduzir legalmente a partir dos 18 anos, mas não alugar um veículo antes dos 21. Algumas empresas cobram uma sobretaxa a condutores com menos de 25 anos, pelo que se recomenda verificar estas condições antes da reserva. Para concluir o aluguer, é normalmente necessária a apresentação de uma carta de condução válida, de um documento de identificação ou passaporte e de um cartão de crédito em nome do condutor principal.</p>"
https://www.skyscanner.pt/aluguer-automovel-de/fao/aluguer-automovel-de-faro-aeroporto.html,"<h3>Aeroporto de Faro: como encontrar uma oferta barata de aluguer de carro</h3><p>Alugar um carro no Aeroporto de Faro tem custos que variam ao longo do ano, por isso vale a pena comparar antes de reservar. Em média, o preço diário ronda os 52 €, mas os valores mudam consoante a estação. Outubro costuma ser o mês mais barato, com uma média de 33 € por dia, enquanto julho, em plena época alta, regista preços que podem chegar aos 73 € por dia. Para obter um preço mais reduzido, recomenda-se efetuar a reserva com cerca de uma semana de antecedência em relação à data de levantamento do veículo.</p><h3>Aeroporto de Faro: como escolher o carro certo</h3><p>No Aeroporto de Faro, as classes mais procuradas são o compacto e o crossover, opções que se adaptam bem à condução em Faro e nas suas ruas estreitas. Um carro deste tipo é mais fácil de estacionar e manobrar em espaços apertados, tem custos de aluguer e combustível mais baixos e um impacto ambiental reduzido, sendo indicado para viagens curtas ou para viajantes a solo. É possível alugar o veículo no aeroporto e devolvê-lo num local diferente. O preço mais baixo no Aeroporto de Faro é de 5 € por dia, valor idêntico ao das recolhas em Faro.</p><h3>Aeroporto de Faro: empresas de aluguer de carro mais populares</h3><p>No Aeroporto de Faro, em Portugal, encontram-se disponíveis 72 fornecedores de aluguer de automóveis. A Goldcar é a mais popular, com avaliação de 5 e preços a partir de 6 €. A Europcar apresenta classificação de 5, com base em 5146 avaliações, enquanto a Guerin disponibiliza preços a partir de 17 €, a Surprice desde 20 € e a Drive on Holidays desde 10 €. Os fornecedores disponibilizam diferentes opções de recolha, incluindo o terminal do aeroporto, autocarro de transporte gratuito e serviço de receção. Entre as ofertas disponíveis encontram-se viaturas das classes Mini, Economy e Compact, com preços a partir de 5 € por dia.</p><h3>Aeroporto de Faro: principais dicas para conduzir</h3><p>Ao sair do Aeroporto de Faro, a condução faz-se pelo lado direito da estrada, como é regra em Portugal. Nas autoestradas, o limite de velocidade é de 120 km/h, enquanto nas vias rápidas é de 100 km/h. Nas estradas nacionais, o limite desce para 90 km/h e, dentro das localidades, deve ser respeitado o limite de 50 km/h. A cobertura do Google Maps é fiável no país, permitindo planear trajetos com recurso à navegação. Recomenda-se atenção à sinalização local e o ajuste da velocidade às condições da via para uma condução segura.</p><h3>O que é necessário para alugar um carro em Faro</h3><p>Para alugar um carro perto do Aeroporto de Faro, a maioria das empresas exige uma idade mínima de 21 anos, ainda que a idade mínima legal para conduzir em Portugal seja de 18 anos. Algumas empresas cobram uma sobretaxa a condutores com menos de 25 anos, pelo que se recomenda confirmar estas condições antes de efetuar a reserva. Para conduzir e levantar o veículo, é necessário apresentar uma carta de condução válida, um documento de identificação ou passaporte e um cartão de crédito em nome do condutor principal. Recomenda-se sempre verificar os requisitos específicos da empresa escolhida para evitar custos adicionais.</p>"
https://www.skyscanner.pt/aluguer-automovel-de/pdl/aluguer-automovel-de-ponta-delgada-aeroporto.html,"<h3>Aeroporto de Ponta Delgada: como encontrar uma oferta barata de aluguer de carro</h3><p>No Aeroporto de Ponta Delgada, os preços do aluguer de automóveis variam ao longo do ano, pelo que vale a pena comparar antes de reservar. O preço médio diário ronda os 56 €, mas os valores variam consoante o mês. Dezembro é geralmente o mês mais barato, com uma média diária de cerca de 28 €. Já durante a época alta, em agosto, encontram-se tarifas mais elevadas, podendo chegar a cerca de 87 € por dia. Para obter um preço mais favorável, recomenda-se efetuar a reserva com cerca de uma semana de antecedência em relação à data prevista de recolha do veículo.</p><h3>Aeroporto de Ponta Delgada: como escolher o carro certo</h3><p>No Aeroporto de Ponta Delgada, as classes compacto e crossover são as mais procuradas, sobretudo pela combinação entre dimensão reduzida e versatilidade, que se adapta bem às ruas estreitas da cidade e às estradas da ilha. Este tipo de veículo oferece uma posição de condução elevada, maior facilidade de manobra em ambiente urbano, mais espaço de carga sem perder compacidade e melhor eficiência de combustível do que um SUV de maiores dimensões. Está disponível o aluguer só de ida, permitindo recolher o veículo no aeroporto e devolvê-lo noutro local. No aeroporto, os preços começam em 16 €, enquanto nas proximidades da cidade se encontram tarifas a partir de 17 €.</p><h3>Aeroporto de Ponta Delgada: empresas de aluguer de carro mais populares</h3><p>No Aeroporto de Ponta Delgada, em Portugal, encontram-se disponíveis 45 fornecedores de aluguer de automóveis. A Ilha Verde é a empresa mais procurada, com viaturas a partir de 29 € por dia e recolha no terminal do aeroporto. Vários fornecedores apresentam classificação de 5 entre os utilizadores, incluindo a Azores Easy Rent, a Europcar, a Goldcar, a Guerin e a Keddy By Europcar, com preços a partir de 32 €. A Alamo também apresenta classificação de 5. A recolha pode ser efetuada no terminal do aeroporto ou através de autocarro de transporte gratuito, consoante o fornecedor escolhido. As tarifas começam em 13 € por dia.</p><h3>Aeroporto de Ponta Delgada: principais dicas para conduzir</h3><p>Ao alugar um carro no Aeroporto de Ponta Delgada, a condução faz-se pelo lado direito da estrada, como é habitual em Portugal. Nas autoestradas, o limite de velocidade é de 120 km/h, enquanto nas vias rápidas é de 100 km/h. Nas estradas nacionais, o limite é de 90 km/h e, dentro das áreas urbanas, deve ser respeitado o limite de 50 km/h. A cobertura do Google Maps é fiável em todo o país, o que facilita a navegação durante as deslocações. Recomenda-se respeitar a sinalização local e adaptar a velocidade às condições da via para uma condução segura.</p><h3>O que é necessário para alugar um carro em Ponta Delgada</h3><p>Em Portugal, a idade mínima legal para conduzir é de 18 anos, mas o aluguer de automóveis está sujeito a requisitos próprios. Para alugar um carro perto do Aeroporto de Ponta Delgada, a maioria das empresas exige uma idade mínima de 21 anos. Algumas empresas cobram uma sobretaxa a condutores com menos de 25 anos, pelo que se recomenda verificar estas condições antes da reserva. No momento do levantamento do veículo, é normalmente necessária a apresentação de uma carta de condução válida, de um documento de identificação ou passaporte e de um cartão de crédito em nome do condutor principal. Recomenda-se ainda verificar se a carta de condução é válida durante todo o período de aluguer.</p>"
https://www.skyscanner.pt/aluguer-automovel-de/agp/aluguer-automovel-de-malaga-aeroporto.html,"<h3>Aeroporto de Málaga: como encontrar uma oferta barata de aluguer de carro</h3><p>No Aeroporto de Málaga, os preços do aluguer de automóveis variam ao longo do ano, pelo que vale a pena comparar antes de reservar. Em média, o preço diário ronda os 39 €, mas o valor depende da época. Janeiro costuma ser o mês mais barato, com uma média de 25 € por dia. Já em agosto, durante a época alta, as tarifas podem atingir os 57 € por dia. Para obter um preço mais favorável, recomenda-se efetuar a reserva com cerca de uma semana de antecedência em relação à data prevista de recolha do veículo.</p><h3>Aeroporto de Málaga: como escolher o carro certo</h3><p>No Aeroporto de Málaga, as classes mais procuradas são o compacto e o SUV intermédio, opções que se adaptam bem tanto à condução na cidade como às viagens pela Costa del Sol. Um carro compacto facilita a circulação e o estacionamento em zonas urbanas, enquanto um SUV intermédio oferece maior conforto e espaço para viagens mais longas. Está disponível o aluguer só de ida, permitindo recolher o veículo no aeroporto e devolvê-lo noutro local. As tarifas no aeroporto começam em 8 €, sendo semelhantes às praticadas nos restantes pontos de recolha da cidade.</p><h3>Aeroporto de Málaga: empresas de aluguer de carro mais populares</h3><p>No Aeroporto de Málaga, encontram-se disponíveis vários fornecedores de aluguer de automóveis. A Delpaso é uma das empresas mais procuradas, com tarifas a partir de 8 € por dia. A Goldcar, a Centauro, a Record Go, a Europcar e a Keddy by Europcar também apresentam classificação elevada entre os utilizadores e disponibilizam diferentes opções de veículos. Consoante o fornecedor, a recolha pode ser efetuada no terminal do aeroporto ou através de autocarro de transporte gratuito. Encontram-se disponíveis veículos das classes Mini, Economy, Compact e SUV.</p><h3>Aeroporto de Málaga: principais dicas para conduzir</h3><p>Ao alugar um carro no Aeroporto de Málaga, a condução faz-se pelo lado direito da estrada. Em Espanha, o limite de velocidade é de 120 km/h nas autoestradas, 90 km/h nas estradas convencionais e 50 km/h nas zonas urbanas, salvo indicação em contrário. A cobertura do Google Maps é fiável em Espanha, facilitando a navegação ao longo da viagem. Recomenda-se respeitar a sinalização local e adaptar a velocidade às condições da via.</p><h3>O que vai precisar ao alugar um carro em Málaga</h3><p>Em Espanha, a idade mínima legal para conduzir é de 18 anos, mas a maioria das empresas de aluguer exige uma idade mínima de 21 anos. Algumas empresas aplicam uma sobretaxa a condutores com menos de 25 anos, pelo que se recomenda verificar estas condições antes da reserva. Para concluir o aluguer, é normalmente necessária a apresentação de uma carta de condução válida, de um documento de identificação ou passaporte e de um cartão de crédito em nome do condutor principal. Também se recomenda confirmar previamente os requisitos específicos da empresa escolhida.</p>"
https://www.skyscanner.pt/aluguer-automovel-de/ibz/aluguer-automovel-de-ibiza-aeroporto.html,"<h3>Aeroporto de Ibiza: como encontrar uma oferta barata de aluguer de carro</h3><p>No Aeroporto de Ibiza, os preços do aluguer de automóveis variam ao longo do ano, pelo que vale a pena comparar antes de reservar. Em média, o preço diário ronda os 43 €, mas o valor depende da época. Abril costuma ser o mês mais barato, com uma média de 30 € por dia. Já em agosto, durante a época alta, as tarifas podem atingir os 62 € por dia. Para obter um preço mais favorável, recomenda-se efetuar a reserva com cerca de uma semana de antecedência em relação à data prevista de recolha do veículo.</p><h3>Aeroporto de Ibiza: como escolher o carro certo</h3><p>No Aeroporto de Ibiza, as classes compacto e SUV são as mais procuradas e adequam-se bem ao terreno variado da ilha e às deslocações pela cidade. Um SUV oferece maior altura ao solo, mais espaço para bagagem e equipamento, uma posição de condução elevada para melhor visibilidade e um design compacto que facilita as manobras em zonas urbanas, com um consumo comparável ao de carros de menores dimensões. Os preços começam em cerca de 21 € por dia. Está disponível o aluguer só de ida, permitindo devolver o carro noutro local. As tarifas no aeroporto e em Ibiza começam ambas em cerca de 23 €.</p><h3>Aeroporto de Ibiza: empresas de aluguer de carro mais populares</h3><p>No Aeroporto de Ibiza, encontram-se disponíveis 31 fornecedores de aluguer de automóveis, sendo a Record go a empresa mais procurada, com preços a partir de 40 € por dia. A Europcar e a Goldcar destacam-se pela classificação de 5, esta última com carros desde 41 €, seguidas pela Keddy By Europcar e pela OK RENT A CAR, com preços a partir de 62 €. Os preços por dia começam nos 21 € com a WIBER. Consoante o fornecedor, a recolha pode ser efetuada no terminal do aeroporto ou através de autocarro de transporte gratuito, permitindo escolher a opção mais adequada.</p><h3>Aeroporto de Ibiza: principais dicas para conduzir</h3><p>Ao levantar um carro no Aeroporto de Ibiza, Ibiza Town fica a cerca de 11 minutos de viagem, num percurso de apenas 7 km. A partir daí, Sant Antoni de Portmany encontra-se a 15 km, correspondendo a cerca de 18 minutos de viagem, enquanto Es Vedrà fica a 20 km, num trajeto de aproximadamente 25 minutos. Para chegar a Formentera, é necessário conduzir até ao porto e apanhar o ferry, num percurso de cerca de 30 minutos. Em Espanha, a condução faz-se pelo lado direito da estrada, com limites de velocidade de 120 km/h nas autoestradas, 100 km/h nas vias rápidas, 90 km/h nas estradas nacionais e 50 km/h nas zonas urbanas. A cobertura do Google Maps é fiável.</p><h3>O que vai precisar ao alugar um carro em Ibiza</h3><p>Para alugar um carro no Aeroporto de Ibiza, a maioria das empresas exige uma idade mínima de 21 anos, embora a idade mínima legal para conduzir em Espanha seja de 18 anos. Convém ter em conta esta distinção, uma vez que alguns balcões aplicam uma sobretaxa a condutores com menos de 25 anos, pelo que se recomenda confirmar estas condições antes da reserva. Ao levantar o veículo, é normalmente necessária a apresentação de uma carta de condução válida, de um documento de identificação ou passaporte e de um cartão de crédito em nome do condutor principal, geralmente utilizado para a caução exigida no momento da entrega.</p>"
https://www.skyscanner.pt/aluguer-automovel-de/dxb/aluguer-automovel-de-dubai-aeroporto.html,"<h3>Aeroporto de Dubai: como encontrar uma oferta barata de aluguer de carro</h3><p>Alugar um carro no Aeroporto de Dubai tem um preço médio diário de cerca de 30 €, embora o valor varie ao longo do ano. O mês mais barato costuma ser setembro, quando se encontram diárias a partir de 21 €. Já em época alta, sobretudo em janeiro, as tarifas atingem os valores mais elevados, chegando aos 49 € por dia. Para obter um preço mais favorável, recomenda-se comparar as opções disponíveis e ter atenção ao período da viagem. Neste aeroporto, a reserva com menos de uma semana de antecedência tende a oferecer as melhores condições.</p><h3>Aeroporto de Dubai: como escolher o carro certo</h3><p>No Aeroporto de Dubai, as classes compacto e coupé são as mais procuradas, uma opção que se ajusta bem à condução na cidade e nas estradas envolventes. Este tipo de carro combina um design compacto, que facilita as manobras em zonas urbanas, com boa eficiência de combustível, ao mesmo tempo que oferece uma posição de condução elevada e espaço razoável para bagagem. É possível recolher o carro no terminal do aeroporto a partir de 8 €, valor próximo das tarifas encontradas no Dubai, também a partir de 8 €. Está ainda disponível o aluguer só de ida, permitindo levantar o carro no aeroporto e devolvê-lo noutro local.</p><h3>Aeroporto de Dubai: empresas de aluguer de carro mais populares</h3><p>No Aeroporto de Dubai, encontram-se disponíveis 59 fornecedores de aluguer de automóveis, sendo a Autostrad Rent A Car a empresa mais procurada. A Europcar tem uma classificação de 5, tal como a Keddy By Europcar, com preços a partir de 52 €, e a Goldcar. A Hertz, a Sixt e a Thrifty apresentam igualmente uma classificação de 5, com preços a partir de 19 €, 15 € e valores semelhantes. Os fornecedores disponibilizam recolha no terminal do aeroporto e serviço de receção, consoante a empresa. Encontram-se carros a partir de 8 € por dia nas classes Mini, Compact e Economy.</p><h3>Aeroporto de Dubai: principais dicas para conduzir</h3><p>Ao alugar um carro no Aeroporto de Dubai, a condução faz-se pelo lado direito da estrada e o centro da cidade fica a cerca de 14 minutos de viagem, num percurso de 8 km. A partir daí, Sharjah encontra-se a 20 km, correspondendo a cerca de 25 minutos de viagem, enquanto Hatta fica a 115 km, num percurso de aproximadamente 90 minutos. Al Ain situa-se a 160 km, correspondendo a cerca de 120 minutos de viagem. Os limites de velocidade são de 160 km/h nas autoestradas, 140 km/h nas vias rápidas, 120 km/h nas estradas nacionais e 80 km/h nas zonas urbanas. A cobertura do Google Maps é fiável neste país.</p><h3>O que vai precisar ao alugar um carro em Dubai</h3><p>Ao alugar um carro perto do Aeroporto de Dubai, importa ter em conta que a maioria das empresas exige uma idade mínima de 21 anos para efetuar a reserva. Algumas cobram uma sobretaxa a condutores com menos de 25 anos, pelo que se recomenda confirmar estas condições antes da reserva. A idade mínima para conduzir nos Emirados Árabes Unidos é de 18 anos, ou seja, inferior à exigida para o aluguer. Para conduzir e alugar um veículo, é normalmente necessária a apresentação de uma carta de condução válida, de um passaporte ou documento de identificação, de um cartão de crédito em nome do condutor principal e, em muitos casos, de uma carta de condução internacional.</p>"
https://www.skyscanner.pt/aluguer-automovel-de/cag/aluguer-automovel-de-cagliari-aeroporto.html,"<h3>Aeroporto de Cagliari: como encontrar uma oferta barata de aluguer de carro</h3><p>No Aeroporto de Cagliari, em Itália, o preço médio diário do aluguer de automóvel ronda os 88 €, mas é possível encontrar valores bastante mais baixos consoante a altura da viagem. O mês mais económico é março, quando as tarifas descem até cerca de 40 € por dia. Já durante a época alta, sobretudo em junho, os preços atingem os valores mais elevados, chegando aos 171 € diários. Para garantir uma tarifa mais vantajosa, recomenda-se efetuar a reserva com cerca de 4 semanas de antecedência e comparar as opções disponíveis antes da confirmação.</p><h3>Aeroporto de Cagliari: como escolher o carro certo</h3><p>No Aeroporto de Cagliari, as classes mais procuradas são o compacto e o carro familiar, opções que se ajustam bem à cidade e às suas ruas estreitas. Um carro compacto oferece estacionamento e manobras mais fáceis em espaços apertados, custos de aluguer e combustível reduzidos e menor impacto ambiental, sendo adequado para trajetos curtos ou viagens a solo. Está disponível o aluguer só de ida, permitindo levantar o carro no aeroporto e devolvê-lo noutra localização. No aeroporto, as tarifas começam em 31 €, enquanto nas proximidades da cidade os preços começam em 38 €, pelo que a recolha no aeroporto pode compensar.</p><h3>Aeroporto de Cagliari: empresas de aluguer de carro mais populares</h3><p>No Aeroporto de Cagliari, encontram-se disponíveis 53 fornecedores de aluguer de automóveis, sendo a Green Motion a empresa mais procurada, com carros da classe Economy a partir de 36 € por dia. A Goldcar tem uma classificação de 5, com preços desde 78 €, enquanto a Noleggiare parte de 51 € e a ecovia de 50 €, ambas também com classificação de 5. A Surprice começa em 47 €. Consoante o fornecedor, a recolha pode ser efetuada no terminal do aeroporto ou através de autocarro de transporte gratuito. Para quem procura uma opção mais económica, encontram-se disponíveis veículos da classe Mini desde 38 € por dia.</p><h3>Aeroporto de Cagliari: principais dicas para conduzir</h3><p>Ao sair do Aeroporto de Cagliari, o centro da cidade fica a cerca de 12 minutos de viagem, num percurso de 7 km. A partir daí, Nora, um sítio arqueológico, encontra-se a 40 km, correspondendo a cerca de 40 minutos de viagem, enquanto o complexo de Su Nuraxi di Barumini fica a 60 km, num percurso de aproximadamente 65 minutos. Villasimius situa-se a 52 km, correspondendo a cerca de 55 minutos de carro. Em Itália, a condução faz-se pelo lado direito da estrada, com limites de velocidade de 130 km/h nas autoestradas, 110 km/h nas vias rápidas, 90 km/h nas estradas nacionais e 50 km/h nas zonas urbanas. A cobertura do Google Maps é fiável neste país.</p><h3>O que vai precisar ao alugar um carro em Cagliari</h3><p>Para alugar um carro no Aeroporto de Cagliari, a maioria das empresas exige uma idade mínima de 21 anos, embora a idade mínima legal para conduzir em Itália seja de 18 anos. Convém ter em conta esta distinção, uma vez que algumas empresas cobram uma sobretaxa a condutores com menos de 25 anos, pelo que se recomenda confirmar estas condições antes da reserva. Para conduzir e alugar um carro, é normalmente necessária a apresentação de uma carta de condução válida, de um passaporte ou documento de identificação e de um cartão de crédito em nome do condutor principal para a caução.</p>"
https://www.skyscanner.pt/aluguer-automovel-de/tia/aluguer-automovel-de-tirana-aeroporto.html,"<h3>Aeroporto de Tirana: como encontrar uma oferta barata de aluguer de carro</h3><p>No Aeroporto de Tirana, o preço médio diário do aluguer de automóvel ronda os 45 €, constituindo um valor de referência para planear uma viagem à Albânia. Novembro costuma registar as tarifas mais baixas, com valores a partir de 25 € por dia. Já durante a época alta, sobretudo em agosto, os preços podem chegar aos 65 € diários, refletindo a maior procura no verão. Para obter um preço mais favorável, recomenda-se efetuar a reserva com menos de uma semana de antecedência, aproveitando as tarifas disponíveis próximas da data da viagem.</p><h3>Aeroporto de Tirana: como escolher o carro certo</h3><p>No Aeroporto de Tirana, as classes mais procuradas são o compacto e o crossover, adequadas ao contexto urbano da cidade. Um carro compacto facilita o estacionamento e as manobras em espaços apertados, tem custos de aluguer e combustível reduzidos e menor impacto ambiental graças ao motor mais pequeno, sendo prático em ruas estreitas ou movimentadas e adequado para trajetos curtos ou viagens a solo. Está disponível o aluguer só de ida, permitindo devolver o carro noutra localização. A recolha no terminal começa nos 15 €, enquanto nas proximidades de Tirana as tarifas começam em 16 €.</p><h3>Aeroporto de Tirana: empresas de aluguer de carro mais populares</h3><p>No Aeroporto de Tirana, na Albânia, encontram-se disponíveis 117 fornecedores de aluguer de automóveis, sendo a Carwiz a empresa mais procurada. A Europcar tem uma classificação de 5, com base em 166 avaliações, e preços a partir de 64 €. A Sicily by Car e a Surprice partilham a mesma classificação de 5, com valores desde 23 €, enquanto a Petani Agency começa nos 26 €, a Auto-Union nos 41 € e a Rent Motors nos 56 €. Todos estes fornecedores disponibilizam recolha no terminal do aeroporto, simplificando o processo à chegada.</p><h3>Aeroporto de Tirana: principais dicas para conduzir</h3><p>Ao levantar um carro no Aeroporto de Tirana, o centro da cidade fica a cerca de 17 km, correspondendo a aproximadamente 22 minutos de viagem. Na Albânia, a condução faz-se pelo lado direito da estrada, com limites de velocidade de 110 km/h nas autoestradas, 90 km/h nas vias rápidas, 80 km/h nas estradas nacionais e 40 km/h nas zonas urbanas. A cobertura do Google Maps é fiável no país. A partir de Tirana, Durrës fica a cerca de 37 km, correspondendo a aproximadamente 40 minutos de viagem, enquanto Krujë se situa a 30 km, num percurso de cerca de 35 minutos. Apollonia encontra-se a 90 km, correspondendo a aproximadamente 90 minutos de viagem.</p><h3>O que vai precisar ao alugar um carro em Tirana</h3><p>Ao alugar um carro no Aeroporto de Tirana, importa ter em conta duas idades diferentes. A idade mínima legal para conduzir na Albânia é de 18 anos, mas a maioria das empresas exige uma idade mínima de 21 anos para o aluguer de automóveis. Algumas cobram uma sobretaxa a condutores com menos de 25 anos, pelo que se recomenda confirmar estas condições antes da reserva. Para conduzir e alugar um carro, é normalmente necessária a apresentação de uma carta de condução válida, de um passaporte ou documento de identificação e de um cartão de crédito em nome do condutor principal.</p>"
https://www.skyscanner.pt/aluguer-automovel-de/mah/aluguer-automovel-de-menorca-aeroporto.html,"<h3>Aeroporto de Menorca: como encontrar uma oferta barata de aluguer de carro</h3><p>No Aeroporto de Menorca, o preço médio diário do aluguer de carro ronda os 64 €, o que dá uma referência para comparar as várias opções disponíveis. Para reduzir custos, junho costuma ser o mês mais acessível, com valores a partir de 54 € por dia. Já durante a época alta, setembro regista uma das tarifas diárias mais elevadas, chegando aos 73 €. Para assegurar um preço mais equilibrado, é aconselhável reservar o carro com cerca de 1 semana de antecedência, evitando assim a subida de preços associada à procura de última hora.</p><h3>Aeroporto de Menorca: como escolher o carro certo</h3><p>No Aeroporto de Menorca, a classe mais procurada é a compacta, indicada para o transporte de passageiros. Este tipo de carro adapta-se bem à ilha graças ao consumo de combustível reduzido, ao espaço de carga adequado e à posição de condução elevada, que melhora a visibilidade nas várias estradas de Menorca. O aluguer com entrega noutro local está disponível, permitindo recolher o carro ao aterrar e devolvê-lo noutro ponto. No aeroporto encontras tarifas desde 24 €, enquanto nas proximidades os preços começam nos 23 €.</p><h3>Aeroporto de Menorca: empresas de aluguer de carro mais populares</h3><p>No Aeroporto de Menorca, em Espanha, encontras 26 fornecedores de aluguer de automóveis, sendo a Goldcar o mais popular. Entre as opções com melhor avaliação estão a AUTOS MENORCA e a owners cars, ambas com uma classificação de 5, a partir de 39 €, seguidas da Autos Valls a partir de 44 €. A OK RENT A CAR começa em 79 € e a Keddy By Europcar em 65 €, também com classificação de 5. A recolha é feita no terminal do aeroporto ou através de autocarro de transporte gratuito, consoante o fornecedor escolhido..</p><h3>Aeroporto de Menorca: principais dicas para conduzir</h3><p>Ao levantares o teu carro de aluguer no Aeroporto de Menorca, circula sempre pelo lado direito da estrada. Os limites de velocidade são de 120 km/h nas autoestradas, 100 km/h nas vias rápidas, 90 km/h nas estradas nacionais e 50 km/h dentro das localidades. A partir do aeroporto, chegas a Maó em cerca de dez minutos, seguindo depois para leste até ao porto natural e à zona histórica. Ciutadella, no extremo oposto da ilha, fica a menos de uma hora de carro, e a praia de Son Bou é acessível pela estrada central. Em Espanha, a cobertura do Google Maps é fiável.</p><h3>O que vai precisar ao alugar um carro em Menorca</h3><p>Para alugar um carro perto do Aeroporto de Menorca, a maioria das empresas exige uma idade mínima de 21 anos, embora a idade legal para conduzir em Espanha seja de 18 anos. Algumas empresas cobram uma sobretaxa para condutores com menos de 25 anos, pelo que convém confirmar estas condições antes de reservares. Para conduzir e alugar um carro, é necessário uma carta de condução válida, do documento de identificação ou passaporte e de um cartão de crédito em nome do condutor principal. Verifica sempre os requisitos específicos da empresa escolhida antes de levantar o veículo.</p>"
https://www.skyscanner.pt/aluguer-automovel-de/for/aluguer-automovel-de-fortaleza-aeroporto.html,"<h3>Aeroporto de Fortaleza: como encontrar uma oferta barata de aluguer de carro</h3><p>No Aeroporto de Fortaleza, o preço médio diário do aluguer de carro ronda os 30 €, o que fornece uma referência útil para comparar as várias opções disponíveis. Para a tarifa mais baixa, fevereiro costuma ser o mês mais económico, com valores a partir dos 24 € por dia. Já em época alta, sobretudo em agosto, os preços tendem a subir e podem chegar aos 46 € diários. Para conseguires um valor mais favorável, é recomendável reservar o teu carro com menos de uma semana de antecedência em relação à data de recolha.</p><h3>Aeroporto de Fortaleza: como escolher o carro certo</h3><p>No Aeroporto de Fortaleza, a classe mais procurada é o compacto, além da pick-up sem lugares atrás, opções que se adaptam bem à cidade e às deslocações pela costa cearense. O compacto oferece maior capacidade de lugares, bom espaço para bagagem, melhor visibilidade, condução mais estável e versatilidade em diferentes tipos de terreno. Também é possível alugar um carro ao aterrar e devolvê-lo noutra localização, num aluguer de sentido único. No aeroporto estão disponíveis tarifas a partir de 24 €, enquanto nas proximidades, em Fortaleza, os preços começam nos 28 €, pelo que a recolha no aeroporto tende a ser mais económica.</p><h3>Aeroporto de Fortaleza: empresas de aluguer de carro mais populares</h3><p>No Aeroporto de Fortaleza encontras 13 fornecedores de aluguer de automóveis, entre os quais o mais procurado é a Foco, com uma classificação de 5 e preços a partir de 25 € por dia. A Unidas parte de 28 € e a Localiza de 31 €, ambas com classificação de 5, enquanto a Movida arranca em 29 € e a Alamo apresenta classificação de 5. A recolha varia consoante o fornecedor, incluindo entrega no terminal do aeroporto, autocarro de transporte gratuito e serviço de receção, permitindo escolher a opção que melhor se ajusta à chegada.</p><h3>Aeroporto de Fortaleza: principais dicas para conduzir</h3><p>Ao alugar um carro no Aeroporto de Fortaleza, conduze-se pela direita e deve-se respeitar os limites de velocidade, que são de 120 km/h em autoestradas, 80 km/h em vias expressas e estradas rurais, e 50 km/h em zonas urbanas. A cobertura do Google Maps no Brasil é fiável, o que facilita a navegação. A cerca de 30 km, o Cumbuco é acessível pela CE-090 e conhecido pelas dunas. Canoa Quebrada fica a aproximadamente 165 km pela BR-116 e CE-040. Já Beberibe, a cerca de 80 km, oferece falésias e um percurso simples pela mesma rota costeira.</p><h3>O que vai precisar ao alugar um carro em Fortaleza</h3><p>Para conduzir no Brasil, a idade mínima é de 18 anos, mas para alugar carro perto do Aeroporto de Fortaleza a maioria das empresas exige uma idade mínima de 21 anos. Algumas cobram uma sobretaxa para condutores com menos de 25 anos, pelo que recomendamos confirmar estas condições antes da reserva. No momento do levantamento do veículo, uma carta de condução válida deve ser apresentada, um documento de identificação ou passaporte e um cartão de crédito em nome do condutor principal. Se apresentar uma carta estrangeira, poderá ser útil ter também a Permissão Internacional para Conduzir.</p>"
https://www.skyscanner.pt/aluguer-automovel-de/bri/aluguer-automovel-de-bari-aeroporto.html,"<h3>Aeroporto de Bari: como encontrar uma oferta barata de aluguer de carro</h3><p>Alugar um carro no Aeroporto de Bari, em Itália, tem um preço médio diário de cerca de 58 €, mas o valor varia ao longo do ano. Junho costuma ser o mês mais económico, com uma diária a rondar os 49 €, o que o torna uma boa opção se quiseres poupar. Já julho marca a época alta, quando o preço diário pode chegar aos 71 €. Para garantir uma tarifa mais favorável, recomenda-se efetuar a reserva com menos de uma semana de antecedência, comparando as opções disponíveis antes de confirmar a escolha.</p><h3>Aeroporto de Bari: como escolher o carro certo</h3><p>No Aeroporto de Bari, a classe compacto é a mais procurada, acompanhada das carrinhas comerciais, e adapta-se bem tanto à cidade como às estradas da região. Um compacto oferece maior espaço para bagagem, boa visibilidade e um consumo de combustível equilibrado, mantendo um formato prático para circular em zonas urbanas. Há opções desde 12 € por dia e o aluguer só de ida está disponível, permitindo devolver o carro noutro local. O preço mais baixo no Aeroporto de Bari é de 17 €, enquanto nas proximidades, em Bari, a tarifa mais baixa é de 18 €.</p><h3>Aeroporto de Bari: empresas de aluguer de carro mais populares</h3><p>No Aeroporto de Bari, em Itália, existem 53 fornecedores de aluguer de carros. Entre eles, a Ecovia é a empresa mais popular, com uma classificação de 5, baseada em 648 avaliações, e serviço de levantamento no terminal do aeroporto. Outras opções incluem a Europcar, a Autovia, a Noleggiare, a Sicily by Car, com tarifas desde 32 €, e a Keddy by Europcar, desde 58 €, todas com uma classificação de 5. Os fornecedores disponibilizam levantamento no terminal do aeroporto ou um serviço de transporte gratuito até ao balcão de aluguer. Os preços para um automóvel da classe Mini começam em cerca de 11 € por dia.</p><h3>Aeroporto de Bari: principais dicas para conduzir</h3><p>Ao sair do Aeroporto de Bari, é possível chegar ao centro da cidade em cerca de 13 minutos, percorrendo apenas 9 km. A partir daí, pode conduzir até Polignano a Mare, a 33 km e cerca de 30 minutos de distância, ou seguir para Alberobello, a 55 km e aproximadamente 55 minutos de viagem. Ostuni fica a 70 km, a cerca de 65 minutos de carro. Em Itália, conduz-se pela direita, com limites de velocidade de 130 km/h nas autoestradas, 110 km/h nas vias rápidas, 90 km/h nas estradas rurais e 50 km/h nas zonas urbanas. A cobertura do Google Maps é fiável em todo o país.</p><h3>O que vai precisar ao alugar um carro em Bari</h3><p>Ao alugar um carro no Aeroporto de Bari, é importante ter em conta duas idades distintas. A idade mínima legal para conduzir em Itália é de 18 anos, mas a maioria das empresas de aluguer exige uma idade mínima de 21 anos para levantar o veículo. Algumas cobram uma sobretaxa a condutores com menos de 25 anos, pelo que convém confirmar estas condições antes de efetuar a reserva. Para alugar e conduzir um automóvel, é normalmente necessário apresentar uma carta de condução válida, um documento de identificação ou passaporte e um cartão de crédito em nome do condutor principal. Recomenda-se ainda verificar os requisitos específicos de cada empresa.</p>"
https://www.skyscanner.pt/aluguer-automovel-de/rec/aluguer-automovel-de-recife-aeroporto.html,"<h3>Aeroporto de Recife: como encontrar uma oferta barata de aluguer de carro</h3><p>Se procuras aluguer de carro económico no Aeroporto de Recife, no Brasil, encontras um preço médio diário de cerca de 30 €. O mês mais barato costuma ser junho, com valores a partir de 25 € por dia, o que ajuda se tiveres flexibilidade nas datas. Durante a época alta, sobretudo em agosto, as diárias podem chegar aos 43 €, refletindo maior procura. Para conseguires o melhor preço, a sugestão é reservar com menos de uma semana de antecedência, comparando as opções disponíveis para o teu período de viagem e ajustando as datas sempre que possível.</p><h3>Aeroporto de Recife: como escolher o carro certo</h3><p>No Aeroporto de Recife, a classe mais procurada é a de automóveis compactos de 4 a 5 portas, uma opção adequada ao trânsito e às ruas estreitas da cidade. Este tipo de veículo facilita o estacionamento e as manobras em espaços reduzidos, contribui para reduzir os custos de aluguer e de combustível e é particularmente indicado para trajetos curtos ou viagens individuais. Estão disponíveis opções de aluguer com levantamento no aeroporto desde 17 €, enquanto a tarifa mais baixa nas proximidades ronda os 18 €. Existe também a possibilidade de aluguer só de ida, permitindo levantar o veículo no aeroporto e devolvê-lo noutro local.</p><h3>Aeroporto de Recife: empresas de aluguer de carro mais populares</h3><p>No Aeroporto de Recife, existem 12 fornecedores de aluguer de automóveis. A Foco é a empresa mais procurada, com uma classificação de 5, baseada em 207 avaliações, e tarifas desde 20 €. Seguem-se a Localiza, também com uma classificação de 5, baseada em 192 avaliações, e a Movida, igualmente com uma classificação de 5. A Foco disponibiliza um serviço de transporte gratuito até ao balcão de aluguer, enquanto a Localiza e a Movida oferecem levantamento no terminal do aeroporto. As tarifas começam nos 17 € por dia para a classe Economy, com opções Compact desde 18 € e Intermediate desde 21 €.</p><h3>Aeroporto de Recife: principais dicas para conduzir</h3><p>Ao alugar um carro no Aeroporto de Recife, conduz-se pelo lado direito da estrada e devem ser respeitados os limites de velocidade, que são de 120 km/h nas autoestradas, 80 km/h nas vias rápidas e estradas nacionais e 50 km/h nas zonas urbanas. A cobertura do Google Maps no Brasil é fiável, o que facilita a navegação. A partir de Recife, é possível seguir até Olinda, a poucos quilómetros a norte, ou até Porto de Galinhas, situada a cerca de 60 km a sul pela PE-009. Cabo de Santo Agostinho fica a aproximadamente 40 km a sul, com acesso por estradas em bom estado.</p><h3>O que vai precisar ao alugar um carro em Recife</h3><p>Ao alugar um carro perto do Aeroporto de Recife, é importante ter em conta duas idades distintas. No Brasil, a idade mínima legal para conduzir é de 18 anos, mas a maioria das empresas de aluguer exige uma idade mínima de 21 anos para alugar um automóvel. Algumas cobram uma sobretaxa a condutores com menos de 25 anos, pelo que se recomenda confirmar estas condições antes de efetuar a reserva. Para levantar o veículo, é normalmente necessário apresentar uma carta de condução válida, um documento de identificação ou passaporte e um cartão de crédito em nome do condutor principal para a caução. Recomenda-se ainda verificar os requisitos específicos da empresa escolhida.</p>"
https://www.skyscanner.pt/aluguer-automovel-de/lpa/aluguer-automovel-de-gran-canaria-aeroporto.html,"<h3>Aeroporto de Gran Canária: como encontrar uma oferta barata de aluguer de carro</h3><p>No Aeroporto de Gran Canária, o preço médio diário do aluguer de um automóvel é de cerca de 59 €. Se procuras uma tarifa mais baixa, junho costuma ser o mês mais barato, com valores a partir de 32 € por dia. Durante a época alta, os preços tendem a subir, sendo fevereiro um dos meses com as tarifas diárias mais elevadas, podendo chegar aos 112 €. Para conseguires um melhor preço, é aconselhável reservares o teu carro com pelo menos 1 semana de antecedência, o que te ajuda a garantir mais opções e valores mais equilibrados.</p><h3>Aeroporto de Gran Canária: como escolher o carro certo</h3><p>No Aeroporto de Gran Canária, as classes Compact e Crossover são das mais procuradas, por se adequarem às estradas costeiras da ilha, às zonas urbanas, como Las Palmas, e aos trajetos até ao interior. Estes veículos combinam um consumo de combustível reduzido, espaço suficiente para bagagem, lugares confortáveis para vários passageiros e uma posição de condução elevada, que proporciona melhor visibilidade, sendo adequados a diferentes tipos de percurso. É possível levantar o veículo no terminal desde 6 € por dia, valor semelhante ao praticado nas proximidades de Las Palmas, onde as tarifas também começam nos 6 €. Está igualmente disponível a opção de aluguer só de ida, permitindo devolver o veículo noutro local.</p><h3>Aeroporto de Gran Canária: empresas de aluguer de carro mais populares</h3><p>No Aeroporto de Gran Canária, existem 28 fornecedores de aluguer de automóveis. A Goldcar é a empresa mais procurada, com uma classificação de 5, baseada em 1 938 avaliações, e tarifas desde 8 €. Outras opções incluem a Orlando, com preços desde 16 €, e a OK Mobility, desde 9 €, ambas também com uma classificação de 5. A Thrifty, com um elevado número de avaliações, disponibiliza tarifas desde 12 €. A maioria dos fornecedores oferece levantamento no terminal do aeroporto, enquanto algumas empresas, como a Record go, disponibilizam um serviço de transporte gratuito até ao balcão de aluguer. As tarifas diárias começam nos 6 €.</p><h3>Aeroporto de Gran Canária: principais dicas para conduzir</h3><p>Ao sair do Aeroporto de Gran Canária, conduz-se pela direita e devem ser respeitados os limites de velocidade: 120 km/h nas autoestradas, 100 km/h nas vias rápidas, 90 km/h nas estradas nacionais e 50 km/h dentro das localidades. A cobertura do Google Maps é fiável em toda a ilha, o que facilita a navegação. A partir do aeroporto, é possível seguir até Las Palmas, a norte, em cerca de 20 minutos pela autoestrada. A sul, Maspalomas fica a aproximadamente 30 minutos de carro, sendo um destino conhecido pelas suas dunas. Já Tejeda, no interior da ilha, situa-se a cerca de uma hora de distância, com acesso por estradas de montanha mais estreitas e sinuosas.</p><h3>O que vai precisar ao alugar um carro em Gran Canária</h3><p>Para alugar um carro perto do Aeroporto de Gran Canária, a maioria das empresas exige uma idade mínima de 21 anos, embora a idade mínima legal para conduzir em Espanha seja de 18 anos. É importante ter em conta esta distinção: é possível conduzir a partir dos 18 anos, mas nem sempre alugar um automóvel com essa idade. Algumas empresas cobram uma sobretaxa a condutores com menos de 25 anos, pelo que se recomenda confirmar estas condições antes de efetuar a reserva. Para levantar o veículo, é normalmente necessário apresentar uma carta de condução válida, um documento de identificação ou passaporte e um cartão de crédito em nome do condutor principal.</p>"
https://www.skyscanner.pt/aluguer-automovel-de/ssa/aluguer-automovel-de-salvador-aeroporto.html,"<h3>Aeroporto de Salvador: como encontrar uma oferta barata de aluguer de carro</h3><p>Ao procurar um aluguer de carro no Aeroporto de Salvador, encontras um preço médio diário de cerca de 30 €. O mês mais barato para reservar costuma ser maio, com valores a partir de 22 € por dia. Já durante a época alta, sobretudo em agosto, as tarifas sobem e podem chegar aos 56 € diários. Para conseguires o melhor preço, o ideal é planeares com antecedência e reservares o teu carro com cerca de 4 semanas de antecedência, garantindo assim mais opções disponíveis e valores mais equilibrados face ao que encontrarias à última hora.</p><h3>Aeroporto de Salvador: como escolher o carro certo</h3><p>No Aeroporto de Salvador, a classe Médio/Standard, incluindo modelos pick-up, é uma das mais procuradas, por se adaptar bem às deslocações urbanas e aos trajetos até ao litoral e a zonas de terreno irregular da região. Este tipo de veículo oferece maior capacidade de passageiros, amplo espaço de carga, melhor visibilidade, maior estabilidade na condução e versatilidade em diferentes tipos de piso. Está disponível a opção de aluguer só de ida, permitindo levantar o veículo no aeroporto e devolvê-lo noutro local. Atualmente, as tarifas no Aeroporto de Salvador começam nos 27 €, enquanto os preços nas proximidades da cidade rondam os 32 €.</p><h3>Aeroporto de Salvador: empresas de aluguer de carro mais populares</h3><p>No Aeroporto de Salvador, existem 14 fornecedores de aluguer de automóveis. A Foco é a empresa mais procurada. A Localiza e a Unidas têm ambas uma classificação de 5, com tarifas desde 35 € e 30 €, respetivamente, enquanto a Movida e a Locarx também apresentam uma classificação de 5, com preços desde 30 € e 31 €. A Europcar e a Alamo têm igualmente uma classificação de 5. Os fornecedores disponibilizam duas opções de levantamento: diretamente no terminal do aeroporto ou através de um serviço de transporte gratuito até ao balcão de aluguer, consoante a empresa escolhida.</p><h3>Aeroporto de Salvador: principais dicas para conduzir</h3><p>Ao levantar um carro no Aeroporto de Salvador, conduz-se pela direita e devem ser respeitados os limites de velocidade locais, que são de 120 km/h nas autoestradas, 80 km/h nas vias rápidas e estradas rurais e 50 km/h nas zonas urbanas. A partir de Salvador, é possível seguir até Praia do Forte, a cerca de 80 km, um dos destinos mais procurados do litoral norte. Também é possível chegar a Morro de São Paulo através de uma combinação de estrada e barco, bem como a Cachoeira, no Recôncavo Baiano, situada a aproximadamente 120 km. A cobertura do Google Maps no Brasil é fiável, facilitando a navegação ao longo da viagem.</p><h3>O que vai precisar ao alugar um carro em Salvador</h3><p>No Aeroporto de Salvador, a idade mínima para alugar um carro é, na maioria das empresas, de 21 anos, embora algumas apliquem uma sobretaxa a condutores com menos de 25 anos. Recomenda-se, por isso, confirmar estas condições antes de efetuar a reserva. A idade mínima legal para conduzir no Brasil é de 18 anos, sendo diferente da exigida pela maioria das empresas de aluguer. Para alugar e conduzir um automóvel, é normalmente necessário apresentar uma carta de condução válida, um documento de identificação ou passaporte e um cartão de crédito em nome do condutor principal para a caução. Recomenda-se ainda verificar os requisitos específicos de cada empresa.</p>"
https://www.skyscanner.pt/aluguer-automovel-de/pmo/aluguer-automovel-de-palermo-aeroporto.html,"<h3>Aeroporto de Palermo: como encontrar uma oferta barata de aluguer de carro</h3><p>Alugar um carro no Aeroporto de Palermo tem um preço médio diário de cerca de 58 €, mas o valor varia consoante a época do ano. Se procuras a opção mais económica, novembro costuma ser o mês mais barato, com diárias a partir de 39 €. Já em agosto, durante a época alta, os preços sobem e podem atingir os 80 € por dia. Para conseguires uma tarifa mais equilibrada, deves comparar as diferentes opções disponíveis. Neste destino, reservar com menos de uma semana de antecedência tende a oferecer-te o melhor preço para o aluguer.</p><h3>Aeroporto de Palermo: como escolher o carro certo</h3><p>No Aeroporto de Palermo, as classes Económica e Crossover estão entre as mais procuradas, por se adaptarem bem à condução na cidade e às estradas da Sicília. Os veículos da classe Crossover oferecem espaço para passageiros e bagagem, diferentes configurações de lugares para grupos, uma posição de condução mais elevada, que proporciona melhor visibilidade, e maior conforto em viagens longas, sendo também uma opção económica para grupos maiores. Está disponível a opção de aluguer só de ida, permitindo levantar o veículo no aeroporto e devolvê-lo noutro local. As tarifas no Aeroporto de Palermo começam nos 17 €, enquanto nas proximidades da cidade os preços começam nos 23 €.</p><h3>Aeroporto de Palermo: empresas de aluguer de carro mais populares</h3><p>No Aeroporto de Palermo, em Itália, existem 64 fornecedores de aluguer de automóveis. A ECH é a empresa mais procurada. A Goldcar tem uma classificação de 5, baseada em 1 444 avaliações, e tarifas desde 35 €. A Noleggiare e a Autovia apresentam igualmente uma classificação de 5, enquanto a Locauto disponibiliza tarifas desde 53 € e a Maggiore desde 54 €. Consoante a empresa escolhida, o levantamento do veículo pode ser efetuado no terminal do aeroporto ou através de um serviço de transporte gratuito até ao balcão de aluguer. Entre as opções disponíveis, encontram-se veículos da classe Mini desde 12 € por dia, bem como categorias que vão até Premium e Descapotável.</p><h3>Aeroporto de Palermo: principais dicas para conduzir</h3><p>Ao levantar a viatura no Aeroporto de Palermo, o centro da cidade fica a cerca de 32 km, num percurso com duração aproximada de 38 minutos. Em Itália, conduz-se pela direita, com limites de velocidade de 130 km/h nas autoestradas, 110 km/h nas vias rápidas, 90 km/h nas estradas nacionais e 50 km/h nas zonas urbanas. Nos arredores, Cefalù fica a cerca de 75 km, aproximadamente 65 minutos de carro, enquanto Segesta se situa à mesma distância, com um tempo de viagem de cerca de 70 minutos. Monreale encontra-se mais perto, a aproximadamente 40 km e 45 minutos de carro. A cobertura do Google Maps é fiável em todo o país.</p><h3>O que vai precisar ao alugar um carro em Palermo</h3><p>Ao alugar um carro no Aeroporto de Palermo, é importante conhecer os requisitos de idade. A idade mínima legal para conduzir em Itália é de 18 anos, mas a maioria das empresas de aluguer exige uma idade mínima de 21 anos para alugar um automóvel. Algumas cobram uma sobretaxa a condutores com menos de 25 anos, pelo que se recomenda confirmar estas condições antes de efetuar a reserva. Para alugar e conduzir um automóvel, é normalmente necessário apresentar uma carta de condução válida, um documento de identificação ou passaporte e um cartão de crédito em nome do condutor principal.</p>"
https://www.skyscanner.pt/aluguer-automovel-de/zag/aluguer-automovel-de-zagreb-aeroporto.html,"<h3>Aeroporto de Zagreb: como encontrar uma oferta barata de aluguer de carro</h3><p>No Aeroporto de Zagreb, o aluguer de carro tem um preço médio diário de cerca de 53 €, o que serve de referência ao comparares as opções disponíveis. O mês mais económico costuma ser outubro, quando a diária pode descer para perto de 31 €. Durante a época alta, sobretudo em maio, os valores registados chegam aos 68 € por dia, refletindo maior procura. Para conseguires uma tarifa mais equilibrada, convém reservares com cerca de uma semana de antecedência, evitando assim os preços mais elevados de última hora e garantindo maior disponibilidade de veículos na altura pretendida.</p><h3>Aeroporto de Zagreb: como escolher o carro certo</h3><p>No Aeroporto de Zagrebe, as classes Compacto e SUV estão entre as mais procuradas, por se adequarem tanto à condução urbana como às deslocações pelas estradas dos arredores. Estes veículos oferecem maior distância ao solo para diferentes tipos de terreno, espaço adicional para bagagem, uma posição de condução mais elevada, que proporciona melhor visibilidade, e um formato prático para circular e estacionar na cidade, mantendo um consumo de combustível eficiente. Está disponível a opção de aluguer só de ida, permitindo levantar o veículo no aeroporto e devolvê-lo noutro local. As tarifas para levantamento no terminal começam nos 17 €, enquanto na cidade de Zagrebe os preços começam nos 22 €, tornando o aeroporto a opção mais económica.</p><h3>Aeroporto de Zagreb: empresas de aluguer de carro mais populares</h3><p>No Aeroporto de Zagrebe, na Croácia, existem 58 fornecedores de aluguer de automóveis. A Green Motion é a empresa mais procurada. A Right Cars tem uma classificação de 5, com tarifas desde 32 €, enquanto a Europcar apresenta igualmente uma classificação de 5, com preços desde 31 €. A Active, a Mack e a XL Rent a Car também têm uma classificação de 5, com tarifas desde 51 € na Mack e 49 € na XL Rent a Car. Todos os fornecedores disponibilizam levantamento no terminal do aeroporto. As tarifas diárias começam nos 16 €.</p><h3>Aeroporto de Zagreb: principais dicas para conduzir</h3><p>Ao levantar um carro no Aeroporto de Zagreb, conduz-se pelo lado direito da estrada, com limites de velocidade de 130 km/h nas autoestradas, 110 km/h nas vias rápidas, 90 km/h nas estradas nacionais e 50 km/h dentro das localidades. A cobertura do Google Maps na Croácia é fiável, o que facilita a navegação. A partir do aeroporto, é possível seguir até Samobor, situada a cerca de 25 km a oeste, por estradas nacionais. O Parque Nacional dos Lagos de Plitvice fica a aproximadamente duas horas de viagem pela autoestrada A1, sendo uma opção popular para uma excursão de um dia. Karlovac situa-se a cerca de 55 km a sudoeste, com acesso fácil por estrada.</p><h3>O que vai precisar ao alugar um carro em Zagreb</h3><p>Ao alugar um carro no Aeroporto de Zagreb, é importante ter em conta alguns requisitos práticos. A maioria das empresas exige uma idade mínima de 21 anos para alugar um automóvel, embora algumas apliquem uma sobretaxa a condutores com menos de 25 anos, pelo que se recomenda confirmar estas condições antes de efetuar a reserva. A idade mínima legal para conduzir na Croácia é de 18 anos, sendo diferente da idade exigida para o aluguer. Para levantar o veículo, é normalmente necessário apresentar uma carta de condução válida, um passaporte ou documento de identificação e um cartão de crédito em nome do condutor principal.</p>"
https://www.skyscanner.pt/aluguer-automovel-de/jtr/aluguer-automovel-de-santorini-aeroporto.html,"<h3>Aeroporto de Santorini: como encontrar uma oferta barata de aluguer de carro</h3><p>Alugar um carro no Aeroporto de Santorini custa, em média, cerca de 59 € por dia, um valor que serve de referência quando comparas diferentes opções na Grécia. O mês mais económico é maio, com diárias a partir de aproximadamente 47 €, o que ajuda a reduzir custos se tiveres flexibilidade nas datas. Já em agosto, durante a época alta, os preços sobem e podem chegar aos 83 € por dia devido à procura elevada. Para conseguires uma tarifa mais vantajosa, deves reservar com pelo menos uma semana de antecedência, garantindo mais escolha e preços mais estáveis.</p><h3>Aeroporto de Santorini: como escolher o carro certo</h3><p>No Aeroporto de Santorini, a classe Compacto de 4 a 5 portas é uma das mais procuradas, por se adequar às estradas estreitas e sinuosas da ilha e aos percursos entre vilas e praias. Este tipo de veículo oferece maior capacidade de bagagem, melhor visibilidade, maior estabilidade na condução e versatilidade em diferentes tipos de terreno, facilitando as deslocações. Os veículos da classe Compacto estão disponíveis desde 25 € por dia. Está também disponível a opção de aluguer só de ida, permitindo levantar o veículo à chegada e devolvê-lo noutro local. As tarifas no aeroporto começam nos 21 €, valor idêntico ao praticado na cidade de Santorini, onde os preços também começam nos 21 €.</p><h3>Aeroporto de Santorini: empresas de aluguer de carro mais populares</h3><p>No Aeroporto de Santorini, existem cerca de 50 fornecedores de aluguer de automóveis. A Cargini é a empresa mais procurada. A Europcar tem uma classificação de 5, baseada em 498 avaliações, enquanto a Caldera apresenta igualmente uma classificação de 5, com tarifas desde 54 €. A Auto-Union disponibiliza preços desde 53 € e a Yours Car Rental desde 38 €. As tarifas diárias para veículos da classe Mini começam nos 21 €. Os fornecedores disponibilizam diferentes opções de levantamento, incluindo no terminal do aeroporto, serviço de receção e transporte gratuito até ao balcão de aluguer, permitindo escolher a opção mais adequada à chegada.</p><h3>Aeroporto de Santorini: principais dicas para conduzir</h3><p>Ao alugar um carro no Aeroporto de Santorini, conduz-se pela direita e devem ser respeitados os limites de velocidade, que são de 120 km/h nas autoestradas, 90 km/h nas vias rápidas e estradas nacionais e 50 km/h dentro das localidades. A partir do aeroporto, é possível chegar a Fira em cerca de 20 minutos, onde se encontram alguns dos principais miradouros da ilha. Seguindo para noroeste, Oia é conhecida pelas suas casas brancas e pelo pôr do sol. A sul, Perissa destaca-se pela sua praia de areia escura. A cobertura do Google Maps na Grécia é fiável, o que facilita a navegação em toda a ilha.</p><h3>O que vai precisar ao alugar um carro em Santorini</h3><p>Ao alugar um carro no Aeroporto de Santorini, é importante ter em conta que a idade mínima legal para conduzir na Grécia é de 17 anos, mas a idade mínima exigida para alugar um veículo é superior. A maioria das empresas exige uma idade mínima de 21 anos e algumas cobram uma sobretaxa a condutores com menos de 25 anos, pelo que se recomenda confirmar estas condições antes de efetuar a reserva. Para levantar o veículo, é normalmente necessário apresentar uma carta de condução válida, um cartão de crédito em nome do condutor principal e um documento de identificação ou passaporte. Os condutores provenientes de países fora da União Europeia poderão necessitar de uma carta de condução internacional.</p>"
https://www.skyscanner.pt/aluguer-automovel-de/ace/aluguer-automovel-de-lanzarote-aeroporto.html,"<h3>Aeroporto de Lanzarote: como encontrar uma oferta barata de aluguer de carro</h3><p>No Aeroporto de Lanzarote, o preço médio diário do aluguer de carro ronda os 50 €, mas o valor varia ao longo do ano. Se procuras a opção mais económica, junho costuma registar as tarifas mais baixas, com diárias a partir de cerca de 22 €. Já em dezembro, durante a época alta, os preços sobem e podem atingir os 85 € por dia. Para conseguires uma tarifa mais equilibrada, deves comparar as diferentes opções disponíveis e ter em conta a altura do ano. Reservar com pelo menos 1 semana de antecedência ajuda-te a garantir um preço mais favorável.</p><h3>Aeroporto de Lanzarote: como escolher o carro certo</h3><p>No Aeroporto de Lanzarote, a classe Grande, sobretudo os veículos Crossover, está entre as mais procuradas, por se adequar às deslocações pela ilha e à combinação de estradas costeiras e do interior. Este tipo de veículo oferece espaço para passageiros e bagagem, diferentes configurações de lugares para grupos, melhor visibilidade graças à posição de condução elevada e maior conforto em viagens mais longas, sendo também uma opção económica para grupos maiores. Está disponível a opção de aluguer só de ida, permitindo devolver o veículo noutro local. As tarifas no aeroporto começam nos 7 €, enquanto nas proximidades os preços começam em cerca de 13 €.</p><h3>Aeroporto de Lanzarote: empresas de aluguer de carro mais populares</h3><p>No Aeroporto de Lanzarote, existem 20 fornecedores de aluguer de automóveis. A Goldcar é a empresa mais procurada, com uma classificação de 5, baseada em 1 900 avaliações, e tarifas desde 12 €. A Europcar apresenta igualmente uma classificação de 5, com preços desde 16 €, enquanto a Turisprime disponibiliza tarifas desde 12 € e a Keddy by Europcar desde 22 €. A Thrifty tem também uma classificação de 5, baseada em 4 800 avaliações, com preços desde 13 €. A maioria dos fornecedores disponibiliza levantamento no terminal do aeroporto, existindo ainda opções com serviço de transporte gratuito até ao balcão de aluguer ou serviço de receção, consoante a empresa escolhida.</p><h3>Aeroporto de Lanzarote: principais dicas para conduzir</h3><p>Ao levantar um carro no Aeroporto de Lanzarote, conduz-se pela direita, como no restante território de Espanha. Os limites de velocidade são de 120 km/h nas autoestradas, 100 km/h nas vias rápidas, 90 km/h nas estradas nacionais e 50 km/h nas zonas urbanas. A cobertura do Google Maps é fiável em toda a ilha, facilitando a navegação. A partir do aeroporto, é possível chegar a Arrecife em cerca de 10 minutos, sendo uma boa opção para uma primeira paragem. Puerto del Carmen situa-se a sul, com acesso direto pela costa, enquanto Costa Teguise, a norte, é facilmente acessível por estradas bem sinalizadas.</p><h3>O que vai precisar ao alugar um carro em Lanzarote</h3><p>Ao alugar um carro no Aeroporto de Lanzarote, é importante ter em conta que a idade mínima legal para conduzir em Espanha é de 18 anos, mas a maioria das empresas de aluguer exige uma idade mínima de 21 anos para alugar um veículo. Algumas cobram uma sobretaxa a condutores com menos de 25 anos, pelo que se recomenda confirmar estas condições antes de efetuar a reserva. Para levantar o veículo, é normalmente necessário apresentar uma carta de condução válida, um documento de identificação ou passaporte e um cartão de crédito em nome do condutor principal para a caução.</p>"
https://www.skyscanner.pt/aluguer-automovel-de/gva/aluguer-automovel-de-genebra-aeroporto.html,"<h3>Aeroporto de Genebra: como encontrar uma oferta barata de aluguer de carro</h3><p>Alugar um carro no Aeroporto de Genebra tem um preço médio diário de 56 €, o que serve como referência para comparar as várias opções disponíveis. Para reduzir custos, novembro costuma ser o mês mais barato, com valores a partir de 40 € por dia. Já em maio os preços tendem a subir, chegando a atingir cerca de 100 € por dia durante a época alta, altura em que a procura é maior. Para conseguir um valor mais favorável, reserve com pelo menos uma semana de antecedência e verifique as diferenças entre datas antes de confirmar.</p><h3>Aeroporto de Genebra: como escolher o carro certo</h3><p>No Aeroporto de Genebra, as classes Compacto e Familiar estão entre as mais procuradas, por se adequarem bem à condução na cidade e às ruas estreitas do centro. Os veículos da classe Compacto facilitam o estacionamento e as manobras em espaços reduzidos, apresentam custos de aluguer e de combustível mais baixos e um menor impacto ambiental, sendo uma opção prática para viagens curtas ou individuais. Está disponível a opção de aluguer só de ida, permitindo devolver o veículo noutro local. As tarifas no aeroporto começam nos 46 €, enquanto nos pontos de levantamento em Genebra os preços começam nos 47 €.</p><h3>Aeroporto de Genebra: empresas de aluguer de carro mais populares</h3><p>No Aeroporto de Genebra, existem 20 fornecedores de aluguer de automóveis. A Alamo é a empresa mais procurada, com veículos da classe Economy desde 46 € por dia e SUV Full-size desde 81 €. A Europcar apresenta uma classificação de 5, com tarifas desde 63 €, tal como a Avis, também com uma classificação de 5 e preços desde 61 €. A Unirent e a Flizzr têm igualmente uma classificação de 5, com tarifas na Flizzr desde 87 €. Todos estes fornecedores disponibilizam levantamento no terminal do aeroporto, facilitando o levantamento do veículo à chegada.</p><h3>Aeroporto de Genebra: principais dicas para conduzir</h3><p>Ao sair do Aeroporto de Genebra, o centro da cidade fica a apenas 5 km, cerca de 10 minutos de carro. A partir do aeroporto, é possível seguir até Annecy, situada a cerca de 45 km e 45 minutos de viagem, ou até Lausanne, a aproximadamente 65 km e 55 minutos de carro. Chamonix fica a cerca de 85 km, o que corresponde a uma viagem de aproximadamente 75 minutos. Na Suíça, conduz-se pela direita, com limites de velocidade de 120 km/h nas autoestradas, 100 km/h nas vias rápidas, 80 km/h nas estradas nacionais e 50 km/h nas zonas urbanas. A cobertura do Google Maps no país é fiável.</p><h3>O que vai precisar ao alugar um carro em Genebra</h3><p>Ao alugar um carro perto do Aeroporto de Genebra, é importante ter em conta os requisitos de idade. A idade mínima legal para conduzir na Suíça é de 18 anos, mas a maioria das empresas de aluguer exige uma idade mínima de 21 anos para alugar um automóvel. Algumas cobram ainda uma sobretaxa a condutores com menos de 25 anos, pelo que se recomenda confirmar estas condições antes de efetuar a reserva. Para alugar e conduzir um automóvel, é normalmente necessário apresentar uma carta de condução válida, um documento de identificação ou passaporte e um cartão de crédito em nome do condutor principal para a caução.</p>"
https://www.skyscanner.pt/aluguer-automovel-de/clj/aluguer-automovel-de-cluj-napoca-aeroporto.html,"<h3>Aeroporto de Cluj-Napoca: como encontrar uma oferta barata de aluguer de carro</h3><p>Ao alugar um carro no Aeroporto de Cluj-Napoca, o preço médio diário ronda os 42 €. O mês mais económico para reservar é julho, com tarifas a partir de 31 € por dia. Durante a época alta, sobretudo em junho, os preços podem atingir cerca de 54 € por dia. Para obter a melhor tarifa disponível, recomenda-se reservar com cerca de 4 semanas de antecedência.</p><h3>Aeroporto de Cluj-Napoca: como escolher o carro certo</h3><p>No Aeroporto de Cluj-Napoca, as classes Económica e Crossover estão entre as mais procuradas, por se adequarem à cidade e aos seus arredores, caracterizados por um terreno variado. Os veículos da classe Crossover oferecem maior altura ao solo, mais espaço para bagagem, uma posição de condução elevada, que proporciona melhor visibilidade, e um formato compacto que facilita as manobras em meio urbano, mantendo um consumo de combustível próximo do dos automóveis mais pequenos. É possível levantar o veículo no terminal desde 5 € por dia, enquanto na cidade as tarifas começam em cerca de 6 €. Está também disponível a opção de aluguer só de ida, permitindo devolver o veículo noutro local.</p><h3>Aeroporto de Cluj-Napoca: empresas de aluguer de carro mais populares</h3><p>No Aeroporto de Cluj-Napoca, na Roménia, existem 37 fornecedores de aluguer de automóveis. A Green Motion é a empresa mais procurada. Entre as empresas com melhor classificação, a Europcar destaca-se com uma classificação de 5, com tarifas desde 50 €, seguida da Alamo, também com uma classificação de 5. A Budget disponibiliza preços desde 45 €, a Avis desde 49 € e a Hertz desde 63 €, todas com uma classificação de 5. A maioria dos fornecedores oferece levantamento no terminal do aeroporto, embora alguns, como a Klass Wagen, disponibilizem um serviço de receção. As tarifas diárias começam em cerca de 6 €.</p><h3>Aeroporto de Cluj-Napoca: principais dicas para conduzir</h3><p>Ao levantar um carro no Aeroporto de Cluj-Napoca, conduz-se pela direita e devem ser respeitados os limites de velocidade de 130 km/h nas autoestradas, 100 km/h nas vias rápidas, 90 km/h nas estradas nacionais e 60 km/h nas zonas urbanas. A cobertura do Google Maps na Roménia é fiável, facilitando a navegação. A partir do aeroporto, é possível seguir até Turda, situada a cerca de 30 km e conhecida pelas suas salinas subterrâneas. Salina Praid encontra-se mais distante, a cerca de duas horas de viagem por estradas regionais. Alba Iulia fica a aproximadamente 100 km, com acesso por via rápida.</p><h3>O que vai precisar ao alugar um carro em Cluj-Napoca</h3><p>Para alugar um carro perto do Aeroporto de Cluj-Napoca, a maioria das empresas exige uma idade mínima de 21 anos. Algumas cobram uma sobretaxa a condutores com menos de 25 anos, pelo que se recomenda confirmar estas condições antes de efetuar a reserva. Importa ter em conta que, embora a idade mínima legal para conduzir na Roménia seja de 18 anos, essa idade não corresponde à idade mínima exigida para o aluguer. Para levantar o veículo, é normalmente necessário apresentar uma carta de condução válida, um passaporte ou documento de identificação e um cartão de crédito em nome do condutor principal para a caução.</p>"
https://www.skyscanner.pt/aluguer-automovel-de/cfu/aluguer-automovel-de-corfu-aeroporto.html,"<h3>Aeroporto de Corfu: como encontrar uma oferta barata de aluguer de carro</h3><p>No Aeroporto de Corfu, o preço médio diário do aluguer de um carro ronda os 81 €. Se procura a opção mais económica, setembro é o mês com as tarifas mais baixas, a partir de cerca de 66 € por dia. Durante a época alta, os preços podem atingir cerca de 100 € por dia, tendo abril registado um dos valores mais elevados. Para obter a melhor tarifa, recomenda-se efetuar a reserva com menos de uma semana de antecedência em relação à data de levantamento do veículo.</p><h3>Aeroporto de Corfu: como escolher o carro certo</h3><p>No Aeroporto de Corfu, a classe Económica de 4 a 5 portas está entre as mais procuradas, por se adequar às estradas da ilha e às ruas estreitas da cidade. Este tipo de veículo oferece boa manobrabilidade em meio urbano, baixo consumo de combustível e espaço suficiente para bagagem, sendo uma opção prática tanto na cidade como em percursos por diferentes tipos de terreno. Está disponível a opção de aluguer só de ida, permitindo levantar o veículo no aeroporto e devolvê-lo noutro local. As tarifas no aeroporto começam nos 20 €, valor idêntico ao praticado nas proximidades da cidade, onde os preços também começam nos 20 €.</p><h3>Aeroporto de Corfu: empresas de aluguer de carro mais populares</h3><p>No Aeroporto de Corfu, existem 61 fornecedores de aluguer de automóveis. A Green Motion é a empresa mais procurada, com tarifas desde 42 € por dia. A Surprice apresenta uma classificação de 5, com preços desde 37 €, e a Caldera também tem uma classificação de 5, com tarifas desde 42 €. A ABBYCAR disponibiliza preços desde 35 €, enquanto a Payless começa nos 84 €. Os fornecedores disponibilizam levantamento no terminal do aeroporto ou um serviço de transporte gratuito até ao balcão de aluguer. Estão disponíveis veículos das classes Mini desde 20 € por dia, Economy desde 22 € e SUV desde 57 €.</p><h3>Aeroporto de Corfu: principais dicas para conduzir</h3><p>Ao levantar um carro no Aeroporto de Corfu, conduz-se pelo lado direito da estrada e devem ser respeitados os limites de velocidade, que são de 120 km/h nas autoestradas, 90 km/h nas vias rápidas e estradas rurais e 50 km/h dentro das localidades. A cobertura do Google Maps na Grécia é fiável, facilitando a navegação em toda a ilha. A partir do aeroporto, é possível seguir até Paleokastritsa, situada a cerca de 25 km, por estradas sinuosas ao longo da costa. Kavos fica a aproximadamente 45 km, no sul da ilha, enquanto o Palácio de Achilleion se encontra a cerca de 10 km do centro de Corfu.</p><h3>O que vai precisar ao alugar um carro em Corfu</h3><p>Ao alugar um carro no Aeroporto de Corfu, é importante conhecer os requisitos de idade. A idade mínima legal para conduzir na Grécia é de 17 anos, mas a maioria das empresas de aluguer exige uma idade mínima de 21 anos para alugar um automóvel. Algumas cobram uma sobretaxa a condutores com menos de 25 anos, pelo que se recomenda confirmar estas condições antes de efetuar a reserva. Para alugar e conduzir um automóvel, é normalmente necessário apresentar uma carta de condução válida, um documento de identificação ou passaporte e um cartão de crédito em nome do condutor principal para a caução.</p>"
https://www.skyscanner.pt/aluguer-automovel-de/pmi/aluguer-automovel-de-palma-de-maiorca-aeroporto.html,"<h3>Aeroporto de Palma de Maiorca: como encontrar uma oferta barata de aluguer de carro</h3><p>No Aeroporto de Palma de Maiorca, o preço médio diário do aluguer de um carro ronda os 84 €, um valor que varia ao longo do ano. Se procura a opção mais económica, janeiro é o mês em que os preços são mais baixos, com tarifas a partir de 58 €. Em contrapartida, agosto marca a época alta, altura em que a tarifa diária pode atingir os 116 €. Para garantir um preço mais baixo, recomenda-se efetuar a reserva com cerca de 3 semanas de antecedência em relação à data da viagem.</p><h3>Aeroporto de Palma de Maiorca: como escolher o carro certo</h3><p>No Aeroporto de Palma de Maiorca, a classe Compacto está entre as mais procuradas, por se adequar às estradas da ilha e ao trânsito urbano de Palma de Maiorca. Este tipo de veículo facilita o estacionamento e as manobras em espaços reduzidos, apresenta um consumo de combustível eficiente e oferece espaço suficiente para passageiros e bagagem, sendo uma opção prática para diferentes tipos de deslocação. É possível levantar o veículo no aeroporto desde 12 € ou optar por um ponto de levantamento na cidade, onde as tarifas começam nos 13 €. Está também disponível a opção de aluguer só de ida, permitindo devolver o veículo noutro local.</p><h3>Aeroporto de Palma de Maiorca: empresas de aluguer de carro mais populares</h3><p>No Aeroporto de Palma de Maiorca, existem 37 fornecedores de aluguer de automóveis. A Goldcar é a empresa mais procurada, com uma classificação de 5 e tarifas desde 18 €. A WIBER e a Centauro apresentam igualmente uma classificação de 5, com preços desde 18 €, enquanto a Leasys e a Record go também têm uma classificação de 5. A OK RENT A CAR disponibiliza tarifas desde 62 €. As opções de levantamento incluem o terminal do aeroporto e um serviço de transporte gratuito até ao balcão de aluguer, consoante o fornecedor. As tarifas diárias começam nos 8 € para as categorias Mini e Economy.</p><h3>Aeroporto de Palma de Maiorca: principais dicas para conduzir</h3><p>Ao levantar um carro de aluguer no Aeroporto de Palma de Maiorca, conduz-se pelo lado direito da estrada, com limites de velocidade de 120 km/h nas autoestradas, 100 km/h nas vias rápidas, 90 km/h nas estradas rurais e 50 km/h nas zonas urbanas. A cobertura do Google Maps é fiável em toda a ilha, facilitando a navegação. A cerca de 20 km do aeroporto, é possível chegar a Valldemossa, uma vila de montanha na Serra de Tramuntana. Sóller fica a aproximadamente 30 km, com acesso por uma estrada sinuosa, enquanto Alcúdia, no norte da ilha, situa-se a cerca de 55 km.</p><h3>O que vai precisar ao alugar um carro em Palma de Maiorca</h3><p>Ao alugar um carro no Aeroporto de Palma de Maiorca, é importante ter em conta que a idade mínima legal para conduzir em Espanha é de 18 anos, mas a maioria das empresas de aluguer exige uma idade mínima de 21 anos para alugar um veículo. Algumas cobram uma sobretaxa a condutores com menos de 25 anos, pelo que se recomenda confirmar estas condições antes de efetuar a reserva. Para levantar o veículo, é normalmente necessário apresentar uma carta de condução válida, um documento de identificação ou passaporte e um cartão de crédito em nome do condutor principal, geralmente utilizado para a caução exigida no momento do aluguer.</p>"
https://www.skyscanner.pt/aluguer-automovel-de/mcz/aluguer-automovel-de-maceio-aeroporto.html,"<h3>Aeroporto de Maceió: como encontrar uma oferta barata de aluguer de carro</h3><p>O preço médio diário do aluguer de um carro no Aeroporto de Maceió ronda os 26 €, embora o valor varie ao longo do ano. Se procura a opção mais económica, junho costuma registar os preços mais baixos, com tarifas a partir de aproximadamente 21 €. Já durante a época alta, sobretudo em novembro, as tarifas podem chegar aos 34 € por dia. Para obter a melhor tarifa, recomenda-se efetuar a reserva com menos de uma semana de antecedência.</p><h3>Aeroporto de Maceió: como escolher o carro certo</h3><p>No Aeroporto de Maceió, as classes Compacto e SUV estão entre as mais procuradas, por combinarem facilidade de condução em meio urbano com espaço suficiente para deslocações até às praias e ao litoral próximo. Os veículos da classe SUV oferecem boa capacidade para passageiros e bagagem, diferentes configurações de lugares para grupos, melhor visibilidade graças à posição de condução elevada e maior conforto em percursos mais longos. Está disponível a opção de aluguer só de ida, permitindo levantar o veículo no aeroporto e devolvê-lo noutro local. As tarifas no aeroporto começam em cerca de 22 €, enquanto na cidade os preços começam nos 23 €, valores bastante próximos.</p><h3>Aeroporto de Maceió: empresas de aluguer de carro mais populares</h3><p>No Aeroporto de Maceió, existem 10 fornecedores de aluguer de automóveis. A Foco é a empresa mais procurada, com veículos da classe Economy desde 25 € por dia e serviço de receção através de transporte gratuito. A Lock-Facil disponibiliza modelos da classe Intermediate desde 25 € por dia, com serviço de receção, enquanto a Movida oferece opções desde 28 € por dia com levantamento direto no terminal do aeroporto. A Unidas e a Localiza completam a oferta, com tarifas que podem chegar aos 67 € por dia. As opções de levantamento incluem transporte gratuito até ao balcão de aluguer, serviço de receção e levantamento no terminal do aeroporto.</p><h3>Aeroporto de Maceió: principais dicas para conduzir</h3><p>Ao alugar um carro no Aeroporto de Maceió, conduz-se pela direita e devem ser respeitados os limites de velocidade de 120 km/h nas autoestradas, 80 km/h nas vias rápidas e estradas rurais e 50 km/h nas zonas urbanas. A partir do aeroporto, é possível seguir até Maragogi, situada a cerca de 130 km a norte e conhecida pelas suas piscinas naturais. Praia do Francês, a sul, e São Miguel dos Milagres, no litoral norte, também são destinos facilmente acessíveis por estrada. A cobertura do Google Maps é fiável no Brasil, facilitando a navegação entre estes locais e o planeamento dos trajetos.</p><h3>O que vai precisar ao alugar um carro em Maceió</h3><p>Para conduzir no Brasil, a idade mínima legal é de 18 anos, mas a maioria das empresas de aluguer perto do Aeroporto de Maceió exige uma idade mínima de 21 anos para alugar um veículo. Algumas cobram uma sobretaxa a condutores com menos de 25 anos, pelo que se recomenda confirmar estas condições antes de efetuar a reserva. Para levantar o veículo, é normalmente necessário apresentar uma carta de condução válida, um documento de identificação ou passaporte e um cartão de crédito em nome do condutor principal. No caso de condutores estrangeiros, recomenda-se confirmar se a carta de condução é aceite ou se é necessária uma Permissão Internacional para Conduzir.</p>"
https://www.skyscanner.pt/aluguer-automovel-de/alc/aluguer-automovel-de-alicante-aeroporto.html,"<h3>Aeroporto de Alicante: como encontrar uma oferta barata de aluguer de carro</h3><p>O preço médio diário do aluguer de um carro no Aeroporto de Alicante, em Espanha, ronda os 104 €, embora os valores variem ao longo do ano. Se procura a opção mais barata, dezembro costuma registar as tarifas mais baixas, com cerca de 56 € por dia. Já durante a época alta, os preços sobem consideravelmente, com abril a atingir os 233 € diários, um dos valores mais elevados do ano. Para obter um preço mais vantajoso, recomenda-se efetuar a reserva com pelo menos 1 semana de antecedência, garantindo assim maior disponibilidade e melhores condições.</p><h3>Aeroporto de Alicante: como escolher o carro certo</h3><p>No Aeroporto de Alicante, as classes Compacto e SUV estão entre as mais procuradas, por se adequarem tanto ao trânsito urbano como às estradas costeiras da região. Os SUV compactos oferecem maior distância ao solo para diferentes tipos de terreno, mais espaço para bagagem, uma posição de condução elevada, que proporciona melhor visibilidade, e um formato prático para circular e estacionar em meio urbano, mantendo um consumo de combustível próximo do dos modelos mais pequenos. É possível levantar o veículo no terminal desde 6 € por dia, enquanto nas proximidades da cidade as tarifas começam nos 7 €. Está também disponível a opção de aluguer só de ida, permitindo devolver o veículo noutro local.</p><h3>Aeroporto de Alicante: empresas de aluguer de carro mais populares</h3><p>No Aeroporto de Alicante, em Espanha, existem 43 fornecedores de aluguer de automóveis. A Goldcar é a empresa mais procurada, com uma classificação de 5 e tarifas desde 13 €. A Europcar apresenta igualmente uma classificação de 5, com preços desde 40 €, e a Centauro também tem uma classificação de 5. A WIBER disponibiliza tarifas desde 13 €, a OK Rent a Car desde 17 € e a Leasys completa a lista, todas com uma classificação de 5. Os fornecedores disponibilizam levantamento no terminal do aeroporto ou um serviço de transporte gratuito até ao balcão de aluguer, consoante a empresa escolhida.</p><h3>Aeroporto de Alicante: principais dicas para conduzir</h3><p>Ao levantar um carro no Aeroporto de Alicante, conduz-se pela direita e devem ser respeitados os limites de velocidade em Espanha: 120 km/h nas autoestradas, 100 km/h nas vias rápidas, 90 km/h nas estradas nacionais e 50 km/h dentro das localidades. A partir do aeroporto, é possível seguir até Benidorm em cerca de 40 minutos, conhecida pelas suas praias extensas e pela animada marginal. Também é possível chegar a Elche, famosa pelo seu palmeiral, ou a Múrcia, situada a sul, num percurso com duração aproximada de uma hora. A cobertura do Google Maps é fiável em todo o país, facilitando a navegação.</p><h3>O que vai precisar ao alugar um carro em Alicante</h3><p>No Aeroporto de Alicante, a idade mínima para alugar um carro é normalmente de 21 anos, embora a idade legal para conduzir em Espanha seja de 18 anos. Isto significa que, mesmo sendo possível conduzir, poderá não ser cumprido o requisito exigido pelas empresas de aluguer. Além disso, muitas cobram uma sobretaxa a condutores com menos de 25 anos, pelo que se recomenda confirmar estas condições antes de efetuar a reserva. Para levantar e conduzir o veículo, é normalmente necessário apresentar uma carta de condução válida, um documento de identificação ou passaporte e um cartão de crédito em nome do condutor principal, geralmente utilizado como caução.</p>"
https://www.skyscanner.pt/aluguer-automovel-de/cta/aluguer-automovel-de-catania-aeroporto.html,"<h3>Aeroporto de Catânia: como encontrar uma oferta barata de aluguer de carro</h3><p>O preço médio diário do aluguer de um carro no Aeroporto de Catânia ronda os 64 €, o que ajuda a planear o orçamento de uma viagem pela Sicília. O mês mais barato é dezembro, com tarifas próximas dos 54 € por dia, sendo uma boa opção para quem procura poupar. Já durante a época alta, em outubro, os preços podem subir até aos 90 € por dia, refletindo a maior procura. Para obter um valor mais vantajoso, recomenda-se efetuar a reserva com pelo menos 2 semanas de antecedência, garantindo maior disponibilidade e melhores condições.</p><h3>Aeroporto de Catânia: como escolher o carro certo</h3><p>No Aeroporto de Catânia, a classe mais procurada é a Compacto, um veículo de passageiros que se adapta bem à cidade e às suas ruas estreitas. Este tipo de veículo facilita o estacionamento e as manobras em espaços apertados, oferece custos de aluguer e de combustível mais baixos e reduz o impacto ambiental graças a um motor de menor dimensão, sendo indicado para viagens curtas ou para quem viaja sozinho. Está disponível a opção de aluguer só de ida, permitindo devolver o veículo noutro local. No terminal, as tarifas começam nos 18 €, valor idêntico ao praticado nos pontos de levantamento em Catânia.</p><h3>Aeroporto de Catânia: empresas de aluguer de carro mais populares</h3><p>No Aeroporto de Catânia, em Itália, existem 63 fornecedores de aluguer de automóveis, sendo a ECH o mais procurado. A Goldcar apresenta preços desde 24 €, com uma classificação de 5 e cerca de 1900 avaliações, enquanto a Locauto parte de 49 € e a ecovia desde 24 €, ambas com classificação de 5. A Autovia começa nos 24 € e a Sicily by Car nos 25 €, também com classificação de 5. A maioria dos fornecedores disponibiliza levantamento no terminal do aeroporto, havendo ainda opções com transporte gratuito, consoante a empresa escolhida.</p><h3>Aeroporto de Catânia: principais dicas para conduzir</h3><p>A partir do Aeroporto de Catânia, chega-se ao centro de Catânia em cerca de 12 minutos, num percurso de 7 km. Para explorar os arredores, Taormina fica a 55 km, aproximadamente 55 minutos de condução, enquanto Siracusa se situa a 60 km, a cerca de 60 minutos. O Monte Etna encontra-se a 35 km, num percurso de aproximadamente 45 minutos. Em Itália, conduz-se pela direita, com limites de velocidade de 130 km/h nas autoestradas, 110 km/h nas vias rápidas, 90 km/h nas estradas nacionais e 50 km/h nas zonas urbanas. A cobertura do Google Maps é fiável em todo o país.</p><h3>O que vai precisar ao alugar um carro em Catânia</h3><p>Para conduzir em Itália, a idade mínima legal é de 18 anos, mas para alugar um carro perto do Aeroporto de Catânia a maioria das empresas exige uma idade mínima de 21 anos. Convém ter em conta esta diferença, já que algumas empresas cobram uma sobretaxa a condutores com menos de 25 anos, pelo que se recomenda confirmar estas condições antes da reserva. Ao levantar o veículo, é normalmente necessário apresentar uma carta de condução válida, um documento de identificação ou passaporte e um cartão de crédito em nome do condutor principal para a caução exigida.</p>"
https://www.skyscanner.pt/aluguer-automovel-de/mad/aluguer-automovel-de-madrid-aeroporto.html,"<h3>Aeroporto de Madrid: como encontrar uma oferta barata de aluguer de carro</h3><p>O preço médio diário do aluguer de um carro no Aeroporto de Madrid ronda os 54 €, mas o valor varia ao longo do ano. Se procura a opção mais económica, novembro costuma apresentar as tarifas mais baixas, com valores a partir de 37 € por dia. Já durante a época alta, os preços podem subir consideravelmente, chegando aos 123 € por dia em maio. Para obter uma tarifa mais vantajosa, recomenda-se efetuar a reserva com menos de uma semana de antecedência, garantindo assim um melhor equilíbrio entre preço e disponibilidade à chegada a Madrid.</p><h3>Aeroporto de Madrid: como escolher o carro certo</h3><p>No Aeroporto de Madrid, as classes Compacto e Carrinha Comercial são as mais procuradas, adaptando-se bem à condução na cidade e às deslocações para os arredores. Estas opções oferecem espaço para passageiros e bagagem, várias configurações de lugares, melhor visibilidade graças à posição de condução mais elevada e uma boa relação custo-benefício em trajetos longos. É possível alugar um carro no aeroporto e devolvê-lo noutro local, o que facilita a logística. A tarifa mais baixa no Aeroporto de Madrid é de 11 €, enquanto nas proximidades, em Madrid, os preços começam nos 8 €.</p><h3>Aeroporto de Madrid: empresas de aluguer de carro mais populares</h3><p>No Aeroporto de Madrid existem 28 fornecedores de aluguer de automóveis, sendo a Goldcar o mais procurado, com preços a partir de 17 € por dia. A Keddy By Europcar tem uma classificação de 5, com preços a partir de 35 €, enquanto a Europcar e a Centauro apresentam também uma classificação de 5, com valores desde 27 € e 18 €, respetivamente. Os fornecedores disponibilizam levantamento diretamente no terminal do aeroporto ou através de transporte gratuito, consoante a empresa escolhida. Assim, é possível comparar classes, preços e pontos de levantamento antes de escolher a opção mais adequada à viagem.</p><h3>Aeroporto de Madrid: principais dicas para conduzir</h3><p>Ao levantar um carro no Aeroporto de Madrid, o centro da cidade fica a cerca de 25 km, num percurso com duração aproximada de 30 minutos. Em Espanha, conduz-se pela direita e os limites de velocidade são de 120 km/h nas autoestradas, 100 km/h nas vias rápidas, 90 km/h nas estradas nacionais e 50 km/h nas zonas urbanas. A cobertura do Google Maps é fiável em todo o país. A partir de Madrid, é possível conduzir até Toledo, a 75 km e cerca de 65 minutos, ou até Segóvia, a 90 km e aproximadamente 75 minutos. Alcalá de Henares fica mais perto, a cerca de 35 km e 35 minutos de viagem.</p><h3>O que vai precisar ao alugar um carro em Madrid</h3><p>Ao alugar um carro no Aeroporto de Madrid, deve ter-se em conta que a idade mínima para conduzir em Espanha é de 18 anos, mas a maioria das empresas de aluguer exige uma idade mínima de 21 anos para levantar o veículo. Algumas cobram uma sobretaxa a condutores com menos de 25 anos, pelo que se recomenda confirmar estas condições antes de reservar. Para conduzir e alugar um carro, é normalmente necessário apresentar uma carta de condução válida, um documento de identificação ou passaporte e um cartão de crédito em nome do condutor principal para a caução.</p>"
https://www.skyscanner.pt/aluguer-automovel-de/bps/aluguer-automovel-de-porto-seguro-aeroporto.html,"<h3>Aeroporto de Porto Seguro: como encontrar uma oferta barata de aluguer de carro</h3><p>O preço médio diário do aluguer de um carro no Aeroporto de Porto Seguro ronda os 24 €, um valor que varia ao longo do ano conforme a procura. O mês mais barato costuma ser novembro, com tarifas a partir de 19 €, o que o torna uma boa opção para quem tem flexibilidade nas datas. Já durante a época alta, sobretudo em junho, as tarifas podem chegar aos 28 € por dia. Para obter o melhor preço, recomenda-se efetuar a reserva com pelo menos 1 semana de antecedência, garantindo maior disponibilidade e valores mais equilibrados na reserva.</p><h3>Aeroporto de Porto Seguro: como escolher o carro certo</h3><p>No Aeroporto de Porto Seguro, as classes Compacto e SUV são as mais procuradas, adequando-se tanto às ruas estreitas do centro histórico como às estradas de acesso às praias. Um carro compacto oferece estacionamento e manobras mais simples em espaços apertados, custos de aluguer e de combustível mais baixos e menor impacto ambiental, sendo prático para trajetos curtos e para quem viaja sozinho. Está disponível a opção de aluguer com entrega noutro local, permitindo levantar o veículo à chegada e devolvê-lo num ponto diferente. No aeroporto, as tarifas começam nos 31 €, enquanto nas proximidades da cidade os preços começam nos 20 €.</p><h3>Aeroporto de Porto Seguro: empresas de aluguer de carro mais populares</h3><p>No Aeroporto de Porto Seguro existem 8 fornecedores de aluguer de carros, sendo a Foco o mais procurado, com uma classificação dos utilizadores de 4 em 5. Com a Foco, os preços começam em cerca de 35 € por dia para um carro da classe Economy, com levantamento através de transporte gratuito. Outros fornecedores, como a Movida, a Alamo e a Localiza, oferecem opções entre os 47 € e os 146 € por dia. Quanto ao levantamento, existem duas opções principais: transporte gratuito ou levantamento diretamente no terminal do aeroporto.</p><h3>Aeroporto de Porto Seguro: principais dicas para conduzir</h3><p>Ao alugar um carro no Aeroporto de Porto Seguro, conduz-se pela direita e devem ser respeitados os limites de velocidade, que são de 120 km/h nas autoestradas, 80 km/h nas vias rápidas e estradas nacionais e 50 km/h nas zonas urbanas. A cobertura do Google Maps no Brasil é fiável, o que facilita a navegação. A partir do aeroporto, é possível seguir para Arraial d'Ajuda, a cerca de 15 minutos, com travessia de balsa incluída. Trancoso fica a aproximadamente 40 minutos por estradas costeiras, enquanto Santa Cruz Cabrália se situa a cerca de 30 minutos para norte, seguindo a costa.</p><h3>O que vai precisar ao alugar um carro em Porto Seguro</h3><p>Ao alugar um carro no Aeroporto de Porto Seguro, deve ter-se em atenção as regras de idade. A idade mínima legal para conduzir no Brasil é de 18 anos, mas a maioria das empresas de aluguer exige uma idade mínima de 21 anos para levantar o veículo. Algumas cobram uma sobretaxa a condutores com menos de 25 anos, pelo que se recomenda confirmar estas condições antes da reserva. Para conduzir e alugar um carro no Brasil, é normalmente necessário apresentar uma carta de condução válida, um cartão de crédito em nome do condutor principal e um documento de identificação ou passaporte, além da reserva confirmada.</p>"
https://www.skyscanner.pt/aluguer-automovel-de/dub/aluguer-automovel-de-dublin-aeroporto.html,"<h3>Aeroporto de Dublin: como encontrar uma oferta barata de aluguer de carro</h3><p>O preço médio diário do aluguer de um carro no Aeroporto de Dublin ronda os 60 €. Se procura a opção mais económica, outubro costuma registar os valores mais baixos, com tarifas a partir de 45 €. Durante a época alta, os preços sobem, e dezembro é um dos meses com as tarifas mais elevadas, chegando a cerca de 70 € por dia. Para obter um preço mais vantajoso, recomenda-se efetuar a reserva com pelo menos 2 semanas de antecedência, o que ajuda a garantir uma escolha mais ampla de veículos e melhores condições.</p><h3>Aeroporto de Dublin: como escolher o carro certo</h3><p>No Aeroporto de Dublin, as categorias Grande e SUV são as mais procuradas, sobretudo por se adaptarem à combinação de trânsito urbano e estradas rurais na Irlanda. Um SUV oferece maior altura ao solo para diferentes tipos de terreno, mais espaço para bagagem, posição de condução elevada com boa visibilidade e um formato compacto que facilita as manobras na cidade, com um consumo próximo do dos modelos mais pequenos. Está disponível a opção de aluguer com entrega noutro local, permitindo devolver o veículo num ponto diferente. As tarifas no terminal começam em cerca de 8 €, enquanto nas proximidades os preços começam nos 6 €.</p><h3>Aeroporto de Dublin: empresas de aluguer de carro mais populares</h3><p>No Aeroporto de Dublin, na Irlanda, existem 17 fornecedores de aluguer de carros, sendo a Budget o mais procurado. A Keddy By Europcar tem uma classificação de 5, enquanto a Payless, a Flizzr e a Carhire apresentam também uma classificação de 5, com preços a partir de 18 €, 31 € e 23 €, respetivamente. A Europcar e a Enterprise têm igualmente uma classificação de 5. Os fornecedores disponibilizam levantamento no terminal do aeroporto ou através de transporte gratuito. Os preços diários começam nos 11 € para a classe Mini, aumentando consoante a categoria e o tipo de veículo escolhido.</p><h3>Aeroporto de Dublin: principais dicas para conduzir</h3><p>Ao sair do Aeroporto de Dublin, chega-se ao centro da cidade em cerca de 18 minutos, num percurso de 10 km. Na Irlanda, conduz-se pela esquerda e os limites de velocidade são de 120 km/h nas autoestradas, 100 km/h nas vias rápidas, 80 km/h nas estradas nacionais e 50 km/h nas zonas urbanas. A cobertura do Google Maps é fiável no país, o que facilita a navegação até destinos próximos. A partir de Dublin, é possível seguir para Malahide, a apenas 8 km e cerca de 14 minutos de carro, ou para Howth, a 16 km e aproximadamente 22 minutos. Bray fica a 30 km, num percurso de cerca de 35 minutos.</p><h3>O que vai precisar ao alugar um carro em Dublin</h3><p>Para alugar um carro perto do Aeroporto de Dublin, a maioria das empresas exige uma idade mínima de 21 anos, embora a idade mínima para conduzir na Irlanda seja de 17 anos. Algumas empresas cobram uma sobretaxa a condutores com menos de 25 anos, pelo que se recomenda confirmar estas condições antes da reserva. Para levantar o veículo, é normalmente necessário apresentar uma carta de condução válida, um documento de identificação ou passaporte e um cartão de crédito em nome do condutor principal. Se a carta de condução não estiver em alfabeto latino, poderá ser necessário apresentar uma carta de condução internacional.</p>"
https://www.skyscanner.pt/aluguer-automovel-de/nce/aluguer-automovel-de-nice-aeroporto.html,"<h3>Aeroporto de Nice: como encontrar uma oferta barata de aluguer de carro</h3><p>O preço médio diário do aluguer de um carro no Aeroporto de Nice ronda os 41 €, um valor que varia ao longo do ano. Se procura a opção mais económica, outubro costuma registar as tarifas mais baixas, com valores a partir de 32 € por dia. Já durante a época alta, setembro apresenta os preços mais elevados, chegando a cerca de 51 € por dia. Para obter uma tarifa mais vantajosa, recomenda-se efetuar a reserva com pelo menos uma semana de antecedência, o que ajuda a garantir maior disponibilidade e a evitar os valores mais altos de última hora.</p><h3>Aeroporto de Nice: como escolher o carro certo</h3><p>No Aeroporto de Nice, a classe Compacto Crossover é a mais procurada, adequando-se bem à região pela combinação de estradas urbanas e terreno variado ao longo da Côte d'Azur. Este tipo de veículo oferece maior distância ao solo, mais espaço para bagagem, uma posição de condução elevada com melhor visibilidade e um formato compacto que facilita as manobras na cidade, mantendo um consumo próximo do dos modelos mais pequenos. É possível alugar um carro no Aeroporto de Nice e devolvê-lo noutra localização, estando disponível a opção de aluguer só de ida. No terminal, os preços começam em cerca de 30 € por dia, enquanto na cidade as tarifas começam nos 29 €.</p><h3>Aeroporto de Nice: empresas de aluguer de carro mais populares</h3><p>No Aeroporto de Nice, em França, existem 30 fornecedores de aluguer de automóveis, sendo a Goldcar o mais procurado. A Keddy By Europcar tem uma classificação de 5 com base em 76 avaliações e preços a partir de 46 €, enquanto a Sixt apresenta uma classificação de 5 e preços desde 86 €. A Enterprise tem uma classificação de 5 e preços desde 59 €, a Avis apresenta uma classificação de 5 com tarifas a partir de 57 € e a Europcar tem igualmente uma classificação de 5. Os fornecedores disponibilizam levantamento no terminal do aeroporto ou através de transporte gratuito. As tarifas diárias começam nos 31 €.</p><h3>Aeroporto de Nice: principais dicas para conduzir</h3><p>Ao levantar um carro no Aeroporto de Nice, o centro da cidade fica a apenas 7 km, num percurso de cerca de 12 minutos. A partir de Nice, é possível seguir para Mónaco, a 20 km e aproximadamente 25 minutos, ou para Antibes, também a cerca de 25 minutos por um percurso de 22 km. Cannes fica um pouco mais longe, a 33 km e cerca de 35 minutos de viagem. Em França, conduz-se pela direita, com limites de velocidade de 130 km/h nas autoestradas, 110 km/h nas vias rápidas, 80 km/h nas estradas nacionais e 50 km/h nas zonas urbanas. A cobertura do Google Maps é fiável.</p><h3>O que vai precisar ao alugar um carro em Nice</h3><p>Para alugar um carro no Aeroporto de Nice, a maioria das empresas exige uma idade mínima de 21 anos, embora algumas apliquem uma sobretaxa a condutores com menos de 25 anos, pelo que se recomenda confirmar estas condições antes da reserva. Importa notar que, apesar de a idade legal para conduzir em França ser de 17 anos, o aluguer de um veículo exige uma idade superior. Para levantar o carro, é normalmente necessário apresentar uma carta de condução válida, um documento de identificação ou passaporte e um cartão de crédito em nome do condutor principal para a caução.</p>"
https://www.skyscanner.pt/aluguer-automovel-de/pas/aluguer-automovel-de-paros-aeroporto.html,"<h3>Aeroporto de Paros: como encontrar uma oferta barata de aluguer de carro</h3><p>O preço médio diário do aluguer de um carro no Aeroporto de Paros ronda os 49 €, embora seja possível encontrar valores mais baixos consoante a altura do ano. Junho costuma ser o mês mais económico, com tarifas a partir de 41 €. Já em julho, no auge da época alta, as tarifas podem subir até cerca de 63 € por dia. Para obter um preço mais favorável, recomenda-se efetuar a reserva com menos de uma semana de antecedência em relação à data da viagem.</p><h3>Aeroporto de Paros: como escolher o carro certo</h3><p>No Aeroporto de Paros, a classe Médio/Standard, muitas vezes na categoria Crossover, é a mais procurada, por se adaptar bem ao terreno variado da ilha e às ruas estreitas das zonas urbanas de Paros. Este tipo de veículo oferece maior altura ao solo, mais espaço para bagagem, uma posição de condução elevada com boa visibilidade e um consumo próximo do dos modelos mais pequenos. Está disponível a opção de aluguer só de ida, permitindo devolver o veículo noutra localização. Os preços no aeroporto começam nos 23 €, valor idêntico ao das tarifas de levantamento em Paros, pelo que vale a pena comparar antes de decidir.</p><h3>Aeroporto de Paros: empresas de aluguer de carro mais populares</h3><p>No Aeroporto de Paros, na Grécia, existem 35 fornecedores de aluguer de automóveis, sendo a addCar o mais procurado, com uma avaliação dos utilizadores de 8 em 10. Os preços começam nos 29 € por dia para um modelo Mini da VOLTA, seguindo-se a classe Economy desde 30 € e a Compact desde 41 €. Também estão disponíveis veículos da classe Intermediate a partir de 51 €, SUV desde 55 € e descapotáveis desde 64 €. Consoante o fornecedor, o levantamento é efetuado através de serviço de receção ou diretamente no terminal do aeroporto.</p><h3>Aeroporto de Paros: principais dicas para conduzir</h3><p>Ao alugar um carro no Aeroporto de Paros, conduz-se pela direita e devem ser respeitados os limites de velocidade em vigor na Grécia, que são de 120 km/h nas autoestradas, 90 km/h nas vias rápidas e estradas rurais e 50 km/h nas zonas urbanas. A partir do aeroporto, é possível seguir até Parikia, a principal localidade da ilha, situada a cerca de 10 km. Naoussa, no norte, fica a aproximadamente 20 km, enquanto Lefkes, no interior, se encontra a cerca de 15 km. A cobertura do Google Maps na Grécia é fiável, o que facilita a navegação pela ilha.</p><h3>O que vai precisar ao alugar um carro em Paros</h3><p>Ao alugar um carro perto do Aeroporto de Paros, é importante conhecer as condições exigidas. A maioria das empresas exige uma idade mínima de 21 anos para alugar um veículo, embora algumas cobrem uma sobretaxa a condutores com menos de 25 anos, pelo que se recomenda confirmar estas condições antes da reserva. Importa notar que a idade mínima para conduzir na Grécia é de 17 anos, distinta da idade mínima exigida para o aluguer. É normalmente necessário apresentar uma carta de condução válida, um documento de identificação ou passaporte e um cartão de crédito em nome do condutor principal para concluir o aluguer.</p>"
https://www.skyscanner.pt/aluguer-automovel-de/mrs/aluguer-automovel-de-marselha-aeroporto.html,"<h3>Aeroporto de Marselha: como encontrar uma oferta barata de aluguer de carro</h3><p>O preço médio diário do aluguer de um carro no Aeroporto de Marselha ronda os 40 €. O mês mais económico costuma ser dezembro, quando a tarifa diária desce para aproximadamente 29 €. Já em setembro, período de maior procura, o valor diário pode chegar aos 52 €, sendo uma das tarifas mais elevadas registadas na época alta. Para obter um preço mais vantajoso, recomenda-se efetuar a reserva com cerca de 1 semana de antecedência, o que ajuda a garantir maior disponibilidade de veículos e a evitar as variações associadas às reservas feitas em cima da hora.</p><h3>Aeroporto de Marselha: como escolher o carro certo</h3><p>No Aeroporto de Marselha, as classes Compacto e Descapotável são as mais procuradas, adaptando-se bem ao contexto da cidade e da região circundante. Estes veículos facilitam o estacionamento e as manobras nas ruas estreitas de Marselha, além de reduzirem os custos de aluguer e de combustível, sendo adequados para viagens curtas e para quem viaja sozinho. É possível alugar um carro no aeroporto e devolvê-lo noutro local, se preferir. As tarifas no terminal começam nos 36 €, enquanto na cidade os preços começam nos 32 €, pelo que vale a pena comparar consoante o percurso.</p><h3>Aeroporto de Marselha: empresas de aluguer de carro mais populares</h3><p>No Aeroporto de Marselha, em França, existem 26 fornecedores de aluguer de automóveis, sendo a Goldcar o mais procurado. A Goldcar disponibiliza levantamento no terminal do aeroporto, com veículos a partir de 48 € por dia. Entre as opções mais bem avaliadas, a Rentacar tem uma classificação de 5 com base em 10 avaliações, enquanto a Europcar, a Budget, a Alamo, a Thrifty e a Sixt apresentam também uma classificação de 5, com preços desde 46 €. O levantamento é efetuado no terminal do aeroporto ou através de transporte gratuito, consoante o fornecedor escolhido.</p><h3>Aeroporto de Marselha: principais dicas para conduzir</h3><p>Ao sair do Aeroporto de Marselha, conduz-se pelo lado direito da estrada e chega-se ao centro da cidade em cerca de 30 minutos, num percurso de 25 km. A partir de Marselha, Aix-en-Provence fica a 30 km, cerca de 35 minutos de carro, e Cassis situa-se à mesma distância e com um tempo de viagem semelhante. Les Baux-de-Provence fica mais afastada, a 65 km e aproximadamente 65 minutos. Em França, os limites de velocidade são de 130 km/h nas autoestradas, 110 km/h nas vias rápidas, 80 km/h nas estradas nacionais e 50 km/h nas zonas urbanas. A cobertura do Google Maps é fiável em todo o país.</p><h3>O que vai precisar ao alugar um carro em Marselha</h3><p>Ao alugar um carro perto do Aeroporto de Marselha, devem ter-se em conta duas idades distintas. Em França, a idade mínima para conduzir é de 17 anos, mas, para alugar um carro, a maioria das empresas exige uma idade mínima de 21 anos. Algumas cobram uma sobretaxa a condutores com menos de 25 anos, pelo que se recomenda confirmar estas condições antes da reserva. Para levantar o veículo, é normalmente necessário apresentar uma carta de condução válida, um documento de identificação ou passaporte e um cartão de crédito em nome do condutor principal para a caução.</p>"
https://www.skyscanner.pt/aluguer-automovel-de/cwb/aluguer-automovel-de-curitiba-aeroporto.html,"<h3>Aeroporto de Curitiba: como encontrar uma oferta barata de aluguer de carro</h3><p>Se procura alugar um carro no Aeroporto de Curitiba, é útil conhecer alguns valores de referência. O preço médio diário ronda os 27 €, mas varia consoante a época do ano. Setembro costuma ser o mês mais barato, com tarifas a partir de cerca de 19 €. Já em agosto, período de maior procura, as tarifas podem subir e atingir valores próximos dos 48 € por dia. Para obter um preço mais equilibrado, recomenda-se efetuar a reserva com pelo menos 1 semana de antecedência em relação à data pretendida.</p><h3>Aeroporto de Curitiba: como escolher o carro certo</h3><p>No Aeroporto de Curitiba, a classe mais procurada é a Compacto de 4-5 portas, que se adapta bem à cidade e às deslocações pela região. Este tipo de veículo oferece boa capacidade para passageiros, espaço para bagagem, melhor visibilidade e um comportamento em estrada adequado tanto ao trânsito urbano como a percursos em diferentes tipos de terreno. É possível alugar um carro no aeroporto e devolvê-lo noutro local, estando disponível a opção de aluguer só de ida. No aeroporto, o preço mais baixo encontrado é de 23 €, enquanto nas proximidades da cidade as tarifas começam nos 22 €.</p><h3>Aeroporto de Curitiba: empresas de aluguer de carro mais populares</h3><p>No Aeroporto de Curitiba, existem 11 fornecedores de aluguer de automóveis, sendo a Foco o mais procurado, com preços a partir de 21 € por dia para a classe Economy. A Localiza apresenta tarifas desde 27 € e uma classificação de 5, tal como a Unidas e a Movida, também classificadas com 5 pelos utilizadores. Estão disponíveis várias opções, desde a classe Mini da Movida, a partir de 28 €, até modelos Pick-up de categorias superiores. Quanto ao levantamento, alguns fornecedores disponibilizam o serviço no terminal do aeroporto, enquanto outros oferecem transporte gratuito ou serviço de receção, consoante a empresa escolhida.</p><h3>Aeroporto de Curitiba: principais dicas para conduzir</h3><p>Ao alugar um carro no Aeroporto de Curitiba, conduz-se pelo lado direito da estrada e devem ser respeitados os limites de velocidade, que são de 120 km/h nas autoestradas, 80 km/h nas vias rápidas e estradas rurais e 50 km/h nas zonas urbanas. A partir do aeroporto, é possível seguir até Morretes, a cerca de 70 km, pela Estrada da Graciosa, uma rota de montanha. Também é possível chegar a Paranaguá, junto ao litoral, e a Antonina, ambas a menos de 90 km. A cobertura do Google Maps é fiável no Brasil, o que facilita a navegação nestes percursos.</p><h3>O que vai precisar ao alugar um carro em Curitiba</h3><p>Ao alugar um carro perto do Aeroporto de Curitiba, é necessário reunir alguns requisitos básicos. A idade mínima para conduzir no Brasil é de 18 anos, mas a maioria das empresas exige uma idade mínima de 21 anos para alugar um veículo. Algumas cobram uma sobretaxa a condutores com menos de 25 anos, pelo que se recomenda confirmar estas condições antes da reserva. Para concluir o aluguer, é normalmente necessário apresentar uma carta de condução válida, um documento de identificação ou passaporte e um cartão de crédito em nome do condutor principal, normalmente utilizado para a caução exigida no levantamento do veículo.</p>"
https://www.skyscanner.pt/aluguer-automovel-de/edi/aluguer-automovel-de-edimburgo-aeroporto.html,"<h3>Aeroporto de Edimburgo: como encontrar uma oferta barata de aluguer de carro</h3><p>O preço médio diário do aluguer de um carro no Aeroporto de Edimburgo ronda os 52 €, embora os valores variem ao longo do ano. Janeiro costuma ser o mês mais económico, com tarifas a partir de aproximadamente 30 €, sendo uma boa opção para quem procura reduzir custos. Já durante a época alta, sobretudo em maio, os preços podem atingir os 105 € por dia, refletindo a maior procura nessa altura. Para obter um valor mais equilibrado, recomenda-se efetuar a reserva com pelo menos 1 semana de antecedência, garantindo assim maior disponibilidade e tarifas mais estáveis.</p><h3>Aeroporto de Edimburgo: como escolher o carro certo</h3><p>No Aeroporto de Edimburgo, a classe mais procurada é a Grande, destinada ao transporte de passageiros, adequada a quem circula pela cidade e explora as estradas da região com mais lugares e espaço para bagagem. Este tipo de veículo oferece maior capacidade para grupos, conforto em trajetos longos e flexibilidade para viagens fora da cidade. É possível alugar um carro no aeroporto e devolvê-lo noutro local, o que ajuda a poupar tempo. Neste momento, o preço mais baixo no aeroporto é de 11 €, enquanto nas proximidades as tarifas começam nos 10 €, uma diferença a ponderar consoante o itinerário.</p><h3>Aeroporto de Edimburgo: empresas de aluguer de carro mais populares</h3><p>No Aeroporto de Edimburgo, no Reino Unido, existem 23 fornecedores de aluguer de automóveis, sendo a Green Motion a mais procurada, com preços a partir de 12 € por dia para as classes Economy e Mini, subindo até 45 € para veículos Fullsize. Entre os fornecedores mais bem avaliados estão a Arnold Clark e a EuroHireDrive, ambas com classificação de 5, e a Europcar, a Enterprise e a National, também com classificação de 5. As opções de levantamento variam consoante o fornecedor, incluindo o terminal do aeroporto e transporte gratuito até ao local de levantamento.</p><h3>Aeroporto de Edimburgo: principais dicas para conduzir</h3><p>Ao levantar um carro no Aeroporto de Edimburgo, importa lembrar que, no Reino Unido, conduz-se pela esquerda. Nas autoestradas e vias rápidas o limite de velocidade é de 110 km/h, nas estradas rurais desce para 90 km/h e nas zonas urbanas é de 50 km/h. A partir de Edimburgo, é possível chegar a Glasgow em cerca de uma hora pela M8, seguir para norte até Stirling e o seu castelo, ou dirigir-se para sul até Peebles, atravessando a paisagem das Scottish Borders. A cobertura do Google Maps é fiável em todo o país, o que facilita a navegação nestes trajetos.</p><h3>O que vai precisar ao alugar um carro em Edimburgo</h3><p>No Aeroporto de Edimburgo, a idade mínima para alugar um carro é geralmente de 21 anos, embora a idade mínima legal para conduzir no Reino Unido seja de 17 anos. Convém ter em conta esta distinção, já que algumas empresas cobram uma sobretaxa a condutores com menos de 25 anos, pelo que se recomenda confirmar estas condições antes da reserva. Para levantar e conduzir o veículo, é normalmente necessário apresentar uma carta de condução válida, um passaporte ou documento de identificação e um cartão de crédito em nome do condutor principal, normalmente utilizado para a caução exigida.</p>"
https://www.skyscanner.pt/aluguer-automovel-de/spu/aluguer-automovel-de-split-aeroporto.html,"<h3>Aeroporto de Split: como encontrar uma oferta barata de aluguer de carro</h3><p>Ao procurar um aluguer de carro económico no Aeroporto de Split, na Croácia, o preço médio diário ronda os 58 €. O mês mais barato é setembro, com tarifas a partir de 44 € por dia, o que o torna uma boa opção para quem tiver flexibilidade nas datas. Durante a época alta, os preços sobem, e novembro regista uma das tarifas diárias mais elevadas, chegando aos 87 €. Para obter um preço mais competitivo, recomenda-se efetuar a reserva com cerca de 3 semanas de antecedência, garantindo assim maior disponibilidade de veículos e tarifas mais estáveis à chegada.</p><h3>Aeroporto de Split: como escolher o carro certo</h3><p>No Aeroporto de Split, a classe mais procurada é o Compacto, incluindo versões Descapotável, uma escolha adequada às ruas estreitas e ao trânsito da cidade. Este tipo de veículo facilita o estacionamento e as manobras em espaços apertados, reduz os custos de aluguer e de combustível e adapta-se bem a viagens curtas ou a quem viaja sozinho. É possível optar por um aluguer com devolução noutra localização, sem necessidade de regressar ao ponto de levantamento. No aeroporto, as tarifas começam em cerca de 13 €, enquanto na cidade de Split os preços começam em aproximadamente 14 €, consoante o local de levantamento.</p><h3>Aeroporto de Split: empresas de aluguer de carro mais populares</h3><p>No Aeroporto de Split existem 58 fornecedores de aluguer de automóveis, sendo a AVIA Rent o mais procurado. A Europcar, a Active, a Carwiz, a Surprice e a Auto-Union apresentam uma classificação de 5, com preços a partir de 26 € e, no caso da Europcar, desde 31 €. A maioria dos fornecedores disponibiliza levantamento no terminal do aeroporto, embora alguns ofereçam também serviço de receção. Entre as ofertas disponíveis, encontram-se veículos da classe Mini a partir de 18 € por dia com a Marentis by Avenis e da classe Compact a partir de 19 € por dia com a AVIA Rent.</p><h3>Aeroporto de Split: principais dicas para conduzir</h3><p>Ao levantar o carro no Aeroporto de Split, o centro da cidade fica a cerca de 25 km, num percurso de aproximadamente 30 minutos. A partir de Split, é possível chegar a Trogir em apenas 9 minutos, ao longo de 6 km, e a Omiš em cerca de 30 minutos, percorrendo 26 km. Para Hvar, deve contar-se com um percurso de 65 km e uma travessia de ferry com duração aproximada de 60 minutos. Na Croácia, conduz-se pela direita, com limites de velocidade de 130 km/h nas autoestradas, 110 km/h nas vias rápidas, 90 km/h nas estradas nacionais e 50 km/h nas zonas urbanas. A cobertura do Google Maps é fiável em todo o país.</p><h3>O que vai precisar ao alugar um carro em Split</h3><p>Para alugar um carro no Aeroporto de Split, a maioria das empresas exige uma idade mínima de 21 anos, embora a idade mínima legal para conduzir na Croácia seja de 18 anos. Importa notar que estas condições são distintas: é possível conduzir a partir dos 18 anos, mas o aluguer está geralmente disponível apenas a partir dos 21. Algumas empresas cobram uma sobretaxa a condutores com menos de 25 anos, pelo que se recomenda confirmar estas condições antes da reserva. Para levantar e conduzir o veículo, é normalmente necessário apresentar uma carta de condução válida, um passaporte ou documento de identificação e um cartão de crédito em nome do condutor principal.</p>"
https://www.skyscanner.pt/aluguer-automovel-de/zrh/aluguer-automovel-de-zurique-aeroporto.html,"<h3>Aeroporto de Zurique: como encontrar uma oferta barata de aluguer de carro</h3><p>O preço médio diário do aluguer de um carro no Aeroporto de Zurique ronda os 93 €, valor que varia conforme a época do ano. Se procura a opção mais económica, novembro costuma registar as tarifas mais baixas, com valores a partir de 58 € por dia. Já durante a época alta, sobretudo em março, os preços podem chegar aos 142 € por dia, refletindo a maior procura. Para obter um valor mais favorável, recomenda-se efetuar a reserva com pelo menos uma semana de antecedência, garantindo assim maior disponibilidade e melhores condições na deslocação em Zurique.</p><h3>Aeroporto de Zurique: como escolher o carro certo</h3><p>No Aeroporto de Zurique, a classe mais procurada é o Compacto de 4-5 portas, uma opção que se adapta tanto à condução urbana em Zurique como às deslocações pelas estradas suíças. Este tipo de veículo oferece espaço adequado para passageiros e bagagem, várias configurações de lugares, boa visibilidade e conforto em percursos longos, sendo também uma opção económica para grupos. É possível alugar um carro no aeroporto e devolvê-lo noutro local. O preço mais baixo no Aeroporto de Zurique é de 38 €, enquanto nas proximidades as tarifas começam nos 48 €.</p><h3>Aeroporto de Zurique: empresas de aluguer de carro mais populares</h3><p>No Aeroporto de Zurique, na Suíça, existem 20 fornecedores de aluguer de automóveis, sendo a Alamo o mais procurado. A Unirent tem uma classificação de 5, com preços a partir de 60 €, tal como a Flizzr, com tarifas desde 84 €. A Hertz, a Sixt e a Europcar apresentam também uma classificação de 5, com preços a partir de 79 € e 64 €, respetivamente. O levantamento pode ser efetuado no terminal do aeroporto ou através de transporte gratuito, consoante o fornecedor. Os preços diários começam nos 41 € para a classe Economy da Ace Rent a Car.</p><h3>Aeroporto de Zurique: principais dicas para conduzir</h3><p>Ao sair do Aeroporto de Zurique, chega-se ao centro da cidade em cerca de 15 minutos, num percurso de 12 km. A partir de Zurique, é possível conduzir até Winterthur, a 30 km e cerca de 28 minutos, ou até Baden, a 25 km e aproximadamente 25 minutos. Schaffhausen fica a 45 km, com um trajeto de cerca de 45 minutos. Na Suíça, conduz-se pela direita e os limites de velocidade são de 120 km/h nas autoestradas, 100 km/h nas vias rápidas, 80 km/h nas estradas rurais e 50 km/h nas zonas urbanas. A cobertura do Google Maps é fiável em todo o país.</p><h3>O que vai precisar ao alugar um carro em Zurique</h3><p>Ao alugar um carro perto do Aeroporto de Zurique, devem ter-se em atenção duas idades distintas. Para alugar um veículo, a maioria das empresas exige uma idade mínima de 21 anos, e algumas cobram uma sobretaxa a condutores com menos de 25 anos, pelo que se recomenda confirmar estas condições antes da reserva. A idade mínima para conduzir na Suíça é de 18 anos. Para levantar o veículo, é normalmente necessário apresentar uma carta de condução válida, um documento de identificação ou passaporte e um cartão de crédito em nome do condutor principal para a caução.</p>"
https://www.skyscanner.pt/aluguer-automovel-de/olb/aluguer-automovel-de-olbia-aeroporto.html,"<h3>Aeroporto de Olbia: como encontrar uma oferta barata de aluguer de carro</h3><p>O preço médio diário do aluguer de um carro no Aeroporto de Olbia ronda os 83 €, mas o valor varia ao longo do ano. Se procura a opção mais económica, outubro costuma registar as tarifas mais baixas, com cerca de 57 € por dia. Durante a época alta, os preços sobem de forma acentuada, e em junho podem encontrar-se tarifas que chegam aos 111 €. Para obter um preço mais vantajoso, recomenda-se efetuar a reserva com cerca de 4 semanas de antecedência, o que ajuda a evitar as tarifas mais elevadas dos períodos de maior procura.</p><h3>Aeroporto de Olbia: como escolher o carro certo</h3><p>No Aeroporto de Olbia, a classe mais procurada é o Compacto Descapotável, uma escolha que se adapta bem à condução pela Sardenha, entre zonas urbanas e percursos costeiros. Este tipo de veículo oferece maior altura ao solo para diferentes tipos de terreno, espaço adicional para bagagem e equipamento, uma posição de condução elevada com melhor visibilidade e um formato compacto que facilita as manobras em Olbia, mantendo um consumo próximo do dos modelos mais pequenos. É possível alugar um carro num local e devolvê-lo noutro. No aeroporto, os preços começam nos 36 €, enquanto na cidade as tarifas começam nos 45 €.</p><h3>Aeroporto de Olbia: empresas de aluguer de carro mais populares</h3><p>No Aeroporto de Olbia, em Itália, existem 50 fornecedores de aluguer de automóveis, sendo a Green Motion o mais procurado, com preços a partir de 32 € por dia para um veículo Economy de 4-5 portas. A Noleggiare, a Goldcar, a Locauto, a Maggiore, a Centauro e a Sicily by Car apresentam uma classificação de 5, com preços desde 54 €, 55 € ou 66 €, consoante o fornecedor. O levantamento pode ser efetuado no terminal do aeroporto ou através de transporte gratuito, permitindo escolher a opção que melhor se adapta à chegada.</p><h3>Aeroporto de Olbia: principais dicas para conduzir</h3><p>Ao alugar um carro no Aeroporto de Olbia, conduz-se pelo lado direito da estrada, o que permite explorar facilmente a Sardenha. A partir do aeroporto, é possível chegar à Costa Smeralda em cerca de 30 minutos, a Porto Cervo em aproximadamente 40 minutos e à cidade de Sassari em cerca de duas horas. Cada percurso oferece acesso a praias e vilas costeiras ao longo do caminho. Em Itália, os limites de velocidade são de 130 km/h nas autoestradas, 110 km/h nas vias rápidas, 90 km/h nas estradas rurais e 50 km/h nas zonas urbanas. A cobertura do Google Maps é fiável em todo o país.</p><h3>O que vai precisar ao alugar um carro em Olbia</h3><p>Ao alugar um carro no Aeroporto de Olbia, é importante ter em conta dois limites de idade distintos. A idade mínima para conduzir em Itália é de 18 anos, mas a maioria das empresas de aluguer exige que o condutor tenha pelo menos 21 anos. Algumas cobram uma sobretaxa a condutores com menos de 25 anos, pelo que se recomenda confirmar estas condições antes da reserva. Para levantar e conduzir o veículo, é normalmente necessário apresentar uma carta de condução válida, um documento de identificação ou passaporte e um cartão de crédito em nome do condutor principal para a caução.</p>"
https://www.skyscanner.pt/aluguer-automovel-de/fco/aluguer-automovel-de-roma-fiumicino-aeroporto.html,"<h3>Aeroporto de Roma: como encontrar uma oferta barata de aluguer de carro</h3><p>No Aeroporto de Roma, em Itália, o preço médio diário do aluguer de um carro ronda os 67 €, o que dá uma referência útil para comparar as várias opções disponíveis. Se procura poupar, junho costuma ser o mês mais económico, com valores a partir de 50 € por dia. Durante a época alta, o cenário muda: em julho os preços podem chegar aos 172 € por dia, refletindo a maior procura no verão. Para garantir um valor mais vantajoso, recomenda-se efetuar a reserva com pelo menos 1 semana de antecedência em relação à data de levantamento do veículo.</p><h3>Aeroporto de Roma: como escolher o carro certo</h3><p>No Aeroporto de Roma, a classe mais procurada é o Compacto de 4-5 portas, que se adapta bem ao trânsito e às ruas estreitas da cidade. Existem opções desde 10 € por dia, com capacidade para cinco passageiros e espaço para duas malas. Este tipo de veículo oferece boa capacidade para passageiros, espaço para bagagem, melhor visibilidade, condução mais estável e versatilidade em diferentes tipos de terreno. Está disponível a opção de aluguer só de ida, permitindo devolver o veículo numa localização diferente. No aeroporto, o preço mais baixo é de 9 €, enquanto nas proximidades de Roma as tarifas começam nos 10 €.</p><h3>Aeroporto de Roma: empresas de aluguer de carro mais populares</h3><p>No Aeroporto de Roma existem 65 fornecedores de aluguer de automóveis, sendo a Galdieri Rent o mais procurado, com preços a partir de 36 € por dia. Entre os fornecedores mais bem avaliados estão a Keddy By Europcar, com classificação de 5, e a Sicily by Car, a Centauro, a Locauto, a Autovia e a ecovia, todas também com classificação de 5. Os preços por dia começam nos 20 € na ecovia, 21 € na Autovia e 42 € na Locauto. O levantamento varia consoante o fornecedor, podendo ser efetuado no terminal do aeroporto, através de transporte gratuito ou por serviço de receção, permitindo escolher a opção mais adequada.</p><h3>Aeroporto de Roma: principais dicas para conduzir</h3><p>Ao sair do Aeroporto de Roma, conduz-se pela direita e chega-se ao centro da cidade em cerca de 40 minutos, num percurso de 30 km. A partir de Roma, é possível chegar a Ostia Antica em cerca de 25 minutos, ao longo de 18 km, e a Castel Gandolfo em aproximadamente 45 minutos, num percurso de 35 km. Tivoli fica a 45 km, com um tempo de viagem de cerca de 50 minutos. Em Itália, os limites de velocidade são de 130 km/h nas autoestradas, 110 km/h nas vias rápidas, 90 km/h nas estradas rurais e 50 km/h nas zonas urbanas. A cobertura do Google Maps é fiável em todo o país.</p><h3>O que vai precisar ao alugar um carro em Roma</h3><p>Ao levantar um carro no Aeroporto de Roma, é importante conhecer as condições relativas à idade. Em Itália, a idade mínima para conduzir é de 18 anos, mas, para alugar um veículo perto do Aeroporto de Roma - Fiumicino, a maioria das empresas exige uma idade mínima de 21 anos. Algumas cobram uma sobretaxa a condutores com menos de 25 anos, pelo que se recomenda confirmar estas condições antes da reserva. Para levantar e conduzir o veículo, é normalmente necessário apresentar uma carta de condução válida, um documento de identificação ou passaporte e um cartão de crédito em nome do condutor principal.</p>"
https://www.skyscanner.pt/aluguer-automovel-de/jnx/aluguer-automovel-de-naxos-aeroporto.html,"<h3>Aeroporto de Naxos: como encontrar uma oferta barata de aluguer de carro</h3><p>Ao procurar um aluguer de carro económico no Aeroporto de Naxos, na Grécia, o preço médio diário ronda os 141 €. O mês mais barato para alugar é agosto, com valores a partir de 108 € por dia, o que ajuda a reduzir os custos da viagem. Julho é o mês de maior procura, com tarifas que podem chegar aos 173 € por dia durante a época alta. Para garantir o melhor preço, recomenda-se efetuar a reserva com cerca de 3 semanas de antecedência, evitando assim as flutuações de preço mais próximas da data.</p><h3>Aeroporto de Naxos: como escolher o carro certo</h3><p>No Aeroporto de Naxos, as classes Médio/Standard e SUV são as mais procuradas, uma escolha adequada para explorar a ilha e as estradas que ligam a cidade de Naxos às praias e às vilas do interior. Um SUV oferece espaço para passageiros e bagagem, várias configurações de lugares para grupos, maior visibilidade graças à posição de condução elevada e conforto em percursos mais longos. Também é possível optar por um aluguer só de ida, recolhendo o carro no aeroporto e devolvendo-o noutro local. No aeroporto, os preços começam nos 35 €, valor idêntico ao das ofertas de levantamento em Naxos.</p><h3>Aeroporto de Naxos: empresas de aluguer de carro mais populares</h3><p>No Aeroporto de Naxos, na Grécia, existem 40 fornecedores de aluguer de automóveis, sendo a VOLTA o mais procurado, com uma classificação média de 4 em 5. Os preços começam nos 33 € por dia com a Surprice para um veículo Mini de 4-5 portas, enquanto a classe Economy está disponível desde 35 € e a Compact desde 41 €. A VOLTA disponibiliza ainda uma carrinha Intermediate a partir de 104 €. Os fornecedores disponibilizam duas opções de levantamento: serviço de receção, utilizado pela Surprice, Drive e Avance, e levantamento no terminal do aeroporto, disponível com a VOLTA, a Alma e a Budget.</p><h3>Aeroporto de Naxos: principais dicas para conduzir</h3><p>Ao levantar o carro no Aeroporto de Naxos, conduz-se pela direita e devem ser respeitados os limites de velocidade em vigor na Grécia: 120 km/h nas autoestradas, 90 km/h nas vias rápidas e estradas nacionais e 50 km/h nas zonas urbanas. A partir da cidade de Naxos, é possível chegar à aldeia de Halki, no interior da ilha, em cerca de 20 minutos. Também é possível alcançar as praias de Plaka e Agios Prokopios em poucos minutos, seguindo pela costa oeste. A cobertura do Google Maps é fiável na Grécia, facilitando a navegação nas estradas locais.</p><h3>O que vai precisar ao alugar um carro em Naxos</h3><p>Ao alugar um carro perto do Aeroporto de Naxos, é importante ter em atenção as regras relativas à idade. A idade mínima legal para conduzir na Grécia é de 17 anos, mas, para alugar um veículo, a maioria das empresas exige uma idade mínima de 21 anos. Algumas aplicam uma sobretaxa a condutores com menos de 25 anos, pelo que se recomenda confirmar estas condições antes da reserva. Para levantar e conduzir o veículo, é normalmente necessário apresentar uma carta de condução válida, um documento de identificação ou passaporte e um cartão de crédito em nome do condutor principal para a caução.</p>"
https://www.skyscanner.pt/aluguer-automovel-de/mao/aluguer-automovel-de-manaus-aeroporto.html,"<h3>Aeroporto de Manaus: como encontrar uma oferta barata de aluguer de carro</h3><p>O preço médio diário do aluguer de um carro no Aeroporto de Manaus ronda os 31 €, valor que pode variar consoante a época do ano. Se procura a opção mais económica, junho costuma registar os preços mais baixos, com tarifas a partir de aproximadamente 24 €. Já durante a época alta, sobretudo em dezembro, as tarifas tendem a subir, chegando a rondar os 39 € por dia. Para obter um preço mais vantajoso, recomenda-se efetuar a reserva com pelo menos 1 semana de antecedência em relação à data prevista de levantamento do veículo.</p><h3>Aeroporto de Manaus: como escolher o carro certo</h3><p>No Aeroporto de Manaus, as classes mais procuradas são o Compacto e o Crossover, opções que se adaptam bem à cidade, onde predominam ruas estreitas e trânsito intenso. Estes veículos facilitam o estacionamento e as manobras em espaços apertados, apresentam custos de aluguer e de combustível mais baixos e um menor impacto ambiental, sendo adequados para trajetos curtos ou para quem viaja sozinho. É possível levantar o carro no aeroporto e devolvê-lo noutro local através da opção de aluguer só de ida. No aeroporto, os preços começam nos 25 €, enquanto nas proximidades da cidade as tarifas começam nos 32 €.</p><h3>Aeroporto de Manaus: empresas de aluguer de carro mais populares</h3><p>No Aeroporto de Manaus existem 8 fornecedores de aluguer de automóveis, sendo a Movida o mais procurado, com uma classificação média de 8 em 10. Na Movida, os preços começam nos 29 € por dia para um veículo Mini e vão até 67 € por dia para um modelo Fullsize, com levantamento no terminal do aeroporto. A locarx disponibiliza opções desde 25 € por dia com serviço de receção, enquanto a vipservice oferece um veículo Premium a partir de 50 € por dia com transporte gratuito. As opções de levantamento incluem o terminal do aeroporto, serviço de receção e transporte gratuito, consoante o fornecedor.</p><h3>Aeroporto de Manaus: principais dicas para conduzir</h3><p>Ao alugar um carro no Aeroporto de Manaus, conduz-se pelo lado direito da estrada e devem ser respeitados os limites de velocidade, que são de 120 km/h nas autoestradas, 80 km/h nas vias rápidas e estradas rurais e 50 km/h nas zonas urbanas. A cobertura do Google Maps é fiável em todo o Brasil, o que facilita a navegação. A partir de Manaus, é possível seguir até Presidente Figueiredo, a cerca de 100 km a norte, conhecida pelas suas cascatas. Também é possível chegar a Iranduba, atravessando a ponte sobre o rio Negro, e a Manacapuru, a oeste, seguindo por estrada.</p><h3>O que vai precisar ao alugar um carro em Manaus</h3><p>Ao alugar um carro perto do Aeroporto de Manaus, é importante ter em conta duas idades distintas. No Brasil, a idade mínima para conduzir é de 18 anos, mas, para alugar um veículo, a maioria das empresas exige uma idade mínima de 21 anos. Algumas cobram uma sobretaxa a condutores com menos de 25 anos, pelo que se recomenda confirmar estas condições antes da reserva. Para levantar e conduzir o veículo, é normalmente necessário apresentar uma carta de condução válida, um documento de identificação ou passaporte e um cartão de crédito em nome do condutor principal para a caução exigida pela empresa.</p>"
https://www.skyscanner.pt/aluguer-automovel-de/fln/aluguer-automovel-de-florianopolis-aeroporto.html,"<h3>Aeroporto de Florianópolis: como encontrar uma oferta barata de aluguer de carro</h3><p>O preço médio diário do aluguer de um carro no Aeroporto de Florianópolis ronda os 31 €, o que dá uma referência útil ao comparar as opções disponíveis. Se procura a tarifa mais baixa, fevereiro costuma ser o mês mais barato, com valores a partir de 21 € por dia. Já em novembro, durante a época alta, os preços podem subir até aos 70 € por dia. Para obter um valor mais equilibrado, recomenda-se efetuar a reserva com pelo menos 1 semana de antecedência, garantindo assim maior disponibilidade e melhores condições antes da chegada a Florianópolis.</p><h3>Aeroporto de Florianópolis: como escolher o carro certo</h3><p>No Aeroporto de Florianópolis, a classe mais procurada é a Mini Pick-up de cabina simples, uma opção adequada às deslocações entre praias e zonas urbanas da ilha. Este tipo de veículo oferece maior capacidade para bagagem, boa visibilidade, condução estável e versatilidade em diferentes tipos de terreno, sendo uma escolha prática para percursos costeiros e vias mais estreitas. É possível levantar o carro no aeroporto e devolvê-lo noutro local através da opção de aluguer só de ida. No aeroporto, as tarifas começam nos 16 €, valor idêntico ao das ofertas disponíveis nos pontos de levantamento na cidade de Florianópolis.</p><h3>Aeroporto de Florianópolis: empresas de aluguer de carro mais populares</h3><p>No Aeroporto de Florianópolis existem 14 fornecedores de aluguer de automóveis, sendo a Foco o mais procurado, com classificação de 5 e preços a partir de 18 €. A Localiza tem também classificação de 5, tal como a Europcar e a Movida, enquanto a Alamo apresenta uma classificação de 5 e preços desde 31 €. Os fornecedores disponibilizam duas opções de levantamento: no terminal do aeroporto ou através de transporte gratuito. As tarifas diárias começam nos 17 € para a classe Economy, podendo chegar aos 70 € para uma Pick-up Intermediate da Localiza, consoante a categoria escolhida.</p><h3>Aeroporto de Florianópolis: principais dicas para conduzir</h3><p>Ao alugar um carro no Aeroporto de Florianópolis, conduz-se pela direita e devem ser respeitados os limites de velocidade locais: 120 km/h nas autoestradas, 80 km/h nas vias rápidas e estradas rurais e 50 km/h nas zonas urbanas. A partir do aeroporto, é possível seguir para o centro de Florianópolis ou conduzir até à Praia dos Ingleses, no norte da ilha. Existe também acesso fácil a São José, no continente, através das pontes que ligam a ilha. A cobertura do Google Maps é fiável no Brasil, o que facilita a navegação durante os percursos.</p><h3>O que vai precisar ao alugar um carro em Florianópolis</h3><p>Ao alugar um carro perto do Aeroporto de Florianópolis, é importante ter em atenção as condições de idade. A idade mínima para conduzir no Brasil é de 18 anos, mas, para alugar um veículo, a maioria das empresas exige pelo menos 21 anos. Algumas cobram uma sobretaxa a condutores com menos de 25 anos, pelo que se recomenda confirmar estas condições antes da reserva. Para levantar e conduzir o veículo, é normalmente necessário apresentar uma carta de condução válida, um documento de identificação ou passaporte e um cartão de crédito em nome do condutor principal para a caução.</p>"
https://www.skyscanner.pt/aluguer-automovel-de/sjj/aluguer-automovel-de-sarajevo-aeroporto.html,"<h3>Aeroporto de Sarajevo: como encontrar uma oferta barata de aluguer de carro</h3><p>O preço médio diário do aluguer de um carro no Aeroporto de Sarajevo ronda os 42 €, embora o valor varie ao longo do ano. Se procura o preço mais baixo, setembro tende a ser o mês mais económico, com tarifas a partir de aproximadamente 32 €. Durante a época alta, sobretudo em julho, os preços sobem e podem atingir cerca de 52 € por dia. Para obter uma tarifa mais vantajosa, recomenda-se efetuar a reserva com cerca de 1 semana de antecedência, garantindo assim maior disponibilidade e um preço mais equilibrado nesta cidade.</p><h3>Aeroporto de Sarajevo: como escolher o carro certo</h3><p>No Aeroporto de Sarajevo, as classes mais procuradas são a Economy e o Familiar, escolhas adequadas a uma cidade com ruas estreitas e movimentadas. Um carro da classe Economy oferece estacionamento mais simples, maior facilidade de manobra em espaços apertados e custos reduzidos de aluguer e de combustível, sendo prático para viagens curtas ou para quem viaja sozinho. Está disponível a opção de aluguer com entrega noutro local, permitindo levantar o veículo à chegada e devolvê-lo num ponto diferente. No aeroporto, as tarifas começam nos 15 €, enquanto em Sarajevo os preços começam em cerca de 16 €.</p><h3>Aeroporto de Sarajevo: empresas de aluguer de carro mais populares</h3><p>No Aeroporto de Sarajevo, na Bósnia e Herzegovina, existem 50 fornecedores de aluguer de automóveis, sendo a Flex To Go o mais procurado, com opções como um Fullsize a partir de 42 € por dia e um Premium a partir de 44 €. Entre os fornecedores mais bem avaliados encontram-se a Carwiz, com classificação de 5 e preços desde 26 €, além da Euro Rent A Car, Kapitals e Europcar, todas com classificação de 5. O levantamento pode ser efetuado no terminal do aeroporto ou através de transporte gratuito, consoante o fornecedor escolhido.</p><h3>Aeroporto de Sarajevo: principais dicas para conduzir</h3><p>Ao levantar um carro no Aeroporto de Sarajevo, conduz-se pela direita e devem ser respeitados os limites de velocidade, que são de 130 km/h nas autoestradas, entre 80 e 100 km/h nas estradas nacionais e 50 km/h nas zonas urbanas. A cobertura do Google Maps na Bósnia e Herzegovina é fiável, o que facilita a navegação. A partir de Sarajevo, é possível seguir até Mostar, a cerca de 130 km para sul, para visitar a Ponte Velha. Também é possível visitar Konjic, situada a meio caminho de Mostar, ou conduzir até Jahorina, a montanha próxima conhecida pelos desportos de inverno.</p><h3>O que vai precisar ao alugar um carro em Sarajevo</h3><p>Ao alugar um carro no Aeroporto de Sarajevo, a maioria das empresas exige uma idade mínima de 21 anos, embora a idade mínima legal para conduzir na Bósnia e Herzegovina seja de 18 anos. Importa ter em conta esta distinção, uma vez que alguns fornecedores aplicam uma sobretaxa a condutores com menos de 25 anos, pelo que se recomenda confirmar estas condições antes da reserva. Para concluir o aluguer, é normalmente necessário apresentar uma carta de condução válida, um passaporte ou documento de identificação e um cartão de crédito em nome do condutor principal. Convém ainda verificar se é exigida uma carta de condução internacional.</p>"
https://www.skyscanner.pt/aluguer-automovel-de/zad/aluguer-automovel-de-zadar-aeroporto.html,"<h3>Aeroporto de Zadar: como encontrar uma oferta barata de aluguer de carro</h3><p>No Aeroporto de Zadar, o preço médio diário do aluguer de um carro ronda os 50 €, um valor que ajuda a planear o orçamento de uma viagem pela Croácia. Se procura a opção mais económica, setembro costuma apresentar as tarifas mais baixas, com valores a partir de 36 € por dia. Durante a época alta, sobretudo em julho, os preços tendem a subir e podem chegar aos 63 € por dia. Para obter a melhor tarifa, recomenda-se efetuar a reserva com cerca de 3 semanas de antecedência, o que dá mais margem para comparar os veículos disponíveis e assegurar um preço adequado.</p><h3>Aeroporto de Zadar: como escolher o carro certo</h3><p>No Aeroporto de Zadar, a classe Compacto é a mais procurada, sobretudo os modelos com posição de condução mais elevada, adequados para percorrer o centro histórico de Zadar e a costa da Croácia. Este tipo de veículo oferece melhor visibilidade, maior facilidade de manobra em zonas urbanas, espaço adicional para bagagem sem perder dimensões compactas e consumos mais eficientes do que os SUV de maiores dimensões. Também é possível optar por um aluguer só de ida, levantando o carro no aeroporto e devolvendo-o noutro local. No terminal, o preço mais baixo é de 18 €, enquanto nas proximidades de Zadar as tarifas começam nos 19 €.</p><h3>Aeroporto de Zadar: empresas de aluguer de carro mais populares</h3><p>No Aeroporto de Zadar existem 45 fornecedores de aluguer de automóveis, sendo a AVIA Rent o mais procurado, com preços a partir de 23 € por dia. A Flizzr, a Active, a Surprice e a Avant Car apresentam uma classificação de 5, com preços desde 27 €. Estão disponíveis veículos desde a classe Mini, a partir de 19 € por dia com a Avis, até SUV e modelos Premium, com tarifas desde 62 € por dia. O levantamento é efetuado sobretudo no terminal do aeroporto, embora alguns fornecedores, como a Surprice, disponibilizem também transporte gratuito.</p><h3>Aeroporto de Zadar: principais dicas para conduzir</h3><p>Ao alugar um carro no Aeroporto de Zadar, conduz-se pela direita e devem ser respeitados os limites de velocidade em vigor na Croácia: 130 km/h nas autoestradas, 110 km/h nas vias rápidas, 90 km/h nas estradas nacionais e 50 km/h nas zonas urbanas. A partir de Zadar, é possível seguir até ao Parque Nacional dos Lagos de Plitvice, a cerca de 130 km, ideal para uma viagem de um dia. Também é possível chegar a Šibenik, a sul, a cerca de 85 km, e a Nin, a norte, a menos de 20 km. A cobertura do Google Maps na Croácia é fiável, facilitando a navegação nestes percursos.</p><h3>O que vai precisar ao alugar um carro em Zadar</h3><p>Para alugar um carro perto do Aeroporto de Zadar, a maioria das empresas exige uma idade mínima de 21 anos, embora a idade mínima legal para conduzir na Croácia seja de 18 anos. Estas duas condições são distintas, pelo que importa ter em conta essa diferença. Algumas empresas cobram ainda uma sobretaxa a condutores com menos de 25 anos, pelo que se recomenda confirmar estas condições antes da reserva. Para levantar e conduzir o veículo, é normalmente necessário apresentar uma carta de condução válida, um documento de identificação ou passaporte e um cartão de crédito em nome do condutor principal, utilizado para o depósito de caução.</p>"
https://www.skyscanner.pt/aluguer-automovel-de/cun/aluguer-automovel-de-cancun-aeroporto.html,"<h3>Aeroporto de Cancún: como encontrar uma oferta barata de aluguer de carro</h3><p>O preço médio diário do aluguer de um carro no Aeroporto de Cancún ronda os 51 €, embora o valor varie ao longo do ano. Se procura a opção mais económica, agosto costuma registar as tarifas mais baixas, com valores a partir de 34 € por dia. Já durante a época alta, sobretudo em outubro, os preços podem chegar aos 72 € por dia, refletindo a maior procura nesse período. Para obter um valor mais equilibrado, recomenda-se efetuar a reserva com pelo menos 1 semana de antecedência, garantindo assim maior disponibilidade e melhores condições no momento do levantamento do veículo.</p><h3>Aeroporto de Cancún: como escolher o carro certo</h3><p>No Aeroporto de Cancún, as classes mais procuradas são o Compacto e o SUV, que se adaptam bem à cidade e às deslocações até à zona hoteleira e a destinos mais afastados. Um SUV oferece espaço amplo para passageiros e bagagem, várias configurações de lugares para viagens em grupo, melhor visibilidade graças à posição de condução elevada e conforto em percursos longos, sendo uma opção prática para quem viaja acompanhado. É possível alugar um carro num local e devolvê-lo noutro através da opção de aluguer só de ida. No aeroporto, os preços começam nos 6 € por dia, valor idêntico ao das ofertas de levantamento na cidade de Cancún.</p><h3>Aeroporto de Cancún: empresas de aluguer de carro mais populares</h3><p>No Aeroporto de Cancún existem 33 fornecedores de aluguer de automóveis. O mais procurado é a MEX, com uma classificação de 5 baseada em 4991 avaliações e preços a partir de 7 €. Outras opções incluem a Mas, com classificação de 5 e preços desde 17 €, a America, também com classificação de 5 e tarifas a partir de 7 €, além da U-Save, da Payless e da FlexWays, todas com classificação de 5. O levantamento do veículo pode ser efetuado no terminal do aeroporto ou através de transporte gratuito, consoante o fornecedor escolhido.</p><h3>Aeroporto de Cancún: principais dicas para conduzir</h3><p>Ao sair do Aeroporto de Cancún, chega-se ao centro da cidade em cerca de 20 minutos, num percurso de 16 km. A partir de Cancún, é possível conduzir até Tulum, a 130 km, num trajeto de aproximadamente 100 minutos, ou visitar Chichén Itzá, a 180 km e cerca de 150 minutos de viagem. Cobá fica a 165 km, num percurso de cerca de 130 minutos. No México, conduz-se pela direita, com limites de velocidade de 110 km/h nas autoestradas, 80 km/h nas vias rápidas e estradas rurais e 40 km/h nas zonas urbanas. A cobertura do Google Maps é fiável em todo o país.</p><h3>O que vai precisar ao alugar um carro em Cancún</h3><p>Para conduzir no México, a idade mínima legal é de 18 anos, mas, para alugar um carro perto do Aeroporto de Cancún, a maioria das empresas exige uma idade mínima de 21 anos. Algumas cobram uma sobretaxa a condutores com menos de 25 anos, pelo que se recomenda confirmar estas condições antes da reserva. Para levantar o veículo, é normalmente necessário apresentar uma carta de condução válida, um passaporte ou documento de identificação e um cartão de crédito em nome do condutor principal. Caso a carta de condução não esteja em espanhol ou inglês, poderá ser útil apresentar uma carta de condução internacional.</p>"
https://www.skyscanner.pt/aluguer-automovel-de/sof/aluguer-automovel-de-sofia-aeroporto.html,"<h3>Aeroporto de Sófia: como encontrar uma oferta barata de aluguer de carro</h3><p>O preço médio diário do aluguer de um carro no Aeroporto de Sófia ronda os 42 €, embora o valor varie ao longo do ano. Se procura a opção mais económica, setembro costuma apresentar as tarifas mais baixas, com valores a partir de aproximadamente 26 € por dia. Já durante a época alta, sobretudo em agosto, os preços tendem a subir, chegando a rondar os 55 € por dia. Para obter uma tarifa mais vantajosa, recomenda-se efetuar a reserva com menos de uma semana de antecedência, o que pode ajudar a garantir um preço adequado às necessidades da viagem em Sófia.</p><h3>Aeroporto de Sófia: como escolher o carro certo</h3><p>No Aeroporto de Sófia, a classe Grande de 4-5 portas é a mais procurada, sendo uma opção prática para circular pela cidade e nas ligações rodoviárias da região. Este tipo de veículo oferece uma condução confortável, boa capacidade para passageiros e bagagem e adapta-se bem tanto a percursos urbanos como a viagens mais longas. É possível optar por um aluguer só de ida, levantando o veículo no aeroporto e devolvendo-o noutro local. No terminal, as tarifas começam nos 6 € por dia, enquanto nos pontos de levantamento em Sófia os preços começam nos 11 €.</p><h3>Aeroporto de Sófia: empresas de aluguer de carro mais populares</h3><p>No Aeroporto de Sófia existem 66 fornecedores de aluguer de automóveis, sendo a Pricecarz o mais procurado. A Europcar apresenta uma classificação de 5 e preços a partir de 51 €, com levantamento no terminal do aeroporto. A MEX disponibiliza tarifas desde 13 € e a Goldcar desde 39 €, ambas com classificação de 5. A BT Rent a Car, a Auto-Union e a First Rent A Car Bulgaria completam a lista, também com classificação de 5. As opções de levantamento incluem o terminal do aeroporto e transporte gratuito, consoante o fornecedor escolhido.</p><h3>Aeroporto de Sófia: principais dicas para conduzir</h3><p>Ao levantar o carro no Aeroporto de Sófia, chega-se ao centro da cidade em cerca de 16 minutos, num percurso de 10 km. Na Bulgária, conduz-se pela direita, com limites de velocidade de 120 km/h nas autoestradas, 90 km/h nas vias rápidas e estradas nacionais e 50 km/h nas zonas urbanas. A cobertura do Google Maps é fiável em todo o país. Para explorar os arredores, o Parque Natural de Vitosha fica a cerca de 12 km, aproximadamente 20 minutos de viagem, e Boyana situa-se a 10 km, cerca de 18 minutos. Mais distante, o Mosteiro de Rila encontra-se a 120 km, num percurso de aproximadamente 90 minutos.</p><h3>O que vai precisar ao alugar um carro em Sófia</h3><p>No Aeroporto de Sófia, a idade mínima legal para conduzir na Bulgária é de 18 anos, mas, para alugar um carro, a maioria das empresas exige uma idade mínima de 21 anos. Algumas cobram uma sobretaxa a condutores com menos de 25 anos, pelo que se recomenda confirmar estas condições antes da reserva. Para levantar o veículo, é normalmente necessário apresentar uma carta de condução válida, um documento de identificação ou passaporte e um cartão de crédito em nome do condutor principal. Se a carta de condução não utilizar o alfabeto latino, poderá ser exigida uma carta de condução internacional.</p>"
https://www.skyscanner.pt/aluguer-automovel-de/dbv/aluguer-automovel-de-dubrovnik-aeroporto.html,"<h3>Aeroporto de Dubrovnik: como encontrar uma oferta barata de aluguer de carro</h3><p>O preço médio diário do aluguer de um carro no Aeroporto de Dubrovnik ronda os 45 €, o que dá uma referência para comparar diferentes ofertas. Se procura a opção mais económica, março costuma apresentar as tarifas mais baixas, com valores a partir de 19 € por dia. Por outro lado, durante a época alta, sobretudo em maio, os preços podem chegar aos 104 € por dia, refletindo a maior procura. Para obter um valor mais equilibrado, recomenda-se efetuar a reserva com pelo menos uma semana de antecedência em relação à data prevista de levantamento do veículo.</p><h3>Aeroporto de Dubrovnik: como escolher o carro certo</h3><p>No Aeroporto de Dubrovnik, as classes mais procuradas são a Economy e a Carrinha Comercial, opções que se adaptam à combinação de trânsito urbano na cidade e percursos ao longo da costa croata. A carrinha comercial oferece maior capacidade para passageiros, amplo espaço de carga, melhor visibilidade, condução mais estável e versatilidade em diferentes tipos de terreno, sendo uma opção prática para grupos ou bagagem volumosa. É possível optar por um aluguer só de ida, levantando o veículo no aeroporto e devolvendo-o noutro local. O levantamento no terminal começa nos 7 €, valor idêntico ao das opções na cidade de Dubrovnik, embora as tarifas fora do aeroporto possam evitar a taxa de levantamento.</p><h3>Aeroporto de Dubrovnik: empresas de aluguer de carro mais populares</h3><p>No Aeroporto de Dubrovnik existem 55 fornecedores de aluguer de automóveis, sendo a Green Motion o mais procurado, com preços a partir de 7 € por dia. A Oryx e a Right Cars apresentam uma classificação de 5, sendo que a Right Cars disponibiliza tarifas desde 59 €. A Active, a Dollar Thrifty, a Avant Car e a Flizzr têm também classificação de 5, com a Flizzr a partir de 26 €. A maioria dos fornecedores disponibiliza levantamento no terminal do aeroporto, embora existam também opções com transporte gratuito, consoante o fornecedor escolhido.</p><h3>Aeroporto de Dubrovnik: principais dicas para conduzir</h3><p>Ao levantar o carro no Aeroporto de Dubrovnik, conduz-se pela direita e devem ser respeitados os limites de velocidade em vigor na Croácia: 130 km/h nas autoestradas, 110 km/h nas vias rápidas, 90 km/h nas estradas nacionais e 50 km/h nas zonas urbanas. A partir de Dubrovnik, é possível seguir até Cavtat, a cerca de 20 minutos pela costa, ou até Ston, conhecida pelas suas muralhas, a norte. A ilha de Korčula é também acessível combinando percursos por estrada e ferry. A cobertura do Google Maps é fiável em todo o país, facilitando a navegação nas deslocações.</p><h3>O que vai precisar ao alugar um carro em Dubrovnik</h3><p>Ao alugar um carro no Aeroporto de Dubrovnik, é importante ter em conta as diferentes idades mínimas aplicáveis. A idade mínima legal para conduzir na Croácia é de 18 anos, mas, para alugar um veículo, a maioria das empresas exige uma idade mínima de 21 anos. Algumas cobram uma sobretaxa a condutores com menos de 25 anos, pelo que se recomenda confirmar estas condições antes da reserva. Para levantar o veículo, é normalmente necessário apresentar uma carta de condução válida, um documento de identificação ou passaporte e um cartão de crédito em nome do condutor principal para a caução.</p>"
https://www.skyscanner.pt/aluguer-automovel-de/ory/aluguer-automovel-de-paris-orly-aeroporto.html,"<h3>Aeroporto de Paris Orly: como encontrar uma oferta barata de aluguer de carro</h3><p>No Aeroporto de Paris Orly, o preço médio diário do aluguer de um carro ronda os 39 €, o que ajuda a organizar o orçamento da viagem. Se procura a opção mais económica, fevereiro costuma registar os valores mais baixos, com tarifas a partir de 29 €. Já em outubro, período de maior procura, a tarifa pode subir até 57 € por dia, pelo que vale a pena comparar as opções antes de decidir. Para obter um preço mais vantajoso, recomenda-se efetuar a reserva com menos de uma semana de antecedência em relação à data de levantamento do veículo no aeroporto.</p><h3>Aeroporto de Paris Orly: como escolher o carro certo</h3><p>No Aeroporto de Paris Orly, as classes mais procuradas são o Compacto e o Crossover, que se adaptam bem à condução em Paris e às deslocações mais longas pela região. Estes veículos oferecem espaço para passageiros e bagagem, boa visibilidade graças à posição de condução mais elevada e várias configurações de lugares, sendo uma opção prática para grupos. É possível alugar um carro no aeroporto e devolvê-lo noutra localização. No aeroporto, os preços começam nos 30 €, valor idêntico ao das opções disponíveis nas proximidades de Paris, embora deva ser considerado o custo da deslocação até ao ponto de levantamento.</p><h3>Aeroporto de Paris Orly: empresas de aluguer de carro mais populares</h3><p>No Aeroporto de Paris Orly existem 21 fornecedores de aluguer de automóveis, sendo a Goldcar o mais procurado, com veículos a partir de 37 € por dia. Entre as restantes opções, a Keddy By Europcar, a Europcar, a Sixt, a Hertz, a Budget e a Avis apresentam uma classificação de 5. Os preços iniciais rondam os 43 € na Europcar e os 49 € na Hertz e na Budget. O levantamento é feito no terminal do aeroporto na maioria dos casos, embora existam também fornecedores com transporte gratuito, como a Flex To Go.</p><h3>Aeroporto de Paris Orly: principais dicas para conduzir</h3><p>Ao sair do Aeroporto de Paris Orly, conduz-se pela direita e chega-se ao centro de Paris em cerca de 25 minutos, num percurso de 14 km. A partir da cidade, é possível seguir até Versailles, a 25 km e cerca de 30 minutos de viagem, para visitar o palácio. Fontainebleau fica a 65 km, com aproximadamente 60 minutos de estrada, enquanto Chantilly está a 75 km, num percurso de cerca de 65 minutos. Em França, os limites de velocidade são de 130 km/h nas autoestradas, 110 km/h nas vias rápidas, 80 km/h nas estradas nacionais e 50 km/h nas zonas urbanas. A cobertura do Google Maps é fiável para navegação em todo o país.</p><h3>O que vai precisar ao alugar um carro em Paris Orly</h3><p>Para alugar um carro no Aeroporto de Paris Orly, a maioria das empresas exige uma idade mínima de 21 anos, embora a idade legal para conduzir em França seja de 17 anos. É importante ter presente esta distinção, já que estar habilitado a conduzir não significa poder alugar um veículo. Alguns fornecedores aplicam uma sobretaxa a condutores com menos de 25 anos, pelo que se recomenda confirmar estas condições antes da reserva. Para levantar o veículo, é normalmente necessário apresentar uma carta de condução válida, um documento de identificação ou passaporte e um cartão de crédito em nome do condutor principal para a caução.</p>"
https://www.skyscanner.pt/aluguer-automovel-de/tgd/aluguer-automovel-de-podgorica-aeroporto.html,"<h3>Aeroporto de Podgorica: como encontrar uma oferta barata de aluguer de carro</h3><p>O preço médio diário do aluguer de um carro no Aeroporto de Podgorica ronda os 56 €, mas o valor varia consoante a altura do ano. O mês mais económico costuma ser outubro, quando as tarifas começam nos 42 € por dia. Já durante a época alta, sobretudo em julho, os preços atingem os valores mais elevados, chegando aos 76 € por dia. Para encontrar as tarifas mais baixas, convém comparar as opções disponíveis com antecedência. Recomenda-se efetuar a reserva com cerca de 2 semanas de antecedência para garantir um preço mais equilibrado à chegada a Podgorica.</p><h3>Aeroporto de Podgorica: como escolher o carro certo</h3><p>No Aeroporto de Podgorica, a classe mais procurada é a Economy de 2-3 portas, adequada ao contexto da cidade e às estradas variadas de Montenegro. Este tipo de veículo oferece maior altura ao solo para diferentes tipos de terreno, mais espaço para bagagem, uma posição de condução elevada para melhor visibilidade e um formato compacto que facilita a circulação nas zonas urbanas, mantendo um consumo próximo dos modelos mais pequenos. É possível alugar um carro num local e devolvê-lo noutro. No aeroporto, o preço mais baixo é de 25 €, valor idêntico ao das opções de levantamento em Podgorica, também a partir de 25 €.</p><h3>Aeroporto de Podgorica: empresas de aluguer de carro mais populares</h3><p>No Aeroporto de Podgorica existem 57 fornecedores de aluguer de automóveis, sendo a Flex To Go o mais procurado. A Surprice, a MTL Rent a Car e a Europcar apresentam uma classificação de 5 com base nas avaliações dos utilizadores, com preços a partir de 45 € na MTL Rent a Car e 65 € na Europcar. Os fornecedores disponibilizam levantamento no terminal do aeroporto ou através de serviço de receção, consoante a empresa. Entre as opções disponíveis, encontram-se veículos das classes Mini e Economy a partir de 26 € por dia com a Budget e modelos Compact desde 27 €.</p><h3>Aeroporto de Podgorica: principais dicas para conduzir</h3><p>Ao alugar um carro no Aeroporto de Podgorica, conduz-se pela direita e chega-se ao centro da cidade em cerca de 18 minutos, num percurso de 12 km. A partir de Podgorica, é possível chegar ao Lago Skadar em cerca de 25 km, aproximadamente 30 minutos de viagem, enquanto Virpazar fica a 40 km, num trajeto de cerca de 40 minutos. O Mosteiro de Ostrog encontra-se a 65 km, com aproximadamente 70 minutos de condução. Devem ser respeitados os limites de velocidade: 100 km/h nas vias rápidas, 80 km/h nas estradas nacionais e 50 km/h nas zonas urbanas. A cobertura do Google Maps é fiável em todo o país, facilitando a navegação.</p><h3>O que vai precisar ao alugar um carro em Podgorica</h3><p>Para alugar um carro no Aeroporto de Podgorica, a maioria das empresas exige uma idade mínima de 21 anos, embora a idade mínima para conduzir em Montenegro seja de 18 anos. É importante ter em conta esta diferença, uma vez que algumas empresas cobram uma sobretaxa a condutores com menos de 25 anos, pelo que se recomenda confirmar estas condições antes da reserva. Para levantar o veículo, é normalmente necessário apresentar uma carta de condução válida, um documento de identificação ou passaporte e um cartão de crédito em nome do condutor principal. Convém também verificar se a carta de condução é aceite sem tradução ou se é necessária uma licença internacional.</p>"
https://www.skyscanner.pt/aluguer-automovel-de/bcm/aluguer-automovel-de-bacau-aeroporto.html,"<h3>Aeroporto de Bacau: como encontrar uma oferta barata de aluguer de carro</h3><p>Se procura alugar um carro no Aeroporto de Bacau, na Roménia, o preço médio diário ronda os 28 €. O mês mais económico costuma ser janeiro, com valores a partir de 23 € por dia, o que ajuda a reduzir o custo total da viagem. Durante a época alta, sobretudo em setembro, as tarifas diárias podem chegar aos 48 €, um dos valores mais elevados do ano. Para obter um preço mais equilibrado, recomenda-se efetuar a reserva com cerca de 3 semanas de antecedência em relação à data de levantamento do veículo.</p><h3>Aeroporto de Bacau: como escolher o carro certo</h3><p>No Aeroporto de Bacău, a classe mais procurada é o Compacto de 4-5 portas, uma opção equilibrada para explorar a cidade e a região circundante. Com maior altura ao solo, este tipo de veículo adapta-se bem a terrenos variados, oferece mais espaço para bagagem, uma posição de condução elevada para melhor visibilidade e um formato prático para manobrar em zonas urbanas, mantendo um consumo semelhante ao dos carros mais pequenos. É possível optar por um aluguer só de ida, levantando o veículo à chegada e devolvendo-o noutro local. No aeroporto, os preços começam nos 6 €, enquanto na cidade de Bacău as tarifas partem dos 11 €.</p><h3>Aeroporto de Bacau: empresas de aluguer de carro mais populares</h3><p>No Aeroporto de Bacău, na Roménia, existem 12 fornecedores de aluguer de automóveis. O mais popular é a Pricecarz, com uma classificação de utilizadores de 8 em 10 e preços a partir de 6 € por dia para um modelo Intermediate. Outras opções incluem a Wheego, também desde 6 € por dia, e a Klasswagen.com, com veículos a partir de 6 € por dia. Os pontos de levantamento variam consoante o fornecedor: a Pricecarz e a Wheego oferecem levantamento no terminal do aeroporto, enquanto a Klasswagen.com disponibiliza transporte gratuito até ao balcão de recolha.</p><h3>Aeroporto de Bacau: principais dicas para conduzir</h3><p>Ao levantar o carro no Aeroporto de Bacău, conduz-se pela direita, algo importante para a orientação desde o início da viagem. Os limites de velocidade na Roménia são de 130 km/h nas autoestradas, 100 km/h nas vias expresso, 90 km/h nas estradas nacionais e 60 km/h nas zonas urbanas. A partir de Bacău, é possível seguir até Piatra Neamț, a cerca de uma hora de viagem por estrada nacional, ou visitar Onești, mais a sul. Também é possível chegar a Târgu Ocna em pouco mais de meia hora. A cobertura do Google Maps é fiável em todo o país, facilitando o planeamento das deslocações.</p><h3>O que vai precisar ao alugar um carro em Bacau</h3><p>Ao alugar um carro no Aeroporto de Bacău, é importante ter em atenção duas idades distintas. A idade mínima legal para conduzir na Roménia é de 18 anos, mas, para alugar um veículo, a maioria das empresas exige uma idade mínima de 21 anos. Algumas cobram uma sobretaxa a condutores com menos de 25 anos, pelo que se recomenda confirmar estas condições antes da reserva. Para conduzir e alugar, é normalmente necessário apresentar uma carta de condução válida, um documento de identificação ou passaporte e um cartão de crédito em nome do condutor principal. A carta de condução deve estar válida há um período mínimo, geralmente um ano.</p>"
https://www.skyscanner.pt/aluguer-automovel-de/cra/aluguer-automovel-de-craiova-aeroporto.html,"<h3>Aeroporto de Craiova: como encontrar uma oferta barata de aluguer de carro</h3><p>Alugar um carro no Aeroporto de Craiova, na Roménia, tem um preço médio diário de 28 €, o que te dá uma base para comparares as várias opções disponíveis. O mês mais barato para reservar costuma ser junho, com valores a partir de 21 € por dia, enquanto julho representa a época alta, com tarifas que podem chegar aos 33 € diários. Para conseguires o melhor preço, é aconselhável reservar o teu carro com cerca de 4 semanas de antecedência, garantindo assim mais disponibilidade e condições vantajosas antes da tua chegada a Craiova.</p><h3>Aeroporto de Craiova: como escolher o carro certo</h3><p>No Aeroporto de Craiova, a classe mais procurada é a média/standard, um carro familiar de 4-5 portas com lugar para cinco pessoas. É uma escolha equilibrada para explorar Craiova e os arredores, combinando espaço suficiente com condução prática em ruas estreitas ou movimentadas. Beneficias de estacionamento mais fácil, custos de aluguer e combustível reduzidos e um menor impacto ambiental. O aluguer com entrega noutro local está disponível, permitindo-te recolher o carro ao aterrar e devolvê-lo noutra localização. No aeroporto, os preços começam em cerca de 5 €, enquanto nas proximidades da cidade encontras tarifas a partir de 6 €.</p><h3>Aeroporto de Craiova: empresas de aluguer de carro mais populares</h3><p>No Aeroporto de Craiova encontras 16 fornecedores de aluguer de automóveis, sendo a Pricecarz o mais popular, com uma avaliação de utilizadores de 8 em 10. Com esta empresa, os preços começam em cerca de 6 € por dia para um Mini SUV ou um modelo Intermediate, subindo para 28 € por dia num Premium. Outros fornecedores como a Wheego, a Autonom e a Routes Car Rental oferecem carros desde 6 € por dia. A recolha é feita na maioria dos casos no terminal do aeroporto, havendo também a opção de autocarro de transporte gratuito com a Klasswagen.com.</p><h3>Aeroporto de Craiova: principais dicas para conduzir</h3><p>Ao alugar um carro no Aeroporto de Craiova, conduzes pela direita e deves respeitar os limites de velocidade da Roménia: 130 km/h nas autoestradas, 100 km/h nas vias rápidas, 90 km/h nas estradas nacionais e 60 km/h dentro das localidades. A partir de Craiova podes seguir para Calafat, junto à fronteira com a Bulgária, a cerca de uma hora de viagem pela estrada nacional. Slatina fica a nordeste, também acessível por vias principais, enquanto Târgu Jiu, a norte, te leva em direção aos Cárpatos. A cobertura do Google Maps é fiável no país, o que facilita a orientação nestes percursos.</p><h3>O que vai precisar ao alugar um carro em Craiova</h3><p>Ao alugar um carro no Aeroporto de Craiova, na Roménia, deves ter em conta que a idade mínima para conduzir é de 18 anos, mas a maioria das empresas exige uma idade mínima de 21 anos para alugar um veículo. Algumas cobram uma sobretaxa a condutores com menos de 25 anos, pelo que convém confirmares estas condições antes de reservar. Para levantar e conduzir o carro, precisas de carta de condução válida, documento de identificação ou passaporte e um cartão de crédito em nome do condutor principal. Verifica também se é exigida a Carta de Condução Internacional.</p>"
https://www.skyscanner.pt/aluguer-automovel-de/gyn/aluguer-automovel-de-goiania-aeroporto.html,"<h3>Aeroporto de Goiânia: como encontrar uma oferta barata de aluguer de carro</h3><p>Alugar um carro no Aeroporto de Goiânia tem um preço médio diário de cerca de 27 €, o que serve como referência ao comparar diferentes opções. Se procuras a tarifa mais baixa, outubro costuma ser o mês mais económico, com valores a partir de 20 € por dia. Já em agosto, durante a época alta, os preços podem subir e atingir cerca de 41 € diários, pelo que convém planear com atenção nessa altura. Para consegues garantir um valor mais vantajoso, reserva o teu carro com cerca de 2 semanas de antecedência em relação à data da tua viagem.</p><h3>Aeroporto de Goiânia: como escolher o carro certo</h3><p>No Aeroporto de Goiânia, a classe mais procurada é a médio/standard de 4-5 portas, que se ajusta bem à cidade e às deslocações pela região de Goiás. Este tipo de carro oferece maior capacidade de lugares, bom espaço para bagagem, melhor visibilidade e um comportamento em estrada adequado a diferentes terrenos, o que o torna versátil tanto no meio urbano como em trajetos mais longos. Podes recolher o carro no aeroporto e devolvê-lo noutro local através de um aluguer só de ida. No aeroporto, os preços começam em 23 €, enquanto perto da cidade partem de 24 €.</p><h3>Aeroporto de Goiânia: empresas de aluguer de carro mais populares</h3><p>No Aeroporto de Goiânia, a Foco é o fornecedor mais popular entre os 10 disponíveis, com preços a partir de 23 € por dia para a classe Economy. Também encontras a Localiza, com uma avaliação de 5, a Unidas e a Europcar, ambas com 5, e a Alamo, com 5. Os preços iniciais variam, com a Unidas a partir de 27 € e a Alamo a partir de 34 €. Quanto à recolha, os fornecedores oferecem duas opções: no terminal do aeroporto ou através de autocarro de transporte gratuito, consoante a empresa que escolheres.</p><h3>Aeroporto de Goiânia: principais dicas para conduzir</h3><p>Ao alugares um carro no Aeroporto de Goiânia, conduzes pelo lado direito da estrada, com limites de velocidade de 120 km/h nas autoestradas, 80 km/h nas vias expressas e estradas rurais, e 50 km/h nas zonas urbanas. A partir de Goiânia, podes seguir até Pirenópolis, cidade histórica situada a cerca de 120 quilómetros, ideal para uma viagem de dia. Podes também conduzir até Caldas Novas, conhecida pelas águas termais, a aproximadamente 170 quilómetros, ou até Brasília, a capital, a cerca de 210 quilómetros. A cobertura do Google Maps é fiável no Brasil, o que facilita a orientação nestes percursos.</p><h3>O que vai precisar ao alugar um carro em Goiânia</h3><p>No Brasil, a idade mínima para conduzir é de 18 anos, mas para alugar carro perto do Aeroporto de Goiânia a maioria das empresas exige uma idade mínima de 21 anos. Algumas cobram uma sobretaxa para condutores com menos de 25 anos, pelo que recomendamos confirmar estas condições antes da reserva. Para levantar o veículo, precisas de apresentar uma carta de condução válida, um documento de identificação ou passaporte e um cartão de crédito em nome do condutor principal, geralmente usado como garantia. Confirma sempre se a tua carta é aceite antes de concluíres a reserva.</p>"
https://www.skyscanner.pt/aluguer-automovel-de/lys/aluguer-automovel-de-lyon-aeroporto.html,"<h3>Aeroporto de Lyon: como encontrar uma oferta barata de aluguer de carro</h3><p>Alugar um carro no Aeroporto de Lyon, em França, tem um preço médio diário de cerca de 41 €, embora o valor varie ao longo do ano. Se procuras a opção mais económica, setembro costuma apresentar as tarifas mais baixas, com valores próximos dos 35 € por dia. Já durante a época alta, especialmente em julho, os preços tendem a subir, podendo chegar aos 54 € diários. Para conseguires um melhor preço, é aconselhável reservares com cerca de 1 semana de antecedência, permitindo comparar opções e assegurar uma tarifa mais adequada às tuas necessidades de viagem.</p><h3>Aeroporto de Lyon: como escolher o carro certo</h3><p>No Aeroporto de Lyon em França, a classe grande, do tipo crossover, é a mais procurada por quem visita Lyon, uma cidade com ruas estreitas e zonas movimentadas onde importa a facilidade de manobra. Este tipo de carro oferece estacionamento mais simples, custos de aluguer e combustível mais baixos e menor impacto ambiental, sendo adequado para percursos curtos e viagens individuais. Está disponível aluguer com entrega noutro local, caso queiras devolver o carro num ponto diferente. No aeroporto, os preços começam em cerca de 21 €, enquanto na cidade de Lyon encontras tarifas a partir de 23 €.</p><h3>Aeroporto de Lyon: empresas de aluguer de carro mais populares</h3><p>No Aeroporto de Lyon, em França, encontras 23 fornecedores de aluguer de automóveis, sendo o OK Mobility o mais popular, com preços a partir de 24 € por dia. Entre as outras opções, a Keddy By Europcar tem uma classificação de 5 e preços desde 33 €, a Budget também alcança 5 desde 43 €, e a Europcar, a Avis, a Hertz e a Thrifty registam 5, com valores a partir de 37 €, 45 €, 44 € e 39 € respetivamente. A recolha é feita no terminal do aeroporto ou através de autocarro de transporte gratuito, consoante o fornecedor.</p><h3>Aeroporto de Lyon: principais dicas para conduzir</h3><p>A partir do Aeroporto de Lyon, chegas ao centro de Lyon em cerca de 30 minutos, percorrendo 25 km. Se quiseres explorar os arredores, Vienne fica a 35 km e 35 minutos, enquanto Pérouges está a 40 km e 40 minutos de viagem. Annecy é mais distante, a 140 km e cerca de 100 minutos de condução. Em França conduz-se pela direita, com limites de velocidade de 130 km/h nas autoestradas, 110 km/h nas vias rápidas, 80 km/h nas estradas nacionais e 50 km/h dentro das localidades. A cobertura do Google Maps é fiável em todo o país.</p><h3>O que vai precisar ao alugar um carro em Lyon</h3><p>Ao alugar carro no Aeroporto de Lyon, é importante conhecer as regras aplicáveis. Para alugar carro perto do Aeroporto de Lyon, a maioria das empresas exige uma idade mínima de 21 anos. Algumas cobram uma sobretaxa para condutores com menos de 25 anos, pelo que recomendamos confirmar estas condições antes da reserva. Nota que, em França, a idade mínima para conduzir é de 17 anos, valor inferior ao exigido para o aluguer. Para levantar o veículo, precisas normalmente de uma carta de condução válida, documento de identificação ou passaporte e um cartão de crédito em nome do condutor principal.</p>"
https://www.skyscanner.pt/aluguer-automovel-de/krk/aluguer-automovel-de-cracovia-aeroporto.html,"<h3>Aeroporto de Cracóvia: como encontrar uma oferta barata de aluguer de carro</h3><p>Alugar um carro no Aeroporto de Cracóvia tem um preço médio diário de 40 €, o que te dá uma referência para comparar as diferentes opções disponíveis. O mês mais económico costuma ser abril, com valores a partir de 32 € por dia, sendo uma boa altura para procurar tarifas mais baixas. Durante a época alta, em fevereiro, o preço diário pode subir até 47 €, refletindo uma maior procura. Para conseguires o melhor preço, a recomendação é reservares o teu carro com menos de uma semana de antecedência em relação à data de recolha.</p><h3>Aeroporto de Cracóvia: como escolher o carro certo</h3><p>No Aeroporto de Cracóvia, as classes mais procuradas são o compacto e o crossover, ambas adequadas ao contexto da cidade e à região envolvente. O crossover oferece maior altura ao solo para terrenos variados, mais espaço de bagagem, posição de condução elevada com melhor visibilidade e um formato compacto que facilita as manobras nas zonas urbanas, mantendo um consumo próximo dos modelos menores. Podes optar por um aluguer com devolução noutro local, se preferires. A recolha no terminal começa em cerca de 12 €, enquanto os pontos de recolha em Cracóvia partem de aproximadamente 13 €.</p><h3>Aeroporto de Cracóvia: empresas de aluguer de carro mais populares</h3><p>No Aeroporto de Cracóvia, em Cracóvia, na Polónia, encontras 44 fornecedores de aluguer de automóveis, sendo a Flex To Go o mais popular. Entre as opções destaca-se a Autocash, com classificação de 5 e preços a partir de 105 €, e a Europcar, com classificação de 5 e valores a partir de 44 €. A Panek, a Car Net, a Rentis e a Goldcar apresentam também classificação de 5. Os fornecedores oferecem diferentes tipos de levantamento, incluindo terminal do aeroporto, autocarro de transporte gratuito e serviço de receção. As tarifas diárias começam em cerca de 11 €.</p><h3>Aeroporto de Cracóvia: principais dicas para conduzir</h3><p>Ao levantares o teu carro no Aeroporto de Cracóvia, conduzes sempre pela direita e deves respeitar os limites de velocidade locais: 140 km/h nas autoestradas, 120 km/h nas vias rápidas, 90 km/h nas estradas nacionais e 50 km/h dentro das localidades. A cobertura do Google Maps na Polónia é fiável, o que facilita a navegação. A partir do aeroporto, chegas à cidade histórica de Wieliczka em cerca de 20 minutos para visitares as minas de sal. Zakopane, nas montanhas Tatra, fica a aproximadamente duas horas, enquanto Auschwitz, perto de Oświęcim, está a cerca de uma hora e meia de viagem.</p><h3>O que vai precisar ao alugar um carro em Cracóvia</h3><p>Ao alugar um carro no Aeroporto de Cracóvia, precisas de ter em conta as regras de idade. A idade mínima legal para conduzir na Polónia é de 18 anos, mas a maioria das empresas de aluguer exige uma idade mínima de 21 anos para levantar o veículo. Algumas cobram uma sobretaxa para condutores com menos de 25 anos, pelo que recomendamos confirmar estas condições antes da reserva. Normalmente, necessitas de apresentar a tua carta de condução válida, um documento de identificação ou passaporte e um cartão de crédito em nome do condutor principal para concluir o aluguer.</p>"
https://www.skyscanner.pt/aluguer-automovel-de/tfs/aluguer-automovel-de-tenerife-sul-aeroporto.html,"<h3>Aeroporto de Tenerife Sul: como encontrar uma oferta barata de aluguer de carro</h3><p>Alugar um carro no Aeroporto de Tenerife Sul tem um preço médio diário de cerca de 66 €, mas esse valor varia ao longo do ano. O mês mais barato costuma ser junho, com diárias a partir de aproximadamente 28 €, o que ajuda a reduzir custos se tiveres flexibilidade nas datas. Durante a época alta, especialmente em março, os preços podem subir até cerca de 92 € por dia. Para consequires uma tarifa mais vantajosa, recomenda-se reservar com menos de uma semana de antecedência, quando as diárias tendem a ser mais competitivas neste aeroporto.</p><h3>Aeroporto de Tenerife Sul: como escolher o carro certo</h3><p>No Aeroporto de Tenerife Sul, a classe mais procurada é o compacto de 4 a 5 portas, uma escolha prática para percorrer a ilha e chegar a praias, vilas e estradas de montanha. Este tipo de carro oferece maior eficiência de combustível, espaço de carga adequado, lugares confortáveis para grupos maiores e boa versatilidade em diferentes terrenos, além de uma posição de condução mais elevada. O aluguer só de ida está disponível, permitindo devolver o carro noutra localização. No aeroporto encontras tarifas desde 5 €, enquanto em Santa Cruz de Tenerife os preços começam em cerca de 6 €.</p><h3>Aeroporto de Tenerife Sul: empresas de aluguer de carro mais populares</h3><p>No Aeroporto de Tenerife Sul, na Espanha, encontras 30 fornecedores de aluguer de automóveis. O mais popular é a Goldcar, com uma avaliação de 5 baseada em cerca de 1900 opiniões e preços a partir de 7 €. A Turisprime tem preços desde 11 € e a Europcar desde 14 €, ambas com avaliação de 5. A OK Mobility também começa em 7 €. A recolha dos veículos faz-se sobretudo no terminal do aeroporto, embora alguns fornecedores disponibilizem transporte gratuito de autocarro até ao ponto de recolha. Os preços diários começam em cerca de 5 €.</p><h3>Aeroporto de Tenerife Sul: principais dicas para conduzir</h3><p>Ao levantar o teu carro no Aeroporto de Tenerife Sul, conduzirás pela direita, como em toda a Espanha. Os limites de velocidade são de 120 km/h nas autoestradas, 100 km/h nas vias rápidas, 90 km/h nas estradas nacionais e 50 km/h dentro das localidades. A partir do aeroporto, chegas a Los Cristianos em cerca de 15 minutos pela autoestrada TF-1, ideal para aceder às praias do sul. Costa Adeje fica a poucos quilómetros a oeste, enquanto Santa Cruz de Tenerife exige cerca de uma hora para norte. A cobertura do Google Maps é fiável em toda a ilha, facilitando a navegação.</p><h3>O que vai precisar ao alugar um carro em Tenerife Sul</h3><p>Ao alugar um carro no Aeroporto de Tenerife Sul, a maioria das empresas exige uma idade mínima de 21 anos, embora a idade legal para conduzir em Espanha seja 18 anos. Esta diferença é importante, pois ter idade para conduzir não garante o direito de alugar. Algumas empresas aplicam ainda uma sobretaxa a condutores com menos de 25 anos, pelo que convém confirmar estas condições antes de reservar. Para concluir o aluguer, precisas de uma carta de condução válida, do teu documento de identificação ou passaporte e de um cartão de crédito em nome do condutor principal para a caução.</p>"
https://www.skyscanner.pt/aluguer-automovel-de/aga/aluguer-automovel-de-agadir-aeroporto.html,"<h3>Aeroporto de Agadir: como encontrar uma oferta barata de aluguer de carro</h3><p>Alugar um carro no Aeroporto de Agadir custa, em média, cerca de 47 € por dia, mas o valor varia conforme a época do ano. Junho costuma ser o mês mais barato, com diárias a partir de aproximadamente 30 €, o que ajuda a reduzir os custos da tua viagem. Durante a época alta, os preços sobem e maio regista uma das tarifas mais elevadas, alcançando cerca de 76 € por dia. Para conseguir um preço mais equilibrado, é aconselhável reservar o teu carro com cerca de 3 semanas de antecedência em relação à data de recolha.</p><h3>Aeroporto de Agadir: como escolher o carro certo</h3><p>No Aeroporto de Agadir, as classes compacto e SUV são as mais escolhidas, pois adaptam-se bem à cidade e às estradas que ligam à costa e ao interior. O compacto oferece boa manobrabilidade nas zonas urbanas e um consumo de combustível mais eficiente, enquanto o SUV acrescenta maior capacidade de passageiros, espaço de bagagem e conforto em viagens mais longas. Podes reservar um aluguer de sentido único e deixar o carro noutra localização. A recolha no terminal começa em cerca de 17 €, e nas proximidades da cidade encontras tarifas a partir de 22 €.</p><h3>Aeroporto de Agadir: empresas de aluguer de carro mais populares</h3><p>No Aeroporto de Agadir, em Marrocos, o fornecedor mais popular é a U-Save, um entre os 55 disponíveis. A Europcar tem uma classificação de 5, com preços a partir de 50 €, enquanto a Aircar parte de 29 € e a Locationauto de 59 €, ambas com nota 5. A Payless começa nos 44 € e a Auto-Union nos 38 €, também com 5. Os fornecedores oferecem várias opções de recolha, incluindo terminal do aeroporto, serviço de receção e autocarro de transporte gratuito. Os aluguer começam nos 19 € por dia em classes Economy e Mini.</p><h3>Aeroporto de Agadir: principais dicas para conduzir</h3><p>Ao levantares o carro no Aeroporto de Agadir, conduzirás à direita e deverás respeitar os limites de velocidade, que são de 120 km/h nas autoestradas, 100 km/h nas vias rápidas e estradas rurais, e 60 km/h dentro das localidades. A partir de Agadir, podes seguir até Taghazout, a norte pela costa, num percurso de cerca de 20 quilómetros. Para o interior, Taroudant fica a aproximadamente 80 quilómetros por estrada, enquanto Tiznit, a sul, dista cerca de 90 quilómetros. A cobertura do Google Maps é fiável em Marrocos, pelo que podes contar com a navegação para planear estas viagens.</p><h3>O que vai precisar ao alugar um carro em Agadir</h3><p>Ao alugar um carro perto do Aeroporto de Agadir, é importante conhecer os requisitos habituais. A idade mínima para conduzir em Marrocos é de 18 anos, mas para alugar um carro a maioria das empresas exige uma idade mínima de 21 anos. Algumas cobram uma sobretaxa para condutores com menos de 25 anos, pelo que convém confirmar estas condições antes da reserva. Para conduzir e alugar um carro precisas normalmente da tua carta de condução válida, do passaporte ou documento de identificação e de um cartão de crédito em nome do condutor principal para a caução.</p>"
https://www.skyscanner.pt/aluguer-automovel-de/brs/aluguer-automovel-de-bristol-aeroporto.html,"<h3>Aeroporto de Bristol: como encontrar uma oferta barata de aluguer de carro</h3><p>Alugar um carro no Aeroporto de Bristol tem um preço médio diário de cerca de 40 €, o que te dá uma referência clara ao comparar diferentes opções. Se procuras a tarifa mais baixa, outubro costuma ser o mês mais barato, com valores a partir de 28 € por dia. Durante a época alta, sobretudo em maio, os preços podem chegar aos 50 € diários, por isso vale a pena planear com atenção. Para conseguires o melhor preço, a reserva com menos de uma semana de antecedência tende a apresentar as tarifas mais vantajosas neste aeroporto.</p><h3>Aeroporto de Bristol: como escolher o carro certo</h3><p>No Aeroporto de Bristol, a classe mais procurada é a económica de transporte de passageiros, adequada ao contexto da cidade e das suas ruas estreitas. Com veículos de 4-5 portas, 5 lugares e espaço para dois volumes a partir de 24 €, ganhas facilidade de estacionamento e manobra, custos de aluguer e combustível mais baixos e menor impacto ambiental, sendo uma opção prática para viagens curtas ou individuais. Também podes alugar um carro no aeroporto e devolvê-lo noutro local. No aeroporto encontras tarifas desde 24 €, enquanto nas proximidades da cidade os preços começam em 26 €.</p><h3>Aeroporto de Bristol: empresas de aluguer de carro mais populares</h3><p>No Aeroporto de Bristol, no Reino Unido, encontras 22 fornecedores de aluguer de automóveis, sendo a Drivalia o mais popular, com preços a partir de 24 € por dia. A Europcar e a Keddy By Europcar apresentam ambas uma classificação de 5, com valores desde 51 € e 46 €. A Avis e a Enterprise têm classificação de 5, a partir de 45 €, enquanto a Alamo e a Sixt somam 5, com preços desde 43 € e 54 €. A recolha faz-se no terminal do aeroporto ou através de autocarro de transporte gratuito, consoante o fornecedor escolhido.</p><h3>Aeroporto de Bristol: principais dicas para conduzir</h3><p>Ao levantares o teu carro no Aeroporto de Bristol, lembra-te de que no Reino Unido a condução é feita pela esquerda. Nas autoestradas e vias rápidas o limite é de 110 km/h, nas estradas rurais desce para 90 km/h e nas zonas urbanas fica em 50 km/h. A cobertura do Google Maps é fiável em todo o país, o que facilita a orientação. A partir de Bristol podes conduzir até Bath, com os seus banhos romanos, em cerca de 30 minutos. Cheddar Gorge fica a menos de uma hora, enquanto Wells, a cidade mais pequena de Inglaterra, está igualmente próxima.</p><h3>O que vai precisar ao alugar um carro em Bristol</h3><p>No Aeroporto de Bristol, é útil saber que a idade mínima para conduzir no Reino Unido é de 17 anos, mas para alugar carro a maioria das empresas exige uma idade mínima de 21 anos. Algumas cobram uma sobretaxa para condutores com menos de 25 anos, pelo que convém confirmar estas condições antes da reserva. Para levantar o veículo, precisas normalmente de uma carta de condução válida, de um documento de identificação ou passaporte e de um cartão de crédito em nome do condutor principal. Verifica também se a tua carta é reconhecida no Reino Unido antes de viajares.</p>"
https://www.skyscanner.pt/aluguer-automovel-de/bud/aluguer-automovel-de-budapeste-aeroporto.html,"<h3>Aeroporto de Budapeste: como encontrar uma oferta barata de aluguer de carro</h3><p>Alugar um carro no Aeroporto de Budapeste tem um preço médio diário de cerca de 50 €, embora o valor varie ao longo do ano. Se procuras a opção mais económica, setembro costuma registar as tarifas mais baixas, com valores a partir de 44 € por dia. Durante a época alta, os preços sobem, e julho apresenta uma das tarifas diárias mais elevadas, chegando aos 72 €. Para conseguires um preço mais vantajoso, é aconselhável reservar o teu carro com pelo menos 1 semana de antecedência, garantindo assim mais disponibilidade e melhores condições na tua chegada a Budapeste.</p><h3>Aeroporto de Budapeste: como escolher o carro certo</h3><p>No Aeroporto de Budapeste, as classes premium e desportiva estão entre as mais escolhidas, adequadas a quem quer explorar a cidade com maior conforto e uma condução mais dinâmica nas avenidas e estradas em redor de Budapeste. Se preferires algo mais prático, um modelo compacto facilita o estacionamento e a manobra em ruas estreitas, reduz os custos de aluguer e combustível e serve bem viagens curtas ou solo. O aluguer com entrega noutro local está disponível, permitindo-te devolver o carro numa localização diferente. No aeroporto encontras tarifas desde 11 €, valor semelhante às recolhas próximas em Budapeste, também desde 11 €.</p><h3>Aeroporto de Budapeste: empresas de aluguer de carro mais populares</h3><p>No Aeroporto de Budapeste, em Budapeste, tens 33 fornecedores de aluguer de carros disponíveis, sendo Klass Wagen o mais procurado, com preços a partir de 15 € por dia. A Keddy By Europcar tem uma avaliação de 5, com preços desde 60 €, enquanto a Europcar, também com nota 5, começa nos 68 €. A U-Save e a Autonom têm avaliação de 5 e preços a partir de 22 €, e a Fox Autorent parte dos 34 €. A recolha faz-se no terminal do aeroporto ou através de autocarro de transporte gratuito, consoante o fornecedor escolhido.</p><h3>Aeroporto de Budapeste: principais dicas para conduzir</h3><p>Ao levantar o teu carro no Aeroporto de Budapeste, tens cerca de 16 km e 25 minutos até ao centro da cidade. Na Hungria conduz-se pela direita, com limites de velocidade de 130 km/h nas autoestradas, 110 km/h nas vias rápidas, 90 km/h nas estradas nacionais e 50 km/h dentro das localidades. A cobertura do Google Maps é fiável em todo o país. A partir de Budapeste, podes seguir até Szentendre, a 35 km e cerca de 40 minutos, ou continuar para Visegrád, a 50 km em 55 minutos. Esztergom fica a 65 km, aproximadamente 65 minutos de viagem.</p><h3>O que vai precisar ao alugar um carro em Budapeste</h3><p>Ao alugar um carro no Aeroporto de Budapeste, deves ter em atenção que a idade mínima varia consoante a finalidade. A maioria das empresas exige uma idade mínima de 21 anos para alugar, e algumas cobram uma sobretaxa para condutores com menos de 25 anos, pelo que recomendamos confirmar estas condições antes da reserva. Já a idade mínima para conduzir na Hungria é de 17 anos, um valor distinto do exigido para o aluguer. Para levantar e conduzir o veículo, precisas normalmente de carta de condução válida, documento de identificação ou passaporte e cartão de crédito em nome do condutor principal.</p>"
https://www.skyscanner.pt/aluguer-automovel-de/bva/aluguer-automovel-de-paris-beauvais-aeroporto.html,"<h3>Aeroporto de Paris Beauvais: como encontrar uma oferta barata de aluguer de carro</h3><p>No Aeroporto de Paris Beauvais, em França, o preço médio diário do aluguer de carro ronda os 41 €. Se procuras a melhor relação de preço, outubro costuma ser o mês mais económico, com valores a partir de cerca de 30 € por dia. Já a época alta ocorre em dezembro, quando as tarifas atingem os valores mais elevados, cerca de 46 € por dia. Comparar as diferentes opções disponíveis ajuda-te a encontrar uma tarifa adequada às tuas necessidades. Para garantir um preço mais vantajoso, sugere-se que faças a tua reserva com pelo menos 1 semana de antecedência.</p><h3>Aeroporto de Paris Beauvais: como escolher o carro certo</h3><p>No Aeroporto de Paris Beauvais, as classes mais procuradas são a económica e o carro familiar, opções que se ajustam bem à condução dentro e à volta de Paris. Um carro económico facilita o estacionamento e a manobra em espaços urbanos apertados, tem custos de aluguer e de combustível mais baixos e adequa-se a viagens curtas ou a quem viaja sozinho. Podes recolher o carro no terminal a partir de 48 €, enquanto nas proximidades da cidade os preços começam em cerca de 28 €. O aluguer com entrega noutro local está disponível, se preferires devolver o carro numa localização diferente.</p><h3>Aeroporto de Paris Beauvais: empresas de aluguer de carro mais populares</h3><p>No Aeroporto de Paris Beauvais, em França, encontras 16 fornecedores de aluguer de automóveis. O mais popular é a Keddy By Europcar, com uma avaliação de 5 baseada em 76 análises e preços a partir de 59 €. A Europcar tem uma avaliação de 5 e preços desde 61 €, enquanto a Hertz apresenta uma avaliação de 5 e valores a partir de 72 €. A Avis regista igualmente uma avaliação de 5. A recolha é feita no terminal do aeroporto. Entre as ofertas disponíveis, há veículos desde 38 € por dia com a Sixt.</p><h3>Aeroporto de Paris Beauvais: principais dicas para conduzir</h3><p>Ao alugar um carro no Aeroporto de Paris Beauvais, conduzes pelo lado direito da estrada e deves respeitar os limites de velocidade em França, que são de 130 km/h nas autoestradas, 110 km/h nas vias rápidas, 80 km/h nas estradas nacionais e 50 km/h dentro das localidades. A partir do aeroporto podes chegar facilmente a Beauvais, com a sua catedral, em cerca de 15 minutos, seguir até Compiègne e a sua floresta em aproximadamente uma hora, ou alcançar Paris em pouco mais de uma hora. A cobertura do Google Maps é fiável em França, o que facilita a orientação durante todo o percurso.</p><h3>O que vai precisar ao alugar um carro em Paris Beauvais</h3><p>Ao alugar um carro no Aeroporto de Paris Beauvais, deves ter em atenção alguns requisitos. Embora a idade mínima para conduzir em França seja de 17 anos, a maioria das empresas de aluguer exige que tenhas pelo menos 21 anos para levantar o veículo. Se tiveres menos de 25 anos, algumas empresas aplicam uma sobretaxa, pelo que convém confirmar estas condições antes de reservar. Para concluir o aluguer, precisas normalmente da carta de condução válida, de um documento de identificação ou passaporte e de um cartão de crédito em nome do condutor principal para a caução.</p>"
https://www.skyscanner.pt/aluguer-automovel-de/cph/aluguer-automovel-de-copenhagen-aeroporto.html,"<h3>Aeroporto de Copenhaga: como encontrar uma oferta barata de aluguer de carro</h3><p>Alugar um carro no Aeroporto de Copenhaga tem um preço médio diário de 88 €, embora o valor varie ao longo do ano. Setembro costuma ser o mês mais barato, com diárias a partir de 31 €, o que o torna uma boa opção se procuras reduzir custos. Já janeiro representa a época alta, quando as diárias podem chegar aos 150 €, um dos valores mais elevados registados. Para obteres o melhor preço, a sugestão é reservares com menos de uma semana de antecedência, ajustando a tua escolha ao período em que pretendes viajar em Copenhaga.</p><h3>Aeroporto de Copenhaga: como escolher o carro certo</h3><p>No Aeroporto de Copenhaga, a classe mais procurada é o compacto de 4-5 portas, uma opção que se adequa à cidade e às deslocações pela Dinamarca. Com lugar para cinco pessoas, configurações de assentos flexíveis e uma posição de condução mais alta, oferece boa visibilidade e conforto em percursos longos, sendo prática para grupos. Os valores começam nos 48 € por dia. Podes recolher o carro à chegada, com preços a partir de 26 € no aeroporto, ou optar por um ponto em Copenhaga a partir de 45 €. O aluguer com devolução noutro local também está disponível.</p><h3>Aeroporto de Copenhaga: empresas de aluguer de carro mais populares</h3><p>No Aeroporto de Copenhaga, na Dinamarca, encontras 14 fornecedores de aluguer de automóveis, sendo o Alamo o mais popular, com carros a partir de 46 € por dia. A Europcar e a Keddy By Europcar têm ambas uma classificação de 5, com preços desde 26 €, enquanto a Avis, a Sixt, a Budget e a National apresentam classificações de 5, com valores a partir de 52 €. O levantamento pode ser feito diretamente no terminal do aeroporto ou através de autocarro de transporte gratuito, consoante o fornecedor que escolheres para a tua reserva.</p><h3>Aeroporto de Copenhaga: principais dicas para conduzir</h3><p>A partir do Aeroporto de Copenhaga, chegas ao centro de Copenhaga em cerca de 18 minutos, percorrendo 12 km. Se quiseres explorar a região, Malmö fica a 40 km, com cerca de 35 minutos de viagem atravessando a ponte de Öresund, e Roskilde encontra-se a 35 km, também a uns 35 minutos. Helsingør situa-se a 50 km, com aproximadamente 50 minutos de condução. Na Dinamarca conduz-se pela direita, com limites de 130 km/h em autoestradas, 90 km/h em vias rápidas, 80 km/h em estradas nacionais e 50 km/h em zonas urbanas. A cobertura do Google Maps é fiável.</p><h3>O que vai precisar ao alugar um carro em Copenhaga</h3><p>Ao alugar um carro no Aeroporto de Copenhaga, é importante conheceres os requisitos básicos. Embora a idade mínima para conduzir na Dinamarca seja 18 anos, a maioria das empresas de aluguer exige uma idade mínima de 21 anos para reservar um veículo. Algumas aplicam ainda uma sobretaxa a condutores com menos de 25 anos, pelo que convém confirmares estas condições antes de reservar. Para levantar e conduzir o carro, precisas normalmente de uma carta de condução válida, do teu passaporte ou cartão de identificação e de um cartão de crédito em nome do condutor principal para a caução.</p>"
https://www.skyscanner.pt/aluguer-automovel-de/ein/aluguer-automovel-de-eindhoven-aeroporto.html,"<h3>Aeroporto de Eindhoven: como encontrar uma oferta barata de aluguer de carro</h3><p>Ao procurar um carro de aluguer no Aeroporto de Eindhoven, na Holanda, encontras um preço médio diário de cerca de 44 €. O mês mais barato para reservar costuma ser abril, com valores a partir de 33 € por dia, o que representa uma boa oportunidade para reduzir custos. Durante a época alta, sobretudo em junho, os preços tendem a subir, chegando aos 49 € diários. Para consegues o melhor valor, o mais indicado é reservar com cerca de 3 semanas de antecedência, garantindo assim mais opções disponíveis e tarifas mais equilibradas para a tua estadia em Eindhoven.</p><h3>Aeroporto de Eindhoven: como escolher o carro certo</h3><p>No Aeroporto de Eindhoven, as classes compacto e crossover são as mais procuradas, pois combinam dimensões práticas para circular na cidade com espaço suficiente para excursões pela região. Um crossover oferece maior capacidade de carga, uma posição de condução mais elevada com melhor visibilidade, condução estável em diferentes tipos de piso e consumo eficiente em trajetos mais longos. Podes alugar um carro no aeroporto e devolvê-lo noutro local, uma opção útil se planeias uma viagem só de ida. A recolha no aeroporto começa em 70 €, enquanto a recolha em Eindhoven pode ser mais barata, a partir de 36 €.</p><h3>Aeroporto de Eindhoven: empresas de aluguer de carro mais populares</h3><p>No Aeroporto de Eindhoven, na Holanda, encontras 12 fornecedores de aluguer de carros, sendo a Alamo o mais procurado. A Europcar tem uma avaliação de 5, a partir de 80 €, e a Flizzr também alcança 5, com preços desde 125 €. A Sixt reúne uma pontuação de 5, desde 120 €, enquanto a Avis e a Budget ficam nos 5. A Enterprise apresenta 5, a partir de 79 €. Todos os fornecedores oferecem recolha no terminal do aeroporto, o que simplifica o levantamento após a tua chegada. Os preços começam em cerca de 60 € por dia.</p><h3>Aeroporto de Eindhoven: principais dicas para conduzir</h3><p>Ao levantares o teu carro de aluguer no Aeroporto de Eindhoven, conduzes pela direita e deves respeitar os limites de velocidade, que são de 100 km/h nas autoestradas, 80 km/h nas vias expresso e estradas nacionais, e 50 km/h dentro das localidades. A partir de Eindhoven, chegas a Den Bosch em cerca de 40 minutos por autoestrada, enquanto Tilburg fica a uns 30 minutos para oeste. Maastricht encontra-se mais a sul, a cerca de uma hora de viagem. A cobertura do Google Maps na Holanda é fiável, por isso podes contar com a navegação durante todo o percurso.</p><h3>O que vai precisar ao alugar um carro em Eindhoven</h3><p>Para alugar um carro no Aeroporto de Eindhoven, a maioria das empresas exige uma idade mínima de 21 anos, embora a idade mínima legal para conduzir na Holanda seja de 18 anos. Convém teres em atenção que algumas empresas cobram uma sobretaxa a condutores com menos de 25 anos, pelo que deves confirmar estas condições antes de reservar. Para conduzir e levantar o veículo, precisas normalmente de carta de condução válida, documento de identificação ou passaporte e um cartão de crédito em nome do condutor principal. Verifica sempre os requisitos específicos indicados por cada empresa no momento da reserva.</p>"
https://www.skyscanner.pt/aluguer-automovel-de/fra/aluguer-automovel-de-frankfurt-am-main-aeroporto.html,"<h3>Aeroporto de Frankfurt Am Main: como encontrar uma oferta barata de aluguer de carro</h3><p>Ao alugar um carro no Aeroporto de Frankfurt Am Main, encontras um preço médio diário de cerca de 40 €. O mês mais económico para reservar é fevereiro, quando o valor desce para aproximadamente 32 € por dia. Já janeiro corresponde à época alta, com tarifas que podem chegar aos 50 € diários, um dos valores mais elevados registados no ano. Para conseguires o melhor preço, deves fazer a tua reserva menos de uma semana antes da data pretendida, o que te permite acompanhar as tarifas disponíveis e escolher a opção mais adequada às tuas necessidades de viagem.</p><h3>Aeroporto de Frankfurt Am Main: como escolher o carro certo</h3><p>No Aeroporto de Frankfurt Am Main, as categorias mais procuradas são o compacto e o crossover, que se adaptam bem à cidade e aos seus arredores. O crossover oferece maior altura ao solo para terrenos variados, mais espaço para bagagem, posição de condução elevada com melhor visibilidade e dimensões que facilitam a manobra em ambiente urbano, mantendo um consumo próximo dos modelos menores. Podes levantar o carro num local e devolvê-lo noutro, com aluguer só de ida disponível. No aeroporto, encontras tarifas a partir de 27 €, enquanto nas proximidades da cidade os preços começam nos 32 €.</p><h3>Aeroporto de Frankfurt Am Main: empresas de aluguer de carro mais populares</h3><p>No Aeroporto de Frankfurt Am Main, encontras a Wheego entre os 21 fornecedores disponíveis, com carros das classes Economy e Mini a partir de 28 € por dia e Compact a partir de 34 €. A Europcar tem uma classificação de 5, com preços desde 40 €, seguida pela Enterprise, também com nota 5 e valores a partir de 39 €. A National reúne nota 5, com carros desde 42 €, enquanto a Buchbinder e a Flizzr mantêm classificações igualmente altas. A recolha é feita no terminal do aeroporto na maioria dos fornecedores, facilitando o levantamento à chegada.</p><h3>Aeroporto de Frankfurt Am Main: principais dicas para conduzir</h3><p>Ao levantares o carro no Aeroporto de Frankfurt Am Main, conduz sempre pelo lado direito da estrada. O centro de Frankfurt fica a 12 km, cerca de 20 minutos de viagem. A partir daí, podes seguir até Wiesbaden, a 35 km e 30 minutos, ou percorrer os 70 km até Rüdesheim am Rhein em cerca de 60 minutos. Heidelberg está a 90 km, aproximadamente 75 minutos. Nas autoestradas a velocidade é livre, nas vias rápidas e estradas rurais o limite é 100 km/h e nas zonas urbanas é 50 km/h. A cobertura do Google Maps é fiável no país.</p><h3>O que vai precisar ao alugar um carro em Frankfurt Am Main</h3><p>Ao alugar um carro no Aeroporto de Frankfurt Am Main, na Alemanha, deves ter em conta que a idade mínima para conduzir é de 18 anos, mas a maioria das empresas exige que tenhas pelo menos 21 anos para efetuar o aluguer. Algumas cobram uma sobretaxa para condutores com menos de 25 anos, pelo que convém confirmar estas condições antes da reserva. Para conduzir e levantar o veículo, precisas normalmente da tua carta de condução válida, do documento de identificação ou passaporte e de um cartão de crédito em nome do condutor principal para a caução.</p>"
https://www.skyscanner.pt/aluguer-automovel-de/ios/aluguer-automovel-de-ilheus-aeroporto.html,"<h3>Aeroporto de Ilhéus: como encontrar uma oferta barata de aluguer de carro</h3><p>Se procuras alugar um carro no Aeroporto de Ilhéus, o preço médio diário ronda os 31 €, o que te dá uma referência útil para comparar diferentes opções. O mês mais barato para alugar é junho, com valores a partir de 24 € por dia, sendo uma boa altura para reduzires custos. Já janeiro corresponde à época alta, quando as tarifas atingem os 39 € por dia, um dos valores mais elevados registados. Para conseguires o melhor preço, o ideal é reservares com cerca de uma semana de antecedência, garantindo assim mais disponibilidade e tarifas mais equilibradas.</p><h3>Aeroporto de Ilhéus: como escolher o carro certo</h3><p>No Aeroporto de Ilhéus, a classe mais procurada é o compacto de 4 a 5 portas, uma escolha adequada às ruas estreitas e movimentadas da cidade. Este tipo de carro facilita o estacionamento e as manobras em espaços apertados, reduz os custos de aluguer e combustível e ajusta-se bem a viagens curtas ou a quem circula sozinho. Também consegues alugar um carro no aeroporto e devolvê-lo noutro local, o que torna o percurso mais flexível. No terminal, os preços partem de cerca de 43 € por dia, enquanto os pontos de recolha em Ilhéus apresentam ofertas a partir de 30 €.</p><h3>Aeroporto de Ilhéus: empresas de aluguer de carro mais populares</h3><p>No Aeroporto de Ilhéus encontras 6 empresas de aluguer de automóveis, sendo a Localiza a mais popular, com uma avaliação de utilizadores de 4 em 5. A Movida oferece a maior variedade de opções, com preços a partir de 51 € por dia para um Mini, além de SUV, crossover, pick-up e carrinha, chegando aos 127 € por dia num Fullsize SUV. A Unidas disponibiliza um Economy de quatro a cinco portas a partir de 43 € por dia. A maioria dos veículos é levantada no terminal do aeroporto, o que facilita a recolha à chegada.</p><h3>Aeroporto de Ilhéus: principais dicas para conduzir</h3><p>Ao levantares o teu carro no Aeroporto de Ilhéus, lembra-te de que no Brasil se conduz pela direita e que os limites de velocidade são de 120 km/h nas autoestradas, 80 km/h nas vias expressas e estradas rurais, e 50 km/h dentro das áreas urbanas. A cobertura do Google Maps é fiável no país, o que facilita a navegação. A partir do aeroporto, podes seguir até Itacaré, cerca de 70 km para norte, ideal para explorar a costa. Também alcanças Olivença em poucos minutos para sul, ou segues para Uruçuca, aproximadamente 40 km, atravessando zonas de mata.</p><h3>O que vai precisar ao alugar um carro em Ilhéus</h3><p>Ao levantar um carro no Aeroporto de Ilhéus, importa distinguir duas idades. No Brasil, a idade mínima para conduzir é de 18 anos, mas para alugar carro perto do Aeroporto de Ilhéus a maioria das empresas exige uma idade mínima de 21 anos. Algumas cobram uma sobretaxa para condutores com menos de 25 anos, pelo que recomendamos confirmar estas condições antes da reserva. Para conduzir e alugar, precisas normalmente de carta de condução válida, documento de identificação ou passaporte e um cartão de crédito em nome do condutor principal para a caução. Verifica se a tua carta é aceite.</p>"
https://www.skyscanner.pt/aluguer-automovel-de/lju/aluguer-automovel-de-ljubljana-aeroporto.html,"<h3>Aeroporto de Liubliana: como encontrar uma oferta barata de aluguer de carro</h3><p>Alugar um carro no Aeroporto de Liubliana tem um preço médio diário de 50 €, o que te permite deslocar-te com autonomia pela Eslovénia. Se procuras o valor mais baixo, setembro é o mês mais económico, com diárias a partir de 34 €. Já em agosto, durante a época alta, os preços sobem e podem chegar aos 69 € por dia, refletindo o aumento da procura no verão. Para conseguires uma tarifa mais vantajosa, é recomendável reservares o teu carro com cerca de 2 semanas de antecedência, garantindo assim mais opções disponíveis e um preço mais equilibrado.</p><h3>Aeroporto de Liubliana: como escolher o carro certo</h3><p>No Aeroporto de Liubliana, as classes mais procuradas são o compacto e o crossover, opções que se adaptam bem à variedade de percursos da Eslovénia. O crossover combina maior distância ao solo para terrenos diversos, mais espaço para bagagem e equipamento, posição de condução elevada com boa visibilidade e um formato compacto que facilita a circulação urbana em Liubliana, mantendo um consumo próximo dos modelos mais pequenos. Podes recolher o carro no terminal a partir de 28 € por dia, valor semelhante às tarifas na cidade, também a partir de 28 €. O aluguer com entrega noutra localização está disponível.</p><h3>Aeroporto de Liubliana: empresas de aluguer de carro mais populares</h3><p>No Aeroporto de Liubliana, na Eslovénia, encontras 26 fornecedores de aluguer de automóveis, sendo a Carwiz o mais popular, com viaturas a partir de 36 € por dia. A Europcar tem uma avaliação de 5, com carros desde 39 €, tal como a Alamo, também com avaliação de 5 e preços a partir de 39 €. A Auto-Union parte de 63 €, igualmente com avaliação de 5. Outras opções incluem a Goldcar, desde 31 €, e a avingo, desde 40 €. Todos os fornecedores oferecem recolha no terminal do aeroporto, facilitando o levantamento à chegada.</p><h3>Aeroporto de Liubliana: principais dicas para conduzir</h3><p>Ao levantares o teu carro no Aeroporto de Liubliana, conduzes pela direita e deves respeitar os limites de velocidade, que são de 110 a 130 km/h nas autoestradas, 90 km/h nas estradas nacionais e 50 km/h nas zonas urbanas. A cobertura do Google Maps é fiável em todo o território esloveno. A partir do aeroporto, chegas ao centro de Liubliana em cerca de 25 minutos por autoestrada. O Lago Bled fica a menos de uma hora para noroeste, ideal para um passeio junto à água. As grutas de Postojna situam-se a sul, a cerca de 50 minutos de carro pela autoestrada.</p><h3>O que vai precisar ao alugar um carro em Liubliana</h3><p>Ao alugar um carro no Aeroporto de Liubliana, deves ter atenção às idades exigidas. A idade mínima legal para conduzir na Eslovénia é 18 anos, mas a maioria das empresas de aluguer exige que tenhas pelo menos 21 anos para reservar um veículo. Se tiveres menos de 25 anos, algumas empresas aplicam uma sobretaxa adicional, por isso confirma estas condições antes de fechares a reserva. Para levantar o carro precisas de apresentar a tua carta de condução válida, um documento de identificação ou passaporte, e um cartão de crédito em teu nome para a caução.</p>"
https://www.skyscanner.pt/aluguer-automovel-de/nte/aluguer-automovel-de-nantes-aeroporto.html,"<h3>Aeroporto de Nantes: como encontrar uma oferta barata de aluguer de carro</h3><p>Ao alugar um carro no Aeroporto de Nantes, em França, encontras um preço médio diário de cerca de 41 €. O mês mais barato para reservar é setembro, com valores a partir de 30 € por dia, enquanto a época alta se concentra em julho, altura em que a tarifa diária pode chegar aos 46 €. Se procuras um valor mais equilibrado, tem em conta estas diferenças ao longo do ano. Para conseguires o melhor preço, recomenda-se que faças a tua reserva com cerca de 3 semanas de antecedência relativamente à data de levantamento do veículo.</p><h3>Aeroporto de Nantes: como escolher o carro certo</h3><p>No Aeroporto de Nantes, as classes compacto e crossover são as mais procuradas, uma opção prática para circular no centro de Nantes e nas estradas da região. Um crossover oferece maior distância ao solo para pisos variados, mais espaço para bagagem e equipamento, posição de condução elevada para melhor visibilidade e dimensões contidas que facilitam as manobras em zona urbana, com consumo próximo de um carro pequeno. Um compacto crossover começa em cerca de 54 € por dia. O aluguer com devolução noutro local está disponível. No aeroporto encontras tarifas desde 47 €, enquanto na cidade os preços começam em 32 €.</p><h3>Aeroporto de Nantes: empresas de aluguer de carro mais populares</h3><p>No Aeroporto de Nantes, em França, encontras 15 fornecedores de aluguer de automóveis, sendo a Europcar o mais popular, com uma classificação de 5 baseada em 332 avaliações e preços a partir de 57 €. A Avis tem uma classificação de 5 e disponibiliza carros desde 60 €, enquanto a Budget parte de 59 € e a Enterprise de 57 €. A Sixt apresenta preços a partir de 88 €. A recolha faz-se no terminal do aeroporto na maioria dos fornecedores, havendo também a opção de autocarro de transporte gratuito, por exemplo com a Rentscape, cujos preços começam em 50 € por dia.</p><h3>Aeroporto de Nantes: principais dicas para conduzir</h3><p>Ao levantares o teu carro no Aeroporto de Nantes, circula sempre pelo lado direito da estrada. Nas autoestradas o limite de velocidade é de 130 km/h, descendo para 110 km/h nas vias rápidas, 80 km/h nas estradas nacionais e 50 km/h dentro das localidades. A partir do aeroporto, chegas a Pornic em cerca de 45 minutos, seguindo pela costa atlântica. Podes também conduzir até Guérande, conhecida pelas salinas, ou seguir para Angers, a leste, num percurso de aproximadamente uma hora e meia. A cobertura do Google Maps em França é fiável, o que facilita a orientação em qualquer trajeto por 0 €.</p><h3>O que vai precisar ao alugar um carro em Nantes</h3><p>Ao alugar um carro no Aeroporto de Nantes, deves saber que a maioria das empresas exige uma idade mínima de 21 anos para efetuar o aluguer. Algumas cobram uma sobretaxa a condutores com menos de 25 anos, por isso convém confirmar estas condições antes da reserva. Em França, a idade mínima para conduzir é de 17 anos, valor inferior ao exigido para alugar. Para conduzir e levantar o veículo, precisas normalmente de carta de condução válida, documento de identificação ou passaporte e um cartão de crédito em nome do condutor principal para a caução.</p>"
https://www.skyscanner.pt/aluguer-automovel-de/vix/aluguer-automovel-de-vitoria-aeroporto.html,"<h3>Aeroporto de Vitória: como encontrar uma oferta barata de aluguer de carro</h3><p>Alugar um carro no Aeroporto de Vitória, em Vitória, tem um preço médio diário de 41 €, o que te dá uma referência para comparar diferentes opções. Se procuras a tarifa mais baixa, outubro costuma ser o mês mais barato, com valores a partir de 26 € por dia. Durante a época alta, sobretudo em janeiro, os preços podem chegar aos 88 € diários, pelo que convém planear com atenção nesse período. Para consegues garantir um preço mais competitivo, o ideal é reservares o teu carro com cerca de 1 semana de antecedência em relação à data de recolha.</p><h3>Aeroporto de Vitória: como escolher o carro certo</h3><p>No Aeroporto de Vitória, as classes compacto e SUV são as mais procuradas, uma combinação que se adapta bem à cidade litorânea e aos seus arredores. Um SUV oferece maior capacidade de lugares, amplo espaço para bagagem, melhor visibilidade e boa estabilidade em diferentes tipos de piso, o que facilita tanto os trajetos urbanos como as saídas para regiões vizinhas. O aluguer com entrega noutro local está disponível, permitindo recolher o carro ao aterrares e devolvê-lo num ponto diferente. No aeroporto, o valor mais baixo é de 25 €, enquanto nas proximidades da cidade encontras tarifas desde 19 €.</p><h3>Aeroporto de Vitória: empresas de aluguer de carro mais populares</h3><p>No Aeroporto de Vitória, em Brasil, tens 10 fornecedores de aluguer de automóveis à tua disposição. O mais popular é a Foco, com carros da classe Economy a partir de 22 € por dia, opções Compact desde 23 € e Intermediate desde 25 €, todos com recolha através de autocarro de transporte gratuito. A Movida oferece modelos a partir de 28 €, a Alamo desde 52 € e a Localiza desde 61 €, com recolha no terminal do aeroporto. As duas modalidades de recolha disponíveis são o autocarro de transporte gratuito e o terminal do aeroporto, conforme o fornecedor que escolheres.</p><h3>Aeroporto de Vitória: principais dicas para conduzir</h3><p>Ao alugares um carro no Aeroporto de Vitória, conduzes pela direita e deves respeitar os limites de velocidade locais: 120 km/h nas autoestradas, 80 km/h nas vias expressas e nas estradas rurais, e 50 km/h nas zonas urbanas. Podes seguir para Guarapari, a cerca de 60 km, conhecida pelas suas praias e pela orla movimentada. Domingos Martins, na região serrana a uns 45 km, oferece um percurso por estradas de montanha e clima mais fresco. Vila Velha, mesmo ao lado de Vitória, fica a poucos minutos. A cobertura do Google Maps no Brasil é fiável e ajuda-te a planear cada trajeto.</p><h3>O que vai precisar ao alugar um carro em Vitória</h3><p>Ao alugar um carro no Aeroporto de Vitória, tens de considerar dois limites de idade distintos. A idade mínima legal para conduzir no Brasil é 18 anos, mas para alugar carro perto do Aeroporto de Vitória a maioria das empresas exige uma idade mínima de 21 anos. Algumas cobram uma sobretaxa para condutores com menos de 25 anos, pelo que recomendamos confirmar estas condições antes da reserva. Para conduzir e alugar precisas normalmente da carta de condução válida, de um documento de identificação ou passaporte e de um cartão de crédito em nome do condutor principal.</p>"
https://www.skyscanner.pt/aluguer-automovel-de/bsb/aluguer-automovel-de-brasilia-aeroporto.html,"<h3>Aeroporto de Brasília: como encontrar uma oferta barata de aluguer de carro</h3><p>Alugar um carro no Aeroporto de Brasília tem um preço médio diário de cerca de 43 €, o que serve de referência para comparares as opções disponíveis. Se procuras a tarifa mais baixa, junho costuma ser o mês mais barato, com valores a partir de 28 € por dia. Já em novembro, período de maior procura, os preços podem chegar aos 90 € diários, por isso convém teres atenção às datas da tua viagem. Para conseguires um valor mais favorável, recomenda-se que faças a reserva com pelo menos 2 semanas de antecedência.</p><h3>Aeroporto de Brasília: como escolher o carro certo</h3><p>No Aeroporto de Brasília, as classes compacto e crossover são as mais procuradas, uma escolha que se ajusta bem a uma cidade de longas distâncias e vias amplas. Estes veículos oferecem maior capacidade de lugares, bom espaço para bagagem, melhor visibilidade, condução estável e versatilidade em diferentes terrenos, o que facilita tanto os trajetos urbanos como as saídas para os arredores. Podes alugar no aeroporto e devolver o carro noutro local, uma opção prática se não vais regressar ao ponto de partida. A tarifa mais baixa no aeroporto começa em 29 €, o mesmo valor encontrado em pontos de recolha em Brasília.</p><h3>Aeroporto de Brasília: empresas de aluguer de carro mais populares</h3><p>No Aeroporto de Brasília encontras 12 fornecedores de aluguer de automóveis, sendo a Localiza o mais procurado, com uma classificação de 5 e preços a partir de 35 €. A Europcar apresenta a mesma classificação de 5, enquanto a Unidas parte de 37 € e a Movida de 36 €, ambas também avaliadas em 5. A recolha do veículo é feita no terminal do aeroporto na maioria dos casos, havendo ainda a opção de autocarro de transporte gratuito com alguns fornecedores. Os preços diários começam em 26 € para a categoria Mini, entre outras classes disponíveis.</p><h3>Aeroporto de Brasília: principais dicas para conduzir</h3><p>Ao alugar um carro no Aeroporto de Brasília, conduzes pela direita e deves respeitar os limites de velocidade, que são de 120 km/h em autoestradas, 80 km/h em vias expressas e estradas rurais, e 50 km/h em zonas urbanas. A cobertura do Google Maps é fiável no Brasil, o que facilita a orientação. A cerca de 120 km, Pirenópolis oferece um trajeto tranquilo por estradas de campo. A Chapada dos Veadeiros fica a aproximadamente 230 km e requer atenção em troços mais isolados. Já Cristalina, a uns 130 km, é acessível por autoestrada e adequada para uma viagem curta.</p><h3>O que vai precisar ao alugar um carro em Brasília</h3><p>Ao alugar um carro no Aeroporto de Brasília, é importante conhecer as regras de idade. A idade mínima legal para conduzir no Brasil é de 18 anos, mas a maioria das empresas de aluguer exige uma idade mínima de 21 anos para levantar o veículo. Algumas cobram ainda uma sobretaxa para condutores com menos de 25 anos, pelo que vale a pena confirmar estas condições antes de reservar. Para conduzir e alugar, precisas normalmente de uma carta de condução válida, de um documento de identificação ou passaporte e de um cartão de crédito em nome do condutor principal.</p>"
https://www.skyscanner.pt/aluguer-automovel-de/nvt/aluguer-automovel-de-navegantes-aeroporto.html,"<h3>Aeroporto de Navegantes: como encontrar uma oferta barata de aluguer de carro</h3><p>Alugar um carro no Aeroporto de Navegantes tem um preço médio diário de cerca de 42 €, mas o valor varia ao longo do ano. Se procuras a opção mais económica, junho costuma registar as tarifas mais baixas, com diárias a partir de 18 €. Já durante a época alta, sobretudo em outubro, os preços sobem e podem chegar aos 98 € por dia. Para conse(guires) um valor mais favorável, deves comparar as ofertas disponíveis com atenção às datas escolhidas. Neste aeroporto, reservar com menos de uma semana de antecedência tende a garantir-te os melhores preços.</p><h3>Aeroporto de Navegantes: como escolher o carro certo</h3><p>No Aeroporto de Navegantes, a classe mais procurada é a compacto de 4-5 portas, adequada ao contexto da cidade e das viagens pela região litoral de Santa Catarina. Este tipo de carro oferece espaço para passageiros e bagagem, configurações de lugares práticas para grupos, melhor visibilidade graças à posição de condução mais elevada e conforto em percursos mais longos, com boa relação qualidade-preço. Podes alugar no aeroporto e devolver noutro local, através do aluguer só de ida. No aeroporto, os preços começam em 17 € por dia, valor idêntico ao encontrado nos pontos de recolha em Navegantes.</p><h3>Aeroporto de Navegantes: empresas de aluguer de carro mais populares</h3><p>No Aeroporto de Navegantes encontras 11 fornecedores de aluguer de carros, sendo a Foco o mais procurado, com uma classificação dos utilizadores de 4 em 5. Com a Foco os preços começam em cerca de 17 € por dia num Economy de 4 a 5 portas, com opções Compact e Intermediate a partir de 23 €. A Movida disponibiliza modelos Mini desde 30 € e a Localiza tem uma pick-up Premium desde 104 €. Quanto à recolha, os fornecedores oferecem duas opções: autocarro de transporte gratuito até ao balcão ou levantamento diretamente no terminal do aeroporto.</p><h3>Aeroporto de Navegantes: principais dicas para conduzir</h3><p>Ao sair do Aeroporto de Navegantes, conduzes pelo lado direito da estrada, seguindo os limites de velocidade do Brasil: até 120 km/h em autoestradas, 80 km/h em vias expressas e estradas rurais, e 50 km/h em zonas urbanas. A partir daqui, chegas a Balneário Camboriú em cerca de 40 minutos, um percurso curto pela costa. Blumenau fica a aproximadamente uma hora, seguindo para o interior, enquanto Itajaí está a poucos minutos, ideal para uma visita rápida. A cobertura do Google Maps é fiável em todo o país, o que facilita a navegação entre estes destinos com precisão.</p><h3>O que vai precisar ao alugar um carro em Navegantes</h3><p>Ao alugar um carro no Aeroporto de Navegantes, é importante conheceres os requisitos básicos. No Brasil, a idade mínima legal para conduzir é 18 anos, mas para alugar carro perto do Aeroporto de Navegantes a maioria das empresas exige uma idade mínima de 21 anos. Algumas cobram uma sobretaxa para condutores com menos de 25 anos, pelo que recomendamos confirmar estas condições antes da reserva. Precisas de apresentar uma carta de condução válida, um documento de identificação ou passaporte e um cartão de crédito em nome do condutor principal para cobrir a caução no momento do levantamento.</p>"
https://www.skyscanner.pt/aluguer-automovel-de/prg/aluguer-automovel-de-praga-aeroporto.html,"<h3>Aeroporto de Praga: como encontrar uma oferta barata de aluguer de carro</h3><p>Ao procurar aluguer de carro no Aeroporto de Praga, na República Checa, encontras um preço médio diário de cerca de 52 €. O mês mais barato costuma ser março, com valores a partir de 29 € por dia. Durante a época alta, os preços sobem, sendo abril um dos meses com tarifas mais elevadas, chegando aos 85 € diários. Para conseferires o melhor preço, a reserva pode ser feita com menos de uma semana de antecedência, o que te permite comparar as opções disponíveis próximo da data da tua viagem e ajustar a escolha ao teu orçamento.</p><h3>Aeroporto de Praga: como escolher o carro certo</h3><p>No Aeroporto de Praga, as classes compacto e crossover são as mais procuradas, sobretudo pelo intermediate crossover a partir de 19 € por dia. Adaptam-se bem a Praga porque combinam dimensões manobráveis para as ruas estreitas do centro com espaço suficiente para excursões pela República Checa. Beneficias de maior capacidade de bagagem, posição de condução mais elevada com boa visibilidade, versatilidade para diferentes trajetos e eficiência de combustível em viagens mais longas. Podes alugar no aeroporto e devolver noutro local. O preço mais baixo no aeroporto ronda os 8 €, enquanto nas proximidades da cidade parte de 17 €.</p><h3>Aeroporto de Praga: empresas de aluguer de carro mais populares</h3><p>No Aeroporto de Praga, na República Checa, encontras 28 fornecedores de aluguer de automóveis, sendo o NU Car Rentals o mais procurado, com preços a partir de 22 € por dia. Entre as opções conhecidas está a Europcar, com classificação de 5 e diária desde 66 €, e a Rent Plus, também com 5 e preços a partir de 30 €. A maioria dos fornecedores oferece recolha no terminal do aeroporto, embora alguns disponibilizem outras modalidades de recolha. As diárias começam nos 13 € nas categorias Economy e Mini, permitindo escolher conforme o teu orçamento e necessidades.</p><h3>Aeroporto de Praga: principais dicas para conduzir</h3><p>A partir do Aeroporto de Praga chegas ao centro da cidade em cerca de 22 minutos, percorrendo 17 km. A partir daí podes conduzir até Karlštejn, a 30 km e cerca de 35 minutos, ou seguir para Konopiště, a 45 km e aproximadamente 50 minutos de viagem. Kutná Hora fica a 75 km, cerca de 70 minutos de condução. Na República Checa conduz-se pelo lado direito, com limites de 130 km/h em autoestradas, 110 km/h em vias rápidas, 90 km/h em estradas nacionais e 50 km/h em zonas urbanas. A cobertura do Google Maps é fiável em todo o país.</p><h3>O que vai precisar ao alugar um carro em Praga</h3><p>Para conduzir na República Checa, a idade mínima é de 18 anos, mas para alugar carro perto do Aeroporto de Praga a maioria das empresas exige uma idade mínima de 21 anos. Algumas cobram uma sobretaxa para condutores com menos de 25 anos, pelo que recomendamos confirmar estas condições antes da reserva. Ao levantar o veículo, precisas de apresentar uma carta de condução válida, o teu passaporte ou documento de identidade e um cartão de crédito em nome do condutor principal. Se a tua carta não estiver em alfabeto latino, poderá ser exigida uma carta de condução internacional.</p>"
https://www.skyscanner.pt/aluguer-automovel-de/rvn/aluguer-automovel-de-rovaniemi-aeroporto.html,"<h3>Aeroporto de Rovaniemi: como encontrar uma oferta barata de aluguer de carro</h3><p>Alugar um carro no Aeroporto de Rovaniemi tem um preço médio diário de cerca de 68 €, mas o valor varia ao longo do ano. Setembro costuma ser o mês mais económico, com diárias a partir de 49 €, o que o torna uma boa altura para procurar tarifas mais baixas. Já em janeiro, durante a época alta, os preços sobem e podem chegar aos 97 € por dia, devido à maior procura na temporada de inverno. Para conseferires um preço mais vantajoso, o ideal é reservar o teu carro com cerca de 2 semanas de antecedência.</p><h3>Aeroporto de Rovaniemi: como escolher o carro certo</h3><p>No Aeroporto de Rovaniemi, as classes mais procuradas são o compacto e o crossover, pois adequam-se bem tanto às ruas de Rovaniemi como às estradas mais estreitas dos arredores. Estes carros oferecem estacionamento e manobrabilidade mais fáceis em espaços apertados, custos de aluguer e combustível mais baixos e menor impacto ambiental graças ao motor mais pequeno, sendo ideais para viagens curtas ou para quem viaja sozinho. Podes alugar um carro no aeroporto e devolvê-lo noutro local. A recolha no terminal começa em 40 €, enquanto na cidade encontras tarifas a partir de 47 €.</p><h3>Aeroporto de Rovaniemi: empresas de aluguer de carro mais populares</h3><p>No Aeroporto de Rovaniemi encontras 17 fornecedores de aluguer de carros, sendo a Green Motion o mais procurado, com preços a partir de 37 € por dia para um SUV Economy. A Europcar mantém uma classificação de 5 com base em 2822 avaliações, seguida da Hertz com nota 5 e 870 avaliações, e da Enterprise, também com 5, cujos preços começam nos 55 €. Todos estes fornecedores oferecem levantamento no terminal do aeroporto. Entre as restantes opções disponíveis contam-se a Alamo, a Keddy By Europcar e a Finn-Rent, com tarifas diárias que variam consoante a categoria escolhida.</p><h3>Aeroporto de Rovaniemi: principais dicas para conduzir</h3><p>Ao alugar um carro no Aeroporto de Rovaniemi, conduzes pela direita e respeitas os limites de velocidade definidos na Finlândia: 120 km/h nas autoestradas, 100 km/h nas vias rápidas, 80 km/h nas estradas nacionais e 50 km/h nas zonas urbanas. A partir da cidade, podes seguir para norte até Santa Claus Village, a poucos minutos de carro, onde encontras a linha do Círculo Polar Ártico. A leste, chegas à área de Ranua, e a oeste podes conduzir em direção a Kittilä, atravessando paisagens da Lapónia. A cobertura do Google Maps é fiável em todo o país, facilitando a navegação nas tuas viagens.</p><h3>O que vai precisar ao alugar um carro em Rovaniemi</h3><p>Para alugar um carro no Aeroporto de Rovaniemi, a maioria das empresas exige uma idade mínima de 21 anos, embora a idade mínima para conduzir na Finlândia seja de 18 anos. Convém notares esta distinção, pois ser habilitado a conduzir não significa poder alugar. Algumas empresas aplicam uma sobretaxa a condutores com menos de 25 anos, por isso confirma estas condições antes da reserva. Para levantar o veículo, precisas normalmente de uma carta de condução válida, do teu passaporte ou documento de identificação e de um cartão de crédito em nome do condutor principal para a caução.</p>"
https://www.skyscanner.pt/aluguer-automovel-de/ayt/aluguer-automovel-de-antalia-aeroporto.html,"<h3>Aeroporto de Antália: como encontrar uma oferta barata de aluguer de carro</h3><p>Alugar um carro no Aeroporto de Antália custa, em média, 52 € por dia, embora o valor varie ao longo do ano. Se procuras a opção mais económica, novembro costuma registar os preços mais baixos, com uma média diária de cerca de 41 €. Já durante a época alta, sobretudo em julho, a procura é maior e a diária pode chegar aos 65 €, um dos valores mais elevados do ano. Para conseguires um preço mais vantajoso, é aconselhável reservares o teu carro com menos de uma semana de antecedência em relação à data de recolha.</p><h3>Aeroporto de Antália: como escolher o carro certo</h3><p>No Aeroporto de Antália, a classe mais procurada é a de carros compactos e coupés, uma escolha que se adapta bem às ruas estreitas e movimentadas de Antália. Este tipo de carro facilita o estacionamento e as manobras em espaços apertados, reduz os custos de aluguer e combustível e tem menor impacto ambiental graças a um motor mais pequeno, sendo indicado para viagens curtas e para quem viaja sozinho. Podes alugar um carro no aeroporto e devolvê-lo noutro local. No aeroporto encontras tarifas desde 6 €, enquanto nas proximidades, em Antália, os preços partem de 8 €.</p><h3>Aeroporto de Antália: empresas de aluguer de carro mais populares</h3><p>No Aeroporto de Antália, na Turquia, encontras 104 fornecedores de aluguer de automóveis, sendo o Flex To Go o mais popular. Entre os melhor avaliados estão a Avec car rentals, com uma pontuação de 5 e preços a partir de 32 €, e a Essence, também com 5. A Europcar reúne mais de 900 avaliações e uma nota de 5, enquanto a Goldcar começa nos 37 € e a wings rent a car nos 98 €. Os levantamentos são feitos no terminal do aeroporto ou através de serviço de receção, conforme o fornecedor escolhido.</p><h3>Aeroporto de Antália: principais dicas para conduzir</h3><p>Ao alugar um carro no Aeroporto de Antália, conduzirás pelo lado direito da estrada, com limites de velocidade de 120 km/h nas autoestradas, 110 km/h nas vias rápidas, 90 km/h nas estradas rurais e 50 km/h nas zonas urbanas. A cidade de Antália fica a 13 km, cerca de 18 minutos de carro. A partir daí, podes chegar a Perge em cerca de 22 minutos, percorrendo 18 km, ou seguir até Aspendos, a 47 km e 50 minutos de distância. Side situa-se a 65 km, com cerca de 60 minutos de viagem. A cobertura do Google Maps na Turquia é fiável.</p><h3>O que vai precisar ao alugar um carro em Antália</h3><p>Para alugar um carro perto do Aeroporto de Antália, a maioria das empresas exige uma idade mínima de 21 anos, ainda que a idade mínima legal para conduzir na Turquia seja 18 anos. Convém distinguir estes dois valores, pois poderás conduzir aos 18, mas não alugar até aos 21. Algumas empresas cobram uma sobretaxa a condutores com menos de 25 anos, por isso confirma estas condições antes de reservar. Para concluir o aluguer, normalmente precisas da carta de condução válida, do passaporte ou documento de identidade e de um cartão de crédito em nome do condutor principal.</p>"
https://www.skyscanner.pt/aluguer-automovel-de/bel/aluguer-automovel-de-belem-aeroporto.html,"<h3>Aeroporto de Belém: como encontrar uma oferta barata de aluguer de carro</h3><p>Alugar um carro no Aeroporto de Belém tem um preço médio diário de 29 €, o que te dá uma referência útil ao comparar opções. Se procuras a tarifa mais baixa, fevereiro é o mês mais barato, com valores a partir de 16 € por dia. Durante a época alta, o preço diário pode subir até 38 €, sobretudo em maio, por isso vale a pena planear com atenção nesse período. Para conseures o melhor preço, sugere-se que reserves com menos de uma semana de antecedência, ajustando a escolha conforme a disponibilidade e as tuas datas de viagem.</p><h3>Aeroporto de Belém: como escolher o carro certo</h3><p>No Aeroporto de Belém, a classe mais procurada é o compacto de 4 a 5 portas, uma escolha adequada para circular pela cidade e pelas estradas da região. Este tipo de carro oferece boa capacidade de lugares, espaço de carga suficiente, melhor visibilidade, condução equilibrada e versatilidade para diferentes terrenos. Encontras opções compactas a partir de 37 € por dia. Podes alugar um carro no aeroporto e devolvê-lo noutro local, o que facilita percursos só de ida. O preço mais baixo no aeroporto é de 27 €, valor idêntico ao das recolhas em Belém, também a partir de 27 €.</p><h3>Aeroporto de Belém: empresas de aluguer de carro mais populares</h3><p>No Aeroporto de Belém, em Belém, encontras 8 fornecedores de aluguer de automóveis, sendo a Unidas o mais procurado, com uma classificação de utilizadores de 8 em 10. Com a Unidas, os preços começam em cerca de 27 € por dia para um carro da classe Economy com cinco lugares. Outras opções incluem a Movida, a partir de 29 € por dia, e a Localiza, desde 37 € por dia. A recolha do veículo é feita através de terminal do aeroporto na maioria dos fornecedores, enquanto a Unidas disponibiliza um autocarro de transporte gratuito até ao ponto de levantamento.</p><h3>Aeroporto de Belém: principais dicas para conduzir</h3><p>Ao levantar o teu carro no Aeroporto de Belém, conduzes pela direita, seguindo as regras habituais do Brasil. Nas autoestradas o limite é de 120 km/h, nas vias expressas e estradas nacionais desce para 80 km/h, e em meio urbano deves respeitar os 50 km/h. A partir da cidade, podes seguir até Icoaraci, junto à baía do Guajará, num percurso curto de cerca de 20 km. Mosqueiro, com as suas praias fluviais, fica a aproximadamente 70 km, enquanto Ananindeua se situa mais perto, a leste. A cobertura do Google Maps é fiável no país, facilitando a navegação entre estes destinos.</p><h3>O que vai precisar ao alugar um carro em Belém</h3><p>Para alugar um carro perto do Aeroporto de Belém, a maioria das empresas exige uma idade mínima de 21 anos, embora a idade mínima para conduzir no Brasil seja 18 anos. Esta diferença é importante, pois nem sempre quem pode conduzir tem idade para efetuar a reserva, e algumas empresas aplicam uma sobretaxa a condutores com menos de 25 anos. Confirma estas condições antes de reservar. Para levantar e conduzir o veículo, precisas normalmente de carta de condução válida, documento de identificação ou passaporte e um cartão de crédito em nome do condutor principal para a caução.</p>"
https://www.skyscanner.pt/aluguer-automovel-de/jpa/aluguer-automovel-de-joao-pessoa-aeroporto.html,"<h3>Aeroporto de João Pessoa: como encontrar uma oferta barata de aluguer de carro</h3><p>Alugar um carro no Aeroporto de João Pessoa, no Brasil, custa em média 27 € por dia, o que te dá uma referência para comparar as opções disponíveis. O mês mais barato costuma ser abril, com valores a partir de 23 € por dia, enquanto a época alta ocorre em junho, quando as tarifas podem chegar aos 37 € diários. Se pretendes viajar durante o período mais movimentado, convém teres em conta esta diferença de preço. Para conseguires um valor mais baixo, reserva o teu carro com cerca de 1 semana de antecedência em relação à data de levantamento.</p><h3>Aeroporto de João Pessoa: como escolher o carro certo</h3><p>No Aeroporto de João Pessoa, a classe mais procurada é a compacto, 4-5 portas, adequada para circular pela cidade e chegar ao litoral. Com lugar para cinco pessoas, boa visibilidade, condução estável e versatilidade em vários pisos, é uma opção prática para o dia a dia e para percursos mais longos. Podes alugar o carro à chegada e devolvê-lo noutra localização, num regime de sentido único. No aeroporto, o preço mais baixo que encontrámos é de 15 €, enquanto nas proximidades da cidade a tarifa parte dos 39 €, pelo que a recolha no aeroporto pode compensar.</p><h3>Aeroporto de João Pessoa: empresas de aluguer de carro mais populares</h3><p>No Aeroporto de João Pessoa, em Brasil, encontras 11 fornecedores de aluguer de automóveis. O mais popular é a Foco, com uma classificação dos utilizadores de 8 em 10, e preços a partir de cerca de 25 € por dia para categorias Economy e Compact, subindo para 37 € num modelo SUV. A Movida oferece opções desde cerca de 63 € por dia e a Unidas disponibiliza a categoria Premium a partir de 168 €. Quanto à recolha, alguns fornecedores como a Foco e a Unidas usam autocarro de transporte gratuito, enquanto a Movida faz a entrega no terminal do aeroporto.</p><h3>Aeroporto de João Pessoa: principais dicas para conduzir</h3><p>Ao levantares o teu carro no Aeroporto de João Pessoa, conduzes pela direita e deves respeitar os limites de velocidade, que são de 120 km/h em autoestradas, 80 km/h em vias expressas e estradas rurais, e 50 km/h em zonas urbanas. A cobertura do Google Maps é fiável no Brasil, o que facilita a orientação. A partir da cidade, chegas a Cabedelo em cerca de 20 minutos, seguindo pela costa. Campina Grande fica a cerca de 120 km para o interior, com acesso pela BR-230. Já Tambaba, no litoral sul, exige aproximadamente uma hora de viagem por estradas locais.</p><h3>O que vai precisar ao alugar um carro em João Pessoa</h3><p>Ao alugar um carro no Aeroporto de João Pessoa, deves ter em atenção que a idade mínima para conduzir no Brasil é de 18 anos, mas a maioria das empresas de aluguer exige que tenhas pelo menos 21 anos para reservar um veículo. Algumas cobram uma sobretaxa a condutores com menos de 25 anos, pelo que convém confirmar estas condições antes de fechar a reserva. Para levantar o carro, precisas normalmente da tua carta de condução válida, de um documento de identificação ou passaporte e de um cartão de crédito em nome do condutor principal para a caução.</p>"
https://www.skyscanner.pt/aluguer-automovel-de/muc/aluguer-automovel-de-munique-aeroporto.html,"<h3>Aeroporto de Munique: como encontrar uma oferta barata de aluguer de carro</h3><p>Ao procurar aluguer de carro no Aeroporto de Munique, encontras um preço médio diário de cerca de 46 €. O mês mais barato para alugar é dezembro, com valores a partir de 32 € por dia, o que ajuda a reduzir os custos se tiveres flexibilidade nas datas. Durante a época alta, os preços tendem a subir, e em outubro registam-se tarifas mais elevadas, na ordem dos 67 € por dia. Para conseguir um bom preço, a sugestão é reservares o teu carro com menos de uma semana de antecedência em relação à data de levantamento.</p><h3>Aeroporto de Munique: como escolher o carro certo</h3><p>No Aeroporto de Munique, a classe mais procurada é a económica, adequada para circular na cidade e nas estradas da região. Um modelo intermédio SUV, disponível a partir de 38 € por dia, oferece maior altura ao solo para terrenos variados, espaço adicional para bagagem, posição de condução elevada para melhor visibilidade e um formato compacto que facilita as manobras em zonas urbanas, com consumo próximo dos carros mais pequenos. Podes alugar num local e devolver noutro. A recolha no aeroporto começa em 15 €, enquanto na cidade de Munique as tarifas partem de 27 €.</p><h3>Aeroporto de Munique: empresas de aluguer de carro mais populares</h3><p>No Aeroporto de Munique, na Alemanha, o fornecedor mais procurado é a Flex To Go, com veículos a partir de 27 € por dia, incluindo classes Mini, Economy, Intermediate e Fullsize, todas com recolha por autocarro de transporte gratuito. No total, encontras 20 fornecedores neste aeroporto. A Buchbinder e a OK RENT A CAR reúnem uma classificação de 5, enquanto a Enterprise, com preços desde 52 €, a National, desde 60 €, e a Europcar apresentam 5. Estes fornecedores oferecem recolha no terminal do aeroporto, sendo a Flizzr uma opção adicional a partir de 75 €.</p><h3>Aeroporto de Munique: principais dicas para conduzir</h3><p>Ao alugares um carro no Aeroporto de Munique, conduzes pela direita e chegas ao centro de Munique em cerca de 35 minutos, percorrendo 28 km. A partir daqui, alcanças Freising em 14 minutos, com apenas 10 km de distância, ideal para uma primeira paragem. Para percursos mais longos, Ingolstadt fica a 80 km e cerca de 70 minutos, enquanto Landsberg am Lech está a 65 km e 60 minutos. Nas autoestradas alemãs não há limite fixo de velocidade, sendo de 100 km/h em vias rápidas e estradas nacionais e de 50 km/h em zonas urbanas. A cobertura do Google Maps é fiável.</p><h3>O que vai precisar ao alugar um carro em Munique</h3><p>Para alugar carro perto do Aeroporto de Munique, a maioria das empresas exige uma idade mínima de 21 anos. Algumas cobram uma sobretaxa para condutores com menos de 25 anos, pelo que recomendamos confirmar estas condições antes da reserva. Repara que a idade mínima para conduzir na Alemanha é de 18 anos, valor que não coincide com a idade mínima para alugar. Para conduzir e levantar o veículo, precisas normalmente de carta de condução válida, documento de identificação ou passaporte e um cartão de crédito em nome do condutor principal. Confirma sempre os requisitos junto da empresa escolhida.</p>"
https://www.skyscanner.pt/aluguer-automovel-de/pvh/aluguer-automovel-de-porto-velho-aeroporto.html,"<h3>Aeroporto de Porto Velho: como encontrar uma oferta barata de aluguer de carro</h3><p>Alugar um carro no Aeroporto de Porto Velho tem um preço médio diário de 29 €, embora o valor varie ao longo do ano. Se procuras a opção mais económica, julho costuma registar os preços mais baixos, com uma média de 21 € por dia. Já em janeiro, durante a época alta, o valor pode subir até 43 € por dia, um dos mais elevados do ano. Para consestuir o melhor preço, recomenda-se que faças a reserva com menos de uma semana de antecedência, ajustando assim a tua escolha à disponibilidade e às tarifas praticadas no momento.</p><h3>Aeroporto de Porto Velho: como escolher o carro certo</h3><p>No Aeroporto de Porto Velho, a classe mais procurada é a grande, do tipo pick-up, que se adapta bem às estradas e trajetos da região. Este tipo de veículo oferece maior capacidade e resistência, sendo prático tanto para deslocações urbanas como para percursos mais longos. Encontras opções de pick-up a partir de 63 € por dia. Se preferires, o aluguer com entrega num local diferente está disponível, permitindo-te devolver o carro noutro ponto. Quanto aos preços, o valor mais baixo no Aeroporto de Porto Velho é de 28 €, enquanto nas proximidades da cidade encontras tarifas a partir de 25 €.</p><h3>Aeroporto de Porto Velho: empresas de aluguer de carro mais populares</h3><p>No Aeroporto de Porto Velho, a Movida é o fornecedor mais procurado entre os 8 disponíveis, com carros a partir de 34 € por dia na categoria Mini e opções que incluem Fullsize e Premium por cerca de 71 €. A Localiza oferece SUV Intermediate a partir de 50 € e Pick-up a partir de 63 €, enquanto a locarx disponibiliza modelos Economy e Compact a partir de 30 €. A recolha varia conforme o fornecedor: alguns entregam a viatura no terminal do aeroporto, enquanto a locarx trabalha com serviço de receção. Assim consegues comparar preços e formatos de levantamento.</p><h3>Aeroporto de Porto Velho: principais dicas para conduzir</h3><p>No Aeroporto de Porto Velho conduzes pela direita, o que facilita a adaptação se já tens experiência neste sistema. Nas autoestradas o limite de velocidade é de 120 km/h, nas vias rápidas e nas estradas secundárias é de 80 km/h, e nas zonas urbanas desce para 50 km/h. A cobertura do Google Maps no Brasil é fiável, o que ajuda na navegação. A partir da cidade podes seguir até Candeias do Jamari, a cerca de 20 km, ideal para um percurso curto. Também consegues chegar a Porto Velho centro e a Jaci-Paraná ao longo da BR-364, com boas ligações rodoviárias.</p><h3>O que vai precisar ao alugar um carro em Porto Velho</h3><p>Para alugar um carro no Aeroporto de Porto Velho, a maioria das empresas exige uma idade mínima de 21 anos, ainda que a idade mínima para conduzir no Brasil seja de 18 anos. É importante notar esta diferença, pois ter carta de condução válida não garante por si só o aluguer. Algumas empresas cobram uma sobretaxa para condutores com menos de 25 anos, pelo que convém confirmar estas condições antes da reserva. Normalmente, precisas de apresentar a carta de condução válida, um documento de identificação ou passaporte e um cartão de crédito em nome do condutor principal.</p>"
https://www.skyscanner.pt/aluguer-automovel-de/stn/aluguer-automovel-de-londres-stansted-aeroporto.html,"<h3>Aeroporto de Londres Stansted: como encontrar uma oferta barata de aluguer de carro</h3><p>Alugar um carro no Aeroporto de Londres Stansted tem um preço médio diário de cerca de 45 €, mas o valor varia ao longo do ano. Se procuras a opção mais económica, junho costuma registar as tarifas mais baixas, com valores a partir de 33 € por dia. Já a época alta atinge o seu pico em abril, quando o preço diário pode chegar aos 65 €. Para garantir uma tarifa mais vantajosa, o ideal é reservar com pelo menos 1 semana de antecedência, o que te ajuda a evitar as subidas de preço mais comuns junto à data de levantamento.</p><h3>Aeroporto de Londres Stansted: como escolher o carro certo</h3><p>No Aeroporto de Londres Stansted, a classe mais procurada é o compacto de 4-5 portas, uma opção que se adequa à condução em Londres. Com cinco lugares e dimensões contidas, este tipo de carro facilita o estacionamento e a manobra em ruas estreitas ou movimentadas, e reduz os custos de aluguer e de combustível, sendo indicado para trajetos curtos e para quem viaja sozinho. Podes alugar no aeroporto e devolver noutra localização, se preferires. A recolha no aeroporto começa em 23 €, enquanto nas proximidades de Londres encontras tarifas a partir de 9 €.</p><h3>Aeroporto de Londres Stansted: empresas de aluguer de carro mais populares</h3><p>No Aeroporto de Londres Stansted encontras 22 fornecedores de aluguer de automóveis, sendo a Drivalia o mais procurado. A Europcar e a Keddy By Europcar têm classificação de 5, ambas com recolha no terminal do aeroporto. A Sixt, a Alamo, a Enterprise e a Hertz apresentam avaliações de 5, também com levantamento no terminal. Os preços começam nos 34 € por dia na Alamo e nos 47 € na Sixt. Vais encontrar duas opções de recolha entre os fornecedores, no terminal do aeroporto ou através de autocarro de transporte gratuito, consoante escolhas. Os valores diários iniciam nos 20 €.</p><h3>Aeroporto de Londres Stansted: principais dicas para conduzir</h3><p>Ao alugar um carro no Aeroporto de Londres Stansted, lembra-te de que no Reino Unido conduzes pela esquerda. Nas autoestradas e vias expresso, o limite de velocidade é de 110 km/h, enquanto nas estradas nacionais podes circular até 90 km/h e nas zonas urbanas o máximo é de 50 km/h. A partir do aeroporto, chegas a Cambridge em cerca de quarenta minutos, ideal para visitar a universidade histórica. Bishop's Stortford fica a poucos minutos e serve de base tranquila para explorar a região. Já Saffron Walden oferece um centro medieval acessível por estradas rurais. A cobertura do Google Maps é fiável em todo o país.</p><h3>O que vai precisar ao alugar um carro em Londres Stansted</h3><p>No Aeroporto de Londres Stansted, a idade mínima para alugar carro é geralmente de 21 anos, embora a idade mínima para conduzir no Reino Unido seja de 17 anos. Convém distinguir estes dois valores, já que poderás conduzir legalmente aos 17, mas terás de esperar até aos 21 para efetuar a maioria das reservas. Algumas empresas aplicam uma sobretaxa a condutores com menos de 25 anos, pelo que deves confirmar as condições antes de reservar. Para levantar o veículo, precisas normalmente de carta de condução válida, cartão de crédito em nome do condutor e um documento de identificação, como passaporte.</p>"
https://www.skyscanner.pt/aluguer-automovel-de/cgb/aluguer-automovel-de-cuiaba-aeroporto.html,"<h3>Aeroporto de Cuiabá: como encontrar uma oferta barata de aluguer de carro</h3><p>Alugar um carro no Aeroporto de Cuiabá tem um preço médio diário de cerca de 27 €, mas podes encontrar valores mais baixos se planeares bem a tua viagem. Março costuma ser o mês mais económico, com diárias a partir de 23 €, sendo uma boa altura para reservar se procuras poupar. Já em julho, durante a época alta, as tarifas atingem os valores mais elevados, chegando aos 41 € por dia. Para conseguires o melhor preço, o ideal é reservar com cerca de 2 semanas de antecedência e comparar as opções disponíveis antes de decidir.</p><h3>Aeroporto de Cuiabá: como escolher o carro certo</h3><p>No Aeroporto de Cuiabá, as classes compacto e SUV são as mais procuradas, porque combinam bem com deslocações pela cidade e trajetos até regiões mais afastadas. O compacto facilita o estacionamento e as manobras em espaços apertados, oferece custos de aluguer e combustível mais baixos e adapta-se a viagens curtas ou a quem viaja sozinho. Podes alugar um carro no aeroporto e devolvê-lo noutro local, se precisares. Neste momento, o preço mais baixo no aeroporto é de 27 €, valor idêntico ao das opções de recolha na cidade de Cuiabá, que também começam em 27 €.</p><h3>Aeroporto de Cuiabá: empresas de aluguer de carro mais populares</h3><p>No Aeroporto de Cuiabá encontras 10 fornecedores de aluguer de automóveis, sendo a Movida o mais popular, com carros da classe Mini a partir de 30 € por dia e recolha no terminal do aeroporto. A Europcar tem uma classificação de 5, enquanto a Alamo apresenta uma classificação de 5, com preços desde 37 € e recolha no terminal. Entre as restantes opções, a Unidas oferece a classe Economy a partir de 26 € por dia, com recolha através de autocarro de transporte gratuito. A Localiza disponibiliza a classe Intermediate desde 47 €, também com recolha no terminal do aeroporto.</p><h3>Aeroporto de Cuiabá: principais dicas para conduzir</h3><p>Ao alugares um carro no Aeroporto de Cuiabá, conduzes pelo lado direito da estrada e deves respeitar os limites de velocidade, que são de 120 km/h nas autoestradas, 80 km/h nas vias expressas e estradas rurais, e 50 km/h nas zonas urbanas. A partir de Cuiabá, podes seguir até Chapada dos Guimarães, a cerca de 65 km, onde encontras cachoeiras e miradouros. A Pantanal fica acessível por Poconé, a aproximadamente 100 km, e Várzea Grande está mesmo ao lado da cidade, a poucos minutos de carro. A cobertura do Google Maps é fiável no Brasil, o que facilita a navegação.</p><h3>O que vai precisar ao alugar um carro em Cuiabá</h3><p>Para alugares um carro perto do Aeroporto de Cuiabá, a maioria das empresas exige uma idade mínima de 21 anos, embora a idade legal para conduzir no Brasil seja 18. Repara nesta distinção, pois ter carta de condução válida não significa poder alugar automaticamente. Algumas empresas cobram uma sobretaxa a condutores com menos de 25 anos, por isso confirma estas condições antes de reservares. Para concluíres o aluguer, precisas normalmente da tua carta de condução válida, de um documento de identificação ou passaporte e de um cartão de crédito em teu nome para a caução exigida no balcão.</p>"
https://www.skyscanner.pt/aluguer-automovel-de/ist/aluguer-automovel-de-istambul-aeroporto.html,"<h3>Aeroporto de Istambul: como encontrar uma oferta barata de aluguer de carro</h3><p>Alugar um carro no Aeroporto de Istambul tem um preço médio diário de cerca de 55 €, mas o valor varia ao longo do ano. Se procuras a opção mais económica, novembro costuma registar as tarifas mais baixas, com diárias a partir de 46 €. Já durante a época alta, os preços sobem e podem atingir cerca de 61 € por dia, um dos valores mais elevados registados nesse período. Para conseguir um bom preço, reservar com menos de uma semana de antecedência tende a ser suficiente para encontrar tarifas competitivas neste aeroporto em Istambul, na Turquia.</p><h3>Aeroporto de Istambul: como escolher o carro certo</h3><p>No Aeroporto de Istambul, a classe mais procurada é a compacto de 4-5 portas, adequada a uma cidade extensa com trânsito intenso e ruas estreitas em várias zonas. Este tipo de carro oferece boa capacidade para passageiros e bagagem, conforto em trajetos mais longos, versatilidade em terrenos variados e uma posição de condução elevada, o que ajuda na orientação. O aluguer com entrega num local diferente está disponível, pelo que podes recolher no aeroporto e devolver noutro ponto. A recolha no terminal parte de 23 €, valor semelhante ao encontrado nas proximidades em Istambul, também a partir de 23 €.</p><h3>Aeroporto de Istambul: empresas de aluguer de carro mais populares</h3><p>No Aeroporto de Istambul, na Turquia, encontras 68 fornecedores de aluguer de automóveis, sendo a OK Mobility o mais procurado. A Essence e a Avec car rentals apresentam classificações de 5, com preços a partir de 33 € e 32 €, respetivamente, ambas com recolha no terminal do aeroporto. A Goldcar tem avaliação de 5, com base em 1406 análises, e preços desde 37 €, enquanto a Europcar parte de 45 € com igual classificação. A recolha faz-se sobretudo no terminal do aeroporto, havendo também opções com serviço de receção junto a alguns fornecedores.</p><h3>Aeroporto de Istambul: principais dicas para conduzir</h3><p>Ao sair do Aeroporto de Istambul, conduzes pela direita e chegas ao centro da cidade em cerca de 45 minutos, percorrendo 35 km. Podes seguir até Arnavutköy, a 15 km e 20 minutos de distância, ou até Çatalca, a 30 km e cerca de 38 minutos de carro. Silivri fica mais longe, a 80 km e aproximadamente 70 minutos de viagem. Os limites de velocidade são de 120 km/h nas autoestradas, 110 km/h nas vias rápidas, 90 km/h nas estradas nacionais e 50 km/h em zonas urbanas. A cobertura do Google Maps na Turquia é fiável.</p><h3>O que vai precisar ao alugar um carro em Istambul</h3><p>Ao alugar carro no Aeroporto de Istambul, deves ter em atenção alguns requisitos. Na Turquia, a idade mínima para conduzir é de 18 anos, mas para alugar carro perto do Aeroporto de Istambul a maioria das empresas exige uma idade mínima de 21 anos. Algumas cobram uma sobretaxa para condutores com menos de 25 anos, pelo que recomendamos confirmar estas condições antes da reserva. Para levantar o veículo, precisas normalmente de uma carta de condução válida, um documento de identificação ou passaporte e um cartão de crédito em teu nome para a caução exigida pela empresa.</p>"
https://www.skyscanner.pt/aluguer-automovel-de/lca/aluguer-automovel-de-larnaca-aeroporto.html,"<h3>Aeroporto de Larnaca: como encontrar uma oferta barata de aluguer de carro</h3><p>Alugar um carro no Aeroporto de Larnaca tem um preço médio diário de 31 €, o que te dá uma base para comparar as várias opções disponíveis. O mês mais económico costuma ser junho, com valores a partir de 23 € por dia, enquanto a época alta se concentra em outubro, altura em que a tarifa diária pode chegar aos 45 €. Se procuras o melhor preço, tende a fazer sentido reservar com menos de uma semana de antecedência, já que é quando surgem frequentemente as tarifas mais baixas neste aeroporto. Compara sempre antes de decidir.</p><h3>Aeroporto de Larnaca: como escolher o carro certo</h3><p>No Aeroporto de Larnaca, as opções mais procuradas são os modelos compactos e descapotáveis, que se adaptam bem a Larnaca e às deslocações pela ilha. Um compacto oferece espaço suficiente para passageiros e bagagem, posição de condução elevada com melhor visibilidade e conforto em trajetos mais longos, sendo prático para grupos com configurações de lugares variadas. Encontras compactos a partir de 25 € por dia no terminal. O aluguer só de ida está disponível, permitindo devolver o carro noutro local. No aeroporto, o preço mais baixo é 23 €, enquanto perto do aeroporto encontras tarifas desde 18 €.</p><h3>Aeroporto de Larnaca: empresas de aluguer de carro mais populares</h3><p>No Aeroporto de Larnaca encontras a Autorent Cyprus entre um total de 67 fornecedores de aluguer de automóveis. A Auto-Union e a Drive têm ambas classificação de 5, enquanto a Europcar, com mais de 1300 avaliações, a Get Your Car, a MY CAR HIRE DEALS e a Flizzr registam classificação de 5. Os preços começam em cerca de 21 € por dia para um Economy da Get Your Car, subindo consoante a classe e o fornecedor. As opções de recolha incluem terminal do aeroporto, serviço de receção e autocarro de transporte gratuito, conforme o fornecedor que escolheres.</p><h3>Aeroporto de Larnaca: principais dicas para conduzir</h3><p>Ao alugar um carro no Aeroporto de Larnaca, lembra-te de que em Chipre se conduz pela esquerda. Nas autoestradas o limite de velocidade é de 100 km/h, enquanto nas zonas urbanas não deves ultrapassar os 50 km/h, com valores intermédios nas estradas rurais. A partir do aeroporto, chegas ao centro de Larnaca em cerca de 15 minutos por estrada direta. Podes seguir até Nicósia, a capital, em aproximadamente 50 minutos, ou até Limassol em cerca de uma hora pela autoestrada A1. A cobertura do Google Maps é fiável em todo o país, o que facilita a navegação durante as tuas deslocações.</p><h3>O que vai precisar ao alugar um carro em Larnaca</h3><p>Ao alugar um carro no Aeroporto de Larnaca, deves ter em conta a diferença entre as idades aplicáveis. Embora a idade mínima para conduzir no Chipre seja 18 anos, a maioria das empresas de aluguer exige que tenhas pelo menos 21 anos para levantar o veículo. Algumas cobram uma sobretaxa a condutores com menos de 25 anos, pelo que convém confirmar estas condições antes de reservar. Para concluir o processo, precisas normalmente da tua carta de condução válida, do passaporte ou documento de identidade e de um cartão de crédito em nome do condutor principal para o depósito de caução.</p>"
https://www.skyscanner.pt/aluguer-automovel-de/ldb/aluguer-automovel-de-londrina-aeroporto.html,"<h3>Aeroporto de Londrina: como encontrar uma oferta barata de aluguer de carro</h3><p>No Aeroporto de Londrina, em Londrina, encontras aluguer de carro por uma média diária de 27 €, um valor razoável para quem quer explorar a região com autonomia. O mês mais barato para reservar é outubro, quando o preço desce para cerca de 18 € por dia. Durante a época alta, sobretudo em agosto, as tarifas sobem e podem atingir os 44 € diários, pelo que compensa planear com atenção. Para conseguires um preço mais equilibrado, considera reservar com menos de uma semana de antecedência, ajustando a tua escolha à disponibilidade e aos valores praticados no período pretendido.</p><h3>Aeroporto de Londrina: como escolher o carro certo</h3><p>No Aeroporto de Londrina, a classe mais procurada é a económica de 4-5 portas, uma escolha adequada para circular pela cidade e pelas estradas da região norte do Paraná. Este tipo de carro oferece boa capacidade de lugares, espaço de carga suficiente, melhor visibilidade e um bom comportamento em diferentes pisos, com preços a partir de 25 € por dia. Podes alugar no aeroporto e devolver noutra localização, o que facilita percursos só de ida. As tarifas no terminal começam em 25 €, valor idêntico ao das recolhas em Londrina, cujos preços também partem de 25 €.</p><h3>Aeroporto de Londrina: empresas de aluguer de carro mais populares</h3><p>No Aeroporto de Londrina, na cidade em Londrina, no Brasil, encontras 8 fornecedores de aluguer de automóveis. A Unidas é a opção mais popular, com uma classificação dos utilizadores de 4 em 5, e disponibiliza carros da classe Economy a partir de 25 € por dia e Intermediate a partir de 28 €. Outros fornecedores como a Movida oferecem opções desde 28 € e a Localiza tem pick-ups Fullsize a partir de 128 €. Todos os fornecedores disponibilizam a recolha no terminal do aeroporto, o que facilita a organização da tua chegada e da restante viagem.</p><h3>Aeroporto de Londrina: principais dicas para conduzir</h3><p>Ao levantares o teu carro no Aeroporto de Londrina, conduzes sempre pela direita, respeitando os limites de velocidade de 120 km/h nas autoestradas, 80 km/h nas vias expressas e estradas rurais, e 50 km/h dentro das áreas urbanas. A cobertura do Google Maps no Brasil é fiável, o que facilita a orientação nas tuas viagens. A partir de Londrina, podes seguir até Cambé, a poucos minutos por estrada, ideal para uma saída rápida. Rumo a Rolândia, encontras um percurso curto pela BR-369. Se quiseres ir mais longe, Maringá fica a cerca de uma hora de condução pela mesma rodovia.</p><h3>O que vai precisar ao alugar um carro em Londrina</h3><p>Para alugar um carro perto do Aeroporto de Londrina, a maioria das empresas exige uma idade mínima de 21 anos, embora a idade legal para conduzir no Brasil seja 18 anos. Convém notares esta distinção, já que ter carta de condução não significa cumprir os requisitos de aluguer. Algumas empresas cobram uma sobretaxa para condutores com menos de 25 anos, pelo que confirma estas condições antes de reservares. Para a recolha, precisas normalmente da tua carta de condução válida, de um documento de identificação ou passaporte e de um cartão de crédito em nome do condutor principal para a caução.</p>"
https://www.skyscanner.pt/aluguer-automovel-de/osl/aluguer-automovel-de-oslo-gardermoen-aeroporto.html,"<h3>Aeroporto de Oslo: como encontrar uma oferta barata de aluguer de carro</h3><p>No Aeroporto de Oslo, o preço médio diário do aluguer de automóveis ronda os 54 €, o que te dá uma referência para comparar as várias opções disponíveis. O mês mais económico é janeiro, quando as diárias podem descer até cerca de 30 €, ideal se tens flexibilidade nas datas de viagem. Durante a época alta, sobretudo em março, os valores tendem a subir e podem atingir os 82 € por dia. Para conseguires um preço mais vantajoso, é recomendável reservares o teu carro com cerca de 2 semanas de antecedência em relação à data de recolha.</p><h3>Aeroporto de Oslo: como escolher o carro certo</h3><p>No Aeroporto de Oslo, a classe mais procurada é o compacto de 4-5 portas, uma escolha adequada para circular pela cidade e explorar os arredores. Este tipo de carro oferece maior capacidade de bagagem, lugares confortáveis para vários passageiros e configurações versáteis dos bancos traseiros, além de condução estável em terrenos variados e consumo eficiente em percursos longos. O aluguer com entrega numa localização diferente está disponível, permitindo devolver o carro noutro ponto. A recolha no terminal parte de 53 €, enquanto nas proximidades a tarifa mais baixa é de 64 €, valores a ponderar consoante o teu trajeto.</p><h3>Aeroporto de Oslo: empresas de aluguer de carro mais populares</h3><p>No Aeroporto de Oslo, na Noruega, encontras 14 fornecedores de aluguer de automóveis, sendo o Budget o mais popular. A Europcar tem uma classificação de 5 com base em mais de 8000 avaliações e preços a partir de 86 €, enquanto a Avis parte de 73 € e a Sixt de 71 €, ambas com uma classificação de 5. A Keddy By Europcar começa nos 80 € e a Alamo nos 91 €. A maioria dos fornecedores oferece recolha no terminal do aeroporto, o que facilita o levantamento à chegada. Os preços diários começam em cerca de 62 € para veículos económicos.</p><h3>Aeroporto de Oslo: principais dicas para conduzir</h3><p>Ao sair do Aeroporto de Oslo, conduzes pela direita e deves respeitar os limites de velocidade, que são de 100 km/h nas autoestradas, 80 km/h nas vias rápidas e nas estradas rurais, e 50 km/h dentro das zonas urbanas. A partir da cidade, podes seguir para Drammen, situada a sudoeste e acessível pela autoestrada E18. Também alcanças facilmente Lillehammer, a norte pela E6, ou Fredrikstad, a sul junto ao fiorde de Oslo. A cobertura do Google Maps é fiável na Noruega, o que facilita a navegação entre estas cidades e ao longo das principais ligações rodoviárias do país.</p><h3>O que vai precisar ao alugar um carro em Oslo</h3><p>Para alugar um carro no Aeroporto de Oslo, a maioria das empresas exige uma idade mínima de 21 anos, embora a idade mínima legal para conduzir na Noruega seja de 18 anos. Algumas empresas cobram uma sobretaxa a condutores com menos de 25 anos, pelo que deves confirmar estas condições antes da reserva. Para conduzir e alugar um veículo, normalmente precisas de carta de condução válida, cartão de crédito em nome do condutor principal e documento de identificação ou passaporte. Se a tua carta não estiver em alfabeto latino, poderá ser necessária uma carta de condução internacional.</p>"
https://www.skyscanner.pt/aluguer-automovel-de/poa/aluguer-automovel-de-porto-alegre-aeroporto.html,"<h3>Aeroporto de Porto Alegre: como encontrar uma oferta barata de aluguer de carro</h3><p>Alugar um carro no Aeroporto de Porto Alegre custa, em média, 26 € por dia, mas o valor varia ao longo do ano. Fevereiro é o mês mais barato, com diárias a partir de 17 €, o que o torna uma boa opção se procuras reduzir custos. Já a época alta ocorre em agosto, quando a diária pode chegar aos 49 €, um dos valores mais elevados registados no aeroporto. Para conseguires o melhor preço, o ideal é reservares o teu carro com cerca de 3 semanas de antecedência, garantindo mais disponibilidade e tarifas mais equilibradas.</p><h3>Aeroporto de Porto Alegre: como escolher o carro certo</h3><p>No Aeroporto de Porto Alegre, as classes médio/standard e SUV são as mais procuradas, pois combinam bem com deslocações urbanas e trajetos mais longos pela região. Se optas por um modelo médio, beneficias de estacionamento e manobras mais fáceis nas ruas apertadas da cidade, custos de aluguer e combustível mais baixos e menor impacto ambiental, sendo prático para viagens curtas ou a solo. Também podes alugar num local e devolver noutro, com aluguer de sentido único disponível. No aeroporto, o preço mais baixo é de 22 €, enquanto nas proximidades da cidade encontras tarifas a partir de 24 €.</p><h3>Aeroporto de Porto Alegre: empresas de aluguer de carro mais populares</h3><p>No Aeroporto de Porto Alegre, no Brasil, encontras 15 fornecedores de aluguer de automóveis, sendo a Foco o mais popular, com preços a partir de 21 € por dia para as classes Economy, Compact e Intermediate. A Europcar tem uma avaliação de 5 estrelas, com 5 pontos em limpeza e estado do veículo. A Movida disponibiliza carros a partir de 25 € e a Localiza a partir de 70 €. Os fornecedores oferecem diferentes opções de recolha, incluindo terminal do aeroporto, autocarro de transporte gratuito e serviço de receção, permitindo-te escolher conforme a tua chegada.</p><h3>Aeroporto de Porto Alegre: principais dicas para conduzir</h3><p>Ao alugar um carro no Aeroporto de Porto Alegre, conduzes pela direita e deves respeitar os limites de velocidade, que são de 120 km/h nas autoestradas, 80 km/h nas vias expressas e nas estradas rurais, e 50 km/h nas zonas urbanas. A cobertura do Google Maps no Brasil é fiável, o que facilita a navegação. A partir da cidade, podes seguir até Gramado, cerca de 115 km a norte, conhecida pela sua influência europeia. Também alcanças Bento Gonçalves, a região vinícola, a cerca de 120 km, e Torres, no litoral, a aproximadamente 200 km, ideal para um dia junto ao mar.</p><h3>O que vai precisar ao alugar um carro em Porto Alegre</h3><p>Para alugar um carro no Aeroporto de Porto Alegre, a maioria das empresas exige uma idade mínima de 21 anos, embora a idade legal para conduzir no Brasil seja 18 anos. Alguns balcões cobram uma sobretaxa a condutores com menos de 25 anos, por isso confirma estas condições antes de fechar a reserva. Precisas de apresentar uma carta de condução válida, o teu passaporte ou documento de identidade e um cartão de crédito em nome do condutor principal para a caução. Se és estrangeiro, é aconselhável levar também a Permissão Internacional de Condução para evitar problemas na retirada.</p>"
https://www.skyscanner.pt/aluguer-automovel-de/rho/aluguer-automovel-de-rodes-aeroporto.html,"<h3>Aeroporto de Rodes: como encontrar uma oferta barata de aluguer de carro</h3><p>Alugar um carro no Aeroporto de Rodes custa, em média, cerca de 51 € por dia, um valor que varia ao longo do ano. Se procuras a opção mais económica, setembro é o mês com preços mais baixos, com diárias a partir de cerca de 40 €. Já em plena época alta, os valores sobem, e agosto regista uma das diárias mais elevadas, a rondar os 65 €. Para conseguires um preço mais vantajoso, deves reservar com pelo menos 2 semanas de antecedência, garantindo assim mais disponibilidade e tarifas mais ajustadas ao teu orçamento durante a tua viagem.</p><h3>Aeroporto de Rodes: como escolher o carro certo</h3><p>No Aeroporto de Rodes, a classe mais procurada é o compacto de 4 a 5 portas, uma opção que se adapta bem às estradas e aos percursos entre a cidade e a costa. Este tipo de carro oferece espaço adequado para passageiros e bagagem, várias configurações de lugares para viagens em grupo, melhor visibilidade graças à posição de condução mais alta e conforto em trajetos mais longos, mantendo um custo equilibrado. Podes alugar um carro no aeroporto e devolvê-lo noutro local. A tarifa mais baixa no aeroporto é de 11 €, enquanto nas proximidades ronda os 13 €.</p><h3>Aeroporto de Rodes: empresas de aluguer de carro mais populares</h3><p>No Aeroporto de Rodes, na Grécia, encontras 61 fornecedores de aluguer de carros. O mais popular é a ABBYCAR, com uma classificação de 5 e preços a partir de 24 €. A Surprice também tem classificação de 5, com base em 459 avaliações, enquanto a Caldera oferece valores desde 26 €. A SK Rent começa nos 48 €, a CarQ nos 31 € e a Payless nos 58 €, todas com classificação de 5. Quanto à recolha, vários fornecedores como a Surprice, a SK Rent, a CarQ e a Payless disponibilizam a opção no terminal do aeroporto.</p><h3>Aeroporto de Rodes: principais dicas para conduzir</h3><p>Ao levantares o teu carro no Aeroporto de Rodes, conduzirás pela direita, seguindo as regras habituais da Grécia. Nas autoestradas o limite é de 120 km/h, nas vias rápidas e nas estradas nacionais de 90 km/h, e nas zonas urbanas de 50 km/h. A partir da cidade de Rodes, podes seguir até Lindos, a cerca de 50 km, para veres a acrópole junto ao mar. Também alcanças facilmente Faliraki, cerca de 15 km a sul, e o vale das borboletas de Petaloudes, a oeste. A cobertura do Google Maps é fiável em todo o país, o que facilita a navegação.</p><h3>O que vai precisar ao alugar um carro em Rodes</h3><p>Ao levantares um carro no Aeroporto de Rodes, convém saberes que a idade mínima legal para conduzir na Grécia é 17 anos, mas para alugar um carro a maioria das empresas exige uma idade mínima de 21 anos. Algumas cobram uma sobretaxa para condutores com menos de 25 anos, pelo que recomendamos confirmar estas condições antes de reservares. Para conduzir e alugar precisas normalmente de carta de condução válida, com uma carta de condução internacional caso a tua não seja emitida na União Europeia, documento de identificação ou passaporte, e um cartão de crédito em nome do condutor principal.</p>"
https://www.skyscanner.pt/aluguer-automovel-de/vgo/aluguer-automovel-de-vigo-aeroporto.html,"<h3>Aeroporto de Vigo: como encontrar uma oferta barata de aluguer de carro</h3><p>Alugar um carro no Aeroporto de Vigo tem um preço médio diário de cerca de 66 €, mas o valor pode variar consoante a altura do ano. Se procuras a opção mais económica, outubro costuma registar os preços mais baixos, com diárias a partir de cerca de 44 €. Já durante a época alta, fevereiro apresenta uma das tarifas mais elevadas, podendo chegar aos 103 € por dia. Para conseguires um preço mais equilibrado, considera reservar o teu carro com menos de uma semana de antecedência, o que ajuda a encontrar disponibilidade sem custos adicionais desnecessários.</p><h3>Aeroporto de Vigo: como escolher o carro certo</h3><p>No Aeroporto de Vigo, as classes mais procuradas são a económica e o crossover, ambas adequadas ao contexto de Vigo, com deslocações urbanas e saídas para a costa da Galiza. Um crossover oferece espaço para passageiros e bagagem, várias configurações de lugares para viagens em grupo, melhor visibilidade graças à posição de condução mais elevada e conforto em trajetos mais longos, mantendo bom custo para grupos. É possível alugar num local e devolver noutro. Encontrámos preços a partir de 9 € no aeroporto e também 9 € em pontos de recolha em Vigo, com valores por vezes semelhantes fora do aeroporto.</p><h3>Aeroporto de Vigo: empresas de aluguer de carro mais populares</h3><p>No Aeroporto de Vigo, em Espanha, encontras 15 fornecedores de aluguer de automóveis, sendo a Click and Rent o mais popular, com preços a partir de 23 € por dia. A Europcar apresenta uma classificação de 5 e valores desde 50 €, enquanto a Sixt tem classificação de 5 e preços a partir de 67 €. A Alamo, a Hertz e a National também registam classificação de 5. A recolha do veículo faz-se no terminal do aeroporto com a maioria dos fornecedores, mas alguns, como a Click and Rent e a Green Motion, oferecem um autocarro de transporte gratuito.</p><h3>Aeroporto de Vigo: principais dicas para conduzir</h3><p>Ao levantares o teu carro no Aeroporto de Vigo, conduzes pela direita e deves respeitar os limites de velocidade em Espanha, que são de 120 km/h nas autoestradas, 100 km/h nas vias rápidas, 90 km/h nas estradas nacionais e 50 km/h dentro das localidades. A partir de Vigo, podes seguir até Pontevedra, a cerca de 30 quilómetros, num percurso curto pela autoestrada. Também consegues chegar a Santiago de Compostela em pouco mais de uma hora, ou dirigir-te a Baiona, na costa, a menos de meia hora. A cobertura do Google Maps é fiável em todo o país.</p><h3>O que vai precisar ao alugar um carro em Vigo</h3><p>Para alugar um carro no Aeroporto de Vigo, a maioria das empresas exige uma idade mínima de 21 anos, embora em Espanha a idade mínima legal para conduzir seja 18 anos. Convém ter em conta esta distinção, já que algumas empresas cobram uma sobretaxa a condutores com menos de 25 anos, pelo que recomendamos confirmar estas condições antes da reserva. Normalmente, precisas de carta de condução válida, cartão de crédito em nome do condutor principal e documento de identificação ou passaporte. Se a tua carta não for da União Europeia, poderá ser exigida uma carta de condução internacional para completar o aluguer.</p>"
https://www.skyscanner.pt/aluguer-automovel-de/aua/aluguer-automovel-de-aruba-aeroporto.html,"<h3>Aeroporto de Aruba: como encontrar uma oferta barata de aluguer de carro</h3><p>Alugar um carro no Aeroporto de Aruba tem um preço médio diário de cerca de 83 €, embora o valor varie ao longo do ano. Se procuras a opção mais económica, julho costuma registar as tarifas mais baixas, com diárias a partir de aproximadamente 60 €. Já durante a época alta, setembro apresenta um dos valores mais elevados, podendo chegar aos 120 € por dia. Para conseguires o melhor preço, é recomendável reservares o teu carro com cerca de 1 semana de antecedência, garantindo assim mais disponibilidade e tarifas mais equilibradas para a tua viagem.</p><h3>Aeroporto de Aruba: como escolher o carro certo</h3><p>No Aeroporto de Aruba, a classe económica de 4-5 portas é a mais procurada, sobretudo pela adequação às estradas e aos percursos curtos entre as praias e as localidades da ilha. Este tipo de veículo oferece maior capacidade de passageiros, espaço de carga suficiente, melhor manobrabilidade em contexto urbano e consumo reduzido face a furgonetas maiores, com lugares confortáveis para trajetos mais longos. Os preços começam em 46 € por dia num carro económico recolhido no terminal. Se recolheres o carro num ponto na cidade de Aruba, encontras ofertas a partir de 41 € por dia.</p><h3>Aeroporto de Aruba: empresas de aluguer de carro mais populares</h3><p>No Aeroporto de Aruba encontras 22 fornecedores de aluguer de automóveis, sendo a Sunset Car Rental o mais popular, com uma classificação de 5 baseada nas avaliações dos utilizadores. A Hertz mantém uma classificação de 5, com preços a partir de 53 €, e a recolha faz-se no terminal do aeroporto, opção partilhada por vários fornecedores. Os preços diários começam nos 37 € para um Mini de 4 a 5 portas com a Economy, enquanto um Economy da Thrifty custa desde 46 €. Para um SUV Premium da Hertz com sete lugares, o valor parte dos 114 € por dia.</p><h3>Aeroporto de Aruba: principais dicas para conduzir</h3><p>Ao sair do Aeroporto de Aruba, vais conduzir pela direita, com limites de velocidade de 80 km/h em autoestrada, 60 km/h em estradas rurais e 30 km/h em zonas urbanas. A partir do aeroporto, podes chegar a Oranjestad em cerca de 15 minutos, seguindo pela estrada costeira até ao centro. As praias de Eagle Beach e Palm Beach ficam a norte, acessíveis por vias bem sinalizadas em poucos minutos de carro. Para o interior, o Parque Nacional Arikok exige atenção às estradas de terra. A cobertura do Google Maps é fiável em toda a ilha, facilitando a navegação nos teus trajetos.</p><h3>O que vai precisar ao alugar um carro em Aruba</h3><p>Para alugares um carro no Aeroporto de Aruba, a maioria das empresas exige uma idade mínima de 21 anos, ainda que a idade mínima para conduzir em Aruba seja 18 anos. Convém teres em conta esta distinção, já que algumas empresas cobram uma sobretaxa a condutores com menos de 25 anos, pelo que recomendamos confirmar estas condições antes da reserva. Para conduzir e alugar carro, precisas normalmente de carta de condução válida, documento de identificação ou passaporte e um cartão de crédito em nome do condutor principal para a caução. Verifica os requisitos específicos de cada empresa antes de reservar.</p>"
https://www.skyscanner.pt/aluguer-automovel-de/bgo/aluguer-automovel-de-bergen-aeroporto.html,"<h3>Aeroporto de Bergen: como encontrar uma oferta barata de aluguer de carro</h3><p>Se procuras alugar um carro no Aeroporto de Bergen, na Noruega, encontras um preço médio diário de cerca de 121 €. O mês mais económico costuma ser maio, com valores a partir de 26 € por dia, o que representa uma boa oportunidade para reduzir custos. Já durante a época alta, sobretudo em junho, os preços podem chegar aos 210 € diários, devido à maior procura. Para consegures a melhor tarifa, o ideal é reservares o teu carro com cerca de 4 semanas de antecedência, garantindo assim mais opções disponíveis e valores mais equilibrados face às datas da tua viagem.</p><h3>Aeroporto de Bergen: como escolher o carro certo</h3><p>No Aeroporto de Bergen, as classes compacto e crossover são as mais procuradas, adequando-se ao contexto da cidade, com ruas estreitas e espaços de estacionamento limitados. Estes veículos oferecem maior facilidade de manobra, custos de aluguer e combustível mais baixos e menor impacto ambiental, sendo indicados para viagens curtas e para quem viaja sozinho. Podes recolher o carro à chegada, com preços a partir de 86 € no aeroporto, enquanto a tarifa mais próxima na cidade parte de 114 €. Também tens a opção de aluguer de sentido único, devolvendo o veículo noutra localização, o que poupa tempo e dinheiro.</p><h3>Aeroporto de Bergen: empresas de aluguer de carro mais populares</h3><p>No Aeroporto de Bergen encontras 13 fornecedores de aluguer de automóveis. A Sixt é a mais procurada, com uma classificação de 5 baseada em 94 avaliações e preços a partir de 152 €. Também tens à disposição a Keddy By Europcar com nota 5, a Europcar com 5, a Hertz com 5 e a Budget com 5 e valores desde 150 €. A recolha faz-se sobretudo no terminal do aeroporto, opção comum a fornecedores como a Sixt, a Hertz, a Budget e a Enterprise, o que facilita o levantamento do veículo à chegada.</p><h3>Aeroporto de Bergen: principais dicas para conduzir</h3><p>Ao alugar um carro no Aeroporto de Bergen, conduzes pela direita e respeitas os limites habituais na Noruega: 100 km/h nas autoestradas, 80 km/h nas vias rápidas e estradas nacionais e 50 km/h dentro das localidades. A partir de Bergen, podes seguir para Voss, a cerca de uma hora, para acesso a atividades ao ar livre. Também alcanças Hardangerfjord por estradas costeiras, além de Flåm, ponto conhecido pela linha ferroviária. A cobertura do Google Maps é fiável em todo o país, o que facilita a navegação em zonas rurais e montanhosas, embora convenha considerar túneis e ferries no percurso.</p><h3>O que vai precisar ao alugar um carro em Bergen</h3><p>Ao alugar um carro no Aeroporto de Bergen, deves saber que a idade mínima para conduzir na Noruega é de 18 anos, mas a maioria das empresas exige uma idade mínima de 21 anos para efetuar o aluguer. Algumas cobram uma sobretaxa para condutores com menos de 25 anos, pelo que recomendamos confirmar estas condições antes da reserva. Para conduzir e alugar o carro, precisas normalmente de uma carta de condução válida, do teu documento de identificação ou passaporte e de um cartão de crédito em nome do condutor principal, usado para a caução.</p>"
https://www.skyscanner.pt/aluguer-automovel-de/bog/aluguer-automovel-de-bogota-aeroporto.html,"<h3>Aeroporto de Bogotá: como encontrar uma oferta barata de aluguer de carro</h3><p>Alugar um carro no Aeroporto de Bogotá tem um preço médio diário de cerca de 73 €, embora o valor varie ao longo do ano. Se procuras a melhor relação de preço, setembro costuma ser o mês mais económico, com diárias a partir de aproximadamente 46 €. Durante a época alta, os valores sobem consideravelmente e podem chegar aos 142 € por dia, sobretudo em maio, quando a procura aumenta. Para garantir uma tarifa mais baixa, recomenda-se que faças a tua reserva com pelo menos uma semana de antecedência, ajudando-te a assegurar disponibilidade e um preço mais equilibrado.</p><h3>Aeroporto de Bogotá: como escolher o carro certo</h3><p>No Aeroporto de Bogotá, as classes económica e crossover são as mais procuradas, pois combinam consumo controlado com boa adaptação às vias urbanas e às estradas próximas da cidade. Um crossover oferece maior capacidade de lugares, espaço de carga suficiente, visibilidade elevada, melhor comportamento na estrada e versatilidade em diferentes terrenos, algo útil no relevo em torno de Bogotá. Podes fazer aluguer de sentido único, levantando o carro à chegada e devolvendo-o noutro local. A recolha no terminal parte de 26 €, enquanto as tarifas fora do aeroporto, na cidade, começam em cerca de 33 €.</p><h3>Aeroporto de Bogotá: empresas de aluguer de carro mais populares</h3><p>No Aeroporto de Bogotá encontras 25 fornecedores de aluguer de automóveis, sendo o Confort Rent a Car o mais popular, com uma avaliação de 5 e preços a partir de 91 €. A Localiza e a Europcar também reúnem avaliação de 5, enquanto a Budget parte de 39 € com avaliação de 5. Os preços diários começam nos 32 € para a classe Intermediate. A maioria dos fornecedores oferece recolha no terminal do aeroporto, havendo ainda opções com autocarro de transporte gratuito e serviço de receção, conforme o fornecedor que escolheres.</p><h3>Aeroporto de Bogotá: principais dicas para conduzir</h3><p>Ao alugares um carro no Aeroporto de Bogotá, conduzes pelo lado direito da estrada e deves respeitar os limites de velocidade, que são de 100 km/h nas autoestradas, 80 km/h nas estradas nacionais e 60 km/h nas zonas urbanas. A cobertura do Google Maps é fiável em toda a Colômbia, o que facilita a navegação. A partir da cidade, podes conduzir até Zipaquirá, conhecida pela sua catedral de sal, situada cerca de uma hora a norte. Também alcanças La Calera pelas montanhas a leste, enquanto Villa de Leyva fica mais a norte, exigindo cerca de três horas de viagem.</p><h3>O que vai precisar ao alugar um carro em Bogotá</h3><p>Para alugar carro perto do Aeroporto de Bogotá, a maioria das empresas exige uma idade mínima de 21 anos, embora algumas apliquem uma sobretaxa a condutores com menos de 25 anos, pelo que convém confirmar estas condições antes de reservar. Repara que a idade mínima para conduzir na Colômbia é 16 anos, valor diferente do exigido para o aluguer. Para levantar e conduzir o veículo, precisas normalmente da carta de condução válida, do passaporte ou documento de identidade e de um cartão de crédito em nome do condutor principal para a caução. Em alguns casos é pedida carta de condução internacional.</p>"
https://www.skyscanner.pt/aluguer-automovel-de/cur/aluguer-automovel-de-curacao-aeroporto.html,"<h3>Aeroporto de Curação: como encontrar uma oferta barata de aluguer de carro</h3><p>Alugar um carro no Aeroporto de Curação tem um preço médio diário de cerca de 58 €, mas os valores variam ao longo do ano. Se pretendes reduzir custos, março costuma ser o mês mais barato, com diárias a partir de 46 €. Já em julho, período de maior procura, os preços sobem e podem chegar aos 64 € por dia. Para conseueres uma tarifa mais vantajosa, o ideal é reservares com cerca de 3 semanas de antecedência, o que te ajuda a garantir mais opções e melhores condições antes da tua chegada a Curação.</p><h3>Aeroporto de Curação: como escolher o carro certo</h3><p>No Aeroporto de Curação, a classe mais procurada é a compacto de 4 a 5 portas, uma escolha prática para circular em Willemstad e nas estradas da ilha. Este tipo de carro oferece mais espaço para bagagem e equipamento, uma posição de condução elevada com boa visibilidade, capacidade para lidar com pisos irregulares e condições adversas, além de conforto em trajetos mais longos. Podes levantar o carro no terminal a partir de 51 € por dia ou optar por um ponto de recolha em Willemstad desde 39 €. O aluguer só de ida está disponível, permitindo devolver o veículo noutra localização.</p><h3>Aeroporto de Curação: empresas de aluguer de carro mais populares</h3><p>No Aeroporto de Curação encontras a Carwiz como fornecedor mais popular, entre um total de 23 fornecedores disponíveis. Os preços começam nos 42 € por dia com a Boric Car Rental num Economy de quatro a cinco portas, enquanto a Alamo oferece um Fullsize a partir de 82 € e a Sixt um Compact desde 76 €. Modelos Premium da Europcar e da Avis estão disponíveis a partir de 112 €. Quanto à recolha, alguns fornecedores operam diretamente no terminal do aeroporto e outros disponibilizam autocarro de transporte gratuito, permitindo-te escolher a opção que melhor se adequa à tua chegada.</p><h3>Aeroporto de Curação: principais dicas para conduzir</h3><p>Ao levantares o teu carro no Aeroporto de Curação, conduzes pela direita e deves respeitar os limites de velocidade locais, que são de 80 km/h nas autoestradas, 60 km/h nas estradas secundárias e 40 km/h nas zonas urbanas. A partir da cidade, podes seguir até Willemstad, o centro principal, em poucos minutos, ou explorar a costa em direção à praia de Mambo Beach. Para norte, alcanças o Parque Nacional Christoffel, ideal para trilhos e paisagem natural. A cobertura do Google Maps é fiável em toda a ilha, o que facilita a navegação entre estes destinos sem grandes contratempos.</p><h3>O que vai precisar ao alugar um carro em Curação</h3><p>Ao alugar um carro no Aeroporto de Curação, deves ter em atenção os requisitos de idade. A idade mínima legal para conduzir em Curaçau é de 18 anos, mas para alugar carro perto do Aeroporto de Curação a maioria das empresas exige uma idade mínima de 21 anos. Algumas cobram uma sobretaxa para condutores com menos de 25 anos, pelo que recomendamos confirmar estas condições antes da reserva. Para levantar o veículo, precisas normalmente da tua carta de condução válida, do passaporte ou documento de identidade e de um cartão de crédito em teu nome para a caução.</p>"
https://www.skyscanner.pt/aluguer-automovel-de/gzt/aluguer-automovel-de-gaziantep-aeroporto.html,"<h3>Aeroporto de Gaziantep: como encontrar uma oferta barata de aluguer de carro</h3><p>Alugar um carro no Aeroporto de Gaziantep tem um preço médio diário de cerca de 52 €, mas os valores variam ao longo do ano. Se procuras a opção mais económica, novembro costuma apresentar as tarifas mais baixas, com valores a partir de aproximadamente 42 € por dia. Já durante a época alta, sobretudo em junho, os preços tendem a subir, podendo chegar aos 60 € diários. Para conseueres o melhor preço, deves reservar com menos de uma semana de antecedência, uma vez que essa margem tende a oferecer tarifas mais ajustadas neste aeroporto.</p><h3>Aeroporto de Gaziantep: como escolher o carro certo</h3><p>No Aeroporto de Gaziantep, a classe compacta é a mais procurada, adequada às ruas estreitas e ao trânsito da cidade. Um carro compacto facilita o estacionamento e a manobra em espaços apertados, reduz os custos de aluguer e combustível e é indicado para trajetos curtos ou viagens a solo. Podes optar por um aluguer de sentido único, recolhendo o carro à chegada e devolvendo-o noutra localização. O preço mais baixo no terminal do aeroporto é de 29 € por dia, enquanto nas proximidades de Gaziantep encontrámos tarifas a partir de 32 €, pelo que a recolha no aeroporto costuma ser mais económica.</p><h3>Aeroporto de Gaziantep: empresas de aluguer de carro mais populares</h3><p>No Aeroporto de Gaziantep, na Turquia, encontras 31 fornecedores de aluguer de automóveis, sendo a Garenta o mais popular, com carros a partir de 30 € por dia. Entre os fornecedores mais procurados estão a Central, com classificação de 5, a Europcar e a Circular, ambas com 5, e a Alamo e a Enterprise, com 5, esta última a partir de 46 € por dia. A maioria das entregas é feita no terminal do aeroporto, embora alguns fornecedores, como a Emrcar, ofereçam serviço de receção. Os preços variam consoante a categoria escolhida, chegando a 136 € por dia numa furgoneta.</p><h3>Aeroporto de Gaziantep: principais dicas para conduzir</h3><p>Ao levantares o carro no Aeroporto de Gaziantep, conduzes sempre pelo lado direito da estrada. Nas autoestradas o limite de velocidade é de 120 km/h, nas vias rápidas desce para 110 km/h, nas estradas nacionais para 90 km/h e nas zonas urbanas para 50 km/h. A partir da cidade, podes seguir para Halfeti, junto ao rio Eufrates, a cerca de duas horas, ou visitar Şanlıurfa, mais a leste. Rumo a norte, alcanças Adıyaman e o sítio do Monte Nemrut. A cobertura do Google Maps é fiável na Turquia, o que facilita a orientação nestes trajetos.</p><h3>O que vai precisar ao alugar um carro em Gaziantep</h3><p>Ao alugar um carro no Aeroporto de Gaziantep, deves ter em atenção que a idade mínima varia consoante a finalidade. A maioria das empresas exige 21 anos para alugar, e algumas aplicam uma sobretaxa a condutores com menos de 25 anos, pelo que convém confirmar estas condições antes de reservar. Já a idade mínima para conduzir na Turquia é de 18 anos, uma distinção importante a considerar. Para levantar o veículo, precisas normalmente da carta de condução válida, do passaporte ou documento de identificação e de um cartão de crédito em nome do condutor principal para o depósito.</p>"
https://www.skyscanner.pt/aluguer-automovel-de/hkt/aluguer-automovel-de-phuket-aeroporto.html,"<h3>Aeroporto de Phuket: como encontrar uma oferta barata de aluguer de carro</h3><p>Ao alugar um carro no Aeroporto de Phuket, na Tailândia, encontras um preço médio diário de cerca de 36 €. O mês mais barato para reservar é junho, com valores a partir de 19 € por dia, o que ajuda a reduzir os custos da tua viagem. Já durante a época alta, sobretudo em janeiro, as tarifas podem chegar aos 55 € por dia, refletindo a maior procura nesse período. Para obteres o melhor preço, sugere-se que faças a reserva com menos de uma semana de antecedência em relação à data de recolha do veículo.</p><h3>Aeroporto de Phuket: como escolher o carro certo</h3><p>No Aeroporto de Phuket, as classes compacto e crossover são as mais procuradas, sobretudo porque se adaptam bem às ruas estreitas e ao trânsito da cidade. Um carro compacto oferece estacionamento e manobras mais fáceis em espaços apertados, custos de aluguer e combustível mais baixos e menor impacto ambiental, sendo adequado para viagens curtas e para quem viaja sozinho. Também podes reservar um aluguer só de ida, recolhendo o carro à chegada e devolvendo-o noutro local. No aeroporto encontras tarifas a partir de 14 € por dia, enquanto na cidade os preços começam nos 15 €.</p><h3>Aeroporto de Phuket: empresas de aluguer de carro mais populares</h3><p>No Aeroporto de Phuket, em Phuket, encontras 32 fornecedores de aluguer de automóveis, sendo a Drive Car Rental a opção mais popular. A Keddy By Europcar tem uma classificação de 5 com base em 570 avaliações e preços desde 21 €, enquanto a Chic Car Rent parte de 15 € e a Europcar de 20 €, ambas com nota 5. A Hertz e a Sixt começam nos 18 € e 19 €, com classificação de 5. As opções de recolha incluem terminal do aeroporto, serviço de receção e autocarro de transporte gratuito. Os preços diários começam nos 13 €.</p><h3>Aeroporto de Phuket: principais dicas para conduzir</h3><p>Ao alugares um carro no Aeroporto de Phuket, conduzes pela esquerda e respeitas os limites de 120 km/h nas autoestradas, 90 km/h nas vias rápidas e estradas nacionais, e 50 km/h nas zonas urbanas. A partir do aeroporto chegas a Phuket Town em cerca de 40 minutos, percorrendo 32 km. Para explorar a região, podes seguir até Phang Nga Bay, a 70 km e 75 minutos de viagem, ou até Khao Lak, a 75 km e 80 minutos. Krabi fica mais longe, a 100 km e cerca de 110 minutos. A cobertura do Google Maps é fiável no país.</p><h3>O que vai precisar ao alugar um carro em Phuket</h3><p>No Aeroporto de Phuket, a idade mínima para alugar um carro na maioria das empresas é de 21 anos, embora a idade mínima para conduzir na Tailândia seja de 18 anos. Repara nesta distinção, pois podes conduzir legalmente aos 18, mas não alugar até aos 21. Algumas empresas cobram uma sobretaxa para condutores com menos de 25 anos, por isso confirma estas condições antes da reserva. Para conduzir e alugar, precisas normalmente de uma carta de condução válida, de uma carta de condução internacional, do passaporte e de um cartão de crédito em nome do condutor principal.</p>"
https://www.skyscanner.pt/aluguer-automovel-de/kya/aluguer-automovel-de-konya-aeroporto.html,"<h3>Aeroporto de Konya: como encontrar uma oferta barata de aluguer de carro</h3><p>Se procuras aluguer de carro no Aeroporto de Konya, na Turquia, o preço médio diário ronda os 62 €, o que serve como referência para comparares as diferentes opções disponíveis. O mês mais económico costuma ser setembro, com valores a partir de cerca de 55 € por dia, enquanto agosto marca a época alta, com tarifas que podem chegar aos 66 € diários. Para conseguires um preço mais favorável e maior disponibilidade de viaturas, é aconselhável reservares o teu carro com cerca de 3 semanas de antecedência, sobretudo se planeias viajar durante os meses de maior procura.</p><h3>Aeroporto de Konya: como escolher o carro certo</h3><p>No Aeroporto de Konya, a classe mais procurada é a compacto de 4-5 portas, adequada para circular na cidade e nas estradas em redor. Este tipo de carro combina espaço para cinco lugares, boa visibilidade e capacidade razoável de bagagem, oferecendo condução estável e versatilidade em diferentes tipos de piso. Um modelo compacto está disponível a partir de 33 € por dia. Podes alugar num local e devolver noutro, uma vez que o aluguer de sentido único está disponível. No terminal, o valor mais baixo é de 32 €, enquanto na cidade de Konya encontras tarifas a partir de 31 €.</p><h3>Aeroporto de Konya: empresas de aluguer de carro mais populares</h3><p>No Aeroporto de Konya, na Turquia, encontras 26 fornecedores de aluguer de automóveis, sendo o EasygoTr o mais popular. Entre as opções disponíveis, a Central tem uma classificação de 5, seguida pela Circular e pela Europcar com 5, e ainda a Enterprise, a Avis e a National com 5. A recolha pode ser feita no terminal do aeroporto, através de autocarro de transporte gratuito ou com serviço de receção, consoante o fornecedor. Os preços começam em cerca de 33 € por dia num veículo Economy, com opções Intermediate desde 51 € e categorias maiores a partir de 80 €.</p><h3>Aeroporto de Konya: principais dicas para conduzir</h3><p>Ao alugar um carro no Aeroporto de Konya, conduzes pelo lado direito da estrada e deves respeitar os limites de velocidade locais, que são de 120 km/h nas autoestradas, 110 km/h nas vias rápidas, 90 km/h nas estradas nacionais e 50 km/h dentro das localidades. A partir de Konya podes conduzir até Çatalhöyük, um sítio arqueológico a cerca de 40 km, ou seguir para Sille, uma antiga aldeia próxima da cidade. Beyşehir, junto ao lago com o mesmo nome, fica a cerca de 90 km. A cobertura do Google Maps na Turquia é fiável e facilita a orientação.</p><h3>O que vai precisar ao alugar um carro em Konya</h3><p>Ao alugar um carro perto do Aeroporto de Konya, deves ter em conta que a idade mínima para conduzir na Turquia é de 18 anos, mas a maioria das empresas de aluguer exige uma idade mínima de 21 anos para poderes levantar o veículo. Algumas cobram uma sobretaxa para condutores com menos de 25 anos, pelo que convém confirmares estas condições antes da reserva. Para conduzir e alugar, precisas normalmente de uma carta de condução válida, do teu passaporte ou documento de identificação e de um cartão de crédito em nome do condutor principal para o depósito de garantia.</p>"
https://www.skyscanner.pt/aluguer-automovel-de/lim/aluguer-automovel-de-lima-aeroporto.html,"<h3>Aeroporto de Lima: como encontrar uma oferta barata de aluguer de carro</h3><p>Ao procurar um aluguer de carro barato no Aeroporto de Lima, no Peru, encontras um preço médio diário de cerca de 39 €. O mês mais económico costuma ser outubro, quando o valor diário desce para aproximadamente 35 €. Durante a época alta, sobretudo em abril, as tarifas atingem os valores mais elevados, chegando a cerca de 42 € por dia. Para conseguires um preço mais vantajoso, é recomendável reservares com pelo menos 1 semana de antecedência, o que te ajuda a garantir mais opções disponíveis e a evitar as tarifas mais altas registadas nos períodos de maior procura.</p><h3>Aeroporto de Lima: como escolher o carro certo</h3><p>No Aeroporto de Lima, a classe mais procurada é o SUV de grande dimensão, adequado às distâncias e às condições de estrada em Lima, onde te desloces com espaço para até sete pessoas e dois volumes de bagagem. Este tipo de carro oferece maior capacidade, boa manobrabilidade e conforto em trajetos urbanos e mais longos. Encontras um SUV fullsize a partir de 34 € por dia. Também tens aluguer só de ida, com entrega noutra localização. No Aeroporto de Lima o preço mais baixo é de 19 €, enquanto nas proximidades, em Lima, ronda os 21 € por dia.</p><h3>Aeroporto de Lima: empresas de aluguer de carro mais populares</h3><p>No Aeroporto de Lima, em Lima, a Alamo é o fornecedor mais popular entre os 22 disponíveis, com opções como o Fullsize SUV a partir de 34 € por dia e o Premium SUV a partir de 61 € por dia, ambos com recolha no terminal do aeroporto. A Budget tem uma avaliação de 5 em 5, com preços a partir de 32 €, e os fornecedores oferecem diferentes tipos de recolha: no terminal do aeroporto, com serviço de receção e através de autocarro de transporte gratuito. Podes ainda encontrar a Dollar desde 19 € por dia.</p><h3>Aeroporto de Lima: principais dicas para conduzir</h3><p>Ao alugar um carro no Aeroporto de Lima, conduzes pelo lado direito da estrada. Os limites de velocidade são de 100 km/h em autoestradas e vias rápidas, 60 km/h em estradas rurais e 50 km/h em zonas urbanas. A cobertura do Google Maps no Peru é fiável, o que facilita a navegação. A partir de Lima, podes conduzir até Pachacamac, a cerca de 40 km a sul, para visitar o sítio arqueológico. A norte, Caral fica a cerca de 180 km e tem ruínas antigas. Já Lunahuaná, a cerca de 180 km a sudeste, é conhecida pelo vale do rio e pelas atividades ao ar livre.</p><h3>O que vai precisar ao alugar um carro em Lima</h3><p>Para alugar carro perto do Aeroporto de Lima, a maioria das empresas exige uma idade mínima de 21 anos, ainda que a idade mínima para conduzir no Peru seja de 18 anos. Algumas empresas cobram uma sobretaxa para condutores com menos de 25 anos, pelo que convém confirmar estas condições antes de reservar. Para conduzir e alugar um carro, precisas de apresentar uma carta de condução válida, o passaporte ou documento de identidade e um cartão de crédito em nome do condutor principal. Em alguns casos, é solicitada uma carta de condução internacional, sobretudo se o documento não estiver em espanhol.</p>"
https://www.skyscanner.pt/aluguer-automovel-de/ork/aluguer-automovel-de-cork-aeroporto.html,"<h3>Aeroporto de Cork: como encontrar uma oferta barata de aluguer de carro</h3><p>Se procuras um aluguer de carro barato no Aeroporto de Cork, vale a pena comparar preços antes de reservar. Em média, o valor diário ronda os 60 €, mas há variações ao longo do ano. Junho é normalmente o mês mais económico, com diárias a partir de 50 €. Já em julho, durante a época alta, os preços sobem e podem chegar aos 66 € por dia. Para conseguires uma tarifa mais vantajosa, o ideal é reservares com cerca de 1 semana de antecedência, garantindo assim mais opções disponíveis e um preço equilibrado para a tua viagem.</p><h3>Aeroporto de Cork: como escolher o carro certo</h3><p>No Aeroporto de Cork, a classe mais procurada é o compacto de 4-5 portas, uma escolha que se adapta às ruas estreitas e muitas vezes congestionadas da cidade. Este tipo de carro facilita o estacionamento e as manobras em espaços apertados, além de reduzir os custos de aluguer e de combustível, sendo indicado para viagens curtas ou para quem viaja sozinho. Também podes optar por um aluguer com devolução noutro local, deixando o carro num ponto diferente. O preço mais baixo no aeroporto começa em 16 €, valor idêntico ao das recolhas em Cork, a partir de 16 €.</p><h3>Aeroporto de Cork: empresas de aluguer de carro mais populares</h3><p>No Aeroporto de Cork, na Irlanda, a Budget destaca-se como a fornecedora mais popular entre um total de 17 empresas disponíveis. A Payless e a Flizzr apresentam avaliações de 5, com preços a partir de 19 € e 29 €, respetivamente, enquanto a Carhire e a Europcar também alcançam classificações de 5. A Dollar e a Thrifty registam avaliações de 5, com preços desde 19 €. A maioria dos fornecedores oferece levantamento no terminal do aeroporto, embora algumas opções, como a Easirent, disponibilizem autocarro de transporte gratuito. Os preços diários começam em cerca de 13 €.</p><h3>Aeroporto de Cork: principais dicas para conduzir</h3><p>Ao alugares um carro no Aeroporto de Cork, conduzes pela esquerda, algo a ter em conta se não estiveres habituado. Os limites de velocidade são de 120 km/h nas autoestradas, 100 km/h nas vias rápidas, 80 km/h nas estradas rurais e 50 km/h dentro das localidades. A cobertura do Google Maps na Irlanda é fiável, o que facilita a navegação. A partir de Cork, podes seguir até Kinsale, uma vila costeira a cerca de 30 minutos, ou visitar o Castelo de Blarney, a norte da cidade. Também consegues chegar a Cobh, junto ao mar, em pouco mais de meia hora.</p><h3>O que vai precisar ao alugar um carro em Cork</h3><p>Ao alugar um carro no Aeroporto de Cork, é útil conhecer as regras de idade. Na Irlanda, a idade mínima para conduzir é 17 anos, mas para alugar carro perto do Aeroporto de Cork a maioria das empresas exige uma idade mínima de 21 anos. Algumas cobram uma sobretaxa para condutores com menos de 25 anos, pelo que confirmas estas condições antes da reserva. Precisas de apresentar a tua carta de condução válida, um documento de identificação ou passaporte e um cartão de crédito em nome do condutor principal para a caução. Verifica também se a carta cobre o período completo do aluguer.</p>"
https://www.skyscanner.pt/aluguer-automovel-de/pfo/aluguer-automovel-de-paphos-aeroporto.html,"<h3>Aeroporto de Paphos: como encontrar uma oferta barata de aluguer de carro</h3><p>No Aeroporto de Paphos, o aluguer de carro tem um preço médio diário de cerca de 29 €. O mês mais barato para alugar costuma ser novembro, quando os valores descem para perto de 21 € por dia. Já na época alta, sobretudo em maio, as tarifas atingem os valores mais elevados, chegando a cerca de 46 € diários. Se procuras um preço mais baixo, tem em conta a diferença entre estes períodos ao planear a tua viagem. Para conseguires as melhores tarifas, a sugestão é reservar o teu carro com menos de uma semana de antecedência.</p><h3>Aeroporto de Paphos: como escolher o carro certo</h3><p>No Aeroporto de Paphos, as classes compacto e SUV são as mais procuradas, adequando-se bem à variedade de percursos entre a cidade e a costa. O SUV oferece maior altura ao solo para terrenos diversos, mais espaço para bagagem, posição de condução elevada com boa visibilidade e manobrabilidade suficiente para as zonas urbanas de Paphos, com um consumo próximo dos modelos mais pequenos. Podes levantar o carro à chegada e devolvê-lo noutro local, com o aluguer de sentido único disponível. No aeroporto encontras tarifas desde 21 €, enquanto na cidade os preços começam nos 25 €.</p><h3>Aeroporto de Paphos: empresas de aluguer de carro mais populares</h3><p>No Aeroporto de Paphos encontras 48 fornecedores de aluguer de automóveis, sendo a Autorent Cyprus a opção mais popular. A Europcar tem uma avaliação de 5, com preços a partir de 54 €, enquanto a Flizzr também atinge 5 e começa nos 31 €. A Get Your Car apresenta valores desde 30 € e a Payless desde 53 €, ambas com avaliação de 5. A recolha dos veículos varia consoante o fornecedor, incluindo terminal do aeroporto, autocarro de transporte gratuito e serviço de receção. Os preços diários dos carros começam nos 20 € para a classe Mini.</p><h3>Aeroporto de Paphos: principais dicas para conduzir</h3><p>Ao alugares um carro no Aeroporto de Paphos, lembra-te de que em Chipre conduz-se pela esquerda, o que exige atenção nas rotundas e nos cruzamentos. Nas autoestradas o limite de velocidade é de 100 km/h, enquanto nas zonas urbanas desce para 50 km/h, e nas estradas secundárias deves adaptar a velocidade às condições da via. A partir de Paphos consegues chegar facilmente a Coral Bay, ideal para uma manhã junto à costa, e ao sítio arqueológico de Kourion, mais a leste. Podes ainda seguir até à aldeia de Omodos, na região vinícola de Troodos. A cobertura do Google Maps é fiável em todo o país.</p><h3>O que vai precisar ao alugar um carro em Paphos</h3><p>Ao alugar um carro perto do Aeroporto de Paphos, deves ter em conta que a idade mínima para conduzir no Chipre é de 18 anos, mas a maioria das empresas exige uma idade mínima de 21 anos para alugar. Algumas cobram uma sobretaxa para condutores com menos de 25 anos, pelo que recomendamos confirmar estas condições antes da reserva. Para conduzir e levantar o veículo, precisas normalmente de carta de condução válida, documento de identificação ou passaporte e um cartão de crédito em nome do condutor principal. Verifica se a tua carta é aceite antes de viajar.</p>"
https://www.skyscanner.pt/aluguer-automovel-de/sla/aluguer-automovel-de-salta-aeroporto.html,"<h3>Aeroporto de Salta: como encontrar uma oferta barata de aluguer de carro</h3><p>Alugar um carro no Aeroporto de Salta tem um preço médio diário de 69 €, o que te dá uma referência para comparar as opções disponíveis. O mês mais barato para reservar é setembro, com valores a partir de 59 € por dia, enquanto dezembro faz parte da época alta, quando a tarifa diária pode chegar aos 78 €. Se quiseres reduzir custos, vale a pena reservar fora dos meses de maior procura e ficar atento às diferenças de preço entre companhias. Para conseguires um valor mais baixo, sugere-se reservar com cerca de 3 semanas de antecedência.</p><h3>Aeroporto de Salta: como escolher o carro certo</h3><p>No Aeroporto de Salta, as classes mais procuradas são a económica e o crossover, uma combinação que se adequa bem à cidade e às rotas em direção aos vales e serras da região. O crossover oferece maior capacidade de lugares, espaço de carga amplo, melhor visibilidade, condução mais estável e versatilidade em diferentes tipos de terreno. Podes optar por um aluguer com entrega noutro local, útil se planeias percursos só de ida. Quanto aos preços, o valor mais baixo no aeroporto é de 31 € por dia, e nas proximidades da cidade encontras tarifas a partir do mesmo valor, cerca de 31 €.</p><h3>Aeroporto de Salta: empresas de aluguer de carro mais populares</h3><p>No Aeroporto de Salta encontras 28 empresas de aluguer de automóveis, sendo a Hertz a mais procurada, com classificação de 5 e preços a partir de 41 €. A Europcar tem avaliação de 5 e preços desde 39 €, enquanto a Alamo parte de 38 € e a National de 42 €, ambas com pontuação de 5. A Avis começa nos 65 €. A maioria das empresas oferece a recolha no terminal do aeroporto, havendo também opções com serviço de receção. Os preços diários começam nos 32 € para a categoria Economy, com escolhas até às classes Premium.</p><h3>Aeroporto de Salta: principais dicas para conduzir</h3><p>Ao levantar o teu carro no Aeroporto de Salta, circulas pela direita e deves respeitar os limites de velocidade, que são de 130 km/h em autoestradas, 80 km/h em vias expressas e estradas rurais, e 60 km/h em zonas urbanas. A cobertura do Google Maps na Argentina é fiável, o que facilita a navegação. A partir de Salta podes seguir para Cafayate, cerca de 190 quilómetros a sul, por estradas de vinha. Também podes conduzir até San Lorenzo, a poucos quilómetros a oeste, ou rumar a Purmamarca, no norte, para conhecer a paisagem montanhosa da região.</p><h3>O que vai precisar ao alugar um carro em Salta</h3><p>Ao alugar um carro perto do Aeroporto de Salta, deves ter em conta que a idade mínima exigida pela maioria das empresas é de 21 anos. Algumas cobram uma sobretaxa para condutores com menos de 25 anos, pelo que convém confirmar estas condições antes de reservar. Note-se que na Argentina a idade mínima legal para conduzir é 18 anos, valor inferior ao exigido para o aluguer. Para levantar e conduzir o veículo, precisas normalmente da carta de condução válida, do passaporte ou documento de identidade e de um cartão de crédito em nome do condutor.</p>"
https://www.skyscanner.pt/aluguer-automovel-de/svq/aluguer-automovel-de-sevilha-aeroporto.html,"<h3>Aeroporto de Sevilha: como encontrar uma oferta barata de aluguer de carro</h3><p>Alugar um carro no Aeroporto de Sevilha tem um preço médio diário de cerca de 49 €, embora o valor varie ao longo do ano. Se procuras a opção mais económica, janeiro costuma registar os preços mais baixos, com uma média em torno de 38 € por dia. Já a época alta concentra-se em agosto, altura em que a tarifa diária pode chegar aos 71 €. Para conseguires um preço mais vantajoso, é recomendável reservar o teu carro com menos de uma semana de antecedência, ajustando assim a escolha às tarifas disponíveis no momento da tua viagem.</p><h3>Aeroporto de Sevilha: como escolher o carro certo</h3><p>No Aeroporto de Sevilha, a classe compacta é a mais procurada, sobretudo pela facilidade de circulação nas ruas estreitas do centro de Sevilha e pela praticidade em trajetos urbanos e regionais. Este tipo de carro oferece consumo eficiente de combustível, condução suave em vários pisos e lugares confortáveis para percursos mais longos, com espaço de bagagem adequado. Encontras opções compactas a partir de 5 € por dia com recolha no terminal ou via autocarro gratuito. O aluguer com entrega noutra localização está disponível, e as ofertas em pontos de recolha em Sevilha começam em 6 €, ligeiramente acima dos valores do aeroporto.</p><h3>Aeroporto de Sevilha: empresas de aluguer de carro mais populares</h3><p>No Aeroporto de Sevilha encontras 29 fornecedores de aluguer de automóveis, sendo a Goldcar o mais popular, com uma classificação de 5 e preços a partir de 7 €. A Keddy By Europcar tem uma classificação de 5, com valores desde 35 €, enquanto a Europcar apresenta também 5 de classificação. A Centauro parte de 8 € e a Flizzr de 45 €, ambas com classificação de 5. Quanto à recolha, alguns fornecedores oferecem o levantamento no terminal do aeroporto, enquanto outros disponibilizam autocarro de transporte gratuito até ao ponto de recolha, consoante a opção que escolheres.</p><h3>Aeroporto de Sevilha: principais dicas para conduzir</h3><p>Ao sair do Aeroporto de Sevilha, chegas ao centro de Sevilha em cerca de 14 minutos, cobrindo os 10 km de distância. Em Espanha conduz-se pela direita, com limites de 120 km/h nas autoestradas, 100 km/h nas vias rápidas, 90 km/h nas estradas nacionais e 50 km/h em zonas urbanas. A partir da cidade, podes chegar a Jerez de la Frontera em cerca de 75 minutos, percorrendo 90 km. Cádiz fica a 120 km, com uma viagem de 90 minutos, enquanto Córdoba está a 145 km, a cerca de 110 minutos. A cobertura do Google Maps é fiável em todo o país.</p><h3>O que vai precisar ao alugar um carro em Sevilha</h3><p>Para alugar carro no Aeroporto de Sevilha, a maioria das empresas exige uma idade mínima de 21 anos, ainda que a idade legal para conduzir em Espanha seja de 18 anos. Algumas empresas cobram uma sobretaxa a condutores com menos de 25 anos, pelo que convém confirmar estas condições antes da reserva. Para levantar o veículo, precisas normalmente de uma carta de condução válida, do teu documento de identificação ou passaporte e de um cartão de crédito em nome do condutor principal. Se a tua carta não for da União Europeia, podes necessitar de uma carta de condução internacional.</p>"
https://www.skyscanner.pt/aluguer-automovel-de/tbs/aluguer-automovel-de-tbilisi-aeroporto.html,"<h3>Aeroporto de Tbilisi: como encontrar uma oferta barata de aluguer de carro</h3><p>Alugar um carro no Aeroporto de Tbilisi tem um preço médio diário de 48 €, embora o valor varie ao longo do ano. Se procuras a opção mais económica, abril costuma ser o mês mais barato, com diárias a partir de 33 €. Já durante a época alta, sobretudo em agosto, os preços sobem e podem chegar aos 82 € por dia, refletindo a maior procura no verão. Para garantires uma tarifa mais favorável, o ideal é reservares o teu carro com cerca de 4 semanas de antecedência, o que te permite comparar valores e assegurar disponibilidade.</p><h3>Aeroporto de Tbilisi: como escolher o carro certo</h3><p>No Aeroporto de Tbilisi, a classe médio/standard e os crossover são as mais procuradas, uma escolha que se adequa às ruas irregulares da cidade e às estradas de montanha nos arredores. Este tipo de carro oferece maior capacidade de lugares e espaço para bagagem, boa visibilidade, condução estável e versatilidade em diferentes terrenos. Podes optar por um aluguer de sentido único, recolhendo o carro ao aterrar e devolvendo-o noutra localização. O preço mais baixo no aeroporto ronda os 28 € por dia, enquanto nas proximidades encontras a partir de 29 €, pelo que a diferença é reduzida.</p><h3>Aeroporto de Tbilisi: empresas de aluguer de carro mais populares</h3><p>No Aeroporto de Tbilisi tens 48 fornecedores de aluguer de automóveis disponíveis, sendo a Localrent a opção mais popular. A Europcar apresenta uma classificação de 5, com preços a partir de 45 €, enquanto a GTG Car Rental parte de 74 € e a TBILISICARS.COM de 73 €, ambas com classificação 5. A City Rent Car começa em 44 € e a Surprice em 61 €, também com classificação 5. As opções de recolha incluem terminal do aeroporto, autocarro de transporte gratuito e serviço de receção. Os preços diários começam em 24 € para a classe Mini.</p><h3>Aeroporto de Tbilisi: principais dicas para conduzir</h3><p>Ao alugar um carro no Aeroporto de Tbilisi, conduzes pela direita e deves respeitar os limites de velocidade, que são de 110 km/h nas autoestradas, 80 km/h nas vias rápidas, 90 km/h nas estradas nacionais e 60 km/h nas zonas urbanas. A cobertura do Google Maps na Geórgia é fiável, o que facilita a navegação. A partir da cidade, podes conduzir cerca de 20 minutos até Mtskheta, uma antiga capital com locais históricos. Segue depois para Gori, a cerca de uma hora, ou para a região vinícola de Kakheti, situada a este de Tbilisi.</p><h3>O que vai precisar ao alugar um carro em Tbilisi</h3><p>Ao alugar um carro perto do Aeroporto de Tbilisi, na Geórgia, deves ter em atenção alguns requisitos. A idade mínima para conduzir na Geórgia é de 18 anos, mas para alugar carro a maioria das empresas exige uma idade mínima de 21 anos. Algumas cobram uma sobretaxa para condutores com menos de 25 anos, pelo que recomendamos confirmar estas condições antes da reserva. Normalmente, precisas de apresentar a tua carta de condução válida, um documento de identificação ou passaporte e um cartão de crédito em nome do condutor principal. Em alguns casos, é pedida carta de condução internacional.</p>"
https://www.skyscanner.pt/aluguer-automovel-de/tiv/aluguer-automovel-de-tivat-aeroporto.html,"<h3>Aeroporto de Tivat: como encontrar uma oferta barata de aluguer de carro</h3><p>Se procuras alugar um carro no Aeroporto de Tivat, em Montenegro, o preço médio diário ronda os 78 €. O mês mais económico costuma ser junho, quando a tarifa desce para cerca de 71 € por dia. Já durante a época alta, em especial em agosto, os valores tendem a subir e podem chegar aos 81 € diários, uma vez que a procura é maior nesse período. Para conseguires um preço mais vantajoso, o ideal é reservares o teu carro com pelo menos 1 semana de antecedência relativamente à data prevista para a tua viagem.</p><h3>Aeroporto de Tivat: como escolher o carro certo</h3><p>No Aeroporto de Tivat, a classe mais procurada é a económica de 2 a 3 portas, adequada às ruas estreitas de Tivat e às estradas costeiras de Montenegro. Este tipo de carro oferece espaço razoável para passageiros e bagagem, várias configurações de lugares para grupos, melhor visibilidade graças a uma posição de condução mais elevada e conforto em trajetos mais longos. Podes alugar um carro no aeroporto e devolvê-lo noutro local, o que facilita o planeamento. No aeroporto, os preços começam em 26 €, enquanto perto do aeroporto encontras tarifas a partir de 35 €.</p><h3>Aeroporto de Tivat: empresas de aluguer de carro mais populares</h3><p>No Aeroporto de Tivat, em Montenegro, encontras 49 fornecedores de aluguer de automóveis, sendo o U-Save o mais popular. A Surprice tem uma classificação de 5, com preços a partir de 93 €, enquanto a Europcar, com mais de 1200 avaliações, tem classificação de 5 e preços desde 69 €. A Alamo e a Enterprise apresentam classificação de 5, com valores a partir de 58 € e 59 €. Os fornecedores oferecem recolha no terminal do aeroporto e serviço de receção. Entre as ofertas diárias, os preços começam em 31 € para a classe Compact.</p><h3>Aeroporto de Tivat: principais dicas para conduzir</h3><p>Ao alugar um carro no Aeroporto de Tivat, conduzes pela direita e deves respeitar os limites de velocidade locais: 100 km/h em vias rápidas, 80 km/h em estradas nacionais e 50 km/h em zonas urbanas. A partir do aeroporto, podes chegar a Kotor em cerca de 30 minutos, seguindo a estrada costeira ao longo da baía. Budva fica a aproximadamente 20 minutos, com acesso simples pela via principal, enquanto Herceg Novi exige cerca de uma hora de percurso. A cobertura do Google Maps é fiável em Montenegro, o que facilita a navegação em estradas costeiras e trajetos entre cidades.</p><h3>O que vai precisar ao alugar um carro em Tivat</h3><p>No Aeroporto de Tivat, a idade mínima para alugar carro é, na maioria das empresas, de 21 anos, embora a idade mínima legal para conduzir em Montenegro seja de 18 anos. Convém notar esta diferença, já que algumas empresas cobram uma sobretaxa a condutores com menos de 25 anos, pelo que confirmas estas condições antes de reservares. Para conduzir e alugar um carro, precisas normalmente da carta de condução válida, do passaporte ou documento de identidade e de um cartão de crédito em nome do condutor principal. Recomenda-se também levar a carta de condução internacional, caso a tua não esteja em alfabeto latino.</p>"
https://www.skyscanner.pt/aluguer-automovel-de/tls/aluguer-automovel-de-toulouse-aeroporto.html,"<h3>Aeroporto de Toulouse: como encontrar uma oferta barata de aluguer de carro</h3><p>Alugar um carro no Aeroporto de Toulouse, em França, tem um preço médio diário de 42 €, um valor útil para planeares o teu orçamento de viagem. O mês mais económico costuma ser junho, quando a diária pode descer para cerca de 36 €. Já durante a época alta, abril regista uma das tarifas mais elevadas, com valores próximos dos 52 € por dia. Para conseguires um preço mais equilibrado, convém comparar as opções disponíveis e reservar com pelo menos 1 semana de antecedência, o que te ajuda a garantir mais escolha e condições melhores antes da chegada.</p><h3>Aeroporto de Toulouse: como escolher o carro certo</h3><p>No Aeroporto de Toulouse, a classe mais procurada é o compacto de 4-5 portas, uma opção adequada para circular pela cidade e explorar a região envolvente. Este tipo de carro oferece espaço razoável para passageiros e bagagem, várias configurações de lugares para viagens em grupo e uma posição de condução mais elevada que melhora a visibilidade, sendo confortável em trajetos mais longos. Podes alugar no aeroporto e devolver noutro local, se preferires. A recolha no terminal começa em cerca de 36 €, enquanto na cidade de Toulouse encontras tarifas a partir de 38 €.</p><h3>Aeroporto de Toulouse: empresas de aluguer de carro mais populares</h3><p>No Aeroporto de Toulouse, em França, encontras 20 fornecedores de aluguer de automóveis, sendo o Goldcar o mais popular, com veículos a partir de 44 € por dia. A Europcar e a Keddy By Europcar têm avaliações de 5, com preços desde 50 € e 49 €, respetivamente. A Alamo, a Thrifty e a Enterprise também apresentam classificações de 5, com valores a partir de 56 €, 52 € e 49 €. A maioria dos fornecedores oferece recolha no terminal do aeroporto, o que simplifica o levantamento à chegada. Os preços diários variam entre 37 € e 132 €, conforme a categoria escolhida.</p><h3>Aeroporto de Toulouse: principais dicas para conduzir</h3><p>Ao levantares o teu carro no Aeroporto de Toulouse, conduzirás do lado direito da estrada. Os limites de velocidade em França são de 130 km/h nas autoestradas, 110 km/h nas vias rápidas, 80 km/h nas estradas nacionais e 50 km/h dentro das localidades. A cobertura do Google Maps é fiável no país, pelo que podes contar com a navegação para as tuas viagens. A partir de Toulouse, chegas a Carcassonne em cerca de uma hora pela autoestrada, ideal para veres a cidade medieval. Albi fica a norte, a menos de uma hora, e Montauban situa-se a cerca de 50 quilómetros.</p><h3>O que vai precisar ao alugar um carro em Toulouse</h3><p>Para alugar um carro perto do Aeroporto de Toulouse, a maioria das empresas exige uma idade mínima de 21 anos, embora algumas apliquem uma sobretaxa a condutores com menos de 25 anos, pelo que recomendamos confirmar estas condições antes da reserva. Note que, em França, a idade mínima para conduzir é 17 anos, distinta da idade mínima exigida para alugar. Para levantar o veículo, precisas normalmente de carta de condução válida, documento de identificação ou passaporte e um cartão de crédito em nome do condutor principal. Confirma sempre os requisitos específicos da empresa antes de finalizares a tua reserva.</p>"
https://www.skyscanner.pt/aluguer-automovel-de/vie/aluguer-automovel-de-viena-aeroporto.html,"<h3>Aeroporto de Viena: como encontrar uma oferta barata de aluguer de carro</h3><p>Alugar um carro no Aeroporto de Viena tem um custo médio diário de cerca de 52 €, embora o valor varie ao longo do ano. Se procuras a opção mais económica, setembro costuma registar os preços mais baixos, com uma média de aproximadamente 44 € por dia. Durante a época alta, sobretudo em maio, as tarifas diárias podem chegar aos 68 €, refletindo a maior procura nesse período. Para conseguir um preço mais vantajoso, é aconselhável reservar o teu carro com pelo menos 1 semana de antecedência, o que ajuda a garantir maior disponibilidade e melhores condições.</p><h3>Aeroporto de Viena: como escolher o carro certo</h3><p>No Aeroporto de Viena, as classes mais procuradas são o compacto e o crossover, escolhas que se adaptam bem à circulação na cidade. Um compacto facilita o estacionamento e a manobra em ruas estreitas ou movimentadas, além de reduzir os custos de aluguer e combustível, sendo prático para viagens curtas ou para quem viaja sozinho. Há disponibilidade de aluguer só de ida, permitindo levantar o carro ao aterrar e devolvê-lo noutro local. Quanto aos preços, encontrámos tarifas a partir de 8 € no aeroporto e cerca de 15 € em pontos de recolha na cidade de Viena.</p><h3>Aeroporto de Viena: empresas de aluguer de carro mais populares</h3><p>No Aeroporto de Viena encontras 35 fornecedores de aluguer de automóveis, sendo a Dryyve o mais popular, com preços a partir de 22 € por dia. A Buchbinder tem tarifas desde 63 €, a Flizzr desde 77 € e a Europcar desde 87 €, todas com avaliação de 5 em 5. A Sixt, com muitas avaliações, mantém uma nota de 5. Os fornecedores oferecem várias opções de levantamento, incluindo terminal do aeroporto, autocarro de transporte gratuito e serviço de receção. Os preços diários começam em 12 € para as categorias Mini e Economy, consoante o fornecedor escolhido.</p><h3>Aeroporto de Viena: principais dicas para conduzir</h3><p>Ao alugar um carro no Aeroporto de Viena, conduzes pela direita e o centro da cidade fica a cerca de 18 km, aproximadamente 20 minutos de viagem. A partir daqui, chegas a Klosterneuburg em cerca de 28 minutos ao longo de 25 km e a Baden bei Wien em cerca de 38 minutos ao longo de 35 km. Bratislava, já na Eslováquia, fica a 65 km, cerca de 60 minutos. Os limites de velocidade são de 130 km/h nas autoestradas, 100 km/h nas vias rápidas e estradas nacionais, e 50 km/h nas zonas urbanas. A cobertura do Google Maps é fiável no país.</p><h3>O que vai precisar ao alugar um carro em Viena</h3><p>Ao alugar carro no Aeroporto de Viena, deves ter em conta que a idade mínima para conduzir na Áustria é de 17 anos, mas para alugar carro perto do Aeroporto de Viena a maioria das empresas exige uma idade mínima de 21 anos. Algumas cobram uma sobretaxa para condutores com menos de 25 anos, pelo que recomendamos confirmar estas condições antes da reserva. Para conduzir e levantar o veículo, precisas normalmente da carta de condução válida, de um documento de identificação ou passaporte e de um cartão de crédito em nome do condutor principal.</p>"
