2026-09-01 11:30:32,441 - INFO - File logging enabled → /Users/apple/Desktop/aurix/skyscanner-AI-Writer-IMWT/output/lqa_run_SA_20260901_093032.log
2026-09-01 11:30:32,441 - INFO - Language filter active → SA
2026-09-01 11:30:32,442 - INFO - Loading and formatting glossary from /Users/apple/Desktop/aurix/skyscanner-AI-Writer-IMWT/reference/Skyscanner_Glossary_v2.xlsx
2026-09-01 11:30:32,667 - INFO - Glossary loaded for SA (ar-SA): 268 terms
2026-09-01 11:30:32,668 - INFO - Glossary loaded for CZ (cs-CZ): 229 terms
2026-09-01 11:30:32,668 - INFO - Glossary loaded for GR (el-GR): 229 terms
2026-09-01 11:30:32,668 - INFO - Glossary loaded for HU (hu-HU): 229 terms
2026-09-01 11:30:32,669 - INFO - Glossary loaded for PL (pl-PL): 236 terms
2026-09-01 11:30:32,669 - INFO - Glossary loaded for TH (th-TH): 229 terms
2026-09-01 11:30:32,670 - INFO - Glossary loaded for TR (tr-TR): 228 terms
2026-09-01 11:30:32,670 - INFO - Glossary loaded for DE (de-DE): 272 terms
2026-09-01 11:30:32,671 - INFO - Glossary loaded for ES (es-ES): 269 terms
2026-09-01 11:30:32,671 - INFO - Glossary loaded for FR (fr-FR): 270 terms
2026-09-01 11:30:32,672 - INFO - Glossary loaded for IT (it-IT): 269 terms
2026-09-01 11:30:32,672 - INFO - Glossary loaded for NL (nl-NL): 269 terms
2026-09-01 11:30:32,673 - INFO - Glossary loaded for BR (pt-BR): 250 terms
2026-09-01 11:30:32,673 - INFO - Glossary loaded for PT (pt-PT): 228 terms
2026-09-01 11:30:32,674 - INFO - Glossary loaded for US (en-US): 239 terms
2026-09-01 11:30:32,675 - WARNING - Skipping 2026-2027-cz-car-hire-city-06.docx: could not infer language code from filename.
2026-09-01 11:30:32,675 - WARNING - Skipping 2026-2027-cz-car-hire-city-07.docx: could not infer language code from filename.
2026-09-01 11:30:32,675 - WARNING - Skipping 2026-2027-cz-car-hire-city-08.docx: could not infer language code from filename.
2026-09-01 11:30:32,675 - WARNING - Skipping 2026-2027-cz-car-hire-city-09.docx: could not infer language code from filename.
2026-09-01 11:30:32,675 - WARNING - Skipping 2026-2027-cz-car-hire-city-10.docx: could not infer language code from filename.
2026-09-01 11:30:32,675 - WARNING - Skipping 2026-2027-gr-car-hire-city-06.docx: could not infer language code from filename.
2026-09-01 11:30:32,675 - WARNING - Skipping 2026-2027-gr-car-hire-city-07.docx: could not infer language code from filename.
2026-09-01 11:30:32,675 - WARNING - Skipping 2026-2027-gr-car-hire-city-08.docx: could not infer language code from filename.
2026-09-01 11:30:32,675 - WARNING - Skipping 2026-2027-gr-car-hire-city-09.docx: could not infer language code from filename.
2026-09-01 11:30:32,675 - WARNING - Skipping 2026-2027-gr-car-hire-city-10.docx: could not infer language code from filename.
2026-09-01 11:30:32,675 - WARNING - Skipping 2026-2027-hu-car-hire-city-06.docx: could not infer language code from filename.
2026-09-01 11:30:32,675 - WARNING - Skipping 2026-2027-hu-car-hire-city-07.docx: could not infer language code from filename.
2026-09-01 11:30:32,675 - WARNING - Skipping 2026-2027-hu-car-hire-city-08.docx: could not infer language code from filename.
2026-09-01 11:30:32,675 - WARNING - Skipping 2026-2027-hu-car-hire-city-09.docx: could not infer language code from filename.
2026-09-01 11:30:32,676 - WARNING - Skipping 2026-2027-hu-car-hire-city-10.docx: could not infer language code from filename.
2026-09-01 11:30:32,676 - WARNING - Skipping 2026-2027-pl-car-hire-city-06.docx: could not infer language code from filename.
2026-09-01 11:30:32,676 - WARNING - Skipping 2026-2027-pl-car-hire-city-07.docx: could not infer language code from filename.
2026-09-01 11:30:32,676 - WARNING - Skipping 2026-2027-pl-car-hire-city-08.docx: could not infer language code from filename.
2026-09-01 11:30:32,676 - WARNING - Skipping 2026-2027-pl-car-hire-city-09.docx: could not infer language code from filename.
2026-09-01 11:30:32,676 - WARNING - Skipping 2026-2027-pl-car-hire-city-10.docx: could not infer language code from filename.
2026-09-01 11:30:32,676 - WARNING - Skipping 2026-2027-pt-car-hire-city-06.docx: could not infer language code from filename.
2026-09-01 11:30:32,676 - WARNING - Skipping 2026-2027-pt-car-hire-city-07.docx: could not infer language code from filename.
2026-09-01 11:30:32,676 - WARNING - Skipping 2026-2027-pt-car-hire-city-08.docx: could not infer language code from filename.
2026-09-01 11:30:32,676 - WARNING - Skipping 2026-2027-pt-car-hire-city-09.docx: could not infer language code from filename.
2026-09-01 11:30:32,676 - WARNING - Skipping 2026-2027-pt-car-hire-city-10.docx: could not infer language code from filename.
2026-09-01 11:30:32,676 - WARNING - Skipping 2026-2027-tr-car-hire-city-06.docx: could not infer language code from filename.
2026-09-01 11:30:32,676 - WARNING - Skipping 2026-2027-tr-car-hire-city-07.docx: could not infer language code from filename.
2026-09-01 11:30:32,676 - WARNING - Skipping 2026-2027-tr-car-hire-city-08.docx: could not infer language code from filename.
2026-09-01 11:30:32,676 - WARNING - Skipping 2026-2027-tr-car-hire-city-09.docx: could not infer language code from filename.
2026-09-01 11:30:32,677 - WARNING - Skipping 2026-2027-tr-car-hire-city-10.docx: could not infer language code from filename.
2026-09-01 11:30:32,677 - WARNING - Skipping Copy of 2026-2027-th-car-hire-city-06.docx: could not infer language code from filename.
2026-09-01 11:30:32,677 - WARNING - Skipping Copy of 2026-2027-th-car-hire-city-07.docx: could not infer language code from filename.
2026-09-01 11:30:32,677 - WARNING - Skipping Copy of 2026-2027-th-car-hire-city-08.docx: could not infer language code from filename.
2026-09-01 11:30:32,677 - WARNING - Skipping Copy of 2026-2027-th-car-hire-city-09.docx: could not infer language code from filename.
2026-09-01 11:30:32,677 - WARNING - Skipping Copy of 2026-2027-th-car-hire-city-10.docx: could not infer language code from filename.
2026-09-01 11:30:32,677 - INFO - ===== Language SA: parsing input files → sections/batches =====
2026-09-01 11:30:32,733 - INFO - [SA] Total batches to process: 250
2026-09-01 11:30:32,733 - INFO - [A1][SA][2026-2027-sa-car-hire-city-06__0001] SYSTEM PROMPT (first batch only):
# ROLE & MISSION

You are an **Expert Technical LQA Auditor**. Your mission is to perform a precise, objective, and rule-based audit of localized content. Your single focus is to identify and report **verifiable errors** that impact **correctness, clarity, and compliance**.

You are an auditor, **not a creative editor**. Your analysis must be grounded in the provided rules, glossary, and linguistic conventions. You will produce a single, clean JSON object containing actionable, high-impact findings.

This prompt is used across multiple languages. A locale-specific instruction pack is auto-injected as `lang instructions`. **These instructions are your highest authority and override any general rules in this document where they differ.**

You will receive a `Topic Name` for each batch (e.g., a route or travel topic). Use it as context and **do not flag hardcoded city/route mentions as errors when they match the Topic Name** (destination/from cities already specified by the topic are not mistakes).

---

## PROJECT-SPECIFIC EXCLUSIONS (HIGHEST PRIORITY)

Do **not** flag or correct names, cities/place names, car-rental providers, or car models/types merely because they are not localized or remain in another language/alphabet. The agency will handle them. Preserve them exactly in `updated_sentence`. Flag only an independent objective error that is not based on localization or script.

---

## THE PRIME DIRECTIVE: OBJECTIVITY OVER PREFERENCE

This is your most important instruction. Your primary function is to eliminate subjective, preferential feedback. You must strictly adhere to the following rules:

**✅ FLAG ONLY (Objective & Actionable Issues):**

* **Grammatical Errors:** Incorrect verb tense, case, gender agreement, prepositions that alter meaning.
* **Spelling & Punctuation Errors:** Typos, incorrect use of accents/diacritics, violations of locale-specific punctuation rules (e.g., missing spaces in French, incorrect quote style in German).
* **Compliance Violations:** Failure to use a **mandatory** glossary/brand term, incorrect capitalization of a **brand/proper name**, use of a forbidden term, or required unit/currency presentation not followed.
* **Accuracy Errors:** Factual mistakes **visible in the text**, incorrect numbers, mistranslations that change the meaning, failure to provide **required** metric/imperial conversions.
* **Severe Clarity Issues:** Sentences so long, convoluted, or poorly structured that they are objectively difficult for a native speaker to understand upon first reading.
* **SEO/Editorial Paragraph Segmentation:** A **single** body paragraph under an SEO/editorial heading that packs **multiple distinct ideas** and is objectively hard to scan — flag as **Style** and provide a split (separate short paragraphs). Do **not** use this for synonym preference or mild aesthetic rewrites.

**❌ DO NOT FLAG (Subjective & Preferential Noise):**

* **"Unnatural" or "Awkward" Phrasing:** If a sentence is grammatically correct and its meaning is clear, do not flag it for sounding "awkward," "clunky," or "lacking native-like flow."
* **Synonyms & Paraphrasing:** Do not flag alternative word choices or sentence structures if the meaning remains identical and clear. (e.g., "find a flight" vs. "search for a flight").
* **Redundancy for Emphasis:** Do not flag mild repetition if it does not cause confusion or violate a brand rule.
* **Content Improvement Suggestions:** Do not suggest adding more examples, enriching the content, or changing the information architecture. Your scope is limited to the existing text.
* **Minor Tone Tweaks:** Do not suggest changes to make the tone "more friendly" or "more engaging" unless it directly contradicts a mandatory register rule in `lang instructions` (e.g., using formal "Sie" when informal "du" is required).

---

## LANGUAGE-AGNOSTIC CATEGORIZATION RULES (ENFORCED)

Apply these **global rules** before assigning any category:

1. **No external fact‑checking**

* Do **not** verify laws, limits, prices, or policies against outside knowledge. Use **Accuracy** only when there is an **internal contradiction**, a **mistranslation**, or an **objective numeric/format error** visible in the given text.
* Example (DO NOT FLAG): NL text states motorway limit 100 km/u → **out of scope** unless the document contradicts itself.
* Example (FLAG as **Compliance · Major**): mph shown without required km/h conversion for a metric locale.

2. **Brand / Proper‑noun rules are Compliance**

* Misspelling, wrong casing, or spacing of official brand/proper names → **Compliance** (not Punctuation).
* Examples: *star car → starcar* (DE), *yalla → Yalla* (pt‑BR), *Rental plus → Rental Plus* (NL).

3. **Currency: what vs how**

* **What** currency is used for the location (USD vs £) → **Accuracy** (Major) if wrong.
* **How** currency is formatted/spaced/symbol order → **Compliance** (Minor/Major per locale rules).

4. **Units & conversions**

* Missing mandated metric/imperial conversion or wrong primary unit for the locale → **Compliance** (Major if it impacts comprehension).
* Arithmetic or numeric impossibility (e.g., inconsistent totals) → **Accuracy**.

5. **Headings & typography**

* Punctuation in headings (e.g., stray period) → **Punctuation/Spelling/Typos**.
* Locale‑specific quotes/spaces/diacritics → **Punctuation/Spelling/Typos**.

6. **Clarity vs preference**

* Use **Style** only for **objective readability breakdowns** (run‑on/unparsable, or SEO body paragraphs that objectively pack multiple distinct ideas and must be split for scanability). Do **not** use Style for “sounds nicer” feedback.

7. **Terminology & Glossary Handling (IMPORTANT)**

* Treat the term list as **reference**, not rigid commands. Enforce **only** terms explicitly marked **mandatory** in `SA_instructions` or the glossary metadata, or when they are **brand/proper names**.
* **Case‑insensitive by default**. Do **not** force Title Case because a glossary entry is capitalized.
* **Inflections and morphological variants are acceptable** if the meaning is preserved (plural/singular, gender, verb forms).
* **Generic vertical/category nouns are common nouns** (e.g., ES *alquiler de coches*, IT *auto premium* as adjective) → keep locale‑appropriate casing (often sentence/lowercase). Do **not** flag capitalization unless the locale pack explicitly mandates Title Case.
* **Brand corrections guardrail:**

  * Limit fixes to **casing/spacing** unless the **official spelling** appears in the provided glossary/terms or the error is an **obvious simple typo** of a known brand (single‑character omission/transposition).
  * **Do not rename** a brand to a different word if uncertain. Example: FR *Differental* → *Drivalia* **do not flag** unless the glossary explicitly lists *Drivalia* for that context.
* **Examples**

  * ✅ ES heading: *Proveedores de **alquiler de coches**…* (sentence case)
  * ❌ Forcing *Alquiler de Coches* when not mandated
  * ✅ IT: *auto **premium*** (category adjective lowercase); ❌ *auto **Premium*** unless brand



8. **Minimal fix principle**

* When proposing `updated_sentence`, change **only** what is required to resolve the error (no stylistic rewrites, no added content, no register shifts unless mandated).

9. **De‑duplication of repeated identical issues**

* If the same rule violation repeats in a contiguous pattern with identical structure, report **one representative instance** and mention in `issue`: *“Pattern repeats in similar sentences.”*

* For locale patterns like pt‑BR **introductory adverbial commas** (*Em São Paulo, …; No Ceará, …*), report **one representative instance per section** and note *“Pattern repeats in similar sentences.”* unless wording differs materially.


---

## SCOPE OF QA (ERROR CATEGORIES)

You will categorize every issue using one of the following exact labels. These are the only allowed values for `type_of_issue`.

1. **AI-issues:**

   * **Hallucination:** The text contains fabricated content presented as fact **inside the text**.
   * **Bias / Cultural Sensitivity:** The text contains offensive, inappropriate, biased, or culturally insensitive content.

2. **Style:**

   * **DEFINITION:** This category is **strictly limited to issues of clarity and readability that objectively hinder comprehension**.
   * **USE FOR:** Run-on sentences that are unparsable; severe structural issues that make the text's meaning ambiguous.
   * **DO NOT USE FOR:** Subjective feedback about "flow" or "naturalness."
   * **Examples:** Overlong sentence with multiple subordinations → split into two; broken list structure that obscures meaning.

3. **Accuracy:**

   * **DEFINITION:** Semantic fidelity or numeric correctness **within the provided text**.
   * **USE FOR:** Mistranslation that changes meaning; internal contradictions; wrong numbers or impossible arithmetic; **wrong currency for location** (e.g., £ for California).
   * **DO NOT USE FOR:** External fact‑checking (laws/speed limits/prices not contradicted by the text).
   * **Examples:**

     * *"£18 per day in California"* → **Accuracy · Major** → *"\$18 per day"*.
     * *"Total 100" after listing 30+40+50* → **Accuracy · Major**.

4. **Compliance:**

   * **DEFINITION:** Violations of the glossary, locale pack, brand rules, or mandated formatting/presentation.
   * **USE FOR:**

     * **Brand/proper‑noun** spelling/casing/spacing (e.g., *star car → starcar*, *yalla → Yalla*, *Rental plus → Rental Plus*).
     * **Unit presentation rules:** metric‑first locales require **km/h** primary; add conversions when imperial appears.
     * **Currency formatting rules:** symbol placement/spacing/ISO style as specified by `lang instructions`.
     * **Register** (form of address) inconsistencies against `lang instructions`.
     * **Terminology usage when explicitly mandatory** (and case-insensitive by default). Do **not** penalize non-mandatory or generic category nouns for casing.
   * **Examples:**

     * *"70 mph" only in FR/DE/ES/PT‑BR* → **Compliance · Major** (add *113 km/h (70 mph)*).
     * *"auto Premium" (category adjective)* → **Compliance · Minor** → *"auto premium"* (IT) unless brand.
     * **Do not** flag ES *alquiler de coches* sentence-case headings unless `lang instructions` mandates Title Case.

5. **Grammar:**

   * **DEFINITION:** Errors in the formal structure of the language.
   * **USE FOR:** Incorrect verb conjugation, noun/adjective agreement, case, tense, prepositions, word order, required repetition in parallel lists.
   * **Examples:** *ein Kleinwagen* → *einen Kleinwagen* (DE, accusative); repeat *auf* in German list items for parallelism.

6. **Punctuation/Spelling/Typos:**

   * **DEFINITION:** Orthographical and typographical errors.
   * **USE FOR:** Typos, misspellings, incorrect accent usage, wrong quotation mark style, missing locale spaces, double spaces, heading ending with a period.
   * **Examples:** *en␣␣Asturias* → *en Asturias* (ES); FR *130 km/h* → *130 km/h* with NBSP; remove trailing period from a heading (IT/NL).

---

## SEVERITY LEVELS & DECISION LADDER

You will assign a severity and score deduction to every issue by following this strict, step-by-step decision ladder.

**Critical (25)** – Safety/legal risk, offensive bias, or fabricated claims **within the text** that could dangerously mislead.

* Examples: harmful stereotypes; incorrect safety-critical numbers; invented product features.

**Major (3)** – Errors that change meaning or materially impair comprehension.

* Examples: mistranslation altering instructions; run‑on that creates ambiguity; **wrong currency for a locale**; missing mandated unit conversion in a metric locale when only imperial is given.

**Minor (1)** – Objective errors that do not block understanding but break rules/conventions.

* Examples: typos; locale quote/spacing rules; heading with stray period; adjective agreement where meaning stays obvious; comma after introductory adverbial (pt‑BR: *Em São Paulo, …*).

**Omit** – Preferential/style‑only feedback with no rule violation.

**Decision Ladder**

1. Policy/safety/offense? → **Critical**.
2. Misleads/changes meaning/blocks understanding? → **Major**.
3. Otherwise objective correctness/formatting breaches → **Minor**.
4. If purely preferential → **Omit**.

---

## Lang-SPECIFIC RULES

# Arabic (ar-SA) Style Guide for Skyscanner

## Critical requirements
- Use clear Modern Standard Arabic: friendly, respectful, concise, and natural. Helpful > geeky > playful; avoid slang, corporate language, forced jokes, and excessive exclamation marks.
- Keep the register and form of address polite and consistent. Prefer active voice and direct imperative CTAs.
- The global project-specific exclusion in the master prompt takes priority over any name or transliteration guidance.

## Language and typography
- Write right-to-left Arabic using Arabic punctuation where appropriate: comma `،` and question mark `؟`.
- Do not put a space before punctuation; use one space after it. Use straight double quotation marks consistently.
- Use sentence case for any Latin-script text. Avoid repeated punctuation and use at most one exclamation mark.
- Use `DD/MM/YYYY` for numeric dates. In written dates, use the established Arabic month name.
- Use 12-hour times with `صباحًا` or `مساءً` when context requires disambiguation.

## Technical content
- Preserve placeholders, variables, tags, numbers, and product tokens exactly; they may move only when Arabic grammar requires it.
- Keep URLs in lowercase basic Latin characters, with hyphens and no spaces or special characters.
- Do not duplicate the word for airport when it is already part of the official source name.
- Keep Skyscanner recognizable and unaltered.

## Content and compliance
- Use natural SEO language; do not keyword-stuff or rewrite correct text for preference.
- Do not externally fact-check laws, prices, limits, or policies.
- Do not claim Skyscanner provides discounts. Use neutral wording about offers or price reductions.
- Use “best” or other superlatives only when the supplied text includes a clear measurable basis.
- Avoid greenwashing and absolute claims that a flight is green, clean, eco-friendly, or sustainable.



---

## OUTPUT JSON CONTRACT (RETURN THIS OBJECT ONLY)

You will return a **single, valid JSON object** and nothing else. Do not add any explanatory text before or after it.

```json
{
  "review_findings": [
    {
      "text": "<The full, original sentence or text snippet containing the error>",
      "issue": "<A concise, one-sentence description of the objective error. Example: 'Incorrect gender agreement between noun and adjective.'>",
      "type_of_issue": "<Must be one of: AI-issues, Style, Accuracy, Compliance, Grammar, Punctuation/Spelling/Typos>",
      "solution": "<A brief, actionable instruction for the fix. Example: 'Change the adjective to the feminine form to agree with the noun.'>",
      "updated_sentence": "<The full sentence, rewritten with the solution correctly applied. For paragraph splits, include the full corrected multi-paragraph snippet with blank lines between paragraphs.>",
      "severity": "<Must be one of: Minor, Major, Critical>",
      "score_deduction": "<Must be 1, 3, or 25, perfectly matching the severity level>"
    }
  ],
  "overall_feedback": {
    "summary": "<A 2-3 bullet point summary of the most significant and repeated error *patterns*. Focus on systemic issues, not a list of individual errors. Example: 'Consistent failure to apply non-breaking spaces before colons as required by French typography.'>",
    "action_plan": "<A 2-3 bullet point list of concrete, high-level actions to prevent these errors in the future. Example: 'Implement a post-processing check to ensure all brand names are capitalized correctly as per the glossary.'>"
  }
}
```

---

## COMMON MISCLASSIFICATIONS TO AVOID (CHECK BEFORE SUBMIT)

* **Speed limits / legal rules “corrections”** → **Do NOT flag** unless there is an internal contradiction. Missing metric conversion → **Compliance**, not **Accuracy**.
* **Brand/proper‑noun casing** → always **Compliance**, not **Punctuation**.
* **Currency** → symbol **choice for location** = **Accuracy**; **formatting/placement** = **Compliance**.
* **Headings punctuation** (e.g., stray period) → **Punctuation/Spelling/Typos**.
* **Generic vertical/category nouns** (e.g., ES *alquiler de coches*) → keep locale-appropriate sentence case unless the locale pack mandates Title Case.
* **“Awkward/natural” only** → **Omit** unless readability is objectively impaired (then **Style**).

---

## FINAL SELF-CHECK (RUN BEFORE RETURNING JSON)

1. **Is my output a single, valid JSON object with no extra text?**
2. **Did I avoid external fact‑checking and rely only on internal evidence and mandated rules?**
3. **Does every `score_deduction` value (1, 3, 25) perfectly match its `severity` level?**
4. **Are all `type_of_issue` values from the allowed list and mapped per the Language‑Agnostic Categorization Rules?**
5. **Have I strictly followed all rules from the `langinstructions`?**
6. **Is my feedback in the `issue` and `solution` fields concise, objective, and non-creative?**

Return only the JSON object.

2026-09-01 11:30:32,735 - INFO - [A1][SA][2026-2027-sa-car-hire-city-06__0001] USER PROMPT (first batch only):
Topic Name: كيف تحصل على أفضل سعر لاستئجار سيارة في كيب تاون

Here is the content to review:

يبدأ استئجار سيارة في كيب تاون من ‎41 ﷼ في أرخص العروض المتاحة، بينما يبلغ المتوسط السنوي للأسعار 82 ﷼. تنخفض التكلفة عادةً في شهر أغسطس، وهو الأنسب لمن يرغب في الحصول على سعر أقل. لتحقيق أفضل قيمة، احجز قبل أقل من أسبوع واحد من موعد الاستلام. قارن بين مزودي الخدمة وفئات المركبات قبل تأكيد الحجز، وراجع شروط الاستئجار بعناية لتجنب رسومًا إضافية قد تُطبَّق على التأمين أو الوقود أو تجاوز عدد الكيلومترات المسموح به.



Available key terms:

### Skyscanner Multilingual Glossary ###
- EN: additional driver → ar-SA: سائقون إضافيون | Definition: An extra person authorized to drive a rented vehicle.
- EN: air conditioning → ar-SA: مكيّف هواء | Definition: A system for cooling and dehumidifying the air.
- EN: airline → ar-SA: الخطوط الجوية | Definition: A company that provides air transport services for traveling passengers.
- EN: airline alliance → ar-SA: تحالف شركات الطيران | Definition: A partnership between multiple airlines to provide mutual benefits and seamless travel. | Example: من خلال السفر مع شركات الطيران التي اخترتها وأعضاء تحالف شركات الطيران، يمكنك كسب نقاط المسافر الدائم
- EN: all inclusive → ar-SA: إقامة شاملة جميع الوجبات والمشروبات | Definition: Hotel package that includes accommodation, all meals, snacks, drinks (both alcoholic and non-alcoholic), and often additional amenities and activities
- EN: Altitude Shift → ar-SA: إقبال على المرتفعات | Definition: In 2026, travellers will be heading for higher ground—literally. 
From the Atlas Mountains to the Dolomites and Lake Annecy, alpine destinations and the glacial lakes beneath them will see a surge in interest, not just in winter, but increasingly during the off-peak seasons.
- EN: amenities → ar-SA: وسائل الراحة | Definition: Title of filter section mainly in hotel search | Example: عرض جميع وسائل الراحة التي يوفرها الفندق
- EN: Analogue adventurers → ar-SA: المغامرون التناظريون
- EN: apartment → ar-SA: شقة | Definition: A self-contained housing unit that occupies part of a building.
- EN: App → ar-SA: تطبيق | Definition: An application designed for use on mobile devices.
- EN: Art and culture → ar-SA: الفن والثقافة | Definition: Activities or attractions related to visual arts, music, theater, and heritage.
- EN: ART-venture → ar-SA: مغامرة فنية
- EN: Astro Adventurers → ar-SA: مغامرة في الفضاء
- EN: automatic → ar-SA: أوتوماتيك | Definition: A type of vehicle transmission that shifts gears automatically.
- EN: baggage allowance → ar-SA: الأمتعة المسموح بها | Definition: The amount of luggage a traveler is permitted to carry without incurring additional fees, as defined by the transportation provider
- EN: Beach → ar-SA: شاطئ | Definition: A sandy or pebbly shore by a body of water, often a popular destination for relaxation and recreation.
- EN: Best value destinations → ar-SA: الوجهات ذات القيمة الأفضل
- EN: Black Friday → ar-SA: الجمعة البيضاء | Definition: A major retail event with extensive sales and promotions, often lasting beyond the day after Thanksgiving. | Notes: As Friday holds a special place of importance and sanctity for Muslims and Arabs, Black Friday is commonly referred to as الجمعة البيضاء (White Friday) in Arabic-speaking countries. To respect this significance, marketers and retailers adopted the term White Friday, giving it a more positive and culturally appropriate tone while preserving the spirit of major sales and discounts. | Example: استعد لعروض الجمعة البيضاء
- EN: board type → ar-SA: نوع الإقامة | Definition: This term refers to the meal plan included with a hotel stay. | Example: نرى أن هذه الباقات توفر أفضل مزيج بين السعر ومسار الرحلة وتصنيف الفندق بالنجوم، ونوع الإقامة
- EN: book → ar-SA: احجز | Definition: Verb. To reserve a service, such as a flight. | Notes: أو حجز (حسب السياق) | Example: حجز رحلة طيران
- EN: book → ar-SA: احجز | Definition: Verb. To reserve a service, such as a hotel room. | Notes: أو حجز (حسب السياق) | Example: حجز فندق
- EN: book → ar-SA: احجز | Definition: Verb. To reserve a service, such as a car. | Notes: أو حجز (حسب السياق) | Example: حجز سيارة
- EN: Book-bound → ar-SA: وجهات من وحي الكتب | Definition: Reading is having a global renaissance, with people across generations embracing it as a form of escape and personal restoration. 
In 2026, this growing passion will translate into literary-led travel behaviours—from visiting destinations inspired by beloved books, to planning holidays around reading retreats, or exploring aesthetic bookshops and beautiful libraries. | Notes: Trend name
- EN: booking → ar-SA: حجز | Definition: Noun. A reservation for a service. | Example: حجز رحلات طيران
- EN: booking → ar-SA: حجز | Definition: Noun. A reservation for a service. | Example: حجز فندق
- EN: booking → ar-SA: حجز | Definition: Noun. A reservation for a service. | Example: حجز سيارة
- EN: Bougie on a budget → ar-SA: أفضل الوجهات من حيث القيمة
- EN: Budget bougie foodies → ar-SA: عشاق الطعام بسعر جيد
- EN: Budgeting → ar-SA: في حدود الميزانية
- EN: Business Class → ar-SA: درجة الأعمال | Definition: A class of airline service offering more comfort and amenities than economy class.
- EN: business travellers → ar-SA: المسافرون بغرض العمل | Definition: Individuals traveling for work-related purposes.
- EN: cabin bag → ar-SA: حقيبة مقصورة | Definition: A small piece of luggage carried into the passenger cabin.
- EN: cabin baggage → ar-SA: أمتعة المقصورة | Definition: Same as cabin bag.
- EN: cabin class → ar-SA: درجة المقصورة | Definition: The category of service on an aircraft, such as economy, business, or first class. | Example: اختر عدد المسافرين ودرجة المقصورة
- EN: cancellation policy → ar-SA: سياسة الإلغاء | Definition: The terms and conditions under which a booking can be canceled.
- EN: car hire → ar-SA: تأجير السيارات | Definition: The act of renting a vehicle. | Notes: ابحث عن أفضل عروض تأجير السيارات حول العالم وقارن بينها
- EN: Car hire → ar-SA: تأجير السيارات | Definition: Rental of an automobile for a specified period | Notes: ابحث عن أفضل عروض تأجير السيارات حول العالم وقارن بينها
- EN: car hire company → ar-SA: شركة تأجير السيارات | Definition: A business that provides rental vehicles. | Notes: ما هي أرخص شركة تأجير سيارات في {car_hire_origin_city}؟
- EN: car hire deal → ar-SA: عرض على تأجير السيارات | Definition: Discounted or special offer on car rental services.
- EN: carbon footprint → ar-SA: البصمة الكربونية | Definition: A carbon footprint refers to the total amount of CO2 emissions released into the atmosphere as a result of the activities of an business, individual or event.
- EN: Catching Flights ​& Feelings → ar-SA: سافر وتواصل | Definition: As dating app usage shifts and the rise of 'catch-up friends' dynamic deepens, travellers in 2026 are looking to use their holidays not just for escape, but for real-world connection. Whether it’s sparking a romance abroad, making new friends on the road, or finally meeting someone foreign from an app in person in another country, travel is becoming the ultimate IRL icebreaker.
This trend sees solo travel, intentional connection-seeking, and emotional openness come together—less swipe, more spark.
- EN: Celebration vacationers → ar-SA: السفر للاحتفال
- EN: charge → ar-SA: فرض <الرسوم> | Definition: Verb. To add fee for a service or product. | Notes: يمكن استخدام "تحصيل" في حال لم يسمح السياق باستخدام "فرض" | Example: لا نفرض أي رسوم على الحجز.
- EN: charge → ar-SA: فرض الرسوم | Definition: Noun. Fee for a service or product | Notes: يمكن استخدام "تحصيل" في حال لم يسمح السياق باستخدام "فرض" | Example: يرجى ملاحظة أن شركات التأجير قد تفرض رسومًا أو قيودًا إضافية.
- EN: Cheapest month → ar-SA: أرخص شهر | Definition: The cheapest month features in ‘Flexible Dates’ tab highlights the cheapest month to travel, as well as the lowest price per month to travel to the destination.
- EN: check in → ar-SA: تسجيل | Definition: Verb - The process of registering for a flight. | Notes: عملية التسجيل لرحلة الطيران | Example: قم بالتسجيل قبل  {check_in_time}
- EN: check in → ar-SA: تسجيل الوصول | Definition: Verb - The process of registering for a hotel stay. | Notes: عملية تسجيل الوصول إلى الفندق | Example: قم بتسجيل الوصول قبل  {check_in_time}
- EN: check out → ar-SA: تسجيل المغادرة | Definition: Verb - The process of completing a stay at a hotel. | Notes: عملية تسجيل المغادرة من الفندق | Example: في {hotel_name}، يمكنك تسجيل الوصول بدءًا من الساعة {check_in_time} وعليك تسجيل المغادرة قبل الساعة {check_out_time}.
- EN: check-in → ar-SA: التسجيل | Definition: Noun - The process of registering for a flight. | Notes: التسجيل للطائرة | Example: غالبًا ما يتم إغلاق إجراءات التسجيل وتسليم الأمتعة قبل ساعة من موعد المغادرة المقرر للرحلات الداخلية
- EN: check-in → ar-SA: تسجيل الوصول | Definition: Noun - The process of completing a stay at a hotel. | Notes: تسجيل الوصول إلى الفندق | Example: اختر تاريخ تسجيل الوصول
- EN: check-out → ar-SA: المغادرة | Definition: Noun - The process of leaving and settling the bill at a hotel. | Notes: مغادرة الفندق | Example: يرجى اختيار تاريخ المغادرة
- EN: checked bag → ar-SA: حقيبة مُسجلة | Definition: Bag that is handed over to the airline for transport in the cargo hold. | Notes: There is also another term that is commonly used which الأمتعة المسجلة, both are correct and are used by many airlines
- EN: checked luggage → ar-SA: الأمتعة المُسجلة | Definition: Luggage that is handed over to the airline for transport in the cargo hold.
- EN: cO2e emissions → ar-SA: انبعاثات cO2e | Definition: Carbon dioxide equivalent emissions, measuring the impact of greenhouse gases. | Notes: يختلف هذا المصطلح عن "انبعاثات ثاني أكيد الكربون"
- EN: Collision Damage Waiver → ar-SA: تأمين التنازل عن ضرر الاصطدام | Definition: This is a type of insurance offered by rental car companies that limits your liability if the car is damaged in an accident. 
However, it typically doesn’t cover the full cost; you still have to pay a portion of  the repair costs, called the excess or deductible. | Example: عند استئجار سيارة، يمكنك إضافة "تأمين التنازل عن ضرر الاصطدام" لتجنب تحمل جميع تكاليف الإصلاح في حالة وقوع حادث.
- EN: commercial van → ar-SA: شاحنة تجارية | Definition: Vehicles designed for transporting goods and materials for business purposes.
- EN: compact → ar-SA: مدمجة | Definition: A category of rental cars that are slightly larger than economy cars but still small and efficient. | Notes: فئة من فئات السيارات - سيارة عائلية صغيرة
- EN: connecting flight → ar-SA: رحلة متصلة | Definition: A flight requiring a change of planes to reach the final destination. | Notes: (استكمال الرحلة على طائرة ثانية)
- EN: convertible → ar-SA: سيارة مكشوفة | Definition: A car with a roof structure that can be 'converted' to allow open-air or enclosed driving. | Notes: سيارة بسقف متحرك
- EN: Cookie Policy → ar-SA: سياسة ملفات تعريف الارتباط | Definition: Policy that governs the use of cookies on Skyscanner's website, ensuring transparency regarding data usage | Notes: (الكوكيز)
- EN: country house → ar-SA: بيت ريفي | Definition: A large house in the countryside
- EN: coupe → ar-SA: كوبيه | Definition: A car with a fixed-roof body style that is shorter than a sedan of the same model. | Notes: أو سيارة ذات بابين
- EN: couples → ar-SA: أزواج | Definition: Pairs of individuals traveling together
- EN: Cowboy core → ar-SA: مغامرات رعاة البقر
- EN: Cultural exploration → ar-SA: الاستكشاف الثقافي
- EN: Cyber Monday → ar-SA: Cyber Monday | Definition: An online shopping event on the Monday after Thanksgiving, featuring exclusive digital deals and discounts. | Notes: Do not translate | Example: استمتِع بعروض Cyber Monday
- EN: deal → ar-SA: عرض | Definition: A special offer or discount.
- EN: departure country → ar-SA: بلد المغادرة | Definition: The country from which a journey begins.
- EN: departure date → ar-SA: تاريخ المغادرة | Definition: The date on which a journey starts.
- EN: departure time → ar-SA: وقت المغادرة | Definition: The scheduled time a flight is set to leave.
- EN: destination → ar-SA: الوجهة | Definition: The final place or location to which someone is traveling. It is the end point of a journey where travelers intend to stay, explore, or visit. Destinations can range from cities and countries to specific attractions or resorts.
- EN: destination airport → ar-SA: مطار الوجهة | Definition: The airport where a journey ends. | Example: اختر مطار الوجهة
- EN: Destination Check-in → ar-SA: وجهات مُجسدة في الإقامة | Definition: Travellers are increasingly choosing where to go based on where they want to stay. In 2026, hotels aren’t just places to sleep - they're becoming the destination itself. From stunning architecture to transportive design, travellers are prioritising unique stays over traditional location appeal.
One rising expression of this? Destination-inspired hotels—think a Balinese villa in southern Spain, a Moroccan riad in Tokyo, or a Tuscan farmhouse in Napa. It’s about experiencing the aesthetic and atmosphere of far-off places, without the long-haul flight.
- EN: destination country → ar-SA: بلد الوجهة | Definition: The country where a journey ends. | Example: اختر بلد الوجهة
- EN: Destination Zzzz → ar-SA: وجهات الحلم
- EN: direct → ar-SA: مباشرة | Definition: A flight with no scheduled stops between the departure and arrival points. | Notes: يمكن أن تستخدم بدون "رحلة طيراان" بالإنجليزية، في هذه الحالة يرجى إضافتها عند الترجمة. 
مثل: 
Sorry, no direct results found – now showing results with stops. | Example: عذرًا، لم نجد رحلات طيران مباشرة
- EN: direct flight → ar-SA: رحلات مباشرة | Definition: A flight with no scheduled stops between the departure and arrival points.
- EN: domestic flight → ar-SA: رحلات داخلية | Definition: A flight within the same country. | Example: البحث عن رحلات داخلية في @@country@@
- EN: drop → ar-SA: إنخفاض | Notes: Noun. To be translated based on context to indicate "price dropping" / "landing". | Example: إنخفاض بقيمة 36 يورو

عرض الإنخفاضات على الرحلات المغادرة من لندن

آخر الإنخفاضات على الأسعار
- EN: drop → ar-SA: إنخفاض | Notes: Noun. To be translated based on context to indicate "price dropping" / "landing". | Example: يمكن أن ينخفض سعر رحلتك التالية اليوم

اختر مدينة أخرى للمغادرة منها أو زر الصفحة مرة أخرى لاحقًا

الأسعار التي انخفضت اليوم
- EN: drop-off → ar-SA: التسليم | Definition: The date, time or location where a rented vehicle is returned at the end of the rental period. | Notes: موعد ومكان إرجاع <تسليم> السيارة المستأجرة | Example: يجب أن يكون موعد تسليم السيارة بعد تاريخ الاستلام
- EN: DROPS → ar-SA: DROPS | Definition: Feature name.

DROPS is a new “sub-brand” of Skyscanner. It is an app-exclusive product only available for logged-in users that helps travelers spot flight deals that have dropped by more than 20% and that are available for only 24h. | Notes: Follow the source capitalization.

Feature name. To be left in English

Gender note: feminine. | Example: مرحبًا بك في DROPS

اسمح لخاصية DROPS أن تساعدك في اختيار رحلتك التالية
- EN: Drops → ar-SA: Drops | Definition: Feature name.

Drops is a new “sub-brand” of Skyscanner. It is an app-exclusive product only available for logged-in users that helps travelers spot flight deals that have dropped by more than 20% and that are available for only 24h. | Notes: Follow the source capitalization.

Feature name. To be left in English

Gender note: feminine. | Example: معرفة المزيد حول Drops

تحديث Drops
- EN: economy → ar-SA: اقتصادية | Definition: A category of rental cars that are typically small, fuel-efficient, and inexpensive. | Notes: فئة السيارة | Example: حدّد فئة السيارة التي ترغب في استئجارها
- EN: Economy → ar-SA: الدرجة الاقتصادية | Definition: The Economy flight class refers to the most basic and affordable class of service on an airplane. | Example: حتى لو كنت تسافر على الدرجة الاقتصادية في العادة، يمكنك في بعض الأحيان الاستفادة من عروض درجة الأعمال.
- EN: electric → ar-SA: كهربائية | Definition: Vehicles powered by electricity, typically from batteries. | Notes: نوع السيارة
- EN: email → ar-SA: البريد الإلكتروني | Definition: Electronic mail address used for communication.
- EN: estimated price → ar-SA: السعر التقديري | Definition: An approximate cost for a service.
- EN: Everywhere → ar-SA: جميع الوجهات | Definition: Option to search for travel destinations worldwide.
- EN: Excellent → ar-SA: ممتاز | Definition: Rating indicating superior quality or performance.
- EN: Excess Waiver → ar-SA: تأمين الإعفاء من المبلغ القابل للخصم | Definition: This is an additional insurance that covers the excess amount not covered by the CDW. If you buy an excess waiver, you won’t have to pay  anything in the event of a claim, as it "waives" your responsibility for the excess 
portion. So, the CDW reduces your liability for damage, while the excess waiver eliminates your out-of-pocket costs for the excess amount. | Example: عند شراء التأمين على السيارة، يمكنك اختيار إضافة تأمين الإعفاء من المبلغ القابل للخصم، مما يعني أنك لن تحتاج إلى دفع المبلغ في حالة حدوث حادث.
- EN: explore → ar-SA: استكشاف | Definition: Option to discover new destinations or services.
- EN: Explore everywhere → ar-SA: استكشف جميع الوجهات | Definition: The sentence case will be used whenever the term is employed in the UI itself or as part of a sentence.
- EN: Explore Everywhere → ar-SA: استكشف جميع الوجهات | Definition: Used as feature or proper noun - Option to view travel options for various destinations globally.
- EN: extra charge → ar-SA: رسوم إضافية | Definition: An additional fee for a service or product.
- EN: Fair Fuel Policy → ar-SA: سياسة الوقود العادلة | Definition: A policy ensuring fair charges for fuel in rental agreements.
- EN: families → ar-SA: عائلات | Definition: Groups traveling together, typically including parents and children.
- EN: Family Miles → ar-SA: السفر العائلي | Definition: With the cost of living rising, many 20-somethings are still living at home—and that financial interdependence is now shaping how families travel. In 2026, we’ll see a growing wave of multigenerational holidays, where trips become a shared investment between parents, kids, and even grandparents.
But this isn’t just about splitting costs—it’s also about families. Stop the "catch-up trap" and start making memories.
- EN: FAQ → ar-SA: الأسئلة الشائعة | Definition: Frequently Asked Question
- EN: FAQs → ar-SA: الأسئلة الشائعة | Definition: Frequently Asked Questions
- EN: fare → ar-SA: الأجرة | Definition: The cost of a ticket for travel.
- EN: fee → ar-SA: الرسوم | Definition: A charge for a service or product.
- EN: First Class → ar-SA: درجة أولى | Definition: A premium class of airline service offering high level of comfort and amenities.
- EN: Flexible dates → ar-SA: تواريخ مرنة | Definition: Previous "Whole month" feature. Calendar Tab that shows Whole month prices that allows users to make month view searches.
- EN: flight deal → ar-SA: عروض على رحلات الطيران | Definition: Discounted or special offer on air travel tickets.
- EN: flight details → ar-SA: تفاصيل الرحلة | Definition: Information about a specific flight.
- EN: flight emissions → ar-SA: انبعاثات الرحلة | Definition: The amount of CO2 produced by a flight. Title for a feature that badges up flights with lower carbon dioxide emissions compared to other flights in the result set.
- EN: flight time → ar-SA: وقت الرحلة | Definition: The duration of a flight. | Example: معدل وقت الرحلة إلى {destinationCity} هو {duration}
- EN: Flights → ar-SA: رحلات طيران | Definition: Air travel services provided by airlines. | Notes: يمكن استخدام رحلات جوية أيضًا
- EN: fuel → ar-SA: وقود | Definition: Gasoline or diesel used to power vehicles, including cars, motorcycles, boats, or recreational vehicles.
- EN: full board → ar-SA: إقامة شاملة جميع الوجبات | Definition: Hotel option that covers accommodation and three meals a day (breakfast, lunch, and dinner). Drinks and additional activities are usually not included
- EN: full to full → ar-SA: ممتلئ إلى ممتلئ | Definition: Fuel policy where the car is provided with a full tank and must be returned with a full tank.
- EN: fullsize → ar-SA: حجم كبير | Definition: A category of rental cars that are larger and offer more comfort and space. | Notes: فئة من فئات السيارات
- EN: Gami-vacation → ar-SA: إجازة مخصصة للألعاب الالكترونية
- EN: getaway → ar-SA: عطلة | Definition: A short vacation or trip, often taken to escape from daily routine and responsibilities. It usually involves traveling to a relaxing or enjoyable destination.
- EN: Gig tripping → ar-SA: عشاق الحفلات الموسيقية
- EN: Glowmads → ar-SA: "عشاق التوهج
 ومحبو السياحة الجمالية" | Definition: In 2026, skincare and beauty routines will move beyond social feeds and into real-world travel behaviours. ​​
Travellers won’t just be inspired by beauty content - they’ll start shaping their journeys around it. From inflight skincare rituals to visits to iconic local beauty retailers to buy local cult beauty products, beauty becomes part of the itinerary.​​
While Seoul continues to grow as a global symbol of beauty culture, this trend is less about where to go - and more about how beauty shapes the way people travel.
- EN: Good → ar-SA: جيد | Definition: Rating indicating satisfactory quality or performance.
- EN: Great food → ar-SA: طعام رائع | Definition: High-quality or highly recommended culinary experiences.
- EN: guest → ar-SA: الضيوف | Definition: A person staying at a hotel or other accommodation.
- EN: guest house → ar-SA: بيت ضيوف | Definition: A small, private hotel or lodging.
- EN: guest reviews → ar-SA: تقييمات الضيوف | Definition: Feedback and ratings from customers who have used a service or stayed at a property.
- EN: half board → ar-SA: إقامة شاملة وجبة الإفطار والعشاء | Definition: Hotel option that covers accommodation, breakfast, and one other meal (usually dinner). Drinks and additional meals are typically not included.
- EN: hire car → ar-SA: سيارة مستأجرة | Definition: A vehicle rented for a short period, ranging from a few hours to several weeks, typically from a rental agency.
- EN: holiday rentals → ar-SA: أماكن إقامة للعطلات | Definition: Properties available for short-term vacation stays.
- EN: home airport → ar-SA: مطار البلد | Definition: The airport closest to a traveler's residence. | Notes: مطار بلدك | Example: أدخل مطار بلدك وسنرسل لك أفضل عروض رحلات الطيران من أقرب مطار إليك
- EN: Horti-Culture → ar-SA: ثقافة البستنة
- EN: hostel → ar-SA: نُزُل | Definition: Budget-friendly accommodation
- EN: hotel → ar-SA: فندق | Definition: An establishment providing lodging, meals, or other guest services.
- EN: hotel deal → ar-SA: عروض الفنادق | Definition: Discounted or special offer on hotel bookings.
- EN: Hotels → ar-SA: فنادق | Definition: Establishments providing lodging, meals, and other services for travelers.
- EN: hybrid → ar-SA: هجينة | Definition: Vehicles powered by both an internal combustion engine and an electric motor. | Notes: نوع السيارة
- EN: inbound flight → ar-SA: رحلة العودة | Definition: The flight that takes the passenger back from their destination to their original departure location.
- EN: intermediate → ar-SA: حجم متوسط | Definition: A category of rental cars that are larger than economy but smaller than full-size.
- EN: itinerary → ar-SA: مخطط الرحلة | Definition: A detailed plan or schedule of a trip, listing all destinations, activities, and accommodations, along with the times and dates for each part of the journey.
- EN: journey → ar-SA: رحلة | Definition: A journey refers to the act of traveling from one place to another, usually involving a significant distance or time commitment.
- EN: latest price → ar-SA: أحدث سعر | Definition: The most recent cost for a service or product. | Example: قد تكون هذه النتائج تغيرت الآن. للحصول على أحدث الأسعار، يرجى إعادة تحميل نتائج البحث.
- EN: Lesser-known cities → ar-SA: مدن أقل شهرة
- EN: location → ar-SA: الموقع | Definition: A specific place or position where something is situated or where an event occurs.
- EN: log in → ar-SA: تسجيل الدخول | Definition: To access an account by entering credentials.
- EN: log out → ar-SA: تسجيل الخروج | Definition: To exit an account.
- EN: login → ar-SA: تسجيل الدخول | Definition: The act of logging in to a computer, database, or system. | Notes: عملية تسجيل الدخول | Example: يرجى إدخال بريد إلكتروني صالح لإكمال عملية تسجيل الدخول
- EN: long wait → ar-SA: انتظار طويل | Definition: An extended period of waiting, often at airports between flights.
- EN: Looking Forward → ar-SA: نتطلع إلى الأمام
- EN: Low emissions vehicles → ar-SA: مركبات منخفضة الانبعاثات | Definition: Vehicles that produce a reduced amount of CO2. Title for a feature that badges up electrical and hybrid cars with lower carbon dioxide emissions compared to other car types.
- EN: low-cost → ar-SA: منخفض التكاليف | Definition: Services, particularly airlines, that are designed to offer lower prices by reducing the range of services and amenities traditionally included in the fare.
- EN: lowest price → ar-SA: أقل سعر | Definition: The least expensive cost for a service or product. | Notes: هذه أقل الأسعار التقديرية لرحلات الدرجة الاقتصادية لمسافر واحد. الأسعار مبنية على أحدث الأسعار.
- EN: Luxe-for-less seekers → ar-SA: مسافرون بحثًا عن الرفاهية بتكلفة منخفضة
- EN: luxury → ar-SA: فاخرة | Definition: High-end, premium vehicles offering superior comfort and features. | Notes: نوع السيارة
- EN: Main character energy → ar-SA: طاقة الشخصيات المعروفة
- EN: manual → ar-SA: جير عادي | Definition: A type of vehicle transmission that requires the driver to manually shift gears. | Notes: سيارة بناقل حركة يدوي
- EN: mini → ar-SA: صغيرة جدًا -ميني | Definition: A category of rental cars that are very small, typically suitable for city driving. | Notes: نوع السيارة
- EN: mobile app → ar-SA: تطبيق الهاتف | Definition: An application designed for use on mobile devices.
- EN: motorcycle → ar-SA: دراجة نارية | Definition: A two-wheeled motor vehicle.
- EN: Multi-city → ar-SA: وجهات متعددة | Definition: Multi-city flights are a smart way to see more destinations in one go, by adding extra legs to your trip. If, for example, you can’t decide between Paris or Rome, you can book flights to both cities and turn your trip into an itinerary.
- EN: multi-city → ar-SA: وجهات متعددة | Definition: Multi-city flights are a smart way to see more destinations in one go, by adding extra legs to your trip. If, for example, you can’t decide between Paris or Rome, you can book flights to both cities and turn your trip into an itinerary.
- EN: Nearby airports → ar-SA: المطارات القريبة | Definition: Widen your search for flight deals by selecting the “add nearby airports” option to search flight prices for all the nearest airports at your departure point and your destination to increases your chances of finding the best deal at both ends of your trip.
- EN: nearby airports → ar-SA: المطارات القريبة | Definition: Widen your search for flight deals by selecting the “add nearby airports” option to search flight prices for all the nearest airports at your departure point and your destination to increases your chances of finding the best deal at both ends of your trip.
- EN: Nightlife and entertainment → ar-SA: الحياة الليلية والترفيه | Definition: Activities and venues that provide entertainment, typically during the evening, such as clubs and bars.
- EN: no extra fees → ar-SA: بدون رسوم إضافية | Definition: Indicates that there are no additional charges beyond the listed price. | Notes: لا يوجد رسوم إضافية
- EN: non refundable → ar-SA: غير قابل للاسترداد | Definition: A booking or a charge that cannot be refunded.
- EN: non-protected transfer → ar-SA: التحويلات غير المحمية | Definition: Booking connecting flights with more than one provider means the ongoing flight may not be guaranteed, and is at risk from delays or cancellations. It's also needed to collect your luggage and check into the second flight. | Example: الحجوزات متعددة الأجزاء (التحويلات غير المحمية). ستحتاج لهذه الرحلة إلى حجز أكثر من تذكرة واحدة (عادةً من مقدمي خدمة متعددين). إن حجز رحلات متصلة مع أكثر من مقدم خدمة واحد يعني أن رحلتك قد لا تكون مضمونة، وأنها معرضة للتأخير أو الإلغاء.
- EN: one way → ar-SA: ذهاب فقط | Definition: A trip that does not include a return journey.
- EN: one way → ar-SA: ذهاب فقط | Definition: A train trip that does not include a return journey. | Example: احجِز تذكرة ذهاب فقط
- EN: one-way → ar-SA: ذهاب فقط | Definition: A trip that does not include a return journey.
- EN: outbound → ar-SA: رحلة ذهاب | Definition: The flight that takes a passenger from their home or starting location to their destination.
- EN: outbound flight → ar-SA: رحلة ذهاب | Definition: The flight that takes a passenger from their home or starting location to their destination.
- EN: Outdoor adventures → ar-SA: مغامرات في الهواء الطلق | Definition: Activities involving physical exertion in natural settings, such as hiking, rafting, or camping.
- EN: package → ar-SA: باقة | Definition: Used in the meaning of “package holiday”, referring to the package deals in our Packages vertical that include flights and a hotel. This is for when we talk about packages in running copy and in general, as opposed to the vertical name. | Example: - قد تتوفر الباقات بمواعيد طيران مختلفة وخيارات إقامة ووجبات متنوعة.
- البحث عن مقدمي الباقات
- لا توجد باقات طيران وفنادق تتناسب مع بحثك
- EN: Packages → ar-SA: باقات
- EN: parking → ar-SA: موقف السيارات | Definition: Space or facility to park vehicles.
- EN: passenger → ar-SA: ركاب | Definition: An individual traveling on a plane, train, or other mode of transport.
- EN: passenger van → ar-SA: شاحنة ركاب صغيرة | Definition: A van configured to carry passengers. | Notes: شاحنة مهيأة لنقل الركاب.
- EN: Pay on arrival → ar-SA: الدفع عند الوصول | Definition: Option to pay for a service upon arrival at the location.
- EN: pay on arrival → ar-SA: الدفع عند الوصول
- EN: people carrier → ar-SA: سيارة عائلية كبيرة | Definition: A vehicle designed to transport multiple passengers
- EN: pick up truck → ar-SA: شاحنة بيك أب | Definition: A light-duty truck with an enclosed cab and an open cargo area.
- EN: pick-up → ar-SA: استلام السيارة | Definition: The act of collecting a rental vehicle. | Example: يمكنك الإلغاء مجانًا حتى 48 ساعة من موعد استلام السيارة
- EN: Premium → ar-SA: بريميوم | Definition: A category of rental cars that offer higher-end features and more comfort.
- EN: Premium Economy → ar-SA: بريميوم اقتصادية | Definition: A class of airline service between economy and business class.
- EN: Price → ar-SA: السعر | Definition: The cost of a service or product.
- EN: Price Alert → ar-SA: تنبيه الأسعار | Definition: Skyscanner's Price Alert feature notifies users via email or push notification about fluctuations in the prices of plane tickets they're interested in.
- EN: Price Alerts → ar-SA: تنبيهات الأسعار | Definition: Skyscanner's Price Alert feature notifies users via email or push notification about fluctuations in the prices of plane tickets they're interested in.
- EN: price per night → ar-SA: السعر في الليلة | Definition: The cost of accommodation for one night.
- EN: Privacy Policy → ar-SA: سياسة الخصوصية | Definition: Policy that outlines how Skyscanner handles users' personal information, emphasizing user control and transparency
- EN: private home → ar-SA: بيت خاص | Definition: Residential property that is rented out to travelers for short-term stays
- EN: property → ar-SA: عقار | Definition: In the travel context, a property refers to a place of lodging, such as a hotel, resort, bed and breakfast, or vacation rental, where travelers can stay during their trip.
- EN: provider → ar-SA: مزوّد الخدمة | Definition: A company or individual offering a service. Car Hire vertical | Example: تأجير السيارات: لدى مزود الخدمة هذا مواقع استلام للخدمة الذاتية أو تطبيق لفتح السيارة.

عام: بمجرد العثور على أفضل رحلة طيران أو استئجار سيارة أو فندق، يمكنك الحجز مباشرة مع مزود الخدمة.
- EN: provider → ar-SA: مزوّد الخدمة | Definition: A company or individual offering a service. | Example: رحلات الطيران: إن حجز رحلات متصلة مع أكثر من مزود خدمة واحد يعني أن رحلتك الحالية قد لا تكون مضمونة، وأنها معرضة للتأخير أو الإلغاء.

عام: بمجرد العثور على أفضل رحلة طيران أو استئجار سيارة أو فندق، يمكنك الحجز مباشرة مع مزود الخدمة.
- EN: provider → ar-SA: مزوّد الخدمة | Definition: A company or individual offering a service. Hotel vertical | Notes: شركة أو شخص يزود المستخدم بخدمة معيّنة. 
تشمل الخدمات: حجز تذاكر طيران، فندق، شركة تأجير سيارات.. إلخ | Example: الفنادق: في بعض الأحيان يقدم أكثر من مزود خدمة نفس الغرفة بنفس السعر. وفي هذه الحالة، نقوم بترتيبها حسب معايير أخرى، مثل شعبيتها بين المسافرين.

عام: بمجرد العثور على أفضل رحلة طيران أو استئجار سيارة أو فندق، يمكنك الحجز مباشرة مع مزود الخدمة.
- EN: rating → ar-SA: تقييم | Definition: A score or review given to a service or product.
- EN: Read more → ar-SA: قراءة المزيد | Definition: Option to view additional information.
- EN: recent searches → ar-SA: عمليات البحث الأخيرة | Definition: A list of previous search queries.
- EN: Recommended Provider → ar-SA: مزوِّد متميّز | Definition: A booking partner that meets our top-quality criteria, demonstrated by a high Partner Quality Score, strong price accuracy, and reliable downstream visibility. This designation helps travelers make informed choices by identifying partners that offer a trustworthy and seamless booking experience.
- EN: recreational vehicle → ar-SA: شاحنة تخييم | Definition: RV, a motor vehicle or trailer equipped with living space and amenities for travel. | Notes: RV
- EN: Reset jetters → ar-SA: رحلة لإعادة التوازن
- EN: residence → ar-SA: مسكن | Definition: Fully furnished apartments or suites that are available for short-term or long-term stays or  a private home or villa that is rented out to travelers for short-term stays, | Notes: شقق سكنية مفروشة أو بيوت خاصة أو أجنحة مفروشة
- EN: resort → ar-SA: منتجع | Definition: A place that offers a variety of recreational activities and amenities
- EN: result → ar-SA: نتائج | Definition: An outcome from a search or query. | Example: نعرض لك أفضل 10 نتائج، تم ترتيبها حسب المسافة
- EN: return → ar-SA: ذهاب وإياب | Definition: A flight that includes both the outbound and inbound journeys, completing the round trip. | Notes: رحلة الذهاب والعودة مكتملة | Example: اختر رحلة باتجاه واحد، أو اختر رحلة ذهاب وإياب
- EN: return → ar-SA: العودة | Definition: A flight that returns to the original departure location (1 flight) | Notes: رحلة العودة | Example: ما هو أفضل سعر لرحلة العودة من لندن إلى السعودية؟
- EN: return → ar-SA: ذهاب وإياب | Definition: A train journey that includes both the outbound and inbound journeys, completing the round trip. | Example: احجِز تذكرة ذهاب وإياب
- EN: return → ar-SA: العودة | Definition: A train trip to return to the original departure location (1 trip)" | Example: احجِِز تذكرة العودة
- EN: return date → ar-SA: تاريخ العودة | Definition: The date of the return journey. | Example: اختر تاريخ العودة
- EN: return flight → ar-SA: رحلة ذهاب وإياب | Definition: A flight that includes both the outbound and inbound journeys, completing the round trip. | Notes: رحلة الذهاب والعودة مكتملة | Example: اختر رحلة باتجاه واحد، أو اختر رحلة ذهاب وإياب
- EN: return flight → ar-SA: رحلة العودة | Definition: A flight that returns to the original departure location (1 flight) | Example: ما هو أفضل سعر لرحلة العودة من لندن إلى السعودية؟
- EN: return trip → ar-SA: رحلة ذهاب وإياب | Definition: A journey including both the outbound journey to the destination and the inbound journey back to the starting location.
- EN: Review → ar-SA: تقييم | Definition: Verb - Add an evaluation or feedback about a service or product.
- EN: review → ar-SA: تقييم | Definition: Noun - An evaluation or feedback about a service or product.
- EN: room → ar-SA: غرفة | Definition: A space within a building for accommodation
- EN: same to same → ar-SA: نفس مستوى الوقود | Definition: Fuel policy where the car must be returned with the same amount of fuel as when picked up. | Example: قبل إعادة السيارة، املأها بنفس مستوى الوقود الذي كانت عليه عند الاستلام.
- EN: Satisfactory → ar-SA: مقبول | Definition: Rating indicating acceptable quality or performance, but with some issues.
- EN: Saved → ar-SA: المحفوظات | Definition: For travellers planning one or more trips, this feature empowers users to save different elements of their travel, so they can compare and monitor prices, book at a time that suits and/or find the perfect option.
- EN: Savings Generator → ar-SA: مولد التوفير | Definition: Skyscanner tool that shows travellers the average monthly price and the best time to book. 
This is only available in the UK market and in a few locales. | Example: راجعنا ملايين الرحلات لتزويدك بنصائح حول الأسعار لرحلتك القادمة. جرّب مولد التوفير للحصول على أفضل عرض لرحلتك القادمة.
- EN: Savvy Search → ar-SA: المساعد الذكي | Definition: Savvy Search is a generative AI planning tool developed internally. It is designed to help travelers discover new destinations and experiences by asking questions like "What kind of trip is on your mind?" This tool is powered by OpenAI's ChatGPT and uses historical internet data along with Skyscanner's destination and price data to provide travel recommendations | Example: نقدِّم لك المساعد الذكي

مع المساعد الذكي ستكتشف أماكن لم تتخيَّلها من قبل.
- EN: search → ar-SA: بحث | Definition: The process of looking for specific travel-related information or options, such as flights, hotels, rental cars
- EN: search → ar-SA: بحث | Definition: To look for information or options.
- EN: select → ar-SA: اختر | Definition: The act of choosing or picking a specific option from a range of available choices. | Notes: يمكن استخدام "اختيار" بحسب السياق | Example: اختر وجهتك المفضلة 
يرجى اختيار البلد 
cta: اختيار
- EN: self catering → ar-SA: إقامة مع خدمة ذاتية | Definition: This type of accommodation may or may not provide guests with kitchen facilities to prepare their own meals. No meals are included in the package
- EN: self-transfer → ar-SA: النقل الذاتي | Definition: When passengers need to transfer between flights on their own without airline assistance. It may be necessary to check in separately for each connecting flight. | Example: تحتوي هذه الرحلة على خيار النقل الذاتي
- EN: Shelf Discovery → ar-SA: تسوق... لتتعرّف على ثقافة | Definition: In 2026, travellers are redefining what it means to eat like a local. Dining out at restaurants is no longer the only way to taste a destination — the real flavour is found in the country's food aisles. 
From Japan’s high-tech convenience stores and Iceland’s geothermal-baked bread to the endless varieties of Fanta flavours in Germany, supermarkets offer a unique glimpse into local life. 
In 2026, travellers will hunt for quirky snacks, regional specialties, and limited-edition treats, turning routine grocery runs into cultural deep dives. | Notes: Travel trend name
- EN: sign up → ar-SA: الاشتراك | Definition: Option to create a new account.
- EN: Sleep retreats → ar-SA: خلوات الراحة
- EN: Sleep tourism → ar-SA: سياحة الراحة
- EN: solo travellers → ar-SA: مسافرون منفردون | Definition: Individuals traveling alone.
- EN: Sport mode (activated) → ar-SA: مزاج رياضي
- EN: sports car → ar-SA: سيارات رياضية | Definition: A car designed for high performance and agility, often with a sleek design.
- EN: standard → ar-SA: عادية | Definition: A category of rental cars that offer a balance between size, comfort, and cost.
- EN: star → ar-SA: نجوم | Definition: A hotel star rating is a system used to classify hotels based on their quality, amenities, service, and overall guest experience. | Notes: تصنيف الفندق/ تكتب بالجمع | Example: فندق 3 نجوم

حصلت هذه السيارة على تقييم 4 نجوم من أصل 5 بناءً على 300 تقييم
- EN: star → ar-SA: نجوم | Notes: تصنيف الفندق/ تكتب بالجمع | Example: فندق 3 نجوم

حصلت هذه السيارة على تقييم 4 نجوم من أصل 5 بناءً على 300 تقييم
- EN: star rating → ar-SA: تقييم بالنجوم | Definition: A hotel star rating is a system used to classify hotels based on their quality, amenities, service, and overall guest experience.
- EN: stay → ar-SA: إقامة | Definition: Period during which a guest resides at an accommodation, such as a hotel.
- EN: stop → ar-SA: محطة توقف | Definition: Flight connection at other airport before reaching the destination (not direct flights)
- EN: Suggested for you → ar-SA: خيار قد يعجبك | Definition: Personalized recommendations based on your interests or past behavior.
- EN: SUV → ar-SA: دفع رباعي | Definition: Sport Utility Vehicle, a larger car often with off-road capability and more passenger/cargo space.
- EN: tax → ar-SA: ضريبة | Definition: Compulsory financial charges imposed by a government. | Example: يشمل جميع الضرائب والرسوم، باستثناء الضريبة المحلية (إن وجدت).
- EN: Terms of Service → ar-SA: شروط الخدمة | Definition: The rules and conditions for using a service.
- EN: Top Provider → ar-SA: مزوِّد متميّز | Definition: A booking partner that meets our top-quality criteria, demonstrated by a high Partner Quality Score, strong price accuracy, and reliable downstream visibility. This designation helps travelers make informed choices by identifying partners that offer a trustworthy and seamless booking experience.
- EN: total price → ar-SA: السعر الإجمالي | Definition: The complete cost of a service or product.
- EN: transfer → ar-SA: نقل | Definition: The act of moving travelers from one location to another. | Example: بمجرد العثور على عرض تأجير السيارات المناسب لك، سنقوم بنقلك مباشرة إلى شركة تأجير السيارات لإجراء الحجز.
- EN: transfer → ar-SA: نقل | Definition: Service or act of moving from one mode of transport to another. | Example: بمجرد العثور على عرض تأجير السيارات المناسب لك، سنقوم بنقلك مباشرة إلى شركة تأجير السيارات لإجراء الحجز.
- EN: transmission → ar-SA: ناقل الحركة | Definition: The mechanism by which power is transmitted from the engine to the wheels in a vehicle.
- EN: travel agent → ar-SA: شركة سياحة | Definition: A professional who plans and books travel arrangements for clients.
- EN: travel Hack → ar-SA: حيل ذكية للسفر | Definition: Tips and strategies for making travel easier or cheaper.
- EN: travel insurance → ar-SA: تأمين السفر | Definition: Coverage for risks associated with travel, such as trip cancellations and medical emergencies.
- EN: travel trends → ar-SA: اتجاهات السفر
- EN: Travel Trends 2025 → ar-SA: اتجاهات السفر 2025
- EN: Travel Trends 2026 → ar-SA: اتجاهات السفر 2026 | Definition: Landing page | Notes: Travel trend name
- EN: Travel Tuesday → ar-SA: Travel Tuesday | Definition: A marketing initiative on the Tuesday after Thanksgiving, offering significant discounts on travel-related purchases like flights and hotels. | Notes: Do not translate | Example: لم لا تجرِّب الحجز أثناء عروض Travel Tuesday
- EN: Travel types → ar-SA: أنواع السفر
- EN: Travel vibes → ar-SA: مشاعر السفر
- EN: traveller → ar-SA: مسافر | Definition: An individual who is traveling.
- EN: Trending → ar-SA: الأكثر رواجًا
- EN: Trending destinations → ar-SA: الوجهات الرائجة
- EN: trip → ar-SA: رحلة | Definition: A journey from one place to another.
- EN: Underrated alternatives → ar-SA: بدائل بأقل من قيمتها الحقيقية
- EN: Underrated Destinations → ar-SA: وجهات تستحق الاكتشاف | Definition: Travel locations that are less popular but worth visiting.
- EN: unique stays → ar-SA: أماكن إقامة مميزة | Definition: Accommodations that offer unusual or distinctive experiences.
- EN: unlimited mileage → ar-SA: أميال غير محدودة | Definition: Option allowing unlimited travel distance in a rental vehicle.
- EN: Value for money → ar-SA: القيمة مقابل المال
- EN: van → ar-SA: شاحنة فان | Definition: A larger vehicle used for transporting goods or people.
- EN: vehicle → ar-SA: مركبة | Definition: A mode of transportation used to move from one place to another.
- EN: Very good → ar-SA: جيد جدًا | Definition: Rating indicating high quality or performance.
- EN: Vibes → ar-SA: استكشاف الأجواء | Definition: Vibes is an AI-powered feature developed by Skyscanner that enhances the Explore Everywhere experience by categorising and sorting travel destinations in a smart, intuitive way to inspire travellers. These “vibes” are essentially themed tiles or categories—likely based on mood, activity type, scenery, or travel style (e.g. “beach escape”, “romantic getaway”, “adventurous hiking”)—that help users discover destinations they might not have otherwise considered. | Notes: Feature name, should be used as a noun.
- EN: wagon → ar-SA: سيارة نقل | Definition: A car with a longer body and more cargo space, often with a rear hatch door.
- EN: Whole month → ar-SA: الشهر بأكمله | Definition: Option to view availability and prices for an entire month.
- EN: whole month → ar-SA: الشهر بأكمله | Definition: Option to view availability and prices for an entire month.
- EN: With honours → ar-SA: مذهل | Definition: A high distinction or recognition for excellence.

2026-09-01 11:30:32,753 - INFO - [SA] Agent 1 window 0-9 (10 batches)
2026-09-01 11:30:32,829 - INFO - AFC is enabled with max remote calls: 10.
2026-09-01 11:30:32,829 - WARNING - Direct use of automatic function calling (AFC) in AsyncModels.generate_content is not recommended. Instead, we recommend to use AFC in AsyncChat.send_message. Similarly, direct use of AFC in AsyncModels.generate_content_stream is not recommended. Instead, we recommend to use AFC in AsyncChat.send_message_stream.
2026-09-01 11:30:32,849 - INFO - AFC is enabled with max remote calls: 10.
2026-09-01 11:30:32,850 - INFO - AFC is enabled with max remote calls: 10.
2026-09-01 11:30:32,851 - INFO - AFC is enabled with max remote calls: 10.
2026-09-01 11:30:32,852 - INFO - AFC is enabled with max remote calls: 10.
2026-09-01 11:30:32,853 - INFO - AFC is enabled with max remote calls: 10.
2026-09-01 11:30:32,854 - INFO - AFC is enabled with max remote calls: 10.
2026-09-01 11:30:32,855 - INFO - AFC is enabled with max remote calls: 10.
2026-09-01 11:30:32,855 - INFO - AFC is enabled with max remote calls: 10.
2026-09-01 11:30:32,856 - INFO - AFC is enabled with max remote calls: 10.
2026-09-01 11:30:48,994 - INFO - HTTP Request: POST https://generativelanguage.googleapis.com/v1beta/models/gemini-2.5-pro:generateContent "HTTP/1.1 200 OK"
2026-09-01 11:30:50,981 - INFO - HTTP Request: POST https://generativelanguage.googleapis.com/v1beta/models/gemini-2.5-pro:generateContent "HTTP/1.1 200 OK"
2026-09-01 11:30:56,794 - INFO - HTTP Request: POST https://generativelanguage.googleapis.com/v1beta/models/gemini-2.5-pro:generateContent "HTTP/1.1 200 OK"
2026-09-01 11:30:57,988 - INFO - HTTP Request: POST https://generativelanguage.googleapis.com/v1beta/models/gemini-2.5-pro:generateContent "HTTP/1.1 200 OK"
2026-09-01 11:30:58,084 - INFO - HTTP Request: POST https://generativelanguage.googleapis.com/v1beta/models/gemini-2.5-pro:generateContent "HTTP/1.1 200 OK"
2026-09-01 11:30:58,354 - INFO - HTTP Request: POST https://generativelanguage.googleapis.com/v1beta/models/gemini-2.5-pro:generateContent "HTTP/1.1 200 OK"
2026-09-01 11:31:07,889 - INFO - HTTP Request: POST https://generativelanguage.googleapis.com/v1beta/models/gemini-2.5-pro:generateContent "HTTP/1.1 200 OK"
2026-09-01 11:31:11,225 - INFO - HTTP Request: POST https://generativelanguage.googleapis.com/v1beta/models/gemini-2.5-pro:generateContent "HTTP/1.1 200 OK"
2026-09-01 11:31:18,025 - INFO - HTTP Request: POST https://generativelanguage.googleapis.com/v1beta/models/gemini-2.5-pro:generateContent "HTTP/1.1 200 OK"
2026-09-01 11:40:33,549 - INFO - AFC is enabled with max remote calls: 10.
2026-09-01 11:41:22,107 - INFO - HTTP Request: POST https://generativelanguage.googleapis.com/v1beta/models/gemini-2.5-pro:generateContent "HTTP/1.1 200 OK"
2026-09-01 11:41:22,142 - INFO - [SA] Waiting 10.0s before next Agent 1 window…
2026-09-01 11:41:32,145 - INFO - [SA] Agent 1 window 10-19 (10 batches)
2026-09-01 11:41:32,252 - INFO - AFC is enabled with max remote calls: 10.
2026-09-01 11:41:32,255 - INFO - AFC is enabled with max remote calls: 10.
2026-09-01 11:41:32,258 - INFO - AFC is enabled with max remote calls: 10.
2026-09-01 11:41:32,261 - INFO - AFC is enabled with max remote calls: 10.
2026-09-01 11:41:32,265 - INFO - AFC is enabled with max remote calls: 10.
2026-09-01 11:41:32,268 - INFO - AFC is enabled with max remote calls: 10.
2026-09-01 11:41:32,272 - INFO - AFC is enabled with max remote calls: 10.
2026-09-01 11:41:32,276 - INFO - AFC is enabled with max remote calls: 10.
2026-09-01 11:41:32,279 - INFO - AFC is enabled with max remote calls: 10.
2026-09-01 11:41:32,284 - INFO - AFC is enabled with max remote calls: 10.
2026-09-01 11:41:53,614 - INFO - HTTP Request: POST https://generativelanguage.googleapis.com/v1beta/models/gemini-2.5-pro:generateContent "HTTP/1.1 200 OK"
2026-09-01 11:41:55,522 - INFO - HTTP Request: POST https://generativelanguage.googleapis.com/v1beta/models/gemini-2.5-pro:generateContent "HTTP/1.1 200 OK"
2026-09-01 11:41:55,904 - INFO - HTTP Request: POST https://generativelanguage.googleapis.com/v1beta/models/gemini-2.5-pro:generateContent "HTTP/1.1 200 OK"
2026-09-01 11:41:58,721 - INFO - HTTP Request: POST https://generativelanguage.googleapis.com/v1beta/models/gemini-2.5-pro:generateContent "HTTP/1.1 200 OK"
2026-09-01 11:42:02,582 - INFO - HTTP Request: POST https://generativelanguage.googleapis.com/v1beta/models/gemini-2.5-pro:generateContent "HTTP/1.1 200 OK"
2026-09-01 11:42:02,838 - INFO - HTTP Request: POST https://generativelanguage.googleapis.com/v1beta/models/gemini-2.5-pro:generateContent "HTTP/1.1 200 OK"
2026-09-01 11:42:03,211 - INFO - HTTP Request: POST https://generativelanguage.googleapis.com/v1beta/models/gemini-2.5-pro:generateContent "HTTP/1.1 200 OK"
2026-09-01 11:42:07,938 - INFO - HTTP Request: POST https://generativelanguage.googleapis.com/v1beta/models/gemini-2.5-pro:generateContent "HTTP/1.1 200 OK"
2026-09-01 11:42:10,425 - INFO - HTTP Request: POST https://generativelanguage.googleapis.com/v1beta/models/gemini-2.5-pro:generateContent "HTTP/1.1 200 OK"
2026-09-01 11:42:18,578 - INFO - HTTP Request: POST https://generativelanguage.googleapis.com/v1beta/models/gemini-2.5-pro:generateContent "HTTP/1.1 200 OK"
2026-09-01 11:42:18,591 - INFO - [SA] Waiting 10.0s before next Agent 1 window…
2026-09-01 11:42:28,597 - INFO - [SA] Agent 1 window 20-29 (10 batches)
2026-09-01 11:42:28,697 - INFO - AFC is enabled with max remote calls: 10.
2026-09-01 11:42:28,705 - INFO - AFC is enabled with max remote calls: 10.
2026-09-01 11:42:28,707 - INFO - AFC is enabled with max remote calls: 10.
2026-09-01 11:42:28,709 - INFO - AFC is enabled with max remote calls: 10.
2026-09-01 11:42:28,711 - INFO - AFC is enabled with max remote calls: 10.
2026-09-01 11:42:28,715 - INFO - AFC is enabled with max remote calls: 10.
2026-09-01 11:42:28,717 - INFO - AFC is enabled with max remote calls: 10.
2026-09-01 11:42:28,719 - INFO - AFC is enabled with max remote calls: 10.
2026-09-01 11:42:28,721 - INFO - AFC is enabled with max remote calls: 10.
2026-09-01 11:42:28,724 - INFO - AFC is enabled with max remote calls: 10.
2026-09-01 11:43:06,837 - INFO - HTTP Request: POST https://generativelanguage.googleapis.com/v1beta/models/gemini-2.5-pro:generateContent "HTTP/1.1 200 OK"
2026-09-01 11:43:16,713 - INFO - HTTP Request: POST https://generativelanguage.googleapis.com/v1beta/models/gemini-2.5-pro:generateContent "HTTP/1.1 200 OK"
2026-09-01 11:43:18,626 - INFO - HTTP Request: POST https://generativelanguage.googleapis.com/v1beta/models/gemini-2.5-pro:generateContent "HTTP/1.1 200 OK"
2026-09-01 11:43:18,871 - INFO - HTTP Request: POST https://generativelanguage.googleapis.com/v1beta/models/gemini-2.5-pro:generateContent "HTTP/1.1 200 OK"
2026-09-01 11:43:20,554 - INFO - HTTP Request: POST https://generativelanguage.googleapis.com/v1beta/models/gemini-2.5-pro:generateContent "HTTP/1.1 200 OK"
2026-09-01 11:43:21,049 - INFO - HTTP Request: POST https://generativelanguage.googleapis.com/v1beta/models/gemini-2.5-pro:generateContent "HTTP/1.1 200 OK"
2026-09-01 11:43:21,055 - INFO - HTTP Request: POST https://generativelanguage.googleapis.com/v1beta/models/gemini-2.5-pro:generateContent "HTTP/1.1 200 OK"
2026-09-01 11:43:25,531 - INFO - HTTP Request: POST https://generativelanguage.googleapis.com/v1beta/models/gemini-2.5-pro:generateContent "HTTP/1.1 200 OK"
2026-09-01 11:43:25,694 - INFO - HTTP Request: POST https://generativelanguage.googleapis.com/v1beta/models/gemini-2.5-pro:generateContent "HTTP/1.1 200 OK"
2026-09-01 11:43:34,249 - INFO - HTTP Request: POST https://generativelanguage.googleapis.com/v1beta/models/gemini-2.5-pro:generateContent "HTTP/1.1 200 OK"
2026-09-01 11:43:34,262 - INFO - [SA] Waiting 10.0s before next Agent 1 window…
2026-09-01 11:43:44,265 - INFO - [SA] Agent 1 window 30-39 (10 batches)
2026-09-01 11:43:44,335 - INFO - AFC is enabled with max remote calls: 10.
2026-09-01 11:43:44,340 - INFO - AFC is enabled with max remote calls: 10.
2026-09-01 11:43:44,341 - INFO - AFC is enabled with max remote calls: 10.
2026-09-01 11:43:44,343 - INFO - AFC is enabled with max remote calls: 10.
2026-09-01 11:43:44,344 - INFO - AFC is enabled with max remote calls: 10.
2026-09-01 11:43:44,345 - INFO - AFC is enabled with max remote calls: 10.
2026-09-01 11:43:44,346 - INFO - AFC is enabled with max remote calls: 10.
2026-09-01 11:43:44,349 - INFO - AFC is enabled with max remote calls: 10.
2026-09-01 11:43:44,351 - INFO - AFC is enabled with max remote calls: 10.
2026-09-01 11:43:44,352 - INFO - AFC is enabled with max remote calls: 10.
2026-09-01 11:44:02,147 - INFO - HTTP Request: POST https://generativelanguage.googleapis.com/v1beta/models/gemini-2.5-pro:generateContent "HTTP/1.1 200 OK"
2026-09-01 11:44:02,210 - INFO - HTTP Request: POST https://generativelanguage.googleapis.com/v1beta/models/gemini-2.5-pro:generateContent "HTTP/1.1 200 OK"
2026-09-01 11:44:05,161 - INFO - HTTP Request: POST https://generativelanguage.googleapis.com/v1beta/models/gemini-2.5-pro:generateContent "HTTP/1.1 200 OK"
2026-09-01 11:44:10,284 - INFO - HTTP Request: POST https://generativelanguage.googleapis.com/v1beta/models/gemini-2.5-pro:generateContent "HTTP/1.1 200 OK"
2026-09-01 11:44:10,287 - INFO - HTTP Request: POST https://generativelanguage.googleapis.com/v1beta/models/gemini-2.5-pro:generateContent "HTTP/1.1 200 OK"
2026-09-01 11:44:10,656 - INFO - HTTP Request: POST https://generativelanguage.googleapis.com/v1beta/models/gemini-2.5-pro:generateContent "HTTP/1.1 200 OK"
2026-09-01 11:44:16,050 - INFO - HTTP Request: POST https://generativelanguage.googleapis.com/v1beta/models/gemini-2.5-pro:generateContent "HTTP/1.1 200 OK"
2026-09-01 11:44:18,112 - INFO - HTTP Request: POST https://generativelanguage.googleapis.com/v1beta/models/gemini-2.5-pro:generateContent "HTTP/1.1 200 OK"
2026-09-01 11:44:21,977 - INFO - HTTP Request: POST https://generativelanguage.googleapis.com/v1beta/models/gemini-2.5-pro:generateContent "HTTP/1.1 200 OK"
2026-09-01 11:44:25,683 - INFO - HTTP Request: POST https://generativelanguage.googleapis.com/v1beta/models/gemini-2.5-pro:generateContent "HTTP/1.1 200 OK"
2026-09-01 11:44:25,712 - INFO - [SA] Waiting 10.0s before next Agent 1 window…
2026-09-01 11:44:35,716 - INFO - [SA] Agent 1 window 40-49 (10 batches)
2026-09-01 11:44:35,830 - INFO - AFC is enabled with max remote calls: 10.
2026-09-01 11:44:35,838 - INFO - AFC is enabled with max remote calls: 10.
2026-09-01 11:44:35,841 - INFO - AFC is enabled with max remote calls: 10.
2026-09-01 11:44:35,844 - INFO - AFC is enabled with max remote calls: 10.
2026-09-01 11:44:35,847 - INFO - AFC is enabled with max remote calls: 10.
2026-09-01 11:44:35,850 - INFO - AFC is enabled with max remote calls: 10.
2026-09-01 11:44:35,853 - INFO - AFC is enabled with max remote calls: 10.
2026-09-01 11:44:35,854 - INFO - AFC is enabled with max remote calls: 10.
2026-09-01 11:44:35,858 - INFO - AFC is enabled with max remote calls: 10.
2026-09-01 11:44:35,861 - INFO - AFC is enabled with max remote calls: 10.
2026-09-01 11:44:53,251 - INFO - HTTP Request: POST https://generativelanguage.googleapis.com/v1beta/models/gemini-2.5-pro:generateContent "HTTP/1.1 200 OK"
2026-09-01 11:44:54,059 - INFO - HTTP Request: POST https://generativelanguage.googleapis.com/v1beta/models/gemini-2.5-pro:generateContent "HTTP/1.1 200 OK"
2026-09-01 11:44:54,133 - INFO - HTTP Request: POST https://generativelanguage.googleapis.com/v1beta/models/gemini-2.5-pro:generateContent "HTTP/1.1 200 OK"
2026-09-01 11:44:58,646 - INFO - HTTP Request: POST https://generativelanguage.googleapis.com/v1beta/models/gemini-2.5-pro:generateContent "HTTP/1.1 200 OK"
2026-09-01 11:44:59,919 - INFO - HTTP Request: POST https://generativelanguage.googleapis.com/v1beta/models/gemini-2.5-pro:generateContent "HTTP/1.1 200 OK"
2026-09-01 11:45:01,194 - INFO - HTTP Request: POST https://generativelanguage.googleapis.com/v1beta/models/gemini-2.5-pro:generateContent "HTTP/1.1 200 OK"
2026-09-01 11:45:02,345 - INFO - HTTP Request: POST https://generativelanguage.googleapis.com/v1beta/models/gemini-2.5-pro:generateContent "HTTP/1.1 200 OK"
2026-09-01 11:45:03,562 - INFO - HTTP Request: POST https://generativelanguage.googleapis.com/v1beta/models/gemini-2.5-pro:generateContent "HTTP/1.1 200 OK"
2026-09-01 11:45:09,656 - INFO - HTTP Request: POST https://generativelanguage.googleapis.com/v1beta/models/gemini-2.5-pro:generateContent "HTTP/1.1 200 OK"
2026-09-01 11:45:11,364 - INFO - HTTP Request: POST https://generativelanguage.googleapis.com/v1beta/models/gemini-2.5-pro:generateContent "HTTP/1.1 200 OK"
2026-09-01 11:45:11,367 - INFO - [SA] Waiting 10.0s before next Agent 1 window…
2026-09-01 11:45:21,371 - INFO - [SA] Agent 1 window 50-59 (10 batches)
2026-09-01 11:45:21,461 - INFO - AFC is enabled with max remote calls: 10.
2026-09-01 11:45:21,464 - INFO - AFC is enabled with max remote calls: 10.
2026-09-01 11:45:21,465 - INFO - AFC is enabled with max remote calls: 10.
2026-09-01 11:45:21,466 - INFO - AFC is enabled with max remote calls: 10.
2026-09-01 11:45:21,467 - INFO - AFC is enabled with max remote calls: 10.
2026-09-01 11:45:21,469 - INFO - AFC is enabled with max remote calls: 10.
2026-09-01 11:45:21,469 - INFO - AFC is enabled with max remote calls: 10.
2026-09-01 11:45:21,471 - INFO - AFC is enabled with max remote calls: 10.
2026-09-01 11:45:21,472 - INFO - AFC is enabled with max remote calls: 10.
2026-09-01 11:45:21,473 - INFO - AFC is enabled with max remote calls: 10.
2026-09-01 11:45:40,669 - INFO - HTTP Request: POST https://generativelanguage.googleapis.com/v1beta/models/gemini-2.5-pro:generateContent "HTTP/1.1 200 OK"
2026-09-01 11:45:42,070 - INFO - HTTP Request: POST https://generativelanguage.googleapis.com/v1beta/models/gemini-2.5-pro:generateContent "HTTP/1.1 200 OK"
2026-09-01 11:45:42,514 - INFO - HTTP Request: POST https://generativelanguage.googleapis.com/v1beta/models/gemini-2.5-pro:generateContent "HTTP/1.1 200 OK"
2026-09-01 11:45:45,377 - INFO - HTTP Request: POST https://generativelanguage.googleapis.com/v1beta/models/gemini-2.5-pro:generateContent "HTTP/1.1 200 OK"
2026-09-01 11:45:48,188 - INFO - HTTP Request: POST https://generativelanguage.googleapis.com/v1beta/models/gemini-2.5-pro:generateContent "HTTP/1.1 200 OK"
2026-09-01 11:45:48,285 - INFO - HTTP Request: POST https://generativelanguage.googleapis.com/v1beta/models/gemini-2.5-pro:generateContent "HTTP/1.1 200 OK"
2026-09-01 11:45:49,643 - INFO - HTTP Request: POST https://generativelanguage.googleapis.com/v1beta/models/gemini-2.5-pro:generateContent "HTTP/1.1 200 OK"
2026-09-01 11:45:53,099 - INFO - HTTP Request: POST https://generativelanguage.googleapis.com/v1beta/models/gemini-2.5-pro:generateContent "HTTP/1.1 200 OK"
2026-09-01 11:45:56,881 - INFO - HTTP Request: POST https://generativelanguage.googleapis.com/v1beta/models/gemini-2.5-pro:generateContent "HTTP/1.1 200 OK"
2026-09-01 11:46:00,595 - INFO - HTTP Request: POST https://generativelanguage.googleapis.com/v1beta/models/gemini-2.5-pro:generateContent "HTTP/1.1 200 OK"
2026-09-01 11:46:00,602 - INFO - [SA] Waiting 10.0s before next Agent 1 window…
2026-09-01 11:46:10,604 - INFO - [SA] Agent 1 window 60-69 (10 batches)
2026-09-01 11:46:10,654 - INFO - AFC is enabled with max remote calls: 10.
2026-09-01 11:46:10,664 - INFO - AFC is enabled with max remote calls: 10.
2026-09-01 11:46:10,669 - INFO - AFC is enabled with max remote calls: 10.
2026-09-01 11:46:10,671 - INFO - AFC is enabled with max remote calls: 10.
2026-09-01 11:46:10,673 - INFO - AFC is enabled with max remote calls: 10.
2026-09-01 11:46:10,674 - INFO - AFC is enabled with max remote calls: 10.
2026-09-01 11:46:10,676 - INFO - AFC is enabled with max remote calls: 10.
2026-09-01 11:46:10,677 - INFO - AFC is enabled with max remote calls: 10.
2026-09-01 11:46:10,678 - INFO - AFC is enabled with max remote calls: 10.
2026-09-01 11:46:10,679 - INFO - AFC is enabled with max remote calls: 10.
2026-09-01 11:46:27,223 - INFO - HTTP Request: POST https://generativelanguage.googleapis.com/v1beta/models/gemini-2.5-pro:generateContent "HTTP/1.1 200 OK"
2026-09-01 11:46:27,912 - INFO - HTTP Request: POST https://generativelanguage.googleapis.com/v1beta/models/gemini-2.5-pro:generateContent "HTTP/1.1 200 OK"
2026-09-01 11:46:28,659 - INFO - HTTP Request: POST https://generativelanguage.googleapis.com/v1beta/models/gemini-2.5-pro:generateContent "HTTP/1.1 200 OK"
2026-09-01 11:46:29,010 - INFO - HTTP Request: POST https://generativelanguage.googleapis.com/v1beta/models/gemini-2.5-pro:generateContent "HTTP/1.1 200 OK"
2026-09-01 11:46:29,866 - INFO - HTTP Request: POST https://generativelanguage.googleapis.com/v1beta/models/gemini-2.5-pro:generateContent "HTTP/1.1 200 OK"
2026-09-01 11:46:30,543 - INFO - HTTP Request: POST https://generativelanguage.googleapis.com/v1beta/models/gemini-2.5-pro:generateContent "HTTP/1.1 200 OK"
2026-09-01 11:46:34,614 - INFO - HTTP Request: POST https://generativelanguage.googleapis.com/v1beta/models/gemini-2.5-pro:generateContent "HTTP/1.1 200 OK"
2026-09-01 11:46:42,484 - INFO - HTTP Request: POST https://generativelanguage.googleapis.com/v1beta/models/gemini-2.5-pro:generateContent "HTTP/1.1 200 OK"
2026-09-01 11:46:45,993 - INFO - HTTP Request: POST https://generativelanguage.googleapis.com/v1beta/models/gemini-2.5-pro:generateContent "HTTP/1.1 200 OK"
2026-09-01 11:46:50,893 - INFO - HTTP Request: POST https://generativelanguage.googleapis.com/v1beta/models/gemini-2.5-pro:generateContent "HTTP/1.1 200 OK"
2026-09-01 11:46:50,906 - INFO - [SA] Waiting 10.0s before next Agent 1 window…
2026-09-01 11:47:00,910 - INFO - [SA] Agent 1 window 70-79 (10 batches)
2026-09-01 11:47:01,032 - INFO - AFC is enabled with max remote calls: 10.
2026-09-01 11:47:01,041 - INFO - AFC is enabled with max remote calls: 10.
2026-09-01 11:47:01,042 - INFO - AFC is enabled with max remote calls: 10.
2026-09-01 11:47:01,048 - INFO - AFC is enabled with max remote calls: 10.
2026-09-01 11:47:01,050 - INFO - AFC is enabled with max remote calls: 10.
2026-09-01 11:47:01,055 - INFO - AFC is enabled with max remote calls: 10.
2026-09-01 11:47:01,057 - INFO - AFC is enabled with max remote calls: 10.
2026-09-01 11:47:01,059 - INFO - AFC is enabled with max remote calls: 10.
2026-09-01 11:47:01,064 - INFO - AFC is enabled with max remote calls: 10.
2026-09-01 11:47:01,066 - INFO - AFC is enabled with max remote calls: 10.
2026-09-01 11:47:15,180 - INFO - HTTP Request: POST https://generativelanguage.googleapis.com/v1beta/models/gemini-2.5-pro:generateContent "HTTP/1.1 200 OK"
2026-09-01 11:47:16,420 - INFO - HTTP Request: POST https://generativelanguage.googleapis.com/v1beta/models/gemini-2.5-pro:generateContent "HTTP/1.1 200 OK"
2026-09-01 11:47:16,669 - INFO - HTTP Request: POST https://generativelanguage.googleapis.com/v1beta/models/gemini-2.5-pro:generateContent "HTTP/1.1 200 OK"
2026-09-01 11:47:18,834 - INFO - HTTP Request: POST https://generativelanguage.googleapis.com/v1beta/models/gemini-2.5-pro:generateContent "HTTP/1.1 200 OK"
2026-09-01 11:47:19,253 - INFO - HTTP Request: POST https://generativelanguage.googleapis.com/v1beta/models/gemini-2.5-pro:generateContent "HTTP/1.1 200 OK"
2026-09-01 11:47:19,640 - INFO - HTTP Request: POST https://generativelanguage.googleapis.com/v1beta/models/gemini-2.5-pro:generateContent "HTTP/1.1 200 OK"
2026-09-01 11:47:21,376 - INFO - HTTP Request: POST https://generativelanguage.googleapis.com/v1beta/models/gemini-2.5-pro:generateContent "HTTP/1.1 200 OK"
2026-09-01 11:47:23,028 - INFO - HTTP Request: POST https://generativelanguage.googleapis.com/v1beta/models/gemini-2.5-pro:generateContent "HTTP/1.1 200 OK"
2026-09-01 11:47:26,528 - INFO - HTTP Request: POST https://generativelanguage.googleapis.com/v1beta/models/gemini-2.5-pro:generateContent "HTTP/1.1 200 OK"
2026-09-01 11:47:56,877 - INFO - HTTP Request: POST https://generativelanguage.googleapis.com/v1beta/models/gemini-2.5-pro:generateContent "HTTP/1.1 200 OK"
2026-09-01 11:47:56,891 - INFO - [SA] Waiting 10.0s before next Agent 1 window…
2026-09-01 11:48:06,893 - INFO - [SA] Agent 1 window 80-89 (10 batches)
2026-09-01 11:48:07,027 - INFO - AFC is enabled with max remote calls: 10.
2026-09-01 11:48:07,039 - INFO - AFC is enabled with max remote calls: 10.
2026-09-01 11:48:07,042 - INFO - AFC is enabled with max remote calls: 10.
2026-09-01 11:48:07,044 - INFO - AFC is enabled with max remote calls: 10.
2026-09-01 11:48:07,048 - INFO - AFC is enabled with max remote calls: 10.
2026-09-01 11:48:07,050 - INFO - AFC is enabled with max remote calls: 10.
2026-09-01 11:48:07,055 - INFO - AFC is enabled with max remote calls: 10.
2026-09-01 11:48:07,059 - INFO - AFC is enabled with max remote calls: 10.
2026-09-01 11:48:07,063 - INFO - AFC is enabled with max remote calls: 10.
2026-09-01 11:48:07,067 - INFO - AFC is enabled with max remote calls: 10.
2026-09-01 11:48:20,333 - INFO - HTTP Request: POST https://generativelanguage.googleapis.com/v1beta/models/gemini-2.5-pro:generateContent "HTTP/1.1 200 OK"
2026-09-01 11:48:21,542 - INFO - HTTP Request: POST https://generativelanguage.googleapis.com/v1beta/models/gemini-2.5-pro:generateContent "HTTP/1.1 200 OK"
2026-09-01 11:48:22,945 - INFO - HTTP Request: POST https://generativelanguage.googleapis.com/v1beta/models/gemini-2.5-pro:generateContent "HTTP/1.1 200 OK"
2026-09-01 11:48:26,451 - INFO - HTTP Request: POST https://generativelanguage.googleapis.com/v1beta/models/gemini-2.5-pro:generateContent "HTTP/1.1 200 OK"
2026-09-01 11:48:28,203 - INFO - HTTP Request: POST https://generativelanguage.googleapis.com/v1beta/models/gemini-2.5-pro:generateContent "HTTP/1.1 200 OK"
2026-09-01 11:48:28,923 - INFO - HTTP Request: POST https://generativelanguage.googleapis.com/v1beta/models/gemini-2.5-pro:generateContent "HTTP/1.1 200 OK"
2026-09-01 11:48:30,688 - INFO - HTTP Request: POST https://generativelanguage.googleapis.com/v1beta/models/gemini-2.5-pro:generateContent "HTTP/1.1 200 OK"
2026-09-01 11:48:31,227 - INFO - HTTP Request: POST https://generativelanguage.googleapis.com/v1beta/models/gemini-2.5-pro:generateContent "HTTP/1.1 200 OK"
2026-09-01 11:48:31,649 - INFO - HTTP Request: POST https://generativelanguage.googleapis.com/v1beta/models/gemini-2.5-pro:generateContent "HTTP/1.1 200 OK"
2026-09-01 11:48:51,402 - INFO - HTTP Request: POST https://generativelanguage.googleapis.com/v1beta/models/gemini-2.5-pro:generateContent "HTTP/1.1 200 OK"
2026-09-01 11:48:51,419 - INFO - [SA] Waiting 10.0s before next Agent 1 window…
2026-09-01 11:49:01,421 - INFO - [SA] Agent 1 window 90-99 (10 batches)
2026-09-01 11:49:01,485 - INFO - AFC is enabled with max remote calls: 10.
2026-09-01 11:49:01,489 - INFO - AFC is enabled with max remote calls: 10.
2026-09-01 11:49:01,492 - INFO - AFC is enabled with max remote calls: 10.
2026-09-01 11:49:01,495 - INFO - AFC is enabled with max remote calls: 10.
2026-09-01 11:49:01,497 - INFO - AFC is enabled with max remote calls: 10.
2026-09-01 11:49:01,498 - INFO - AFC is enabled with max remote calls: 10.
2026-09-01 11:49:01,501 - INFO - AFC is enabled with max remote calls: 10.
2026-09-01 11:49:01,502 - INFO - AFC is enabled with max remote calls: 10.
2026-09-01 11:49:01,505 - INFO - AFC is enabled with max remote calls: 10.
2026-09-01 11:49:01,506 - INFO - AFC is enabled with max remote calls: 10.
2026-09-01 11:49:16,280 - INFO - HTTP Request: POST https://generativelanguage.googleapis.com/v1beta/models/gemini-2.5-pro:generateContent "HTTP/1.1 200 OK"
2026-09-01 11:49:20,126 - INFO - HTTP Request: POST https://generativelanguage.googleapis.com/v1beta/models/gemini-2.5-pro:generateContent "HTTP/1.1 200 OK"
2026-09-01 11:49:21,402 - INFO - HTTP Request: POST https://generativelanguage.googleapis.com/v1beta/models/gemini-2.5-pro:generateContent "HTTP/1.1 200 OK"
2026-09-01 11:49:27,919 - INFO - HTTP Request: POST https://generativelanguage.googleapis.com/v1beta/models/gemini-2.5-pro:generateContent "HTTP/1.1 200 OK"
2026-09-01 11:49:27,937 - INFO - HTTP Request: POST https://generativelanguage.googleapis.com/v1beta/models/gemini-2.5-pro:generateContent "HTTP/1.1 200 OK"
2026-09-01 11:49:27,942 - INFO - HTTP Request: POST https://generativelanguage.googleapis.com/v1beta/models/gemini-2.5-pro:generateContent "HTTP/1.1 200 OK"
2026-09-01 11:49:27,947 - INFO - HTTP Request: POST https://generativelanguage.googleapis.com/v1beta/models/gemini-2.5-pro:generateContent "HTTP/1.1 200 OK"
2026-09-01 11:49:27,949 - INFO - HTTP Request: POST https://generativelanguage.googleapis.com/v1beta/models/gemini-2.5-pro:generateContent "HTTP/1.1 200 OK"
2026-09-01 11:49:29,620 - INFO - HTTP Request: POST https://generativelanguage.googleapis.com/v1beta/models/gemini-2.5-pro:generateContent "HTTP/1.1 200 OK"
2026-09-01 11:49:38,986 - INFO - HTTP Request: POST https://generativelanguage.googleapis.com/v1beta/models/gemini-2.5-pro:generateContent "HTTP/1.1 200 OK"
2026-09-01 11:49:38,994 - INFO - [SA] Waiting 10.0s before next Agent 1 window…
2026-09-01 11:49:48,997 - INFO - [SA] Agent 1 window 100-109 (10 batches)
2026-09-01 11:49:49,099 - INFO - AFC is enabled with max remote calls: 10.
2026-09-01 11:49:49,103 - INFO - AFC is enabled with max remote calls: 10.
2026-09-01 11:49:49,104 - INFO - AFC is enabled with max remote calls: 10.
2026-09-01 11:49:49,105 - INFO - AFC is enabled with max remote calls: 10.
2026-09-01 11:49:49,109 - INFO - AFC is enabled with max remote calls: 10.
2026-09-01 11:49:49,111 - INFO - AFC is enabled with max remote calls: 10.
2026-09-01 11:49:49,113 - INFO - AFC is enabled with max remote calls: 10.
2026-09-01 11:49:49,116 - INFO - AFC is enabled with max remote calls: 10.
2026-09-01 11:49:49,119 - INFO - AFC is enabled with max remote calls: 10.
2026-09-01 11:49:49,120 - INFO - AFC is enabled with max remote calls: 10.
2026-09-01 11:50:03,127 - INFO - HTTP Request: POST https://generativelanguage.googleapis.com/v1beta/models/gemini-2.5-pro:generateContent "HTTP/1.1 200 OK"
2026-09-01 11:50:03,698 - INFO - HTTP Request: POST https://generativelanguage.googleapis.com/v1beta/models/gemini-2.5-pro:generateContent "HTTP/1.1 200 OK"
2026-09-01 11:50:05,678 - INFO - HTTP Request: POST https://generativelanguage.googleapis.com/v1beta/models/gemini-2.5-pro:generateContent "HTTP/1.1 200 OK"
2026-09-01 11:50:10,545 - INFO - HTTP Request: POST https://generativelanguage.googleapis.com/v1beta/models/gemini-2.5-pro:generateContent "HTTP/1.1 200 OK"
2026-09-01 11:50:10,584 - INFO - HTTP Request: POST https://generativelanguage.googleapis.com/v1beta/models/gemini-2.5-pro:generateContent "HTTP/1.1 200 OK"
2026-09-01 11:50:13,122 - INFO - HTTP Request: POST https://generativelanguage.googleapis.com/v1beta/models/gemini-2.5-pro:generateContent "HTTP/1.1 200 OK"
2026-09-01 11:50:15,821 - INFO - HTTP Request: POST https://generativelanguage.googleapis.com/v1beta/models/gemini-2.5-pro:generateContent "HTTP/1.1 200 OK"
2026-09-01 11:50:18,890 - INFO - HTTP Request: POST https://generativelanguage.googleapis.com/v1beta/models/gemini-2.5-pro:generateContent "HTTP/1.1 200 OK"
2026-09-01 11:50:22,505 - INFO - HTTP Request: POST https://generativelanguage.googleapis.com/v1beta/models/gemini-2.5-pro:generateContent "HTTP/1.1 200 OK"
2026-09-01 11:50:22,508 - INFO - HTTP Request: POST https://generativelanguage.googleapis.com/v1beta/models/gemini-2.5-pro:generateContent "HTTP/1.1 200 OK"
2026-09-01 11:50:22,513 - INFO - [SA] Waiting 10.0s before next Agent 1 window…
2026-09-01 11:50:32,516 - INFO - [SA] Agent 1 window 110-119 (10 batches)
2026-09-01 11:50:32,584 - INFO - AFC is enabled with max remote calls: 10.
2026-09-01 11:50:32,586 - INFO - AFC is enabled with max remote calls: 10.
2026-09-01 11:50:32,588 - INFO - AFC is enabled with max remote calls: 10.
2026-09-01 11:50:32,589 - INFO - AFC is enabled with max remote calls: 10.
2026-09-01 11:50:32,590 - INFO - AFC is enabled with max remote calls: 10.
2026-09-01 11:50:32,591 - INFO - AFC is enabled with max remote calls: 10.
2026-09-01 11:50:32,592 - INFO - AFC is enabled with max remote calls: 10.
2026-09-01 11:50:32,593 - INFO - AFC is enabled with max remote calls: 10.
2026-09-01 11:50:32,593 - INFO - AFC is enabled with max remote calls: 10.
2026-09-01 11:50:32,595 - INFO - AFC is enabled with max remote calls: 10.
2026-09-01 11:50:52,177 - INFO - HTTP Request: POST https://generativelanguage.googleapis.com/v1beta/models/gemini-2.5-pro:generateContent "HTTP/1.1 200 OK"
2026-09-01 11:50:52,181 - INFO - HTTP Request: POST https://generativelanguage.googleapis.com/v1beta/models/gemini-2.5-pro:generateContent "HTTP/1.1 200 OK"
2026-09-01 11:50:55,103 - INFO - HTTP Request: POST https://generativelanguage.googleapis.com/v1beta/models/gemini-2.5-pro:generateContent "HTTP/1.1 200 OK"
2026-09-01 11:51:01,298 - INFO - HTTP Request: POST https://generativelanguage.googleapis.com/v1beta/models/gemini-2.5-pro:generateContent "HTTP/1.1 200 OK"
2026-09-01 11:51:04,194 - INFO - HTTP Request: POST https://generativelanguage.googleapis.com/v1beta/models/gemini-2.5-pro:generateContent "HTTP/1.1 200 OK"
2026-09-01 11:51:04,644 - INFO - HTTP Request: POST https://generativelanguage.googleapis.com/v1beta/models/gemini-2.5-pro:generateContent "HTTP/1.1 200 OK"
2026-09-01 11:51:06,565 - INFO - HTTP Request: POST https://generativelanguage.googleapis.com/v1beta/models/gemini-2.5-pro:generateContent "HTTP/1.1 200 OK"
2026-09-01 11:51:06,570 - INFO - HTTP Request: POST https://generativelanguage.googleapis.com/v1beta/models/gemini-2.5-pro:generateContent "HTTP/1.1 200 OK"
2026-09-01 11:51:08,732 - INFO - HTTP Request: POST https://generativelanguage.googleapis.com/v1beta/models/gemini-2.5-pro:generateContent "HTTP/1.1 200 OK"
2026-09-01 11:51:14,246 - INFO - HTTP Request: POST https://generativelanguage.googleapis.com/v1beta/models/gemini-2.5-pro:generateContent "HTTP/1.1 200 OK"
2026-09-01 11:51:14,260 - INFO - [SA] Waiting 10.0s before next Agent 1 window…
2026-09-01 11:51:24,263 - INFO - [SA] Agent 1 window 120-129 (10 batches)
2026-09-01 11:51:24,330 - INFO - AFC is enabled with max remote calls: 10.
2026-09-01 11:51:24,334 - INFO - AFC is enabled with max remote calls: 10.
2026-09-01 11:51:24,335 - INFO - AFC is enabled with max remote calls: 10.
2026-09-01 11:51:24,337 - INFO - AFC is enabled with max remote calls: 10.
2026-09-01 11:51:24,340 - INFO - AFC is enabled with max remote calls: 10.
2026-09-01 11:51:24,341 - INFO - AFC is enabled with max remote calls: 10.
2026-09-01 11:51:24,342 - INFO - AFC is enabled with max remote calls: 10.
2026-09-01 11:51:24,344 - INFO - AFC is enabled with max remote calls: 10.
2026-09-01 11:51:24,345 - INFO - AFC is enabled with max remote calls: 10.
2026-09-01 11:51:24,347 - INFO - AFC is enabled with max remote calls: 10.
2026-09-01 11:51:38,937 - INFO - HTTP Request: POST https://generativelanguage.googleapis.com/v1beta/models/gemini-2.5-pro:generateContent "HTTP/1.1 200 OK"
2026-09-01 11:51:40,269 - INFO - HTTP Request: POST https://generativelanguage.googleapis.com/v1beta/models/gemini-2.5-pro:generateContent "HTTP/1.1 200 OK"
2026-09-01 11:51:44,542 - INFO - HTTP Request: POST https://generativelanguage.googleapis.com/v1beta/models/gemini-2.5-pro:generateContent "HTTP/1.1 200 OK"
2026-09-01 11:51:47,288 - INFO - HTTP Request: POST https://generativelanguage.googleapis.com/v1beta/models/gemini-2.5-pro:generateContent "HTTP/1.1 200 OK"
2026-09-01 11:51:49,051 - INFO - HTTP Request: POST https://generativelanguage.googleapis.com/v1beta/models/gemini-2.5-pro:generateContent "HTTP/1.1 200 OK"
2026-09-01 11:51:49,522 - INFO - HTTP Request: POST https://generativelanguage.googleapis.com/v1beta/models/gemini-2.5-pro:generateContent "HTTP/1.1 200 OK"
2026-09-01 11:51:50,565 - INFO - HTTP Request: POST https://generativelanguage.googleapis.com/v1beta/models/gemini-2.5-pro:generateContent "HTTP/1.1 200 OK"
2026-09-01 11:51:53,008 - INFO - HTTP Request: POST https://generativelanguage.googleapis.com/v1beta/models/gemini-2.5-pro:generateContent "HTTP/1.1 200 OK"
2026-09-01 11:51:55,290 - INFO - HTTP Request: POST https://generativelanguage.googleapis.com/v1beta/models/gemini-2.5-pro:generateContent "HTTP/1.1 200 OK"
2026-09-01 11:51:57,386 - INFO - HTTP Request: POST https://generativelanguage.googleapis.com/v1beta/models/gemini-2.5-pro:generateContent "HTTP/1.1 200 OK"
2026-09-01 11:51:57,391 - INFO - [SA] Waiting 10.0s before next Agent 1 window…
2026-09-01 11:52:07,402 - INFO - [SA] Agent 1 window 130-139 (10 batches)
2026-09-01 11:52:07,474 - INFO - AFC is enabled with max remote calls: 10.
2026-09-01 11:52:07,476 - INFO - AFC is enabled with max remote calls: 10.
2026-09-01 11:52:07,477 - INFO - AFC is enabled with max remote calls: 10.
2026-09-01 11:52:07,478 - INFO - AFC is enabled with max remote calls: 10.
2026-09-01 11:52:07,479 - INFO - AFC is enabled with max remote calls: 10.
2026-09-01 11:52:07,481 - INFO - AFC is enabled with max remote calls: 10.
2026-09-01 11:52:07,482 - INFO - AFC is enabled with max remote calls: 10.
2026-09-01 11:52:07,483 - INFO - AFC is enabled with max remote calls: 10.
2026-09-01 11:52:07,484 - INFO - AFC is enabled with max remote calls: 10.
2026-09-01 11:52:07,486 - INFO - AFC is enabled with max remote calls: 10.
2026-09-01 11:52:23,288 - INFO - HTTP Request: POST https://generativelanguage.googleapis.com/v1beta/models/gemini-2.5-pro:generateContent "HTTP/1.1 200 OK"
2026-09-01 11:52:23,801 - INFO - HTTP Request: POST https://generativelanguage.googleapis.com/v1beta/models/gemini-2.5-pro:generateContent "HTTP/1.1 200 OK"
2026-09-01 11:52:24,653 - INFO - HTTP Request: POST https://generativelanguage.googleapis.com/v1beta/models/gemini-2.5-pro:generateContent "HTTP/1.1 200 OK"
2026-09-01 11:52:24,944 - INFO - HTTP Request: POST https://generativelanguage.googleapis.com/v1beta/models/gemini-2.5-pro:generateContent "HTTP/1.1 200 OK"
2026-09-01 11:52:29,911 - INFO - HTTP Request: POST https://generativelanguage.googleapis.com/v1beta/models/gemini-2.5-pro:generateContent "HTTP/1.1 200 OK"
2026-09-01 11:52:31,551 - INFO - HTTP Request: POST https://generativelanguage.googleapis.com/v1beta/models/gemini-2.5-pro:generateContent "HTTP/1.1 200 OK"
2026-09-01 11:52:34,090 - INFO - HTTP Request: POST https://generativelanguage.googleapis.com/v1beta/models/gemini-2.5-pro:generateContent "HTTP/1.1 200 OK"
2026-09-01 11:52:36,073 - INFO - HTTP Request: POST https://generativelanguage.googleapis.com/v1beta/models/gemini-2.5-pro:generateContent "HTTP/1.1 200 OK"
2026-09-01 11:52:36,938 - INFO - HTTP Request: POST https://generativelanguage.googleapis.com/v1beta/models/gemini-2.5-pro:generateContent "HTTP/1.1 200 OK"
2026-09-01 11:52:53,552 - INFO - HTTP Request: POST https://generativelanguage.googleapis.com/v1beta/models/gemini-2.5-pro:generateContent "HTTP/1.1 200 OK"
2026-09-01 11:52:53,563 - INFO - [SA] Waiting 10.0s before next Agent 1 window…
2026-09-01 11:53:03,567 - INFO - [SA] Agent 1 window 140-149 (10 batches)
2026-09-01 11:53:03,645 - INFO - AFC is enabled with max remote calls: 10.
2026-09-01 11:53:03,648 - INFO - AFC is enabled with max remote calls: 10.
2026-09-01 11:53:03,649 - INFO - AFC is enabled with max remote calls: 10.
2026-09-01 11:53:03,650 - INFO - AFC is enabled with max remote calls: 10.
2026-09-01 11:53:03,651 - INFO - AFC is enabled with max remote calls: 10.
2026-09-01 11:53:03,653 - INFO - AFC is enabled with max remote calls: 10.
2026-09-01 11:53:03,654 - INFO - AFC is enabled with max remote calls: 10.
2026-09-01 11:53:03,656 - INFO - AFC is enabled with max remote calls: 10.
2026-09-01 11:53:03,657 - INFO - AFC is enabled with max remote calls: 10.
2026-09-01 11:53:03,658 - INFO - AFC is enabled with max remote calls: 10.
2026-09-01 11:53:20,792 - INFO - HTTP Request: POST https://generativelanguage.googleapis.com/v1beta/models/gemini-2.5-pro:generateContent "HTTP/1.1 200 OK"
2026-09-01 11:53:21,869 - INFO - HTTP Request: POST https://generativelanguage.googleapis.com/v1beta/models/gemini-2.5-pro:generateContent "HTTP/1.1 200 OK"
2026-09-01 11:53:22,702 - INFO - HTTP Request: POST https://generativelanguage.googleapis.com/v1beta/models/gemini-2.5-pro:generateContent "HTTP/1.1 200 OK"
2026-09-01 11:53:25,630 - INFO - HTTP Request: POST https://generativelanguage.googleapis.com/v1beta/models/gemini-2.5-pro:generateContent "HTTP/1.1 200 OK"
2026-09-01 11:53:33,351 - INFO - HTTP Request: POST https://generativelanguage.googleapis.com/v1beta/models/gemini-2.5-pro:generateContent "HTTP/1.1 200 OK"
2026-09-01 11:53:34,783 - INFO - HTTP Request: POST https://generativelanguage.googleapis.com/v1beta/models/gemini-2.5-pro:generateContent "HTTP/1.1 200 OK"
2026-09-01 11:53:36,039 - INFO - HTTP Request: POST https://generativelanguage.googleapis.com/v1beta/models/gemini-2.5-pro:generateContent "HTTP/1.1 200 OK"
2026-09-01 11:53:36,546 - INFO - HTTP Request: POST https://generativelanguage.googleapis.com/v1beta/models/gemini-2.5-pro:generateContent "HTTP/1.1 200 OK"
2026-09-01 11:53:38,195 - INFO - HTTP Request: POST https://generativelanguage.googleapis.com/v1beta/models/gemini-2.5-pro:generateContent "HTTP/1.1 200 OK"
2026-09-01 11:53:49,246 - INFO - HTTP Request: POST https://generativelanguage.googleapis.com/v1beta/models/gemini-2.5-pro:generateContent "HTTP/1.1 200 OK"
2026-09-01 11:53:49,257 - INFO - [SA] Waiting 10.0s before next Agent 1 window…
2026-09-01 11:53:59,261 - INFO - [SA] Agent 1 window 150-159 (10 batches)
2026-09-01 11:53:59,350 - INFO - AFC is enabled with max remote calls: 10.
2026-09-01 11:53:59,354 - INFO - AFC is enabled with max remote calls: 10.
2026-09-01 11:53:59,355 - INFO - AFC is enabled with max remote calls: 10.
2026-09-01 11:53:59,356 - INFO - AFC is enabled with max remote calls: 10.
2026-09-01 11:53:59,357 - INFO - AFC is enabled with max remote calls: 10.
2026-09-01 11:53:59,358 - INFO - AFC is enabled with max remote calls: 10.
2026-09-01 11:53:59,358 - INFO - AFC is enabled with max remote calls: 10.
2026-09-01 11:53:59,360 - INFO - AFC is enabled with max remote calls: 10.
2026-09-01 11:53:59,361 - INFO - AFC is enabled with max remote calls: 10.
2026-09-01 11:53:59,362 - INFO - AFC is enabled with max remote calls: 10.
2026-09-01 11:54:14,255 - INFO - HTTP Request: POST https://generativelanguage.googleapis.com/v1beta/models/gemini-2.5-pro:generateContent "HTTP/1.1 200 OK"
2026-09-01 11:54:14,756 - INFO - HTTP Request: POST https://generativelanguage.googleapis.com/v1beta/models/gemini-2.5-pro:generateContent "HTTP/1.1 200 OK"
2026-09-01 11:54:15,813 - INFO - HTTP Request: POST https://generativelanguage.googleapis.com/v1beta/models/gemini-2.5-pro:generateContent "HTTP/1.1 200 OK"
2026-09-01 11:54:16,020 - INFO - HTTP Request: POST https://generativelanguage.googleapis.com/v1beta/models/gemini-2.5-pro:generateContent "HTTP/1.1 200 OK"
2026-09-01 11:54:18,121 - INFO - HTTP Request: POST https://generativelanguage.googleapis.com/v1beta/models/gemini-2.5-pro:generateContent "HTTP/1.1 200 OK"
2026-09-01 11:54:19,583 - INFO - HTTP Request: POST https://generativelanguage.googleapis.com/v1beta/models/gemini-2.5-pro:generateContent "HTTP/1.1 200 OK"
2026-09-01 11:54:22,239 - INFO - HTTP Request: POST https://generativelanguage.googleapis.com/v1beta/models/gemini-2.5-pro:generateContent "HTTP/1.1 200 OK"
2026-09-01 11:54:26,062 - INFO - HTTP Request: POST https://generativelanguage.googleapis.com/v1beta/models/gemini-2.5-pro:generateContent "HTTP/1.1 200 OK"
2026-09-01 11:54:26,441 - INFO - HTTP Request: POST https://generativelanguage.googleapis.com/v1beta/models/gemini-2.5-pro:generateContent "HTTP/1.1 200 OK"
2026-09-01 11:54:36,258 - INFO - HTTP Request: POST https://generativelanguage.googleapis.com/v1beta/models/gemini-2.5-pro:generateContent "HTTP/1.1 200 OK"
2026-09-01 11:54:36,281 - INFO - [SA] Waiting 10.0s before next Agent 1 window…
2026-09-01 11:54:46,285 - INFO - [SA] Agent 1 window 160-169 (10 batches)
2026-09-01 11:54:46,365 - INFO - AFC is enabled with max remote calls: 10.
2026-09-01 11:54:46,371 - INFO - AFC is enabled with max remote calls: 10.
2026-09-01 11:54:46,373 - INFO - AFC is enabled with max remote calls: 10.
2026-09-01 11:54:46,375 - INFO - AFC is enabled with max remote calls: 10.
2026-09-01 11:54:46,377 - INFO - AFC is enabled with max remote calls: 10.
2026-09-01 11:54:46,379 - INFO - AFC is enabled with max remote calls: 10.
2026-09-01 11:54:46,381 - INFO - AFC is enabled with max remote calls: 10.
2026-09-01 11:54:46,382 - INFO - AFC is enabled with max remote calls: 10.
2026-09-01 11:54:46,384 - INFO - AFC is enabled with max remote calls: 10.
2026-09-01 11:54:46,387 - INFO - AFC is enabled with max remote calls: 10.
2026-09-01 11:55:01,273 - INFO - HTTP Request: POST https://generativelanguage.googleapis.com/v1beta/models/gemini-2.5-pro:generateContent "HTTP/1.1 200 OK"
2026-09-01 11:55:08,694 - INFO - HTTP Request: POST https://generativelanguage.googleapis.com/v1beta/models/gemini-2.5-pro:generateContent "HTTP/1.1 200 OK"
2026-09-01 11:55:12,910 - INFO - HTTP Request: POST https://generativelanguage.googleapis.com/v1beta/models/gemini-2.5-pro:generateContent "HTTP/1.1 200 OK"
2026-09-01 11:55:16,112 - INFO - HTTP Request: POST https://generativelanguage.googleapis.com/v1beta/models/gemini-2.5-pro:generateContent "HTTP/1.1 200 OK"
2026-09-01 11:55:16,933 - INFO - HTTP Request: POST https://generativelanguage.googleapis.com/v1beta/models/gemini-2.5-pro:generateContent "HTTP/1.1 200 OK"
2026-09-01 11:55:17,409 - INFO - HTTP Request: POST https://generativelanguage.googleapis.com/v1beta/models/gemini-2.5-pro:generateContent "HTTP/1.1 200 OK"
2026-09-01 11:55:20,029 - INFO - HTTP Request: POST https://generativelanguage.googleapis.com/v1beta/models/gemini-2.5-pro:generateContent "HTTP/1.1 200 OK"
2026-09-01 11:55:25,587 - INFO - HTTP Request: POST https://generativelanguage.googleapis.com/v1beta/models/gemini-2.5-pro:generateContent "HTTP/1.1 200 OK"
2026-09-01 11:55:25,594 - INFO - HTTP Request: POST https://generativelanguage.googleapis.com/v1beta/models/gemini-2.5-pro:generateContent "HTTP/1.1 200 OK"
2026-09-01 11:55:25,600 - INFO - HTTP Request: POST https://generativelanguage.googleapis.com/v1beta/models/gemini-2.5-pro:generateContent "HTTP/1.1 200 OK"
2026-09-01 11:55:25,606 - INFO - [SA] Waiting 10.0s before next Agent 1 window…
2026-09-01 11:55:35,610 - INFO - [SA] Agent 1 window 170-179 (10 batches)
2026-09-01 11:55:35,692 - INFO - AFC is enabled with max remote calls: 10.
2026-09-01 11:55:35,698 - INFO - AFC is enabled with max remote calls: 10.
2026-09-01 11:55:35,701 - INFO - AFC is enabled with max remote calls: 10.
2026-09-01 11:55:35,703 - INFO - AFC is enabled with max remote calls: 10.
2026-09-01 11:55:35,705 - INFO - AFC is enabled with max remote calls: 10.
2026-09-01 11:55:35,708 - INFO - AFC is enabled with max remote calls: 10.
2026-09-01 11:55:35,710 - INFO - AFC is enabled with max remote calls: 10.
2026-09-01 11:55:35,712 - INFO - AFC is enabled with max remote calls: 10.
2026-09-01 11:55:35,713 - INFO - AFC is enabled with max remote calls: 10.
2026-09-01 11:55:35,715 - INFO - AFC is enabled with max remote calls: 10.
2026-09-01 11:55:52,280 - INFO - HTTP Request: POST https://generativelanguage.googleapis.com/v1beta/models/gemini-2.5-pro:generateContent "HTTP/1.1 200 OK"
2026-09-01 11:55:52,857 - INFO - HTTP Request: POST https://generativelanguage.googleapis.com/v1beta/models/gemini-2.5-pro:generateContent "HTTP/1.1 200 OK"
2026-09-01 11:55:52,962 - INFO - HTTP Request: POST https://generativelanguage.googleapis.com/v1beta/models/gemini-2.5-pro:generateContent "HTTP/1.1 200 OK"
2026-09-01 11:55:55,799 - INFO - HTTP Request: POST https://generativelanguage.googleapis.com/v1beta/models/gemini-2.5-pro:generateContent "HTTP/1.1 200 OK"
2026-09-01 11:55:57,339 - INFO - HTTP Request: POST https://generativelanguage.googleapis.com/v1beta/models/gemini-2.5-pro:generateContent "HTTP/1.1 200 OK"
2026-09-01 11:55:58,264 - INFO - HTTP Request: POST https://generativelanguage.googleapis.com/v1beta/models/gemini-2.5-pro:generateContent "HTTP/1.1 200 OK"
2026-09-01 11:55:59,474 - INFO - HTTP Request: POST https://generativelanguage.googleapis.com/v1beta/models/gemini-2.5-pro:generateContent "HTTP/1.1 200 OK"
2026-09-01 11:56:02,986 - INFO - HTTP Request: POST https://generativelanguage.googleapis.com/v1beta/models/gemini-2.5-pro:generateContent "HTTP/1.1 200 OK"
2026-09-01 11:56:08,410 - INFO - HTTP Request: POST https://generativelanguage.googleapis.com/v1beta/models/gemini-2.5-pro:generateContent "HTTP/1.1 200 OK"
2026-09-01 11:56:08,541 - INFO - HTTP Request: POST https://generativelanguage.googleapis.com/v1beta/models/gemini-2.5-pro:generateContent "HTTP/1.1 200 OK"
2026-09-01 11:56:08,575 - INFO - [SA] Waiting 10.0s before next Agent 1 window…
2026-09-01 11:56:18,581 - INFO - [SA] Agent 1 window 180-189 (10 batches)
2026-09-01 11:56:18,666 - INFO - AFC is enabled with max remote calls: 10.
2026-09-01 11:56:18,672 - INFO - AFC is enabled with max remote calls: 10.
2026-09-01 11:56:18,674 - INFO - AFC is enabled with max remote calls: 10.
2026-09-01 11:56:18,676 - INFO - AFC is enabled with max remote calls: 10.
2026-09-01 11:56:18,678 - INFO - AFC is enabled with max remote calls: 10.
2026-09-01 11:56:18,679 - INFO - AFC is enabled with max remote calls: 10.
2026-09-01 11:56:18,680 - INFO - AFC is enabled with max remote calls: 10.
2026-09-01 11:56:18,682 - INFO - AFC is enabled with max remote calls: 10.
2026-09-01 11:56:18,684 - INFO - AFC is enabled with max remote calls: 10.
2026-09-01 11:56:18,685 - INFO - AFC is enabled with max remote calls: 10.
2026-09-01 11:56:31,151 - INFO - HTTP Request: POST https://generativelanguage.googleapis.com/v1beta/models/gemini-2.5-pro:generateContent "HTTP/1.1 200 OK"
2026-09-01 11:56:35,131 - INFO - HTTP Request: POST https://generativelanguage.googleapis.com/v1beta/models/gemini-2.5-pro:generateContent "HTTP/1.1 200 OK"
2026-09-01 11:56:36,982 - INFO - HTTP Request: POST https://generativelanguage.googleapis.com/v1beta/models/gemini-2.5-pro:generateContent "HTTP/1.1 200 OK"
2026-09-01 11:56:37,152 - INFO - HTTP Request: POST https://generativelanguage.googleapis.com/v1beta/models/gemini-2.5-pro:generateContent "HTTP/1.1 200 OK"
2026-09-01 11:56:48,804 - INFO - HTTP Request: POST https://generativelanguage.googleapis.com/v1beta/models/gemini-2.5-pro:generateContent "HTTP/1.1 200 OK"
2026-09-01 11:56:49,027 - INFO - HTTP Request: POST https://generativelanguage.googleapis.com/v1beta/models/gemini-2.5-pro:generateContent "HTTP/1.1 200 OK"
2026-09-01 11:56:50,005 - INFO - HTTP Request: POST https://generativelanguage.googleapis.com/v1beta/models/gemini-2.5-pro:generateContent "HTTP/1.1 200 OK"
2026-09-01 11:56:50,007 - INFO - HTTP Request: POST https://generativelanguage.googleapis.com/v1beta/models/gemini-2.5-pro:generateContent "HTTP/1.1 200 OK"
2026-09-01 11:56:50,010 - INFO - HTTP Request: POST https://generativelanguage.googleapis.com/v1beta/models/gemini-2.5-pro:generateContent "HTTP/1.1 200 OK"
2026-09-01 11:56:50,011 - INFO - HTTP Request: POST https://generativelanguage.googleapis.com/v1beta/models/gemini-2.5-pro:generateContent "HTTP/1.1 200 OK"
2026-09-01 11:56:50,016 - INFO - [SA] Waiting 10.0s before next Agent 1 window…
2026-09-01 11:57:00,019 - INFO - [SA] Agent 1 window 190-199 (10 batches)
2026-09-01 11:57:00,100 - INFO - AFC is enabled with max remote calls: 10.
2026-09-01 11:57:00,103 - INFO - AFC is enabled with max remote calls: 10.
2026-09-01 11:57:00,105 - INFO - AFC is enabled with max remote calls: 10.
2026-09-01 11:57:00,107 - INFO - AFC is enabled with max remote calls: 10.
2026-09-01 11:57:00,109 - INFO - AFC is enabled with max remote calls: 10.
2026-09-01 11:57:00,110 - INFO - AFC is enabled with max remote calls: 10.
2026-09-01 11:57:00,112 - INFO - AFC is enabled with max remote calls: 10.
2026-09-01 11:57:00,114 - INFO - AFC is enabled with max remote calls: 10.
2026-09-01 11:57:00,116 - INFO - AFC is enabled with max remote calls: 10.
2026-09-01 11:57:00,117 - INFO - AFC is enabled with max remote calls: 10.
2026-09-01 11:57:21,412 - INFO - HTTP Request: POST https://generativelanguage.googleapis.com/v1beta/models/gemini-2.5-pro:generateContent "HTTP/1.1 200 OK"
2026-09-01 11:57:26,738 - INFO - HTTP Request: POST https://generativelanguage.googleapis.com/v1beta/models/gemini-2.5-pro:generateContent "HTTP/1.1 200 OK"
2026-09-01 11:57:27,250 - INFO - HTTP Request: POST https://generativelanguage.googleapis.com/v1beta/models/gemini-2.5-pro:generateContent "HTTP/1.1 200 OK"
2026-09-01 11:57:27,467 - INFO - HTTP Request: POST https://generativelanguage.googleapis.com/v1beta/models/gemini-2.5-pro:generateContent "HTTP/1.1 200 OK"
2026-09-01 11:57:30,979 - INFO - HTTP Request: POST https://generativelanguage.googleapis.com/v1beta/models/gemini-2.5-pro:generateContent "HTTP/1.1 200 OK"
2026-09-01 11:57:32,774 - INFO - HTTP Request: POST https://generativelanguage.googleapis.com/v1beta/models/gemini-2.5-pro:generateContent "HTTP/1.1 200 OK"
2026-09-01 11:57:34,042 - INFO - HTTP Request: POST https://generativelanguage.googleapis.com/v1beta/models/gemini-2.5-pro:generateContent "HTTP/1.1 200 OK"
2026-09-01 11:57:41,387 - INFO - HTTP Request: POST https://generativelanguage.googleapis.com/v1beta/models/gemini-2.5-pro:generateContent "HTTP/1.1 200 OK"
2026-09-01 11:57:43,130 - INFO - HTTP Request: POST https://generativelanguage.googleapis.com/v1beta/models/gemini-2.5-pro:generateContent "HTTP/1.1 200 OK"
2026-09-01 11:57:46,597 - INFO - HTTP Request: POST https://generativelanguage.googleapis.com/v1beta/models/gemini-2.5-pro:generateContent "HTTP/1.1 200 OK"
2026-09-01 11:57:46,612 - INFO - [SA] Waiting 10.0s before next Agent 1 window…
2026-09-01 11:57:56,615 - INFO - [SA] Agent 1 window 200-209 (10 batches)
2026-09-01 11:57:56,665 - INFO - AFC is enabled with max remote calls: 10.
2026-09-01 11:57:56,670 - INFO - AFC is enabled with max remote calls: 10.
2026-09-01 11:57:56,672 - INFO - AFC is enabled with max remote calls: 10.
2026-09-01 11:57:56,676 - INFO - AFC is enabled with max remote calls: 10.
2026-09-01 11:57:56,677 - INFO - AFC is enabled with max remote calls: 10.
2026-09-01 11:57:56,679 - INFO - AFC is enabled with max remote calls: 10.
2026-09-01 11:57:56,681 - INFO - AFC is enabled with max remote calls: 10.
2026-09-01 11:57:56,683 - INFO - AFC is enabled with max remote calls: 10.
2026-09-01 11:57:56,686 - INFO - AFC is enabled with max remote calls: 10.
2026-09-01 11:57:56,687 - INFO - AFC is enabled with max remote calls: 10.
2026-09-01 11:58:15,659 - INFO - HTTP Request: POST https://generativelanguage.googleapis.com/v1beta/models/gemini-2.5-pro:generateContent "HTTP/1.1 200 OK"
2026-09-01 11:58:15,669 - INFO - HTTP Request: POST https://generativelanguage.googleapis.com/v1beta/models/gemini-2.5-pro:generateContent "HTTP/1.1 200 OK"
2026-09-01 11:58:15,693 - INFO - HTTP Request: POST https://generativelanguage.googleapis.com/v1beta/models/gemini-2.5-pro:generateContent "HTTP/1.1 200 OK"
2026-09-01 11:58:16,319 - INFO - HTTP Request: POST https://generativelanguage.googleapis.com/v1beta/models/gemini-2.5-pro:generateContent "HTTP/1.1 200 OK"
2026-09-01 11:58:18,569 - INFO - HTTP Request: POST https://generativelanguage.googleapis.com/v1beta/models/gemini-2.5-pro:generateContent "HTTP/1.1 200 OK"
2026-09-01 11:58:20,175 - INFO - HTTP Request: POST https://generativelanguage.googleapis.com/v1beta/models/gemini-2.5-pro:generateContent "HTTP/1.1 200 OK"
2026-09-01 11:58:24,216 - INFO - HTTP Request: POST https://generativelanguage.googleapis.com/v1beta/models/gemini-2.5-pro:generateContent "HTTP/1.1 200 OK"
2026-09-01 11:58:24,968 - INFO - HTTP Request: POST https://generativelanguage.googleapis.com/v1beta/models/gemini-2.5-pro:generateContent "HTTP/1.1 200 OK"
2026-09-01 11:58:27,578 - INFO - HTTP Request: POST https://generativelanguage.googleapis.com/v1beta/models/gemini-2.5-pro:generateContent "HTTP/1.1 200 OK"
2026-09-01 11:58:29,462 - INFO - HTTP Request: POST https://generativelanguage.googleapis.com/v1beta/models/gemini-2.5-pro:generateContent "HTTP/1.1 200 OK"
2026-09-01 11:58:29,473 - INFO - [SA] Waiting 10.0s before next Agent 1 window…
2026-09-01 11:58:39,478 - INFO - [SA] Agent 1 window 210-219 (10 batches)
2026-09-01 11:58:39,558 - INFO - AFC is enabled with max remote calls: 10.
2026-09-01 11:58:39,566 - INFO - AFC is enabled with max remote calls: 10.
2026-09-01 11:58:39,567 - INFO - AFC is enabled with max remote calls: 10.
2026-09-01 11:58:39,569 - INFO - AFC is enabled with max remote calls: 10.
2026-09-01 11:58:39,570 - INFO - AFC is enabled with max remote calls: 10.
2026-09-01 11:58:39,572 - INFO - AFC is enabled with max remote calls: 10.
2026-09-01 11:58:39,573 - INFO - AFC is enabled with max remote calls: 10.
2026-09-01 11:58:39,575 - INFO - AFC is enabled with max remote calls: 10.
2026-09-01 11:58:39,578 - INFO - AFC is enabled with max remote calls: 10.
2026-09-01 11:58:39,580 - INFO - AFC is enabled with max remote calls: 10.
2026-09-01 11:58:51,735 - INFO - HTTP Request: POST https://generativelanguage.googleapis.com/v1beta/models/gemini-2.5-pro:generateContent "HTTP/1.1 200 OK"
2026-09-01 11:58:54,094 - INFO - HTTP Request: POST https://generativelanguage.googleapis.com/v1beta/models/gemini-2.5-pro:generateContent "HTTP/1.1 200 OK"
2026-09-01 11:59:00,708 - INFO - HTTP Request: POST https://generativelanguage.googleapis.com/v1beta/models/gemini-2.5-pro:generateContent "HTTP/1.1 200 OK"
2026-09-01 11:59:01,589 - INFO - HTTP Request: POST https://generativelanguage.googleapis.com/v1beta/models/gemini-2.5-pro:generateContent "HTTP/1.1 200 OK"
2026-09-01 11:59:05,055 - INFO - HTTP Request: POST https://generativelanguage.googleapis.com/v1beta/models/gemini-2.5-pro:generateContent "HTTP/1.1 200 OK"
2026-09-01 11:59:09,499 - INFO - HTTP Request: POST https://generativelanguage.googleapis.com/v1beta/models/gemini-2.5-pro:generateContent "HTTP/1.1 200 OK"
2026-09-01 11:59:10,473 - INFO - HTTP Request: POST https://generativelanguage.googleapis.com/v1beta/models/gemini-2.5-pro:generateContent "HTTP/1.1 200 OK"
2026-09-01 11:59:12,940 - INFO - HTTP Request: POST https://generativelanguage.googleapis.com/v1beta/models/gemini-2.5-pro:generateContent "HTTP/1.1 200 OK"
2026-09-01 11:59:13,683 - INFO - HTTP Request: POST https://generativelanguage.googleapis.com/v1beta/models/gemini-2.5-pro:generateContent "HTTP/1.1 200 OK"
2026-09-01 11:59:15,436 - INFO - HTTP Request: POST https://generativelanguage.googleapis.com/v1beta/models/gemini-2.5-pro:generateContent "HTTP/1.1 200 OK"
2026-09-01 11:59:15,446 - INFO - [SA] Waiting 10.0s before next Agent 1 window…
2026-09-01 11:59:25,450 - INFO - [SA] Agent 1 window 220-229 (10 batches)
2026-09-01 11:59:25,522 - INFO - AFC is enabled with max remote calls: 10.
2026-09-01 11:59:25,525 - INFO - AFC is enabled with max remote calls: 10.
2026-09-01 11:59:25,527 - INFO - AFC is enabled with max remote calls: 10.
2026-09-01 11:59:25,529 - INFO - AFC is enabled with max remote calls: 10.
2026-09-01 11:59:25,531 - INFO - AFC is enabled with max remote calls: 10.
2026-09-01 11:59:25,532 - INFO - AFC is enabled with max remote calls: 10.
2026-09-01 11:59:25,534 - INFO - AFC is enabled with max remote calls: 10.
2026-09-01 11:59:25,536 - INFO - AFC is enabled with max remote calls: 10.
2026-09-01 11:59:25,538 - INFO - AFC is enabled with max remote calls: 10.
2026-09-01 11:59:25,540 - INFO - AFC is enabled with max remote calls: 10.
2026-09-01 11:59:38,360 - INFO - HTTP Request: POST https://generativelanguage.googleapis.com/v1beta/models/gemini-2.5-pro:generateContent "HTTP/1.1 200 OK"
2026-09-01 11:59:40,601 - INFO - HTTP Request: POST https://generativelanguage.googleapis.com/v1beta/models/gemini-2.5-pro:generateContent "HTTP/1.1 200 OK"
2026-09-01 11:59:40,684 - INFO - HTTP Request: POST https://generativelanguage.googleapis.com/v1beta/models/gemini-2.5-pro:generateContent "HTTP/1.1 200 OK"
2026-09-01 11:59:43,104 - INFO - HTTP Request: POST https://generativelanguage.googleapis.com/v1beta/models/gemini-2.5-pro:generateContent "HTTP/1.1 200 OK"
2026-09-01 11:59:44,071 - INFO - HTTP Request: POST https://generativelanguage.googleapis.com/v1beta/models/gemini-2.5-pro:generateContent "HTTP/1.1 200 OK"
2026-09-01 11:59:44,434 - INFO - HTTP Request: POST https://generativelanguage.googleapis.com/v1beta/models/gemini-2.5-pro:generateContent "HTTP/1.1 200 OK"
2026-09-01 11:59:55,563 - INFO - HTTP Request: POST https://generativelanguage.googleapis.com/v1beta/models/gemini-2.5-pro:generateContent "HTTP/1.1 200 OK"
2026-09-01 11:59:58,701 - INFO - HTTP Request: POST https://generativelanguage.googleapis.com/v1beta/models/gemini-2.5-pro:generateContent "HTTP/1.1 200 OK"
2026-09-01 12:00:00,587 - INFO - HTTP Request: POST https://generativelanguage.googleapis.com/v1beta/models/gemini-2.5-pro:generateContent "HTTP/1.1 200 OK"
2026-09-01 12:00:09,865 - INFO - HTTP Request: POST https://generativelanguage.googleapis.com/v1beta/models/gemini-2.5-pro:generateContent "HTTP/1.1 200 OK"
2026-09-01 12:00:09,889 - INFO - [SA] Waiting 10.0s before next Agent 1 window…
2026-09-01 12:00:19,892 - INFO - [SA] Agent 1 window 230-239 (10 batches)
2026-09-01 12:00:19,944 - INFO - AFC is enabled with max remote calls: 10.
2026-09-01 12:00:19,947 - INFO - AFC is enabled with max remote calls: 10.
2026-09-01 12:00:19,950 - INFO - AFC is enabled with max remote calls: 10.
2026-09-01 12:00:19,951 - INFO - AFC is enabled with max remote calls: 10.
2026-09-01 12:00:19,953 - INFO - AFC is enabled with max remote calls: 10.
2026-09-01 12:00:19,954 - INFO - AFC is enabled with max remote calls: 10.
2026-09-01 12:00:19,956 - INFO - AFC is enabled with max remote calls: 10.
2026-09-01 12:00:19,958 - INFO - AFC is enabled with max remote calls: 10.
2026-09-01 12:00:19,960 - INFO - AFC is enabled with max remote calls: 10.
2026-09-01 12:00:19,962 - INFO - AFC is enabled with max remote calls: 10.
2026-09-01 12:00:36,590 - INFO - HTTP Request: POST https://generativelanguage.googleapis.com/v1beta/models/gemini-2.5-pro:generateContent "HTTP/1.1 200 OK"
2026-09-01 12:00:39,224 - INFO - HTTP Request: POST https://generativelanguage.googleapis.com/v1beta/models/gemini-2.5-pro:generateContent "HTTP/1.1 200 OK"
2026-09-01 12:00:39,889 - INFO - HTTP Request: POST https://generativelanguage.googleapis.com/v1beta/models/gemini-2.5-pro:generateContent "HTTP/1.1 200 OK"
2026-09-01 12:00:40,249 - INFO - HTTP Request: POST https://generativelanguage.googleapis.com/v1beta/models/gemini-2.5-pro:generateContent "HTTP/1.1 200 OK"
2026-09-01 12:00:42,094 - INFO - HTTP Request: POST https://generativelanguage.googleapis.com/v1beta/models/gemini-2.5-pro:generateContent "HTTP/1.1 200 OK"
2026-09-01 12:00:42,273 - INFO - HTTP Request: POST https://generativelanguage.googleapis.com/v1beta/models/gemini-2.5-pro:generateContent "HTTP/1.1 200 OK"
2026-09-01 12:00:50,185 - INFO - HTTP Request: POST https://generativelanguage.googleapis.com/v1beta/models/gemini-2.5-pro:generateContent "HTTP/1.1 200 OK"
2026-09-01 12:00:50,614 - INFO - HTTP Request: POST https://generativelanguage.googleapis.com/v1beta/models/gemini-2.5-pro:generateContent "HTTP/1.1 200 OK"
2026-09-01 12:00:52,176 - INFO - HTTP Request: POST https://generativelanguage.googleapis.com/v1beta/models/gemini-2.5-pro:generateContent "HTTP/1.1 200 OK"
2026-09-01 12:00:55,568 - INFO - HTTP Request: POST https://generativelanguage.googleapis.com/v1beta/models/gemini-2.5-pro:generateContent "HTTP/1.1 200 OK"
2026-09-01 12:00:55,573 - INFO - [SA] Waiting 10.0s before next Agent 1 window…
2026-09-01 12:01:05,577 - INFO - [SA] Agent 1 window 240-249 (10 batches)
2026-09-01 12:01:05,641 - INFO - AFC is enabled with max remote calls: 10.
2026-09-01 12:01:05,645 - INFO - AFC is enabled with max remote calls: 10.
2026-09-01 12:01:05,648 - INFO - AFC is enabled with max remote calls: 10.
2026-09-01 12:01:05,650 - INFO - AFC is enabled with max remote calls: 10.
2026-09-01 12:01:05,651 - INFO - AFC is enabled with max remote calls: 10.
2026-09-01 12:01:05,653 - INFO - AFC is enabled with max remote calls: 10.
2026-09-01 12:01:05,655 - INFO - AFC is enabled with max remote calls: 10.
2026-09-01 12:01:05,657 - INFO - AFC is enabled with max remote calls: 10.
2026-09-01 12:01:05,659 - INFO - AFC is enabled with max remote calls: 10.
2026-09-01 12:01:05,660 - INFO - AFC is enabled with max remote calls: 10.
2026-09-01 12:01:19,003 - INFO - HTTP Request: POST https://generativelanguage.googleapis.com/v1beta/models/gemini-2.5-pro:generateContent "HTTP/1.1 200 OK"
2026-09-01 12:01:20,283 - INFO - HTTP Request: POST https://generativelanguage.googleapis.com/v1beta/models/gemini-2.5-pro:generateContent "HTTP/1.1 200 OK"
2026-09-01 12:01:21,969 - INFO - HTTP Request: POST https://generativelanguage.googleapis.com/v1beta/models/gemini-2.5-pro:generateContent "HTTP/1.1 200 OK"
2026-09-01 12:01:22,994 - INFO - HTTP Request: POST https://generativelanguage.googleapis.com/v1beta/models/gemini-2.5-pro:generateContent "HTTP/1.1 200 OK"
2026-09-01 12:01:23,414 - INFO - HTTP Request: POST https://generativelanguage.googleapis.com/v1beta/models/gemini-2.5-pro:generateContent "HTTP/1.1 200 OK"
2026-09-01 12:01:23,836 - INFO - HTTP Request: POST https://generativelanguage.googleapis.com/v1beta/models/gemini-2.5-pro:generateContent "HTTP/1.1 200 OK"
2026-09-01 12:01:24,050 - INFO - HTTP Request: POST https://generativelanguage.googleapis.com/v1beta/models/gemini-2.5-pro:generateContent "HTTP/1.1 200 OK"
2026-09-01 12:01:24,709 - INFO - HTTP Request: POST https://generativelanguage.googleapis.com/v1beta/models/gemini-2.5-pro:generateContent "HTTP/1.1 200 OK"
2026-09-01 12:01:29,228 - INFO - HTTP Request: POST https://generativelanguage.googleapis.com/v1beta/models/gemini-2.5-pro:generateContent "HTTP/1.1 200 OK"
2026-09-01 12:01:31,165 - INFO - HTTP Request: POST https://generativelanguage.googleapis.com/v1beta/models/gemini-2.5-pro:generateContent "HTTP/1.1 200 OK"
2026-09-01 12:01:31,176 - INFO - [A2][SA][2026-2027-sa-car-hire-city-06__0001] SYSTEM PROMPT (first batch only):
# ROLE & MISSION

You are an **Expert Technical LQA Auditor — Validator (Final Pass)**. Your mission is to review the localized content **together with a draft JSON report of findings** and return a **final, clean JSON report** that:

* **Keeps only valid, objective, rule-based errors**;
* **Corrects categories, severities, and score mappings** where needed;
* **Adds a missed error only when it is *clear, objective, and within scope*** (see *Additions Policy*);
* **Preserves the exact JSON schema** used by the LQA pipeline.

You return the **final report as if you authored it from scratch**. Do **not** comment on previous reviewers/agents, and do **not** include explanatory prose. Your output is the **single JSON object only**.

This prompt is used across multiple languages. A locale-specific instruction pack is auto-injected. **These instructions are your highest authority and override any general rules in this document where they differ.**

You will receive a `Topic Name` for each batch (e.g., a route or travel topic). Use it as context and **do not flag hardcoded city/route mentions as errors when they match the Topic Name** (destination/from cities already specified by the topic are not mistakes).

---

## PROJECT-SPECIFIC EXCLUSIONS (HIGHEST PRIORITY)

Do **not** keep, add, or correct findings about names, cities/place names, car-rental providers, or car models/types merely because they are not localized or remain in another language/alphabet. The agency will handle them. Preserve them exactly in `updated_sentence` and `corrected_content`. Keep only an independent objective error that is not based on localization or script.

---

## THE PRIME DIRECTIVE: OBJECTIVITY OVER PREFERENCE

Your role is to enforce objectivity and consistency:

**✅ KEEP (Objective & Actionable Issues Only)**

* **Grammar:** Agreement, case, tense, government, prepositions **that alter meaning**.
* **Punctuation/Spelling/Typos:** Typos/diacritics; locale punctuation rules (e.g., FR NBSP before `: ; ? !`, DE „…“ quotes).
* **Compliance:** Glossary/brand/register violations that are **explicitly mandated**; mandated units/currency formatting; required conversions.
* **Accuracy:** Internal contradictions, wrong numbers, mistranslation that changes meaning, **wrong currency for location**.
* **Severe Clarity:** Run‑ons/structures that **objectively** hinder comprehension.
* **SEO paragraph segmentation:** A single SEO/editorial body paragraph that packs multiple distinct ideas and is objectively hard to scan — keep/add as **Style** with a split fix. Not for synonym preference.

**❌ DISCARD (Subjective or Out of Scope)**

* "Awkward/natural/flow" without a rule violation.
* Synonyms/paraphrases that keep the same meaning.
* Content improvements beyond the provided text.
* External fact corrections (laws/limits/prices) unless the text **internally contradicts itself** or `lang instructions` requires a specific presentation.

---

## **TERMS / GLOSSARY HANDLING (IMPORTANT)**

* Treat key terms/keywords as **reference**, not rigid commands. **Case‑insensitive** by default; morphology allowed.
* Enforce a term as **Compliance** only when **explicitly mandatory** (or for brands/proper names). Do **not** impose Title Case just because the list shows a capitalized entry.
* **Do not rename brands.** If uncertain, adjust only casing/spacing or remove the finding.


---

## LANGUAGE‑AGNOSTIC CATEGORIZATION RULES

1. **No external fact‑checking**

   * Do **not** verify laws, limits, or prices with outside knowledge. Use **Accuracy** only for **internal contradictions**, **mistranslations**, or **objective numeric/format errors** visible in the text.
   * Missing metric↔imperial conversion or required primary unit for the locale → **Compliance**.

2. **Brand / Proper‑noun rules are Compliance**

   * Misspelling, wrong casing, spacing of official names → **Compliance** (not Punctuation).
   * Examples: *star car → starcar* (DE), *yalla → Yalla* (pt‑BR), *Rental plus → Rental Plus* (NL).

3. **Currency: what vs how**

   * **What** currency is used for the location (e.g., £ in California) → **Accuracy** (Major).
   * **How** it is formatted/spaced/symbol order → **Compliance** per locale.

4. **Headings & typography**

   * Punctuation in headings (e.g., stray period) → **Punctuation/Spelling/Typos**.
   * Locale‑specific quotes/spaces/diacritics → **Punctuation/Spelling/Typos**.
   * Do **not** force Title Case unless `lang instructions` explicitly mandates it.

5. **Clarity vs preference**

   * Use **Style** only for **objective readability breakdowns** (run‑ons, tangled structure, ambiguous segmentation, or SEO body paragraphs that objectively pack multiple distinct ideas and must be split). Do **not** use Style for “sounds nicer”.

---

## **ADDITIONS POLICY (WHEN MAY YOU ADD A NEW ERROR?)**
Your default is to **validate and prune**. Add a new finding **only if ALL** are true:

1. The error is **clear, objective, and high‑confidence**;
2. It is **within scope** of allowed categories and `SA_instructions`;
3. It has **material impact** (Minor/Major/Critical as per ladder) and is not preferential;
4. The **updated\_sentence** applies a **minimal fix** (no creative rewrite or new facts);
5. **No brand renames**: you **may not** invent or substitute a brand name. Only correct brand spelling if it’s in the glossary/terms or is an obvious simple typo of a known brand. Otherwise, restrict to casing/spacing or omit.

If any condition is doubtful, **do not add**. Prefer under‑addition to over‑flagging.


---

## DE‑DUPLICATION & MINIMAL FIX

* **De‑duplication:** If the same **rule** is violated repeatedly in a contiguous pattern, keep **one representative instance**. In `issue`, note: *“Pattern repeats in similar sentences.”*
* **Minimal change principle:** `updated_sentence` must apply **only** the fix needed for the error. Do not rephrase unrelated parts, change mood/voice/wording, or introduce new content.

---

## SCOPE OF QA (ERROR CATEGORIES)

Use one of the following exact labels for `type_of_issue`.

1. **AI-issues**

   * **Hallucination:** Fabricated content presented as fact **within the text**.
   * **Bias / Cultural Sensitivity:** Offensive, biased, or culturally insensitive content.

2. **Style**

   * **Definition:** Clarity/readability issues that **objectively** hinder comprehension (run‑ons, tangled structure, ambiguous segmentation).
   * **Do not use for:** Preferred phrasings or cosmetic rewrites.

3. **Accuracy**

   * **Definition:** Semantic fidelity or numeric correctness **within the provided text**.
   * **Use for:** Mistranslation altering meaning; internal contradictions; wrong numbers/arithmetic; **wrong currency for location**.
   * **Do not use for:** External fact‑checking (laws/speed limits/prices not contradicted by the text).

4. **Compliance**

   * **Definition:** Violations of glossary/brand/locale rules or mandated presentation.
   * **Use for:** Brand/proper‑noun casing; unit presentation & required conversions; currency **formatting** rules; register required by `lang instructions`.

5. **Grammar**

   * **Definition:** Morphology/syntax agreement and government errors.
   * **Examples:** Case errors; agreement; required repetition in parallel lists.

6. **Punctuation/Spelling/Typos**

   * **Definition:** Orthography, diacritics, locale punctuation/spacing, stray characters.
   * **Examples:** Double spaces; FR NBSP; heading stray period.

---

## SEVERITY LEVELS & DECISION LADDER

Map severity to points exactly (Minor=1, Major=3, Critical=25):

**Critical (25)** – Safety/legal risk, offensive bias, or fabricated claims **within the text** that could dangerously mislead.

**Major (3)** – Errors that change meaning or materially impair comprehension (mistranslation; missing mandated conversion in a metric locale; wrong currency for location; run‑on that creates ambiguity).

**Minor (1)** – Objective errors not blocking understanding (typos; locale spaces/quotes; heading with stray period; non‑blocking agreement/casing/commas per locale rules).

**Decision Ladder**

1. Policy/safety/offense? → **Critical**.
2. Misleads/changes meaning/blocks understanding? → **Major**.
3. Otherwise objective correctness/formatting breaches → **Minor**.
4. If purely preferential → **Remove**.

---

## Lang‑SPECIFIC RULES

# Arabic (ar-SA) Style Guide for Skyscanner

## Critical requirements
- Use clear Modern Standard Arabic: friendly, respectful, concise, and natural. Helpful > geeky > playful; avoid slang, corporate language, forced jokes, and excessive exclamation marks.
- Keep the register and form of address polite and consistent. Prefer active voice and direct imperative CTAs.
- The global project-specific exclusion in the master prompt takes priority over any name or transliteration guidance.

## Language and typography
- Write right-to-left Arabic using Arabic punctuation where appropriate: comma `،` and question mark `؟`.
- Do not put a space before punctuation; use one space after it. Use straight double quotation marks consistently.
- Use sentence case for any Latin-script text. Avoid repeated punctuation and use at most one exclamation mark.
- Use `DD/MM/YYYY` for numeric dates. In written dates, use the established Arabic month name.
- Use 12-hour times with `صباحًا` or `مساءً` when context requires disambiguation.

## Technical content
- Preserve placeholders, variables, tags, numbers, and product tokens exactly; they may move only when Arabic grammar requires it.
- Keep URLs in lowercase basic Latin characters, with hyphens and no spaces or special characters.
- Do not duplicate the word for airport when it is already part of the official source name.
- Keep Skyscanner recognizable and unaltered.

## Content and compliance
- Use natural SEO language; do not keyword-stuff or rewrite correct text for preference.
- Do not externally fact-check laws, prices, limits, or policies.
- Do not claim Skyscanner provides discounts. Use neutral wording about offers or price reductions.
- Use “best” or other superlatives only when the supplied text includes a clear measurable basis.
- Avoid greenwashing and absolute claims that a flight is green, clean, eco-friendly, or sustainable.



---

## OUTPUT JSON CONTRACT (RETURN THIS OBJECT ONLY)

Return a **single, valid JSON object** using the exact schema below. Do **not** add any explanatory text.

```json
{
  "review_findings": [
    {
      "text": "<The full, original sentence or text snippet containing the error>",
      "issue": "<A concise, one-sentence description of the objective error.>",
      "type_of_issue": "<Must be one of: AI-issues, Style, Accuracy, Compliance, Grammar, Punctuation/Spelling/Typos>",
      "solution": "<A brief, actionable instruction for the fix.>",
      "updated_sentence": "<The full sentence, rewritten with the solution correctly applied. For paragraph splits, include blank lines between paragraphs.>",
      "severity": "<Must be one of: Minor, Major, Critical>",
      "score_deduction": "<Must be 1, 3, or 25, matching the severity>"
    }
  ],
  "corrected_content": "<REQUIRED: the full corrected body text for THIS batch/section after applying all kept fixes. Preserve meaning. Use blank lines between paragraphs when splitting for readability. If no findings, return the original content unchanged.>",
  "overall_feedback": {
    "summary": "<2–3 bullet points on systemic error patterns found in THIS final report>",
    "action_plan": "<2–3 concrete, high-level preventive actions consistent with THIS final report>"
  }
}
```

**`corrected_content` rules**

* Always include `corrected_content` for the **entire section body** you were given (not just one sentence).
* Apply every kept finding’s fix; do not introduce new facts, brands, or creative rewrites.
* When splitting paragraphs, separate them with a blank line (`\\n\\n`).
* If there are no findings, set `corrected_content` to the original `$content` unchanged.

---

## COMMON MISCLASSIFICATIONS TO AVOID (CHECK BEFORE SUBMIT)

* **External fact corrections** (laws, limits, prices) → **Remove** unless contradicted internally. Missing metric conversion → **Compliance**, not **Accuracy**.
* **Brand/proper‑noun casing** → **Compliance**, not **Punctuation**.
* **Currency** → **what** currency for the location = **Accuracy**; **how** it’s formatted = **Compliance**.
* **Generic vertical nouns** (e.g., ES *alquiler de coches*) → keep in **sentence case** unless locale pack mandates Title Case.
* **Headings punctuation** (stray period) → **Punctuation/Spelling/Typos**.
* **“Awkward/natural” only** → **Remove** unless readability is objectively impaired (then **Style**).

---

## FINAL SELF‑CHECK (RUN BEFORE RETURNING JSON)

1. **Did I return exactly one JSON object with the correct schema, including `corrected_content`?**
2. **Did I eliminate preferential or externally fact‑checked items?**
3. **Did I add a new error only if it was *clear, objective, and within scope*?**
4. **Are categories normalized and severities mapped to 1/3/25 correctly?**
5. **Do terms/keywords follow the reference‑not‑mandatory rule (unless explicitly mandated)?**
6. **Are issue/solution concise and minimal, and do updated sentences apply only the fix?**
7. **Does `corrected_content` reflect the full section body with all kept fixes applied?**

Return only the JSON object.

2026-09-01 12:01:31,181 - INFO - [A2][SA][2026-2027-sa-car-hire-city-06__0001] USER PROMPT (first batch only):
Topic Name: كيف تحصل على أفضل سعر لاستئجار سيارة في كيب تاون

Here is the content to review:

يبدأ استئجار سيارة في كيب تاون من ‎41 ﷼ في أرخص العروض المتاحة، بينما يبلغ المتوسط السنوي للأسعار 82 ﷼. تنخفض التكلفة عادةً في شهر أغسطس، وهو الأنسب لمن يرغب في الحصول على سعر أقل. لتحقيق أفضل قيمة، احجز قبل أقل من أسبوع واحد من موعد الاستلام. قارن بين مزودي الخدمة وفئات المركبات قبل تأكيد الحجز، وراجع شروط الاستئجار بعناية لتجنب رسومًا إضافية قد تُطبَّق على التأمين أو الوقود أو تجاوز عدد الكيلومترات المسموح به.

Available key terms:

### Skyscanner Multilingual Glossary ###
- EN: additional driver → ar-SA: سائقون إضافيون | Definition: An extra person authorized to drive a rented vehicle.
- EN: air conditioning → ar-SA: مكيّف هواء | Definition: A system for cooling and dehumidifying the air.
- EN: airline → ar-SA: الخطوط الجوية | Definition: A company that provides air transport services for traveling passengers.
- EN: airline alliance → ar-SA: تحالف شركات الطيران | Definition: A partnership between multiple airlines to provide mutual benefits and seamless travel. | Example: من خلال السفر مع شركات الطيران التي اخترتها وأعضاء تحالف شركات الطيران، يمكنك كسب نقاط المسافر الدائم
- EN: all inclusive → ar-SA: إقامة شاملة جميع الوجبات والمشروبات | Definition: Hotel package that includes accommodation, all meals, snacks, drinks (both alcoholic and non-alcoholic), and often additional amenities and activities
- EN: Altitude Shift → ar-SA: إقبال على المرتفعات | Definition: In 2026, travellers will be heading for higher ground—literally. 
From the Atlas Mountains to the Dolomites and Lake Annecy, alpine destinations and the glacial lakes beneath them will see a surge in interest, not just in winter, but increasingly during the off-peak seasons.
- EN: amenities → ar-SA: وسائل الراحة | Definition: Title of filter section mainly in hotel search | Example: عرض جميع وسائل الراحة التي يوفرها الفندق
- EN: Analogue adventurers → ar-SA: المغامرون التناظريون
- EN: apartment → ar-SA: شقة | Definition: A self-contained housing unit that occupies part of a building.
- EN: App → ar-SA: تطبيق | Definition: An application designed for use on mobile devices.
- EN: Art and culture → ar-SA: الفن والثقافة | Definition: Activities or attractions related to visual arts, music, theater, and heritage.
- EN: ART-venture → ar-SA: مغامرة فنية
- EN: Astro Adventurers → ar-SA: مغامرة في الفضاء
- EN: automatic → ar-SA: أوتوماتيك | Definition: A type of vehicle transmission that shifts gears automatically.
- EN: baggage allowance → ar-SA: الأمتعة المسموح بها | Definition: The amount of luggage a traveler is permitted to carry without incurring additional fees, as defined by the transportation provider
- EN: Beach → ar-SA: شاطئ | Definition: A sandy or pebbly shore by a body of water, often a popular destination for relaxation and recreation.
- EN: Best value destinations → ar-SA: الوجهات ذات القيمة الأفضل
- EN: Black Friday → ar-SA: الجمعة البيضاء | Definition: A major retail event with extensive sales and promotions, often lasting beyond the day after Thanksgiving. | Notes: As Friday holds a special place of importance and sanctity for Muslims and Arabs, Black Friday is commonly referred to as الجمعة البيضاء (White Friday) in Arabic-speaking countries. To respect this significance, marketers and retailers adopted the term White Friday, giving it a more positive and culturally appropriate tone while preserving the spirit of major sales and discounts. | Example: استعد لعروض الجمعة البيضاء
- EN: board type → ar-SA: نوع الإقامة | Definition: This term refers to the meal plan included with a hotel stay. | Example: نرى أن هذه الباقات توفر أفضل مزيج بين السعر ومسار الرحلة وتصنيف الفندق بالنجوم، ونوع الإقامة
- EN: book → ar-SA: احجز | Definition: Verb. To reserve a service, such as a flight. | Notes: أو حجز (حسب السياق) | Example: حجز رحلة طيران
- EN: book → ar-SA: احجز | Definition: Verb. To reserve a service, such as a hotel room. | Notes: أو حجز (حسب السياق) | Example: حجز فندق
- EN: book → ar-SA: احجز | Definition: Verb. To reserve a service, such as a car. | Notes: أو حجز (حسب السياق) | Example: حجز سيارة
- EN: Book-bound → ar-SA: وجهات من وحي الكتب | Definition: Reading is having a global renaissance, with people across generations embracing it as a form of escape and personal restoration. 
In 2026, this growing passion will translate into literary-led travel behaviours—from visiting destinations inspired by beloved books, to planning holidays around reading retreats, or exploring aesthetic bookshops and beautiful libraries. | Notes: Trend name
- EN: booking → ar-SA: حجز | Definition: Noun. A reservation for a service. | Example: حجز رحلات طيران
- EN: booking → ar-SA: حجز | Definition: Noun. A reservation for a service. | Example: حجز فندق
- EN: booking → ar-SA: حجز | Definition: Noun. A reservation for a service. | Example: حجز سيارة
- EN: Bougie on a budget → ar-SA: أفضل الوجهات من حيث القيمة
- EN: Budget bougie foodies → ar-SA: عشاق الطعام بسعر جيد
- EN: Budgeting → ar-SA: في حدود الميزانية
- EN: Business Class → ar-SA: درجة الأعمال | Definition: A class of airline service offering more comfort and amenities than economy class.
- EN: business travellers → ar-SA: المسافرون بغرض العمل | Definition: Individuals traveling for work-related purposes.
- EN: cabin bag → ar-SA: حقيبة مقصورة | Definition: A small piece of luggage carried into the passenger cabin.
- EN: cabin baggage → ar-SA: أمتعة المقصورة | Definition: Same as cabin bag.
- EN: cabin class → ar-SA: درجة المقصورة | Definition: The category of service on an aircraft, such as economy, business, or first class. | Example: اختر عدد المسافرين ودرجة المقصورة
- EN: cancellation policy → ar-SA: سياسة الإلغاء | Definition: The terms and conditions under which a booking can be canceled.
- EN: car hire → ar-SA: تأجير السيارات | Definition: The act of renting a vehicle. | Notes: ابحث عن أفضل عروض تأجير السيارات حول العالم وقارن بينها
- EN: Car hire → ar-SA: تأجير السيارات | Definition: Rental of an automobile for a specified period | Notes: ابحث عن أفضل عروض تأجير السيارات حول العالم وقارن بينها
- EN: car hire company → ar-SA: شركة تأجير السيارات | Definition: A business that provides rental vehicles. | Notes: ما هي أرخص شركة تأجير سيارات في {car_hire_origin_city}؟
- EN: car hire deal → ar-SA: عرض على تأجير السيارات | Definition: Discounted or special offer on car rental services.
- EN: carbon footprint → ar-SA: البصمة الكربونية | Definition: A carbon footprint refers to the total amount of CO2 emissions released into the atmosphere as a result of the activities of an business, individual or event.
- EN: Catching Flights ​& Feelings → ar-SA: سافر وتواصل | Definition: As dating app usage shifts and the rise of 'catch-up friends' dynamic deepens, travellers in 2026 are looking to use their holidays not just for escape, but for real-world connection. Whether it’s sparking a romance abroad, making new friends on the road, or finally meeting someone foreign from an app in person in another country, travel is becoming the ultimate IRL icebreaker.
This trend sees solo travel, intentional connection-seeking, and emotional openness come together—less swipe, more spark.
- EN: Celebration vacationers → ar-SA: السفر للاحتفال
- EN: charge → ar-SA: فرض <الرسوم> | Definition: Verb. To add fee for a service or product. | Notes: يمكن استخدام "تحصيل" في حال لم يسمح السياق باستخدام "فرض" | Example: لا نفرض أي رسوم على الحجز.
- EN: charge → ar-SA: فرض الرسوم | Definition: Noun. Fee for a service or product | Notes: يمكن استخدام "تحصيل" في حال لم يسمح السياق باستخدام "فرض" | Example: يرجى ملاحظة أن شركات التأجير قد تفرض رسومًا أو قيودًا إضافية.
- EN: Cheapest month → ar-SA: أرخص شهر | Definition: The cheapest month features in ‘Flexible Dates’ tab highlights the cheapest month to travel, as well as the lowest price per month to travel to the destination.
- EN: check in → ar-SA: تسجيل | Definition: Verb - The process of registering for a flight. | Notes: عملية التسجيل لرحلة الطيران | Example: قم بالتسجيل قبل  {check_in_time}
- EN: check in → ar-SA: تسجيل الوصول | Definition: Verb - The process of registering for a hotel stay. | Notes: عملية تسجيل الوصول إلى الفندق | Example: قم بتسجيل الوصول قبل  {check_in_time}
- EN: check out → ar-SA: تسجيل المغادرة | Definition: Verb - The process of completing a stay at a hotel. | Notes: عملية تسجيل المغادرة من الفندق | Example: في {hotel_name}، يمكنك تسجيل الوصول بدءًا من الساعة {check_in_time} وعليك تسجيل المغادرة قبل الساعة {check_out_time}.
- EN: check-in → ar-SA: التسجيل | Definition: Noun - The process of registering for a flight. | Notes: التسجيل للطائرة | Example: غالبًا ما يتم إغلاق إجراءات التسجيل وتسليم الأمتعة قبل ساعة من موعد المغادرة المقرر للرحلات الداخلية
- EN: check-in → ar-SA: تسجيل الوصول | Definition: Noun - The process of completing a stay at a hotel. | Notes: تسجيل الوصول إلى الفندق | Example: اختر تاريخ تسجيل الوصول
- EN: check-out → ar-SA: المغادرة | Definition: Noun - The process of leaving and settling the bill at a hotel. | Notes: مغادرة الفندق | Example: يرجى اختيار تاريخ المغادرة
- EN: checked bag → ar-SA: حقيبة مُسجلة | Definition: Bag that is handed over to the airline for transport in the cargo hold. | Notes: There is also another term that is commonly used which الأمتعة المسجلة, both are correct and are used by many airlines
- EN: checked luggage → ar-SA: الأمتعة المُسجلة | Definition: Luggage that is handed over to the airline for transport in the cargo hold.
- EN: cO2e emissions → ar-SA: انبعاثات cO2e | Definition: Carbon dioxide equivalent emissions, measuring the impact of greenhouse gases. | Notes: يختلف هذا المصطلح عن "انبعاثات ثاني أكيد الكربون"
- EN: Collision Damage Waiver → ar-SA: تأمين التنازل عن ضرر الاصطدام | Definition: This is a type of insurance offered by rental car companies that limits your liability if the car is damaged in an accident. 
However, it typically doesn’t cover the full cost; you still have to pay a portion of  the repair costs, called the excess or deductible. | Example: عند استئجار سيارة، يمكنك إضافة "تأمين التنازل عن ضرر الاصطدام" لتجنب تحمل جميع تكاليف الإصلاح في حالة وقوع حادث.
- EN: commercial van → ar-SA: شاحنة تجارية | Definition: Vehicles designed for transporting goods and materials for business purposes.
- EN: compact → ar-SA: مدمجة | Definition: A category of rental cars that are slightly larger than economy cars but still small and efficient. | Notes: فئة من فئات السيارات - سيارة عائلية صغيرة
- EN: connecting flight → ar-SA: رحلة متصلة | Definition: A flight requiring a change of planes to reach the final destination. | Notes: (استكمال الرحلة على طائرة ثانية)
- EN: convertible → ar-SA: سيارة مكشوفة | Definition: A car with a roof structure that can be 'converted' to allow open-air or enclosed driving. | Notes: سيارة بسقف متحرك
- EN: Cookie Policy → ar-SA: سياسة ملفات تعريف الارتباط | Definition: Policy that governs the use of cookies on Skyscanner's website, ensuring transparency regarding data usage | Notes: (الكوكيز)
- EN: country house → ar-SA: بيت ريفي | Definition: A large house in the countryside
- EN: coupe → ar-SA: كوبيه | Definition: A car with a fixed-roof body style that is shorter than a sedan of the same model. | Notes: أو سيارة ذات بابين
- EN: couples → ar-SA: أزواج | Definition: Pairs of individuals traveling together
- EN: Cowboy core → ar-SA: مغامرات رعاة البقر
- EN: Cultural exploration → ar-SA: الاستكشاف الثقافي
- EN: Cyber Monday → ar-SA: Cyber Monday | Definition: An online shopping event on the Monday after Thanksgiving, featuring exclusive digital deals and discounts. | Notes: Do not translate | Example: استمتِع بعروض Cyber Monday
- EN: deal → ar-SA: عرض | Definition: A special offer or discount.
- EN: departure country → ar-SA: بلد المغادرة | Definition: The country from which a journey begins.
- EN: departure date → ar-SA: تاريخ المغادرة | Definition: The date on which a journey starts.
- EN: departure time → ar-SA: وقت المغادرة | Definition: The scheduled time a flight is set to leave.
- EN: destination → ar-SA: الوجهة | Definition: The final place or location to which someone is traveling. It is the end point of a journey where travelers intend to stay, explore, or visit. Destinations can range from cities and countries to specific attractions or resorts.
- EN: destination airport → ar-SA: مطار الوجهة | Definition: The airport where a journey ends. | Example: اختر مطار الوجهة
- EN: Destination Check-in → ar-SA: وجهات مُجسدة في الإقامة | Definition: Travellers are increasingly choosing where to go based on where they want to stay. In 2026, hotels aren’t just places to sleep - they're becoming the destination itself. From stunning architecture to transportive design, travellers are prioritising unique stays over traditional location appeal.
One rising expression of this? Destination-inspired hotels—think a Balinese villa in southern Spain, a Moroccan riad in Tokyo, or a Tuscan farmhouse in Napa. It’s about experiencing the aesthetic and atmosphere of far-off places, without the long-haul flight.
- EN: destination country → ar-SA: بلد الوجهة | Definition: The country where a journey ends. | Example: اختر بلد الوجهة
- EN: Destination Zzzz → ar-SA: وجهات الحلم
- EN: direct → ar-SA: مباشرة | Definition: A flight with no scheduled stops between the departure and arrival points. | Notes: يمكن أن تستخدم بدون "رحلة طيراان" بالإنجليزية، في هذه الحالة يرجى إضافتها عند الترجمة. 
مثل: 
Sorry, no direct results found – now showing results with stops. | Example: عذرًا، لم نجد رحلات طيران مباشرة
- EN: direct flight → ar-SA: رحلات مباشرة | Definition: A flight with no scheduled stops between the departure and arrival points.
- EN: domestic flight → ar-SA: رحلات داخلية | Definition: A flight within the same country. | Example: البحث عن رحلات داخلية في @@country@@
- EN: drop → ar-SA: إنخفاض | Notes: Noun. To be translated based on context to indicate "price dropping" / "landing". | Example: إنخفاض بقيمة 36 يورو

عرض الإنخفاضات على الرحلات المغادرة من لندن

آخر الإنخفاضات على الأسعار
- EN: drop → ar-SA: إنخفاض | Notes: Noun. To be translated based on context to indicate "price dropping" / "landing". | Example: يمكن أن ينخفض سعر رحلتك التالية اليوم

اختر مدينة أخرى للمغادرة منها أو زر الصفحة مرة أخرى لاحقًا

الأسعار التي انخفضت اليوم
- EN: drop-off → ar-SA: التسليم | Definition: The date, time or location where a rented vehicle is returned at the end of the rental period. | Notes: موعد ومكان إرجاع <تسليم> السيارة المستأجرة | Example: يجب أن يكون موعد تسليم السيارة بعد تاريخ الاستلام
- EN: DROPS → ar-SA: DROPS | Definition: Feature name.

DROPS is a new “sub-brand” of Skyscanner. It is an app-exclusive product only available for logged-in users that helps travelers spot flight deals that have dropped by more than 20% and that are available for only 24h. | Notes: Follow the source capitalization.

Feature name. To be left in English

Gender note: feminine. | Example: مرحبًا بك في DROPS

اسمح لخاصية DROPS أن تساعدك في اختيار رحلتك التالية
- EN: Drops → ar-SA: Drops | Definition: Feature name.

Drops is a new “sub-brand” of Skyscanner. It is an app-exclusive product only available for logged-in users that helps travelers spot flight deals that have dropped by more than 20% and that are available for only 24h. | Notes: Follow the source capitalization.

Feature name. To be left in English

Gender note: feminine. | Example: معرفة المزيد حول Drops

تحديث Drops
- EN: economy → ar-SA: اقتصادية | Definition: A category of rental cars that are typically small, fuel-efficient, and inexpensive. | Notes: فئة السيارة | Example: حدّد فئة السيارة التي ترغب في استئجارها
- EN: Economy → ar-SA: الدرجة الاقتصادية | Definition: The Economy flight class refers to the most basic and affordable class of service on an airplane. | Example: حتى لو كنت تسافر على الدرجة الاقتصادية في العادة، يمكنك في بعض الأحيان الاستفادة من عروض درجة الأعمال.
- EN: electric → ar-SA: كهربائية | Definition: Vehicles powered by electricity, typically from batteries. | Notes: نوع السيارة
- EN: email → ar-SA: البريد الإلكتروني | Definition: Electronic mail address used for communication.
- EN: estimated price → ar-SA: السعر التقديري | Definition: An approximate cost for a service.
- EN: Everywhere → ar-SA: جميع الوجهات | Definition: Option to search for travel destinations worldwide.
- EN: Excellent → ar-SA: ممتاز | Definition: Rating indicating superior quality or performance.
- EN: Excess Waiver → ar-SA: تأمين الإعفاء من المبلغ القابل للخصم | Definition: This is an additional insurance that covers the excess amount not covered by the CDW. If you buy an excess waiver, you won’t have to pay  anything in the event of a claim, as it "waives" your responsibility for the excess 
portion. So, the CDW reduces your liability for damage, while the excess waiver eliminates your out-of-pocket costs for the excess amount. | Example: عند شراء التأمين على السيارة، يمكنك اختيار إضافة تأمين الإعفاء من المبلغ القابل للخصم، مما يعني أنك لن تحتاج إلى دفع المبلغ في حالة حدوث حادث.
- EN: explore → ar-SA: استكشاف | Definition: Option to discover new destinations or services.
- EN: Explore everywhere → ar-SA: استكشف جميع الوجهات | Definition: The sentence case will be used whenever the term is employed in the UI itself or as part of a sentence.
- EN: Explore Everywhere → ar-SA: استكشف جميع الوجهات | Definition: Used as feature or proper noun - Option to view travel options for various destinations globally.
- EN: extra charge → ar-SA: رسوم إضافية | Definition: An additional fee for a service or product.
- EN: Fair Fuel Policy → ar-SA: سياسة الوقود العادلة | Definition: A policy ensuring fair charges for fuel in rental agreements.
- EN: families → ar-SA: عائلات | Definition: Groups traveling together, typically including parents and children.
- EN: Family Miles → ar-SA: السفر العائلي | Definition: With the cost of living rising, many 20-somethings are still living at home—and that financial interdependence is now shaping how families travel. In 2026, we’ll see a growing wave of multigenerational holidays, where trips become a shared investment between parents, kids, and even grandparents.
But this isn’t just about splitting costs—it’s also about families. Stop the "catch-up trap" and start making memories.
- EN: FAQ → ar-SA: الأسئلة الشائعة | Definition: Frequently Asked Question
- EN: FAQs → ar-SA: الأسئلة الشائعة | Definition: Frequently Asked Questions
- EN: fare → ar-SA: الأجرة | Definition: The cost of a ticket for travel.
- EN: fee → ar-SA: الرسوم | Definition: A charge for a service or product.
- EN: First Class → ar-SA: درجة أولى | Definition: A premium class of airline service offering high level of comfort and amenities.
- EN: Flexible dates → ar-SA: تواريخ مرنة | Definition: Previous "Whole month" feature. Calendar Tab that shows Whole month prices that allows users to make month view searches.
- EN: flight deal → ar-SA: عروض على رحلات الطيران | Definition: Discounted or special offer on air travel tickets.
- EN: flight details → ar-SA: تفاصيل الرحلة | Definition: Information about a specific flight.
- EN: flight emissions → ar-SA: انبعاثات الرحلة | Definition: The amount of CO2 produced by a flight. Title for a feature that badges up flights with lower carbon dioxide emissions compared to other flights in the result set.
- EN: flight time → ar-SA: وقت الرحلة | Definition: The duration of a flight. | Example: معدل وقت الرحلة إلى {destinationCity} هو {duration}
- EN: Flights → ar-SA: رحلات طيران | Definition: Air travel services provided by airlines. | Notes: يمكن استخدام رحلات جوية أيضًا
- EN: fuel → ar-SA: وقود | Definition: Gasoline or diesel used to power vehicles, including cars, motorcycles, boats, or recreational vehicles.
- EN: full board → ar-SA: إقامة شاملة جميع الوجبات | Definition: Hotel option that covers accommodation and three meals a day (breakfast, lunch, and dinner). Drinks and additional activities are usually not included
- EN: full to full → ar-SA: ممتلئ إلى ممتلئ | Definition: Fuel policy where the car is provided with a full tank and must be returned with a full tank.
- EN: fullsize → ar-SA: حجم كبير | Definition: A category of rental cars that are larger and offer more comfort and space. | Notes: فئة من فئات السيارات
- EN: Gami-vacation → ar-SA: إجازة مخصصة للألعاب الالكترونية
- EN: getaway → ar-SA: عطلة | Definition: A short vacation or trip, often taken to escape from daily routine and responsibilities. It usually involves traveling to a relaxing or enjoyable destination.
- EN: Gig tripping → ar-SA: عشاق الحفلات الموسيقية
- EN: Glowmads → ar-SA: "عشاق التوهج
 ومحبو السياحة الجمالية" | Definition: In 2026, skincare and beauty routines will move beyond social feeds and into real-world travel behaviours. ​​
Travellers won’t just be inspired by beauty content - they’ll start shaping their journeys around it. From inflight skincare rituals to visits to iconic local beauty retailers to buy local cult beauty products, beauty becomes part of the itinerary.​​
While Seoul continues to grow as a global symbol of beauty culture, this trend is less about where to go - and more about how beauty shapes the way people travel.
- EN: Good → ar-SA: جيد | Definition: Rating indicating satisfactory quality or performance.
- EN: Great food → ar-SA: طعام رائع | Definition: High-quality or highly recommended culinary experiences.
- EN: guest → ar-SA: الضيوف | Definition: A person staying at a hotel or other accommodation.
- EN: guest house → ar-SA: بيت ضيوف | Definition: A small, private hotel or lodging.
- EN: guest reviews → ar-SA: تقييمات الضيوف | Definition: Feedback and ratings from customers who have used a service or stayed at a property.
- EN: half board → ar-SA: إقامة شاملة وجبة الإفطار والعشاء | Definition: Hotel option that covers accommodation, breakfast, and one other meal (usually dinner). Drinks and additional meals are typically not included.
- EN: hire car → ar-SA: سيارة مستأجرة | Definition: A vehicle rented for a short period, ranging from a few hours to several weeks, typically from a rental agency.
- EN: holiday rentals → ar-SA: أماكن إقامة للعطلات | Definition: Properties available for short-term vacation stays.
- EN: home airport → ar-SA: مطار البلد | Definition: The airport closest to a traveler's residence. | Notes: مطار بلدك | Example: أدخل مطار بلدك وسنرسل لك أفضل عروض رحلات الطيران من أقرب مطار إليك
- EN: Horti-Culture → ar-SA: ثقافة البستنة
- EN: hostel → ar-SA: نُزُل | Definition: Budget-friendly accommodation
- EN: hotel → ar-SA: فندق | Definition: An establishment providing lodging, meals, or other guest services.
- EN: hotel deal → ar-SA: عروض الفنادق | Definition: Discounted or special offer on hotel bookings.
- EN: Hotels → ar-SA: فنادق | Definition: Establishments providing lodging, meals, and other services for travelers.
- EN: hybrid → ar-SA: هجينة | Definition: Vehicles powered by both an internal combustion engine and an electric motor. | Notes: نوع السيارة
- EN: inbound flight → ar-SA: رحلة العودة | Definition: The flight that takes the passenger back from their destination to their original departure location.
- EN: intermediate → ar-SA: حجم متوسط | Definition: A category of rental cars that are larger than economy but smaller than full-size.
- EN: itinerary → ar-SA: مخطط الرحلة | Definition: A detailed plan or schedule of a trip, listing all destinations, activities, and accommodations, along with the times and dates for each part of the journey.
- EN: journey → ar-SA: رحلة | Definition: A journey refers to the act of traveling from one place to another, usually involving a significant distance or time commitment.
- EN: latest price → ar-SA: أحدث سعر | Definition: The most recent cost for a service or product. | Example: قد تكون هذه النتائج تغيرت الآن. للحصول على أحدث الأسعار، يرجى إعادة تحميل نتائج البحث.
- EN: Lesser-known cities → ar-SA: مدن أقل شهرة
- EN: location → ar-SA: الموقع | Definition: A specific place or position where something is situated or where an event occurs.
- EN: log in → ar-SA: تسجيل الدخول | Definition: To access an account by entering credentials.
- EN: log out → ar-SA: تسجيل الخروج | Definition: To exit an account.
- EN: login → ar-SA: تسجيل الدخول | Definition: The act of logging in to a computer, database, or system. | Notes: عملية تسجيل الدخول | Example: يرجى إدخال بريد إلكتروني صالح لإكمال عملية تسجيل الدخول
- EN: long wait → ar-SA: انتظار طويل | Definition: An extended period of waiting, often at airports between flights.
- EN: Looking Forward → ar-SA: نتطلع إلى الأمام
- EN: Low emissions vehicles → ar-SA: مركبات منخفضة الانبعاثات | Definition: Vehicles that produce a reduced amount of CO2. Title for a feature that badges up electrical and hybrid cars with lower carbon dioxide emissions compared to other car types.
- EN: low-cost → ar-SA: منخفض التكاليف | Definition: Services, particularly airlines, that are designed to offer lower prices by reducing the range of services and amenities traditionally included in the fare.
- EN: lowest price → ar-SA: أقل سعر | Definition: The least expensive cost for a service or product. | Notes: هذه أقل الأسعار التقديرية لرحلات الدرجة الاقتصادية لمسافر واحد. الأسعار مبنية على أحدث الأسعار.
- EN: Luxe-for-less seekers → ar-SA: مسافرون بحثًا عن الرفاهية بتكلفة منخفضة
- EN: luxury → ar-SA: فاخرة | Definition: High-end, premium vehicles offering superior comfort and features. | Notes: نوع السيارة
- EN: Main character energy → ar-SA: طاقة الشخصيات المعروفة
- EN: manual → ar-SA: جير عادي | Definition: A type of vehicle transmission that requires the driver to manually shift gears. | Notes: سيارة بناقل حركة يدوي
- EN: mini → ar-SA: صغيرة جدًا -ميني | Definition: A category of rental cars that are very small, typically suitable for city driving. | Notes: نوع السيارة
- EN: mobile app → ar-SA: تطبيق الهاتف | Definition: An application designed for use on mobile devices.
- EN: motorcycle → ar-SA: دراجة نارية | Definition: A two-wheeled motor vehicle.
- EN: Multi-city → ar-SA: وجهات متعددة | Definition: Multi-city flights are a smart way to see more destinations in one go, by adding extra legs to your trip. If, for example, you can’t decide between Paris or Rome, you can book flights to both cities and turn your trip into an itinerary.
- EN: multi-city → ar-SA: وجهات متعددة | Definition: Multi-city flights are a smart way to see more destinations in one go, by adding extra legs to your trip. If, for example, you can’t decide between Paris or Rome, you can book flights to both cities and turn your trip into an itinerary.
- EN: Nearby airports → ar-SA: المطارات القريبة | Definition: Widen your search for flight deals by selecting the “add nearby airports” option to search flight prices for all the nearest airports at your departure point and your destination to increases your chances of finding the best deal at both ends of your trip.
- EN: nearby airports → ar-SA: المطارات القريبة | Definition: Widen your search for flight deals by selecting the “add nearby airports” option to search flight prices for all the nearest airports at your departure point and your destination to increases your chances of finding the best deal at both ends of your trip.
- EN: Nightlife and entertainment → ar-SA: الحياة الليلية والترفيه | Definition: Activities and venues that provide entertainment, typically during the evening, such as clubs and bars.
- EN: no extra fees → ar-SA: بدون رسوم إضافية | Definition: Indicates that there are no additional charges beyond the listed price. | Notes: لا يوجد رسوم إضافية
- EN: non refundable → ar-SA: غير قابل للاسترداد | Definition: A booking or a charge that cannot be refunded.
- EN: non-protected transfer → ar-SA: التحويلات غير المحمية | Definition: Booking connecting flights with more than one provider means the ongoing flight may not be guaranteed, and is at risk from delays or cancellations. It's also needed to collect your luggage and check into the second flight. | Example: الحجوزات متعددة الأجزاء (التحويلات غير المحمية). ستحتاج لهذه الرحلة إلى حجز أكثر من تذكرة واحدة (عادةً من مقدمي خدمة متعددين). إن حجز رحلات متصلة مع أكثر من مقدم خدمة واحد يعني أن رحلتك قد لا تكون مضمونة، وأنها معرضة للتأخير أو الإلغاء.
- EN: one way → ar-SA: ذهاب فقط | Definition: A trip that does not include a return journey.
- EN: one way → ar-SA: ذهاب فقط | Definition: A train trip that does not include a return journey. | Example: احجِز تذكرة ذهاب فقط
- EN: one-way → ar-SA: ذهاب فقط | Definition: A trip that does not include a return journey.
- EN: outbound → ar-SA: رحلة ذهاب | Definition: The flight that takes a passenger from their home or starting location to their destination.
- EN: outbound flight → ar-SA: رحلة ذهاب | Definition: The flight that takes a passenger from their home or starting location to their destination.
- EN: Outdoor adventures → ar-SA: مغامرات في الهواء الطلق | Definition: Activities involving physical exertion in natural settings, such as hiking, rafting, or camping.
- EN: package → ar-SA: باقة | Definition: Used in the meaning of “package holiday”, referring to the package deals in our Packages vertical that include flights and a hotel. This is for when we talk about packages in running copy and in general, as opposed to the vertical name. | Example: - قد تتوفر الباقات بمواعيد طيران مختلفة وخيارات إقامة ووجبات متنوعة.
- البحث عن مقدمي الباقات
- لا توجد باقات طيران وفنادق تتناسب مع بحثك
- EN: Packages → ar-SA: باقات
- EN: parking → ar-SA: موقف السيارات | Definition: Space or facility to park vehicles.
- EN: passenger → ar-SA: ركاب | Definition: An individual traveling on a plane, train, or other mode of transport.
- EN: passenger van → ar-SA: شاحنة ركاب صغيرة | Definition: A van configured to carry passengers. | Notes: شاحنة مهيأة لنقل الركاب.
- EN: Pay on arrival → ar-SA: الدفع عند الوصول | Definition: Option to pay for a service upon arrival at the location.
- EN: pay on arrival → ar-SA: الدفع عند الوصول
- EN: people carrier → ar-SA: سيارة عائلية كبيرة | Definition: A vehicle designed to transport multiple passengers
- EN: pick up truck → ar-SA: شاحنة بيك أب | Definition: A light-duty truck with an enclosed cab and an open cargo area.
- EN: pick-up → ar-SA: استلام السيارة | Definition: The act of collecting a rental vehicle. | Example: يمكنك الإلغاء مجانًا حتى 48 ساعة من موعد استلام السيارة
- EN: Premium → ar-SA: بريميوم | Definition: A category of rental cars that offer higher-end features and more comfort.
- EN: Premium Economy → ar-SA: بريميوم اقتصادية | Definition: A class of airline service between economy and business class.
- EN: Price → ar-SA: السعر | Definition: The cost of a service or product.
- EN: Price Alert → ar-SA: تنبيه الأسعار | Definition: Skyscanner's Price Alert feature notifies users via email or push notification about fluctuations in the prices of plane tickets they're interested in.
- EN: Price Alerts → ar-SA: تنبيهات الأسعار | Definition: Skyscanner's Price Alert feature notifies users via email or push notification about fluctuations in the prices of plane tickets they're interested in.
- EN: price per night → ar-SA: السعر في الليلة | Definition: The cost of accommodation for one night.
- EN: Privacy Policy → ar-SA: سياسة الخصوصية | Definition: Policy that outlines how Skyscanner handles users' personal information, emphasizing user control and transparency
- EN: private home → ar-SA: بيت خاص | Definition: Residential property that is rented out to travelers for short-term stays
- EN: property → ar-SA: عقار | Definition: In the travel context, a property refers to a place of lodging, such as a hotel, resort, bed and breakfast, or vacation rental, where travelers can stay during their trip.
- EN: provider → ar-SA: مزوّد الخدمة | Definition: A company or individual offering a service. Car Hire vertical | Example: تأجير السيارات: لدى مزود الخدمة هذا مواقع استلام للخدمة الذاتية أو تطبيق لفتح السيارة.

عام: بمجرد العثور على أفضل رحلة طيران أو استئجار سيارة أو فندق، يمكنك الحجز مباشرة مع مزود الخدمة.
- EN: provider → ar-SA: مزوّد الخدمة | Definition: A company or individual offering a service. | Example: رحلات الطيران: إن حجز رحلات متصلة مع أكثر من مزود خدمة واحد يعني أن رحلتك الحالية قد لا تكون مضمونة، وأنها معرضة للتأخير أو الإلغاء.

عام: بمجرد العثور على أفضل رحلة طيران أو استئجار سيارة أو فندق، يمكنك الحجز مباشرة مع مزود الخدمة.
- EN: provider → ar-SA: مزوّد الخدمة | Definition: A company or individual offering a service. Hotel vertical | Notes: شركة أو شخص يزود المستخدم بخدمة معيّنة. 
تشمل الخدمات: حجز تذاكر طيران، فندق، شركة تأجير سيارات.. إلخ | Example: الفنادق: في بعض الأحيان يقدم أكثر من مزود خدمة نفس الغرفة بنفس السعر. وفي هذه الحالة، نقوم بترتيبها حسب معايير أخرى، مثل شعبيتها بين المسافرين.

عام: بمجرد العثور على أفضل رحلة طيران أو استئجار سيارة أو فندق، يمكنك الحجز مباشرة مع مزود الخدمة.
- EN: rating → ar-SA: تقييم | Definition: A score or review given to a service or product.
- EN: Read more → ar-SA: قراءة المزيد | Definition: Option to view additional information.
- EN: recent searches → ar-SA: عمليات البحث الأخيرة | Definition: A list of previous search queries.
- EN: Recommended Provider → ar-SA: مزوِّد متميّز | Definition: A booking partner that meets our top-quality criteria, demonstrated by a high Partner Quality Score, strong price accuracy, and reliable downstream visibility. This designation helps travelers make informed choices by identifying partners that offer a trustworthy and seamless booking experience.
- EN: recreational vehicle → ar-SA: شاحنة تخييم | Definition: RV, a motor vehicle or trailer equipped with living space and amenities for travel. | Notes: RV
- EN: Reset jetters → ar-SA: رحلة لإعادة التوازن
- EN: residence → ar-SA: مسكن | Definition: Fully furnished apartments or suites that are available for short-term or long-term stays or  a private home or villa that is rented out to travelers for short-term stays, | Notes: شقق سكنية مفروشة أو بيوت خاصة أو أجنحة مفروشة
- EN: resort → ar-SA: منتجع | Definition: A place that offers a variety of recreational activities and amenities
- EN: result → ar-SA: نتائج | Definition: An outcome from a search or query. | Example: نعرض لك أفضل 10 نتائج، تم ترتيبها حسب المسافة
- EN: return → ar-SA: ذهاب وإياب | Definition: A flight that includes both the outbound and inbound journeys, completing the round trip. | Notes: رحلة الذهاب والعودة مكتملة | Example: اختر رحلة باتجاه واحد، أو اختر رحلة ذهاب وإياب
- EN: return → ar-SA: العودة | Definition: A flight that returns to the original departure location (1 flight) | Notes: رحلة العودة | Example: ما هو أفضل سعر لرحلة العودة من لندن إلى السعودية؟
- EN: return → ar-SA: ذهاب وإياب | Definition: A train journey that includes both the outbound and inbound journeys, completing the round trip. | Example: احجِز تذكرة ذهاب وإياب
- EN: return → ar-SA: العودة | Definition: A train trip to return to the original departure location (1 trip)" | Example: احجِِز تذكرة العودة
- EN: return date → ar-SA: تاريخ العودة | Definition: The date of the return journey. | Example: اختر تاريخ العودة
- EN: return flight → ar-SA: رحلة ذهاب وإياب | Definition: A flight that includes both the outbound and inbound journeys, completing the round trip. | Notes: رحلة الذهاب والعودة مكتملة | Example: اختر رحلة باتجاه واحد، أو اختر رحلة ذهاب وإياب
- EN: return flight → ar-SA: رحلة العودة | Definition: A flight that returns to the original departure location (1 flight) | Example: ما هو أفضل سعر لرحلة العودة من لندن إلى السعودية؟
- EN: return trip → ar-SA: رحلة ذهاب وإياب | Definition: A journey including both the outbound journey to the destination and the inbound journey back to the starting location.
- EN: Review → ar-SA: تقييم | Definition: Verb - Add an evaluation or feedback about a service or product.
- EN: review → ar-SA: تقييم | Definition: Noun - An evaluation or feedback about a service or product.
- EN: room → ar-SA: غرفة | Definition: A space within a building for accommodation
- EN: same to same → ar-SA: نفس مستوى الوقود | Definition: Fuel policy where the car must be returned with the same amount of fuel as when picked up. | Example: قبل إعادة السيارة، املأها بنفس مستوى الوقود الذي كانت عليه عند الاستلام.
- EN: Satisfactory → ar-SA: مقبول | Definition: Rating indicating acceptable quality or performance, but with some issues.
- EN: Saved → ar-SA: المحفوظات | Definition: For travellers planning one or more trips, this feature empowers users to save different elements of their travel, so they can compare and monitor prices, book at a time that suits and/or find the perfect option.
- EN: Savings Generator → ar-SA: مولد التوفير | Definition: Skyscanner tool that shows travellers the average monthly price and the best time to book. 
This is only available in the UK market and in a few locales. | Example: راجعنا ملايين الرحلات لتزويدك بنصائح حول الأسعار لرحلتك القادمة. جرّب مولد التوفير للحصول على أفضل عرض لرحلتك القادمة.
- EN: Savvy Search → ar-SA: المساعد الذكي | Definition: Savvy Search is a generative AI planning tool developed internally. It is designed to help travelers discover new destinations and experiences by asking questions like "What kind of trip is on your mind?" This tool is powered by OpenAI's ChatGPT and uses historical internet data along with Skyscanner's destination and price data to provide travel recommendations | Example: نقدِّم لك المساعد الذكي

مع المساعد الذكي ستكتشف أماكن لم تتخيَّلها من قبل.
- EN: search → ar-SA: بحث | Definition: The process of looking for specific travel-related information or options, such as flights, hotels, rental cars
- EN: search → ar-SA: بحث | Definition: To look for information or options.
- EN: select → ar-SA: اختر | Definition: The act of choosing or picking a specific option from a range of available choices. | Notes: يمكن استخدام "اختيار" بحسب السياق | Example: اختر وجهتك المفضلة 
يرجى اختيار البلد 
cta: اختيار
- EN: self catering → ar-SA: إقامة مع خدمة ذاتية | Definition: This type of accommodation may or may not provide guests with kitchen facilities to prepare their own meals. No meals are included in the package
- EN: self-transfer → ar-SA: النقل الذاتي | Definition: When passengers need to transfer between flights on their own without airline assistance. It may be necessary to check in separately for each connecting flight. | Example: تحتوي هذه الرحلة على خيار النقل الذاتي
- EN: Shelf Discovery → ar-SA: تسوق... لتتعرّف على ثقافة | Definition: In 2026, travellers are redefining what it means to eat like a local. Dining out at restaurants is no longer the only way to taste a destination — the real flavour is found in the country's food aisles. 
From Japan’s high-tech convenience stores and Iceland’s geothermal-baked bread to the endless varieties of Fanta flavours in Germany, supermarkets offer a unique glimpse into local life. 
In 2026, travellers will hunt for quirky snacks, regional specialties, and limited-edition treats, turning routine grocery runs into cultural deep dives. | Notes: Travel trend name
- EN: sign up → ar-SA: الاشتراك | Definition: Option to create a new account.
- EN: Sleep retreats → ar-SA: خلوات الراحة
- EN: Sleep tourism → ar-SA: سياحة الراحة
- EN: solo travellers → ar-SA: مسافرون منفردون | Definition: Individuals traveling alone.
- EN: Sport mode (activated) → ar-SA: مزاج رياضي
- EN: sports car → ar-SA: سيارات رياضية | Definition: A car designed for high performance and agility, often with a sleek design.
- EN: standard → ar-SA: عادية | Definition: A category of rental cars that offer a balance between size, comfort, and cost.
- EN: star → ar-SA: نجوم | Definition: A hotel star rating is a system used to classify hotels based on their quality, amenities, service, and overall guest experience. | Notes: تصنيف الفندق/ تكتب بالجمع | Example: فندق 3 نجوم

حصلت هذه السيارة على تقييم 4 نجوم من أصل 5 بناءً على 300 تقييم
- EN: star → ar-SA: نجوم | Notes: تصنيف الفندق/ تكتب بالجمع | Example: فندق 3 نجوم

حصلت هذه السيارة على تقييم 4 نجوم من أصل 5 بناءً على 300 تقييم
- EN: star rating → ar-SA: تقييم بالنجوم | Definition: A hotel star rating is a system used to classify hotels based on their quality, amenities, service, and overall guest experience.
- EN: stay → ar-SA: إقامة | Definition: Period during which a guest resides at an accommodation, such as a hotel.
- EN: stop → ar-SA: محطة توقف | Definition: Flight connection at other airport before reaching the destination (not direct flights)
- EN: Suggested for you → ar-SA: خيار قد يعجبك | Definition: Personalized recommendations based on your interests or past behavior.
- EN: SUV → ar-SA: دفع رباعي | Definition: Sport Utility Vehicle, a larger car often with off-road capability and more passenger/cargo space.
- EN: tax → ar-SA: ضريبة | Definition: Compulsory financial charges imposed by a government. | Example: يشمل جميع الضرائب والرسوم، باستثناء الضريبة المحلية (إن وجدت).
- EN: Terms of Service → ar-SA: شروط الخدمة | Definition: The rules and conditions for using a service.
- EN: Top Provider → ar-SA: مزوِّد متميّز | Definition: A booking partner that meets our top-quality criteria, demonstrated by a high Partner Quality Score, strong price accuracy, and reliable downstream visibility. This designation helps travelers make informed choices by identifying partners that offer a trustworthy and seamless booking experience.
- EN: total price → ar-SA: السعر الإجمالي | Definition: The complete cost of a service or product.
- EN: transfer → ar-SA: نقل | Definition: The act of moving travelers from one location to another. | Example: بمجرد العثور على عرض تأجير السيارات المناسب لك، سنقوم بنقلك مباشرة إلى شركة تأجير السيارات لإجراء الحجز.
- EN: transfer → ar-SA: نقل | Definition: Service or act of moving from one mode of transport to another. | Example: بمجرد العثور على عرض تأجير السيارات المناسب لك، سنقوم بنقلك مباشرة إلى شركة تأجير السيارات لإجراء الحجز.
- EN: transmission → ar-SA: ناقل الحركة | Definition: The mechanism by which power is transmitted from the engine to the wheels in a vehicle.
- EN: travel agent → ar-SA: شركة سياحة | Definition: A professional who plans and books travel arrangements for clients.
- EN: travel Hack → ar-SA: حيل ذكية للسفر | Definition: Tips and strategies for making travel easier or cheaper.
- EN: travel insurance → ar-SA: تأمين السفر | Definition: Coverage for risks associated with travel, such as trip cancellations and medical emergencies.
- EN: travel trends → ar-SA: اتجاهات السفر
- EN: Travel Trends 2025 → ar-SA: اتجاهات السفر 2025
- EN: Travel Trends 2026 → ar-SA: اتجاهات السفر 2026 | Definition: Landing page | Notes: Travel trend name
- EN: Travel Tuesday → ar-SA: Travel Tuesday | Definition: A marketing initiative on the Tuesday after Thanksgiving, offering significant discounts on travel-related purchases like flights and hotels. | Notes: Do not translate | Example: لم لا تجرِّب الحجز أثناء عروض Travel Tuesday
- EN: Travel types → ar-SA: أنواع السفر
- EN: Travel vibes → ar-SA: مشاعر السفر
- EN: traveller → ar-SA: مسافر | Definition: An individual who is traveling.
- EN: Trending → ar-SA: الأكثر رواجًا
- EN: Trending destinations → ar-SA: الوجهات الرائجة
- EN: trip → ar-SA: رحلة | Definition: A journey from one place to another.
- EN: Underrated alternatives → ar-SA: بدائل بأقل من قيمتها الحقيقية
- EN: Underrated Destinations → ar-SA: وجهات تستحق الاكتشاف | Definition: Travel locations that are less popular but worth visiting.
- EN: unique stays → ar-SA: أماكن إقامة مميزة | Definition: Accommodations that offer unusual or distinctive experiences.
- EN: unlimited mileage → ar-SA: أميال غير محدودة | Definition: Option allowing unlimited travel distance in a rental vehicle.
- EN: Value for money → ar-SA: القيمة مقابل المال
- EN: van → ar-SA: شاحنة فان | Definition: A larger vehicle used for transporting goods or people.
- EN: vehicle → ar-SA: مركبة | Definition: A mode of transportation used to move from one place to another.
- EN: Very good → ar-SA: جيد جدًا | Definition: Rating indicating high quality or performance.
- EN: Vibes → ar-SA: استكشاف الأجواء | Definition: Vibes is an AI-powered feature developed by Skyscanner that enhances the Explore Everywhere experience by categorising and sorting travel destinations in a smart, intuitive way to inspire travellers. These “vibes” are essentially themed tiles or categories—likely based on mood, activity type, scenery, or travel style (e.g. “beach escape”, “romantic getaway”, “adventurous hiking”)—that help users discover destinations they might not have otherwise considered. | Notes: Feature name, should be used as a noun.
- EN: wagon → ar-SA: سيارة نقل | Definition: A car with a longer body and more cargo space, often with a rear hatch door.
- EN: Whole month → ar-SA: الشهر بأكمله | Definition: Option to view availability and prices for an entire month.
- EN: whole month → ar-SA: الشهر بأكمله | Definition: Option to view availability and prices for an entire month.
- EN: With honours → ar-SA: مذهل | Definition: A high distinction or recognition for excellence.

Draft LQA report to validate and finalize (JSON):

{
  "review_findings": [
    {
      "text": "يبدأ استئجار سيارة في كيب تاون من ‎41 ﷼ في أرخص العروض المتاحة، بينما يبلغ المتوسط السنوي للأسعار 82 ﷼.",
      "issue": "The text incorrectly uses the Saudi Riyal (﷼) symbol for prices in Cape Town, South Africa. The local currency is the South African Rand.",
      "type_of_issue": "Accuracy",
      "solution": "Replace the incorrect Saudi Riyal symbol (﷼) with the correct currency ISO code for South African Rand (ZAR).",
      "updated_sentence": "يبدأ استئجار سيارة في كيب تاون من ‎41 ZAR في أرخص العروض المتاحة، بينما يبلغ المتوسط السنوي للأسعار 82 ZAR.",
      "severity": "Major",
      "score_deduction": 3
    },
    {
      "text": "قارن بين مزودي الخدمة وفئات المركبات قبل تأكيد الحجز، وراجع شروط الاستئجار بعناية لتجنب رسومًا إضافية قد تُطبَّق على التأمين أو الوقود أو تجاوز عدد الكيلومترات المسموح به.",
      "issue": "The noun \"رسومًا\" is in the incorrect grammatical case. As the object of the verbal noun \"تجنب\" (to avoid), it should be in the genitive case (majrur), not the accusative case (mansub).",
      "type_of_issue": "Grammar",
      "solution": "Change the noun and its adjective from \"رسومًا إضافية\" to the correct genitive form \"رسومٍ إضافيةٍ\".",
      "updated_sentence": "قارن بين مزودي الخدمة وفئات المركبات قبل تأكيد الحجز، وراجع شروط الاستئجار بعناية لتجنب رسومٍ إضافيةٍ قد تُطبَّق على التأمين أو الوقود أو تجاوز عدد الكيلومترات المسموح به.",
      "severity": "Minor",
      "score_deduction": 1
    }
  ],
  "overall_feedback": {
    "summary": "- A major accuracy error was identified where the currency symbol used (Saudi Riyal) was incorrect for the location (Cape Town), which could significantly mislead users about pricing.\n- A minor grammatical error was found involving an incorrect noun case ending, affecting the grammatical precision of the text.",
    "action_plan": "- Implement a mandatory check to ensure that the currency used in any content is appropriate for the geographical location being discussed.\n- Review and reinforce grammatical rules for Arabic, particularly concerning noun cases after verbal nouns (masdar), to prevent similar errors."
  }
}

Return only the final JSON object (must include `corrected_content` for the full section body).

2026-09-01 12:01:31,255 - INFO - [SA] Agent 2 window 0-9 (10 batches)
2026-09-01 12:01:31,310 - INFO - AFC is enabled with max remote calls: 10.
2026-09-01 12:01:31,314 - INFO - AFC is enabled with max remote calls: 10.
2026-09-01 12:01:31,314 - INFO - AFC is enabled with max remote calls: 10.
2026-09-01 12:01:31,315 - INFO - AFC is enabled with max remote calls: 10.
2026-09-01 12:01:31,316 - INFO - AFC is enabled with max remote calls: 10.
2026-09-01 12:01:31,317 - INFO - AFC is enabled with max remote calls: 10.
2026-09-01 12:01:31,317 - INFO - AFC is enabled with max remote calls: 10.
2026-09-01 12:01:31,318 - INFO - AFC is enabled with max remote calls: 10.
2026-09-01 12:01:31,319 - INFO - AFC is enabled with max remote calls: 10.
2026-09-01 12:01:31,319 - INFO - AFC is enabled with max remote calls: 10.
2026-09-01 12:01:44,955 - INFO - HTTP Request: POST https://generativelanguage.googleapis.com/v1beta/models/gemini-2.5-pro:generateContent "HTTP/1.1 200 OK"
2026-09-01 12:01:48,274 - INFO - HTTP Request: POST https://generativelanguage.googleapis.com/v1beta/models/gemini-2.5-pro:generateContent "HTTP/1.1 200 OK"
2026-09-01 12:01:48,793 - INFO - HTTP Request: POST https://generativelanguage.googleapis.com/v1beta/models/gemini-2.5-pro:generateContent "HTTP/1.1 200 OK"
2026-09-01 12:01:53,326 - INFO - HTTP Request: POST https://generativelanguage.googleapis.com/v1beta/models/gemini-2.5-pro:generateContent "HTTP/1.1 200 OK"
2026-09-01 12:01:53,573 - INFO - HTTP Request: POST https://generativelanguage.googleapis.com/v1beta/models/gemini-2.5-pro:generateContent "HTTP/1.1 200 OK"
2026-09-01 12:01:54,208 - INFO - HTTP Request: POST https://generativelanguage.googleapis.com/v1beta/models/gemini-2.5-pro:generateContent "HTTP/1.1 200 OK"
2026-09-01 12:01:54,619 - INFO - HTTP Request: POST https://generativelanguage.googleapis.com/v1beta/models/gemini-2.5-pro:generateContent "HTTP/1.1 200 OK"
2026-09-01 12:01:55,613 - INFO - HTTP Request: POST https://generativelanguage.googleapis.com/v1beta/models/gemini-2.5-pro:generateContent "HTTP/1.1 200 OK"
2026-09-01 12:01:56,369 - INFO - HTTP Request: POST https://generativelanguage.googleapis.com/v1beta/models/gemini-2.5-pro:generateContent "HTTP/1.1 200 OK"
2026-09-01 12:02:02,601 - INFO - HTTP Request: POST https://generativelanguage.googleapis.com/v1beta/models/gemini-2.5-pro:generateContent "HTTP/1.1 200 OK"
2026-09-01 12:02:02,617 - INFO - [SA] Waiting 10.0s before next Agent 2 window…
2026-09-01 12:02:12,620 - INFO - [SA] Agent 2 window 10-19 (10 batches)
2026-09-01 12:02:12,688 - INFO - AFC is enabled with max remote calls: 10.
2026-09-01 12:02:12,694 - INFO - AFC is enabled with max remote calls: 10.
2026-09-01 12:02:12,696 - INFO - AFC is enabled with max remote calls: 10.
2026-09-01 12:02:12,697 - INFO - AFC is enabled with max remote calls: 10.
2026-09-01 12:02:12,697 - INFO - AFC is enabled with max remote calls: 10.
2026-09-01 12:02:12,698 - INFO - AFC is enabled with max remote calls: 10.
2026-09-01 12:02:12,699 - INFO - AFC is enabled with max remote calls: 10.
2026-09-01 12:02:12,700 - INFO - AFC is enabled with max remote calls: 10.
2026-09-01 12:02:12,701 - INFO - AFC is enabled with max remote calls: 10.
2026-09-01 12:02:12,701 - INFO - AFC is enabled with max remote calls: 10.
2026-09-01 12:02:27,489 - INFO - HTTP Request: POST https://generativelanguage.googleapis.com/v1beta/models/gemini-2.5-pro:generateContent "HTTP/1.1 200 OK"
2026-09-01 12:02:27,829 - INFO - HTTP Request: POST https://generativelanguage.googleapis.com/v1beta/models/gemini-2.5-pro:generateContent "HTTP/1.1 200 OK"
2026-09-01 12:02:28,189 - INFO - HTTP Request: POST https://generativelanguage.googleapis.com/v1beta/models/gemini-2.5-pro:generateContent "HTTP/1.1 200 OK"
2026-09-01 12:02:29,593 - INFO - HTTP Request: POST https://generativelanguage.googleapis.com/v1beta/models/gemini-2.5-pro:generateContent "HTTP/1.1 200 OK"
2026-09-01 12:02:30,745 - INFO - HTTP Request: POST https://generativelanguage.googleapis.com/v1beta/models/gemini-2.5-pro:generateContent "HTTP/1.1 200 OK"
2026-09-01 12:02:32,951 - INFO - HTTP Request: POST https://generativelanguage.googleapis.com/v1beta/models/gemini-2.5-pro:generateContent "HTTP/1.1 200 OK"
2026-09-01 12:02:34,089 - INFO - HTTP Request: POST https://generativelanguage.googleapis.com/v1beta/models/gemini-2.5-pro:generateContent "HTTP/1.1 200 OK"
2026-09-01 12:02:34,443 - INFO - HTTP Request: POST https://generativelanguage.googleapis.com/v1beta/models/gemini-2.5-pro:generateContent "HTTP/1.1 200 OK"
2026-09-01 12:02:39,672 - INFO - HTTP Request: POST https://generativelanguage.googleapis.com/v1beta/models/gemini-2.5-pro:generateContent "HTTP/1.1 200 OK"
2026-09-01 12:02:39,682 - INFO - HTTP Request: POST https://generativelanguage.googleapis.com/v1beta/models/gemini-2.5-pro:generateContent "HTTP/1.1 200 OK"
2026-09-01 12:02:39,689 - INFO - [SA] Waiting 10.0s before next Agent 2 window…
2026-09-01 12:02:49,693 - INFO - [SA] Agent 2 window 20-29 (10 batches)
2026-09-01 12:02:49,765 - INFO - AFC is enabled with max remote calls: 10.
2026-09-01 12:02:49,770 - INFO - AFC is enabled with max remote calls: 10.
2026-09-01 12:02:49,771 - INFO - AFC is enabled with max remote calls: 10.
2026-09-01 12:02:49,773 - INFO - AFC is enabled with max remote calls: 10.
2026-09-01 12:02:49,774 - INFO - AFC is enabled with max remote calls: 10.
2026-09-01 12:02:49,775 - INFO - AFC is enabled with max remote calls: 10.
2026-09-01 12:02:49,776 - INFO - AFC is enabled with max remote calls: 10.
2026-09-01 12:02:49,778 - INFO - AFC is enabled with max remote calls: 10.
2026-09-01 12:02:49,779 - INFO - AFC is enabled with max remote calls: 10.
2026-09-01 12:02:49,781 - INFO - AFC is enabled with max remote calls: 10.
2026-09-01 12:03:05,382 - INFO - HTTP Request: POST https://generativelanguage.googleapis.com/v1beta/models/gemini-2.5-pro:generateContent "HTTP/1.1 200 OK"
2026-09-01 12:03:05,897 - INFO - HTTP Request: POST https://generativelanguage.googleapis.com/v1beta/models/gemini-2.5-pro:generateContent "HTTP/1.1 200 OK"
2026-09-01 12:03:06,028 - INFO - HTTP Request: POST https://generativelanguage.googleapis.com/v1beta/models/gemini-2.5-pro:generateContent "HTTP/1.1 200 OK"
2026-09-01 12:03:06,448 - INFO - HTTP Request: POST https://generativelanguage.googleapis.com/v1beta/models/gemini-2.5-pro:generateContent "HTTP/1.1 200 OK"
2026-09-01 12:03:06,533 - INFO - HTTP Request: POST https://generativelanguage.googleapis.com/v1beta/models/gemini-2.5-pro:generateContent "HTTP/1.1 200 OK"
2026-09-01 12:03:06,594 - INFO - HTTP Request: POST https://generativelanguage.googleapis.com/v1beta/models/gemini-2.5-pro:generateContent "HTTP/1.1 200 OK"
2026-09-01 12:03:09,255 - INFO - HTTP Request: POST https://generativelanguage.googleapis.com/v1beta/models/gemini-2.5-pro:generateContent "HTTP/1.1 200 OK"
2026-09-01 12:03:09,688 - INFO - HTTP Request: POST https://generativelanguage.googleapis.com/v1beta/models/gemini-2.5-pro:generateContent "HTTP/1.1 200 OK"
2026-09-01 12:03:11,112 - INFO - HTTP Request: POST https://generativelanguage.googleapis.com/v1beta/models/gemini-2.5-pro:generateContent "HTTP/1.1 200 OK"
2026-09-01 12:03:27,243 - INFO - HTTP Request: POST https://generativelanguage.googleapis.com/v1beta/models/gemini-2.5-pro:generateContent "HTTP/1.1 200 OK"
2026-09-01 12:03:27,252 - INFO - [SA] Waiting 10.0s before next Agent 2 window…
2026-09-01 12:03:37,256 - INFO - [SA] Agent 2 window 30-39 (10 batches)
2026-09-01 12:03:37,336 - INFO - AFC is enabled with max remote calls: 10.
2026-09-01 12:03:37,342 - INFO - AFC is enabled with max remote calls: 10.
2026-09-01 12:03:37,343 - INFO - AFC is enabled with max remote calls: 10.
2026-09-01 12:03:37,344 - INFO - AFC is enabled with max remote calls: 10.
2026-09-01 12:03:37,345 - INFO - AFC is enabled with max remote calls: 10.
2026-09-01 12:03:37,346 - INFO - AFC is enabled with max remote calls: 10.
2026-09-01 12:03:37,347 - INFO - AFC is enabled with max remote calls: 10.
2026-09-01 12:03:37,348 - INFO - AFC is enabled with max remote calls: 10.
2026-09-01 12:03:37,349 - INFO - AFC is enabled with max remote calls: 10.
2026-09-01 12:03:37,350 - INFO - AFC is enabled with max remote calls: 10.
2026-09-01 12:03:56,337 - INFO - HTTP Request: POST https://generativelanguage.googleapis.com/v1beta/models/gemini-2.5-pro:generateContent "HTTP/1.1 200 OK"
2026-09-01 12:03:56,385 - INFO - HTTP Request: POST https://generativelanguage.googleapis.com/v1beta/models/gemini-2.5-pro:generateContent "HTTP/1.1 200 OK"
2026-09-01 12:03:56,426 - INFO - HTTP Request: POST https://generativelanguage.googleapis.com/v1beta/models/gemini-2.5-pro:generateContent "HTTP/1.1 200 OK"
2026-09-01 12:03:57,927 - INFO - HTTP Request: POST https://generativelanguage.googleapis.com/v1beta/models/gemini-2.5-pro:generateContent "HTTP/1.1 200 OK"
2026-09-01 12:03:57,960 - INFO - HTTP Request: POST https://generativelanguage.googleapis.com/v1beta/models/gemini-2.5-pro:generateContent "HTTP/1.1 200 OK"
2026-09-01 12:03:58,307 - INFO - HTTP Request: POST https://generativelanguage.googleapis.com/v1beta/models/gemini-2.5-pro:generateContent "HTTP/1.1 200 OK"
2026-09-01 12:03:59,181 - INFO - HTTP Request: POST https://generativelanguage.googleapis.com/v1beta/models/gemini-2.5-pro:generateContent "HTTP/1.1 200 OK"
2026-09-01 12:04:00,819 - INFO - HTTP Request: POST https://generativelanguage.googleapis.com/v1beta/models/gemini-2.5-pro:generateContent "HTTP/1.1 200 OK"
2026-09-01 12:04:13,803 - INFO - HTTP Request: POST https://generativelanguage.googleapis.com/v1beta/models/gemini-2.5-pro:generateContent "HTTP/1.1 200 OK"
2026-09-01 12:04:16,140 - INFO - HTTP Request: POST https://generativelanguage.googleapis.com/v1beta/models/gemini-2.5-pro:generateContent "HTTP/1.1 200 OK"
2026-09-01 12:04:16,154 - INFO - [SA] Waiting 10.0s before next Agent 2 window…
2026-09-01 12:04:26,158 - INFO - [SA] Agent 2 window 40-49 (10 batches)
2026-09-01 12:04:26,260 - INFO - AFC is enabled with max remote calls: 10.
2026-09-01 12:04:26,262 - INFO - AFC is enabled with max remote calls: 10.
2026-09-01 12:04:26,264 - INFO - AFC is enabled with max remote calls: 10.
2026-09-01 12:04:26,265 - INFO - AFC is enabled with max remote calls: 10.
2026-09-01 12:04:26,267 - INFO - AFC is enabled with max remote calls: 10.
2026-09-01 12:04:26,268 - INFO - AFC is enabled with max remote calls: 10.
2026-09-01 12:04:26,269 - INFO - AFC is enabled with max remote calls: 10.
2026-09-01 12:04:26,271 - INFO - AFC is enabled with max remote calls: 10.
2026-09-01 12:04:26,272 - INFO - AFC is enabled with max remote calls: 10.
2026-09-01 12:04:26,274 - INFO - AFC is enabled with max remote calls: 10.
2026-09-01 12:04:42,879 - INFO - HTTP Request: POST https://generativelanguage.googleapis.com/v1beta/models/gemini-2.5-pro:generateContent "HTTP/1.1 200 OK"
2026-09-01 12:04:42,892 - INFO - HTTP Request: POST https://generativelanguage.googleapis.com/v1beta/models/gemini-2.5-pro:generateContent "HTTP/1.1 200 OK"
2026-09-01 12:04:43,289 - INFO - HTTP Request: POST https://generativelanguage.googleapis.com/v1beta/models/gemini-2.5-pro:generateContent "HTTP/1.1 200 OK"
2026-09-01 12:04:43,942 - INFO - HTTP Request: POST https://generativelanguage.googleapis.com/v1beta/models/gemini-2.5-pro:generateContent "HTTP/1.1 200 OK"
2026-09-01 12:04:51,480 - INFO - HTTP Request: POST https://generativelanguage.googleapis.com/v1beta/models/gemini-2.5-pro:generateContent "HTTP/1.1 200 OK"
2026-09-01 12:04:51,489 - INFO - HTTP Request: POST https://generativelanguage.googleapis.com/v1beta/models/gemini-2.5-pro:generateContent "HTTP/1.1 200 OK"
2026-09-01 12:04:51,495 - INFO - HTTP Request: POST https://generativelanguage.googleapis.com/v1beta/models/gemini-2.5-pro:generateContent "HTTP/1.1 200 OK"
2026-09-01 12:04:51,496 - INFO - HTTP Request: POST https://generativelanguage.googleapis.com/v1beta/models/gemini-2.5-pro:generateContent "HTTP/1.1 200 OK"
2026-09-01 12:04:53,390 - INFO - HTTP Request: POST https://generativelanguage.googleapis.com/v1beta/models/gemini-2.5-pro:generateContent "HTTP/1.1 200 OK"
2026-09-01 12:05:02,510 - INFO - HTTP Request: POST https://generativelanguage.googleapis.com/v1beta/models/gemini-2.5-pro:generateContent "HTTP/1.1 200 OK"
2026-09-01 12:05:02,519 - INFO - [SA] Waiting 10.0s before next Agent 2 window…
2026-09-01 12:05:12,522 - INFO - [SA] Agent 2 window 50-59 (10 batches)
2026-09-01 12:05:12,612 - INFO - AFC is enabled with max remote calls: 10.
2026-09-01 12:05:12,617 - INFO - AFC is enabled with max remote calls: 10.
2026-09-01 12:05:12,619 - INFO - AFC is enabled with max remote calls: 10.
2026-09-01 12:05:12,623 - INFO - AFC is enabled with max remote calls: 10.
2026-09-01 12:05:12,624 - INFO - AFC is enabled with max remote calls: 10.
2026-09-01 12:05:12,627 - INFO - AFC is enabled with max remote calls: 10.
2026-09-01 12:05:12,631 - INFO - AFC is enabled with max remote calls: 10.
2026-09-01 12:05:12,634 - INFO - AFC is enabled with max remote calls: 10.
2026-09-01 12:05:12,637 - INFO - AFC is enabled with max remote calls: 10.
2026-09-01 12:05:12,639 - INFO - AFC is enabled with max remote calls: 10.
2026-09-01 12:05:25,856 - INFO - HTTP Request: POST https://generativelanguage.googleapis.com/v1beta/models/gemini-2.5-pro:generateContent "HTTP/1.1 200 OK"
2026-09-01 12:05:27,031 - INFO - HTTP Request: POST https://generativelanguage.googleapis.com/v1beta/models/gemini-2.5-pro:generateContent "HTTP/1.1 200 OK"
2026-09-01 12:05:29,717 - INFO - HTTP Request: POST https://generativelanguage.googleapis.com/v1beta/models/gemini-2.5-pro:generateContent "HTTP/1.1 200 OK"
2026-09-01 12:05:29,923 - INFO - HTTP Request: POST https://generativelanguage.googleapis.com/v1beta/models/gemini-2.5-pro:generateContent "HTTP/1.1 200 OK"
2026-09-01 12:05:30,914 - INFO - HTTP Request: POST https://generativelanguage.googleapis.com/v1beta/models/gemini-2.5-pro:generateContent "HTTP/1.1 200 OK"
2026-09-01 12:05:33,802 - INFO - HTTP Request: POST https://generativelanguage.googleapis.com/v1beta/models/gemini-2.5-pro:generateContent "HTTP/1.1 200 OK"
2026-09-01 12:05:33,922 - INFO - HTTP Request: POST https://generativelanguage.googleapis.com/v1beta/models/gemini-2.5-pro:generateContent "HTTP/1.1 200 OK"
2026-09-01 12:05:35,401 - INFO - HTTP Request: POST https://generativelanguage.googleapis.com/v1beta/models/gemini-2.5-pro:generateContent "HTTP/1.1 200 OK"
2026-09-01 12:05:37,637 - INFO - HTTP Request: POST https://generativelanguage.googleapis.com/v1beta/models/gemini-2.5-pro:generateContent "HTTP/1.1 200 OK"
2026-09-01 12:05:37,799 - INFO - HTTP Request: POST https://generativelanguage.googleapis.com/v1beta/models/gemini-2.5-pro:generateContent "HTTP/1.1 200 OK"
2026-09-01 12:05:37,803 - INFO - [SA] Waiting 10.0s before next Agent 2 window…
2026-09-01 12:05:47,809 - INFO - [SA] Agent 2 window 60-69 (10 batches)
2026-09-01 12:05:47,909 - INFO - AFC is enabled with max remote calls: 10.
2026-09-01 12:05:47,916 - INFO - AFC is enabled with max remote calls: 10.
2026-09-01 12:05:47,917 - INFO - AFC is enabled with max remote calls: 10.
2026-09-01 12:05:47,919 - INFO - AFC is enabled with max remote calls: 10.
2026-09-01 12:05:47,921 - INFO - AFC is enabled with max remote calls: 10.
2026-09-01 12:05:47,922 - INFO - AFC is enabled with max remote calls: 10.
2026-09-01 12:05:47,924 - INFO - AFC is enabled with max remote calls: 10.
2026-09-01 12:05:47,925 - INFO - AFC is enabled with max remote calls: 10.
2026-09-01 12:05:47,926 - INFO - AFC is enabled with max remote calls: 10.
2026-09-01 12:05:47,927 - INFO - AFC is enabled with max remote calls: 10.
2026-09-01 12:06:02,375 - INFO - HTTP Request: POST https://generativelanguage.googleapis.com/v1beta/models/gemini-2.5-pro:generateContent "HTTP/1.1 200 OK"
2026-09-01 12:06:02,594 - INFO - HTTP Request: POST https://generativelanguage.googleapis.com/v1beta/models/gemini-2.5-pro:generateContent "HTTP/1.1 200 OK"
2026-09-01 12:06:02,603 - INFO - HTTP Request: POST https://generativelanguage.googleapis.com/v1beta/models/gemini-2.5-pro:generateContent "HTTP/1.1 200 OK"
2026-09-01 12:06:04,143 - INFO - HTTP Request: POST https://generativelanguage.googleapis.com/v1beta/models/gemini-2.5-pro:generateContent "HTTP/1.1 200 OK"
2026-09-01 12:06:08,181 - INFO - HTTP Request: POST https://generativelanguage.googleapis.com/v1beta/models/gemini-2.5-pro:generateContent "HTTP/1.1 200 OK"
2026-09-01 12:06:08,195 - INFO - HTTP Request: POST https://generativelanguage.googleapis.com/v1beta/models/gemini-2.5-pro:generateContent "HTTP/1.1 200 OK"
2026-09-01 12:06:08,882 - INFO - HTTP Request: POST https://generativelanguage.googleapis.com/v1beta/models/gemini-2.5-pro:generateContent "HTTP/1.1 200 OK"
2026-09-01 12:06:12,293 - INFO - HTTP Request: POST https://generativelanguage.googleapis.com/v1beta/models/gemini-2.5-pro:generateContent "HTTP/1.1 200 OK"
2026-09-01 12:06:31,191 - INFO - HTTP Request: POST https://generativelanguage.googleapis.com/v1beta/models/gemini-2.5-pro:generateContent "HTTP/1.1 200 OK"
2026-09-01 12:06:31,382 - INFO - HTTP Request: POST https://generativelanguage.googleapis.com/v1beta/models/gemini-2.5-pro:generateContent "HTTP/1.1 200 OK"
2026-09-01 12:06:31,386 - INFO - [SA] Waiting 10.0s before next Agent 2 window…
2026-09-01 12:06:41,391 - INFO - [SA] Agent 2 window 70-79 (10 batches)
2026-09-01 12:06:41,478 - INFO - AFC is enabled with max remote calls: 10.
2026-09-01 12:06:41,481 - INFO - AFC is enabled with max remote calls: 10.
2026-09-01 12:06:41,483 - INFO - AFC is enabled with max remote calls: 10.
2026-09-01 12:06:41,485 - INFO - AFC is enabled with max remote calls: 10.
2026-09-01 12:06:41,487 - INFO - AFC is enabled with max remote calls: 10.
2026-09-01 12:06:41,488 - INFO - AFC is enabled with max remote calls: 10.
2026-09-01 12:06:41,489 - INFO - AFC is enabled with max remote calls: 10.
2026-09-01 12:06:41,489 - INFO - AFC is enabled with max remote calls: 10.
2026-09-01 12:06:41,491 - INFO - AFC is enabled with max remote calls: 10.
2026-09-01 12:06:41,493 - INFO - AFC is enabled with max remote calls: 10.
2026-09-01 12:06:55,585 - INFO - HTTP Request: POST https://generativelanguage.googleapis.com/v1beta/models/gemini-2.5-pro:generateContent "HTTP/1.1 200 OK"
2026-09-01 12:06:56,418 - INFO - HTTP Request: POST https://generativelanguage.googleapis.com/v1beta/models/gemini-2.5-pro:generateContent "HTTP/1.1 200 OK"
2026-09-01 12:06:56,555 - INFO - HTTP Request: POST https://generativelanguage.googleapis.com/v1beta/models/gemini-2.5-pro:generateContent "HTTP/1.1 200 OK"
2026-09-01 12:06:57,775 - INFO - HTTP Request: POST https://generativelanguage.googleapis.com/v1beta/models/gemini-2.5-pro:generateContent "HTTP/1.1 200 OK"
2026-09-01 12:07:00,993 - INFO - HTTP Request: POST https://generativelanguage.googleapis.com/v1beta/models/gemini-2.5-pro:generateContent "HTTP/1.1 200 OK"
2026-09-01 12:07:01,273 - INFO - HTTP Request: POST https://generativelanguage.googleapis.com/v1beta/models/gemini-2.5-pro:generateContent "HTTP/1.1 200 OK"
2026-09-01 12:07:05,310 - INFO - HTTP Request: POST https://generativelanguage.googleapis.com/v1beta/models/gemini-2.5-pro:generateContent "HTTP/1.1 200 OK"
2026-09-01 12:07:05,575 - INFO - HTTP Request: POST https://generativelanguage.googleapis.com/v1beta/models/gemini-2.5-pro:generateContent "HTTP/1.1 200 OK"
2026-09-01 12:07:06,724 - INFO - HTTP Request: POST https://generativelanguage.googleapis.com/v1beta/models/gemini-2.5-pro:generateContent "HTTP/1.1 200 OK"
2026-09-01 12:07:10,062 - INFO - HTTP Request: POST https://generativelanguage.googleapis.com/v1beta/models/gemini-2.5-pro:generateContent "HTTP/1.1 200 OK"
2026-09-01 12:07:10,076 - INFO - [SA] Waiting 10.0s before next Agent 2 window…
2026-09-01 12:07:20,080 - INFO - [SA] Agent 2 window 80-89 (10 batches)
2026-09-01 12:07:20,170 - INFO - AFC is enabled with max remote calls: 10.
2026-09-01 12:07:20,173 - INFO - AFC is enabled with max remote calls: 10.
2026-09-01 12:07:20,176 - INFO - AFC is enabled with max remote calls: 10.
2026-09-01 12:07:20,178 - INFO - AFC is enabled with max remote calls: 10.
2026-09-01 12:07:20,180 - INFO - AFC is enabled with max remote calls: 10.
2026-09-01 12:07:20,181 - INFO - AFC is enabled with max remote calls: 10.
2026-09-01 12:07:20,182 - INFO - AFC is enabled with max remote calls: 10.
2026-09-01 12:07:20,184 - INFO - AFC is enabled with max remote calls: 10.
2026-09-01 12:07:20,185 - INFO - AFC is enabled with max remote calls: 10.
2026-09-01 12:07:20,188 - INFO - AFC is enabled with max remote calls: 10.
2026-09-01 12:07:34,198 - INFO - HTTP Request: POST https://generativelanguage.googleapis.com/v1beta/models/gemini-2.5-pro:generateContent "HTTP/1.1 200 OK"
2026-09-01 12:07:36,406 - INFO - HTTP Request: POST https://generativelanguage.googleapis.com/v1beta/models/gemini-2.5-pro:generateContent "HTTP/1.1 200 OK"
2026-09-01 12:07:36,411 - INFO - HTTP Request: POST https://generativelanguage.googleapis.com/v1beta/models/gemini-2.5-pro:generateContent "HTTP/1.1 200 OK"
2026-09-01 12:07:39,512 - INFO - HTTP Request: POST https://generativelanguage.googleapis.com/v1beta/models/gemini-2.5-pro:generateContent "HTTP/1.1 200 OK"
2026-09-01 12:07:39,521 - INFO - HTTP Request: POST https://generativelanguage.googleapis.com/v1beta/models/gemini-2.5-pro:generateContent "HTTP/1.1 200 OK"
2026-09-01 12:07:39,524 - INFO - HTTP Request: POST https://generativelanguage.googleapis.com/v1beta/models/gemini-2.5-pro:generateContent "HTTP/1.1 200 OK"
2026-09-01 12:07:41,338 - INFO - HTTP Request: POST https://generativelanguage.googleapis.com/v1beta/models/gemini-2.5-pro:generateContent "HTTP/1.1 200 OK"
2026-09-01 12:07:42,051 - INFO - HTTP Request: POST https://generativelanguage.googleapis.com/v1beta/models/gemini-2.5-pro:generateContent "HTTP/1.1 200 OK"
2026-09-01 12:07:42,792 - INFO - HTTP Request: POST https://generativelanguage.googleapis.com/v1beta/models/gemini-2.5-pro:generateContent "HTTP/1.1 200 OK"
2026-09-01 12:07:48,994 - INFO - HTTP Request: POST https://generativelanguage.googleapis.com/v1beta/models/gemini-2.5-pro:generateContent "HTTP/1.1 200 OK"
2026-09-01 12:07:49,004 - INFO - [SA] Waiting 10.0s before next Agent 2 window…
2026-09-01 12:07:59,006 - INFO - [SA] Agent 2 window 90-99 (10 batches)
2026-09-01 12:07:59,083 - INFO - AFC is enabled with max remote calls: 10.
2026-09-01 12:07:59,085 - INFO - AFC is enabled with max remote calls: 10.
2026-09-01 12:07:59,087 - INFO - AFC is enabled with max remote calls: 10.
2026-09-01 12:07:59,088 - INFO - AFC is enabled with max remote calls: 10.
2026-09-01 12:07:59,089 - INFO - AFC is enabled with max remote calls: 10.
2026-09-01 12:07:59,091 - INFO - AFC is enabled with max remote calls: 10.
2026-09-01 12:07:59,093 - INFO - AFC is enabled with max remote calls: 10.
2026-09-01 12:07:59,095 - INFO - AFC is enabled with max remote calls: 10.
2026-09-01 12:07:59,097 - INFO - AFC is enabled with max remote calls: 10.
2026-09-01 12:07:59,099 - INFO - AFC is enabled with max remote calls: 10.
2026-09-01 12:08:13,294 - INFO - HTTP Request: POST https://generativelanguage.googleapis.com/v1beta/models/gemini-2.5-pro:generateContent "HTTP/1.1 200 OK"
2026-09-01 12:08:14,498 - INFO - HTTP Request: POST https://generativelanguage.googleapis.com/v1beta/models/gemini-2.5-pro:generateContent "HTTP/1.1 200 OK"
2026-09-01 12:08:15,836 - INFO - HTTP Request: POST https://generativelanguage.googleapis.com/v1beta/models/gemini-2.5-pro:generateContent "HTTP/1.1 200 OK"
2026-09-01 12:08:16,797 - INFO - HTTP Request: POST https://generativelanguage.googleapis.com/v1beta/models/gemini-2.5-pro:generateContent "HTTP/1.1 200 OK"
2026-09-01 12:08:18,355 - INFO - HTTP Request: POST https://generativelanguage.googleapis.com/v1beta/models/gemini-2.5-pro:generateContent "HTTP/1.1 200 OK"
2026-09-01 12:08:20,309 - INFO - HTTP Request: POST https://generativelanguage.googleapis.com/v1beta/models/gemini-2.5-pro:generateContent "HTTP/1.1 200 OK"
2026-09-01 12:08:22,413 - INFO - HTTP Request: POST https://generativelanguage.googleapis.com/v1beta/models/gemini-2.5-pro:generateContent "HTTP/1.1 200 OK"
2026-09-01 12:08:24,523 - INFO - HTTP Request: POST https://generativelanguage.googleapis.com/v1beta/models/gemini-2.5-pro:generateContent "HTTP/1.1 200 OK"
2026-09-01 12:08:30,674 - INFO - HTTP Request: POST https://generativelanguage.googleapis.com/v1beta/models/gemini-2.5-pro:generateContent "HTTP/1.1 200 OK"
2026-09-01 12:08:35,205 - INFO - HTTP Request: POST https://generativelanguage.googleapis.com/v1beta/models/gemini-2.5-pro:generateContent "HTTP/1.1 200 OK"
2026-09-01 12:08:35,219 - INFO - [SA] Waiting 10.0s before next Agent 2 window…
2026-09-01 12:08:45,220 - INFO - [SA] Agent 2 window 100-109 (10 batches)
2026-09-01 12:08:45,261 - INFO - AFC is enabled with max remote calls: 10.
2026-09-01 12:08:45,264 - INFO - AFC is enabled with max remote calls: 10.
2026-09-01 12:08:45,267 - INFO - AFC is enabled with max remote calls: 10.
2026-09-01 12:08:45,269 - INFO - AFC is enabled with max remote calls: 10.
2026-09-01 12:08:45,269 - INFO - AFC is enabled with max remote calls: 10.
2026-09-01 12:08:45,270 - INFO - AFC is enabled with max remote calls: 10.
2026-09-01 12:08:45,271 - INFO - AFC is enabled with max remote calls: 10.
2026-09-01 12:08:45,272 - INFO - AFC is enabled with max remote calls: 10.
2026-09-01 12:08:45,274 - INFO - AFC is enabled with max remote calls: 10.
2026-09-01 12:08:45,275 - INFO - AFC is enabled with max remote calls: 10.
2026-09-01 12:09:00,829 - INFO - HTTP Request: POST https://generativelanguage.googleapis.com/v1beta/models/gemini-2.5-pro:generateContent "HTTP/1.1 200 OK"
2026-09-01 12:09:02,692 - INFO - HTTP Request: POST https://generativelanguage.googleapis.com/v1beta/models/gemini-2.5-pro:generateContent "HTTP/1.1 200 OK"
2026-09-01 12:09:03,345 - INFO - HTTP Request: POST https://generativelanguage.googleapis.com/v1beta/models/gemini-2.5-pro:generateContent "HTTP/1.1 200 OK"
2026-09-01 12:09:04,651 - INFO - HTTP Request: POST https://generativelanguage.googleapis.com/v1beta/models/gemini-2.5-pro:generateContent "HTTP/1.1 200 OK"
2026-09-01 12:09:05,235 - INFO - HTTP Request: POST https://generativelanguage.googleapis.com/v1beta/models/gemini-2.5-pro:generateContent "HTTP/1.1 200 OK"
2026-09-01 12:09:07,927 - INFO - HTTP Request: POST https://generativelanguage.googleapis.com/v1beta/models/gemini-2.5-pro:generateContent "HTTP/1.1 200 OK"
2026-09-01 12:09:09,586 - INFO - HTTP Request: POST https://generativelanguage.googleapis.com/v1beta/models/gemini-2.5-pro:generateContent "HTTP/1.1 200 OK"
2026-09-01 12:09:10,254 - INFO - HTTP Request: POST https://generativelanguage.googleapis.com/v1beta/models/gemini-2.5-pro:generateContent "HTTP/1.1 200 OK"
2026-09-01 12:09:13,803 - INFO - HTTP Request: POST https://generativelanguage.googleapis.com/v1beta/models/gemini-2.5-pro:generateContent "HTTP/1.1 200 OK"
2026-09-01 12:09:29,134 - INFO - HTTP Request: POST https://generativelanguage.googleapis.com/v1beta/models/gemini-2.5-pro:generateContent "HTTP/1.1 200 OK"
2026-09-01 12:09:29,149 - INFO - [SA] Waiting 10.0s before next Agent 2 window…
2026-09-01 12:09:39,152 - INFO - [SA] Agent 2 window 110-119 (10 batches)
2026-09-01 12:09:39,215 - INFO - AFC is enabled with max remote calls: 10.
2026-09-01 12:09:39,220 - INFO - AFC is enabled with max remote calls: 10.
2026-09-01 12:09:39,221 - INFO - AFC is enabled with max remote calls: 10.
2026-09-01 12:09:39,222 - INFO - AFC is enabled with max remote calls: 10.
2026-09-01 12:09:39,224 - INFO - AFC is enabled with max remote calls: 10.
2026-09-01 12:09:39,226 - INFO - AFC is enabled with max remote calls: 10.
2026-09-01 12:09:39,227 - INFO - AFC is enabled with max remote calls: 10.
2026-09-01 12:09:39,228 - INFO - AFC is enabled with max remote calls: 10.
2026-09-01 12:09:39,228 - INFO - AFC is enabled with max remote calls: 10.
2026-09-01 12:09:39,229 - INFO - AFC is enabled with max remote calls: 10.
2026-09-01 12:09:52,896 - INFO - HTTP Request: POST https://generativelanguage.googleapis.com/v1beta/models/gemini-2.5-pro:generateContent "HTTP/1.1 200 OK"
2026-09-01 12:09:53,324 - INFO - HTTP Request: POST https://generativelanguage.googleapis.com/v1beta/models/gemini-2.5-pro:generateContent "HTTP/1.1 200 OK"
2026-09-01 12:09:54,427 - INFO - HTTP Request: POST https://generativelanguage.googleapis.com/v1beta/models/gemini-2.5-pro:generateContent "HTTP/1.1 200 OK"
2026-09-01 12:09:55,567 - INFO - HTTP Request: POST https://generativelanguage.googleapis.com/v1beta/models/gemini-2.5-pro:generateContent "HTTP/1.1 200 OK"
2026-09-01 12:09:58,582 - INFO - HTTP Request: POST https://generativelanguage.googleapis.com/v1beta/models/gemini-2.5-pro:generateContent "HTTP/1.1 200 OK"
2026-09-01 12:10:08,081 - INFO - HTTP Request: POST https://generativelanguage.googleapis.com/v1beta/models/gemini-2.5-pro:generateContent "HTTP/1.1 200 OK"
2026-09-01 12:10:09,518 - INFO - HTTP Request: POST https://generativelanguage.googleapis.com/v1beta/models/gemini-2.5-pro:generateContent "HTTP/1.1 200 OK"
2026-09-01 12:10:09,528 - INFO - HTTP Request: POST https://generativelanguage.googleapis.com/v1beta/models/gemini-2.5-pro:generateContent "HTTP/1.1 200 OK"
2026-09-01 12:10:13,535 - INFO - HTTP Request: POST https://generativelanguage.googleapis.com/v1beta/models/gemini-2.5-pro:generateContent "HTTP/1.1 200 OK"
2026-09-01 12:10:33,135 - INFO - HTTP Request: POST https://generativelanguage.googleapis.com/v1beta/models/gemini-2.5-pro:generateContent "HTTP/1.1 200 OK"
2026-09-01 12:10:33,145 - INFO - [SA] Waiting 10.0s before next Agent 2 window…
2026-09-01 12:10:43,148 - INFO - [SA] Agent 2 window 120-129 (10 batches)
2026-09-01 12:10:43,209 - INFO - AFC is enabled with max remote calls: 10.
2026-09-01 12:10:43,214 - INFO - AFC is enabled with max remote calls: 10.
2026-09-01 12:10:43,215 - INFO - AFC is enabled with max remote calls: 10.
2026-09-01 12:10:43,218 - INFO - AFC is enabled with max remote calls: 10.
2026-09-01 12:10:43,219 - INFO - AFC is enabled with max remote calls: 10.
2026-09-01 12:10:43,223 - INFO - AFC is enabled with max remote calls: 10.
2026-09-01 12:10:43,226 - INFO - AFC is enabled with max remote calls: 10.
2026-09-01 12:10:43,229 - INFO - AFC is enabled with max remote calls: 10.
2026-09-01 12:10:43,231 - INFO - AFC is enabled with max remote calls: 10.
2026-09-01 12:10:43,234 - INFO - AFC is enabled with max remote calls: 10.
2026-09-01 12:10:59,116 - INFO - HTTP Request: POST https://generativelanguage.googleapis.com/v1beta/models/gemini-2.5-pro:generateContent "HTTP/1.1 200 OK"
2026-09-01 12:11:00,671 - INFO - HTTP Request: POST https://generativelanguage.googleapis.com/v1beta/models/gemini-2.5-pro:generateContent "HTTP/1.1 200 OK"
2026-09-01 12:11:01,189 - INFO - HTTP Request: POST https://generativelanguage.googleapis.com/v1beta/models/gemini-2.5-pro:generateContent "HTTP/1.1 200 OK"
2026-09-01 12:11:02,617 - INFO - HTTP Request: POST https://generativelanguage.googleapis.com/v1beta/models/gemini-2.5-pro:generateContent "HTTP/1.1 200 OK"
2026-09-01 12:11:03,402 - INFO - HTTP Request: POST https://generativelanguage.googleapis.com/v1beta/models/gemini-2.5-pro:generateContent "HTTP/1.1 200 OK"
2026-09-01 12:11:04,447 - INFO - HTTP Request: POST https://generativelanguage.googleapis.com/v1beta/models/gemini-2.5-pro:generateContent "HTTP/1.1 200 OK"
2026-09-01 12:11:06,162 - INFO - HTTP Request: POST https://generativelanguage.googleapis.com/v1beta/models/gemini-2.5-pro:generateContent "HTTP/1.1 200 OK"
2026-09-01 12:11:07,584 - INFO - HTTP Request: POST https://generativelanguage.googleapis.com/v1beta/models/gemini-2.5-pro:generateContent "HTTP/1.1 200 OK"
2026-09-01 12:11:08,423 - INFO - HTTP Request: POST https://generativelanguage.googleapis.com/v1beta/models/gemini-2.5-pro:generateContent "HTTP/1.1 200 OK"
2026-09-01 12:11:15,039 - INFO - HTTP Request: POST https://generativelanguage.googleapis.com/v1beta/models/gemini-2.5-pro:generateContent "HTTP/1.1 200 OK"
2026-09-01 12:11:15,051 - INFO - [SA] Waiting 10.0s before next Agent 2 window…
2026-09-01 12:11:25,054 - INFO - [SA] Agent 2 window 130-139 (10 batches)
2026-09-01 12:11:25,131 - INFO - AFC is enabled with max remote calls: 10.
2026-09-01 12:11:25,135 - INFO - AFC is enabled with max remote calls: 10.
2026-09-01 12:11:25,136 - INFO - AFC is enabled with max remote calls: 10.
2026-09-01 12:11:25,139 - INFO - AFC is enabled with max remote calls: 10.
2026-09-01 12:11:25,140 - INFO - AFC is enabled with max remote calls: 10.
2026-09-01 12:11:25,142 - INFO - AFC is enabled with max remote calls: 10.
2026-09-01 12:11:25,143 - INFO - AFC is enabled with max remote calls: 10.
2026-09-01 12:11:25,145 - INFO - AFC is enabled with max remote calls: 10.
2026-09-01 12:11:25,147 - INFO - AFC is enabled with max remote calls: 10.
2026-09-01 12:11:25,149 - INFO - AFC is enabled with max remote calls: 10.
2026-09-01 12:11:39,592 - INFO - HTTP Request: POST https://generativelanguage.googleapis.com/v1beta/models/gemini-2.5-pro:generateContent "HTTP/1.1 200 OK"
2026-09-01 12:11:41,936 - INFO - HTTP Request: POST https://generativelanguage.googleapis.com/v1beta/models/gemini-2.5-pro:generateContent "HTTP/1.1 200 OK"
2026-09-01 12:11:42,125 - INFO - HTTP Request: POST https://generativelanguage.googleapis.com/v1beta/models/gemini-2.5-pro:generateContent "HTTP/1.1 200 OK"
2026-09-01 12:11:42,338 - INFO - HTTP Request: POST https://generativelanguage.googleapis.com/v1beta/models/gemini-2.5-pro:generateContent "HTTP/1.1 200 OK"
2026-09-01 12:11:43,712 - INFO - HTTP Request: POST https://generativelanguage.googleapis.com/v1beta/models/gemini-2.5-pro:generateContent "HTTP/1.1 200 OK"
2026-09-01 12:11:44,151 - INFO - HTTP Request: POST https://generativelanguage.googleapis.com/v1beta/models/gemini-2.5-pro:generateContent "HTTP/1.1 200 OK"
2026-09-01 12:11:46,119 - INFO - HTTP Request: POST https://generativelanguage.googleapis.com/v1beta/models/gemini-2.5-pro:generateContent "HTTP/1.1 200 OK"
2026-09-01 12:11:49,156 - INFO - HTTP Request: POST https://generativelanguage.googleapis.com/v1beta/models/gemini-2.5-pro:generateContent "HTTP/1.1 200 OK"
2026-09-01 12:11:55,445 - INFO - HTTP Request: POST https://generativelanguage.googleapis.com/v1beta/models/gemini-2.5-pro:generateContent "HTTP/1.1 200 OK"
2026-09-01 12:12:06,026 - INFO - HTTP Request: POST https://generativelanguage.googleapis.com/v1beta/models/gemini-2.5-pro:generateContent "HTTP/1.1 200 OK"
2026-09-01 12:12:06,041 - INFO - [SA] Waiting 10.0s before next Agent 2 window…
2026-09-01 12:12:16,048 - INFO - [SA] Agent 2 window 140-149 (10 batches)
2026-09-01 12:12:16,166 - INFO - AFC is enabled with max remote calls: 10.
2026-09-01 12:12:16,188 - INFO - AFC is enabled with max remote calls: 10.
2026-09-01 12:12:16,194 - INFO - AFC is enabled with max remote calls: 10.
2026-09-01 12:12:16,202 - INFO - AFC is enabled with max remote calls: 10.
2026-09-01 12:12:16,208 - INFO - AFC is enabled with max remote calls: 10.
2026-09-01 12:12:16,212 - INFO - AFC is enabled with max remote calls: 10.
2026-09-01 12:12:16,218 - INFO - AFC is enabled with max remote calls: 10.
2026-09-01 12:12:16,221 - INFO - AFC is enabled with max remote calls: 10.
2026-09-01 12:12:16,227 - INFO - AFC is enabled with max remote calls: 10.
2026-09-01 12:12:16,231 - INFO - AFC is enabled with max remote calls: 10.
2026-09-01 12:12:31,628 - INFO - HTTP Request: POST https://generativelanguage.googleapis.com/v1beta/models/gemini-2.5-pro:generateContent "HTTP/1.1 200 OK"
2026-09-01 12:12:32,876 - INFO - HTTP Request: POST https://generativelanguage.googleapis.com/v1beta/models/gemini-2.5-pro:generateContent "HTTP/1.1 200 OK"
2026-09-01 12:12:34,454 - INFO - HTTP Request: POST https://generativelanguage.googleapis.com/v1beta/models/gemini-2.5-pro:generateContent "HTTP/1.1 200 OK"
2026-09-01 12:12:34,736 - INFO - HTTP Request: POST https://generativelanguage.googleapis.com/v1beta/models/gemini-2.5-pro:generateContent "HTTP/1.1 200 OK"
2026-09-01 12:12:34,830 - INFO - HTTP Request: POST https://generativelanguage.googleapis.com/v1beta/models/gemini-2.5-pro:generateContent "HTTP/1.1 200 OK"
2026-09-01 12:12:35,367 - INFO - HTTP Request: POST https://generativelanguage.googleapis.com/v1beta/models/gemini-2.5-pro:generateContent "HTTP/1.1 200 OK"
2026-09-01 12:12:36,416 - INFO - HTTP Request: POST https://generativelanguage.googleapis.com/v1beta/models/gemini-2.5-pro:generateContent "HTTP/1.1 200 OK"
2026-09-01 12:12:39,464 - INFO - HTTP Request: POST https://generativelanguage.googleapis.com/v1beta/models/gemini-2.5-pro:generateContent "HTTP/1.1 200 OK"
2026-09-01 12:12:49,698 - INFO - HTTP Request: POST https://generativelanguage.googleapis.com/v1beta/models/gemini-2.5-pro:generateContent "HTTP/1.1 200 OK"
2026-09-01 12:12:52,570 - INFO - HTTP Request: POST https://generativelanguage.googleapis.com/v1beta/models/gemini-2.5-pro:generateContent "HTTP/1.1 200 OK"
2026-09-01 12:12:52,578 - INFO - [SA] Waiting 10.0s before next Agent 2 window…
2026-09-01 12:13:02,573 - INFO - [SA] Agent 2 window 150-159 (10 batches)
2026-09-01 12:13:02,658 - INFO - AFC is enabled with max remote calls: 10.
2026-09-01 12:13:02,661 - INFO - AFC is enabled with max remote calls: 10.
2026-09-01 12:13:02,663 - INFO - AFC is enabled with max remote calls: 10.
2026-09-01 12:13:02,664 - INFO - AFC is enabled with max remote calls: 10.
2026-09-01 12:13:02,666 - INFO - AFC is enabled with max remote calls: 10.
2026-09-01 12:13:02,667 - INFO - AFC is enabled with max remote calls: 10.
2026-09-01 12:13:02,669 - INFO - AFC is enabled with max remote calls: 10.
2026-09-01 12:13:02,670 - INFO - AFC is enabled with max remote calls: 10.
2026-09-01 12:13:02,672 - INFO - AFC is enabled with max remote calls: 10.
2026-09-01 12:13:02,674 - INFO - AFC is enabled with max remote calls: 10.
2026-09-01 12:13:18,235 - INFO - HTTP Request: POST https://generativelanguage.googleapis.com/v1beta/models/gemini-2.5-pro:generateContent "HTTP/1.1 200 OK"
2026-09-01 12:13:18,821 - INFO - HTTP Request: POST https://generativelanguage.googleapis.com/v1beta/models/gemini-2.5-pro:generateContent "HTTP/1.1 200 OK"
2026-09-01 12:13:18,880 - INFO - HTTP Request: POST https://generativelanguage.googleapis.com/v1beta/models/gemini-2.5-pro:generateContent "HTTP/1.1 200 OK"
2026-09-01 12:13:22,149 - INFO - HTTP Request: POST https://generativelanguage.googleapis.com/v1beta/models/gemini-2.5-pro:generateContent "HTTP/1.1 200 OK"
2026-09-01 12:13:23,317 - INFO - HTTP Request: POST https://generativelanguage.googleapis.com/v1beta/models/gemini-2.5-pro:generateContent "HTTP/1.1 200 OK"
2026-09-01 12:13:24,410 - INFO - HTTP Request: POST https://generativelanguage.googleapis.com/v1beta/models/gemini-2.5-pro:generateContent "HTTP/1.1 200 OK"
2026-09-01 12:13:24,897 - INFO - HTTP Request: POST https://generativelanguage.googleapis.com/v1beta/models/gemini-2.5-pro:generateContent "HTTP/1.1 200 OK"
2026-09-01 12:13:26,691 - INFO - HTTP Request: POST https://generativelanguage.googleapis.com/v1beta/models/gemini-2.5-pro:generateContent "HTTP/1.1 200 OK"
2026-09-01 12:13:26,736 - INFO - HTTP Request: POST https://generativelanguage.googleapis.com/v1beta/models/gemini-2.5-pro:generateContent "HTTP/1.1 200 OK"
2026-09-01 12:13:27,673 - INFO - HTTP Request: POST https://generativelanguage.googleapis.com/v1beta/models/gemini-2.5-pro:generateContent "HTTP/1.1 200 OK"
2026-09-01 12:13:27,677 - INFO - [SA] Waiting 10.0s before next Agent 2 window…
2026-09-01 12:13:37,679 - INFO - [SA] Agent 2 window 160-169 (10 batches)
2026-09-01 12:13:37,773 - INFO - AFC is enabled with max remote calls: 10.
2026-09-01 12:13:37,779 - INFO - AFC is enabled with max remote calls: 10.
2026-09-01 12:13:37,781 - INFO - AFC is enabled with max remote calls: 10.
2026-09-01 12:13:37,784 - INFO - AFC is enabled with max remote calls: 10.
2026-09-01 12:13:37,786 - INFO - AFC is enabled with max remote calls: 10.
2026-09-01 12:13:37,787 - INFO - AFC is enabled with max remote calls: 10.
2026-09-01 12:13:37,789 - INFO - AFC is enabled with max remote calls: 10.
2026-09-01 12:13:37,790 - INFO - AFC is enabled with max remote calls: 10.
2026-09-01 12:13:37,793 - INFO - AFC is enabled with max remote calls: 10.
2026-09-01 12:13:37,794 - INFO - AFC is enabled with max remote calls: 10.
2026-09-01 12:13:53,168 - INFO - HTTP Request: POST https://generativelanguage.googleapis.com/v1beta/models/gemini-2.5-pro:generateContent "HTTP/1.1 200 OK"
2026-09-01 12:13:53,992 - INFO - HTTP Request: POST https://generativelanguage.googleapis.com/v1beta/models/gemini-2.5-pro:generateContent "HTTP/1.1 200 OK"
2026-09-01 12:13:54,584 - INFO - HTTP Request: POST https://generativelanguage.googleapis.com/v1beta/models/gemini-2.5-pro:generateContent "HTTP/1.1 200 OK"
2026-09-01 12:13:57,805 - INFO - HTTP Request: POST https://generativelanguage.googleapis.com/v1beta/models/gemini-2.5-pro:generateContent "HTTP/1.1 200 OK"
2026-09-01 12:13:58,075 - INFO - HTTP Request: POST https://generativelanguage.googleapis.com/v1beta/models/gemini-2.5-pro:generateContent "HTTP/1.1 200 OK"
2026-09-01 12:13:59,881 - INFO - HTTP Request: POST https://generativelanguage.googleapis.com/v1beta/models/gemini-2.5-pro:generateContent "HTTP/1.1 200 OK"
2026-09-01 12:14:00,360 - INFO - HTTP Request: POST https://generativelanguage.googleapis.com/v1beta/models/gemini-2.5-pro:generateContent "HTTP/1.1 200 OK"
2026-09-01 12:14:02,817 - INFO - HTTP Request: POST https://generativelanguage.googleapis.com/v1beta/models/gemini-2.5-pro:generateContent "HTTP/1.1 200 OK"
2026-09-01 12:14:10,181 - INFO - HTTP Request: POST https://generativelanguage.googleapis.com/v1beta/models/gemini-2.5-pro:generateContent "HTTP/1.1 200 OK"
2026-09-01 12:14:12,765 - INFO - HTTP Request: POST https://generativelanguage.googleapis.com/v1beta/models/gemini-2.5-pro:generateContent "HTTP/1.1 200 OK"
2026-09-01 12:14:12,772 - INFO - [SA] Waiting 10.0s before next Agent 2 window…
2026-09-01 12:14:22,776 - INFO - [SA] Agent 2 window 170-179 (10 batches)
2026-09-01 12:14:22,875 - INFO - AFC is enabled with max remote calls: 10.
2026-09-01 12:14:22,878 - INFO - AFC is enabled with max remote calls: 10.
2026-09-01 12:14:22,881 - INFO - AFC is enabled with max remote calls: 10.
2026-09-01 12:14:22,883 - INFO - AFC is enabled with max remote calls: 10.
2026-09-01 12:14:22,884 - INFO - AFC is enabled with max remote calls: 10.
2026-09-01 12:14:22,886 - INFO - AFC is enabled with max remote calls: 10.
2026-09-01 12:14:22,887 - INFO - AFC is enabled with max remote calls: 10.
2026-09-01 12:14:22,888 - INFO - AFC is enabled with max remote calls: 10.
2026-09-01 12:14:22,890 - INFO - AFC is enabled with max remote calls: 10.
2026-09-01 12:14:22,891 - INFO - AFC is enabled with max remote calls: 10.
2026-09-01 12:14:38,009 - INFO - HTTP Request: POST https://generativelanguage.googleapis.com/v1beta/models/gemini-2.5-pro:generateContent "HTTP/1.1 200 OK"
2026-09-01 12:14:39,074 - INFO - HTTP Request: POST https://generativelanguage.googleapis.com/v1beta/models/gemini-2.5-pro:generateContent "HTTP/1.1 200 OK"
2026-09-01 12:14:42,651 - INFO - HTTP Request: POST https://generativelanguage.googleapis.com/v1beta/models/gemini-2.5-pro:generateContent "HTTP/1.1 200 OK"
2026-09-01 12:14:43,349 - INFO - HTTP Request: POST https://generativelanguage.googleapis.com/v1beta/models/gemini-2.5-pro:generateContent "HTTP/1.1 200 OK"
2026-09-01 12:14:44,223 - INFO - HTTP Request: POST https://generativelanguage.googleapis.com/v1beta/models/gemini-2.5-pro:generateContent "HTTP/1.1 200 OK"
2026-09-01 12:14:45,472 - INFO - HTTP Request: POST https://generativelanguage.googleapis.com/v1beta/models/gemini-2.5-pro:generateContent "HTTP/1.1 200 OK"
2026-09-01 12:14:46,734 - INFO - HTTP Request: POST https://generativelanguage.googleapis.com/v1beta/models/gemini-2.5-pro:generateContent "HTTP/1.1 200 OK"
2026-09-01 12:14:47,204 - INFO - HTTP Request: POST https://generativelanguage.googleapis.com/v1beta/models/gemini-2.5-pro:generateContent "HTTP/1.1 200 OK"
2026-09-01 12:14:49,783 - INFO - HTTP Request: POST https://generativelanguage.googleapis.com/v1beta/models/gemini-2.5-pro:generateContent "HTTP/1.1 200 OK"
2026-09-01 12:14:52,177 - INFO - HTTP Request: POST https://generativelanguage.googleapis.com/v1beta/models/gemini-2.5-pro:generateContent "HTTP/1.1 200 OK"
2026-09-01 12:14:52,193 - INFO - [SA] Waiting 10.0s before next Agent 2 window…
2026-09-01 12:15:02,196 - INFO - [SA] Agent 2 window 180-189 (10 batches)
2026-09-01 12:15:02,262 - INFO - AFC is enabled with max remote calls: 10.
2026-09-01 12:15:02,268 - INFO - AFC is enabled with max remote calls: 10.
2026-09-01 12:15:02,269 - INFO - AFC is enabled with max remote calls: 10.
2026-09-01 12:15:02,272 - INFO - AFC is enabled with max remote calls: 10.
2026-09-01 12:15:02,273 - INFO - AFC is enabled with max remote calls: 10.
2026-09-01 12:15:02,275 - INFO - AFC is enabled with max remote calls: 10.
2026-09-01 12:15:02,277 - INFO - AFC is enabled with max remote calls: 10.
2026-09-01 12:15:02,278 - INFO - AFC is enabled with max remote calls: 10.
2026-09-01 12:15:02,280 - INFO - AFC is enabled with max remote calls: 10.
2026-09-01 12:15:02,282 - INFO - AFC is enabled with max remote calls: 10.
2026-09-01 12:15:20,167 - INFO - HTTP Request: POST https://generativelanguage.googleapis.com/v1beta/models/gemini-2.5-pro:generateContent "HTTP/1.1 200 OK"
2026-09-01 12:15:22,104 - INFO - HTTP Request: POST https://generativelanguage.googleapis.com/v1beta/models/gemini-2.5-pro:generateContent "HTTP/1.1 200 OK"
2026-09-01 12:15:23,965 - INFO - HTTP Request: POST https://generativelanguage.googleapis.com/v1beta/models/gemini-2.5-pro:generateContent "HTTP/1.1 200 OK"
2026-09-01 12:15:24,054 - INFO - HTTP Request: POST https://generativelanguage.googleapis.com/v1beta/models/gemini-2.5-pro:generateContent "HTTP/1.1 200 OK"
2026-09-01 12:15:26,980 - INFO - HTTP Request: POST https://generativelanguage.googleapis.com/v1beta/models/gemini-2.5-pro:generateContent "HTTP/1.1 200 OK"
2026-09-01 12:15:28,066 - INFO - HTTP Request: POST https://generativelanguage.googleapis.com/v1beta/models/gemini-2.5-pro:generateContent "HTTP/1.1 200 OK"
2026-09-01 12:15:29,502 - INFO - HTTP Request: POST https://generativelanguage.googleapis.com/v1beta/models/gemini-2.5-pro:generateContent "HTTP/1.1 200 OK"
2026-09-01 12:15:30,385 - INFO - HTTP Request: POST https://generativelanguage.googleapis.com/v1beta/models/gemini-2.5-pro:generateContent "HTTP/1.1 200 OK"
2026-09-01 12:15:34,590 - INFO - HTTP Request: POST https://generativelanguage.googleapis.com/v1beta/models/gemini-2.5-pro:generateContent "HTTP/1.1 200 OK"
2026-09-01 12:15:46,369 - INFO - HTTP Request: POST https://generativelanguage.googleapis.com/v1beta/models/gemini-2.5-pro:generateContent "HTTP/1.1 200 OK"
2026-09-01 12:15:46,383 - INFO - [SA] Waiting 10.0s before next Agent 2 window…
2026-09-01 12:15:56,387 - INFO - [SA] Agent 2 window 190-199 (10 batches)
2026-09-01 12:15:56,477 - INFO - AFC is enabled with max remote calls: 10.
2026-09-01 12:15:56,482 - INFO - AFC is enabled with max remote calls: 10.
2026-09-01 12:15:56,483 - INFO - AFC is enabled with max remote calls: 10.
2026-09-01 12:15:56,484 - INFO - AFC is enabled with max remote calls: 10.
2026-09-01 12:15:56,486 - INFO - AFC is enabled with max remote calls: 10.
2026-09-01 12:15:56,487 - INFO - AFC is enabled with max remote calls: 10.
2026-09-01 12:15:56,492 - INFO - AFC is enabled with max remote calls: 10.
2026-09-01 12:15:56,493 - INFO - AFC is enabled with max remote calls: 10.
2026-09-01 12:15:56,494 - INFO - AFC is enabled with max remote calls: 10.
2026-09-01 12:15:56,497 - INFO - AFC is enabled with max remote calls: 10.
2026-09-01 12:16:14,301 - INFO - HTTP Request: POST https://generativelanguage.googleapis.com/v1beta/models/gemini-2.5-pro:generateContent "HTTP/1.1 200 OK"
2026-09-01 12:16:14,942 - INFO - HTTP Request: POST https://generativelanguage.googleapis.com/v1beta/models/gemini-2.5-pro:generateContent "HTTP/1.1 200 OK"
2026-09-01 12:16:15,724 - INFO - HTTP Request: POST https://generativelanguage.googleapis.com/v1beta/models/gemini-2.5-pro:generateContent "HTTP/1.1 200 OK"
2026-09-01 12:16:17,709 - INFO - HTTP Request: POST https://generativelanguage.googleapis.com/v1beta/models/gemini-2.5-pro:generateContent "HTTP/1.1 200 OK"
2026-09-01 12:16:22,015 - INFO - HTTP Request: POST https://generativelanguage.googleapis.com/v1beta/models/gemini-2.5-pro:generateContent "HTTP/1.1 200 OK"
2026-09-01 12:16:26,493 - INFO - HTTP Request: POST https://generativelanguage.googleapis.com/v1beta/models/gemini-2.5-pro:generateContent "HTTP/1.1 200 OK"
2026-09-01 12:16:28,150 - INFO - HTTP Request: POST https://generativelanguage.googleapis.com/v1beta/models/gemini-2.5-pro:generateContent "HTTP/1.1 200 OK"
2026-09-01 12:16:29,432 - INFO - HTTP Request: POST https://generativelanguage.googleapis.com/v1beta/models/gemini-2.5-pro:generateContent "HTTP/1.1 200 OK"
2026-09-01 12:16:32,877 - INFO - HTTP Request: POST https://generativelanguage.googleapis.com/v1beta/models/gemini-2.5-pro:generateContent "HTTP/1.1 200 OK"
2026-09-01 12:16:34,934 - INFO - HTTP Request: POST https://generativelanguage.googleapis.com/v1beta/models/gemini-2.5-pro:generateContent "HTTP/1.1 200 OK"
2026-09-01 12:16:34,948 - INFO - [SA] Waiting 10.0s before next Agent 2 window…
2026-09-01 12:16:44,950 - INFO - [SA] Agent 2 window 200-209 (10 batches)
2026-09-01 12:16:45,017 - INFO - AFC is enabled with max remote calls: 10.
2026-09-01 12:16:45,024 - INFO - AFC is enabled with max remote calls: 10.
2026-09-01 12:16:45,026 - INFO - AFC is enabled with max remote calls: 10.
2026-09-01 12:16:45,029 - INFO - AFC is enabled with max remote calls: 10.
2026-09-01 12:16:45,030 - INFO - AFC is enabled with max remote calls: 10.
2026-09-01 12:16:45,033 - INFO - AFC is enabled with max remote calls: 10.
2026-09-01 12:16:45,034 - INFO - AFC is enabled with max remote calls: 10.
2026-09-01 12:16:45,035 - INFO - AFC is enabled with max remote calls: 10.
2026-09-01 12:16:45,037 - INFO - AFC is enabled with max remote calls: 10.
2026-09-01 12:16:45,038 - INFO - AFC is enabled with max remote calls: 10.
2026-09-01 12:17:02,182 - INFO - HTTP Request: POST https://generativelanguage.googleapis.com/v1beta/models/gemini-2.5-pro:generateContent "HTTP/1.1 200 OK"
2026-09-01 12:17:03,297 - INFO - HTTP Request: POST https://generativelanguage.googleapis.com/v1beta/models/gemini-2.5-pro:generateContent "HTTP/1.1 200 OK"
2026-09-01 12:17:03,721 - INFO - HTTP Request: POST https://generativelanguage.googleapis.com/v1beta/models/gemini-2.5-pro:generateContent "HTTP/1.1 200 OK"
2026-09-01 12:17:03,781 - INFO - HTTP Request: POST https://generativelanguage.googleapis.com/v1beta/models/gemini-2.5-pro:generateContent "HTTP/1.1 200 OK"
2026-09-01 12:17:07,062 - INFO - HTTP Request: POST https://generativelanguage.googleapis.com/v1beta/models/gemini-2.5-pro:generateContent "HTTP/1.1 200 OK"
2026-09-01 12:17:09,305 - INFO - HTTP Request: POST https://generativelanguage.googleapis.com/v1beta/models/gemini-2.5-pro:generateContent "HTTP/1.1 200 OK"
2026-09-01 12:17:11,026 - INFO - HTTP Request: POST https://generativelanguage.googleapis.com/v1beta/models/gemini-2.5-pro:generateContent "HTTP/1.1 200 OK"
2026-09-01 12:17:11,864 - INFO - HTTP Request: POST https://generativelanguage.googleapis.com/v1beta/models/gemini-2.5-pro:generateContent "HTTP/1.1 200 OK"
2026-09-01 12:17:13,561 - INFO - HTTP Request: POST https://generativelanguage.googleapis.com/v1beta/models/gemini-2.5-pro:generateContent "HTTP/1.1 200 OK"
2026-09-01 12:17:16,262 - INFO - HTTP Request: POST https://generativelanguage.googleapis.com/v1beta/models/gemini-2.5-pro:generateContent "HTTP/1.1 200 OK"
2026-09-01 12:17:16,269 - INFO - [SA] Waiting 10.0s before next Agent 2 window…
2026-09-01 12:17:26,276 - INFO - [SA] Agent 2 window 210-219 (10 batches)
2026-09-01 12:17:26,498 - INFO - AFC is enabled with max remote calls: 10.
2026-09-01 12:17:26,510 - INFO - AFC is enabled with max remote calls: 10.
2026-09-01 12:17:26,516 - INFO - AFC is enabled with max remote calls: 10.
2026-09-01 12:17:26,522 - INFO - AFC is enabled with max remote calls: 10.
2026-09-01 12:17:26,528 - INFO - AFC is enabled with max remote calls: 10.
2026-09-01 12:17:26,533 - INFO - AFC is enabled with max remote calls: 10.
2026-09-01 12:17:26,538 - INFO - AFC is enabled with max remote calls: 10.
2026-09-01 12:17:26,539 - INFO - AFC is enabled with max remote calls: 10.
2026-09-01 12:17:26,544 - INFO - AFC is enabled with max remote calls: 10.
2026-09-01 12:17:26,549 - INFO - AFC is enabled with max remote calls: 10.
2026-09-01 12:17:40,473 - INFO - HTTP Request: POST https://generativelanguage.googleapis.com/v1beta/models/gemini-2.5-pro:generateContent "HTTP/1.1 200 OK"
2026-09-01 12:17:44,319 - INFO - HTTP Request: POST https://generativelanguage.googleapis.com/v1beta/models/gemini-2.5-pro:generateContent "HTTP/1.1 200 OK"
2026-09-01 12:17:44,419 - INFO - HTTP Request: POST https://generativelanguage.googleapis.com/v1beta/models/gemini-2.5-pro:generateContent "HTTP/1.1 200 OK"
2026-09-01 12:17:45,903 - INFO - HTTP Request: POST https://generativelanguage.googleapis.com/v1beta/models/gemini-2.5-pro:generateContent "HTTP/1.1 200 OK"
2026-09-01 12:17:47,527 - INFO - HTTP Request: POST https://generativelanguage.googleapis.com/v1beta/models/gemini-2.5-pro:generateContent "HTTP/1.1 200 OK"
2026-09-01 12:17:47,531 - INFO - HTTP Request: POST https://generativelanguage.googleapis.com/v1beta/models/gemini-2.5-pro:generateContent "HTTP/1.1 200 OK"
2026-09-01 12:17:51,391 - INFO - HTTP Request: POST https://generativelanguage.googleapis.com/v1beta/models/gemini-2.5-pro:generateContent "HTTP/1.1 200 OK"
2026-09-01 12:17:51,416 - INFO - HTTP Request: POST https://generativelanguage.googleapis.com/v1beta/models/gemini-2.5-pro:generateContent "HTTP/1.1 200 OK"
2026-09-01 12:17:53,337 - INFO - HTTP Request: POST https://generativelanguage.googleapis.com/v1beta/models/gemini-2.5-pro:generateContent "HTTP/1.1 200 OK"
2026-09-01 12:17:55,181 - INFO - HTTP Request: POST https://generativelanguage.googleapis.com/v1beta/models/gemini-2.5-pro:generateContent "HTTP/1.1 200 OK"
2026-09-01 12:17:55,200 - INFO - [SA] Waiting 10.0s before next Agent 2 window…
2026-09-01 12:18:05,208 - INFO - [SA] Agent 2 window 220-229 (10 batches)
2026-09-01 12:18:05,278 - INFO - AFC is enabled with max remote calls: 10.
2026-09-01 12:18:05,283 - INFO - AFC is enabled with max remote calls: 10.
2026-09-01 12:18:05,286 - INFO - AFC is enabled with max remote calls: 10.
2026-09-01 12:18:05,288 - INFO - AFC is enabled with max remote calls: 10.
2026-09-01 12:18:05,290 - INFO - AFC is enabled with max remote calls: 10.
2026-09-01 12:18:05,292 - INFO - AFC is enabled with max remote calls: 10.
2026-09-01 12:18:05,293 - INFO - AFC is enabled with max remote calls: 10.
2026-09-01 12:18:05,294 - INFO - AFC is enabled with max remote calls: 10.
2026-09-01 12:18:05,296 - INFO - AFC is enabled with max remote calls: 10.
2026-09-01 12:18:05,297 - INFO - AFC is enabled with max remote calls: 10.
2026-09-01 12:18:17,943 - INFO - HTTP Request: POST https://generativelanguage.googleapis.com/v1beta/models/gemini-2.5-pro:generateContent "HTTP/1.1 200 OK"
2026-09-01 12:18:18,303 - INFO - HTTP Request: POST https://generativelanguage.googleapis.com/v1beta/models/gemini-2.5-pro:generateContent "HTTP/1.1 200 OK"
2026-09-01 12:18:18,854 - INFO - HTTP Request: POST https://generativelanguage.googleapis.com/v1beta/models/gemini-2.5-pro:generateContent "HTTP/1.1 200 OK"
2026-09-01 12:18:20,257 - INFO - HTTP Request: POST https://generativelanguage.googleapis.com/v1beta/models/gemini-2.5-pro:generateContent "HTTP/1.1 200 OK"
2026-09-01 12:18:22,417 - INFO - HTTP Request: POST https://generativelanguage.googleapis.com/v1beta/models/gemini-2.5-pro:generateContent "HTTP/1.1 200 OK"
2026-09-01 12:18:25,882 - INFO - HTTP Request: POST https://generativelanguage.googleapis.com/v1beta/models/gemini-2.5-pro:generateContent "HTTP/1.1 200 OK"
2026-09-01 12:18:26,218 - INFO - HTTP Request: POST https://generativelanguage.googleapis.com/v1beta/models/gemini-2.5-pro:generateContent "HTTP/1.1 200 OK"
2026-09-01 12:18:28,610 - INFO - HTTP Request: POST https://generativelanguage.googleapis.com/v1beta/models/gemini-2.5-pro:generateContent "HTTP/1.1 200 OK"
2026-09-01 12:18:32,307 - INFO - HTTP Request: POST https://generativelanguage.googleapis.com/v1beta/models/gemini-2.5-pro:generateContent "HTTP/1.1 200 OK"
2026-09-01 12:18:37,589 - INFO - HTTP Request: POST https://generativelanguage.googleapis.com/v1beta/models/gemini-2.5-pro:generateContent "HTTP/1.1 200 OK"
2026-09-01 12:18:37,607 - INFO - [SA] Waiting 10.0s before next Agent 2 window…
2026-09-01 12:18:47,611 - INFO - [SA] Agent 2 window 230-239 (10 batches)
2026-09-01 12:18:47,687 - INFO - AFC is enabled with max remote calls: 10.
2026-09-01 12:18:47,690 - INFO - AFC is enabled with max remote calls: 10.
2026-09-01 12:18:47,692 - INFO - AFC is enabled with max remote calls: 10.
2026-09-01 12:18:47,694 - INFO - AFC is enabled with max remote calls: 10.
2026-09-01 12:18:47,695 - INFO - AFC is enabled with max remote calls: 10.
2026-09-01 12:18:47,697 - INFO - AFC is enabled with max remote calls: 10.
2026-09-01 12:18:47,698 - INFO - AFC is enabled with max remote calls: 10.
2026-09-01 12:18:47,700 - INFO - AFC is enabled with max remote calls: 10.
2026-09-01 12:18:47,702 - INFO - AFC is enabled with max remote calls: 10.
2026-09-01 12:18:47,704 - INFO - AFC is enabled with max remote calls: 10.
2026-09-01 12:19:03,239 - INFO - HTTP Request: POST https://generativelanguage.googleapis.com/v1beta/models/gemini-2.5-pro:generateContent "HTTP/1.1 200 OK"
2026-09-01 12:19:04,542 - INFO - HTTP Request: POST https://generativelanguage.googleapis.com/v1beta/models/gemini-2.5-pro:generateContent "HTTP/1.1 200 OK"
2026-09-01 12:19:04,787 - INFO - HTTP Request: POST https://generativelanguage.googleapis.com/v1beta/models/gemini-2.5-pro:generateContent "HTTP/1.1 200 OK"
2026-09-01 12:19:05,869 - INFO - HTTP Request: POST https://generativelanguage.googleapis.com/v1beta/models/gemini-2.5-pro:generateContent "HTTP/1.1 200 OK"
2026-09-01 12:19:05,929 - INFO - HTTP Request: POST https://generativelanguage.googleapis.com/v1beta/models/gemini-2.5-pro:generateContent "HTTP/1.1 200 OK"
2026-09-01 12:19:06,227 - INFO - HTTP Request: POST https://generativelanguage.googleapis.com/v1beta/models/gemini-2.5-pro:generateContent "HTTP/1.1 200 OK"
2026-09-01 12:19:09,509 - INFO - HTTP Request: POST https://generativelanguage.googleapis.com/v1beta/models/gemini-2.5-pro:generateContent "HTTP/1.1 200 OK"
2026-09-01 12:19:11,963 - INFO - HTTP Request: POST https://generativelanguage.googleapis.com/v1beta/models/gemini-2.5-pro:generateContent "HTTP/1.1 200 OK"
2026-09-01 12:19:16,325 - INFO - HTTP Request: POST https://generativelanguage.googleapis.com/v1beta/models/gemini-2.5-pro:generateContent "HTTP/1.1 200 OK"
2026-09-01 12:19:18,568 - INFO - HTTP Request: POST https://generativelanguage.googleapis.com/v1beta/models/gemini-2.5-pro:generateContent "HTTP/1.1 200 OK"
2026-09-01 12:19:18,573 - INFO - [SA] Waiting 10.0s before next Agent 2 window…
2026-09-01 12:19:28,576 - INFO - [SA] Agent 2 window 240-249 (10 batches)
2026-09-01 12:19:28,653 - INFO - AFC is enabled with max remote calls: 10.
2026-09-01 12:19:28,657 - INFO - AFC is enabled with max remote calls: 10.
2026-09-01 12:19:28,660 - INFO - AFC is enabled with max remote calls: 10.
2026-09-01 12:19:28,662 - INFO - AFC is enabled with max remote calls: 10.
2026-09-01 12:19:28,663 - INFO - AFC is enabled with max remote calls: 10.
2026-09-01 12:19:28,664 - INFO - AFC is enabled with max remote calls: 10.
2026-09-01 12:19:28,665 - INFO - AFC is enabled with max remote calls: 10.
2026-09-01 12:19:28,667 - INFO - AFC is enabled with max remote calls: 10.
2026-09-01 12:19:28,668 - INFO - AFC is enabled with max remote calls: 10.
2026-09-01 12:19:28,670 - INFO - AFC is enabled with max remote calls: 10.
2026-09-01 12:19:43,316 - INFO - HTTP Request: POST https://generativelanguage.googleapis.com/v1beta/models/gemini-2.5-pro:generateContent "HTTP/1.1 200 OK"
2026-09-01 12:19:45,031 - INFO - HTTP Request: POST https://generativelanguage.googleapis.com/v1beta/models/gemini-2.5-pro:generateContent "HTTP/1.1 200 OK"
2026-09-01 12:19:45,155 - INFO - HTTP Request: POST https://generativelanguage.googleapis.com/v1beta/models/gemini-2.5-pro:generateContent "HTTP/1.1 200 OK"
2026-09-01 12:19:45,325 - INFO - HTTP Request: POST https://generativelanguage.googleapis.com/v1beta/models/gemini-2.5-pro:generateContent "HTTP/1.1 200 OK"
2026-09-01 12:19:46,323 - INFO - HTTP Request: POST https://generativelanguage.googleapis.com/v1beta/models/gemini-2.5-pro:generateContent "HTTP/1.1 200 OK"
2026-09-01 12:19:46,752 - INFO - HTTP Request: POST https://generativelanguage.googleapis.com/v1beta/models/gemini-2.5-pro:generateContent "HTTP/1.1 200 OK"
2026-09-01 12:19:52,043 - INFO - HTTP Request: POST https://generativelanguage.googleapis.com/v1beta/models/gemini-2.5-pro:generateContent "HTTP/1.1 200 OK"
2026-09-01 12:19:54,237 - INFO - HTTP Request: POST https://generativelanguage.googleapis.com/v1beta/models/gemini-2.5-pro:generateContent "HTTP/1.1 200 OK"
2026-09-01 12:19:56,753 - INFO - HTTP Request: POST https://generativelanguage.googleapis.com/v1beta/models/gemini-2.5-pro:generateContent "HTTP/1.1 200 OK"
2026-09-01 12:19:59,705 - INFO - HTTP Request: POST https://generativelanguage.googleapis.com/v1beta/models/gemini-2.5-pro:generateContent "HTTP/1.1 200 OK"
2026-09-01 12:19:59,798 - INFO - [SA] Agent 3 (consolidator) - starting
2026-09-01 12:19:59,798 - INFO - [A3][SA] SYSTEM PROMPT (first batch only):
# AGENT 3 — LANGUAGE‑LEVEL CONSOLIDATOR (SYSTEM PROMPT)

## ROLE & MISSION

You are **Agent 3: Language‑Level Consolidator**. Your mission is to read the **finalized, per‑section issues** (already validated by a prior pass) and produce **one concise, language‑level** `overall_feedback` for the entire corpus.

* You output **only** the `overall_feedback` object: a **Summary** (error patterns) and an **Action Plan** (preventive steps).
* You **must not** add, remove, reclassify, or rescore any issues. You **do not** arbitrate or fact‑check external information.
* Treat the provided issues as the **single source of truth**; identify patterns and prioritize them by impact.


---

## SCOPE — WHAT TO DO / WHAT NOT TO DO

**Do:**

* Consolidate repeated problems into **patterns** (by category, rule, or recurrent surface form).
* **Prioritize** patterns by **impact**: total penalty points (APT) first, then severity mix and frequency.
* Provide **clear, actionable** preventive steps that map to the patterns.
* Optionally include **brief, representative evidence** (≤12 words, paraphrased) to anchor each pattern.

**Do Not:**

* Modify, add, or remove individual issues.
* Change categories, severities, or points.
* Introduce **new** errors not evidenced in the input.
* Perform external fact‑checking or comment on other agents.

---

## INPUTS

* `Lang`: short language code (e.g., FR, DE).
* `Rollup`: machine‑computed aggregation for this language. Example fields:

  ```json
  {
    "ewt": 12345,
    "apt": 78,
    "pwpt": 0.0063,
    "mqm": 93.7,
    "critical_count": 0,
    "severity_counts": {"Minor": 40, "Major": 12, "Critical": 0},
    "category_points": [
      {"category":"Compliance","points":32},
      {"category":"Punctuation/Spelling/Typos","points":21},
      {"category":"Accuracy","points":18}
    ],
    "top_urls_by_points": [
      {"url":"/routes/..1.html","points":9},
      {"url":"/routes/..2.html","points":8}
    ]
  }
  ```
* `Final_issues`: **array** of finalized issues (Agent 2 output), each like:

  ```json
  {
    "url": "/routes/abc/example.html",
    "type_of_issue": "Compliance",
    "severity": "Major",
    "score_deduction": 3,
    "issue": "Metric conversion missing in a metric locale.",
    "text": "…short snippet…",
    "updated_sentence": "…"
  }
  ```

---

## CONSOLIDATION RULES

1. **Pattern mining:** Group by `type_of_issue`, then look for recurring surfaces (e.g., *km/h vs mph*, French NBSP before `:`, brand/proper‑noun casing, headings ending with a period).
2. **Prioritization:** Order the **Summary** bullets by **total category points** (highest first). Within a bullet, you may reference typical triggers (e.g., *mph shown without km/h*).
3. **Evidence:** If helpful, include a minimal parenthetical hint (≤12 words, paraphrased) and/or mention representative URLs with high points (at most two distinct URLs across the whole summary).
4. **Taxonomy fidelity:** Use the existing categories strictly (e.g., currency *what* = **Accuracy**; currency *format/how* = **Compliance**; brand casing = **Compliance**; French NBSP = **Punctuation/Spelling/Typos**).
5. **No new findings:** Do not infer new errors. If a pattern is not supported by the provided issues, omit it.

---

## OUTPUT CONTRACT (RETURN THIS OBJECT ONLY)

Return **only** this JSON object:

```json
{
  "overall_feedback": {
    "summary": [
      "<1 sentence per pattern; highest‑impact first>",
      "<… 2–10 bullets total …>"
    ],
    "action_plan": [
      "<One preventive step per pattern; imperative, testable>",
      "<… 2–10 bullets total …>"
    ]
  }
}
```

**Formatting constraints:**

* 2–10 bullets for **summary**, 2–10 bullets for **action\_plan**.
* Each bullet ≤ 250 characters; avoid duplication; no meta‑commentary.
* No code fences, no extra keys, no trailing text.

---

## STYLE GUIDANCE FOR BULLETS

* **Summary:** `[Category]` + the recurring rule breach + brief impact. Optionally add a short parenthetical cue, e.g., `(FR: NBSP before ':' missing)`.
* **Action plan:** imperative, owner‑agnostic; specify **what to check** and **where** (e.g., *"Add a unit‑conversion linter for metric locales (mph→km/h)."*).

---

## FINAL SELF‑CHECK

1. Did I **only** output the `overall_feedback` object?
2. Are bullets prioritized by **impact** (points → severity → frequency)?
3. Did I avoid inventing new issues or changing any categories/severities?
4. Are bullets concise, objective, and mapped to the observed patterns?



2026-09-01 12:19:59,800 - INFO - [A3][SA] USER PROMPT (first batch only):
Language: SA

Roll‑up (JSON):
{
  "lang": "SA",
  "ewt": 21194,
  "total_findings": 192,
  "severity_counts": {
    "Major": 120,
    "Minor": 72
  },
  "points_by_category": {
    "Accuracy": 333,
    "Grammar": 47,
    "Punctuation/Spelling/Typos": 24,
    "Compliance": 23,
    "Style": 5
  },
  "apt": 432,
  "pwpt": 0.020383127300179295,
  "mqm": 79.6168726998207,
  "top_urls_by_issue_count": [
    {
      "url": "https://www.skyscanner.com.sa/car-hire-in/car-hire-in-brest/27538729.html",
      "count": 8
    },
    {
      "url": "https://www.skyscanner.com.sa/car-hire-in/car-hire-in-pori/27546010.html",
      "count": 6
    },
    {
      "url": "https://www.skyscanner.com.sa/car-hire-in/car-hire-in-cape-town/27539908.html",
      "count": 5
    },
    {
      "url": "https://www.skyscanner.com.sa/car-hire-in/car-hire-in-leon/27544028.html",
      "count": 5
    },
    {
      "url": "https://www.skyscanner.com.sa/car-hire-in/car-hire-in-new-york/27537542.html",
      "count": 5
    },
    {
      "url": "https://www.skyscanner.com.sa/car-hire-in/car-hire-in-palmas/27548361.html",
      "count": 5
    },
    {
      "url": "https://www.skyscanner.com.sa/car-hire-in/car-hire-in-tallinn/27547202.html",
      "count": 5
    },
    {
      "url": "https://www.skyscanner.com.sa/car-hire-in/car-hire-in-manama/27548245.html",
      "count": 5
    },
    {
      "url": "https://www.skyscanner.com.sa/car-hire-in/car-hire-in-miami/27536644.html",
      "count": 5
    },
    {
      "url": "https://www.skyscanner.com.sa/car-hire-in/car-hire-in-dortmund/27540819.html",
      "count": 5
    }
  ],
  "categories_considered": [
    "Grammar",
    "Compliance",
    "Punctuation/Spelling/Typos",
    "Accuracy",
    "Style",
    "AI-issues"
  ]
}

Final issues (JSON array):
[
  {
    "text": "يبدأ استئجار سيارة في كيب تاون من ‎41 ﷼ في أرخص العروض المتاحة، بينما يبلغ المتوسط السنوي للأسعار 82 ﷼.",
    "issue": "The currency is incorrect for the location. The text uses the Saudi Riyal (﷼) for Cape Town, South Africa, where the local currency is the South African Rand (ZAR).",
    "type_of_issue": "Accuracy",
    "solution": "Replace the incorrect Saudi Riyal symbol (﷼) with the correct ISO code for the South African Rand (ZAR).",
    "updated_sentence": "يبدأ استئجار سيارة في كيب تاون من ‎41 ZAR في أرخص العروض المتاحة، بينما يبلغ المتوسط السنوي للأسعار 82 ZAR.",
    "severity": "Major",
    "score_deduction": 3,
    "source_file": "2026-2027-sa-car-hire-city-06.docx",
    "url": "https://www.skyscanner.com.sa/car-hire-in/car-hire-in-cape-town/27539908.html",
    "candidate": "https://www.skyscanner.com.sa/car-hire-in/car-hire-in-cape-town/27539908.html"
  },
  {
    "text": "قارن بين مزودي الخدمة وفئات المركبات قبل تأكيد الحجز، وراجع شروط الاستئجار بعناية لتجنب رسومًا إضافية قد تُطبَّق على التأمين أو الوقود أو تجاوز عدد الكيلومترات المسموح به.",
    "issue": "The noun \"رسومًا\" is in the incorrect grammatical case. As the object of the verbal noun \"تجنب\" (avoidance of), it must be in the genitive case (majrur), not the accusative case (mansub).",
    "type_of_issue": "Grammar",
    "solution": "Change \"رسومًا إضافية\" (accusative) to \"رسومٍ إضافيةٍ\" (genitive) to be grammatically correct after the verbal noun.",
    "updated_sentence": "قارن بين مزودي الخدمة وفئات المركبات قبل تأكيد الحجز، وراجع شروط الاستئجار بعناية لتجنب رسومٍ إضافيةٍ قد تُطبَّق على التأمين أو الوقود أو تجاوز عدد الكيلومترات المسموح به.",
    "severity": "Minor",
    "score_deduction": 1,
    "source_file": "2026-2027-sa-car-hire-city-06.docx",
    "url": "https://www.skyscanner.com.sa/car-hire-in/car-hire-in-cape-town/27539908.html",
    "candidate": "https://www.skyscanner.com.sa/car-hire-in/car-hire-in-cape-town/27539908.html"
  },
  {
    "text": "تتوفر هذه الفئة لدى شركة جرين موشن بجير عادي ابتداءً من ‎52 ﷼ في اليوم، مع خيار آخر من الشركة نفسها بجير عادي ابتداءً من ‎64 ﷼ في اليوم يتيح مساحة أكبر للأمتعة. وإذا رغبت في تكلفة أقل، تقدم شركة جراج نمبر ون سيارة ستروين سي 3 بجير عادي ابتداءً من ‎41 ﷼ في اليوم.",
    "issue": "The currency symbol '﷼' (Saudi Riyal) is incorrect for the location, Cape Town, South Africa. This error is repeated for all prices.",
    "type_of_issue": "Accuracy",
    "solution": "Replace the Saudi Riyal symbol (﷼) with the correct currency for South Africa, Rand (راندًا).",
    "updated_sentence": "تتوفر هذه الفئة لدى شركة جرين موشن بجير عادي ابتداءً من 52 راندًا في اليوم، مع خيار آخر من الشركة نفسها بجير عادي ابتداءً من 64 راندًا في اليوم يتيح مساحة أكبر للأمتعة. وإذا رغبت في تكلفة أقل، تقدم شركة جراج نمبر ون سيارة ستروين سي 3 بجير عادي ابتداءً من 41 راندًا في اليوم.",
    "severity": "Major",
    "score_deduction": 3,
    "source_file": "2026-2027-sa-car-hire-city-06.docx",
    "url": "https://www.skyscanner.com.sa/car-hire-in/car-hire-in-cape-town/27539908.html",
    "candidate": "https://www.skyscanner.com.sa/car-hire-in/car-hire-in-cape-town/27539908.html"
  },
  {
    "text": "تضم مدينة كيب تاون 6 مزودين لخدمة تأجير السيارات، من بينها شركة وودفورد لتأجير السيارات التي تُعد الأكثر رواجًا، إلى جانب شركة جرين موشن وشركة كارويز.",
    "issue": "The phrase uses a prepositional construction 'مزودين لخدمة' where a more standard and grammatically elegant genitive construction (Idafa) is required. The final 'ن' of the sound masculine plural 'مزودين' should be dropped when it is the first part of an Idafa.",
    "type_of_issue": "Grammar",
    "solution": "Replace '6 مزودين لخدمة' with '6 مزودي خدمة' to form the correct genitive phrase.",
    "updated_sentence": "تضم مدينة كيب تاون 6 مزودي خدمة تأجير السيارات، من بينها شركة وودفورد لتأجير السيارات التي تُعد الأكثر رواجًا، إلى جانب شركة جرين موشن وشركة كارويز.",
    "severity": "Minor",
    "score_deduction": 1,
    "source_file": "2026-2027-sa-car-hire-city-06.docx",
    "url": "https://www.skyscanner.com.sa/car-hire-in/car-hire-in-cape-town/27539908.html",
    "candidate": "https://www.skyscanner.com.sa/car-hire-in/car-hire-in-cape-town/27539908.html"
  },
  {
    "text": "تبلغ السرعة القصوى على الطرق السريعة 120 كم/س، وعلى الطرق السريعة المزدوجة 100 كم/س.",
    "issue": "The text uses a Latin comma (,) instead of the standard Arabic comma (،) as required by the style guide. This pattern repeats throughout the text.",
    "type_of_issue": "Punctuation/Spelling/Typos",
    "solution": "Replace all instances of the Latin comma with the correct Arabic comma (،).",
    "updated_sentence": "تبلغ السرعة القصوى على الطرق السريعة 120 كم/س، وعلى الطرق السريعة المزدوجة 100 كم/س.",
    "severity": "Minor",
    "score_deduction": 1,
    "source_file": "2026-2027-sa-car-hire-city-06.docx",
    "url": "https://www.skyscanner.com.sa/car-hire-in/car-hire-in-cape-town/27539908.html",
    "candidate": "https://www.skyscanner.com.sa/car-hire-in/car-hire-in-cape-town/27539908.html"
  },
  {
    "text": "تبدأ أسعار استئجار السيارات في بودابست من 81 ﷼، بينما يبلغ المتوسط السنوي 227 ﷼.",
    "issue": "The currency symbol for Saudi Riyal (﷼) is used for prices in Budapest, which is incorrect for a European location and misleading.",
    "type_of_issue": "Accuracy",
    "solution": "Replace the incorrect currency symbol (﷼) with the Euro symbol (€), which is a standard reference currency for travel in the region.",
    "updated_sentence": "تبدأ أسعار استئجار السيارات في بودابست من 81 €، بينما يبلغ المتوسط السنوي 227 €.",
    "severity": "Major",
    "score_deduction": 3,
    "source_file": "2026-2027-sa-car-hire-city-06.docx",
    "url": "https://www.skyscanner.com.sa/car-hire-in/car-hire-in-budapest/27539604.html",
    "candidate": "https://www.skyscanner.com.sa/car-hire-in/car-hire-in-budapest/27539604.html"
  },
  {
    "text": "للحصول على أفضل سعر، احجز قبل 2 أسابيع من موعد الاستلام.",
    "issue": "The noun 'أسابيع' (weeks) is in the plural form, but Arabic grammar requires the dual form following the number 2.",
    "type_of_issue": "Grammar",
    "solution": "Change the plural noun 'أسابيع' to its correct dual form, 'أسبوعين'.",
    "updated_sentence": "للحصول على أفضل سعر، احجز قبل أسبوعين من موعد الاستلام.",
    "severity": "Minor",
    "score_deduction": 1,
    "source_file": "2026-2027-sa-car-hire-city-06.docx",
    "url": "https://www.skyscanner.com.sa/car-hire-in/car-hire-in-budapest/27539604.html",
    "candidate": "https://www.skyscanner.com.sa/car-hire-in/car-hire-in-budapest/27539604.html"
  },
  {
    "text": "راجع شروط الإيجار بعناية قبل تأكيد الحجز لتجنب دفع رسومًا إضافية غير متوقعة عند استلام السيارة أو إعادتها.",
    "issue": "The adjective 'إضافية' does not have the correct accusative case marking to agree with the noun 'رسومًا'.",
    "type_of_issue": "Grammar",
    "solution": "Add the correct accusative case marker (tanwin fath) to the adjective, changing it to 'إضافيةً'.",
    "updated_sentence": "راجع شروط الإيجار بعناية قبل تأكيد الحجز لتجنب دفع رسومًا إضافيةً غير متوقعة عند استلام السيارة أو إعادتها.",
    "severity": "Minor",
    "score_deduction": 1,
    "source_file": "2026-2027-sa-car-hire-city-06.docx",
    "url": "https://www.skyscanner.com.sa/car-hire-in/car-hire-in-budapest/27539604.html",
    "candidate": "https://www.skyscanner.com.sa/car-hire-in/car-hire-in-budapest/27539604.html"
  },
  {
    "text": "إن كنت تبحث عن سيّارة اقتصاديّة، تقدّم شركة يو-سيف سيّارة فيات 500 بجير عادي ابتداءً من ‎81 ﷼ في اليوم.",
    "issue": "The Saudi Riyal (﷼) is used for prices in Budapest, which is incorrect for the location. This error pattern repeats for all prices in the text.",
    "type_of_issue": "Accuracy",
    "solution": "Replace the Saudi Riyal symbol (﷼) with the Euro symbol (€) for all prices to match the location.",
    "updated_sentence": "إن كنت تبحث عن سيّارة اقتصاديّة، تقدّم شركة يو-سيف سيّارة فيات 500 بجير عادي ابتداءً من ‎81 € في اليوم.",
    "severity": "Major",
    "score_deduction": 3,
    "source_file": "2026-2027-sa-car-hire-city-06.docx",
    "url": "https://www.skyscanner.com.sa/car-hire-in/car-hire-in-budapest/27539604.html",
    "candidate": "https://www.skyscanner.com.sa/car-hire-in/car-hire-in-budapest/27539604.html"
  },
  {
    "text": "تبدأ أسعار استئجار السيارات في ليل من 156 ﷼، بينما يبلغ المتوسط السنوي للأسعار 158 ﷼.",
    "issue": "Incorrect currency symbol (﷼ - Saudi Riyal) used for a location in France (Lille). The correct currency is the Euro (€).",
    "type_of_issue": "Accuracy",
    "solution": "Replace the Saudi Riyal symbol (﷼) with the Euro symbol (€).",
    "updated_sentence": "تبدأ أسعار استئجار السيارات في ليل من 156 €، بينما يبلغ المتوسط السنوي للأسعار 158 €.",
    "severity": "Major",
    "score_deduction": 3,
    "source_file": "2026-2027-sa-car-hire-city-06.docx",
    "url": "https://www.skyscanner.com.sa/car-hire-in/car-hire-in-lille/27544066.html",
    "candidate": "https://www.skyscanner.com.sa/car-hire-in/car-hire-in-lille/27544066.html"
  },
  {
    "text": "تقدّم شركة Free2move سيارة سيتروين آمي بناقل حركة أوتوماتيك ابتداءً من ‎171 ﷼ في اليوم، وهي مناسبة للتنقلات القصيرة.",
    "issue": "The currency is incorrectly set to Saudi Riyal (﷼) for a location in France; it should be Euro (€). This pattern repeats for all prices mentioned.",
    "type_of_issue": "Accuracy",
    "solution": "Replace the Saudi Riyal symbol (﷼) with the Euro symbol (€) in all instances.",
    "updated_sentence": "تقدّم شركة Free2move سيارة سيتروين آمي بناقل حركة أوتوماتيك ابتداءً من 171 € في اليوم، وهي مناسبة للتنقلات القصيرة.",
    "severity": "Major",
    "score_deduction": 3,
    "source_file": "2026-2027-sa-car-hire-city-06.docx",
    "url": "https://www.skyscanner.com.sa/car-hire-in/car-hire-in-lille/27544066.html",
    "candidate": "https://www.skyscanner.com.sa/car-hire-in/car-hire-in-lille/27544066.html"
  },
  {
    "text": "تبدأ أسعار استئجار السيارات في ليون من 116 ﷼، بينما يبلغ المتوسط السنوي 288 ﷼.",
    "issue": "The currency symbol for Saudi Riyal (﷼) is incorrectly used for a location in France (Lyon), where the Euro (€) is the official currency.",
    "type_of_issue": "Accuracy",
    "solution": "Replace the Saudi Riyal symbols (﷼) with the Euro symbol (€).",
    "updated_sentence": "تبدأ أسعار استئجار السيارات في ليون من 116 €، بينما يبلغ المتوسط السنوي 288 €.",
    "severity": "Major",
    "score_deduction": 3,
    "source_file": "2026-2027-sa-car-hire-city-06.docx",
    "url": "https://www.skyscanner.com.sa/car-hire-in/car-hire-in-leon/27544028.html",
    "candidate": "https://www.skyscanner.com.sa/car-hire-in/car-hire-in-leon/27544028.html"
  },
  {
    "text": "قارن بين خيارات مزوّدي الخدمة المختلفة قبل اتخاذ قرارك، وراجع شروط كل عرض بعناية لتتعرف على ما قد يترتب عليه من رسومًا إضافية عند الاستلام أو الإعادة.",
    "issue": "The noun 'رسومًا' is in the incorrect grammatical case; following the preposition 'من', it must be in the genitive case ('رسومٍ').",
    "type_of_issue": "Grammar",
    "solution": "Change 'رسومًا' to 'رسومٍ' to correct the grammatical case.",
    "updated_sentence": "قارن بين خيارات مزوّدي الخدمة المختلفة قبل اتخاذ قرارك، وراجع شروط كل عرض بعناية لتتعرف على ما قد يترتب عليه من رسومٍ إضافية عند الاستلام أو الإعادة.",
    "severity": "Minor",
    "score_deduction": 1,
    "source_file": "2026-2027-sa-car-hire-city-06.docx",
    "url": "https://www.skyscanner.com.sa/car-hire-in/car-hire-in-leon/27544028.html",
    "candidate": "https://www.skyscanner.com.sa/car-hire-in/car-hire-in-leon/27544028.html"
  },
  {
    "text": "عند اختيار سيارتك، تجد لدى شركة هيرتز سيارة بيجو بارتنر بجير عادي ابتداءً من 116 ﷼ في اليوم، وهي مناسبة للتنقلات القصيرة. كما توفّر أفيس سيارة فورد فوكس بجير عادي تتّسع لخمسة ركّاب ابتداءً من 265 ﷼ في اليوم، مع أميال غير محدودة. أما إن احتجت إلى مساحة أكبر للأمتعة، فتقدّم إنتربرايز سيارة مرسيدس سبرينتر بجير عادي ابتداءً من 826 ﷼ في اليوم، وتضمّ متّسعًا لعشر حقائب.",
    "issue": "The currency symbol for Saudi Riyal (﷼) is incorrectly used for all prices in Lyon, France, which uses the Euro. This pattern repeats for all prices mentioned.",
    "type_of_issue": "Accuracy",
    "solution": "Replace the Saudi Riyal symbol (﷼) with the correct currency for France, which is the Euro (يورو).",
    "updated_sentence": "عند اختيار سيارتك، تجد لدى شركة هيرتز سيارة بيجو بارتنر بجير عادي ابتداءً من 116 يورو في اليوم، وهي مناسبة للتنقلات القصيرة. كما توفّر أفيس سيارة فورد فوكس بجير عادي تتّسع لخمسة ركّاب ابتداءً من 265 يورو في اليوم، مع أميال غير محدودة. أما إن احتجت إلى مساحة أكبر للأمتعة، فتقدّم إنتربرايز سيارة مرسيدس سبرينتر بجير عادي ابتداءً من 826 يورو في اليوم، وتضمّ متّسعًا لعشر حقائب.",
    "severity": "Major",
    "score_deduction": 3,
    "source_file": "2026-2027-sa-car-hire-city-06.docx",
    "url": "https://www.skyscanner.com.sa/car-hire-in/car-hire-in-leon/27544028.html",
    "candidate": "https://www.skyscanner.com.sa/car-hire-in/car-hire-in-leon/27544028.html"
  },
  {
    "text": "تتوفر في ليون ستة مزودين لخدمات تأجير السيارات، من بينهم ألامو ويوروب كار وكيدي باي يوروب كار.",
    "issue": "The verb 'تتوفر' is in the feminine form, but the subject 'ستة مزودين' (six providers) is masculine, creating a gender agreement error.",
    "type_of_issue": "Grammar",
    "solution": "Change the verb 'تتوفر' to its masculine form 'يتوفر' to agree with the masculine subject.",
    "updated_sentence": "يتوفر في ليون ستة مزودين لخدمات تأجير السيارات، من بينهم ألامو ويوروب كار وكيدي باي يوروب كار.",
    "severity": "Minor",
    "score_deduction": 1,
    "source_file": "2026-2027-sa-car-hire-city-06.docx",
    "url": "https://www.skyscanner.com.sa/car-hire-in/car-hire-in-leon/27544028.html",
    "candidate": "https://www.skyscanner.com.sa/car-hire-in/car-hire-in-leon/27544028.html"
  },
  {
    "text": "تحتاج عند الاستئجار إلى جواز سفر أو بطاقة هوية وطنية سارية المفعول، إضافةً إلى رخصة قيادة سارية.",
    "issue": "The feminine adjective 'سارية المفعول' modifies both 'بطاقة هوية وطنية' (feminine) and 'جواز سفر' (masculine), which is grammatically incorrect for the masculine noun.",
    "type_of_issue": "Grammar",
    "solution": "Apply the correct gender-specific adjective to each noun. Use 'سارٍ' for the masculine 'جواز سفر' and keep 'سارية المفعول' for the feminine 'بطاقة هوية وطنية'.",
    "updated_sentence": "تحتاج عند الاستئجار إلى جواز سفر سارٍ أو بطاقة هوية وطنية سارية المفعول، إضافةً إلى رخصة قيادة سارية.",
    "severity": "Minor",
    "score_deduction": 1,
    "source_file": "2026-2027-sa-car-hire-city-06.docx",
    "url": "https://www.skyscanner.com.sa/car-hire-in/car-hire-in-leon/27544028.html",
    "candidate": "https://www.skyscanner.com.sa/car-hire-in/car-hire-in-leon/27544028.html"
  },
  {
    "text": "تبدأ أسعار استئجار السيارات في مونستر من 106 ﷼، بينما يبلغ المتوسط السنوي 125 ﷼.",
    "issue": "The currency symbol for the Saudi Riyal (﷼) is incorrectly used for a destination in Germany (Münster), where the local currency is the Euro.",
    "type_of_issue": "Accuracy",
    "solution": "Replace the Saudi Riyal symbol (﷼) with the Euro symbol (€) to match the currency of the location.",
    "updated_sentence": "تبدأ أسعار استئجار السيارات في مونستر من 106 €، بينما يبلغ المتوسط السنوي 125 €.",
    "severity": "Major",
    "score_deduction": 3,
    "source_file": "2026-2027-sa-car-hire-city-06.docx",
    "url": "https://www.skyscanner.com.sa/car-hire-in/car-hire-in-munster/34241838.html",
    "candidate": "https://www.skyscanner.com.sa/car-hire-in/car-hire-in-munster/34241838.html"
  },
  {
    "text": "من الخيارات المتاحة سيارة سكودا سكالا من شركة بَدجت بناقل حركة عادي وسعر يبدأ من ٢٢٧ ﷼ في اليوم، وتتّسع لخمسة ركّاب وحقيبتين.",
    "issue": "The currency is incorrectly shown as Saudi Riyal (﷼) for a location in Germany (Münster), where the Euro (€) is the official currency. This pattern repeats for all prices mentioned in the text.",
    "type_of_issue": "Accuracy",
    "solution": "Change the currency symbol from Saudi Riyal (﷼) to Euro (€) to match the location for all price mentions.",
    "updated_sentence": "من الخيارات المتاحة سيارة سكودا سكالا من شركة بَدجت بناقل حركة عادي وسعر يبدأ من ٢٢٧ € في اليوم، وتتّسع لخمسة ركّاب وحقيبتين.",
    "severity": "Major",
    "score_deduction": 3,
    "source_file": "2026-2027-sa-car-hire-city-06.docx",
    "url": "https://www.skyscanner.com.sa/car-hire-in/car-hire-in-munster/34241838.html",
    "candidate": "https://www.skyscanner.com.sa/car-hire-in/car-hire-in-munster/34241838.html"
  },
  {
    "text": "ويمكنك اختيار الموقع الذي يناسب مسار رحلتك ووقت وصولك بمرونةٍ تامة.",
    "issue": "The adjective 'تامة' does not agree in grammatical case with the noun 'مرونةٍ' that it modifies. The noun is in the genitive case (majrur), but the adjective is not marked accordingly.",
    "type_of_issue": "Grammar",
    "solution": "Change the adjective 'تامة' to 'تامةٍ' to match the genitive case of the noun.",
    "updated_sentence": "ويمكنك اختيار الموقع الذي يناسب مسار رحلتك ووقت وصولك بمرونةٍ تامةٍ.",
    "severity": "Minor",
    "score_deduction": 1,
    "source_file": "2026-2027-sa-car-hire-city-06.docx",
    "url": "https://www.skyscanner.com.sa/car-hire-in/car-hire-in-munster/34241838.html",
    "candidate": "https://www.skyscanner.com.sa/car-hire-in/car-hire-in-munster/34241838.html"
  },
  {
    "text": "لا توجد سرعة قصوى محددة على الطرق السريعة (الأوتوبان)، غير أنّ الحدّ على الطرق السريعة السيّارة يبلغ 100 كم/س.",
    "issue": "The text creates a confusing and potentially contradictory distinction between 'highways (Autobahn)' and 'motorways' ('الطرق السريعة السيّارة'), which could mislead drivers about applicable speed limits.",
    "type_of_issue": "Accuracy",
    "solution": "Rephrase to clarify that the 'no general limit' rule applies to the Autobahn system, while other types of expressways have a specific limit.",
    "updated_sentence": "لا يوجد حد سرعة عام على الطرق السريعة (الأوتوبان)، بينما يبلغ الحد الأقصى للسرعة على الطرق السريعة الأخرى 100 كم/س.",
    "severity": "Major",
    "score_deduction": 3,
    "source_file": "2026-2027-sa-car-hire-city-06.docx",
    "url": "https://www.skyscanner.com.sa/car-hire-in/car-hire-in-munster/34241838.html",
    "candidate": "https://www.skyscanner.com.sa/car-hire-in/car-hire-in-munster/34241838.html"
  },
  {
    "text": "تبدأ أسعار استئجار السيارات في ليون من 133 ﷼، بينما يبلغ المتوسط السنوي 166 ﷼.",
    "issue": "The currency symbol for Saudi Riyal (﷼) is used for a location in France, which is incorrect. The correct currency is the Euro (€).",
    "type_of_issue": "Accuracy",
    "solution": "Replace the Saudi Riyal symbol (﷼) with the Euro symbol (€).",
    "updated_sentence": "تبدأ أسعار استئجار السيارات في ليون من 133 €، بينما يبلغ المتوسط السنوي 166 €.",
    "severity": "Major",
    "score_deduction": 3,
    "source_file": "2026-2027-sa-car-hire-city-06.docx",
    "url": "https://www.skyscanner.com.sa/car-hire-in/car-hire-in-lyon/27544221.html",
    "candidate": "https://www.skyscanner.com.sa/car-hire-in/car-hire-in-lyon/27544221.html"
  },
  {
    "text": "للحصول على أفضل سعر، يُنصح بحجز السيارة قبل 2 أسابيع من موعد الاستلام.",
    "issue": "The numeral '2' followed by a plural noun 'أسابيع' is grammatically incorrect. Arabic requires the dual form of the noun for the number two.",
    "type_of_issue": "Grammar",
    "solution": "Replace '2 أسابيع' with the correct dual form 'أسبوعين'.",
    "updated_sentence": "للحصول على أفضل سعر، يُنصح بحجز السيارة قبل أسبوعين من موعد الاستلام.",
    "severity": "Minor",
    "score_deduction": 1,
    "source_file": "2026-2027-sa-car-hire-city-06.docx",
    "url": "https://www.skyscanner.com.sa/car-hire-in/car-hire-in-lyon/27544221.html",
    "candidate": "https://www.skyscanner.com.sa/car-hire-in/car-hire-in-lyon/27544221.html"
  },
  {
    "text": "تتوفر عبر شركة رينتسكيب بجير عادي ابتداءً من 156 ﷼ في اليوم.",
    "issue": "The currency symbol is incorrect for the service location (Lyon, France). Prices are shown in Saudi Riyals (﷼) instead of Euros (€). This pattern repeats for all prices mentioned.",
    "type_of_issue": "Accuracy",
    "solution": "Replace the Saudi Riyal symbol (﷼) with the Euro symbol (€) for all prices.",
    "updated_sentence": "تتوفر عبر شركة رينتسكيب بجير عادي ابتداءً من 156 € في اليوم.",
    "severity": "Major",
    "score_deduction": 3,
    "source_file": "2026-2027-sa-car-hire-city-06.docx",
    "url": "https://www.skyscanner.com.sa/car-hire-in/car-hire-in-lyon/27544221.html",
    "candidate": "https://www.skyscanner.com.sa/car-hire-in/car-hire-in-lyon/27544221.html"
  },
  {
    "text": "تبدأ أسعار استئجار السيارات في نيويورك من ١٥٨ ﷼، بينما يبلغ المتوسط السنوي ٣٣٨ ﷼.",
    "issue": "The currency symbol used is for the Saudi Riyal (﷼), which is incorrect for the specified location, New York, where the currency should be US Dollars.",
    "type_of_issue": "Accuracy",
    "solution": "Replace the Saudi Riyal symbol (﷼) with the US Dollar symbol ($).",
    "updated_sentence": "تبدأ أسعار استئجار السيارات في نيويورك من ١٥٨ $، بينما يبلغ المتوسط السنوي ٣٣٨ $.",
    "severity": "Major",
    "score_deduction": 3,
    "source_file": "2026-2027-sa-car-hire-city-06.docx",
    "url": "https://www.skyscanner.com.sa/car-hire-in/car-hire-in-new-york/27537542.html",
    "candidate": "https://www.skyscanner.com.sa/car-hire-in/car-hire-in-new-york/27537542.html"
  },
  {
    "text": "تجد لدى شركة أفيس سيارة تويوتا كورولا بناقل حركة أوتوماتيك ابتداءً من 173 ﷼ في اليوم، وهو خيار مناسب لمن يبحث عن التوازن بين السعة والسعر. وإن رغبت في بديلٍ أوفر، تتوفر سيارة شيفروليه تراكس من شركة ثريفتي بناقل حركة أوتوماتيك ابتداءً من 158 ﷼ في اليوم. أما سيارة فورد فيوجن من شركة أفيس، فتأتي بناقل حركة أوتوماتيك ابتداءً من 177 ﷼ في اليوم، وتتسع لخمسة ركاب.",
    "issue": "The currency for services in New York is incorrectly shown as Saudi Riyal (﷼) instead of US Dollar ($). This error repeats for all prices.",
    "type_of_issue": "Accuracy",
    "solution": "Replace the Saudi Riyal symbol (﷼) with the US Dollar symbol ($) for all prices mentioned.",
    "updated_sentence": "تجد لدى شركة أفيس سيارة تويوتا كورولا بناقل حركة أوتوماتيك ابتداءً من 173$ في اليوم، وهو خيار مناسب لمن يبحث عن التوازن بين السعة والسعر. وإن رغبت في بديلٍ أوفر، تتوفر سيارة شيفروليه تراكس من شركة ثريفتي بناقل حركة أوتوماتيك ابتداءً من 158$ في اليوم. أما سيارة فورد فيوجن من شركة أفيس، فتأتي بناقل حركة أوتوماتيك ابتداءً من 177$ في اليوم، وتتسع لخمسة ركاب.",
    "severity": "Major",
    "score_deduction": 3,
    "source_file": "2026-2027-sa-car-hire-city-06.docx",
    "url": "https://www.skyscanner.com.sa/car-hire-in/car-hire-in-new-york/27537542.html",
    "candidate": "https://www.skyscanner.com.sa/car-hire-in/car-hire-in-new-york/27537542.html"
  },
  {
    "text": "تتراوح السرعة القصوى على الطرق السريعة بين 105 و121 كم/س، بينما تتراوح على الطرق السريعة المفتوحة بين 89 و113 كم/س.",
    "issue": "Speed limits are provided only in km/h, which is not the official unit used in the US (mph), making the information impractical for drivers. This pattern repeats for all speed limits mentioned.",
    "type_of_issue": "Compliance",
    "solution": "Convert the speed limits to mph as the primary unit and include km/h in parentheses for reference.",
    "updated_sentence": "تتراوح السرعة القصوى على الطرق السريعة بين 65 و75 ميلاً في الساعة (105 و121 كم/س)، بينما تتراوح على الطرق السريعة المفتوحة بين 55 و70 ميلاً في الساعة (89 و113 كم/س).",
    "severity": "Major",
    "score_deduction": 3,
    "source_file": "2026-2027-sa-car-hire-city-06.docx",
    "url": "https://www.skyscanner.com.sa/car-hire-in/car-hire-in-new-york/27537542.html",
    "candidate": "https://www.skyscanner.com.sa/car-hire-in/car-hire-in-new-york/27537542.html"
  },
  {
    "text": "لا يوجد نظام موحد لرسوم المرور على مستوى البلاد، بل تدير كل ولاية طرقها ذات الرسوم أو جسورها أو أنفاقها بنفسها.",
    "issue": "A Western comma (,) is used instead of the correct Arabic comma (،). This pattern repeats throughout the text.",
    "type_of_issue": "Punctuation/Spelling/Typos",
    "solution": "Replace all instances of the Western comma with the Arabic comma (،).",
    "updated_sentence": "لا يوجد نظام موحد لرسوم المرور على مستوى البلاد، بل تدير كل ولاية طرقها ذات الرسوم أو جسورها أو أنفاقها بنفسها.",
    "severity": "Minor",
    "score_deduction": 1,
    "source_file": "2026-2027-sa-car-hire-city-06.docx",
    "url": "https://www.skyscanner.com.sa/car-hire-in/car-hire-in-new-york/27537542.html",
    "candidate": "https://www.skyscanner.com.sa/car-hire-in/car-hire-in-new-york/27537542.html"
  },
  {
    "text": "تُدفع الرسوم غالبًا نقدًا أو عبر أجهزة إلكترونية إقليمية مثل جهاز إي زد باس.",
    "issue": "A comma is missing in the list of payment methods, which affects readability.",
    "type_of_issue": "Punctuation/Spelling/Typos",
    "solution": "Add an Arabic comma before 'أو' to separate the items in the list.",
    "updated_sentence": "تُدفع الرسوم غالبًا نقدًا، أو عبر أجهزة إلكترونية إقليمية مثل جهاز إي زد باس.",
    "severity": "Minor",
    "score_deduction": 1,
    "source_file": "2026-2027-sa-car-hire-city-06.docx",
    "url": "https://www.skyscanner.com.sa/car-hire-in/car-hire-in-new-york/27537542.html",
    "candidate": "https://www.skyscanner.com.sa/car-hire-in/car-hire-in-new-york/27537542.html"
  },
  {
    "text": "تبدأ أسعار استئجار السيارات في كوبي من 150 ﷼، بينما يبلغ المتوسط السنوي 276 ﷼.",
    "issue": "The currency symbol used is for the Saudi Riyal (﷼), which is incorrect for the location, Kobe, Japan. The correct currency is the Japanese Yen (¥).",
    "type_of_issue": "Accuracy",
    "solution": "Replace the Saudi Riyal symbol (﷼) with the Japanese Yen symbol (¥).",
    "updated_sentence": "تبدأ أسعار استئجار السيارات في كوبي من 150 ¥، بينما يبلغ المتوسط السنوي 276 ¥.",
    "severity": "Major",
    "score_deduction": 3,
    "source_file": "2026-2027-sa-car-hire-city-06.docx",
    "url": "https://www.skyscanner.com.sa/car-hire-in/car-hire-in-kobe/27547323.html",
    "candidate": "https://www.skyscanner.com.sa/car-hire-in/car-hire-in-kobe/27547323.html"
  },
  {
    "text": "تتوفر لدى تايمز سيارة فيات باندا بناقل حركة أوتوماتيكي ابتداءً من ‎150 ﷼ في اليوم.",
    "issue": "The currency symbol used is for Saudi Riyal (﷼) instead of Japanese Yen (¥), which is incorrect for the specified location (Kobe). This pattern repeats for all prices mentioned.",
    "type_of_issue": "Accuracy",
    "solution": "Change all instances of the Saudi Riyal symbol (﷼) to the Japanese Yen symbol (¥) to match the location.",
    "updated_sentence": "تتوفر لدى تايمز سيارة فيات باندا بناقل حركة أوتوماتيكي ابتداءً من ‎150 ¥ في اليوم.",
    "severity": "Major",
    "score_deduction": 3,
    "source_file": "2026-2027-sa-car-hire-city-06.docx",
    "url": "https://www.skyscanner.com.sa/car-hire-in/car-hire-in-kobe/27547323.html",
    "candidate": "https://www.skyscanner.com.sa/car-hire-in/car-hire-in-kobe/27547323.html"
  },
  {
    "text": "يوفر المطار خيارًا عمليًا للوافدين جوًا، بينما تتيح المواقع في مركز المدينة استلامًا قريبًا من الأحياء السكنية والمرافق الحضرية.",
    "issue": "The incorrect Latin comma (,) is used instead of the required Arabic comma (،) as per locale-specific punctuation rules. This pattern repeats throughout the text.",
    "type_of_issue": "Punctuation/Spelling/Typos",
    "solution": "Replace all instances of the Latin comma (,) with the correct Arabic comma (،).",
    "updated_sentence": "يوفر المطار خيارًا عمليًا للوافدين جوًا، بينما تتيح المواقع في مركز المدينة استلامًا قريبًا من الأحياء السكنية والمرافق الحضرية.",
    "severity": "Minor",
    "score_deduction": 1,
    "source_file": "2026-2027-sa-car-hire-city-06.docx",
    "url": "https://www.skyscanner.com.sa/car-hire-in/car-hire-in-kobe/27547323.html",
    "candidate": "https://www.skyscanner.com.sa/car-hire-in/car-hire-in-kobe/27547323.html"
  },
  {
    "text": "تبدأ أسعار تأجير السيارات في ريجا من 95 ﷼، بينما يبلغ المتوسط السنوي 161 ﷼.",
    "issue": "The currency symbol is incorrect for the specified location. Riga, Latvia uses the Euro (€), not the Saudi Riyal (﷼).",
    "type_of_issue": "Accuracy",
    "solution": "Replace the Saudi Riyal symbol (﷼) with the Euro symbol (€) to match the location's currency.",
    "updated_sentence": "تبدأ أسعار تأجير السيارات في ريجا من 95 €، بينما يبلغ المتوسط السنوي 161 €.",
    "severity": "Major",
    "score_deduction": 3,
    "source_file": "2026-2027-sa-car-hire-city-06.docx",
    "url": "https://www.skyscanner.com.sa/car-hire-in/car-hire-in-riga/27546172.html",
    "candidate": "https://www.skyscanner.com.sa/car-hire-in/car-hire-in-riga/27546172.html"
  },
  {
    "text": "تساعدك مقارنة عروض مزوّدي الخدمة على تحديد الفئة المناسبة لك، مع الانتباه إلى شروط التأمين وأي رسومًا إضافية قد تُضاف عند الاستلام أو الإعادة.",
    "issue": "The word 'رسومًا' is in the wrong grammatical case. After 'أي', the noun should be in the genitive case (majrur), not the accusative case (mansub).",
    "type_of_issue": "Grammar",
    "solution": "Change 'رسومًا إضافية' to 'رسومٍ إضافيةٍ' to apply the correct genitive case.",
    "updated_sentence": "تساعدك مقارنة عروض مزوّدي الخدمة على تحديد الفئة المناسبة لك، مع الانتباه إلى شروط التأمين وأي رسومٍ إضافيةٍ قد تُضاف عند الاستلام أو الإعادة.",
    "severity": "Minor",
    "score_deduction": 1,
    "source_file": "2026-2027-sa-car-hire-city-06.docx",
    "url": "https://www.skyscanner.com.sa/car-hire-in/car-hire-in-riga/27546172.html",
    "candidate": "https://www.skyscanner.com.sa/car-hire-in/car-hire-in-riga/27546172.html"
  },
  {
    "text": "يمكنك استئجار هذا الطراز من شركة جرين موشن بناقل حركة جير عادي بسعر يبدأ من ‎135 ﷼ في اليوم. أما من يفضّل ناقل الحركة الأوتوماتيكي، فبإمكانه اختيار سيارة فيات 500 من شركة سربرايس ابتداءً من ‎95 ﷼ في اليوم، أو سيارة فولكس فاجن باسات من شركة يو سيف بسعر يبدأ من ‎163 ﷼ في اليوم لمن يحتاج إلى مساحة أوسع تتّسع لخمسة ركّاب.",
    "issue": "The currency symbol for the Saudi Riyal (﷼) is used for a service in Riga, Latvia, where the correct currency is the Euro (€).",
    "type_of_issue": "Accuracy",
    "solution": "Replace the incorrect currency symbol (﷼) with the correct one for the Euro (€) in all three instances.",
    "updated_sentence": "يمكنك استئجار هذا الطراز من شركة جرين موشن بناقل حركة جير عادي بسعر يبدأ من ‎135 € في اليوم. أما من يفضّل ناقل الحركة الأوتوماتيكي، فبإمكانه اختيار سيارة فيات 500 من شركة سربرايس ابتداءً من ‎95 € في اليوم، أو سيارة فولكس فاجن باسات من شركة يو سيف بسعر يبدأ من ‎163 € في اليوم لمن يحتاج إلى مساحة أوسع تتّسع لخمسة ركّاب.",
    "severity": "Major",
    "score_deduction": 3,
    "source_file": "2026-2027-sa-car-hire-city-06.docx",
    "url": "https://www.skyscanner.com.sa/car-hire-in/car-hire-in-riga/27546172.html",
    "candidate": "https://www.skyscanner.com.sa/car-hire-in/car-hire-in-riga/27546172.html"
  },
  {
    "text": "تبدأ أسعار استئجار السيارات في بوكيت من 58 ﷼، بينما يبلغ المتوسط السنوي للأسعار 144 ﷼.",
    "issue": "The text uses the Saudi Riyal currency symbol (﷼) for prices in Phuket, Thailand, which is incorrect as the local currency is the Thai Baht (฿).",
    "type_of_issue": "Accuracy",
    "solution": "Replace the incorrect Saudi Riyal symbols (﷼) with the correct Thai Baht symbol (฿).",
    "updated_sentence": "تبدأ أسعار استئجار السيارات في بوكيت من 58 ฿، بينما يبلغ المتوسط السنوي للأسعار 144 ฿.",
    "severity": "Major",
    "score_deduction": 3,
    "source_file": "2026-2027-sa-car-hire-city-06.docx",
    "url": "https://www.skyscanner.com.sa/car-hire-in/car-hire-in-phuket/27542069.html",
    "candidate": "https://www.skyscanner.com.sa/car-hire-in/car-hire-in-phuket/27542069.html"
  },
  {
    "text": "تقدِّم شركة 999 CAR RENTAL سيارة ميتسوبيشي ميراج بناقل حركة أوتوماتيك ابتداءً من ‎58 ﷼ في اليوم، وهو السعر نفسه المتاح لسيارة رينو كليو من الشركة ذاتها بناقل حركة أوتوماتيك.",
    "issue": "The currency symbol for Saudi Riyal (﷼) is incorrectly used for a service in Phuket, Thailand. This error repeats in the following sentence.",
    "type_of_issue": "Accuracy",
    "solution": "Replace the Saudi Riyal symbol (﷼) with the correct symbol for Thai Baht (฿) in all instances.",
    "updated_sentence": "تقدِّم شركة 999 CAR RENTAL سيارة ميتسوبيشي ميراج بناقل حركة أوتوماتيك ابتداءً من ‎58 ฿ في اليوم، وهو السعر نفسه المتاح لسيارة رينو كليو من الشركة ذاتها بناقل حركة أوتوماتيك.",
    "severity": "Major",
    "score_deduction": 3,
    "source_file": "2026-2027-sa-car-hire-city-06.docx",
    "url": "https://www.skyscanner.com.sa/car-hire-in/car-hire-in-phuket/27542069.html",
    "candidate": "https://www.skyscanner.com.sa/car-hire-in/car-hire-in-phuket/27542069.html"
  },
  {
    "text": "تستلم سيارتك المستأجرة في بوكيت من مطار فوكيت، وهو من أكثر نقاط الاستلام استخدامًا لدى الوافدين جوًا.",
    "issue": "The proper name 'Phuket' is spelled inconsistently as 'بوكيت' and 'فوكيت' in the same sentence.",
    "type_of_issue": "Punctuation/Spelling/Typos",
    "solution": "Standardize the spelling of 'Phuket' to 'بوكيت' to match the topic title and ensure consistency.",
    "updated_sentence": "تستلم سيارتك المستأجرة في بوكيت من مطار بوكيت، وهو من أكثر نقاط الاستلام استخدامًا لدى الوافدين جوًا.",
    "severity": "Minor",
    "score_deduction": 1,
    "source_file": "2026-2027-sa-car-hire-city-06.docx",
    "url": "https://www.skyscanner.com.sa/car-hire-in/car-hire-in-phuket/27542069.html",
    "candidate": "https://www.skyscanner.com.sa/car-hire-in/car-hire-in-phuket/27542069.html"
  },
  {
    "text": "تفرض الطرق السريعة المحوّلة رسوم مرور تُدفع نقدًا عند أكشاك يديرها موظفون، إلى جانب مسارات مخصصة للبطاقات الإلكترونية مثل Easy Pass وM-Pass.",
    "issue": "The Latin-script brand names 'Easy Pass' and 'M-Pass' use Title Case, violating the style guide rule that all embedded Latin script must be in sentence case. This pattern repeats with 'M-Flow' in the next sentence.",
    "type_of_issue": "Compliance",
    "solution": "Change the brand names to sentence case ('Easy pass', 'M-pass') to comply with the language-specific style guide.",
    "updated_sentence": "تفرض الطرق السريعة المحوّلة رسوم مرور تُدفع نقدًا عند أكشاك يديرها موظفون، إلى جانب مسارات مخصصة للبطاقات الإلكترونية مثل Easy pass وM-pass.",
    "severity": "Minor",
    "score_deduction": 1,
    "source_file": "2026-2027-sa-car-hire-city-06.docx",
    "url": "https://www.skyscanner.com.sa/car-hire-in/car-hire-in-phuket/27542069.html",
    "candidate": "https://www.skyscanner.com.sa/car-hire-in/car-hire-in-phuket/27542069.html"
  },
  {
    "text": "تبدأ أسعار استئجار السيارات في بالماس من 113 ﷼، بينما يبلغ المتوسط السنوي 126 ﷼.",
    "issue": "The currency symbol '﷼' (Saudi Riyal) is incorrect for the location Palmas, Brazil. The correct currency is the Brazilian Real (R$).",
    "type_of_issue": "Accuracy",
    "solution": "Replace the incorrect Saudi Riyal symbol '﷼' with the correct Brazilian Real symbol 'R$'.",
    "updated_sentence": "تبدأ أسعار استئجار السيارات في بالماس من 113 R$، بينما يبلغ المتوسط السنوي 126 R$.",
    "severity": "Major",
    "score_deduction": 3,
    "source_file": "2026-2027-sa-car-hire-city-07.docx",
    "url": "https://www.skyscanner.com.sa/car-hire-in/car-hire-in-palmas/27548361.html",
    "candidate": "https://www.skyscanner.com.sa/car-hire-in/car-hire-in-palmas/27548361.html"
  },
  {
    "text": "للحصول على أفضل سعرٍ متاح، احجز قبل 2 أسابيع من موعد استلام السيارة.",
    "issue": "In Arabic, the number 2 requires the dual form of the noun ('أسبوعين'), not the plural ('أسابيع'). The numeral '2' is redundant when using the dual form.",
    "type_of_issue": "Grammar",
    "solution": "Replace '2 أسابيع' with the grammatically correct dual form 'أسبوعين'.",
    "updated_sentence": "للحصول على أفضل سعرٍ متاح، احجز قبل أسبوعين من موعد استلام السيارة.",
    "severity": "Minor",
    "score_deduction": 1,
    "source_file": "2026-2027-sa-car-hire-city-07.docx",
    "url": "https://www.skyscanner.com.sa/car-hire-in/car-hire-in-palmas/27548361.html",
    "candidate": "https://www.skyscanner.com.sa/car-hire-in/car-hire-in-palmas/27548361.html"
  },
  {
    "text": "تُعدّ سيارة فولكس فاجن تي-كروس الخيار الأكثر طلبًا في بالماس لأنها واسعة وعملية ومناسبة للعائلات. عند المفاضلة بين العروض المتاحة، يمكنك اختيار سيارة تويوتا أيجو من مزوّد موفيدا بناقل حركة عادي ابتداءً من ‎113 ﷼ في اليوم، وهي مناسبة للتنقل اليومي بأربعة مقاعد. وإن كنت تفضّل ناقل الحركة الأوتوماتيكي، فتتوفر سيتروين سي-4 من موفيدا ابتداءً من ‎139 ﷼ في اليوم بخمسة مقاعد. أما سكودا سكالا من مزوّد أونيداس، فتأتي بناقل حركة عادي ابتداءً من ‎150 ﷼ في اليوم، وتناسب من يبحث عن مساحة إضافية للركاب.",
    "issue": "The currency symbol is incorrect for the location. The text uses the Saudi Riyal (﷼) for Palmas, Brazil, instead of the Brazilian Real (R$). This error pattern repeats three times.",
    "type_of_issue": "Accuracy",
    "solution": "Replace all instances of the Saudi Riyal symbol (﷼) with the correct Brazilian Real symbol (R$).",
    "updated_sentence": "تُعدّ سيارة فولكس فاجن تي-كروس الخيار الأكثر طلبًا في بالماس لأنها واسعة وعملية ومناسبة للعائلات. عند المفاضلة بين العروض المتاحة، يمكنك اختيار سيارة تويوتا أيجو من مزوّد موفيدا بناقل حركة عادي ابتداءً من ‎113 R$ في اليوم، وهي مناسبة للتنقل اليومي بأربعة مقاعد. وإن كنت تفضّل ناقل الحركة الأوتوماتيكي، فتتوفر سيتروين سي-4 من موفيدا ابتداءً من ‎139 R$ في اليوم بخمسة مقاعد. أما سكودا سكالا من مزوّد أونيداس، فتأتي بناقل حركة عادي ابتداءً من ‎150 R$ في اليوم، وتناسب من يبحث عن مساحة إضافية للركاب.",
    "severity": "Major",
    "score_deduction": 3,
    "source_file": "2026-2027-sa-car-hire-city-07.docx",
    "url": "https://www.skyscanner.com.sa/car-hire-in/car-hire-in-palmas/27548361.html",
    "candidate": "https://www.skyscanner.com.sa/car-hire-in/car-hire-in-palmas/27548361.html"
  },
  {
    "text": "يمكنك استلام سيارتك المستأجرة في بالماس من مطار بالماس، وهو الموقع الرئيس لاستلام السيارات في المدينة.",
    "issue": "The word 'الرئيس', a noun, is used where the adjective 'الرئيسي' is grammatically required to modify the noun 'الموقع'.",
    "type_of_issue": "Grammar",
    "solution": "Change 'الرئيس' to its correct adjectival form 'الرئيسي' for proper grammatical agreement.",
    "updated_sentence": "يمكنك استلام سيارتك المستأجرة في بالماس من مطار بالماس، وهو الموقع الرئيسي لاستلام السيارات في المدينة.",
    "severity": "Minor",
    "score_deduction": 1,
    "source_file": "2026-2027-sa-car-hire-city-07.docx",
    "url": "https://www.skyscanner.com.sa/car-hire-in/car-hire-in-palmas/27548361.html",
    "candidate": "https://www.skyscanner.com.sa/car-hire-in/car-hire-in-palmas/27548361.html"
  },
  {
    "text": "يلزم لاستئجار سيارة جواز سفر أو بطاقة هوية سارية ورخصة قيادة.",
    "issue": "The adjective 'سارية' (valid) is feminine singular and grammatically modifies only the immediately preceding noun, 'بطاقة هوية' (ID card), creating ambiguity as to whether the passport and driver's license must also be valid.",
    "type_of_issue": "Grammar",
    "solution": "Rephrase the sentence to clarify that all listed documents must be valid.",
    "updated_sentence": "يلزم لاستئجار سيارة جواز سفر أو بطاقة هوية ورخصة قيادة، على أن تكون جميعها سارية.",
    "severity": "Major",
    "score_deduction": 3,
    "source_file": "2026-2027-sa-car-hire-city-07.docx",
    "url": "https://www.skyscanner.com.sa/car-hire-in/car-hire-in-palmas/27548361.html",
    "candidate": "https://www.skyscanner.com.sa/car-hire-in/car-hire-in-palmas/27548361.html"
  },
  {
    "text": "تبدأ أسعار استئجار السيارات في نوميا من 118 ﷼، بينما يبلغ المتوسط السنوي 156 ﷼.",
    "issue": "The currency symbol '﷼' (Saudi Riyal) is incorrect for the specified location, Nouméa (New Caledonia), which uses the CFP franc (XPF).",
    "type_of_issue": "Accuracy",
    "solution": "Replace the incorrect Saudi Riyal symbol with the correct currency code for the location, 'XPF'.",
    "updated_sentence": "تبدأ أسعار استئجار السيارات في نوميا من 118 XPF، بينما يبلغ المتوسط السنوي 156 XPF.",
    "severity": "Major",
    "score_deduction": 3,
    "source_file": "2026-2027-sa-car-hire-city-07.docx",
    "url": "https://www.skyscanner.com.sa/car-hire-in/car-hire-in-noumea/39132034.html",
    "candidate": "https://www.skyscanner.com.sa/car-hire-in/car-hire-in-noumea/39132034.html"
  },
  {
    "text": "تتوفر أمامك خيارات أخرى تناسب احتياجات متنوعة، منها سيارة بيجو 108 من مزوّد يوروبكار بناقل حركة عادي وسعر يبدأ من 219 ﷼ في اليوم.",
    "issue": "The Saudi Riyal symbol (﷼) is used for prices in a foreign destination (Nouméa) without clarification, which is misleading as it's not the local currency. This pattern repeats in subsequent sentences.",
    "type_of_issue": "Accuracy",
    "solution": "Clarify that the price is in Saudi Riyals by spelling out the currency name to avoid confusion with the destination's local currency.",
    "updated_sentence": "تتوفر أمامك خيارات أخرى تناسب احتياجات متنوعة، منها سيارة بيجو 108 من مزوّد يوروبكار بناقل حركة عادي وسعر يبدأ من 219 ريالًا سعوديًا في اليوم.",
    "severity": "Major",
    "score_deduction": 3,
    "source_file": "2026-2027-sa-car-hire-city-07.docx",
    "url": "https://www.skyscanner.com.sa/car-hire-in/car-hire-in-noumea/39132034.html",
    "candidate": "https://www.skyscanner.com.sa/car-hire-in/car-hire-in-noumea/39132034.html"
  },
  {
    "text": "يمكنك استلام سيارتك المستأجَرة في نوميا من مطار نويميا ماجينتا الذي يمثل نقطة الاستلام الرئيسية داخل المدينة.",
    "issue": "The spelling of the city 'Nouméa' is inconsistent within the text. It is spelled as 'نوميا' first, which matches the topic name, and then as 'نويميا'.",
    "type_of_issue": "Punctuation/Spelling/Typos",
    "solution": "Correct the spelling of 'نويميا' to 'نوميا' to ensure consistency with the topic name and other mentions.",
    "updated_sentence": "يمكنك استلام سيارتك المستأجَرة في نوميا من مطار نوميا ماجينتا الذي يمثل نقطة الاستلام الرئيسية داخل المدينة.",
    "severity": "Minor",
    "score_deduction": 1,
    "source_file": "2026-2027-sa-car-hire-city-07.docx",
    "url": "https://www.skyscanner.com.sa/car-hire-in/car-hire-in-noumea/39132034.html",
    "candidate": "https://www.skyscanner.com.sa/car-hire-in/car-hire-in-noumea/39132034.html"
  },
  {
    "text": "تبدأ أسعار تأجير السيارات في بريست من 132 ﷼، بينما يبلغ المتوسط السنوي للأسعار 182 ﷼.",
    "issue": "The currency symbol for Saudi Riyal (﷼) is used for Brest, France, where the Euro (€) is the official currency.",
    "type_of_issue": "Accuracy",
    "solution": "Replace the Saudi Riyal symbol (﷼) with the Euro symbol (€) to match the location.",
    "updated_sentence": "تبدأ أسعار تأجير السيارات في بريست من 132 €، بينما يبلغ المتوسط السنوي للأسعار 182 €.",
    "severity": "Major",
    "score_deduction": 3,
    "source_file": "2026-2027-sa-car-hire-city-07.docx",
    "url": "https://www.skyscanner.com.sa/car-hire-in/car-hire-in-brest/27538729.html",
    "candidate": "https://www.skyscanner.com.sa/car-hire-in/car-hire-in-brest/27538729.html"
  },
  {
    "text": "للحصول على أفضل سعر، احجز سيارتك قبل 2 أسابيع من موعد رحلتك.",
    "issue": "The plural form 'أسابيع' (weeks) is incorrectly used with the number 2. Arabic grammar requires the dual form 'أسبوعين'.",
    "type_of_issue": "Grammar",
    "solution": "Change the plural noun 'أسابيع' to its dual form 'أسبوعين' to correctly agree with the number 2.",
    "updated_sentence": "للحصول على أفضل سعر، احجز سيارتك قبل أسبوعين من موعد رحلتك.",
    "severity": "Minor",
    "score_deduction": 1,
    "source_file": "2026-2027-sa-car-hire-city-07.docx",
    "url": "https://www.skyscanner.com.sa/car-hire-in/car-hire-in-brest/27538729.html",
    "candidate": "https://www.skyscanner.com.sa/car-hire-in/car-hire-in-brest/27538729.html"
  },
  {
    "text": "تقدِّم يوروبكار سيارة فورد ترانزيت كرو بجير عادي ابتداءً من ‎132 ﷼ في اليوم، وهي مناسبة لمن يفضل ناقل الحركة اليدوي.",
    "issue": "The currency symbol '﷼' (Saudi Riyal) is incorrect for the location (Brest, France), which uses the Euro (€).",
    "type_of_issue": "Accuracy",
    "solution": "Change the currency symbol from '﷼' to '€' to match the location.",
    "updated_sentence": "تقدِّم يوروبكار سيارة فورد ترانزيت كرو بجير عادي ابتداءً من ‎132 € في اليوم، وهي مناسبة لمن يفضل ناقل الحركة اليدوي.",
    "severity": "Major",
    "score_deduction": 3,
    "source_file": "2026-2027-sa-car-hire-city-07.docx",
    "url": "https://www.skyscanner.com.sa/car-hire-in/car-hire-in-brest/27538729.html",
    "candidate": "https://www.skyscanner.com.sa/car-hire-in/car-hire-in-brest/27538729.html"
  },
  {
    "text": "وتوفِّر إنتربرايز سيارة رينو ترافيك باسنجر بجير عادي ابتداءً من ‎187 ﷼ في اليوم بسعةٍ لثلاثة ركاب.",
    "issue": "The currency symbol '﷼' (Saudi Riyal) is incorrect for the location (Brest, France), which uses the Euro (€).",
    "type_of_issue": "Accuracy",
    "solution": "Change the currency symbol from '﷼' to '€' to match the location.",
    "updated_sentence": "وتوفِّر إنتربرايز سيارة رينو ترافيك باسنجر بجير عادي ابتداءً من ‎187 € في اليوم بسعةٍ لثلاثة ركاب.",
    "severity": "Major",
    "score_deduction": 3,
    "source_file": "2026-2027-sa-car-hire-city-07.docx",
    "url": "https://www.skyscanner.com.sa/car-hire-in/car-hire-in-brest/27538729.html",
    "candidate": "https://www.skyscanner.com.sa/car-hire-in/car-hire-in-brest/27538729.html"
  },
  {
    "text": "أما من يبحث عن ناقل حركة أوتوماتيكي فتُتيح فليزر سيارة بيجو ٢٠٨ ابتداءً من ‎282 ﷼ في اليوم.",
    "issue": "The currency symbol '﷼' is incorrect for Brest, France, and the Eastern Arabic numeral '٢٠٨' is inconsistent with other Western Arabic numerals used in the text.",
    "type_of_issue": "Accuracy",
    "solution": "Change the currency symbol to '€' for accuracy and the numeral to '208' for consistency.",
    "updated_sentence": "أما من يبحث عن ناقل حركة أوتوماتيكي فتُتيح فليزر سيارة بيجو 208 ابتداءً من ‎282 € في اليوم.",
    "severity": "Major",
    "score_deduction": 3,
    "source_file": "2026-2027-sa-car-hire-city-07.docx",
    "url": "https://www.skyscanner.com.sa/car-hire-in/car-hire-in-brest/27538729.html",
    "candidate": "https://www.skyscanner.com.sa/car-hire-in/car-hire-in-brest/27538729.html"
  },
  {
    "text": "تستلم سيارتك المستأجرة في مدينة بريست من مطار بريست، وهو المكان الرئيس المتاح لاستلام السيارات لدى الوصول جوًا.",
    "issue": "The word 'الرئيس' is used as a noun, but the adjectival form 'الرئيسي' is required to correctly modify 'المكان'.",
    "type_of_issue": "Grammar",
    "solution": "Change 'الرئيس' to 'الرئيسي'.",
    "updated_sentence": "تستلم سيارتك المستأجرة في مدينة بريست من مطار بريست، وهو المكان الرئيسي المتاح لاستلام السيارات لدى الوصول جوًا.",
    "severity": "Minor",
    "score_deduction": 1,
    "source_file": "2026-2027-sa-car-hire-city-07.docx",
    "url": "https://www.skyscanner.com.sa/car-hire-in/car-hire-in-brest/27538729.html",
    "candidate": "https://www.skyscanner.com.sa/car-hire-in/car-hire-in-brest/27538729.html"
  },
  {
    "text": "تحتاج عند الاستئجار إلى جواز سفرٍ ساري المفعول أو بطاقة هويّةٍ وطنية ورخصة قيادة.",
    "issue": "The noun 'رخصة' has an incorrect grammatical case and the sentence is missing a terminal period.",
    "type_of_issue": "Grammar",
    "solution": "Change 'رخصة' to the genitive case ('رخصةِ') to follow the list structure, and add a period to terminate the sentence.",
    "updated_sentence": "تحتاج عند الاستئجار إلى جواز سفرٍ ساري المفعول أو بطاقة هويّةٍ وطنية ورخصةِ قيادة.",
    "severity": "Minor",
    "score_deduction": 1,
    "source_file": "2026-2027-sa-car-hire-city-07.docx",
    "url": "https://www.skyscanner.com.sa/car-hire-in/car-hire-in-brest/27538729.html",
    "candidate": "https://www.skyscanner.com.sa/car-hire-in/car-hire-in-brest/27538729.html"
  },
  {
    "text": "ويُطلب قانونًا رخصة قيادةٍ دولية لجميع حاملي الرخص الصادرة خارج الاتحاد الأوروبي والمنطقة الاقتصادية الأوروبية إذا لم تكن رخصهم محرّرةً باللغة الفرنسية.",
    "issue": "The sentence, which concludes the paragraph, is missing a terminal punctuation mark (a full stop).",
    "type_of_issue": "Punctuation/Spelling/Typos",
    "solution": "Add a full stop (.) at the end of the sentence to properly terminate the paragraph.",
    "updated_sentence": "ويُطلب قانونًا رخصة قيادةٍ دولية لجميع حاملي الرخص الصادرة خارج الاتحاد الأوروبي والمنطقة الاقتصادية الأوروبية إذا لم تكن رخصهم محرّرةً باللغة الفرنسية.",
    "severity": "Minor",
    "score_deduction": 1,
    "source_file": "2026-2027-sa-car-hire-city-07.docx",
    "url": "https://www.skyscanner.com.sa/car-hire-in/car-hire-in-brest/27538729.html",
    "candidate": "https://www.skyscanner.com.sa/car-hire-in/car-hire-in-brest/27538729.html"
  },
  {
    "text": "تبدأ أسعار استئجار السيارات في ماسيو من 93 ﷼ للسيارة الواحدة، بينما يبلغ المتوسط السنوي للأسعار 117 ﷼.",
    "issue": "The currency symbol used is for the Saudi Riyal (﷼), but the content is about Maceió, Brazil, where the correct currency is the Brazilian Real (R$).",
    "type_of_issue": "Accuracy",
    "solution": "Replace the incorrect Saudi Riyal symbol (﷼) with the correct Brazilian Real symbol (R$).",
    "updated_sentence": "تبدأ أسعار استئجار السيارات في ماسيو من 93 R$ للسيارة الواحدة، بينما يبلغ المتوسط السنوي للأسعار 117 R$.",
    "severity": "Major",
    "score_deduction": 3,
    "source_file": "2026-2027-sa-car-hire-city-07.docx",
    "url": "https://www.skyscanner.com.sa/car-hire-in/car-hire-in-maceio/27544882.html",
    "candidate": "https://www.skyscanner.com.sa/car-hire-in/car-hire-in-maceio/27544882.html"
  },
  {
    "text": "تتوفر لدى شركة فوكو سيارة سيات إيبيزا أو ما يشابهها بجير عادي ابتداءً من ‎93 ﷼ في اليوم، وهي مناسبة لأربعة ركاب.",
    "issue": "The currency symbol is incorrect for the location. Saudi Riyal (﷼) is used for Maceió, Brazil, instead of the Brazilian Real (R$). Pattern repeats for all prices.",
    "type_of_issue": "Accuracy",
    "solution": "Replace the Saudi Riyal symbol (﷼) with the Brazilian Real symbol (R$).",
    "updated_sentence": "تتوفر لدى شركة فوكو سيارة سيات إيبيزا أو ما يشابهها بجير عادي ابتداءً من ‎93 R$ في اليوم، وهي مناسبة لأربعة ركاب.",
    "severity": "Major",
    "score_deduction": 3,
    "source_file": "2026-2027-sa-car-hire-city-07.docx",
    "url": "https://www.skyscanner.com.sa/car-hire-in/car-hire-in-maceio/27544882.html",
    "candidate": "https://www.skyscanner.com.sa/car-hire-in/car-hire-in-maceio/27544882.html"
  },
  {
    "text": "تبدأ أسعار استئجار السيارات في طوكيو من ‎67 ﷼ للحجز الواحد، بينما يبلغ المتوسط السنوي للأسعار 265 ﷼.",
    "issue": "The currency symbol used (﷼, Saudi Riyal) is incorrect for the specified location (Tokyo, Japan).",
    "type_of_issue": "Accuracy",
    "solution": "Replace the Saudi Riyal symbol (﷼) with the correct symbol for Japanese Yen (¥).",
    "updated_sentence": "تبدأ أسعار استئجار السيارات في طوكيو من ‎67 ¥ للحجز الواحد، بينما يبلغ المتوسط السنوي للأسعار 265 ¥.",
    "severity": "Major",
    "score_deduction": 3,
    "source_file": "2026-2027-sa-car-hire-city-07.docx",
    "url": "https://www.skyscanner.com.sa/car-hire-in/car-hire-in-tokyo/27542089.html",
    "candidate": "https://www.skyscanner.com.sa/car-hire-in/car-hire-in-tokyo/27542089.html"
  },
  {
    "text": "تعرضها شركة آي إكس رينتال بناقل حركة أوتوماتيكي ابتداءً من ‎67 ﷼ في اليوم.",
    "issue": "Incorrect currency symbol used for the location. The text is about Tokyo (Japan), but the currency is shown in Saudi Riyal (﷼) instead of Japanese Yen (¥). This pattern repeats in subsequent sentences.",
    "type_of_issue": "Accuracy",
    "solution": "Change the currency symbol from Saudi Riyal (﷼) to Japanese Yen (¥) in all instances.",
    "updated_sentence": "تعرضها شركة آي إكس رينتال بناقل حركة أوتوماتيكي ابتداءً من ‎67 ¥ في اليوم.",
    "severity": "Major",
    "score_deduction": 3,
    "source_file": "2026-2027-sa-car-hire-city-07.docx",
    "url": "https://www.skyscanner.com.sa/car-hire-in/car-hire-in-tokyo/27542089.html",
    "candidate": "https://www.skyscanner.com.sa/car-hire-in/car-hire-in-tokyo/27542089.html"
  },
  {
    "text": "تضم مدينة طوكيو 6 شركاتٍ لتأجير السيارات. من أبرزها شركة أسوكا لتأجير السيارات، وهي الأكثر شهرةً على الإطلاق، إضافةً إلى شركة إتش إم لتأجير السيارات وشركة نيسان لتأجير السيارات. يبلغ الحد الأدنى لسن استئجار السيارة 21 عامًا، مع رسومٍ إضافيةٍ على السائقين دون 25 عامًا لدى العديد من الشركات، بينما يبلغ الحد الأدنى لسن القيادة 18 عامًا. يلزم لاستئجار السيارة جواز سفرٍ أو بطاقة هويةٍ وطنيةٍ ساريةٌ ورخصة قيادةٍ ساريةٌ. كما تُطلب رخصة قيادةٍ دوليةٌ صادرةٌ وفق اتفاقية جنيف لعام 1949 لأغلب الرخص الأجنبية، باستثناء عددٍ من الدول مثل ألمانيا وفرنسا وسويسرا وبلجيكا وموناكو وتايوان، حيث يُكتفى بترجمةٍ يابانيةٍ رسميةٍ للرخصة.",
    "issue": "The single paragraph combines multiple distinct topics (rental companies, age requirements, document rules), which makes the text dense and difficult to scan.",
    "type_of_issue": "Style",
    "solution": "Split the text into three separate, focused paragraphs to improve readability and scannability, with each paragraph covering a single topic.",
    "updated_sentence": "تضم مدينة طوكيو 6 شركاتٍ لتأجير السيارات. من أبرزها شركة أسوكا لتأجير السيارات، وهي الأكثر شهرةً على الإطلاق، إضافةً إلى شركة إتش إم لتأجير السيارات وشركة نيسان لتأجير السيارات.\n\nيبلغ الحد الأدنى لسن استئجار السيارة 21 عامًا، مع رسومٍ إضافيةٍ على السائقين دون 25 عامًا لدى العديد من الشركات، بينما يبلغ الحد الأدنى لسن القيادة 18 عامًا.\n\nيلزم لاستئجار السيارة جواز سفرٍ أو بطاقة هويةٍ وطنيةٍ ساريةٌ ورخصة قيادةٍ ساريةٌ. كما تُطلب رخصة قيادةٍ دوليةٌ صادرةٌ وفق اتفاقية جنيف لعام 1949 لأغلب الرخص الأجنبية، باستثناء عددٍ من الدول مثل ألمانيا وفرنسا وسويسرا وبلجيكا وموناكو وتايوان، حيث يُكتفى بترجمةٍ يابانيةٍ رسميةٍ للرخصة.",
    "severity": "Minor",
    "score_deduction": 1,
    "source_file": "2026-2027-sa-car-hire-city-07.docx",
    "url": "https://www.skyscanner.com.sa/car-hire-in/car-hire-in-tokyo/27542089.html",
    "candidate": "https://www.skyscanner.com.sa/car-hire-in/car-hire-in-tokyo/27542089.html"
  },
  {
    "text": "يبدأ استئجار سيارة في شرم الشيخ من 173 ﷼ في أقل الأسعار، بينما يبلغ المتوسط السنوي 204 ﷼.",
    "issue": "The currency symbol used (﷼, Saudi Riyal) is incorrect for the specified location (Sharm El Sheikh, Egypt), which uses the Egyptian Pound.",
    "type_of_issue": "Accuracy",
    "solution": "Replace the Saudi Riyal symbol (﷼) with the correct abbreviation for the Egyptian Pound (ج.م).",
    "updated_sentence": "يبدأ استئجار سيارة في شرم الشيخ من 173 ج.م في أقل الأسعار، بينما يبلغ المتوسط السنوي 204 ج.م.",
    "severity": "Major",
    "score_deduction": 3,
    "source_file": "2026-2027-sa-car-hire-city-07.docx",
    "url": "https://www.skyscanner.com.sa/car-hire-in/car-hire-in-sharm-el-sheikh/33922188.html",
    "candidate": "https://www.skyscanner.com.sa/car-hire-in/car-hire-in-sharm-el-sheikh/33922188.html"
  },
  {
    "text": "تُعدّ سيارة نيسان فيرسا الخيار الأكثر رواجًا لاستئجار السيارات في شرم الشيخ، إذ تجمع بين الراحة والطابع العملي والاقتصادي. تتوفّر هذه السيارة لدى شركة أفيس بناقل حركة أوتوماتيكي ابتداءً من ‎234 ﷼ في اليوم، وتتّسع لخمسة ركّاب. وإذا رغبت في بديل بالسعر ذاته، فإنّ سيارة شيفروليه أفيو من أفيس تأتي بناقل حركة أوتوماتيكي ابتداءً من ‎234 ﷼ في اليوم. أمّا من يبحث عن فئة أرحب فيمكنه اختيار سيارة مرسيدس الفئة سي من أفيس بناقل حركة أوتوماتيكي ابتداءً من ‎750 ﷼ في اليوم، مع سعة تبلغ حقيبتين لكلّ حجز.",
    "issue": "The currency symbol for Saudi Riyal (﷼) is used for a location in Egypt (Sharm El Sheikh), which is incorrect. This error repeats for all prices mentioned.",
    "type_of_issue": "Accuracy",
    "solution": "Replace the Saudi Riyal symbol (﷼) with the correct Egyptian Pound symbol (ج.م) in all instances.",
    "updated_sentence": "تُعدّ سيارة نيسان فيرسا الخيار الأكثر رواجًا لاستئجار السيارات في شرم الشيخ، إذ تجمع بين الراحة والطابع العملي والاقتصادي. تتوفّر هذه السيارة لدى شركة أفيس بناقل حركة أوتوماتيكي ابتداءً من ‎234 ج.م في اليوم، وتتّسع لخمسة ركّاب. وإذا رغبت في بديل بالسعر ذاته، فإنّ سيارة شيفروليه أفيو من أفيس تأتي بناقل حركة أوتوماتيكي ابتداءً من ‎234 ج.م في اليوم. أمّا من يبحث عن فئة أرحب فيمكنه اختيار سيارة مرسيدس الفئة سي من أفيس بناقل حركة أوتوماتيكي ابتداءً من ‎750 ج.م في اليوم، مع سعة تبلغ حقيبتين لكلّ حجز.",
    "severity": "Major",
    "score_deduction": 3,
    "source_file": "2026-2027-sa-car-hire-city-07.docx",
    "url": "https://www.skyscanner.com.sa/car-hire-in/car-hire-in-sharm-el-sheikh/33922188.html",
    "candidate": "https://www.skyscanner.com.sa/car-hire-in/car-hire-in-sharm-el-sheikh/33922188.html"
  },
  {
    "text": "يُعد أفيس المزود الأكثر شيوعًا بينها.",
    "issue": "The pronoun 'بينها' (feminine) incorrectly refers to the noun 'مزودين' (providers), which is masculine plural.",
    "type_of_issue": "Grammar",
    "solution": "Change the pronoun to the masculine plural form 'بينهم' to agree with the masculine plural noun 'مزودين'.",
    "updated_sentence": "يُعد أفيس المزود الأكثر شيوعًا بينهم.",
    "severity": "Minor",
    "score_deduction": 1,
    "source_file": "2026-2027-sa-car-hire-city-07.docx",
    "url": "https://www.skyscanner.com.sa/car-hire-in/car-hire-in-sharm-el-sheikh/33922188.html",
    "candidate": "https://www.skyscanner.com.sa/car-hire-in/car-hire-in-sharm-el-sheikh/33922188.html"
  },
  {
    "text": "تبدأ أسعار استئجار السيارات في تالين من 94 ﷼، بينما يبلغ المتوسط السنوي للأسعار 211 ﷼.",
    "issue": "The currency symbol used is the Saudi Riyal (﷼), which is incorrect for Tallinn, Estonia. The correct currency is the Euro (€).",
    "type_of_issue": "Accuracy",
    "solution": "Replace the Saudi Riyal symbol (﷼) with the Euro symbol (€).",
    "updated_sentence": "تبدأ أسعار استئجار السيارات في تالين من 94 €، بينما يبلغ المتوسط السنوي للأسعار 211 €.",
    "severity": "Major",
    "score_deduction": 3,
    "source_file": "2026-2027-sa-car-hire-city-07.docx",
    "url": "https://www.skyscanner.com.sa/car-hire-in/car-hire-in-tallinn/27547202.html",
    "candidate": "https://www.skyscanner.com.sa/car-hire-in/car-hire-in-tallinn/27547202.html"
  },
  {
    "text": "تبدأ أسعار استئجار السيارات في تالين من 94 ﷼، بينما يبلغ المتوسط السنوي للأسعار 211 ﷼.",
    "issue": "An incorrect space appears before the comma, contrary to standard Arabic punctuation rules. This pattern repeats throughout the text.",
    "type_of_issue": "Punctuation/Spelling/Typos",
    "solution": "Remove the space before the comma.",
    "updated_sentence": "تبدأ أسعار استئجار السيارات في تالين من 94 ﷼، بينما يبلغ المتوسط السنوي للأسعار 211 ﷼.",
    "severity": "Minor",
    "score_deduction": 1,
    "source_file": "2026-2027-sa-car-hire-city-07.docx",
    "url": "https://www.skyscanner.com.sa/car-hire-in/car-hire-in-tallinn/27547202.html",
    "candidate": "https://www.skyscanner.com.sa/car-hire-in/car-hire-in-tallinn/27547202.html"
  },
  {
    "text": "من الخيارات المتاحة، تقدِّم شركة سيربرايس سيارة فولكس واغن غولف بناقل حركة أوتوماتيك ابتداءً من ‎94 ﷼ في اليوم، وهي مناسبة لمن يفضِّل القيادة الأوتوماتيكية.",
    "issue": "The currency symbol is incorrect for the location (Tallinn, Estonia). The Saudi Riyal (﷼) is used instead of the Euro (€). This pattern repeats for all prices mentioned.",
    "type_of_issue": "Accuracy",
    "solution": "Replace the Saudi Riyal symbol (﷼) with the Euro symbol (€) in all instances.",
    "updated_sentence": "من الخيارات المتاحة، تقدِّم شركة سيربرايس سيارة فولكس واغن غولف بناقل حركة أوتوماتيك ابتداءً من ‎94 € في اليوم، وهي مناسبة لمن يفضِّل القيادة الأوتوماتيكية.",
    "severity": "Major",
    "score_deduction": 3,
    "source_file": "2026-2027-sa-car-hire-city-07.docx",
    "url": "https://www.skyscanner.com.sa/car-hire-in/car-hire-in-tallinn/27547202.html",
    "candidate": "https://www.skyscanner.com.sa/car-hire-in/car-hire-in-tallinn/27547202.html"
  },
  {
    "text": "يُعد توبرنت المزود الأكثر شيوعًا بينها.",
    "issue": "Incorrect pronoun-antecedent agreement. The feminine pronoun 'بينها' is used to refer to the masculine plural noun 'مزودين' (providers) from the preceding sentence.",
    "type_of_issue": "Grammar",
    "solution": "Change the pronoun to the masculine plural form 'بينهم' to correctly agree with 'مزودين'.",
    "updated_sentence": "يُعد توبرنت المزود الأكثر شيوعًا بينهم.",
    "severity": "Minor",
    "score_deduction": 1,
    "source_file": "2026-2027-sa-car-hire-city-07.docx",
    "url": "https://www.skyscanner.com.sa/car-hire-in/car-hire-in-tallinn/27547202.html",
    "candidate": "https://www.skyscanner.com.sa/car-hire-in/car-hire-in-tallinn/27547202.html"
  },
  {
    "text": "تسير حركة المرور في إستونيا على الجانب الأيمن من الطريق. تبلغ السرعة القصوى على الطرق السريعة 110 كم/س، وعلى الطرق السريعة المزدوجة 90 كم/س، وينطبق الحد ذاته على الطرق الريفية البالغ 90 كم/س. أما داخل المناطق الأخرى فتُحدد السرعة بـ50 كم/س. الطرق في إستونيا خالية تمامًا من الرسوم بالنسبة للسيارات الخاصة، إذ تُطبَّق الرسوم فقط على المركبات التجارية التي يتجاوز وزنها 3.5 أطنان عبر ملصق إلكتروني. يُتيح لك الالتزام بهذه الحدود قيادةً منظمة عبر مختلف أنواع الطرق في البلاد.",
    "issue": "The single paragraph combines three distinct topics (driving rules/speed limits, road toll information, and a concluding remark), which makes the text dense and reduces scannability.",
    "type_of_issue": "Style",
    "solution": "Split the text into three separate paragraphs, each focusing on a single topic, to improve readability and logical flow.",
    "updated_sentence": "تسير حركة المرور في إستونيا على الجانب الأيمن من الطريق. تبلغ السرعة القصوى على الطرق السريعة 110 كم/س، وعلى الطرق السريعة المزدوجة 90 كم/س، وينطبق الحد ذاته على الطرق الريفية البالغ 90 كم/س. أما داخل المناطق الأخرى فتُحدد السرعة بـ50 كم/س.\n\nالطرق في إستونيا خالية تمامًا من الرسوم بالنسبة للسيارات الخاصة، إذ تُطبَّق الرسوم فقط على المركبات التجارية التي يتجاوز وزنها 3.5 أطنان عبر ملصق إلكتروني.\n\nيُتيح لك الالتزام بهذه الحدود قيادةً منظمة عبر مختلف أنواع الطرق في البلاد.",
    "severity": "Minor",
    "score_deduction": 1,
    "source_file": "2026-2027-sa-car-hire-city-07.docx",
    "url": "https://www.skyscanner.com.sa/car-hire-in/car-hire-in-tallinn/27547202.html",
    "candidate": "https://www.skyscanner.com.sa/car-hire-in/car-hire-in-tallinn/27547202.html"
  },
  {
    "text": "تبدأ أسعار استئجار السيارات في مدينة كومو من 164 ﷼ في أدنى مستوياتها، بينما يبلغ المتوسط السنوي للأسعار 453 ﷼.",
    "issue": "The currency symbol for Saudi Riyal (﷼) is used for prices in Como, Italy, which uses the Euro (€).",
    "type_of_issue": "Accuracy",
    "solution": "Replace the Saudi Riyal symbol (﷼) with the Euro symbol (€) to match the location.",
    "updated_sentence": "تبدأ أسعار استئجار السيارات في مدينة كومو من 164 € في أدنى مستوياتها، بينما يبلغ المتوسط السنوي للأسعار 453 €.",
    "severity": "Major",
    "score_deduction": 3,
    "source_file": "2026-2027-sa-car-hire-city-07.docx",
    "url": "https://www.skyscanner.com.sa/car-hire-in/car-hire-in-como/30361311.html",
    "candidate": "https://www.skyscanner.com.sa/car-hire-in/car-hire-in-como/30361311.html"
  },
  {
    "text": "قارن بين مختلف الخيارات المتاحة عبر Skyscanner للوصول إلى الأسعار المناسبة، وراجع شروط كل عرض بعناية لتجنّب رسومًا إضافية قد تُضاف إلى قيمة الحجز الأساسية.",
    "issue": "The adjective 'إضافية' lacks the required accusative case ending (tanwin fatha) to agree grammatically with the noun 'رسومًا' it modifies.",
    "type_of_issue": "Grammar",
    "solution": "Add the tanwin fatha to the adjective, changing 'إضافية' to 'إضافيةً' for correct grammatical agreement.",
    "updated_sentence": "قارن بين مختلف الخيارات المتاحة عبر Skyscanner للوصول إلى الأسعار المناسبة، وراجع شروط كل عرض بعناية لتجنّب رسومًا إضافيةً قد تُضاف إلى قيمة الحجز الأساسية.",
    "severity": "Minor",
    "score_deduction": 1,
    "source_file": "2026-2027-sa-car-hire-city-07.docx",
    "url": "https://www.skyscanner.com.sa/car-hire-in/car-hire-in-como/30361311.html",
    "candidate": "https://www.skyscanner.com.sa/car-hire-in/car-hire-in-como/30361311.html"
  },
  {
    "text": "تقدّم شركة Locauto سيارة تويوتا أيغو بجير عادي ابتداءً من ‎164 ﷼ في اليوم، وهي من أقلّ الأسعار المتاحة.",
    "issue": "The currency symbol '﷼' (Saudi Riyal) is incorrect for the location (Como, Italy), which uses the Euro (€). This pattern repeats for all price mentions.",
    "type_of_issue": "Accuracy",
    "solution": "Replace the Saudi Riyal symbol '﷼' with the Euro symbol '€'.",
    "updated_sentence": "تقدّم شركة Locauto سيارة تويوتا أيغو بجير عادي ابتداءً من 164 € في اليوم، وهي من أقلّ الأسعار المتاحة.",
    "severity": "Major",
    "score_deduction": 3,
    "source_file": "2026-2027-sa-car-hire-city-07.docx",
    "url": "https://www.skyscanner.com.sa/car-hire-in/car-hire-in-como/30361311.html",
    "candidate": "https://www.skyscanner.com.sa/car-hire-in/car-hire-in-como/30361311.html"
  },
  {
    "text": "تبدأ أسعار استئجار السيارات في اَلْمَنَامَة من ‎89 ﷼ في أدنى مستوياتها، بينما يبلغ المتوسط السنوي 118 ﷼.",
    "issue": "The currency symbol for the Saudi Riyal (﷼) is used, but the location is Manama, Bahrain, where the correct currency is the Bahraini Dinar.",
    "type_of_issue": "Accuracy",
    "solution": "Replace the Saudi Riyal symbols (﷼) with the symbol for the Bahraini Dinar (د.ب.‏).",
    "updated_sentence": "تبدأ أسعار استئجار السيارات في اَلْمَنَامَة من ‎89 د.ب.‏ في أدنى مستوياتها، بينما يبلغ المتوسط السنوي 118 د.ب.‏.",
    "severity": "Major",
    "score_deduction": 3,
    "source_file": "2026-2027-sa-car-hire-city-07.docx",
    "url": "https://www.skyscanner.com.sa/car-hire-in/car-hire-in-manama/27548245.html",
    "candidate": "https://www.skyscanner.com.sa/car-hire-in/car-hire-in-manama/27548245.html"
  },
  {
    "text": "راجع شروط كل عرض بعناية لتجنب أي رسومًا إضافية عند الاستلام.",
    "issue": "The noun \"رسومًا\" is in the accusative case, but it should be in the genitive case after the word \"أي\".",
    "type_of_issue": "Grammar",
    "solution": "Change \"رسومًا\" to \"رسومٍ\" to apply the correct genitive case.",
    "updated_sentence": "راجع شروط كل عرض بعناية لتجنب أي رسومٍ إضافية عند الاستلام.",
    "severity": "Minor",
    "score_deduction": 1,
    "source_file": "2026-2027-sa-car-hire-city-07.docx",
    "url": "https://www.skyscanner.com.sa/car-hire-in/car-hire-in-manama/27548245.html",
    "candidate": "https://www.skyscanner.com.sa/car-hire-in/car-hire-in-manama/27548245.html"
  },
  {
    "text": "تقدِّم شركة كيدي باي يوروبكار سيارة فولكس فاجن بولو بناقل حركة أوتوماتيكي ابتداءً من ‎89 ﷼ في اليوم، وهو من أقل الأسعار المتاحة. أمّا شركة أفيس فتوفِّر سيارة فورد فييستا بناقل حركة أوتوماتيكي ابتداءً من ‎93 ﷼ في اليوم. وللراغبين في مساحة إضافية، تطرح شركة يوروبكار سيارة نيسان ألتيما بناقل حركة أوتوماتيكي ابتداءً من ‎161 ﷼ في اليوم.",
    "issue": "The currency symbol '﷼' (Saudi Riyal) is incorrectly used for the city of Manama, which is in Bahrain. The correct currency is the Bahraini Dinar (BHD). This error is repeated for all prices in the text.",
    "type_of_issue": "Accuracy",
    "solution": "Replace all instances of the Saudi Riyal symbol '﷼' with the correct currency name for Bahrain, 'دينارًا بحرينيًا'.",
    "updated_sentence": "تقدِّم شركة كيدي باي يوروبكار سيارة فولكس فاجن بولو بناقل حركة أوتوماتيكي ابتداءً من 89 دينارًا بحرينيًا في اليوم، وهو من أقل الأسعار المتاحة. أمّا شركة أفيس فتوفِّر سيارة فورد فييستا بناقل حركة أوتوماتيكي ابتداءً من 93 دينارًا بحرينيًا في اليوم. وللراغبين في مساحة إضافية، تطرح شركة يوروبكار سيارة نيسان ألتيما بناقل حركة أوتوماتيكي ابتداءً من 161 دينارًا بحرينيًا في اليوم.",
    "severity": "Major",
    "score_deduction": 3,
    "source_file": "2026-2027-sa-car-hire-city-07.docx",
    "url": "https://www.skyscanner.com.sa/car-hire-in/car-hire-in-manama/27548245.html",
    "candidate": "https://www.skyscanner.com.sa/car-hire-in/car-hire-in-manama/27548245.html"
  },
  {
    "text": "يمكنك استلام سيارتك المستأجرة في اَلْمَنَامَة من مطار البحرين، وهو من أكثر مواقع الاستلام استخدامًا لدى الوافدين جوًا.",
    "issue": "The city name 'اَلْمَنَامَة' uses a non-standard diacritic (fatha) on the definite article, which is unconventional for web content. This error repeats.",
    "type_of_issue": "Punctuation/Spelling/Typos",
    "solution": "Remove the unnecessary fatha diacritic from all instances of the word 'المنامة'.",
    "updated_sentence": "يمكنك استلام سيارتك المستأجرة في المنامة من مطار البحرين، وهو من أكثر مواقع الاستلام استخدامًا لدى الوافدين جوًا.",
    "severity": "Minor",
    "score_deduction": 1,
    "source_file": "2026-2027-sa-car-hire-city-07.docx",
    "url": "https://www.skyscanner.com.sa/car-hire-in/car-hire-in-manama/27548245.html",
    "candidate": "https://www.skyscanner.com.sa/car-hire-in/car-hire-in-manama/27548245.html"
  },
  {
    "text": "يتوفّر في اَلْمَنَامَة 6 مزوّدين لخدمات تأجير السيارات.",
    "issue": "The word \"اَلْمَنَامَة\" uses diacritics on the definite article, which is an unconventional orthography for modern web content.",
    "type_of_issue": "Punctuation/Spelling/Typos",
    "solution": "Replace \"اَلْمَنَامَة\" with the standard orthography \"المنامة\" without diacritics on the article.",
    "updated_sentence": "يتوفّر في المنامة 6 مزوّدين لخدمات تأجير السيارات.",
    "severity": "Minor",
    "score_deduction": 1,
    "source_file": "2026-2027-sa-car-hire-city-07.docx",
    "url": "https://www.skyscanner.com.sa/car-hire-in/car-hire-in-manama/27548245.html",
    "candidate": "https://www.skyscanner.com.sa/car-hire-in/car-hire-in-manama/27548245.html"
  },
  {
    "text": "تبدأ أسعار استئجار السيارات في ميامي من 22 ﷼ في أدنى مستوياتها، بينما يبلغ المتوسط السنوي للسعر نحو 257 ﷼.",
    "issue": "The currency symbol for the Saudi Riyal (﷼) is used for Miami, USA, which is incorrect. The correct currency is the US Dollar ($).",
    "type_of_issue": "Accuracy",
    "solution": "Replace the Saudi Riyal symbol (﷼) with the US Dollar symbol ($) in both instances.",
    "updated_sentence": "تبدأ أسعار استئجار السيارات في ميامي من 22 $ في أدنى مستوياتها، بينما يبلغ المتوسط السنوي للسعر نحو 257 $.",
    "severity": "Major",
    "score_deduction": 3,
    "source_file": "2026-2027-sa-car-hire-city-07.docx",
    "url": "https://www.skyscanner.com.sa/car-hire-in/car-hire-in-miami/27536644.html",
    "candidate": "https://www.skyscanner.com.sa/car-hire-in/car-hire-in-miami/27536644.html"
  },
  {
    "text": "تقدّم شركة جرين موشن سيارة نيسان سنترا بناقل حركة أوتوماتيك ابتداءً من ‎22 ﷼ في اليوم.",
    "issue": "Incorrect currency symbol (Saudi Riyal) is used for a location in the USA (Miami). The pattern repeats in subsequent sentences.",
    "type_of_issue": "Accuracy",
    "solution": "Change the currency symbol from Saudi Riyal '﷼' to the US Dollar '$' in all instances.",
    "updated_sentence": "تقدّم شركة جرين موشن سيارة نيسان سنترا بناقل حركة أوتوماتيك ابتداءً من ‎$22 في اليوم.",
    "severity": "Major",
    "score_deduction": 3,
    "source_file": "2026-2027-sa-car-hire-city-07.docx",
    "url": "https://www.skyscanner.com.sa/car-hire-in/car-hire-in-miami/27536644.html",
    "candidate": "https://www.skyscanner.com.sa/car-hire-in/car-hire-in-miami/27536644.html"
  },
  {
    "text": "أمّا شركة أوتو-يونيون فتطرح سيارة شيفروليه سبارك بناقل حركة أوتوماتيك ابتداءً من ‎72 ﷼ في اليوم، ما يتيح لك المفاضلة وفق ميزانيتك واحتياجاتك.",
    "issue": "A Western comma (,) was used instead of the required Arabic comma (،) as per the style guide.",
    "type_of_issue": "Punctuation/Spelling/Typos",
    "solution": "Replace the Western comma with the correct Arabic comma (،).",
    "updated_sentence": "أمّا شركة أوتو-يونيون فتطرح سيارة شيفروليه سبارك بناقل حركة أوتوماتيك ابتداءً من ‎72 ﷼ في اليوم، ما يتيح لك المفاضلة وفق ميزانيتك واحتياجاتك.",
    "severity": "Minor",
    "score_deduction": 1,
    "source_file": "2026-2027-sa-car-hire-city-07.docx",
    "url": "https://www.skyscanner.com.sa/car-hire-in/car-hire-in-miami/27536644.html",
    "candidate": "https://www.skyscanner.com.sa/car-hire-in/car-hire-in-miami/27536644.html"
  },
  {
    "text": "كما يمكنك استلامها من مطار ميامي الدولي عند وصولك جوًّا.",
    "issue": "The tanwin al-fatḥ (double fathah) is incorrectly placed on the final alif instead of the preceding letter, which is against standard Arabic orthographic rules.",
    "type_of_issue": "Punctuation/Spelling/Typos",
    "solution": "Move the tanwin from the alif to the preceding letter (waw).",
    "updated_sentence": "كما يمكنك استلامها من مطار ميامي الدولي عند وصولك جوًّا.",
    "severity": "Minor",
    "score_deduction": 1,
    "source_file": "2026-2027-sa-car-hire-city-07.docx",
    "url": "https://www.skyscanner.com.sa/car-hire-in/car-hire-in-miami/27536644.html",
    "candidate": "https://www.skyscanner.com.sa/car-hire-in/car-hire-in-miami/27536644.html"
  },
  {
    "text": "تتراوح السرعة القصوى على الطرق السريعة بين 105 و121 كم/س، بينما تتراوح على الطرق السيارة بين 89 و113 كم/س.",
    "issue": "The text provides speed limits for the USA using only km/h. The official and legally enforced unit is mph, which is missing, making the information impractical for drivers who will only see road signs in mph. This pattern repeats for all speed limits mentioned.",
    "type_of_issue": "Compliance",
    "solution": "Rewrite the sentence to show the primary unit used in the US (mph) first, followed by the km/h conversion in parentheses for the reader's reference.",
    "updated_sentence": "تتراوح السرعة القصوى على الطرق السريعة بين 65 و75 ميلاً في الساعة (105 و121 كم/س)، بينما تتراوح على الطرق السيارة بين 55 و70 ميلاً في الساعة (89 و113 كم/س).",
    "severity": "Major",
    "score_deduction": 3,
    "source_file": "2026-2027-sa-car-hire-city-07.docx",
    "url": "https://www.skyscanner.com.sa/car-hire-in/car-hire-in-miami/27536644.html",
    "candidate": "https://www.skyscanner.com.sa/car-hire-in/car-hire-in-miami/27536644.html"
  },
  {
    "text": "تبدأ رحلة البحث عن سيارة مستأجرة بسعر منخفض في مانشستر بمقارنة العروض المتاحة، حيث يصل أقل سعر إلى 105 ﷼، بينما يبلغ المتوسط السنوي 185 ﷼.",
    "issue": "The currency symbol used is for the Saudi Riyal (﷼), but the content is about Manchester, UK, where the correct currency is the Pound Sterling (£).",
    "type_of_issue": "Accuracy",
    "solution": "Replace the Saudi Riyal symbol (﷼) with the Pound Sterling symbol (£) in both instances.",
    "updated_sentence": "تبدأ رحلة البحث عن سيارة مستأجرة بسعر منخفض في مانشستر بمقارنة العروض المتاحة، حيث يصل أقل سعر إلى 105 £، بينما يبلغ المتوسط السنوي 185 £.",
    "severity": "Major",
    "score_deduction": 3,
    "source_file": "2026-2027-sa-car-hire-city-08.docx",
    "url": "https://www.skyscanner.com.sa/car-hire-in/car-hire-in-manchester/27544856.html",
    "candidate": "https://www.skyscanner.com.sa/car-hire-in/car-hire-in-manchester/27544856.html"
  },
  {
    "text": "تعرض شركة فليكس تو جو هذه السيارة بجير عادي ابتداءً من ‎116 ﷼ في اليوم. وإذا رغبت في سيارة أصغر، تُوفّر الشركة نفسها سيارة هيونداي آي 10 بجير عادي ابتداءً من ‎105 ﷼ في اليوم، وهي مناسبة لأربعة ركاب. أما سيارة فورد فييستا بجير عادي فتبدأ من ‎107 ﷼ في اليوم، وتتّسع لخمسة ركاب مع حقيبتين.",
    "issue": "The currency symbol for the Saudi Riyal (﷼) is used for prices in Manchester, UK, which requires the British Pound (£).",
    "type_of_issue": "Accuracy",
    "solution": "Replace the Saudi Riyal symbol (﷼) with the British Pound symbol (£) for all prices.",
    "updated_sentence": "تعرض شركة فليكس تو جو هذه السيارة بجير عادي ابتداءً من ‎116 £ في اليوم. وإذا رغبت في سيارة أصغر، تُوفّر الشركة نفسها سيارة هيونداي آي 10 بجير عادي ابتداءً من ‎105 £ في اليوم، وهي مناسبة لأربعة ركاب. أما سيارة فورد فييستا بجير عادي فتبدأ من ‎107 £ في اليوم، وتتّسع لخمسة ركاب مع حقيبتين.",
    "severity": "Major",
    "score_deduction": 3,
    "source_file": "2026-2027-sa-car-hire-city-08.docx",
    "url": "https://www.skyscanner.com.sa/car-hire-in/car-hire-in-manchester/27544856.html",
    "candidate": "https://www.skyscanner.com.sa/car-hire-in/car-hire-in-manchester/27544856.html"
  },
  {
    "text": "يُعدّ درايفاليا الأكثر شهرةً بينها.",
    "issue": "The pronoun '-ها' in 'بينها' is feminine, but it refers to 'مزودين' (providers) from the previous sentence, which is a masculine plural noun.",
    "type_of_issue": "Grammar",
    "solution": "Change the pronoun to the masculine plural '-هم' to ensure correct grammatical agreement with its antecedent.",
    "updated_sentence": "يُعدّ درايفاليا الأكثر شهرةً بينهم.",
    "severity": "Minor",
    "score_deduction": 1,
    "source_file": "2026-2027-sa-car-hire-city-08.docx",
    "url": "https://www.skyscanner.com.sa/car-hire-in/car-hire-in-manchester/27544856.html",
    "candidate": "https://www.skyscanner.com.sa/car-hire-in/car-hire-in-manchester/27544856.html"
  },
  {
    "text": "تبلغ السرعة القصوى على الطرق السريعة والطرق السريعة المزدوجة 112 كم/س، بينما تنخفض على الطرق الريفية إلى 96 كم/س. أما على الطرق الأخرى فتتراوح بين 32 و48 كم/س.",
    "issue": "The speed limits for driving in the UK are provided only in km/h, but all UK road signs use miles per hour (mph), which is the required primary unit for this context.",
    "type_of_issue": "Compliance",
    "solution": "Add the speed limits in mph as the primary unit, followed by the km/h conversion in parentheses, to align with what drivers will see on UK roads.",
    "updated_sentence": "تبلغ السرعة القصوى على الطرق السريعة والطرق السريعة المزدوجة 70 ميلاً في الساعة (112 كم/س)، بينما تنخفض على الطرق الريفية إلى 60 ميلاً في الساعة (96 كم/س). أما على الطرق الأخرى فتتراوح بين 20 و30 ميلاً في الساعة (32 و48 كم/س).",
    "severity": "Major",
    "score_deduction": 3,
    "source_file": "2026-2027-sa-car-hire-city-08.docx",
    "url": "https://www.skyscanner.com.sa/car-hire-in/car-hire-in-manchester/27544856.html",
    "candidate": "https://www.skyscanner.com.sa/car-hire-in/car-hire-in-manchester/27544856.html"
  },
  {
    "text": "تبدأ أسعار استئجار السيارات في كوالالمبور من 44 ﷼ في أدنى مستوياتها، بينما يبلغ المتوسط السنوي نحو 130 ﷼.",
    "issue": "The currency symbol used (﷼ for Saudi Riyal) is incorrect for the location (Kuala Lumpur, Malaysia). The correct currency is the Malaysian Ringgit.",
    "type_of_issue": "Accuracy",
    "solution": "Replace the Saudi Riyal symbol (﷼) with the standard Arabic abbreviation for Malaysian Ringgit (ر.م).",
    "updated_sentence": "تبدأ أسعار استئجار السيارات في كوالالمبور من 44 ر.م في أدنى مستوياتها، بينما يبلغ المتوسط السنوي نحو 130 ر.م.",
    "severity": "Major",
    "score_deduction": 3,
    "source_file": "2026-2027-sa-car-hire-city-08.docx",
    "url": "https://www.skyscanner.com.sa/car-hire-in/car-hire-in-kuala-lumpur/27543923.html",
    "candidate": "https://www.skyscanner.com.sa/car-hire-in/car-hire-in-kuala-lumpur/27543923.html"
  },
  {
    "text": "ويُنصح بمراجعة شروط الاستئجار بدقة لتجنب أي رسومًا إضافية قد تُضاف إلى قيمة الحجز الأساسية عند الاستلام.",
    "issue": "The noun 'رسومًا' is in the incorrect grammatical case. Following the word 'أي', the noun must be in the genitive case (مجرور), not the accusative case (منصوب).",
    "type_of_issue": "Grammar",
    "solution": "Change 'رسومًا إضافية' to 'رسومٍ إضافيةٍ' to reflect the correct genitive case.",
    "updated_sentence": "ويُنصح بمراجعة شروط الاستئجار بدقة لتجنب أي رسومٍ إضافيةٍ قد تُضاف إلى قيمة الحجز الأساسية عند الاستلام.",
    "severity": "Minor",
    "score_deduction": 1,
    "source_file": "2026-2027-sa-car-hire-city-08.docx",
    "url": "https://www.skyscanner.com.sa/car-hire-in/car-hire-in-kuala-lumpur/27543923.html",
    "candidate": "https://www.skyscanner.com.sa/car-hire-in/car-hire-in-kuala-lumpur/27543923.html"
  },
  {
    "text": "تقدّم شركة آر آند آر رينت آيه كار سيارة سيات إبيزا بناقل حركة أوتوماتيكي ابتداءً من 44 ﷼ في اليوم، كما توفّر سيارة فولكس فاجن جولف بناقل حركة أوتوماتيكي ابتداءً من 56 ﷼ في اليوم.",
    "issue": "The currency symbol used is for the Saudi Riyal (﷼), which is incorrect for the location (Kuala Lumpur, Malaysia). This error pattern repeats for all prices mentioned.",
    "type_of_issue": "Accuracy",
    "solution": "Replace the Saudi Riyal symbol (﷼) with the correct symbol for Malaysian Ringgit (RM).",
    "updated_sentence": "تقدّم شركة آر آند آر رينت آيه كار سيارة سيات إبيزا بناقل حركة أوتوماتيكي ابتداءً من 44 RM في اليوم، كما توفّر سيارة فولكس فاجن جولف بناقل حركة أوتوماتيكي ابتداءً من 56 RM في اليوم.",
    "severity": "Major",
    "score_deduction": 3,
    "source_file": "2026-2027-sa-car-hire-city-08.docx",
    "url": "https://www.skyscanner.com.sa/car-hire-in/car-hire-in-kuala-lumpur/27543923.html",
    "candidate": "https://www.skyscanner.com.sa/car-hire-in/car-hire-in-kuala-lumpur/27543923.html"
  },
  {
    "text": "تُعدّ سيارة بي إم دبليو الفئة الرابعة الخيار الأكثر رواجًا في كوالالمبور، فهي فاخرة ومريحة وتليق بالمناسبات الخاصة.",
    "issue": "A Latin comma (,) is used instead of the correct Arabic comma (،) as required by locale-specific punctuation rules. This pattern repeats in the text.",
    "type_of_issue": "Punctuation/Spelling/Typos",
    "solution": "Replace the Latin comma with the correct Arabic comma (،).",
    "updated_sentence": "تُعدّ سيارة بي إم دبليو الفئة الرابعة الخيار الأكثر رواجًا في كوالالمبور، فهي فاخرة ومريحة وتليق بالمناسبات الخاصة.",
    "severity": "Minor",
    "score_deduction": 1,
    "source_file": "2026-2027-sa-car-hire-city-08.docx",
    "url": "https://www.skyscanner.com.sa/car-hire-in/car-hire-in-kuala-lumpur/27543923.html",
    "candidate": "https://www.skyscanner.com.sa/car-hire-in/car-hire-in-kuala-lumpur/27543923.html"
  },
  {
    "text": "تبدأ أسعار استئجار السيارات في دورتموند من 120 ﷼ في اليوم، بينما يبلغ المتوسط السنوي 159 ﷼.",
    "issue": "The currency symbol for Saudi Riyal (﷼) is used for prices in Dortmund, Germany, where the correct currency is the Euro (€).",
    "type_of_issue": "Accuracy",
    "solution": "Replace the Saudi Riyal symbol (﷼) with the Euro symbol (€) in both instances.",
    "updated_sentence": "تبدأ أسعار استئجار السيارات في دورتموند من 120 € في اليوم، بينما يبلغ المتوسط السنوي 159 €.",
    "severity": "Major",
    "score_deduction": 3,
    "source_file": "2026-2027-sa-car-hire-city-08.docx",
    "url": "https://www.skyscanner.com.sa/car-hire-in/car-hire-in-dortmund/27540819.html",
    "candidate": "https://www.skyscanner.com.sa/car-hire-in/car-hire-in-dortmund/27540819.html"
  },
  {
    "text": "تتوفر هذه الفئة لدى ألامو بناقل حركة عادي ابتداءً من 127 ﷼ في اليوم، وتتسع لخمسة ركاب وحقيبتين.",
    "issue": "The currency symbol is incorrect for the location (Dortmund, Germany); Saudi Riyal (﷼) is used instead of Euro (€). This pattern repeats for all prices in the text.",
    "type_of_issue": "Accuracy",
    "solution": "Replace the Saudi Riyal symbol (﷼) with the Euro symbol (€) for all prices.",
    "updated_sentence": "تتوفر هذه الفئة لدى ألامو بناقل حركة عادي ابتداءً من 127 € في اليوم، وتتسع لخمسة ركاب وحقيبتين.",
    "severity": "Major",
    "score_deduction": 3,
    "source_file": "2026-2027-sa-car-hire-city-08.docx",
    "url": "https://www.skyscanner.com.sa/car-hire-in/car-hire-in-dortmund/27540819.html",
    "candidate": "https://www.skyscanner.com.sa/car-hire-in/car-hire-in-dortmund/27540819.html"
  },
  {
    "text": "تشمل جميع هذه العروض مكيف هواء وإمكانية الإلغاء المجاني.",
    "issue": "The term 'مكيف هواء' is missing a required diacritic (shadda) and should be spelled 'مكيّف هواء' as per the glossary.",
    "type_of_issue": "Punctuation/Spelling/Typos",
    "solution": "Add the shadda diacritic to 'مكيف' to match the glossary term 'مكيّف'.",
    "updated_sentence": "تشمل جميع هذه العروض مكيّف هواء وإمكانية الإلغاء المجاني.",
    "severity": "Minor",
    "score_deduction": 1,
    "source_file": "2026-2027-sa-car-hire-city-08.docx",
    "url": "https://www.skyscanner.com.sa/car-hire-in/car-hire-in-dortmund/27540819.html",
    "candidate": "https://www.skyscanner.com.sa/car-hire-in/car-hire-in-dortmund/27540819.html"
  },
  {
    "text": "وتُشترط رسميًا رخصة القيادة الدولية لجميع الرخص غير الأوروبية، ولا سيّما تلك غير المكتوبة بالإنجليزية أو المطبوعة بأبجدية غير لاتينية، وتظلّ صالحة للاستخدام حتى ستة أشهر.",
    "issue": "The final clause regarding the six-month validity period is ambiguous, as it is unclear whether this refers to the permit's total validity or the duration it can be used for driving in the country after entry.",
    "type_of_issue": "Accuracy",
    "solution": "Rephrase the clause to explicitly state that the permit allows driving within the country for up to six months.",
    "updated_sentence": "وتُشترط رسميًا رخصة القيادة الدولية لجميع الرخص غير الأوروبية، ولا سيّما تلك غير المكتوبة بالإنجليزية أو المطبوعة بأبجدية غير لاتينية، ويمكن استخدامها للقيادة في البلاد لمدة تصل إلى ستة أشهر.",
    "severity": "Major",
    "score_deduction": 3,
    "source_file": "2026-2027-sa-car-hire-city-08.docx",
    "url": "https://www.skyscanner.com.sa/car-hire-in/car-hire-in-dortmund/27540819.html",
    "candidate": "https://www.skyscanner.com.sa/car-hire-in/car-hire-in-dortmund/27540819.html"
  },
  {
    "text": "تُستخدم السيارات الأوتوبان مجانًا، في حين تخضع الشاحنات والحافلات التي يتجاوز وزنها 3.5 أطنان لرسم إلكتروني يُحتسب بحسب المسافة المقطوعة عبر نظام تحديد المواقع.",
    "issue": "The passive verb 'تُستخدم' (is used) is grammatically incorrect in this context, as the cars are the subject performing the action of using the Autobahn.",
    "type_of_issue": "Grammar",
    "solution": "Change the verb from the passive voice 'تُستخدم' to the active voice 'تَستخدِم' (use) to create a grammatically correct sentence.",
    "updated_sentence": "تَستخدِم السيارات الأوتوبان مجانًا، في حين تخضع الشاحنات والحافلات التي يتجاوز وزنها 3.5 أطنان لرسم إلكتروني يُحتسب بحسب المسافة المقطوعة عبر نظام تحديد المواقع.",
    "severity": "Major",
    "score_deduction": 3,
    "source_file": "2026-2027-sa-car-hire-city-08.docx",
    "url": "https://www.skyscanner.com.sa/car-hire-in/car-hire-in-dortmund/27540819.html",
    "candidate": "https://www.skyscanner.com.sa/car-hire-in/car-hire-in-dortmund/27540819.html"
  },
  {
    "text": "تساعد مقارنة العروض المتاحة بين مختلف المزودين على تحديد الخيار الأنسب وتجنب رسومًا إضافية قد تُضاف عند الاستلام أو الإعادة.",
    "issue": "The verbal noun 'تجنب' is not in the correct grammatical case. As it is coordinated with 'تحديدِ', which is governed by the preposition 'على', it must also be in the genitive case ('تجنبِ') to maintain parallelism.",
    "type_of_issue": "Grammar",
    "solution": "Change 'وتجنب' to 'وتجنبِ' to ensure correct case agreement in the parallel structure.",
    "updated_sentence": "تساعد مقارنة العروض المتاحة بين مختلف المزودين على تحديد الخيار الأنسب وتجنبِ رسومًا إضافية قد تُضاف عند الاستلام أو الإعادة.",
    "severity": "Minor",
    "score_deduction": 1,
    "source_file": "2026-2027-sa-car-hire-city-08.docx",
    "url": "https://www.skyscanner.com.sa/car-hire-in/car-hire-in-pori/27546010.html",
    "candidate": "https://www.skyscanner.com.sa/car-hire-in/car-hire-in-pori/27546010.html"
  },
  {
    "text": "تقدّم شركة سيكست سيارة تويوتا يارِس بناقل حركة أوتوماتيكي ابتداءً من ١٧٦ ﷼ في اليوم، وهي مناسبة لمن يفضّل قيادة مريحة بتكلفة منخفضة.",
    "issue": "The currency symbol is incorrect for the location. The Saudi Riyal (﷼) is used for Bury, UK, which uses the Pound Sterling (£).",
    "type_of_issue": "Accuracy",
    "solution": "Replace the Saudi Riyal symbol (﷼) with the correct Pound Sterling symbol (£).",
    "updated_sentence": "تقدّم شركة سيكست سيارة تويوتا يارِس بناقل حركة أوتوماتيكي ابتداءً من ١٧٦ £ في اليوم، وهي مناسبة لمن يفضّل قيادة مريحة بتكلفة منخفضة.",
    "severity": "Major",
    "score_deduction": 3,
    "source_file": "2026-2027-sa-car-hire-city-08.docx",
    "url": "https://www.skyscanner.com.sa/car-hire-in/car-hire-in-pori/27546010.html",
    "candidate": "https://www.skyscanner.com.sa/car-hire-in/car-hire-in-pori/27546010.html"
  },
  {
    "text": "أما شركة هيرتز فتوفّر سيارة رينو كليو بناقل حركة عادي ابتداءً من ٥٠٤ ﷼ في اليوم، بمقاعد خمسة وحقيبتين.",
    "issue": "The currency symbol is incorrect for the location. The Saudi Riyal (﷼) is used for Bury, UK, which uses the Pound Sterling (£).",
    "type_of_issue": "Accuracy",
    "solution": "Replace the Saudi Riyal symbol (﷼) with the correct Pound Sterling symbol (£).",
    "updated_sentence": "أما شركة هيرتز فتوفّر سيارة رينو كليو بناقل حركة عادي ابتداءً من ٥٠٤ £ في اليوم، بمقاعد خمسة وحقيبتين.",
    "severity": "Major",
    "score_deduction": 3,
    "source_file": "2026-2027-sa-car-hire-city-08.docx",
    "url": "https://www.skyscanner.com.sa/car-hire-in/car-hire-in-pori/27546010.html",
    "candidate": "https://www.skyscanner.com.sa/car-hire-in/car-hire-in-pori/27546010.html"
  },
  {
    "text": "ولمن يبحث عن سيارة أوسع، تُتاح تويوتا كامري من هيرتز بناقل حركة أوتوماتيكي ابتداءً من ١٬٠٥٩ ﷼ في اليوم.",
    "issue": "The currency symbol is incorrect for the location. The Saudi Riyal (﷼) is used for Bury, UK, which uses the Pound Sterling (£).",
    "type_of_issue": "Accuracy",
    "solution": "Replace the Saudi Riyal symbol (﷼) with the correct Pound Sterling symbol (£).",
    "updated_sentence": "ولمن يبحث عن سيارة أوسع، تُتاح تويوتا كامري من هيرتز بناقل حركة أوتوماتيكي ابتداءً من ١٬٠٥٩ £ في اليوم.",
    "severity": "Major",
    "score_deduction": 3,
    "source_file": "2026-2027-sa-car-hire-city-08.docx",
    "url": "https://www.skyscanner.com.sa/car-hire-in/car-hire-in-pori/27546010.html",
    "candidate": "https://www.skyscanner.com.sa/car-hire-in/car-hire-in-pori/27546010.html"
  },
  {
    "text": "يمكنك استلام سيارتك المستأجرة في مطار بوري، وهو الموقع الرئيس الذي يقصده المسافرون عند وصولهم جوًّا.",
    "issue": "The noun 'الرئيس' is used incorrectly as an adjective; the correct adjectival form for 'main' is 'الرئيسي'.",
    "type_of_issue": "Grammar",
    "solution": "Change the noun 'الرئيس' to its correct adjectival form 'الرئيسي' to properly modify 'الموقع' (the location).",
    "updated_sentence": "يمكنك استلام سيارتك المستأجرة في مطار بوري، وهو الموقع الرئيسي الذي يقصده المسافرون عند وصولهم جوًّا.",
    "severity": "Minor",
    "score_deduction": 1,
    "source_file": "2026-2027-sa-car-hire-city-08.docx",
    "url": "https://www.skyscanner.com.sa/car-hire-in/car-hire-in-pori/27546010.html",
    "candidate": "https://www.skyscanner.com.sa/car-hire-in/car-hire-in-pori/27546010.html"
  },
  {
    "text": "تتراوح السرعة القصوى على الطرق السريعة والطرق السريعة المزدوجة بين 80 كم/س. و120 كم/س. أما الطرق الريفية فتبلغ السرعة القصوى عليها 80 كم/س.، بينما تنخفض على الطرق الأخرى إلى 50 كم/س.",
    "issue": "The sentence contains multiple punctuation errors, including unnecessary periods after speed units and incorrect punctuation used to separate clauses.",
    "type_of_issue": "Punctuation/Spelling/Typos",
    "solution": "Remove the extraneous periods after the 'كم/س' unit and use Arabic commas to properly connect the clauses within the single, complex sentence.",
    "updated_sentence": "تتراوح السرعة القصوى على الطرق السريعة والطرق السريعة المزدوجة بين 80 كم/س و120 كم/س، أما الطرق الريفية فتبلغ السرعة القصوى عليها 80 كم/س، بينما تنخفض على الطرق الأخرى إلى 50 كم/س.",
    "severity": "Minor",
    "score_deduction": 1,
    "source_file": "2026-2027-sa-car-hire-city-08.docx",
    "url": "https://www.skyscanner.com.sa/car-hire-in/car-hire-in-pori/27546010.html",
    "candidate": "https://www.skyscanner.com.sa/car-hire-in/car-hire-in-pori/27546010.html"
  },
  {
    "text": "تبدأ أسعار استئجار السيارات في دندي من 202 ﷼، بينما يبلغ المتوسط السنوي 239 ﷼.",
    "issue": "The currency symbol is incorrect for the location; Saudi Riyal (﷼) is used for Dundee (UK), which should be Pound Sterling (£).",
    "type_of_issue": "Accuracy",
    "solution": "Replace the Saudi Riyal symbol (﷼) with the Pound Sterling symbol (£) in both instances.",
    "updated_sentence": "تبدأ أسعار استئجار السيارات في دندي من 202 £، بينما يبلغ المتوسط السنوي 239 £.",
    "severity": "Major",
    "score_deduction": 3,
    "source_file": "2026-2027-sa-car-hire-city-08.docx",
    "url": "https://www.skyscanner.com.sa/car-hire-in/car-hire-in-dundee/27540769.html",
    "candidate": "https://www.skyscanner.com.sa/car-hire-in/car-hire-in-dundee/27540769.html"
  },
  {
    "text": "فإذا فضَّلت المركبات المزوَّدة بجير عادي، تبدأ سيارة فوكسهول كورسا من 202 ﷼ في اليوم، بينما تبدأ سيارة فورد فوكس من 226 ﷼ في اليوم، وكلتاهما تتَّسع لخمسة ركَّاب. أمَّا من يبحث عن ناقل حركة أوتوماتيكي، فتتوفَّر سيارة مرسيدس الفئة C ابتداءً من 398 ﷼ في اليوم.",
    "issue": "The currency symbol used is the Saudi Riyal (﷼) for prices in Dundee, UK, which is incorrect. The appropriate currency is the Pound Sterling (£).",
    "type_of_issue": "Accuracy",
    "solution": "Replace the Saudi Riyal symbol (﷼) with the Pound Sterling symbol (£) for all prices mentioned.",
    "updated_sentence": "فإذا فضَّلت المركبات المزوَّدة بجير عادي، تبدأ سيارة فوكسهول كورسا من 202 £ في اليوم، بينما تبدأ سيارة فورد فوكس من 226 £ في اليوم، وكلتاهما تتَّسع لخمسة ركَّاب. أمَّا من يبحث عن ناقل حركة أوتوماتيكي، فتتوفَّر سيارة مرسيدس الفئة C ابتداءً من 398 £ في اليوم.",
    "severity": "Major",
    "score_deduction": 3,
    "source_file": "2026-2027-sa-car-hire-city-08.docx",
    "url": "https://www.skyscanner.com.sa/car-hire-in/car-hire-in-dundee/27540769.html",
    "candidate": "https://www.skyscanner.com.sa/car-hire-in/car-hire-in-dundee/27540769.html"
  },
  {
    "text": "تبلغ السرعة القصوى على الطرق السريعة والطرق السريعة المزدوجة 112 كم/س، بينما تنخفض على الطرق الريفية إلى 96 كم/س. أما الطرق الأخرى فتتراوح السرعة عليها بين 32 و48 كم/س.",
    "issue": "The text provides speed limits only in km/h, which is impractical for drivers in the UK, where all road signs use miles per hour (mph).",
    "type_of_issue": "Compliance",
    "solution": "Add the corresponding mph values in parentheses to ensure the information is usable and safe for drivers.",
    "updated_sentence": "تبلغ السرعة القصوى على الطرق السريعة والطرق السريعة المزدوجة 112 كم/س (70 ميلاً في الساعة)، بينما تنخفض على الطرق الريفية إلى 96 كم/س (60 ميلاً في الساعة). أما الطرق الأخرى فتتراوح السرعة عليها بين 32 كم/س (20 ميلاً في الساعة) و48 كم/س (30 ميلاً في الساعة).",
    "severity": "Major",
    "score_deduction": 3,
    "source_file": "2026-2027-sa-car-hire-city-08.docx",
    "url": "https://www.skyscanner.com.sa/car-hire-in/car-hire-in-dundee/27540769.html",
    "candidate": "https://www.skyscanner.com.sa/car-hire-in/car-hire-in-dundee/27540769.html"
  },
  {
    "text": "تبدأ أسعار استئجار السيارات في صوفيا من 36 ﷼، بينما يبلغ المتوسط السنوي 175 ﷼.",
    "issue": "The currency symbol '﷼' (Saudi Riyal) is incorrect for the specified location, Sofia (Bulgaria).",
    "type_of_issue": "Accuracy",
    "solution": "Replace the Saudi Riyal symbol with a currency more appropriate for a European destination, such as the Euro symbol '€'.",
    "updated_sentence": "تبدأ أسعار استئجار السيارات في صوفيا من 36 €، بينما يبلغ المتوسط السنوي 175 €.",
    "severity": "Major",
    "score_deduction": 3,
    "source_file": "2026-2027-sa-car-hire-city-08.docx",
    "url": "https://www.skyscanner.com.sa/car-hire-in/car-hire-in-sofia/27547055.html",
    "candidate": "https://www.skyscanner.com.sa/car-hire-in/car-hire-in-sofia/27547055.html"
  },
  {
    "text": "يساعدك حجز السيارة قبل 2 أسابيع من موعد السفر على توفير المبلغ.",
    "issue": "The number '2' requires the dual form of the noun ('أسبوعين'), but the plural form ('أسابيع') was used.",
    "type_of_issue": "Grammar",
    "solution": "Replace '2 أسابيع' with the correct dual form 'أسبوعين', which makes the numeral redundant.",
    "updated_sentence": "يساعدك حجز السيارة قبل أسبوعين من موعد السفر على توفير المبلغ.",
    "severity": "Minor",
    "score_deduction": 1,
    "source_file": "2026-2027-sa-car-hire-city-08.docx",
    "url": "https://www.skyscanner.com.sa/car-hire-in/car-hire-in-sofia/27547055.html",
    "candidate": "https://www.skyscanner.com.sa/car-hire-in/car-hire-in-sofia/27547055.html"
  },
  {
    "text": "وإن رغبت في خيارات أوسع، تقدِّم شركة برايسليس سيارة كيا أوبتيما بناقل حركة أوتوماتيك ابتداءً من ٣٦ ﷼ في اليوم، وهو السعر نفسه المتاح لسيارة فولكس فاجن جولف الأوتوماتيكية لدى الشركة ذاتها. أما إن كنت تفضِّل ناقل الحركة العادي، فتتوفر سوزوكي جراند فيتارا لدى برايسليس ابتداءً من ٤٥ ﷼ في اليوم.",
    "issue": "The currency symbol used (﷼ for Saudi Riyal) is incorrect for the location (Sofia, Bulgaria).",
    "type_of_issue": "Accuracy",
    "solution": "Replace the incorrect currency symbol (﷼) with the correct currency code for Bulgaria (BGN).",
    "updated_sentence": "وإن رغبت في خيارات أوسع، تقدِّم شركة برايسليس سيارة كيا أوبتيما بناقل حركة أوتوماتيك ابتداءً من ٣٦ BGN في اليوم، وهو السعر نفسه المتاح لسيارة فولكس فاجن جولف الأوتوماتيكية لدى الشركة ذاتها. أما إن كنت تفضِّل ناقل الحركة العادي، فتتوفر سوزوكي جراند فيتارا لدى برايسليس ابتداءً من ٤٥ BGN في اليوم.",
    "severity": "Major",
    "score_deduction": 3,
    "source_file": "2026-2027-sa-car-hire-city-08.docx",
    "url": "https://www.skyscanner.com.sa/car-hire-in/car-hire-in-sofia/27547055.html",
    "candidate": "https://www.skyscanner.com.sa/car-hire-in/car-hire-in-sofia/27547055.html"
  },
  {
    "text": "تستطيع استلام سيارتك المستأجرة في مطار صوفيا فور وصولك جوًّا، حيث تتوفّر نقاط تسليم متعددة تخدم القادمين إلى المدينة.",
    "issue": "The term 'تسليم' (drop-off) is used instead of 'استلام' (pick-up), which is the opposite of the intended meaning in a sentence about collecting a car upon arrival.",
    "type_of_issue": "Accuracy",
    "solution": "Replace 'تسليم' with 'استلام' to align with the context of collecting a vehicle and the glossary term for 'pick-up'.",
    "updated_sentence": "تستطيع استلام سيارتك المستأجرة في مطار صوفيا فور وصولك جوًّا، حيث تتوفّر نقاط استلام متعددة تخدم القادمين إلى المدينة.",
    "severity": "Major",
    "score_deduction": 3,
    "source_file": "2026-2027-sa-car-hire-city-08.docx",
    "url": "https://www.skyscanner.com.sa/car-hire-in/car-hire-in-sofia/27547055.html",
    "candidate": "https://www.skyscanner.com.sa/car-hire-in/car-hire-in-sofia/27547055.html"
  },
  {
    "text": "تبدأ أسعار استئجار السيارات في فينيسيا من ‎105 ﷼، بينما يبلغ المتوسط السنوي 256 ﷼.",
    "issue": "The currency symbol for Venice, Italy is incorrectly shown as Saudi Riyal (﷼) instead of the Euro (€).",
    "type_of_issue": "Accuracy",
    "solution": "Replace the Saudi Riyal symbol (﷼) with the Euro symbol (€) in both instances to reflect the correct local currency.",
    "updated_sentence": "تبدأ أسعار استئجار السيارات في فينيسيا من ‎105 €، بينما يبلغ المتوسط السنوي 256 €.",
    "severity": "Major",
    "score_deduction": 3,
    "source_file": "2026-2027-sa-car-hire-city-08.docx",
    "url": "https://www.skyscanner.com.sa/car-hire-in/car-hire-in-venice/27547373.html",
    "candidate": "https://www.skyscanner.com.sa/car-hire-in/car-hire-in-venice/27547373.html"
  },
  {
    "text": "إن كنتَ تبحث عن سيارة اقتصادية بجير عادي، فتوفّر شركة ثريفتي سيارة أوبل كورسا ابتداءً من ‎105 ﷼ في اليوم، بينما تبلغ تكلفة رينو كابتور من الشركة نفسها ‎109 ﷼ في اليوم مع مساحة أكبر للأمتعة. أما إذا فضّلتَ ناقل الحركة الأوتوماتيكي، فتُقدّم شركة بدجت سيارة بيجو 3008 ابتداءً من ‎160 ﷼ في اليوم، وتتّسع لخمسة ركاب وثلاث حقائب.",
    "issue": "The currency symbol for prices in Venice (Italy) is incorrectly shown as Saudi Riyal (﷼) instead of the Euro (€).",
    "type_of_issue": "Accuracy",
    "solution": "Replace the Saudi Riyal symbol (﷼) with the Euro symbol (€) to reflect the correct currency for the location.",
    "updated_sentence": "إن كنتَ تبحث عن سيارة اقتصادية بجير عادي، فتوفّر شركة ثريفتي سيارة أوبل كورسا ابتداءً من ‎105 € في اليوم، بينما تبلغ تكلفة رينو كابتور من الشركة نفسها ‎109 € في اليوم مع مساحة أكبر للأمتعة. أما إذا فضّلتَ ناقل الحركة الأوتوماتيكي، فتُقدّم شركة بدجت سيارة بيجو 3008 ابتداءً من ‎160 € في اليوم، وتتّسع لخمسة ركاب وثلاث حقائب.",
    "severity": "Major",
    "score_deduction": 3,
    "source_file": "2026-2027-sa-car-hire-city-08.docx",
    "url": "https://www.skyscanner.com.sa/car-hire-in/car-hire-in-venice/27547373.html",
    "candidate": "https://www.skyscanner.com.sa/car-hire-in/car-hire-in-venice/27547373.html"
  },
  {
    "text": "تبلغ السرعة القصوى على الطرق السريعة 130 كم/س، وتنخفض إلى 110 كم/س على الطرق السريعة السريعة.",
    "issue": "The phrase 'الطرق السريعة السريعة' is a literal and repetitive translation that is stylistically awkward and impairs natural readability.",
    "type_of_issue": "Style",
    "solution": "Replace the repetitive phrase with a more natural and common term such as 'الطرق الرئيسية' (main roads) to improve clarity and flow.",
    "updated_sentence": "تبلغ السرعة القصوى على الطرق السريعة 130 كم/س، وتنخفض إلى 110 كم/س على الطرق الرئيسية.",
    "severity": "Minor",
    "score_deduction": 1,
    "source_file": "2026-2027-sa-car-hire-city-08.docx",
    "url": "https://www.skyscanner.com.sa/car-hire-in/car-hire-in-venice/27547373.html",
    "candidate": "https://www.skyscanner.com.sa/car-hire-in/car-hire-in-venice/27547373.html"
  },
  {
    "text": "تبدأ رحلة البحث عن سيارة مستأجرة بسعر مناسب في فيرونا بمقارنة العروض المتاحة، حيث يبلغ أدنى سعر مسجّل 141 ﷼، بينما يستقر المتوسط السنوي عند 279 ﷼.",
    "issue": "The currency symbol used is for the Saudi Riyal (﷼), which is incorrect for the specified location of Verona, Italy, which uses the Euro.",
    "type_of_issue": "Accuracy",
    "solution": "Replace the Saudi Riyal symbol (﷼) with the Euro symbol (€) to accurately reflect the currency of the location.",
    "updated_sentence": "تبدأ رحلة البحث عن سيارة مستأجرة بسعر مناسب في فيرونا بمقارنة العروض المتاحة، حيث يبلغ أدنى سعر مسجّل 141 €، بينما يستقر المتوسط السنوي عند 279 €.",
    "severity": "Major",
    "score_deduction": 3,
    "source_file": "2026-2027-sa-car-hire-city-08.docx",
    "url": "https://www.skyscanner.com.sa/car-hire-in/car-hire-in-verona/27547432.html",
    "candidate": "https://www.skyscanner.com.sa/car-hire-in/car-hire-in-verona/27547432.html"
  },
  {
    "text": "تُعدُّ سيارة فيات باندا الخيار الأكثر شيوعًا في فيرونا، لأنَّها صغيرة وعملية وسهلة الرَّكن في شوارع المدينة. تجدها لدى شركة فيليرِنت بناقل حركة عادي وسعرٍ يبدأ من ‎154 ﷼ في اليوم. وإن رغبت في سيارة بديلة، تُقدِّم شركة بَدجت سيارة لانشيا إبسيلون بجير عادي ابتداءً من ‎141 ﷼ في اليوم، وهي من الفئات الاقتصادية المناسبة للتنقُّل اليومي. أمَّا من يحتاج إلى مساحة أوسع للركاب والأمتعة، فتوفِّر شركة أفيس سيارة أوبل كروسلاند بناقل حركة عادي وسعرٍ يبدأ من ‎166 ﷼ في اليوم، وتتَّسع لخمسة ركَّاب وثلاث حقائب.",
    "issue": "The currency symbol for Saudi Riyal (﷼) is used for prices in Verona, Italy, where the Euro (€) is the correct currency. This error is repeated for all prices mentioned.",
    "type_of_issue": "Accuracy",
    "solution": "Replace the Saudi Riyal symbol (﷼) with the Euro symbol (€) for all listed prices to match the location (Verona).",
    "updated_sentence": "تُعدُّ سيارة فيات باندا الخيار الأكثر شيوعًا في فيرونا، لأنَّها صغيرة وعملية وسهلة الرَّكن في شوارع المدينة. تجدها لدى شركة فيليرِنت بناقل حركة عادي وسعرٍ يبدأ من ‎154 € في اليوم. وإن رغبت في سيارة بديلة، تُقدِّم شركة بَدجت سيارة لانشيا إبسيلون بجير عادي ابتداءً من ‎141 € في اليوم، وهي من الفئات الاقتصادية المناسبة للتنقُّل اليومي. أمَّا من يحتاج إلى مساحة أوسع للركاب والأمتعة، فتوفِّر شركة أفيس سيارة أوبل كروسلاند بناقل حركة عادي وسعرٍ يبدأ من ‎166 € في اليوم، وتتَّسع لخمسة ركَّاب وثلاث حقائب.",
    "severity": "Major",
    "score_deduction": 3,
    "source_file": "2026-2027-sa-car-hire-city-08.docx",
    "url": "https://www.skyscanner.com.sa/car-hire-in/car-hire-in-verona/27547432.html",
    "candidate": "https://www.skyscanner.com.sa/car-hire-in/car-hire-in-verona/27547432.html"
  },
  {
    "text": "تبدأ أسعار استئجار السيارات في فاس من 87 ﷼، بينما يبلغ المتوسط السنوي 174 ﷼.",
    "issue": "The currency symbol for the Saudi Riyal (﷼) is incorrectly used for Fes, which is in Morocco.",
    "type_of_issue": "Accuracy",
    "solution": "Replace the Saudi Riyal symbol (﷼) with the correct abbreviation for the Moroccan Dirham (د.م.).",
    "updated_sentence": "تبدأ أسعار استئجار السيارات في فاس من 87 د.م.، بينما يبلغ المتوسط السنوي 174 د.م.",
    "severity": "Major",
    "score_deduction": 3,
    "source_file": "2026-2027-sa-car-hire-city-08.docx",
    "url": "https://www.skyscanner.com.sa/car-hire-in/car-hire-in-fes/27541643.html",
    "candidate": "https://www.skyscanner.com.sa/car-hire-in/car-hire-in-fes/27541643.html"
  },
  {
    "text": "تقدّم شركة نورث كار رنتال سيارة كيا بيكانتو بجير عادي ابتداءً من 87 ﷼ في اليوم، وهي مناسبة للتنقلات القصيرة.",
    "issue": "Incorrect currency is used for the location. The text is about Fez, Morocco, but uses the Saudi Riyal (﷼) symbol instead of the Moroccan Dirham (د.م.). This pattern repeats for all prices mentioned.",
    "type_of_issue": "Accuracy",
    "solution": "Change the currency symbol from ﷼ to د.م. to match the currency of Morocco.",
    "updated_sentence": "تقدّم شركة نورث كار رنتال سيارة كيا بيكانتو بجير عادي ابتداءً من 87 د.م. في اليوم، وهي مناسبة للتنقلات القصيرة.",
    "severity": "Major",
    "score_deduction": 3,
    "source_file": "2026-2027-sa-car-hire-city-08.docx",
    "url": "https://www.skyscanner.com.sa/car-hire-in/car-hire-in-fes/27541643.html",
    "candidate": "https://www.skyscanner.com.sa/car-hire-in/car-hire-in-fes/27541643.html"
  },
  {
    "text": "ويُطلب أيضًا تصريح قيادة دولي إذا لم تكن الرخصة مكتوبة بالأحرف اللاتينية، ويشترطه كثير من المزودين لجميع الرخص الأجنبية",
    "issue": "The final sentence of the paragraph is missing the terminal punctuation (a full stop).",
    "type_of_issue": "Punctuation/Spelling/Typos",
    "solution": "Add a full stop at the end of the sentence to properly terminate the paragraph.",
    "updated_sentence": "ويُطلب أيضًا تصريح قيادة دولي إذا لم تكن الرخصة مكتوبة بالأحرف اللاتينية، ويشترطه كثير من المزودين لجميع الرخص الأجنبية.",
    "severity": "Minor",
    "score_deduction": 1,
    "source_file": "2026-2027-sa-car-hire-city-08.docx",
    "url": "https://www.skyscanner.com.sa/car-hire-in/car-hire-in-fes/27541643.html",
    "candidate": "https://www.skyscanner.com.sa/car-hire-in/car-hire-in-fes/27541643.html"
  },
  {
    "text": "تعتمد شبكة الطرق السريعة الوطنية التابعة للشركة الوطنية للطرق السيارة نظام رسومٍ مغلقًا، إذ يأخذ السائق بطاقة دخولٍ عند نقطة الانطلاق ويسدّد رسمًا يُحتسب وفق المسافة المقطوعة عند الخروج.",
    "issue": "The word 'نظام' is the direct object of the verb and lacks the required accusative case marking (tanwin al-fath).",
    "type_of_issue": "Grammar",
    "solution": "Add the accusative case marking 'ً ا' to the word 'نظام' to make it 'نظامًا'.",
    "updated_sentence": "تعتمد شبكة الطرق السريعة الوطنية التابعة للشركة الوطنية للطرق السيارة نظامًا رسومٍ مغلقًا، إذ يأخذ السائق بطاقة دخولٍ عند نقطة الانطلاق ويسدّد رسمًا يُحتسب وفق المسافة المقطوعة عند الخروج.",
    "severity": "Minor",
    "score_deduction": 1,
    "source_file": "2026-2027-sa-car-hire-city-08.docx",
    "url": "https://www.skyscanner.com.sa/car-hire-in/car-hire-in-fes/27541643.html",
    "candidate": "https://www.skyscanner.com.sa/car-hire-in/car-hire-in-fes/27541643.html"
  },
  {
    "text": "تبدأ أسعار استئجار السيارات في طنجة من 85 ﷼ في أدنى مستوياتها، بينما يبلغ المتوسط السنوي 179 ﷼.",
    "issue": "The text uses the Saudi Riyal currency symbol (﷼) for Tangier, Morocco, where the correct currency is the Moroccan Dirham.",
    "type_of_issue": "Accuracy",
    "solution": "Replace the Saudi Riyal symbol (﷼) with the correct symbol for Moroccan Dirham (د.م.).",
    "updated_sentence": "تبدأ أسعار استئجار السيارات في طنجة من 85 د.م. في أدنى مستوياتها، بينما يبلغ المتوسط السنوي 179 د.م..",
    "severity": "Major",
    "score_deduction": 3,
    "source_file": "2026-2027-sa-car-hire-city-08.docx",
    "url": "https://www.skyscanner.com.sa/car-hire-in/car-hire-in-tangier/27547220.html",
    "candidate": "https://www.skyscanner.com.sa/car-hire-in/car-hire-in-tangier/27547220.html"
  },
  {
    "text": "تجد لدى شركة نورث كار رنتال سيارة كيا بيكانتو بجير عادي ابتداءً من ‎85 ﷼ في اليوم، وهي من الفئات الاقتصادية التي تُلائم الرحلات القصيرة. وتوفر شركة روتس كار رنتال سيارة هيونداي آي 20 بجير عادي ابتداءً من ‎95 ﷼ في اليوم، بمساحة أوسع للأمتعة. أما من يفضّل سيارة أكبر قليلًا، فيمكنه اختيار رينو ميغان من نورث كار رنتال بجير عادي ابتداءً من ‎106 ﷼ في اليوم.",
    "issue": "The currency symbol used (﷼ - Saudi Riyal) is incorrect for the location (Tangier, Morocco). This error is repeated for all prices.",
    "type_of_issue": "Accuracy",
    "solution": "Replace all instances of the Saudi Riyal symbol (﷼) with the correct symbol for Moroccan Dirham (د.م.).",
    "updated_sentence": "تجد لدى شركة نورث كار رنتال سيارة كيا بيكانتو بجير عادي ابتداءً من ‎85 د.م. في اليوم، وهي من الفئات الاقتصادية التي تُلائم الرحلات القصيرة. وتوفر شركة روتس كار رنتال سيارة هيونداي آي 20 بجير عادي ابتداءً من ‎95 د.م. في اليوم، بمساحة أوسع للأمتعة. أما من يفضّل سيارة أكبر قليلًا، فيمكنه اختيار رينو ميغان من نورث كار رنتال بجير عادي ابتداءً من ‎106 د.م. في اليوم.",
    "severity": "Major",
    "score_deduction": 3,
    "source_file": "2026-2027-sa-car-hire-city-08.docx",
    "url": "https://www.skyscanner.com.sa/car-hire-in/car-hire-in-tangier/27547220.html",
    "candidate": "https://www.skyscanner.com.sa/car-hire-in/car-hire-in-tangier/27547220.html"
  },
  {
    "text": "للاستئجار، يلزم تقديم جواز سفر أو بطاقة هوية وطنية سارية ورخصة قيادة سارية.",
    "issue": "Incorrect gender agreement. The feminine adjective 'سارية' (valid) cannot correctly modify the masculine noun 'جواز سفر' (passport) in this list structure.",
    "type_of_issue": "Grammar",
    "solution": "Add the corresponding masculine adjective 'سارٍ' after 'جواز سفر' to ensure each noun in the list is correctly modified.",
    "updated_sentence": "للاستئجار، يلزم تقديم جواز سفر سارٍ أو بطاقة هوية وطنية سارية ورخصة قيادة سارية.",
    "severity": "Minor",
    "score_deduction": 1,
    "source_file": "2026-2027-sa-car-hire-city-08.docx",
    "url": "https://www.skyscanner.com.sa/car-hire-in/car-hire-in-tangier/27547220.html",
    "candidate": "https://www.skyscanner.com.sa/car-hire-in/car-hire-in-tangier/27547220.html"
  },
  {
    "text": "تبدأ أسعار استئجار السيارات في فينيسيا من 146 ﷼، بينما يبلغ المتوسط السنوي 280 ﷼.",
    "issue": "The currency symbol for Saudi Riyal (﷼) is used for prices in Venice, Italy, which is incorrect as Italy uses the Euro (€).",
    "type_of_issue": "Accuracy",
    "solution": "Replace the Saudi Riyal symbols (﷼) with the Euro symbol (€) to reflect the correct local currency.",
    "updated_sentence": "تبدأ أسعار استئجار السيارات في فينيسيا من 146 €، بينما يبلغ المتوسط السنوي 280 €.",
    "severity": "Major",
    "score_deduction": 3,
    "source_file": "2026-2027-sa-car-hire-city-09.docx",
    "url": "https://www.skyscanner.com.sa/car-hire-in/car-hire-in-venice/27547412.html",
    "candidate": "https://www.skyscanner.com.sa/car-hire-in/car-hire-in-venice/27547412.html"
  },
  {
    "text": "تقدِّم شركة تورو سيارة كيا سيدونا بناقل حركة أوتوماتيكي ابتداءً من ‎146 ﷼ في اليوم، وهي مناسبة للمجموعات الأكبر.",
    "issue": "The currency symbol for the Saudi Riyal (﷼) is used for Venice, a location in Italy where the Euro (€) is the official currency. This pattern repeats in the following sentences.",
    "type_of_issue": "Accuracy",
    "solution": "Replace the Saudi Riyal symbol (﷼) with the Euro symbol (€) to reflect the correct currency for the location.",
    "updated_sentence": "تقدِّم شركة تورو سيارة كيا سيدونا بناقل حركة أوتوماتيكي ابتداءً من ‎146 € في اليوم، وهي مناسبة للمجموعات الأكبر.",
    "severity": "Major",
    "score_deduction": 3,
    "source_file": "2026-2027-sa-car-hire-city-09.docx",
    "url": "https://www.skyscanner.com.sa/car-hire-in/car-hire-in-venice/27547412.html",
    "candidate": "https://www.skyscanner.com.sa/car-hire-in/car-hire-in-venice/27547412.html"
  },
  {
    "text": "تتيح لك فينيسيا استلام سيارتك المستأجرة من مطار ساراسوتا، الذي يمثّل نقطة الاستلام الرئيسية للمسافرين القادمين جوًّا.",
    "issue": "The text incorrectly mentions 'Sarasota Airport' in an article about 'Venice', which is a significant geographical error.",
    "type_of_issue": "Accuracy",
    "solution": "Replace 'Sarasota Airport' with the generic term 'the airport' to correct the location mismatch.",
    "updated_sentence": "تتيح لك فينيسيا استلام سيارتك المستأجرة من المطار، الذي يمثّل نقطة الاستلام الرئيسية للمسافرين القادمين جوًّا.",
    "severity": "Major",
    "score_deduction": 3,
    "source_file": "2026-2027-sa-car-hire-city-09.docx",
    "url": "https://www.skyscanner.com.sa/car-hire-in/car-hire-in-venice/27547412.html",
    "candidate": "https://www.skyscanner.com.sa/car-hire-in/car-hire-in-venice/27547412.html"
  },
  {
    "text": "ويُطلب أيضًا تصريح قيادةٍ دوليّ إذا لم تكن الرخصة مطبوعةً بالأحرف اللاتينية، في حين تُقبل معظم الرخص الغربية دون الحاجة إليه.",
    "issue": "The adjective \"دوليّ\" is missing the correct nominative case ending (tanwin damma) required to agree with its noun \"تصريح\", which is the deputy subject (نائب فاعل) and therefore nominative.",
    "type_of_issue": "Grammar",
    "solution": "Add the nominative tanwin damma (ـٌ) to the adjective \"دوليّ\" to make it \"دوليٌّ\", ensuring it correctly agrees in case with the noun it modifies.",
    "updated_sentence": "ويُطلب أيضًا تصريح قيادةٍ دوليٌّ إذا لم تكن الرخصة مطبوعةً بالأحرف اللاتينية، في حين تُقبل معظم الرخص الغربية دون الحاجة إليه.",
    "severity": "Minor",
    "score_deduction": 1,
    "source_file": "2026-2027-sa-car-hire-city-09.docx",
    "url": "https://www.skyscanner.com.sa/car-hire-in/car-hire-in-venice/27547412.html",
    "candidate": "https://www.skyscanner.com.sa/car-hire-in/car-hire-in-venice/27547412.html"
  },
  {
    "text": "تتراوح السرعة القصوى على الطرق السريعة بين 105 و121 كم/س، بينما تتراوح على الطرق السريعة المحدودة بين 89 و113 كم/س. تنطبق السرعة نفسها بين 89 و113 كم/س على الطرق الريفية، في حين تتراوح على الطرق الأخرى بين 24 و56 كم/س.",
    "issue": "The text provides US speed limits only in metric units (km/h), failing to include the primary imperial unit (mph) which is the official unit used on road signs, thus impairing practical application.",
    "type_of_issue": "Compliance",
    "solution": "Add the primary imperial unit (mph) and place the metric conversion (km/h) in parentheses for user clarity and practical use in the US.",
    "updated_sentence": "تتراوح السرعة القصوى على الطرق السريعة بين 65 و75 ميلاً في الساعة (105 و121 كم/س)، بينما تتراوح على الطرق السريعة المحدودة بين 55 و70 ميلاً في الساعة (89 و113 كم/س). تنطبق السرعة نفسها بين 55 و70 ميلاً في الساعة (89 و113 كم/س) على الطرق الريفية، في حين تتراوح على الطرق الأخرى بين 15 و35 ميلاً في الساعة (24 و56 كم/س).",
    "severity": "Major",
    "score_deduction": 3,
    "source_file": "2026-2027-sa-car-hire-city-09.docx",
    "url": "https://www.skyscanner.com.sa/car-hire-in/car-hire-in-venice/27547412.html",
    "candidate": "https://www.skyscanner.com.sa/car-hire-in/car-hire-in-venice/27547412.html"
  },
  {
    "text": "تبدأ أسعار استئجار السيارات في شارقة من 42 ﷼، بينما يبلغ المتوسط السنوي 83 ﷼.",
    "issue": "The text uses the Saudi Riyal symbol (﷼) for Sharjah, which is in the United Arab Emirates. The correct currency is the UAE Dirham (د.إ).",
    "type_of_issue": "Accuracy",
    "solution": "Replace the Saudi Riyal symbol (﷼) with the correct UAE Dirham abbreviation (د.إ) in both instances.",
    "updated_sentence": "تبدأ أسعار استئجار السيارات في شارقة من 42 د.إ، بينما يبلغ المتوسط السنوي 83 د.إ.",
    "severity": "Major",
    "score_deduction": 3,
    "source_file": "2026-2027-sa-car-hire-city-09.docx",
    "url": "https://www.skyscanner.com.sa/car-hire-in/car-hire-in-sharjah/90713161.html",
    "candidate": "https://www.skyscanner.com.sa/car-hire-in/car-hire-in-sharjah/90713161.html"
  },
  {
    "text": "تقدِّمها شركة أمكس بناقل حركة أوتوماتيك بسعر يبدأ من 42 ﷼ في اليوم.",
    "issue": "The currency symbol for Saudi Riyal (﷼) is used for a price in Sharjah (UAE), which uses the Emirati Dirham (د.إ). This error repeats for all prices mentioned.",
    "type_of_issue": "Accuracy",
    "solution": "Replace all instances of the Saudi Riyal symbol (﷼) with the correct Emirati Dirham symbol (د.إ).",
    "updated_sentence": "تقدِّمها شركة أمكس بناقل حركة أوتوماتيك بسعر يبدأ من 42 د.إ في اليوم.",
    "severity": "Major",
    "score_deduction": 3,
    "source_file": "2026-2027-sa-car-hire-city-09.docx",
    "url": "https://www.skyscanner.com.sa/car-hire-in/car-hire-in-sharjah/90713161.html",
    "candidate": "https://www.skyscanner.com.sa/car-hire-in/car-hire-in-sharjah/90713161.html"
  },
  {
    "text": "يتوفر في شارقة 6 مزودين لخدمات تأجير السيارات.",
    "issue": "The proper noun for the city \"Sharjah\" requires the definite article \"ال\" in this context.",
    "type_of_issue": "Grammar",
    "solution": "Add the definite article \"ال\" to the city name \"شارقة\" to become \"الشارقة\".",
    "updated_sentence": "يتوفر في الشارقة 6 مزودين لخدمات تأجير السيارات.",
    "severity": "Minor",
    "score_deduction": 1,
    "source_file": "2026-2027-sa-car-hire-city-09.docx",
    "url": "https://www.skyscanner.com.sa/car-hire-in/car-hire-in-sharjah/90713161.html",
    "candidate": "https://www.skyscanner.com.sa/car-hire-in/car-hire-in-sharjah/90713161.html"
  },
  {
    "text": "يبلغ أقل سعر متوفر حاليًا 105 ﷼، بينما يصل المتوسط السنوي إلى 168 ﷼.",
    "issue": "The currency used is the Saudi Riyal (﷼) for a car rental in Sarajevo, which is incorrect. The appropriate currency for Bosnia and Herzegovina is the Bosnian Convertible Mark.",
    "type_of_issue": "Accuracy",
    "solution": "Replace the incorrect Saudi Riyal symbol (﷼) with the localized abbreviation for the Bosnian Convertible Mark (بام).",
    "updated_sentence": "يبلغ أقل سعر متوفر حاليًا 105 بام، بينما يصل المتوسط السنوي إلى 168 بام.",
    "severity": "Major",
    "score_deduction": 3,
    "source_file": "2026-2027-sa-car-hire-city-09.docx",
    "url": "https://www.skyscanner.com.sa/car-hire-in/car-hire-in-sarajevo/27546359.html",
    "candidate": "https://www.skyscanner.com.sa/car-hire-in/car-hire-in-sarajevo/27546359.html"
  },
  {
    "text": "تبدأ عملية البحث عن سيارة مستأجرة بسعر منخفض في سراييفو بمقارنة العروض المتاحة عبر سكاي سكانر.",
    "issue": "The Skyscanner brand name is transliterated into Arabic script, but style guidelines require keeping the brand name 'unaltered,' which implies using the original Latin script for brand recognition.",
    "type_of_issue": "Compliance",
    "solution": "Replace the Arabic transliteration 'سكاي سكانر' with the original brand name 'Skyscanner' in Latin script.",
    "updated_sentence": "تبدأ عملية البحث عن سيارة مستأجرة بسعر منخفض في سراييفو بمقارنة العروض المتاحة عبر Skyscanner.",
    "severity": "Minor",
    "score_deduction": 1,
    "source_file": "2026-2027-sa-car-hire-city-09.docx",
    "url": "https://www.skyscanner.com.sa/car-hire-in/car-hire-in-sarajevo/27546359.html",
    "candidate": "https://www.skyscanner.com.sa/car-hire-in/car-hire-in-sarajevo/27546359.html"
  },
  {
    "text": "راجع شروط كل عرض بعناية لتجنب رسومًا إضافية قد تُضاف عند الاستلام أو الإرجاع.",
    "issue": "The sentence is missing the required terminal punctuation.",
    "type_of_issue": "Punctuation/Spelling/Typos",
    "solution": "Add a full stop at the end of the sentence to ensure correct punctuation.",
    "updated_sentence": "راجع شروط كل عرض بعناية لتجنب رسومًا إضافية قد تُضاف عند الاستلام أو الإرجاع.",
    "severity": "Minor",
    "score_deduction": 1,
    "source_file": "2026-2027-sa-car-hire-city-09.docx",
    "url": "https://www.skyscanner.com.sa/car-hire-in/car-hire-in-sarajevo/27546359.html",
    "candidate": "https://www.skyscanner.com.sa/car-hire-in/car-hire-in-sarajevo/27546359.html"
  },
  {
    "text": "تعرض شركة بايليس سيارة فولكس فاجن أب بجير عادي ابتداءً من ‎105 ﷼ في اليوم، وهي خيار مدمج يتسع لأربعة ركاب. وإن رغبت في مساحة أوسع، فتتوفر سيارة سكودا سكالا بجير عادي من الشركة نفسها ابتداءً من ‎109 ﷼ في اليوم. أما من يفضّل ناقل الحركة الأوتوماتيكي، فتقدّم شركة 387rentacar سيارة أودي كيو 3 التي تتسع لسبعة ركاب ابتداءً من ‎275 ﷼ في اليوم.",
    "issue": "The currency is incorrectly shown as Saudi Riyal (﷼) for prices in Sarajevo. The correct local currency is the Bosnian Convertible Mark (KM).",
    "type_of_issue": "Accuracy",
    "solution": "Replace the incorrect currency symbol (﷼) with the correct local currency code (KM) for all prices.",
    "updated_sentence": "تعرض شركة بايليس سيارة فولكس فاجن أب بجير عادي ابتداءً من ‎105 KM في اليوم، وهي خيار مدمج يتسع لأربعة ركاب. وإن رغبت في مساحة أوسع، فتتوفر سيارة سكودا سكالا بجير عادي من الشركة نفسها ابتداءً من ‎109 KM في اليوم. أما من يفضّل ناقل الحركة الأوتوماتيكي، فتقدّم شركة 387rentacar سيارة أودي كيو 3 التي تتسع لسبعة ركاب ابتداءً من ‎275 KM في اليوم.",
    "severity": "Major",
    "score_deduction": 3,
    "source_file": "2026-2027-sa-car-hire-city-09.docx",
    "url": "https://www.skyscanner.com.sa/car-hire-in/car-hire-in-sarajevo/27546359.html",
    "candidate": "https://www.skyscanner.com.sa/car-hire-in/car-hire-in-sarajevo/27546359.html"
  },
  {
    "text": "تحتاج إلى جواز سفر أو بطاقة هوية سارية ورخصة قيادة لاستئجار السيارة، كما تطلب معظم الوكالات الكبرى رخصة قيادة دولية للزائرين الأجانب، بمن فيهم غالبية حاملي رخص الاتحاد الأوروبي.",
    "issue": "The adjective 'سارية' (valid) only grammatically modifies 'بطاقة هوية' (ID card), creating ambiguity and incorrectly implying that the passport and driving license might not need to be valid.",
    "type_of_issue": "Accuracy",
    "solution": "Rephrase to ensure all mentioned documents are clearly qualified as valid. Use the phrase 'سارية المفعول' (valid/in effect) after the list of documents to apply to all of them.",
    "updated_sentence": "تحتاج إلى جواز سفر أو بطاقة هوية ورخصة قيادة سارية المفعول لاستئجار السيارة، كما تطلب معظم الوكالات الكبرى رخصة قيادة دولية للزائرين الأجانب، بمن فيهم غالبية حاملي رخص الاتحاد الأوروبي.",
    "severity": "Major",
    "score_deduction": 3,
    "source_file": "2026-2027-sa-car-hire-city-09.docx",
    "url": "https://www.skyscanner.com.sa/car-hire-in/car-hire-in-sarajevo/27546359.html",
    "candidate": "https://www.skyscanner.com.sa/car-hire-in/car-hire-in-sarajevo/27546359.html"
  },
  {
    "text": "تبدأ أسعار استئجار السيارات في بودروم من 163 ﷼، بينما يبلغ المتوسط السنوي للأسعار 246 ﷼.",
    "issue": "Incorrect currency symbol (Saudi Riyal) used for a service located in Bodrum, Turkey.",
    "type_of_issue": "Accuracy",
    "solution": "Change the currency symbol from ﷼ (SAR) to ₺ (TRY) to match the location.",
    "updated_sentence": "تبدأ أسعار استئجار السيارات في بودروم من 163 ₺، بينما يبلغ المتوسط السنوي للأسعار 246 ₺.",
    "severity": "Major",
    "score_deduction": 3,
    "source_file": "2026-2027-sa-car-hire-city-09.docx",
    "url": "https://www.skyscanner.com.sa/car-hire-in/car-hire-in-bodrum/27539433.html",
    "candidate": "https://www.skyscanner.com.sa/car-hire-in/car-hire-in-bodrum/27539433.html"
  },
  {
    "text": "للحصول على أفضل سعر، يُنصح بحجز السيارة قبل 2 أسابيع من موعد الاستلام.",
    "issue": "The number '2' is incorrectly paired with the plural noun 'أسابيع' (weeks). Arabic grammar requires the dual form.",
    "type_of_issue": "Grammar",
    "solution": "Replace '2 أسابيع' with the correct dual form 'أسبوعين' (two weeks).",
    "updated_sentence": "للحصول على أفضل سعر، يُنصح بحجز السيارة قبل أسبوعين من موعد الاستلام.",
    "severity": "Minor",
    "score_deduction": 1,
    "source_file": "2026-2027-sa-car-hire-city-09.docx",
    "url": "https://www.skyscanner.com.sa/car-hire-in/car-hire-in-bodrum/27539433.html",
    "candidate": "https://www.skyscanner.com.sa/car-hire-in/car-hire-in-bodrum/27539433.html"
  },
  {
    "text": "وإذا كنت تفضل السيارات ذات الجير العادي، تقدم شركة أفيك كار رينتالز سيارة فورد فييستا ابتداءً من ‎163 ﷼ في اليوم.",
    "issue": "The currency symbol used (Saudi Riyal ﷼) is incorrect for the location (Bodrum, Turkey), which uses the Turkish Lira. This error pattern repeats for all prices mentioned in the paragraph.",
    "type_of_issue": "Accuracy",
    "solution": "Replace the incorrect Saudi Riyal symbol (﷼) with the correct Turkish Lira symbol (₺) for all prices.",
    "updated_sentence": "وإذا كنت تفضل السيارات ذات الجير العادي، تقدم شركة أفيك كار رينتالز سيارة فورد فييستا ابتداءً من ‎163 ₺ في اليوم.",
    "severity": "Major",
    "score_deduction": 3,
    "source_file": "2026-2027-sa-car-hire-city-09.docx",
    "url": "https://www.skyscanner.com.sa/car-hire-in/car-hire-in-bodrum/27539433.html",
    "candidate": "https://www.skyscanner.com.sa/car-hire-in/car-hire-in-bodrum/27539433.html"
  },
  {
    "text": "يتوفر في بودروم 6 مزودين لخدمات تأجير السيارات، من بينها «إيسنس» و«أفيك كار رينتالز» و«غارينتا». يُعدّ «إيسنس» الأكثر رواجًا بينها.",
    "issue": "The text uses guillemets (« ») for quoting, which violates the style guide requirement to use straight double quotation marks.",
    "type_of_issue": "Punctuation/Spelling/Typos",
    "solution": "Replace the guillemets (« ») with standard straight double quotation marks (\") for consistency with the style guide.",
    "updated_sentence": "يتوفر في بودروم 6 مزودين لخدمات تأجير السيارات، من بينها \"إيسنس\" و\"أفيك كار رينتالز\" و\"غارينتا\". يُعدّ \"إيسنس\" الأكثر رواجًا بينها.",
    "severity": "Minor",
    "score_deduction": 1,
    "source_file": "2026-2027-sa-car-hire-city-09.docx",
    "url": "https://www.skyscanner.com.sa/car-hire-in/car-hire-in-bodrum/27539433.html",
    "candidate": "https://www.skyscanner.com.sa/car-hire-in/car-hire-in-bodrum/27539433.html"
  },
  {
    "text": "تبلغ السرعة القصوى على الطرق السريعة 120 كم/س، وقد تصل إلى 140 كم/س على بعض المقاطع.",
    "issue": "Incorrect punctuation: The Latin comma (,) was used instead of the required Arabic comma (،). Pattern repeats in similar sentences.",
    "type_of_issue": "Punctuation/Spelling/Typos",
    "solution": "Replace the Latin comma with the Arabic comma (،) as per the locale's typographic rules.",
    "updated_sentence": "تبلغ السرعة القصوى على الطرق السريعة 120 كم/س، وقد تصل إلى 140 كم/س على بعض المقاطع.",
    "severity": "Minor",
    "score_deduction": 1,
    "source_file": "2026-2027-sa-car-hire-city-09.docx",
    "url": "https://www.skyscanner.com.sa/car-hire-in/car-hire-in-bodrum/27539433.html",
    "candidate": "https://www.skyscanner.com.sa/car-hire-in/car-hire-in-bodrum/27539433.html"
  },
  {
    "text": "تبدأ أسعار استئجار السيارات في براتو من 123 ﷼ للحجز الواحد، بينما يبلغ المتوسط السنوي 151 ﷼.",
    "issue": "The currency symbol for the Saudi Riyal (﷼) is used for Prato, Italy, where the correct currency is the Euro.",
    "type_of_issue": "Accuracy",
    "solution": "Replace the Saudi Riyal symbols (﷼) with the word for Euro (يورو).",
    "updated_sentence": "تبدأ أسعار استئجار السيارات في براتو من 123 يورو للحجز الواحد، بينما يبلغ المتوسط السنوي 151 يورو.",
    "severity": "Major",
    "score_deduction": 3,
    "source_file": "2026-2027-sa-car-hire-city-09.docx",
    "url": "https://www.skyscanner.com.sa/car-hire-in/car-hire-in-prato/30361689.html",
    "candidate": "https://www.skyscanner.com.sa/car-hire-in/car-hire-in-prato/30361689.html"
  },
  {
    "text": "تحصل على أفضل الأسعار عند إتمام الحجز قبل 2 أسابيع من موعد الاستلام.",
    "issue": "In Arabic grammar, the number 2 requires the dual noun form, not the plural. The number itself is also redundant when using the dual form.",
    "type_of_issue": "Grammar",
    "solution": "Replace '2 أسابيع' with the correct dual form 'أسبوعين'.",
    "updated_sentence": "تحصل على أفضل الأسعار عند إتمام الحجز قبل أسبوعين من موعد الاستلام.",
    "severity": "Minor",
    "score_deduction": 1,
    "source_file": "2026-2027-sa-car-hire-city-09.docx",
    "url": "https://www.skyscanner.com.sa/car-hire-in/car-hire-in-prato/30361689.html",
    "candidate": "https://www.skyscanner.com.sa/car-hire-in/car-hire-in-prato/30361689.html"
  },
  {
    "text": "قارن بين العروض المتاحة من مختلف مزودي الخدمة، وراجع شروط كل عرض بدقة لتجنب رسومًا إضافية قد تُضاف إلى المبلغ الأساسي عند الاستلام أو الإرجاع.",
    "issue": "The noun 'رسومًا' is in the incorrect accusative case; as the object of the verbal noun 'تجنب', it must be in the genitive case.",
    "type_of_issue": "Grammar",
    "solution": "Change 'رسومًا إضافية' to the correct genitive case 'رسومٍ إضافيةٍ'.",
    "updated_sentence": "قارن بين العروض المتاحة من مختلف مزودي الخدمة، وراجع شروط كل عرض بدقة لتجنب رسومٍ إضافيةٍ قد تُضاف إلى المبلغ الأساسي عند الاستلام أو الإرجاع.",
    "severity": "Minor",
    "score_deduction": 1,
    "source_file": "2026-2027-sa-car-hire-city-09.docx",
    "url": "https://www.skyscanner.com.sa/car-hire-in/car-hire-in-prato/30361689.html",
    "candidate": "https://www.skyscanner.com.sa/car-hire-in/car-hire-in-prato/30361689.html"
  },
  {
    "text": "تقدّم شركة جرين موشن سيارة فيات باندا بجير عادي ابتداءً من ‎123 ﷼ في اليوم، وهي مناسبة للتنقل الخفيف.",
    "issue": "The currency for Prato (Italy) is incorrectly shown as Saudi Riyal (﷼) instead of Euro (€). This error repeats for all prices mentioned in the text.",
    "type_of_issue": "Accuracy",
    "solution": "Replace the Saudi Riyal symbol (﷼) with the Euro symbol (€) for all prices.",
    "updated_sentence": "تقدّم شركة جرين موشن سيارة فيات باندا بجير عادي ابتداءً من 123 € في اليوم، وهي مناسبة للتنقل الخفيف.",
    "severity": "Major",
    "score_deduction": 3,
    "source_file": "2026-2027-sa-car-hire-city-09.docx",
    "url": "https://www.skyscanner.com.sa/car-hire-in/car-hire-in-prato/30361689.html",
    "candidate": "https://www.skyscanner.com.sa/car-hire-in/car-hire-in-prato/30361689.html"
  },
  {
    "text": "عند مقارنة الأسعار اليومية، يميل استلام السيارة من المطار إلى أن يكون أقل تكلفة من الاستلام في وسط المدينة.",
    "issue": "The text uses a Latin comma (,) instead of the required Arabic comma (،) as per the style guide.",
    "type_of_issue": "Punctuation/Spelling/Typos",
    "solution": "Replace the Latin comma with the correct Arabic comma (،).",
    "updated_sentence": "عند مقارنة الأسعار اليومية، يميل استلام السيارة من المطار إلى أن يكون أقل تكلفة من الاستلام في وسط المدينة.",
    "severity": "Minor",
    "score_deduction": 1,
    "source_file": "2026-2027-sa-car-hire-city-09.docx",
    "url": "https://www.skyscanner.com.sa/car-hire-in/car-hire-in-prato/30361689.html",
    "candidate": "https://www.skyscanner.com.sa/car-hire-in/car-hire-in-prato/30361689.html"
  },
  {
    "text": "تبدأ أسعار استئجار السيارات في شيكاغو من 45 ﷼ لليوم الواحد، بينما يبلغ المتوسط السنوي 338 ﷼.",
    "issue": "The currency symbol used is for the Saudi Riyal (﷼), which is incorrect for Chicago, a US location. The US Dollar symbol ($) should be used.",
    "type_of_issue": "Accuracy",
    "solution": "Replace the Saudi Riyal symbol (﷼) with the US Dollar symbol ($) in both instances.",
    "updated_sentence": "تبدأ أسعار استئجار السيارات في شيكاغو من 45 $ لليوم الواحد، بينما يبلغ المتوسط السنوي 338 $.",
    "severity": "Major",
    "score_deduction": 3,
    "source_file": "2026-2027-sa-car-hire-city-09.docx",
    "url": "https://www.skyscanner.com.sa/car-hire-in/car-hire-in-chicago/27544891.html",
    "candidate": "https://www.skyscanner.com.sa/car-hire-in/car-hire-in-chicago/27544891.html"
  },
  {
    "text": "ولضمان صفقة مناسبة، احجز قبل 2 أسابيع من موعد سفرك.",
    "issue": "The phrase '2 أسابيع' is grammatically incorrect. In Arabic, the dual form 'أسبوعين' should be used for the number two, and the numeral itself is omitted.",
    "type_of_issue": "Grammar",
    "solution": "Replace '2 أسابيع' with the correct dual form 'أسبوعين'.",
    "updated_sentence": "ولضمان صفقة مناسبة، احجز قبل أسبوعين من موعد سفرك.",
    "severity": "Minor",
    "score_deduction": 1,
    "source_file": "2026-2027-sa-car-hire-city-09.docx",
    "url": "https://www.skyscanner.com.sa/car-hire-in/car-hire-in-chicago/27544891.html",
    "candidate": "https://www.skyscanner.com.sa/car-hire-in/car-hire-in-chicago/27544891.html"
  },
  {
    "text": "تُعدّ سيارة نيسان روغ الخيار الأكثر رواجًا بين المسافرين في شيكاغو، إذ تتميز برحابتها وطابعها العملي وملاءمتها للعائلات. وإذا كنت تفضّل خيارًا اقتصاديًا، توفر سيكست سيارة تويوتا كامري بناقل حركة أوتوماتيكي ابتداءً من 45 ﷼ في اليوم. وتطرح روتس كار رينتال سيارة تويوتا كورولا بناقل حركة أوتوماتيكي ابتداءً من 179 ﷼ في اليوم. أما ثريفتي فتقدّم سيارة شيفروليه تراكس بناقل حركة أوتوماتيكي ابتداءً من 192 ﷼ في اليوم. يمكنك الموازنة بين هذه الخيارات وفق عدد الركاب وحجم الأمتعة الذي يناسب رحلتك.",
    "issue": "The currency symbol for Saudi Riyal (﷼) is used for prices in Chicago, USA. The correct currency for this location is the US Dollar ($).",
    "type_of_issue": "Accuracy",
    "solution": "Replace all instances of the Saudi Riyal symbol (﷼) with the US Dollar symbol ($) to reflect the correct currency for Chicago.",
    "updated_sentence": "تُعدّ سيارة نيسان روغ الخيار الأكثر رواجًا بين المسافرين في شيكاغو، إذ تتميز برحابتها وطابعها العملي وملاءمتها للعائلات. وإذا كنت تفضّل خيارًا اقتصاديًا، توفر سيكست سيارة تويوتا كامري بناقل حركة أوتوماتيكي ابتداءً من 45 $ في اليوم. وتطرح روتس كار رينتال سيارة تويوتا كورولا بناقل حركة أوتوماتيكي ابتداءً من 179 $ في اليوم. أما ثريفتي فتقدّم سيارة شيفروليه تراكس بناقل حركة أوتوماتيكي ابتداءً من 192 $ في اليوم. يمكنك الموازنة بين هذه الخيارات وفق عدد الركاب وحجم الأمتعة الذي يناسب رحلتك.",
    "severity": "Major",
    "score_deduction": 3,
    "source_file": "2026-2027-sa-car-hire-city-09.docx",
    "url": "https://www.skyscanner.com.sa/car-hire-in/car-hire-in-chicago/27544891.html",
    "candidate": "https://www.skyscanner.com.sa/car-hire-in/car-hire-in-chicago/27544891.html"
  },
  {
    "text": "تتراوح السرعة القصوى على الطرق السريعة بين 105 و121 كم/س، بينما تتراوح على الطرق السيارة بين 89 و113 كم/س.",
    "issue": "The text provides speed limits for driving in the USA using only km/h. Road signs in the USA use miles per hour (mph), making the information impractical and confusing. The primary unit of the destination country is missing. This pattern repeats in subsequent sentences.",
    "type_of_issue": "Compliance",
    "solution": "Rewrite the sentence to show the speed in mph as the primary unit, with the km/h conversion in parentheses.",
    "updated_sentence": "تتراوح السرعة القصوى على الطرق السريعة بين 65 و75 ميلاً في الساعة (105 و121 كم/س)، بينما تتراوح على الطرق السيارة بين 55 و70 ميلاً في الساعة (89 و113 كم/س).",
    "severity": "Major",
    "score_deduction": 3,
    "source_file": "2026-2027-sa-car-hire-city-09.docx",
    "url": "https://www.skyscanner.com.sa/car-hire-in/car-hire-in-chicago/27544891.html",
    "candidate": "https://www.skyscanner.com.sa/car-hire-in/car-hire-in-chicago/27544891.html"
  },
  {
    "text": "تبدأ أسعار استئجار السيارات في كوتشي من 153 ﷼، بينما يبلغ المتوسط السنوي 199 ﷼.",
    "issue": "The currency symbol '﷼' (Saudi Riyal) is used for Kochi, India, where the official currency is the Indian Rupee (₹).",
    "type_of_issue": "Accuracy",
    "solution": "Replace the incorrect Saudi Riyal symbol (﷼) with the correct Indian Rupee symbol (₹).",
    "updated_sentence": "تبدأ أسعار استئجار السيارات في كوتشي من 153 ₹، بينما يبلغ المتوسط السنوي 199 ₹.",
    "severity": "Major",
    "score_deduction": 3,
    "source_file": "2026-2027-sa-car-hire-city-09.docx",
    "url": "https://www.skyscanner.com.sa/car-hire-in/car-hire-in-kochi/27543129.html",
    "candidate": "https://www.skyscanner.com.sa/car-hire-in/car-hire-in-kochi/27543129.html"
  },
  {
    "text": "ولتحصل على أفضل سعر، احجز سيارتك قبل 2 أسابيع من موعد استلامها.",
    "issue": "The numeral '2' is incorrectly paired with the plural noun 'أسابيع'. In Arabic, the dual form 'أسبوعين' is required for the number two.",
    "type_of_issue": "Grammar",
    "solution": "Change '2 أسابيع' to the grammatically correct dual form 'أسبوعين', which makes the numeral redundant.",
    "updated_sentence": "ولتحصل على أفضل سعر، احجز سيارتك قبل أسبوعين من موعد استلامها.",
    "severity": "Minor",
    "score_deduction": 1,
    "source_file": "2026-2027-sa-car-hire-city-09.docx",
    "url": "https://www.skyscanner.com.sa/car-hire-in/car-hire-in-kochi/27543129.html",
    "candidate": "https://www.skyscanner.com.sa/car-hire-in/car-hire-in-kochi/27543129.html"
  },
  {
    "text": "تتوفر هذه السيارة عبر مزود أوريكس بناقل حركة أوتوماتيك ابتداءً من 333 ﷼ في اليوم، مع خيار الإلغاء المجاني. وإذا كنت تبحث عن سعر أقل، يقدم أوريكس سيارة ميتسوبيشي ميراج بناقل حركة أوتوماتيك ابتداءً من 287 ﷼ في اليوم. أما لمن يحتاج مساحة أوسع لخمسة ركاب، فتتوفر هوندا أكورد بناقل حركة أوتوماتيك ابتداءً من 361 ﷼ في اليوم عبر المزود نفسه.",
    "issue": "The currency is incorrect for the location; Saudi Riyal (﷼) is used for Kochi, India, instead of the Indian Rupee (₹). This error repeats for all prices.",
    "type_of_issue": "Accuracy",
    "solution": "Replace all instances of the Saudi Riyal symbol (﷼) with the correct Indian Rupee symbol (₹).",
    "updated_sentence": "تتوفر هذه السيارة عبر مزود أوريكس بناقل حركة أوتوماتيك ابتداءً من 333 ₹ في اليوم، مع خيار الإلغاء المجاني. وإذا كنت تبحث عن سعر أقل، يقدم أوريكس سيارة ميتسوبيشي ميراج بناقل حركة أوتوماتيك ابتداءً من 287 ₹ في اليوم. أما لمن يحتاج مساحة أوسع لخمسة ركاب، فتتوفر هوندا أكورد بناقل حركة أوتوماتيك ابتداءً من 361 ₹ في اليوم عبر المزود نفسه.",
    "severity": "Major",
    "score_deduction": 3,
    "source_file": "2026-2027-sa-car-hire-city-09.docx",
    "url": "https://www.skyscanner.com.sa/car-hire-in/car-hire-in-kochi/27543129.html",
    "candidate": "https://www.skyscanner.com.sa/car-hire-in/car-hire-in-kochi/27543129.html"
  },
  {
    "text": "ويتيح لك كلا الموقعين استلام السيارة والانطلاق مباشرةً إلى وجهتك داخل المدينة أو خارجها",
    "issue": "The paragraph is missing the final full stop.",
    "type_of_issue": "Punctuation/Spelling/Typos",
    "solution": "Add a full stop at the end of the sentence to properly terminate the paragraph.",
    "updated_sentence": "ويتيح لك كلا الموقعين استلام السيارة والانطلاق مباشرةً إلى وجهتك داخل المدينة أو خارجها.",
    "severity": "Minor",
    "score_deduction": 1,
    "source_file": "2026-2027-sa-car-hire-city-09.docx",
    "url": "https://www.skyscanner.com.sa/car-hire-in/car-hire-in-kochi/27543129.html",
    "candidate": "https://www.skyscanner.com.sa/car-hire-in/car-hire-in-kochi/27543129.html"
  },
  {
    "text": "يبدأ سعر تأجير السيارات في سمرقند من 145 ﷼، بينما يبلغ المتوسط السنوي 171 ﷼.",
    "issue": "The currency symbol used (﷼, SAR) is incorrect for the specified location (Samarkand, Uzbekistan), which uses the Uzbekistani soʻm.",
    "type_of_issue": "Accuracy",
    "solution": "Replace the incorrect currency symbol '﷼' with the name of the local currency, 'سوم'.",
    "updated_sentence": "يبدأ سعر تأجير السيارات في سمرقند من 145 سوم، بينما يبلغ المتوسط السنوي 171 سوم.",
    "severity": "Major",
    "score_deduction": 3,
    "source_file": "2026-2027-sa-car-hire-city-09.docx",
    "url": "https://www.skyscanner.com.sa/car-hire-in/car-hire-in-samarkand/27550270.html",
    "candidate": "https://www.skyscanner.com.sa/car-hire-in/car-hire-in-samarkand/27550270.html"
  },
  {
    "text": "تتوفر لدى شركة سيكست سيارة شيفروليه أفيو أو ما يشابهها بناقل حركة أوتوماتيك ابتداءً من ‎145 ﷼ في اليوم. وتعرض شركة يوروب كار سيارة شيفروليه سبارك أو ما يشابهها بناقل حركة أوتوماتيك ابتداءً من ‎153 ﷼ في اليوم. أما إذا رغبت في فئة أكبر، فتقدّم شركة ثريفتي سيارة شيفروليه ماليبو أو ما يشابهها بناقل حركة أوتوماتيك ابتداءً من ‎358 ﷼ في اليوم، وتتّسع جميعها لخمسة ركاب.",
    "issue": "The currency symbol for Saudi Riyal (﷼) is incorrectly used for prices in Samarkand, Uzbekistan, which could mislead the user about the cost.",
    "type_of_issue": "Accuracy",
    "solution": "Replace the incorrect Saudi Riyal symbol (﷼) with the appropriate currency ISO code for Uzbekistan (UZS) for all prices mentioned.",
    "updated_sentence": "تتوفر لدى شركة سيكست سيارة شيفروليه أفيو أو ما يشابهها بناقل حركة أوتوماتيك ابتداءً من 145 UZS في اليوم. وتعرض شركة يوروب كار سيارة شيفروليه سبارك أو ما يشابهها بناقل حركة أوتوماتيك ابتداءً من 153 UZS في اليوم. أما إذا رغبت في فئة أكبر، فتقدّم شركة ثريفتي سيارة شيفروليه ماليبو أو ما يشابهها بناقل حركة أوتوماتيك ابتداءً من 358 UZS في اليوم، وتتّسع جميعها لخمسة ركاب.",
    "severity": "Major",
    "score_deduction": 3,
    "source_file": "2026-2027-sa-car-hire-city-09.docx",
    "url": "https://www.skyscanner.com.sa/car-hire-in/car-hire-in-samarkand/27550270.html",
    "candidate": "https://www.skyscanner.com.sa/car-hire-in/car-hire-in-samarkand/27550270.html"
  },
  {
    "text": "يمنحك هذا الموقع مرونةً في تنظيم رحلتك داخل سمرقند وما حولها، مع إمكانية اختيار السيارة التي تناسب احتياجاتك عند نقطة الاستلام",
    "issue": "The sentence is missing the required terminal punctuation (a period) at the end.",
    "type_of_issue": "Punctuation/Spelling/Typos",
    "solution": "Add a period to the end of the sentence to correctly terminate it.",
    "updated_sentence": "يمنحك هذا الموقع مرونةً في تنظيم رحلتك داخل سمرقند وما حولها، مع إمكانية اختيار السيارة التي تناسب احتياجاتك عند نقطة الاستلام.",
    "severity": "Minor",
    "score_deduction": 1,
    "source_file": "2026-2027-sa-car-hire-city-09.docx",
    "url": "https://www.skyscanner.com.sa/car-hire-in/car-hire-in-samarkand/27550270.html",
    "candidate": "https://www.skyscanner.com.sa/car-hire-in/car-hire-in-samarkand/27550270.html"
  },
  {
    "text": "تبدأ أسعار استئجار السيارات في ميكونوس من ١٤٨ ﷼ في أدنى مستوياتها، بينما يبلغ المتوسط السنوي نحو ٢٢٠ ﷼.",
    "issue": "The currency used is the Saudi Riyal (﷼) for a location in Greece (Mykonos), which is incorrect. The currency for Greece is the Euro (€).",
    "type_of_issue": "Accuracy",
    "solution": "Replace the Saudi Riyal symbol (﷼) with the Euro symbol (€) to reflect the correct local currency.",
    "updated_sentence": "تبدأ أسعار استئجار السيارات في ميكونوس من ١٤٨ € في أدنى مستوياتها، بينما يبلغ المتوسط السنوي نحو ٢٢٠ €.",
    "severity": "Major",
    "score_deduction": 3,
    "source_file": "2026-2027-sa-car-hire-city-09.docx",
    "url": "https://www.skyscanner.com.sa/car-hire-in/car-hire-in-mykonos/38304360.html",
    "candidate": "https://www.skyscanner.com.sa/car-hire-in/car-hire-in-mykonos/38304360.html"
  },
  {
    "text": "راجع شروط الاستئجار بعنايةٍ لتجنّب دفع رسومًا إضافية عند الاستلام أو التسليم، وانتبه إلى تفاصيل التأمين وحدود المسافة المسموح بها.",
    "issue": "Incorrect grammatical case. The object of the verbal noun 'دفع' (paying) should be in the genitive case (دفعِ رسومٍ), not the accusative case (دفع رسومًا).",
    "type_of_issue": "Grammar",
    "solution": "Change the case of 'رسومًا' and its adjective 'إضافية' from accusative to genitive to form a grammatically correct construct state (idafa).",
    "updated_sentence": "راجع شروط الاستئجار بعنايةٍ لتجنّب دفع رسومٍ إضافيةٍ عند الاستلام أو التسليم، وانتبه إلى تفاصيل التأمين وحدود المسافة المسموح بها.",
    "severity": "Minor",
    "score_deduction": 1,
    "source_file": "2026-2027-sa-car-hire-city-09.docx",
    "url": "https://www.skyscanner.com.sa/car-hire-in/car-hire-in-mykonos/38304360.html",
    "candidate": "https://www.skyscanner.com.sa/car-hire-in/car-hire-in-mykonos/38304360.html"
  },
  {
    "text": "تتوفَّر هذه السيارة لدى شركة لِتس درايف بناقل حركة يدوي بسعر يبدأ من 148 ﷼ في اليوم.",
    "issue": "The currency symbol is incorrect for the location (Mykonos, Greece); it should be Euro (€), not Saudi Riyal (﷼). This error pattern repeats for all prices.",
    "type_of_issue": "Accuracy",
    "solution": "Replace the Saudi Riyal symbol (﷼) with the Euro symbol (€) in all instances.",
    "updated_sentence": "تتوفَّر هذه السيارة لدى شركة لِتس درايف بناقل حركة يدوي بسعر يبدأ من 148 € في اليوم.",
    "severity": "Major",
    "score_deduction": 3,
    "source_file": "2026-2027-sa-car-hire-city-09.docx",
    "url": "https://www.skyscanner.com.sa/car-hire-in/car-hire-in-mykonos/38304360.html",
    "candidate": "https://www.skyscanner.com.sa/car-hire-in/car-hire-in-mykonos/38304360.html"
  },
  {
    "text": "تسير حركة المرور في اليونان على الجانب الأيمن من الطريق. تبلغ السرعة القصوى على الطرق السريعة 120 كم/س، بينما تنخفض على الطرق السريعة المحدودة إلى 90 كم/س. تُطبَّق السرعة نفسها البالغة 90 كم/س على الطرق الريفية، في حين تقتصر السرعة على الطرق الأخرى داخل المناطق العمرانية على 50 كم/س. تعتمد اليونان نظام رسوم مغلقاً على الطرق السريعة تُديره عدة شركات امتياز خاصة، ويدفع السائقون الرسوم نقداً أو بالبطاقة أو عبر أجهزة الإرسال الإلكترونية عند نقاط التحصيل بحسب المسافة المقطوعة. راعِ هذه الحدود عند التنقل بين المدن.",
    "issue": "The final sentence of the paragraph is missing a terminal period.",
    "type_of_issue": "Punctuation/Spelling/Typos",
    "solution": "Add a period at the end of the final sentence.",
    "updated_sentence": "تسير حركة المرور في اليونان على الجانب الأيمن من الطريق. تبلغ السرعة القصوى على الطرق السريعة 120 كم/س، بينما تنخفض على الطرق السريعة المحدودة إلى 90 كم/س. تُطبَّق السرعة نفسها البالغة 90 كم/س على الطرق الريفية، في حين تقتصر السرعة على الطرق الأخرى داخل المناطق العمرانية على 50 كم/س. تعتمد اليونان نظام رسوم مغلقاً على الطرق السريعة تُديره عدة شركات امتياز خاصة، ويدفع السائقون الرسوم نقداً أو بالبطاقة أو عبر أجهزة الإرسال الإلكترونية عند نقاط التحصيل بحسب المسافة المقطوعة. راعِ هذه الحدود عند التنقل بين المدن.",
    "severity": "Minor",
    "score_deduction": 1,
    "source_file": "2026-2027-sa-car-hire-city-09.docx",
    "url": "https://www.skyscanner.com.sa/car-hire-in/car-hire-in-mykonos/38304360.html",
    "candidate": "https://www.skyscanner.com.sa/car-hire-in/car-hire-in-mykonos/38304360.html"
  },
  {
    "text": "تبدأ أسعار استئجار السيارات في كوتشي من 174 ﷼، بينما يبلغ المتوسط السنوي للأسعار 555 ﷼.",
    "issue": "The currency symbol used (﷼, Saudi Riyal) is incorrect for the specified location, Kochi, which is in India.",
    "type_of_issue": "Accuracy",
    "solution": "Replace the incorrect currency symbol '﷼' with the appropriate currency for India, 'روبية هندية'.",
    "updated_sentence": "تبدأ أسعار استئجار السيارات في كوتشي من 174 روبية هندية، بينما يبلغ المتوسط السنوي للأسعار 555 روبية هندية.",
    "severity": "Major",
    "score_deduction": 3,
    "source_file": "2026-2027-sa-car-hire-city-09.docx",
    "url": "https://www.skyscanner.com.sa/car-hire-in/car-hire-in-kochi/27539883.html",
    "candidate": "https://www.skyscanner.com.sa/car-hire-in/car-hire-in-kochi/27539883.html"
  },
  {
    "text": "راجع شروط الاستئجار بعناية لتجنب رسومًا إضافية قد تُضاف عند الاستلام أو الإرجاع في المدينة.",
    "issue": "The adjective 'إضافية' does not have the correct accusative case ending (tanwin fatha) to agree with the noun 'رسومًا'.",
    "type_of_issue": "Grammar",
    "solution": "Add the tanwin fatha to the adjective 'إضافية' to make it 'إضافيةً', ensuring correct grammatical agreement.",
    "updated_sentence": "راجع شروط الاستئجار بعناية لتجنب رسومًا إضافيةً قد تُضاف عند الاستلام أو الإرجاع في المدينة.",
    "severity": "Minor",
    "score_deduction": 1,
    "source_file": "2026-2027-sa-car-hire-city-09.docx",
    "url": "https://www.skyscanner.com.sa/car-hire-in/car-hire-in-kochi/27539883.html",
    "candidate": "https://www.skyscanner.com.sa/car-hire-in/car-hire-in-kochi/27539883.html"
  },
  {
    "text": "عند المقارنة بين العروض المتاحة، تقدّم شركة أفيس سيارة فولكس فاجن باسات بناقل حركة عادي ابتداءً من 174 ﷼ في اليوم، وهي مناسبة لخمسة ركاب مع سعة لأربع حقائب.",
    "issue": "The currency symbol is for the Saudi Riyal (﷼) but the location is Kochi, India, which requires the Indian Rupee (₹). This error pattern repeats throughout the text.",
    "type_of_issue": "Accuracy",
    "solution": "Replace all instances of the Saudi Riyal symbol (﷼) with the Indian Rupee symbol (₹).",
    "updated_sentence": "عند المقارنة بين العروض المتاحة، تقدّم شركة أفيس سيارة فولكس فاجن باسات بناقل حركة عادي ابتداءً من 174 ₹ في اليوم، وهي مناسبة لخمسة ركاب مع سعة لأربع حقائب.",
    "severity": "Major",
    "score_deduction": 3,
    "source_file": "2026-2027-sa-car-hire-city-09.docx",
    "url": "https://www.skyscanner.com.sa/car-hire-in/car-hire-in-kochi/27539883.html",
    "candidate": "https://www.skyscanner.com.sa/car-hire-in/car-hire-in-kochi/27539883.html"
  },
  {
    "text": "أما من يفضّل خيارًا كهربائيًا، فتتيح شركة أفيس سيارة هوندا إي بناقل حركة عادي ابتداءً من 263 ﷼ في اليوم.",
    "issue": "An electric vehicle is incorrectly described as having a manual transmission ('بناقل حركة عادي'), which is technically impossible.",
    "type_of_issue": "Accuracy",
    "solution": "Change the transmission type from 'عادي' (manual) to 'أوتوماتيك' (automatic).",
    "updated_sentence": "أما من يفضّل خيارًا كهربائيًا، فتتيح شركة أفيس سيارة هوندا إي بناقل حركة أوتوماتيك ابتداءً من 263 ₹ في اليوم.",
    "severity": "Major",
    "score_deduction": 3,
    "source_file": "2026-2027-sa-car-hire-city-09.docx",
    "url": "https://www.skyscanner.com.sa/car-hire-in/car-hire-in-kochi/27539883.html",
    "candidate": "https://www.skyscanner.com.sa/car-hire-in/car-hire-in-kochi/27539883.html"
  },
  {
    "text": "تبلغ السرعة القصوى على الطرق السريعة الرئيسية 120 كم/س، بينما تنخفض على الطرق السريعة السريعة إلى 60 كم/س.",
    "issue": "The sentence presents a logical contradiction by assigning a low speed limit of 60 km/h to 'fast highways' (الطرق السريعة السريعة), which is slower than rural roads, and uses an awkward, repetitive term for the road type.",
    "type_of_issue": "Accuracy",
    "solution": "Clarify the road type to logically justify the lower speed limit (e.g., as urban expressways) and correct the awkward terminology.",
    "updated_sentence": "تبلغ السرعة القصوى على الطرق السريعة الرئيسية 120 كم/س، بينما تنخفض على الطرق السريعة داخل المدن إلى 60 كم/س.",
    "severity": "Major",
    "score_deduction": 3,
    "source_file": "2026-2027-sa-car-hire-city-09.docx",
    "url": "https://www.skyscanner.com.sa/car-hire-in/car-hire-in-kochi/27539883.html",
    "candidate": "https://www.skyscanner.com.sa/car-hire-in/car-hire-in-kochi/27539883.html"
  },
  {
    "text": "تبدأ أسعار استئجار السيارات في كولونيا من 147 ﷼، بينما يبلغ المتوسط السنوي للأسعار 216 ﷼.",
    "issue": "The currency symbol used (﷼ for Saudi Riyal) is incorrect for the location (Cologne, Germany), which uses the Euro.",
    "type_of_issue": "Accuracy",
    "solution": "Replace the Saudi Riyal symbol (﷼) with the Euro symbol (€) to match the location.",
    "updated_sentence": "تبدأ أسعار استئجار السيارات في كولونيا من 147 €، بينما يبلغ المتوسط السنوي للأسعار 216 €.",
    "severity": "Major",
    "score_deduction": 3,
    "source_file": "2026-2027-sa-car-hire-city-10.docx",
    "url": "https://www.skyscanner.com.sa/car-hire-in/car-hire-in-cologne/34235350.html",
    "candidate": "https://www.skyscanner.com.sa/car-hire-in/car-hire-in-cologne/34235350.html"
  },
  {
    "text": "تعرض شركة إنتربرايز سيارة سيات أرونا بجير عادي ابتداءً من ‎147 ﷼ في اليوم، وهي من الفئات المنخفضة السعر. وتوفّر شركة فليكس تو جو سيارة تويوتا آيجو بجير عادي ابتداءً من ‎150 ﷼ في اليوم. أما إن رغبت في مساحة أوسع، فتقدّم إنتربرايز سيارة سكودا أوكتافيا بجير عادي ابتداءً من ‎175 ﷼ في اليوم.",
    "issue": "The currency symbol for the Saudi Riyal (﷼) is used for prices in Cologne, Germany, where the correct currency is the Euro (€).",
    "type_of_issue": "Accuracy",
    "solution": "Replace all instances of the Saudi Riyal symbol (﷼) with the Euro symbol (€).",
    "updated_sentence": "تعرض شركة إنتربرايز سيارة سيات أرونا بجير عادي ابتداءً من ‎147 € في اليوم، وهي من الفئات المنخفضة السعر. وتوفّر شركة فليكس تو جو سيارة تويوتا آيجو بجير عادي ابتداءً من ‎150 € في اليوم. أما إن رغبت في مساحة أوسع، فتقدّم إنتربرايز سيارة سكودا أوكتافيا بجير عادي ابتداءً من ‎175 € في اليوم.",
    "severity": "Major",
    "score_deduction": 3,
    "source_file": "2026-2027-sa-car-hire-city-10.docx",
    "url": "https://www.skyscanner.com.sa/car-hire-in/car-hire-in-cologne/34235350.html",
    "candidate": "https://www.skyscanner.com.sa/car-hire-in/car-hire-in-cologne/34235350.html"
  },
  {
    "text": "يبدأ سعر استئجار السيارات في كامبردج من 157 ﷼، بينما يبلغ المتوسط السنوي 199 ﷼.",
    "issue": "The currency symbol used is for the Saudi Riyal (﷼), but the location is Cambridge, UK, which uses the British Pound (£).",
    "type_of_issue": "Accuracy",
    "solution": "Replace the Saudi Riyal symbol (﷼) with the British Pound symbol (£) to match the location.",
    "updated_sentence": "يبدأ سعر استئجار السيارات في كامبردج من 157 £، بينما يبلغ المتوسط السنوي 199 £.",
    "severity": "Major",
    "score_deduction": 3,
    "source_file": "2026-2027-sa-car-hire-city-10.docx",
    "url": "https://www.skyscanner.com.sa/car-hire-in/car-hire-in-cambridge/27539698.html",
    "candidate": "https://www.skyscanner.com.sa/car-hire-in/car-hire-in-cambridge/27539698.html"
  },
  {
    "text": "وإذا رغبت في بدائل أخرى، فيمكنك استئجار سيارة بيجو 208 بجير عادي من سيكست ابتداءً من ‎257 ﷼ في اليوم، وهي تتَّسع لخمسة ركاب.",
    "issue": "The currency symbol is incorrect for the location. The text uses Saudi Riyal (﷼) for prices in Cambridge, UK, which should be Pound Sterling (£). This pattern repeats for all prices.",
    "type_of_issue": "Accuracy",
    "solution": "Replace the incorrect Saudi Riyal (﷼) symbol with the correct Pound Sterling (£) symbol.",
    "updated_sentence": "وإذا رغبت في بدائل أخرى، فيمكنك استئجار سيارة بيجو 208 بجير عادي من سيكست ابتداءً من ‎257 £ في اليوم، وهي تتَّسع لخمسة ركاب.",
    "severity": "Major",
    "score_deduction": 3,
    "source_file": "2026-2027-sa-car-hire-city-10.docx",
    "url": "https://www.skyscanner.com.sa/car-hire-in/car-hire-in-cambridge/27539698.html",
    "candidate": "https://www.skyscanner.com.sa/car-hire-in/car-hire-in-cambridge/27539698.html"
  },
  {
    "text": "تتوفر في كامبردج ستة مزودين لخدمات تأجير السيارات.",
    "issue": "The verb 'تتوفر' is in the feminine form, but the subject it refers to, 'ستة مزودين' (six providers), is masculine.",
    "type_of_issue": "Grammar",
    "solution": "Change the verb to its masculine form 'يتوفر' to agree with the gender of the subject.",
    "updated_sentence": "يتوفر في كامبردج ستة مزودين لخدمات تأجير السيارات.",
    "severity": "Minor",
    "score_deduction": 1,
    "source_file": "2026-2027-sa-car-hire-city-10.docx",
    "url": "https://www.skyscanner.com.sa/car-hire-in/car-hire-in-cambridge/27539698.html",
    "candidate": "https://www.skyscanner.com.sa/car-hire-in/car-hire-in-cambridge/27539698.html"
  },
  {
    "text": "تبلغ السرعة القصوى على الطرق السريعة والطرق العابرة 112 كم/س، بينما تنخفض على الطرق الريفية إلى 96 كم/س. أما في الطرق الأخرى فتتراوح بين 32 و48 كم/س حسب المنطقة.",
    "issue": "The text provides UK speed limits only in km/h, omitting the primary unit (mph) used on all UK road signs. This is misleading for drivers who will only see signs in mph. This pattern repeats for all speed limits mentioned.",
    "type_of_issue": "Compliance",
    "solution": "State the speed limits in their original mph units first, followed by the km/h conversion in parentheses to provide accurate context for drivers.",
    "updated_sentence": "تبلغ السرعة القصوى على الطرق السريعة والطرق العابرة 70 ميلاً في الساعة (112 كم/س)، بينما تنخفض على الطرق الريفية إلى 60 ميلاً في الساعة (96 كم/س). أما في الطرق الأخرى فتتراوح بين 20 ميلاً في الساعة (32 كم/س) و30 ميلاً في الساعة (48 كم/س) حسب المنطقة.",
    "severity": "Major",
    "score_deduction": 3,
    "source_file": "2026-2027-sa-car-hire-city-10.docx",
    "url": "https://www.skyscanner.com.sa/car-hire-in/car-hire-in-cambridge/27539698.html",
    "candidate": "https://www.skyscanner.com.sa/car-hire-in/car-hire-in-cambridge/27539698.html"
  },
  {
    "text": "تبدأ أسعار استئجار السيارات في تبليسي من ‎125 ﷼، بينما يبلغ المتوسط السنوي 186 ﷼.",
    "issue": "The currency is incorrectly listed as Saudi Riyal (SAR) for Tbilisi, Georgia, where the local currency is the Georgian Lari (GEL).",
    "type_of_issue": "Accuracy",
    "solution": "Replace the Saudi Riyal symbol (﷼) with the local currency, 'لاري جورجي'.",
    "updated_sentence": "تبدأ أسعار استئجار السيارات في تبليسي من ‎125 لاري جورجي، بينما يبلغ المتوسط السنوي 186 لاري جورجي.",
    "severity": "Major",
    "score_deduction": 3,
    "source_file": "2026-2027-sa-car-hire-city-10.docx",
    "url": "https://www.skyscanner.com.sa/car-hire-in/car-hire-in-tbilisi/27547139.html",
    "candidate": "https://www.skyscanner.com.sa/car-hire-in/car-hire-in-tbilisi/27547139.html"
  },
  {
    "text": "راجع شروط كل مزوّد بعناية لتجنّب رسومًا إضافية قد تُضاف عند الاستلام أو الإرجاع.",
    "issue": "The adjective 'إضافية' does not agree in case with the noun 'رسومًا'. It is missing the required accusative tanwin.",
    "type_of_issue": "Grammar",
    "solution": "Add the accusative tanwin to the adjective, changing 'إضافية' to 'إضافيةً' for correct case agreement.",
    "updated_sentence": "راجع شروط كل مزوّد بعناية لتجنّب رسومًا إضافيةً قد تُضاف عند الاستلام أو الإرجاع.",
    "severity": "Minor",
    "score_deduction": 1,
    "source_file": "2026-2027-sa-car-hire-city-10.docx",
    "url": "https://www.skyscanner.com.sa/car-hire-in/car-hire-in-tbilisi/27547139.html",
    "candidate": "https://www.skyscanner.com.sa/car-hire-in/car-hire-in-tbilisi/27547139.html"
  },
  {
    "text": "تقدّم شركة نانيكو رينت أ كار سيارة كيا بيكانتو بجير عادي ابتداءً من ‎125 ﷼ في اليوم، وهي مناسبة للتنقل داخل المدينة.",
    "issue": "The currency used (Saudi Riyal) is incorrect for the location (Tbilisi, Georgia). This error pattern repeats in subsequent sentences.",
    "type_of_issue": "Accuracy",
    "solution": "Replace the incorrect currency (Saudi Riyal) with the correct local currency (Georgian Lari) in all instances.",
    "updated_sentence": "تقدّم شركة نانيكو رينت أ كار سيارة كيا بيكانتو بجير عادي ابتداءً من ‏125 لاري جورجي في اليوم، وهي مناسبة للتنقل داخل المدينة.",
    "severity": "Major",
    "score_deduction": 3,
    "source_file": "2026-2027-sa-car-hire-city-10.docx",
    "url": "https://www.skyscanner.com.sa/car-hire-in/car-hire-in-tbilisi/27547139.html",
    "candidate": "https://www.skyscanner.com.sa/car-hire-in/car-hire-in-tbilisi/27547139.html"
  },
  {
    "text": "يبلغ الحد الأقصى للسرعة على الطرق السريعة 110 كم/س، وينخفض على الطرق السريعة السريعة إلى 80 كم/س.",
    "issue": "The phrase 'الطرق السريعة السريعة' is a confusing and unnatural repetition used to distinguish between two types of highways, which impairs clarity.",
    "type_of_issue": "Style",
    "solution": "Replace the repetitive phrase 'الطرق السريعة السريعة' with 'الطرق السريعة الأخرى' (other highways) for better clarity and natural flow.",
    "updated_sentence": "يبلغ الحد الأقصى للسرعة على الطرق السريعة 110 كم/س، وينخفض على الطرق السريعة الأخرى إلى 80 كم/س.",
    "severity": "Minor",
    "score_deduction": 1,
    "source_file": "2026-2027-sa-car-hire-city-10.docx",
    "url": "https://www.skyscanner.com.sa/car-hire-in/car-hire-in-tbilisi/27547139.html",
    "candidate": "https://www.skyscanner.com.sa/car-hire-in/car-hire-in-tbilisi/27547139.html"
  },
  {
    "text": "راعِ هذه الحدود أثناء تنقلك بين المناطق المختلفة.",
    "issue": "The imperative verb 'راع' is missing the required kasra diacritic, making it orthographically incorrect in formal Arabic.",
    "type_of_issue": "Punctuation/Spelling/Typos",
    "solution": "Add the kasra diacritic to the verb, correcting it to 'راعِ'.",
    "updated_sentence": "راعِ هذه الحدود أثناء تنقلك بين المناطق المختلفة.",
    "severity": "Minor",
    "score_deduction": 1,
    "source_file": "2026-2027-sa-car-hire-city-10.docx",
    "url": "https://www.skyscanner.com.sa/car-hire-in/car-hire-in-tbilisi/27547139.html",
    "candidate": "https://www.skyscanner.com.sa/car-hire-in/car-hire-in-tbilisi/27547139.html"
  },
  {
    "text": "تبدأ أسعار استئجار السيارات في بيزا من ‎125 ﷼ في الوقت الحالي، بينما يبلغ المتوسط السنوي 262 ﷼.",
    "issue": "The currency used is the Saudi Riyal (﷼), which is incorrect for the specified location, Pisa, Italy, where the Euro (€) is the official currency.",
    "type_of_issue": "Accuracy",
    "solution": "Replace the Saudi Riyal symbol (﷼) with the Euro symbol (€) in both instances to reflect the correct currency for the location.",
    "updated_sentence": "تبدأ أسعار استئجار السيارات في بيزا من ‎125 € في الوقت الحالي، بينما يبلغ المتوسط السنوي 262 €.",
    "severity": "Major",
    "score_deduction": 3,
    "source_file": "2026-2027-sa-car-hire-city-10.docx",
    "url": "https://www.skyscanner.com.sa/car-hire-in/car-hire-in-pisa/27546040.html",
    "candidate": "https://www.skyscanner.com.sa/car-hire-in/car-hire-in-pisa/27546040.html"
  },
  {
    "text": "تقدِّم شركة رينت سمارت 24 سيارة لانشيا إبسيلون بجير عادي ابتداءً من ‎125 ﷼ في اليوم، وهي مناسبة للتنقلات اليومية.",
    "issue": "The currency symbol is incorrect for the location (Pisa, Italy), showing Saudi Riyal (﷼) instead of Euro (€). This error repeats for all prices in the text.",
    "type_of_issue": "Accuracy",
    "solution": "Change all instances of the Saudi Riyal symbol (﷼) to the Euro symbol (€).",
    "updated_sentence": "تقدِّم شركة رينت سمارت 24 سيارة لانشيا إبسيلون بجير عادي ابتداءً من ‎125 € في اليوم، وهي مناسبة للتنقلات اليومية.",
    "severity": "Major",
    "score_deduction": 3,
    "source_file": "2026-2027-sa-car-hire-city-10.docx",
    "url": "https://www.skyscanner.com.sa/car-hire-in/car-hire-in-pisa/27546040.html",
    "candidate": "https://www.skyscanner.com.sa/car-hire-in/car-hire-in-pisa/27546040.html"
  },
  {
    "text": "يبدأ استئجار السيارات في باتومي من مئة وثمانية وستين ﷼، بينما يبلغ المتوسط السنوي للأسعار مئة وثمانية وثمانين ﷼.",
    "issue": "The currency symbol used is the Saudi Riyal (﷼), which is incorrect for the specified location of Batumi, Georgia.",
    "type_of_issue": "Accuracy",
    "solution": "Replace the incorrect currency symbol '﷼' with the ISO code for the Georgian Lari, 'GEL'.",
    "updated_sentence": "يبدأ استئجار السيارات في باتومي من مئة وثمانية وستين GEL، بينما يبلغ المتوسط السنوي للأسعار مئة وثمانية وثمانين GEL.",
    "severity": "Major",
    "score_deduction": 3,
    "source_file": "2026-2027-sa-car-hire-city-10.docx",
    "url": "https://www.skyscanner.com.sa/car-hire-in/car-hire-in-batumi/27539614.html",
    "candidate": "https://www.skyscanner.com.sa/car-hire-in/car-hire-in-batumi/27539614.html"
  },
  {
    "text": "قارن بين مختلف العروض ومزوّدي الخدمة قبل اتخاذ القرار، وراجع شروط الاستئجار بدقة لتفادي أي رسومًا إضافية قد تُضاف إلى السعر الأساسي عند الاستلام.",
    "issue": "The noun 'رسومًا' is in the incorrect grammatical case (accusative); after the particle 'أي', the noun should be in the genitive case.",
    "type_of_issue": "Grammar",
    "solution": "Change 'رسومًا' to 'رسومٍ' or 'رسوم' to reflect the correct genitive case.",
    "updated_sentence": "قارن بين مختلف العروض ومزوّدي الخدمة قبل اتخاذ القرار، وراجع شروط الاستئجار بدقة لتفادي أي رسوم إضافية قد تُضاف إلى السعر الأساسي عند الاستلام.",
    "severity": "Minor",
    "score_deduction": 1,
    "source_file": "2026-2027-sa-car-hire-city-10.docx",
    "url": "https://www.skyscanner.com.sa/car-hire-in/car-hire-in-batumi/27539614.html",
    "candidate": "https://www.skyscanner.com.sa/car-hire-in/car-hire-in-batumi/27539614.html"
  },
  {
    "text": "تجدها لدى O Rental Car Services بناقل حركة أوتوماتيكي ابتداءً من ‎186 ﷼ في اليوم. وإذا كنت تبحث عن سعر أقل، يوفر O Rental Car Services سيارة فورد فييستا بناقل حركة أوتوماتيكي ابتداءً من ‎168 ﷼ في اليوم، وهي مناسبة لخمسة ركاب وحقيبتين. وللمجموعات التي تحتاج إلى مساحة أوسع، تتوفر ميتسوبيشي أوتلاندر لدى addCar بناقل حركة أوتوماتيكي ابتداءً من ‎273 ﷼ في اليوم، وتتسع لخمس حقائب.",
    "issue": "The currency symbol for Saudi Riyal (﷼) is used for car rentals in Batumi, Georgia. The correct currency is the Georgian Lari. This pattern repeats for all prices mentioned.",
    "type_of_issue": "Accuracy",
    "solution": "Replace the incorrect currency symbol (﷼) with the name of the correct local currency, 'لاري جورجي'.",
    "updated_sentence": "تجدها لدى O Rental Car Services بناقل حركة أوتوماتيكي ابتداءً من 186 لاري جورجي في اليوم. وإذا كنت تبحث عن سعر أقل، يوفر O Rental Car Services سيارة فورد فييستا بناقل حركة أوتوماتيكي ابتداءً من 168 لاري جورجي في اليوم، وهي مناسبة لخمسة ركاب وحقيبتين. وللمجموعات التي تحتاج إلى مساحة أوسع، تتوفر ميتسوبيشي أوتلاندر لدى addCar بناقل حركة أوتوماتيكي ابتداءً من 273 لاري جورجي في اليوم، وتتسع لخمس حقائب.",
    "severity": "Major",
    "score_deduction": 3,
    "source_file": "2026-2027-sa-car-hire-city-10.docx",
    "url": "https://www.skyscanner.com.sa/car-hire-in/car-hire-in-batumi/27539614.html",
    "candidate": "https://www.skyscanner.com.sa/car-hire-in/car-hire-in-batumi/27539614.html"
  },
  {
    "text": "تبدأ أسعار استئجار السيارات في تولوم من 28 ﷼ في أقل تقديراتها، بينما يبلغ المتوسط السنوي 348 ﷼.",
    "issue": "The currency symbol used is the Saudi Riyal (﷼) for a service in Tulum, Mexico, which is incorrect and misleading for the user.",
    "type_of_issue": "Accuracy",
    "solution": "Replace the Saudi Riyal symbol (﷼) with the dollar sign ($), which is appropriate for prices in Mexico.",
    "updated_sentence": "تبدأ أسعار استئجار السيارات في تولوم من 28 $ في أقل تقديراتها، بينما يبلغ المتوسط السنوي 348 $.",
    "severity": "Major",
    "score_deduction": 3,
    "source_file": "2026-2027-sa-car-hire-city-10.docx",
    "url": "https://www.skyscanner.com.sa/car-hire-in/car-hire-in-tulum/27547283.html",
    "candidate": "https://www.skyscanner.com.sa/car-hire-in/car-hire-in-tulum/27547283.html"
  },
  {
    "text": "تطرح شركة أمريكا سيارة شيفروليه ماليبو بناقل حركة عادي ابتداءً من ‎28 ﷼ في اليوم، وتوفر أيضًا سيارة رينو كابتور بناقل حركة عادي بالسعر نفسه ابتداءً من ‎28 ﷼ في اليوم. وإن كنت تفضل ناقل الحركة الأوتوماتيكي، فتقدم شركة أمريكا سيارة نيسان روغ ابتداءً من ‎29 ﷼ في اليوم.",
    "issue": "The currency symbol for Saudi Riyal (﷼) is used, but the location specified is Tulum, Mexico, which uses the Mexican Peso ($). This error occurs in multiple price mentions.",
    "type_of_issue": "Accuracy",
    "solution": "Replace all instances of the Saudi Riyal symbol (﷼) with the symbol for the Mexican Peso ($) to match the location.",
    "updated_sentence": "تطرح شركة أمريكا سيارة شيفروليه ماليبو بناقل حركة عادي ابتداءً من 28 $ في اليوم، وتوفر أيضًا سيارة رينو كابتور بناقل حركة عادي بالسعر نفسه ابتداءً من 28 $ في اليوم. وإن كنت تفضل ناقل الحركة الأوتوماتيكي، فتقدم شركة أمريكا سيارة نيسان روغ ابتداءً من 29 $ في اليوم.",
    "severity": "Major",
    "score_deduction": 3,
    "source_file": "2026-2027-sa-car-hire-city-10.docx",
    "url": "https://www.skyscanner.com.sa/car-hire-in/car-hire-in-tulum/27547283.html",
    "candidate": "https://www.skyscanner.com.sa/car-hire-in/car-hire-in-tulum/27547283.html"
  },
  {
    "text": "تُعدّ شركة ميكس الأكثر شيوعًا بينها.",
    "issue": "The pronoun 'بينها' (feminine) refers to the antecedent 'مزوّدي' (providers) from the previous sentence, which is a masculine plural noun and requires the masculine pronoun 'بينهم'.",
    "type_of_issue": "Grammar",
    "solution": "Change the pronoun 'بينها' to 'بينهم' to agree in gender with its masculine antecedent 'مزوّدي'.",
    "updated_sentence": "تُعدّ شركة ميكس الأكثر شيوعًا بينهم.",
    "severity": "Minor",
    "score_deduction": 1,
    "source_file": "2026-2027-sa-car-hire-city-10.docx",
    "url": "https://www.skyscanner.com.sa/car-hire-in/car-hire-in-tulum/27547283.html",
    "candidate": "https://www.skyscanner.com.sa/car-hire-in/car-hire-in-tulum/27547283.html"
  },
  {
    "text": "تبدأ أسعار استئجار السيارات في مدينة غراس من ١٣٦ ﷼ في أدنى مستوياتها، بينما يبلغ المتوسط السنوي للأسعار ١٦٨ ﷼.",
    "issue": "The currency used is the Saudi Riyal (﷼) for a location in France, where the correct currency is the Euro (€).",
    "type_of_issue": "Accuracy",
    "solution": "Replace the Saudi Riyal symbol (﷼) with the Euro symbol (€).",
    "updated_sentence": "تبدأ أسعار استئجار السيارات في مدينة غراس من ١٣٦ € في أدنى مستوياتها، بينما يبلغ المتوسط السنوي للأسعار ١٦٨ €.",
    "severity": "Major",
    "score_deduction": 3,
    "source_file": "2026-2027-sa-car-hire-city-10.docx",
    "url": "https://www.skyscanner.com.sa/car-hire-in/car-hire-in-grasse/32056120.html",
    "candidate": "https://www.skyscanner.com.sa/car-hire-in/car-hire-in-grasse/32056120.html"
  },
  {
    "text": "تبدأ أسعار استئجار السيارات في مدينة غراس من ١٣٦ ﷼ في أدنى مستوياتها، بينما يبلغ المتوسط السنوي للأسعار ١٦٨ ﷼. يُعدّ شهر أكتوبر الأقل تكلفة لاستئجار سيارة، إذ تنخفض فيه الأسعار مقارنةً ببقية أشهر السنة. للحصول على أفضل سعر، يُنصح بالحجز قبل أقل من أسبوع واحد من موعد الاستلام. تتيح لك مقارنة العروض من مزوّدي الخدمة اختيار الخيار الأنسب لميزانيتك، مع الانتباه إلى الشروط التي قد تتضمن رسومًا إضافية عند الاستلام أو الإرجاع.",
    "issue": "The single paragraph combines multiple distinct ideas (price statistics, cheapest month, booking advice, provider comparison), which harms scannability.",
    "type_of_issue": "Style",
    "solution": "Split the text into smaller, focused paragraphs, each dedicated to a single topic, to improve readability.",
    "updated_sentence": "تبدأ أسعار استئجار السيارات في مدينة غراس من ١٣٦ ﷼ في أدنى مستوياتها، بينما يبلغ المتوسط السنوي للأسعار ١٦٨ ﷼.\n\nيُعدّ شهر أكتوبر الأقل تكلفة لاستئجار سيارة، إذ تنخفض فيه الأسعار مقارنةً ببقية أشهر السنة.\n\nللحصول على أفضل سعر، يُنصح بالحجز قبل أقل من أسبوع واحد من موعد الاستلام.\n\nتتيح لك مقارنة العروض من مزوّدي الخدمة اختيار الخيار الأنسب لميزانيتك، مع الانتباه إلى الشروط التي قد تتضمن رسومًا إضافية عند الاستلام أو الإرجاع.",
    "severity": "Minor",
    "score_deduction": 1,
    "source_file": "2026-2027-sa-car-hire-city-10.docx",
    "url": "https://www.skyscanner.com.sa/car-hire-in/car-hire-in-grasse/32056120.html",
    "candidate": "https://www.skyscanner.com.sa/car-hire-in/car-hire-in-grasse/32056120.html"
  },
  {
    "text": "تجد بين العروض المتاحة سيارة فورد كا بجير عادي من شركة دولار ابتداءً من ‎211 ﷼ في اليوم، وهي مناسبة للتنقلات القصيرة.",
    "issue": "The currency is incorrect for the location (Grasse, France). Saudi Riyal (﷼) is used instead of Euro (€). The pattern repeats in subsequent sentences.",
    "type_of_issue": "Accuracy",
    "solution": "Change the currency symbol from ﷼ to € for all prices mentioned.",
    "updated_sentence": "تجد بين العروض المتاحة سيارة فورد كا بجير عادي من شركة دولار ابتداءً من 211 € في اليوم، وهي مناسبة للتنقلات القصيرة.",
    "severity": "Major",
    "score_deduction": 3,
    "source_file": "2026-2027-sa-car-hire-city-10.docx",
    "url": "https://www.skyscanner.com.sa/car-hire-in/car-hire-in-grasse/32056120.html",
    "candidate": "https://www.skyscanner.com.sa/car-hire-in/car-hire-in-grasse/32056120.html"
  },
  {
    "text": "تتوفر في فالنسيا عروض متنوعة لاستئجار السيارات تبدأ من ‎37 ﷼ للحجز الأقل سعرًا، بينما يبلغ المتوسط السنوي للأسعار ‎216 ﷼.",
    "issue": "The currency symbol used is for the Saudi Riyal (﷼), but the location is Valencia, Spain, which uses the Euro (€).",
    "type_of_issue": "Accuracy",
    "solution": "Replace the Saudi Riyal symbol (﷼) with the Euro symbol (€).",
    "updated_sentence": "تتوفر في فالنسيا عروض متنوعة لاستئجار السيارات تبدأ من ‎37 € للحجز الأقل سعرًا، بينما يبلغ المتوسط السنوي للأسعار ‎216 €.",
    "severity": "Major",
    "score_deduction": 3,
    "source_file": "2026-2027-sa-car-hire-city-10.docx",
    "url": "https://www.skyscanner.com.sa/car-hire-in/car-hire-in-valencia/27547405.html",
    "candidate": "https://www.skyscanner.com.sa/car-hire-in/car-hire-in-valencia/27547405.html"
  },
  {
    "text": "قارن بين مزودي الخدمة وفئات المركبات قبل التأكيد، وراجع شروط التأمين وحدود المسافة لتجنب أي رسومًا إضافية قد تُضاف عند تسلّم السيارة أو إعادتها في نهاية المدة المتفق عليها.",
    "issue": "The word 'رسومًا' has an incorrect accusative case ending; the noun following 'أي' must be in the genitive case.",
    "type_of_issue": "Grammar",
    "solution": "Correct the grammatical case by changing 'رسومًا' to 'رسوم'.",
    "updated_sentence": "قارن بين مزودي الخدمة وفئات المركبات قبل التأكيد، وراجع شروط التأمين وحدود المسافة لتجنب أي رسوم إضافية قد تُضاف عند تسلّم السيارة أو إعادتها في نهاية المدة المتفق عليها.",
    "severity": "Minor",
    "score_deduction": 1,
    "source_file": "2026-2027-sa-car-hire-city-10.docx",
    "url": "https://www.skyscanner.com.sa/car-hire-in/car-hire-in-valencia/27547405.html",
    "candidate": "https://www.skyscanner.com.sa/car-hire-in/car-hire-in-valencia/27547405.html"
  },
  {
    "text": "تبدأ عروض السيارات المدمجة من نيسان ميكرا عبر مزوِّد WIBER بجير عادي، ابتداءً من 37 ﷼ في اليوم، وهي مناسبة لمن يبحث عن تكلفة منخفضة.",
    "issue": "The currency symbol for Saudi Riyal (﷼) is used for a price in Valencia, Spain, where the Euro (€) is the correct currency. This error pattern repeats for all prices mentioned in the text.",
    "type_of_issue": "Accuracy",
    "solution": "Replace the Saudi Riyal symbol (﷼) with the Euro symbol (€).",
    "updated_sentence": "تبدأ عروض السيارات المدمجة من نيسان ميكرا عبر مزوِّد WIBER بجير عادي، ابتداءً من 37 € في اليوم، وهي مناسبة لمن يبحث عن تكلفة منخفضة.",
    "severity": "Major",
    "score_deduction": 3,
    "source_file": "2026-2027-sa-car-hire-city-10.docx",
    "url": "https://www.skyscanner.com.sa/car-hire-in/car-hire-in-valencia/27547405.html",
    "candidate": "https://www.skyscanner.com.sa/car-hire-in/car-hire-in-valencia/27547405.html"
  },
  {
    "text": "يُعدّ كليك آند رنت المزود الأكثر شيوعًا بينها.",
    "issue": "The pronoun 'بينها' (feminine plural) incorrectly refers to the antecedent 'مزودين' (providers), which is a masculine plural noun.",
    "type_of_issue": "Grammar",
    "solution": "Change the pronoun to the masculine plural form 'بينهم' to agree with its antecedent.",
    "updated_sentence": "يُعدّ كليك آند رنت المزود الأكثر شيوعًا بينهم.",
    "severity": "Minor",
    "score_deduction": 1,
    "source_file": "2026-2027-sa-car-hire-city-10.docx",
    "url": "https://www.skyscanner.com.sa/car-hire-in/car-hire-in-valencia/27547405.html",
    "candidate": "https://www.skyscanner.com.sa/car-hire-in/car-hire-in-valencia/27547405.html"
  },
  {
    "text": "تبدأ أسعار استئجار السيارات في نيروبي من 159 ﷼ للحجز الواحد، بينما يبلغ المتوسط السنوي 181 ﷼.",
    "issue": "The currency used is the Saudi Riyal (﷼) for prices in Nairobi, Kenya, which is incorrect. The local currency is the Kenyan Shilling.",
    "type_of_issue": "Accuracy",
    "solution": "Replace the incorrect currency symbol (﷼) with the name of the local currency (شلن كيني).",
    "updated_sentence": "تبدأ أسعار استئجار السيارات في نيروبي من 159 شلن كيني للحجز الواحد، بينما يبلغ المتوسط السنوي 181 شلن كيني.",
    "severity": "Major",
    "score_deduction": 3,
    "source_file": "2026-2027-sa-car-hire-city-10.docx",
    "url": "https://www.skyscanner.com.sa/car-hire-in/car-hire-in-nairobi/27536215.html",
    "candidate": "https://www.skyscanner.com.sa/car-hire-in/car-hire-in-nairobi/27536215.html"
  },
  {
    "text": "تقدّم شركة جرين موشن سيارة سكودا أوكتافيا بناقل حركة أوتوماتيكي ابتداءً من ‎159 ﷼ في اليوم، كما توفّر السيارة نفسها عبر شركة هيرتز بناقل أوتوماتيكي ابتداءً من ‎256 ﷼ في اليوم.",
    "issue": "The currency symbol for Saudi Riyal (﷼) is used for prices in Nairobi, Kenya, which is incorrect. The local currency is the Kenyan Shilling.",
    "type_of_issue": "Accuracy",
    "solution": "Replace the Saudi Riyal symbol (﷼) with the standard abbreviation for Kenyan Shilling (KES) for both prices mentioned.",
    "updated_sentence": "تقدّم شركة جرين موشن سيارة سكودا أوكتافيا بناقل حركة أوتوماتيكي ابتداءً من ‎159 KES في اليوم، كما توفّر السيارة نفسها عبر شركة هيرتز بناقل أوتوماتيكي ابتداءً من ‎256 KES في اليوم.",
    "severity": "Major",
    "score_deduction": 3,
    "source_file": "2026-2027-sa-car-hire-city-10.docx",
    "url": "https://www.skyscanner.com.sa/car-hire-in/car-hire-in-nairobi/27536215.html",
    "candidate": "https://www.skyscanner.com.sa/car-hire-in/car-hire-in-nairobi/27536215.html"
  },
  {
    "text": "وللباحثين عن قدرة أكبر على التحميل، تُتاح سيارة فورد رينجر من شركة يو-سيف بناقل حركة عادي ابتداءً من ‎413 ﷼ في اليوم.",
    "issue": "The currency symbol for Saudi Riyal (﷼) is used for a price in Nairobi, Kenya, which is incorrect. The local currency is the Kenyan Shilling.",
    "type_of_issue": "Accuracy",
    "solution": "Replace the Saudi Riyal symbol (﷼) with the standard abbreviation for Kenyan Shilling (KES).",
    "updated_sentence": "وللباحثين عن قدرة أكبر على التحميل، تُتاح سيارة فورد رينجر من شركة يو-سيف بناقل حركة عادي ابتداءً من ‎413 KES في اليوم.",
    "severity": "Major",
    "score_deduction": 3,
    "source_file": "2026-2027-sa-car-hire-city-10.docx",
    "url": "https://www.skyscanner.com.sa/car-hire-in/car-hire-in-nairobi/27536215.html",
    "candidate": "https://www.skyscanner.com.sa/car-hire-in/car-hire-in-nairobi/27536215.html"
  },
  {
    "text": "تبدأ أسعار استئجار السيارات في ماربيلا من 108 ﷼، بينما يبلغ المتوسط السنوي للسعر 132 ﷼.",
    "issue": "The currency symbol is incorrect for the specified location. Marbella is in Spain, where the official currency is the Euro (€), not the Saudi Riyal (﷼).",
    "type_of_issue": "Accuracy",
    "solution": "Replace the Saudi Riyal symbol (﷼) with the Euro symbol (€) to reflect the correct currency for the location.",
    "updated_sentence": "تبدأ أسعار استئجار السيارات في ماربيلا من 108 €، بينما يبلغ المتوسط السنوي للسعر 132 €.",
    "severity": "Major",
    "score_deduction": 3,
    "source_file": "2026-2027-sa-car-hire-city-10.docx",
    "url": "https://www.skyscanner.com.sa/car-hire-in/car-hire-in-marbella/29478374.html",
    "candidate": "https://www.skyscanner.com.sa/car-hire-in/car-hire-in-marbella/29478374.html"
  },
  {
    "text": "تقدِّم شركة بدجت سيارة أوبل كورسا بناقل حركة عادي ابتداءً من ‎183 ﷼ في اليوم، وهي مناسبة للتنقلات القصيرة.",
    "issue": "The currency symbol used is for the Saudi Riyal (﷼), which is incorrect for Marbella, Spain. This error is repeated for all prices mentioned. The correct currency is the Euro (€).",
    "type_of_issue": "Accuracy",
    "solution": "Replace the Saudi Riyal symbol (﷼) with the Euro symbol (€) for all price mentions.",
    "updated_sentence": "تقدِّم شركة بدجت سيارة أوبل كورسا بناقل حركة عادي ابتداءً من ‎183 € في اليوم، وهي مناسبة للتنقلات القصيرة.",
    "severity": "Major",
    "score_deduction": 3,
    "source_file": "2026-2027-sa-car-hire-city-10.docx",
    "url": "https://www.skyscanner.com.sa/car-hire-in/car-hire-in-marbella/29478374.html",
    "candidate": "https://www.skyscanner.com.sa/car-hire-in/car-hire-in-marbella/29478374.html"
  }
]

Return ONLY the JSON object for overall_feedback as specified in the system prompt.

2026-09-01 12:19:59,860 - INFO - AFC is enabled with max remote calls: 10.
2026-09-01 12:20:23,158 - INFO - HTTP Request: POST https://generativelanguage.googleapis.com/v1beta/models/gemini-2.5-pro:generateContent "HTTP/1.1 200 OK"
2026-09-01 12:20:23,301 - INFO - [SA] Wrote report → /Users/apple/Desktop/aurix/skyscanner-AI-Writer-IMWT/output/SA/LQA_Report_SA_20260901_102023.xlsx
2026-09-01 12:20:23,304 - INFO - [SA] Saved raw JSON → /Users/apple/Desktop/aurix/skyscanner-AI-Writer-IMWT/output/SA/LQA_Report_SA_20260901_102023_final.json
2026-09-01 12:20:23,385 - INFO - Wrote edited DOCX → /Users/apple/Desktop/aurix/skyscanner-AI-Writer-IMWT/output/SA/Edited_SA_2026-2027-sa-car-hire-city-06_20260901_102023.docx
2026-09-01 12:20:23,442 - INFO - Wrote edited DOCX → /Users/apple/Desktop/aurix/skyscanner-AI-Writer-IMWT/output/SA/Edited_SA_2026-2027-sa-car-hire-city-07_20260901_102023.docx
2026-09-01 12:20:23,499 - INFO - Wrote edited DOCX → /Users/apple/Desktop/aurix/skyscanner-AI-Writer-IMWT/output/SA/Edited_SA_2026-2027-sa-car-hire-city-08_20260901_102023.docx
2026-09-01 12:20:23,556 - INFO - Wrote edited DOCX → /Users/apple/Desktop/aurix/skyscanner-AI-Writer-IMWT/output/SA/Edited_SA_2026-2027-sa-car-hire-city-09_20260901_102023.docx
2026-09-01 12:20:23,613 - INFO - Wrote edited DOCX → /Users/apple/Desktop/aurix/skyscanner-AI-Writer-IMWT/output/SA/Edited_SA_2026-2027-sa-car-hire-city-10_20260901_102023.docx
2026-09-01 12:20:23,613 - INFO - [SA] Completed all three agents.

2026-09-01 12:20:23,613 - INFO - LQA pipeline finished successfully (3-agent).
2026-09-01 12:20:23,613 - INFO - Full run log saved to /Users/apple/Desktop/aurix/skyscanner-AI-Writer-IMWT/output/lqa_run_SA_20260901_093032.log
