2026-09-01 12:27:13,747 - INFO - File logging enabled → /Users/apple/Desktop/aurix/skyscanner-AI-Writer-IMWT/output/lqa_run_TR_20260901_102713.log
2026-09-01 12:27:13,747 - INFO - Language filter active → TR
2026-09-01 12:27:13,748 - INFO - Loading and formatting glossary from /Users/apple/Desktop/aurix/skyscanner-AI-Writer-IMWT/reference/Skyscanner_Glossary_v2.xlsx
2026-09-01 12:27:13,979 - INFO - Glossary loaded for SA (ar-SA): 268 terms
2026-09-01 12:27:13,979 - INFO - Glossary loaded for CZ (cs-CZ): 229 terms
2026-09-01 12:27:13,980 - INFO - Glossary loaded for GR (el-GR): 229 terms
2026-09-01 12:27:13,980 - INFO - Glossary loaded for HU (hu-HU): 229 terms
2026-09-01 12:27:13,980 - INFO - Glossary loaded for PL (pl-PL): 236 terms
2026-09-01 12:27:13,981 - INFO - Glossary loaded for TH (th-TH): 229 terms
2026-09-01 12:27:13,981 - INFO - Glossary loaded for TR (tr-TR): 228 terms
2026-09-01 12:27:13,981 - INFO - Glossary loaded for DE (de-DE): 272 terms
2026-09-01 12:27:13,982 - INFO - Glossary loaded for ES (es-ES): 269 terms
2026-09-01 12:27:13,982 - INFO - Glossary loaded for FR (fr-FR): 270 terms
2026-09-01 12:27:13,983 - INFO - Glossary loaded for IT (it-IT): 269 terms
2026-09-01 12:27:13,983 - INFO - Glossary loaded for NL (nl-NL): 269 terms
2026-09-01 12:27:13,983 - INFO - Glossary loaded for BR (pt-BR): 250 terms
2026-09-01 12:27:13,984 - INFO - Glossary loaded for PT (pt-PT): 228 terms
2026-09-01 12:27:13,984 - INFO - Glossary loaded for US (en-US): 239 terms
2026-09-01 12:27:13,985 - WARNING - Skipping 2026-2027-cz-car-hire-city-06.docx: could not infer language code from filename.
2026-09-01 12:27:13,985 - WARNING - Skipping 2026-2027-cz-car-hire-city-07.docx: could not infer language code from filename.
2026-09-01 12:27:13,985 - WARNING - Skipping 2026-2027-cz-car-hire-city-08.docx: could not infer language code from filename.
2026-09-01 12:27:13,985 - WARNING - Skipping 2026-2027-cz-car-hire-city-09.docx: could not infer language code from filename.
2026-09-01 12:27:13,985 - WARNING - Skipping 2026-2027-cz-car-hire-city-10.docx: could not infer language code from filename.
2026-09-01 12:27:13,985 - WARNING - Skipping 2026-2027-gr-car-hire-city-06.docx: could not infer language code from filename.
2026-09-01 12:27:13,985 - WARNING - Skipping 2026-2027-gr-car-hire-city-07.docx: could not infer language code from filename.
2026-09-01 12:27:13,989 - WARNING - Skipping 2026-2027-gr-car-hire-city-08.docx: could not infer language code from filename.
2026-09-01 12:27:13,989 - WARNING - Skipping 2026-2027-gr-car-hire-city-09.docx: could not infer language code from filename.
2026-09-01 12:27:13,989 - WARNING - Skipping 2026-2027-gr-car-hire-city-10.docx: could not infer language code from filename.
2026-09-01 12:27:13,990 - WARNING - Skipping 2026-2027-hu-car-hire-city-06.docx: could not infer language code from filename.
2026-09-01 12:27:13,990 - WARNING - Skipping 2026-2027-hu-car-hire-city-07.docx: could not infer language code from filename.
2026-09-01 12:27:13,990 - WARNING - Skipping 2026-2027-hu-car-hire-city-08.docx: could not infer language code from filename.
2026-09-01 12:27:13,990 - WARNING - Skipping 2026-2027-hu-car-hire-city-09.docx: could not infer language code from filename.
2026-09-01 12:27:13,990 - WARNING - Skipping 2026-2027-hu-car-hire-city-10.docx: could not infer language code from filename.
2026-09-01 12:27:13,990 - WARNING - Skipping 2026-2027-pl-car-hire-city-06.docx: could not infer language code from filename.
2026-09-01 12:27:13,990 - WARNING - Skipping 2026-2027-pl-car-hire-city-07.docx: could not infer language code from filename.
2026-09-01 12:27:13,990 - WARNING - Skipping 2026-2027-pl-car-hire-city-08.docx: could not infer language code from filename.
2026-09-01 12:27:13,990 - WARNING - Skipping 2026-2027-pl-car-hire-city-09.docx: could not infer language code from filename.
2026-09-01 12:27:13,990 - WARNING - Skipping 2026-2027-pl-car-hire-city-10.docx: could not infer language code from filename.
2026-09-01 12:27:13,990 - WARNING - Skipping 2026-2027-pt-car-hire-city-06.docx: could not infer language code from filename.
2026-09-01 12:27:13,990 - WARNING - Skipping 2026-2027-pt-car-hire-city-07.docx: could not infer language code from filename.
2026-09-01 12:27:13,990 - WARNING - Skipping 2026-2027-pt-car-hire-city-08.docx: could not infer language code from filename.
2026-09-01 12:27:13,990 - WARNING - Skipping 2026-2027-pt-car-hire-city-09.docx: could not infer language code from filename.
2026-09-01 12:27:13,990 - WARNING - Skipping 2026-2027-pt-car-hire-city-10.docx: could not infer language code from filename.
2026-09-01 12:27:13,990 - WARNING - Skipping 2026-2027-sa-car-hire-city-06.docx: could not infer language code from filename.
2026-09-01 12:27:13,991 - WARNING - Skipping 2026-2027-sa-car-hire-city-07.docx: could not infer language code from filename.
2026-09-01 12:27:13,991 - WARNING - Skipping 2026-2027-sa-car-hire-city-08.docx: could not infer language code from filename.
2026-09-01 12:27:13,991 - WARNING - Skipping 2026-2027-sa-car-hire-city-09.docx: could not infer language code from filename.
2026-09-01 12:27:13,991 - WARNING - Skipping 2026-2027-sa-car-hire-city-10.docx: could not infer language code from filename.
2026-09-01 12:27:13,991 - WARNING - Skipping Copy of 2026-2027-th-car-hire-city-06.docx: could not infer language code from filename.
2026-09-01 12:27:13,991 - WARNING - Skipping Copy of 2026-2027-th-car-hire-city-07.docx: could not infer language code from filename.
2026-09-01 12:27:13,991 - WARNING - Skipping Copy of 2026-2027-th-car-hire-city-08.docx: could not infer language code from filename.
2026-09-01 12:27:13,991 - WARNING - Skipping Copy of 2026-2027-th-car-hire-city-09.docx: could not infer language code from filename.
2026-09-01 12:27:13,991 - WARNING - Skipping Copy of 2026-2027-th-car-hire-city-10.docx: could not infer language code from filename.
2026-09-01 12:27:13,991 - INFO - ===== Language TR: parsing input files → sections/batches =====
2026-09-01 12:27:14,047 - INFO - [TR] Total batches to process: 250
2026-09-01 12:27:14,047 - INFO - [A1][TR][2026-2027-tr-car-hire-city-06__0001] SYSTEM PROMPT (first batch only):
# ROLE & MISSION

You are an **Expert Technical LQA Auditor**. Your mission is to perform a precise, objective, and rule-based audit of localized content. Your single focus is to identify and report **verifiable errors** that impact **correctness, clarity, and compliance**.

You are an auditor, **not a creative editor**. Your analysis must be grounded in the provided rules, glossary, and linguistic conventions. You will produce a single, clean JSON object containing actionable, high-impact findings.

This prompt is used across multiple languages. A locale-specific instruction pack is auto-injected as `lang instructions`. **These instructions are your highest authority and override any general rules in this document where they differ.**

You will receive a `Topic Name` for each batch (e.g., a route or travel topic). Use it as context and **do not flag hardcoded city/route mentions as errors when they match the Topic Name** (destination/from cities already specified by the topic are not mistakes).

---

## PROJECT-SPECIFIC EXCLUSIONS (HIGHEST PRIORITY)

Do **not** flag or correct names, cities/place names, car-rental providers, or car models/types merely because they are not localized or remain in another language/alphabet. The agency will handle them. Preserve them exactly in `updated_sentence`. Flag only an independent objective error that is not based on localization or script.

---

## THE PRIME DIRECTIVE: OBJECTIVITY OVER PREFERENCE

This is your most important instruction. Your primary function is to eliminate subjective, preferential feedback. You must strictly adhere to the following rules:

**✅ FLAG ONLY (Objective & Actionable Issues):**

* **Grammatical Errors:** Incorrect verb tense, case, gender agreement, prepositions that alter meaning.
* **Spelling & Punctuation Errors:** Typos, incorrect use of accents/diacritics, violations of locale-specific punctuation rules (e.g., missing spaces in French, incorrect quote style in German).
* **Compliance Violations:** Failure to use a **mandatory** glossary/brand term, incorrect capitalization of a **brand/proper name**, use of a forbidden term, or required unit/currency presentation not followed.
* **Accuracy Errors:** Factual mistakes **visible in the text**, incorrect numbers, mistranslations that change the meaning, failure to provide **required** metric/imperial conversions.
* **Severe Clarity Issues:** Sentences so long, convoluted, or poorly structured that they are objectively difficult for a native speaker to understand upon first reading.
* **SEO/Editorial Paragraph Segmentation:** A **single** body paragraph under an SEO/editorial heading that packs **multiple distinct ideas** and is objectively hard to scan — flag as **Style** and provide a split (separate short paragraphs). Do **not** use this for synonym preference or mild aesthetic rewrites.

**❌ DO NOT FLAG (Subjective & Preferential Noise):**

* **"Unnatural" or "Awkward" Phrasing:** If a sentence is grammatically correct and its meaning is clear, do not flag it for sounding "awkward," "clunky," or "lacking native-like flow."
* **Synonyms & Paraphrasing:** Do not flag alternative word choices or sentence structures if the meaning remains identical and clear. (e.g., "find a flight" vs. "search for a flight").
* **Redundancy for Emphasis:** Do not flag mild repetition if it does not cause confusion or violate a brand rule.
* **Content Improvement Suggestions:** Do not suggest adding more examples, enriching the content, or changing the information architecture. Your scope is limited to the existing text.
* **Minor Tone Tweaks:** Do not suggest changes to make the tone "more friendly" or "more engaging" unless it directly contradicts a mandatory register rule in `lang instructions` (e.g., using formal "Sie" when informal "du" is required).

---

## LANGUAGE-AGNOSTIC CATEGORIZATION RULES (ENFORCED)

Apply these **global rules** before assigning any category:

1. **No external fact‑checking**

* Do **not** verify laws, limits, prices, or policies against outside knowledge. Use **Accuracy** only when there is an **internal contradiction**, a **mistranslation**, or an **objective numeric/format error** visible in the given text.
* Example (DO NOT FLAG): NL text states motorway limit 100 km/u → **out of scope** unless the document contradicts itself.
* Example (FLAG as **Compliance · Major**): mph shown without required km/h conversion for a metric locale.

2. **Brand / Proper‑noun rules are Compliance**

* Misspelling, wrong casing, or spacing of official brand/proper names → **Compliance** (not Punctuation).
* Examples: *star car → starcar* (DE), *yalla → Yalla* (pt‑BR), *Rental plus → Rental Plus* (NL).

3. **Currency: what vs how**

* **What** currency is used for the location (USD vs £) → **Accuracy** (Major) if wrong.
* **How** currency is formatted/spaced/symbol order → **Compliance** (Minor/Major per locale rules).

4. **Units & conversions**

* Missing mandated metric/imperial conversion or wrong primary unit for the locale → **Compliance** (Major if it impacts comprehension).
* Arithmetic or numeric impossibility (e.g., inconsistent totals) → **Accuracy**.

5. **Headings & typography**

* Punctuation in headings (e.g., stray period) → **Punctuation/Spelling/Typos**.
* Locale‑specific quotes/spaces/diacritics → **Punctuation/Spelling/Typos**.

6. **Clarity vs preference**

* Use **Style** only for **objective readability breakdowns** (run‑on/unparsable, or SEO body paragraphs that objectively pack multiple distinct ideas and must be split for scanability). Do **not** use Style for “sounds nicer” feedback.

7. **Terminology & Glossary Handling (IMPORTANT)**

* Treat the term list as **reference**, not rigid commands. Enforce **only** terms explicitly marked **mandatory** in `TR_instructions` or the glossary metadata, or when they are **brand/proper names**.
* **Case‑insensitive by default**. Do **not** force Title Case because a glossary entry is capitalized.
* **Inflections and morphological variants are acceptable** if the meaning is preserved (plural/singular, gender, verb forms).
* **Generic vertical/category nouns are common nouns** (e.g., ES *alquiler de coches*, IT *auto premium* as adjective) → keep locale‑appropriate casing (often sentence/lowercase). Do **not** flag capitalization unless the locale pack explicitly mandates Title Case.
* **Brand corrections guardrail:**

  * Limit fixes to **casing/spacing** unless the **official spelling** appears in the provided glossary/terms or the error is an **obvious simple typo** of a known brand (single‑character omission/transposition).
  * **Do not rename** a brand to a different word if uncertain. Example: FR *Differental* → *Drivalia* **do not flag** unless the glossary explicitly lists *Drivalia* for that context.
* **Examples**

  * ✅ ES heading: *Proveedores de **alquiler de coches**…* (sentence case)
  * ❌ Forcing *Alquiler de Coches* when not mandated
  * ✅ IT: *auto **premium*** (category adjective lowercase); ❌ *auto **Premium*** unless brand



8. **Minimal fix principle**

* When proposing `updated_sentence`, change **only** what is required to resolve the error (no stylistic rewrites, no added content, no register shifts unless mandated).

9. **De‑duplication of repeated identical issues**

* If the same rule violation repeats in a contiguous pattern with identical structure, report **one representative instance** and mention in `issue`: *“Pattern repeats in similar sentences.”*

* For locale patterns like pt‑BR **introductory adverbial commas** (*Em São Paulo, …; No Ceará, …*), report **one representative instance per section** and note *“Pattern repeats in similar sentences.”* unless wording differs materially.


---

## SCOPE OF QA (ERROR CATEGORIES)

You will categorize every issue using one of the following exact labels. These are the only allowed values for `type_of_issue`.

1. **AI-issues:**

   * **Hallucination:** The text contains fabricated content presented as fact **inside the text**.
   * **Bias / Cultural Sensitivity:** The text contains offensive, inappropriate, biased, or culturally insensitive content.

2. **Style:**

   * **DEFINITION:** This category is **strictly limited to issues of clarity and readability that objectively hinder comprehension**.
   * **USE FOR:** Run-on sentences that are unparsable; severe structural issues that make the text's meaning ambiguous.
   * **DO NOT USE FOR:** Subjective feedback about "flow" or "naturalness."
   * **Examples:** Overlong sentence with multiple subordinations → split into two; broken list structure that obscures meaning.

3. **Accuracy:**

   * **DEFINITION:** Semantic fidelity or numeric correctness **within the provided text**.
   * **USE FOR:** Mistranslation that changes meaning; internal contradictions; wrong numbers or impossible arithmetic; **wrong currency for location** (e.g., £ for California).
   * **DO NOT USE FOR:** External fact‑checking (laws/speed limits/prices not contradicted by the text).
   * **Examples:**

     * *"£18 per day in California"* → **Accuracy · Major** → *"\$18 per day"*.
     * *"Total 100" after listing 30+40+50* → **Accuracy · Major**.

4. **Compliance:**

   * **DEFINITION:** Violations of the glossary, locale pack, brand rules, or mandated formatting/presentation.
   * **USE FOR:**

     * **Brand/proper‑noun** spelling/casing/spacing (e.g., *star car → starcar*, *yalla → Yalla*, *Rental plus → Rental Plus*).
     * **Unit presentation rules:** metric‑first locales require **km/h** primary; add conversions when imperial appears.
     * **Currency formatting rules:** symbol placement/spacing/ISO style as specified by `lang instructions`.
     * **Register** (form of address) inconsistencies against `lang instructions`.
     * **Terminology usage when explicitly mandatory** (and case-insensitive by default). Do **not** penalize non-mandatory or generic category nouns for casing.
   * **Examples:**

     * *"70 mph" only in FR/DE/ES/PT‑BR* → **Compliance · Major** (add *113 km/h (70 mph)*).
     * *"auto Premium" (category adjective)* → **Compliance · Minor** → *"auto premium"* (IT) unless brand.
     * **Do not** flag ES *alquiler de coches* sentence-case headings unless `lang instructions` mandates Title Case.

5. **Grammar:**

   * **DEFINITION:** Errors in the formal structure of the language.
   * **USE FOR:** Incorrect verb conjugation, noun/adjective agreement, case, tense, prepositions, word order, required repetition in parallel lists.
   * **Examples:** *ein Kleinwagen* → *einen Kleinwagen* (DE, accusative); repeat *auf* in German list items for parallelism.

6. **Punctuation/Spelling/Typos:**

   * **DEFINITION:** Orthographical and typographical errors.
   * **USE FOR:** Typos, misspellings, incorrect accent usage, wrong quotation mark style, missing locale spaces, double spaces, heading ending with a period.
   * **Examples:** *en␣␣Asturias* → *en Asturias* (ES); FR *130 km/h* → *130 km/h* with NBSP; remove trailing period from a heading (IT/NL).

---

## SEVERITY LEVELS & DECISION LADDER

You will assign a severity and score deduction to every issue by following this strict, step-by-step decision ladder.

**Critical (25)** – Safety/legal risk, offensive bias, or fabricated claims **within the text** that could dangerously mislead.

* Examples: harmful stereotypes; incorrect safety-critical numbers; invented product features.

**Major (3)** – Errors that change meaning or materially impair comprehension.

* Examples: mistranslation altering instructions; run‑on that creates ambiguity; **wrong currency for a locale**; missing mandated unit conversion in a metric locale when only imperial is given.

**Minor (1)** – Objective errors that do not block understanding but break rules/conventions.

* Examples: typos; locale quote/spacing rules; heading with stray period; adjective agreement where meaning stays obvious; comma after introductory adverbial (pt‑BR: *Em São Paulo, …*).

**Omit** – Preferential/style‑only feedback with no rule violation.

**Decision Ladder**

1. Policy/safety/offense? → **Critical**.
2. Misleads/changes meaning/blocks understanding? → **Major**.
3. Otherwise objective correctness/formatting breaches → **Minor**.
4. If purely preferential → **Omit**.

---

## Lang-SPECIFIC RULES

# Turkish (tr-TR) Style Guide for Skyscanner

## Critical requirements
- Use the friendly formal `Siz` register consistently. Use modern formal imperatives such as `-ın/-in`; avoid informal `sen` and unnecessarily archaic `-ınız/-iniz` forms.
- Use active voice and short direct CTAs. Helpful > geeky > playful.
- Refer to the country as `Türkiye`, not `Turkey`, when translating the country name.
- The global project-specific exclusion in the master prompt takes priority over any name or geo-name guidance.

## Language and typography
- Do not automatically put commas after conditional `-se/-sa` clauses or verbal-adverb clauses; add one only when Turkish grammar or clarity requires it.
- Do not surround repeated conjunctions with unnecessary commas.
- Use straight quotation marks consistently and the single ellipsis character `…`. Avoid em dashes.
- Use sentence case and do not end headings with a full stop.
- Write numeric dates as `DD.MM.YYYY`.

## Technical content
- Preserve placeholders, variables, tags, numbers, and product tokens exactly.
- URLs must be lowercase and use hyphens; transliterate Turkish URL characters (`ç→c`, `ğ→g`, `ı→i`, `ö→o`, `ş→s`, `ü→u`).
- Do not duplicate the airport word when it is already part of the source name.
- Keep Skyscanner unchanged.

## Content and compliance
- Use natural SEO language; no keyword stuffing or preference-only rewrites.
- Do not externally fact-check laws, prices, limits, or policies.
- Do not claim Skyscanner provides discounts. Use “best” only with a supplied measurable basis.
- Avoid greenwashing and absolute claims that travel is green, clean, eco-friendly, or sustainable.



---

## OUTPUT JSON CONTRACT (RETURN THIS OBJECT ONLY)

You will return a **single, valid JSON object** and nothing else. Do not add any explanatory text before or after it.

```json
{
  "review_findings": [
    {
      "text": "<The full, original sentence or text snippet containing the error>",
      "issue": "<A concise, one-sentence description of the objective error. Example: 'Incorrect gender agreement between noun and adjective.'>",
      "type_of_issue": "<Must be one of: AI-issues, Style, Accuracy, Compliance, Grammar, Punctuation/Spelling/Typos>",
      "solution": "<A brief, actionable instruction for the fix. Example: 'Change the adjective to the feminine form to agree with the noun.'>",
      "updated_sentence": "<The full sentence, rewritten with the solution correctly applied. For paragraph splits, include the full corrected multi-paragraph snippet with blank lines between paragraphs.>",
      "severity": "<Must be one of: Minor, Major, Critical>",
      "score_deduction": "<Must be 1, 3, or 25, perfectly matching the severity level>"
    }
  ],
  "overall_feedback": {
    "summary": "<A 2-3 bullet point summary of the most significant and repeated error *patterns*. Focus on systemic issues, not a list of individual errors. Example: 'Consistent failure to apply non-breaking spaces before colons as required by French typography.'>",
    "action_plan": "<A 2-3 bullet point list of concrete, high-level actions to prevent these errors in the future. Example: 'Implement a post-processing check to ensure all brand names are capitalized correctly as per the glossary.'>"
  }
}
```

---

## COMMON MISCLASSIFICATIONS TO AVOID (CHECK BEFORE SUBMIT)

* **Speed limits / legal rules “corrections”** → **Do NOT flag** unless there is an internal contradiction. Missing metric conversion → **Compliance**, not **Accuracy**.
* **Brand/proper‑noun casing** → always **Compliance**, not **Punctuation**.
* **Currency** → symbol **choice for location** = **Accuracy**; **formatting/placement** = **Compliance**.
* **Headings punctuation** (e.g., stray period) → **Punctuation/Spelling/Typos**.
* **Generic vertical/category nouns** (e.g., ES *alquiler de coches*) → keep locale-appropriate sentence case unless the locale pack mandates Title Case.
* **“Awkward/natural” only** → **Omit** unless readability is objectively impaired (then **Style**).

---

## FINAL SELF-CHECK (RUN BEFORE RETURNING JSON)

1. **Is my output a single, valid JSON object with no extra text?**
2. **Did I avoid external fact‑checking and rely only on internal evidence and mandated rules?**
3. **Does every `score_deduction` value (1, 3, 25) perfectly match its `severity` level?**
4. **Are all `type_of_issue` values from the allowed list and mapped per the Language‑Agnostic Categorization Rules?**
5. **Have I strictly followed all rules from the `langinstructions`?**
6. **Is my feedback in the `issue` and `solution` fields concise, objective, and non-creative?**

Return only the JSON object.

2026-09-01 12:27:14,050 - INFO - [A1][TR][2026-2027-tr-car-hire-city-06__0001] USER PROMPT (first batch only):
Topic Name: Uygun fiyatlı araç kiralama: Üsküp

Here is the content to review:

Üsküp'te araç kiralamak için en düşük fiyat ₺2.188 seviyesinde başlıyor, yıllık ortalama ise ₺3.148 olarak kaydediliyor. Farklı tarih ve sağlayıcıları karşılaştırarak bütçenize uygun seçenekleri değerlendirebilirsiniz. Yıl içinde en uygun fiyatlar genellikle Haziran ayında görülüyor, bu nedenle seyahatinizi bu döneme denk getirmek maliyeti düşürebilir. En iyi fırsatları yakalamak için rezervasyonunuzu kalkış tarihinden 3 hafta öncesi yapmanız önerilir. Araç sınıflarını ve teslim koşullarını önceden inceleyerek ihtiyaçlarınıza en uygun kiralama planını belirleyebilir, böylece ek masraflardan kaçınabilirsiniz.



Available key terms:

### Skyscanner Multilingual Glossary ###
- EN: additional driver → tr-TR: ilave sürücü | Definition: An extra person authorized to drive a rented vehicle.
- EN: air conditioning → tr-TR: klima | Definition: A system for cooling and dehumidifying the air.
- EN: airline → tr-TR: hava yolu şirketi | Definition: A company that provides air transport services for traveling passengers.
- EN: airline alliance → tr-TR: hava yolu ittifakı | Definition: A partnership between multiple airlines to provide mutual benefits and seamless travel.
- EN: all inclusive → tr-TR: her şey dâhil | Definition: Hotel package that includes accommodation, all meals, snacks, drinks (both alcoholic and non-alcoholic), and often additional amenities and activities
- EN: amenities → tr-TR: olanaklar | Definition: Title of filter section mainly in hotel search
- EN: apartment → tr-TR: apartman dairesi | Definition: A self-contained housing unit that occupies part of a building.
- EN: App → tr-TR: Uygulama | Definition: An application designed for use on mobile devices.
- EN: Art and culture → tr-TR: Sanat ve kültür | Definition: Activities or attractions related to visual arts, music, theater, and heritage.
- EN: automatic → tr-TR: otomatik | Definition: A type of vehicle transmission that shifts gears automatically.
- EN: baggage allowance → tr-TR: bagaj hakkı | Definition: The amount of luggage a traveler is permitted to carry without incurring additional fees, as defined by the transportation provider
- EN: Beach → tr-TR: Plaj | Definition: A sandy or pebbly shore by a body of water, often a popular destination for relaxation and recreation.
- EN: Black Friday → tr-TR: Efsane Cuma | Definition: A major retail event with extensive sales and promotions, often lasting beyond the day after Thanksgiving. | Notes: This term is accurate as it was used in previous translations and can remain as is. | Example: Efsane Cuma kampanyamızı kaçırdıysanız üzülmeyin!
- EN: board type → tr-TR: pansiyon tipi | Definition: This term refers to the meal plan included with a hotel stay. | Example: Bu tatil paketlerinin fiyat, uçuş yolculuğu, otel yıldız puanı ve pansiyon tipi açısından en iyi kombinasyonu sunduğunu düşünüyoruz.
- EN: book → tr-TR: rezervasyon yapmak | Definition: Verb. To reserve a service, such as a flight.
- EN: book → tr-TR: rezervasyon yapmak | Definition: Verb. To reserve a service, such as a hotel room.
- EN: book → tr-TR: rezerve et | Definition: Verb. To reserve a service, such as a car.
- EN: booking → tr-TR: rezervasyon | Definition: Noun. A reservation for a service.
- EN: booking → tr-TR: rezervasyon | Definition: Noun. A reservation for a service.
- EN: booking → tr-TR: rezervasyon | Definition: Noun. A reservation for a service.
- EN: Business Class → tr-TR: Business Class | Definition: A class of airline service offering more comfort and amenities than economy class.
- EN: business travellers → tr-TR: iş seyahatine çıkan kişiler | Definition: Individuals traveling for work-related purposes.
- EN: cabin bag → tr-TR: kabin bagajı | Definition: A small piece of luggage carried into the passenger cabin.
- EN: cabin baggage → tr-TR: kabin bagajı | Definition: Same as cabin bag.
- EN: cabin class → tr-TR: kabin sınıfı | Definition: The category of service on an aircraft, such as economy, business, or first class. | Example: Aramanıza başlamadan önce kabin sınıfını (Ekonomi, First Class, Business Class veya Premium Ekonomi) seçebilirsiniz.
- EN: cancellation policy → tr-TR: iptal politikası | Definition: The terms and conditions under which a booking can be canceled.
- EN: car hire → tr-TR: araç kiralama | Definition: The act of renting a vehicle.
- EN: Car hire → tr-TR: Araç kiralama | Definition: Rental of an automobile for a specified period
- EN: car hire company → tr-TR: araç kiralama şirketi | Definition: A business that provides rental vehicles.
- EN: car hire deal → tr-TR: araç kiralama fırsatı | Definition: Discounted or special offer on car rental services.
- EN: carbon footprint → tr-TR: karbon ayak izi | Definition: A carbon footprint refers to the total amount of CO2 emissions released into the atmosphere as a result of the activities of an business, individual or event.
- EN: charge → tr-TR: ücret almak | Definition: Verb. To add fee for a service or product.
- EN: charge → tr-TR: ücret | Definition: Noun. Fee for a service or product
- EN: Cheapest month → tr-TR: En ucuz ay | Definition: The cheapest month features in ‘Flexible Dates’ tab highlights the cheapest month to travel, as well as the lowest price per month to travel to the destination.
- EN: check in → tr-TR: check in yapma | Definition: Verb - The process of registering for a flight.
- EN: check in → tr-TR: giriş | Definition: Verb - The process of registering for a hotel stay.
- EN: check out → tr-TR: çıkış | Definition: Verb - The process of completing a stay at a hotel.
- EN: check-in → tr-TR: check-in | Definition: Noun - The process of registering for a flight.
- EN: check-in → tr-TR: giriş | Definition: Noun - The process of completing a stay at a hotel.
- EN: check-out → tr-TR: çıkış | Definition: Noun - The process of leaving and settling the bill at a hotel.
- EN: checked bag → tr-TR: kayıtlı bagaj | Definition: Bag that is handed over to the airline for transport in the cargo hold.
- EN: checked luggage → tr-TR: kayıtlı bagaj | Definition: Luggage that is handed over to the airline for transport in the cargo hold.
- EN: cO2e emissions → tr-TR: cO2e emisyonları | Definition: Carbon dioxide equivalent emissions, measuring the impact of greenhouse gases.
- EN: Collision Damage Waiver → tr-TR: Muafiyetli Kaza Teminatı | Definition: This is a type of insurance offered by rental car companies that limits your liability if the car is damaged in an accident. 
However, it typically doesn’t cover the full cost; you still have to pay a portion of  the repair costs, called the excess or deductible. | Example: Muafiyetli Kaza Teminatı çarpışma halindeki hasarları kapsar.
- EN: commercial van → tr-TR: ticari panelvan | Definition: Vehicles designed for transporting goods and materials for business purposes.
- EN: compact → tr-TR: kompakt | Definition: A category of rental cars that are slightly larger than economy cars but still small and efficient.
- EN: connecting flight → tr-TR: aktarmalı uçuş | Definition: A flight requiring a change of planes to reach the final destination.
- EN: convertible → tr-TR: üstü açılır | Definition: A car with a roof structure that can be 'converted' to allow open-air or enclosed driving.
- EN: Cookie Policy → tr-TR: Çerez Politikası | Definition: Policy that governs the use of cookies on Skyscanner's website, ensuring transparency regarding data usage
- EN: country house → tr-TR: kır evi | Definition: A large house in the countryside
- EN: coupe → tr-TR: coupe | Definition: A car with a fixed-roof body style that is shorter than a sedan of the same model.
- EN: couples → tr-TR: çift | Definition: Pairs of individuals traveling together
- EN: Cyber Monday → tr-TR: Siber Pazartesi | Definition: An online shopping event on the Monday after Thanksgiving, featuring exclusive digital deals and discounts. | Notes: The Turkish equivalent of this term is in widespread use. | Example: Siber Pazartesi indirimiyle bu senenin gözde rotalarını siz de keşfedin.
- EN: deal → tr-TR: fırsat | Definition: A special offer or discount.
- EN: departure country → tr-TR: kalkış ülkesi | Definition: The country from which a journey begins.
- EN: departure date → tr-TR: kalkış tarihi | Definition: The date on which a journey starts.
- EN: departure time → tr-TR: kalkış saati | Definition: The scheduled time a flight is set to leave.
- EN: destination → tr-TR: varış noktası | Definition: The final place or location to which someone is traveling. It is the end point of a journey where travelers intend to stay, explore, or visit. Destinations can range from cities and countries to specific attractions or resorts.
- EN: destination airport → tr-TR: varış havalimanı | Definition: The airport where a journey ends.
- EN: destination country → tr-TR: varış ülkesi | Definition: The country where a journey ends.
- EN: direct → tr-TR: aktarmasız | Definition: A flight with no scheduled stops between the departure and arrival points.
- EN: direct flight → tr-TR: aktarmasız uçuş | Definition: A flight with no scheduled stops between the departure and arrival points.
- EN: domestic flight → tr-TR: yurt içi uçuş | Definition: A flight within the same country.
- EN: drop → tr-TR: düşenler | Notes: Noun. To be translated based on context | Example: 36 £ indirim

Fiyatı düşenler
- EN: drop → tr-TR: İndirmek | Notes: Verb. To be translated based on context | Example: Bir sonraki seyahatiniz in fiyatı bugün inebilir

Başka bir kalkış şehri seçin veya daha sonrauğrayıntekrar kontrol edin.

Bugünün yeni düşen fiyatları
- EN: drop-off → tr-TR: teslim etme | Definition: The date, time or location where a rented vehicle is returned at the end of the rental period.
- EN: DROPS → tr-TR: DROPS | Definition: Feature name.

DROPS is a new “sub-brand” of Skyscanner. It is an app-exclusive product only available for logged-in users that helps travelers spot flight deals that have dropped by more than 20% and that are available for only 24h. | Notes: Follow the source capitalization.

Feature name. To be left in English | Example: DROPS'a Hoş Geldiniz

Bir sonraki seyahatinize DROPS karar versin
- EN: Drops → tr-TR: Drops | Definition: Feature name.

Drops is a new “sub-brand” of Skyscanner. It is an app-exclusive product only available for logged-in users that helps travelers spot flight deals that have dropped by more than 20% and that are available for only 24h. | Notes: Follow the source capitalization.

Feature name. To be left in English | Example: Drops'u yenile

Drops hakkında daha fazla bilgi edinin
- EN: economy → tr-TR: ekonomik | Definition: A category of rental cars that are typically small, fuel-efficient, and inexpensive. | Example: 557 TL ile başlayan fiyatlarla ekonomik araç kiralama fırsatları
- EN: Economy → tr-TR: ekonomi | Definition: The Economy flight class refers to the most basic and affordable class of service on an airplane. | Example: First Class, Business Class veya Premium Ekonomi biletleri
- EN: electric → tr-TR: elektrikli | Definition: Vehicles powered by electricity, typically from batteries.
- EN: email → tr-TR: e-posta | Definition: Electronic mail address used for communication.
- EN: estimated price → tr-TR: tahminî fiyat | Definition: An approximate cost for a service.
- EN: Everywhere → tr-TR: Tüm dünya | Definition: Option to search for travel destinations worldwide.
- EN: Excellent → tr-TR: Mükemmel | Definition: Rating indicating superior quality or performance.
- EN: Excess Waiver → tr-TR: Sıfır Muafiyet Sigortası | Definition: This is an additional insurance that covers the excess amount not covered by the CDW. If you buy an excess waiver, you won’t have to pay  anything in the event of a claim, as it "waives" your responsibility for the excess 
portion. So, the CDW reduces your liability for damage, while the excess waiver eliminates your out-of-pocket costs for the excess amount. | Example: Eğer sıfır muafiyet aldıysanız buna gerek yok çünkü hiçbir hasardan sorumlu değilsiniz.
- EN: explore → tr-TR: Keşfedin | Definition: Option to discover new destinations or services.
- EN: Explore everywhere → tr-TR: Tüm dünyayı keşfedin | Definition: The sentence case will be used whenever the term is employed in the UI itself or as part of a sentence.
- EN: Explore Everywhere → tr-TR: Tüm Dünyayı Keşfedin | Definition: Used as feature or proper noun - Option to view travel options for various destinations globally.
- EN: extra charge → tr-TR: ekstra ücret | Definition: An additional fee for a service or product.
- EN: Fair Fuel Policy → tr-TR: Adil Yakıt Politikası | Definition: A policy ensuring fair charges for fuel in rental agreements.
- EN: families → tr-TR: aile | Definition: Groups traveling together, typically including parents and children.
- EN: FAQ → tr-TR: SSS | Definition: Frequently Asked Question
- EN: FAQs → tr-TR: SSS | Definition: Frequently Asked Questions
- EN: fare → tr-TR: ücret | Definition: The cost of a ticket for travel.
- EN: fee → tr-TR: ücret | Definition: A charge for a service or product.
- EN: First Class → tr-TR: First Class | Definition: A premium class of airline service offering high level of comfort and amenities.
- EN: Flexible dates → tr-TR: Esnek tarihler | Definition: Previous "Whole month" feature. Calendar Tab that shows Whole month prices that allows users to make month view searches.
- EN: flight deal → tr-TR: uçuş fırsatı | Definition: Discounted or special offer on air travel tickets.
- EN: flight details → tr-TR: uçuş bilgileri | Definition: Information about a specific flight.
- EN: flight emissions → tr-TR: uçuş emisyonu | Definition: The amount of CO2 produced by a flight. Title for a feature that badges up flights with lower carbon dioxide emissions compared to other flights in the result set.
- EN: flight time → tr-TR: uçuş süresi | Definition: The duration of a flight.
- EN: Flights → tr-TR: Uçuşlar | Definition: Air travel services provided by airlines.
- EN: fuel → tr-TR: yakıt | Definition: Gasoline or diesel used to power vehicles, including cars, motorcycles, boats, or recreational vehicles.
- EN: full board → tr-TR: tam pansiyon | Definition: Hotel option that covers accommodation and three meals a day (breakfast, lunch, and dinner). Drinks and additional activities are usually not included
- EN: full to full → tr-TR: tam depo alım ve teslim | Definition: Fuel policy where the car is provided with a full tank and must be returned with a full tank.
- EN: fullsize → tr-TR: büyük hacimli | Definition: A category of rental cars that are larger and offer more comfort and space.
- EN: getaway → tr-TR: kaçamak | Definition: A short vacation or trip, often taken to escape from daily routine and responsibilities. It usually involves traveling to a relaxing or enjoyable destination.
- EN: Good → tr-TR: İyi | Definition: Rating indicating satisfactory quality or performance.
- EN: Great food → tr-TR: Harika yemekler | Definition: High-quality or highly recommended culinary experiences.
- EN: guest → tr-TR: konuk | Definition: A person staying at a hotel or other accommodation.
- EN: guest house → tr-TR: konuk evi | Definition: A small, private hotel or lodging.
- EN: guest reviews → tr-TR: konuk değerlendirmeleri | Definition: Feedback and ratings from customers who have used a service or stayed at a property.
- EN: half board → tr-TR: yarım pansiyon | Definition: Hotel option that covers accommodation, breakfast, and one other meal (usually dinner). Drinks and additional meals are typically not included.
- EN: hire car → tr-TR: kiralık araç | Definition: A vehicle rented for a short period, ranging from a few hours to several weeks, typically from a rental agency.
- EN: holiday rentals → tr-TR: Kiralık tatil yerleri | Definition: Properties available for short-term vacation stays.
- EN: home airport → tr-TR: en yakın havalimanı | Definition: The airport closest to a traveler's residence.
- EN: hostel → tr-TR: Hostel | Definition: Budget-friendly accommodation
- EN: hotel → tr-TR: otel | Definition: An establishment providing lodging, meals, or other guest services.
- EN: hotel deal → tr-TR: otel fırsatı | Definition: Discounted or special offer on hotel bookings.
- EN: Hotels → tr-TR: Oteller | Definition: Establishments providing lodging, meals, and other services for travelers.
- EN: hybrid → tr-TR: hibrit | Definition: Vehicles powered by both an internal combustion engine and an electric motor.
- EN: inbound flight → tr-TR: dönüş | Definition: The flight that takes the passenger back from their destination to their original departure location.
- EN: intermediate → tr-TR: D segmenti | Definition: A category of rental cars that are larger than economy but smaller than full-size.
- EN: itinerary → tr-TR: seyahat planı | Definition: A detailed plan or schedule of a trip, listing all destinations, activities, and accommodations, along with the times and dates for each part of the journey.
- EN: journey → tr-TR: yolculuk | Definition: A journey refers to the act of traveling from one place to another, usually involving a significant distance or time commitment.
- EN: latest price → tr-TR: en güncel fiyat | Definition: The most recent cost for a service or product.
- EN: location → tr-TR: konum | Definition: A specific place or position where something is situated or where an event occurs.
- EN: log in → tr-TR: oturum açma | Definition: To access an account by entering credentials.
- EN: log out → tr-TR: oturumu kapatma | Definition: To exit an account.
- EN: login → tr-TR: oturum açma | Definition: The act of logging in to a computer, database, or system.
- EN: long wait → tr-TR: uzun bekleme süresi | Definition: An extended period of waiting, often at airports between flights.
- EN: low-cost → tr-TR: uygun maliyetli | Definition: Services, particularly airlines, that are designed to offer lower prices by reducing the range of services and amenities traditionally included in the fare.
- EN: lowest price → tr-TR: En düşük fiyat | Definition: The least expensive cost for a service or product.
- EN: luxury → tr-TR: lüks | Definition: High-end, premium vehicles offering superior comfort and features.
- EN: manual → tr-TR: manuel | Definition: A type of vehicle transmission that requires the driver to manually shift gears.
- EN: mini → tr-TR: A segmenti | Definition: A category of rental cars that are very small, typically suitable for city driving.
- EN: mobile app → tr-TR: mobil uygulama | Definition: An application designed for use on mobile devices.
- EN: motorcycle → tr-TR: motosiklet | Definition: A two-wheeled motor vehicle.
- EN: Multi-city → tr-TR: Çoklu şehir | Definition: Multi-city flights are a smart way to see more destinations in one go, by adding extra legs to your trip. If, for example, you can’t decide between Paris or Rome, you can book flights to both cities and turn your trip into an itinerary.
- EN: multi-city → tr-TR: çoklu şehir | Definition: Multi-city flights are a smart way to see more destinations in one go, by adding extra legs to your trip. If, for example, you can’t decide between Paris or Rome, you can book flights to both cities and turn your trip into an itinerary.
- EN: Nearby airports → tr-TR: Yakındaki havalimanları | Definition: Widen your search for flight deals by selecting the “add nearby airports” option to search flight prices for all the nearest airports at your departure point and your destination to increases your chances of finding the best deal at both ends of your trip.
- EN: nearby airports → tr-TR: yakındaki havalimanları | Definition: Widen your search for flight deals by selecting the “add nearby airports” option to search flight prices for all the nearest airports at your departure point and your destination to increases your chances of finding the best deal at both ends of your trip.
- EN: Nightlife and entertainment → tr-TR: Gece hayatı ve eğlence | Definition: Activities and venues that provide entertainment, typically during the evening, such as clubs and bars.
- EN: no extra fees → tr-TR: ek ücret yok | Definition: Indicates that there are no additional charges beyond the listed price.
- EN: non refundable → tr-TR: iade edilemez | Definition: A booking or a charge that cannot be refunded.
- EN: non-protected transfer → tr-TR: garanti olmayan aktarma | Definition: Booking connecting flights with more than one provider means the ongoing flight may not be guaranteed, and is at risk from delays or cancellations. It's also needed to collect your luggage and check into the second flight.
- EN: one way → tr-TR: tek yön | Definition: A trip that does not include a return journey.
- EN: one way → tr-TR: tek yön | Definition: A train trip that does not include a return journey. | Example: Tek yön tren biletinizi şimdiden alıp tasarruf edin.
- EN: one-way → tr-TR: tek yön | Definition: A trip that does not include a return journey.
- EN: outbound → tr-TR: gidiş | Definition: The flight that takes a passenger from their home or starting location to their destination.
- EN: outbound flight → tr-TR: gidiş uçuşu | Definition: The flight that takes a passenger from their home or starting location to their destination.
- EN: Outdoor adventures → tr-TR: Açık hava maceraları | Definition: Activities involving physical exertion in natural settings, such as hiking, rafting, or camping.
- EN: package → tr-TR: tatil paketi | Definition: Used in the meaning of “package holiday”, referring to the package deals in our Packages vertical that include flights and a hotel. This is for when we talk about packages in running copy and in general, as opposed to the vertical name. | Notes: Can be translated as "paket" ("package") and not "tatil paketi" ("holiday package") when referred to as flight package or hotel package. | Example: - Tatil paketlerinde farklı uçuş saatleri ile farklı oda ve pansiyon seçenekleri bulunabilir.
- Tatil paketi sağlayıcılar aranıyor
- Aramanıza uygun herhangi bir uçuş ve otel paketi bulunmuyor
- EN: Packages → tr-TR: tatil paketleri
- EN: parking → tr-TR: otopark | Definition: Space or facility to park vehicles.
- EN: passenger → tr-TR: yolcu | Definition: An individual traveling on a plane, train, or other mode of transport.
- EN: passenger van → tr-TR: yolcu minibüsü | Definition: A van configured to carry passengers.
- EN: Pay on arrival → tr-TR: Varışta ödeyin | Definition: Option to pay for a service upon arrival at the location.
- EN: pay on arrival → tr-TR: Varışta ödeyin
- EN: people carrier → tr-TR: minivan | Definition: A vehicle designed to transport multiple passengers
- EN: pick up truck → tr-TR: pikap | Definition: A light-duty truck with an enclosed cab and an open cargo area.
- EN: pick-up → tr-TR: Teslim alma | Definition: The act of collecting a rental vehicle.
- EN: Premium → tr-TR: Premium | Definition: A category of rental cars that offer higher-end features and more comfort.
- EN: Premium Economy → tr-TR: Premium Ekonomi | Definition: A class of airline service between economy and business class.
- EN: Price → tr-TR: Fiyat | Definition: The cost of a service or product.
- EN: Price Alert → tr-TR: Fiyat Uyarısı | Definition: Skyscanner's Price Alert feature notifies users via email or push notification about fluctuations in the prices of plane tickets they're interested in.
- EN: Price Alerts → tr-TR: Fiyat Uyarıları | Definition: Skyscanner's Price Alert feature notifies users via email or push notification about fluctuations in the prices of plane tickets they're interested in.
- EN: price per night → tr-TR: gecelik fiyat | Definition: The cost of accommodation for one night.
- EN: Privacy Policy → tr-TR: Gizlilik Politikası | Definition: Policy that outlines how Skyscanner handles users' personal information, emphasizing user control and transparency
- EN: private home → tr-TR: özel konut | Definition: Residential property that is rented out to travelers for short-term stays
- EN: property → tr-TR: tesis | Definition: In the travel context, a property refers to a place of lodging, such as a hotel, resort, bed and breakfast, or vacation rental, where travelers can stay during their trip.
- EN: provider → tr-TR: hizmet sağlayıcı | Definition: A company or individual offering a service. Car Hire vertical
- EN: provider → tr-TR: hizmet sağlayıcı | Definition: A company or individual offering a service.
- EN: provider → tr-TR: hizmet sağlayıcı | Definition: A company or individual offering a service. Hotel vertical
- EN: rating → tr-TR: puan | Definition: A score or review given to a service or product.
- EN: Read more → tr-TR: Devamını okuyun | Definition: Option to view additional information.
- EN: recent searches → tr-TR: son aramalar | Definition: A list of previous search queries.
- EN: Recommended Provider → tr-TR: En İyi Sağlayıcı | Definition: A booking partner that meets our top-quality criteria, demonstrated by a high Partner Quality Score, strong price accuracy, and reliable downstream visibility. This designation helps travelers make informed choices by identifying partners that offer a trustworthy and seamless booking experience.
- EN: recreational vehicle → tr-TR: karavan tipi araç | Definition: RV, a motor vehicle or trailer equipped with living space and amenities for travel.
- EN: residence → tr-TR: rezidans | Definition: Fully furnished apartments or suites that are available for short-term or long-term stays or  a private home or villa that is rented out to travelers for short-term stays,
- EN: resort → tr-TR: tatil köyü | Definition: A place that offers a variety of recreational activities and amenities
- EN: result → tr-TR: sonuç | Definition: An outcome from a search or query.
- EN: return → tr-TR: gidiş-dönüş | Definition: A flight that includes both the outbound and inbound journeys, completing the round trip. | Example: Lütfen dönüş için bir tarih ekleyin.
- EN: return → tr-TR: dönüş | Definition: A flight that returns to the original departure location (1 flight) | Notes: Please make sure to NOT use a hyphen between "gidiş dönüş" when using this term. | Example: Gidiş dönüş uçak bileti için bulduğumuz en iyi fiyat X.
- EN: return → tr-TR: gidiş-dönüş | Definition: A train journey that includes both the outbound and inbound journeys, completing the round trip. | Example: Gidiş-dönüş tren bileti alarak tasarruf edin.
- EN: return → tr-TR: dönüş | Definition: A train trip to return to the original departure location (1 trip)" | Example: Dönüş biletinizi rezerve etmeyi unutmayın.
- EN: return date → tr-TR: dönüş tarihi | Definition: The date of the return journey.
- EN: return flight → tr-TR: dönüş uçuşu | Definition: A flight that includes both the outbound and inbound journeys, completing the round trip. | Notes: Please note that "uçuş" is used when referring to the flight itself, and "uçak bileti" when it's about the ticket/price. | Example: Bir saat sonra dönüş uçuşu var.
- EN: return flight → tr-TR: dönüş uçuşu | Definition: A flight that returns to the original departure location (1 flight) | Notes: Please note that "uçuş" is used when referring to the flight itself, and "uçak bileti" when it's about the ticket/price. | Example: Atina'ya gidiş dönüş uçak bileti fiyatlarını inceleyin.
- EN: return trip → tr-TR: gidiş-dönüş seyahat | Definition: A journey including both the outbound journey to the destination and the inbound journey back to the starting location.
- EN: Review → tr-TR: Değerlendir | Definition: Verb - Add an evaluation or feedback about a service or product.
- EN: review → tr-TR: değerlendirme | Definition: Noun - An evaluation or feedback about a service or product.
- EN: room → tr-TR: oda | Definition: A space within a building for accommodation
- EN: same to same → tr-TR: aynı dolulukta teslim | Definition: Fuel policy where the car must be returned with the same amount of fuel as when picked up.
- EN: Satisfactory → tr-TR: Kabul edilebilir | Definition: Rating indicating acceptable quality or performance, but with some issues.
- EN: Saved → tr-TR: Kaydedilenler | Definition: For travellers planning one or more trips, this feature empowers users to save different elements of their travel, so they can compare and monitor prices, book at a time that suits and/or find the perfect option.
- EN: Savvy Search → tr-TR: Yol Arkadaşım | Definition: Savvy Search is a generative AI planning tool developed internally. It is designed to help travelers discover new destinations and experiences by asking questions like "What kind of trip is on your mind?" This tool is powered by OpenAI's ChatGPT and uses historical internet data along with Skyscanner's destination and price data to provide travel recommendations | Example: Karşınızda Yol Arkadaşım




Yol Arkadaşım ile sınırları aşın, hayal ötesi yolculuklara atılın.
- EN: search → tr-TR: arama | Definition: The process of looking for specific travel-related information or options, such as flights, hotels, rental cars
- EN: search → tr-TR: ara | Definition: To look for information or options.
- EN: select → tr-TR: seçin/seç | Definition: The act of choosing or picking a specific option from a range of available choices.
- EN: self catering → tr-TR: yemeksiz | Definition: This type of accommodation may or may not provide guests with kitchen facilities to prepare their own meals. No meals are included in the package | Notes: “Self catering” can actually mean both accommodations with cooking facilities and accommodations with no meal plan provided where the guests need to organise for their own meals outside of the accommodation.
- EN: self-transfer → tr-TR: Yolcu sorumluluğunda aktarma | Definition: When passengers need to transfer between flights on their own without airline assistance. It may be necessary to check in separately for each connecting flight.
- EN: sign up → tr-TR: kaydolma | Definition: Option to create a new account.
- EN: solo travellers → tr-TR: tek başına seyahat eden kişiler | Definition: Individuals traveling alone.
- EN: sports car → tr-TR: spor araç | Definition: A car designed for high performance and agility, often with a sleek design.
- EN: standard → tr-TR: standart | Definition: A category of rental cars that offer a balance between size, comfort, and cost.
- EN: star → tr-TR: yıldız | Definition: A hotel star rating is a system used to classify hotels based on their quality, amenities, service, and overall guest experience.
- EN: star → tr-TR: yıldız
- EN: star rating → tr-TR: yıldız puanı | Definition: A hotel star rating is a system used to classify hotels based on their quality, amenities, service, and overall guest experience.
- EN: stay → tr-TR: konaklama | Definition: Period during which a guest resides at an accommodation, such as a hotel.
- EN: stop → tr-TR: aktarma | Definition: Flight connection at other airport before reaching the destination (not direct flights)
- EN: Suggested for you → tr-TR: Size özel öneriler | Definition: Personalized recommendations based on your interests or past behavior.
- EN: SUV → tr-TR: SUV | Definition: Sport Utility Vehicle, a larger car often with off-road capability and more passenger/cargo space.
- EN: tax → tr-TR: vergi | Definition: Compulsory financial charges imposed by a government.
- EN: Terms of Service → tr-TR: Hizmet Şartları | Definition: The rules and conditions for using a service.
- EN: Top Provider → tr-TR: En İyi Sağlayıcı | Definition: A booking partner that meets our top-quality criteria, demonstrated by a high Partner Quality Score, strong price accuracy, and reliable downstream visibility. This designation helps travelers make informed choices by identifying partners that offer a trustworthy and seamless booking experience.
- EN: total price → tr-TR: toplam fiyat | Definition: The complete cost of a service or product.
- EN: transfer → tr-TR: transfer/aktarma | Definition: The act of moving travelers from one location to another.
- EN: transfer → tr-TR: transfer/aktarma | Definition: Service or act of moving from one mode of transport to another.
- EN: transmission → tr-TR: vites | Definition: The mechanism by which power is transmitted from the engine to the wheels in a vehicle.
- EN: travel agent → tr-TR: seyahat acentesi | Definition: A professional who plans and books travel arrangements for clients.
- EN: travel Hack → tr-TR: Seyahat İpuçları | Definition: Tips and strategies for making travel easier or cheaper.
- EN: travel insurance → tr-TR: seyahat sigortası | Definition: Coverage for risks associated with travel, such as trip cancellations and medical emergencies.
- EN: Travel Tuesday → tr-TR: Travel Tuesday | Definition: A marketing initiative on the Tuesday after Thanksgiving, offering significant discounts on travel-related purchases like flights and hotels. | Notes: The Turkish translation of this term sees extremely limited use, largely remaining in English following its initial promotion in a column. As it is not yet widespread in Turkey, the safest approach is to leave it untranslated. | Example: Uygun fiyatlarla rezervasyon yapmak isteyen gezginlere özel Travel Tuesday indirimleri sizi bekliyor.
- EN: traveller → tr-TR: yolcu | Definition: An individual who is traveling.
- EN: trip → tr-TR: yolculuk | Definition: A journey from one place to another.
- EN: Underrated Destinations → tr-TR: Değeri Anlaşılmamış Yerler | Definition: Travel locations that are less popular but worth visiting.
- EN: unique stays → tr-TR: benzersiz konaklama yerleri | Definition: Accommodations that offer unusual or distinctive experiences.
- EN: unlimited mileage → tr-TR: sınırsız kilometre | Definition: Option allowing unlimited travel distance in a rental vehicle.
- EN: van → tr-TR: panelvan | Definition: A larger vehicle used for transporting goods or people.
- EN: vehicle → tr-TR: araç | Definition: A mode of transportation used to move from one place to another.
- EN: Very good → tr-TR: Çok iyi | Definition: Rating indicating high quality or performance.
- EN: Vibes → tr-TR: Tatil modunuz | Definition: Vibes is an AI-powered feature developed by Skyscanner that enhances the Explore Everywhere experience by categorising and sorting travel destinations in a smart, intuitive way to inspire travellers. These “vibes” are essentially themed tiles or categories—likely based on mood, activity type, scenery, or travel style (e.g. “beach escape”, “romantic getaway”, “adventurous hiking”)—that help users discover destinations they might not have otherwise considered. | Example: Tatil modunuza göre aralarından dilediğinizi seçebileceğiniz varış noktalarıyla yaza hızlı bir giriş yapın.
- EN: wagon → tr-TR: station vagon | Definition: A car with a longer body and more cargo space, often with a rear hatch door.
- EN: Whole month → tr-TR: Tüm ay | Definition: Option to view availability and prices for an entire month.
- EN: whole month → tr-TR: tüm ay | Definition: Option to view availability and prices for an entire month.
- EN: With honours → tr-TR: Olağanüstü hizmet | Definition: A high distinction or recognition for excellence.

2026-09-01 12:27:14,066 - INFO - [TR] Agent 1 window 0-9 (10 batches)
2026-09-01 12:27:14,152 - INFO - AFC is enabled with max remote calls: 10.
2026-09-01 12:27:14,152 - WARNING - Direct use of automatic function calling (AFC) in AsyncModels.generate_content is not recommended. Instead, we recommend to use AFC in AsyncChat.send_message. Similarly, direct use of AFC in AsyncModels.generate_content_stream is not recommended. Instead, we recommend to use AFC in AsyncChat.send_message_stream.
2026-09-01 12:27:14,179 - INFO - AFC is enabled with max remote calls: 10.
2026-09-01 12:27:14,181 - INFO - AFC is enabled with max remote calls: 10.
2026-09-01 12:27:14,182 - INFO - AFC is enabled with max remote calls: 10.
2026-09-01 12:27:14,183 - INFO - AFC is enabled with max remote calls: 10.
2026-09-01 12:27:14,183 - INFO - AFC is enabled with max remote calls: 10.
2026-09-01 12:27:14,184 - INFO - AFC is enabled with max remote calls: 10.
2026-09-01 12:27:14,185 - INFO - AFC is enabled with max remote calls: 10.
2026-09-01 12:27:14,186 - INFO - AFC is enabled with max remote calls: 10.
2026-09-01 12:27:14,187 - INFO - AFC is enabled with max remote calls: 10.
2026-09-01 12:27:26,564 - INFO - HTTP Request: POST https://generativelanguage.googleapis.com/v1beta/models/gemini-2.5-pro:generateContent "HTTP/1.1 200 OK"
2026-09-01 12:27:26,582 - INFO - HTTP Request: POST https://generativelanguage.googleapis.com/v1beta/models/gemini-2.5-pro:generateContent "HTTP/1.1 200 OK"
2026-09-01 12:27:28,666 - INFO - HTTP Request: POST https://generativelanguage.googleapis.com/v1beta/models/gemini-2.5-pro:generateContent "HTTP/1.1 200 OK"
2026-09-01 12:27:30,548 - INFO - HTTP Request: POST https://generativelanguage.googleapis.com/v1beta/models/gemini-2.5-pro:generateContent "HTTP/1.1 200 OK"
2026-09-01 12:27:31,148 - INFO - HTTP Request: POST https://generativelanguage.googleapis.com/v1beta/models/gemini-2.5-pro:generateContent "HTTP/1.1 200 OK"
2026-09-01 12:27:31,984 - INFO - HTTP Request: POST https://generativelanguage.googleapis.com/v1beta/models/gemini-2.5-pro:generateContent "HTTP/1.1 200 OK"
2026-09-01 12:27:33,128 - INFO - HTTP Request: POST https://generativelanguage.googleapis.com/v1beta/models/gemini-2.5-pro:generateContent "HTTP/1.1 200 OK"
2026-09-01 12:27:41,912 - INFO - HTTP Request: POST https://generativelanguage.googleapis.com/v1beta/models/gemini-2.5-pro:generateContent "HTTP/1.1 200 OK"
2026-09-01 12:27:44,399 - INFO - HTTP Request: POST https://generativelanguage.googleapis.com/v1beta/models/gemini-2.5-pro:generateContent "HTTP/1.1 200 OK"
2026-09-01 12:27:44,662 - INFO - HTTP Request: POST https://generativelanguage.googleapis.com/v1beta/models/gemini-2.5-pro:generateContent "HTTP/1.1 200 OK"
2026-09-01 12:27:44,668 - INFO - [TR] Waiting 10.0s before next Agent 1 window…
2026-09-01 12:27:54,671 - INFO - [TR] Agent 1 window 10-19 (10 batches)
2026-09-01 12:27:54,742 - INFO - AFC is enabled with max remote calls: 10.
2026-09-01 12:27:54,744 - INFO - AFC is enabled with max remote calls: 10.
2026-09-01 12:27:54,744 - INFO - AFC is enabled with max remote calls: 10.
2026-09-01 12:27:54,745 - INFO - AFC is enabled with max remote calls: 10.
2026-09-01 12:27:54,746 - INFO - AFC is enabled with max remote calls: 10.
2026-09-01 12:27:54,747 - INFO - AFC is enabled with max remote calls: 10.
2026-09-01 12:27:54,748 - INFO - AFC is enabled with max remote calls: 10.
2026-09-01 12:27:54,754 - INFO - AFC is enabled with max remote calls: 10.
2026-09-01 12:27:54,755 - INFO - AFC is enabled with max remote calls: 10.
2026-09-01 12:27:54,756 - INFO - AFC is enabled with max remote calls: 10.
2026-09-01 12:28:07,153 - INFO - HTTP Request: POST https://generativelanguage.googleapis.com/v1beta/models/gemini-2.5-pro:generateContent "HTTP/1.1 200 OK"
2026-09-01 12:28:08,482 - INFO - HTTP Request: POST https://generativelanguage.googleapis.com/v1beta/models/gemini-2.5-pro:generateContent "HTTP/1.1 200 OK"
2026-09-01 12:28:09,755 - INFO - HTTP Request: POST https://generativelanguage.googleapis.com/v1beta/models/gemini-2.5-pro:generateContent "HTTP/1.1 200 OK"
2026-09-01 12:28:10,610 - INFO - HTTP Request: POST https://generativelanguage.googleapis.com/v1beta/models/gemini-2.5-pro:generateContent "HTTP/1.1 200 OK"
2026-09-01 12:28:11,629 - INFO - HTTP Request: POST https://generativelanguage.googleapis.com/v1beta/models/gemini-2.5-pro:generateContent "HTTP/1.1 200 OK"
2026-09-01 12:28:15,826 - INFO - HTTP Request: POST https://generativelanguage.googleapis.com/v1beta/models/gemini-2.5-pro:generateContent "HTTP/1.1 200 OK"
2026-09-01 12:28:17,683 - INFO - HTTP Request: POST https://generativelanguage.googleapis.com/v1beta/models/gemini-2.5-pro:generateContent "HTTP/1.1 200 OK"
2026-09-01 12:28:18,966 - INFO - HTTP Request: POST https://generativelanguage.googleapis.com/v1beta/models/gemini-2.5-pro:generateContent "HTTP/1.1 200 OK"
2026-09-01 12:28:19,331 - INFO - HTTP Request: POST https://generativelanguage.googleapis.com/v1beta/models/gemini-2.5-pro:generateContent "HTTP/1.1 200 OK"
2026-09-01 12:28:25,563 - INFO - HTTP Request: POST https://generativelanguage.googleapis.com/v1beta/models/gemini-2.5-pro:generateContent "HTTP/1.1 200 OK"
2026-09-01 12:28:25,568 - INFO - [TR] Waiting 10.0s before next Agent 1 window…
2026-09-01 12:28:35,580 - INFO - [TR] Agent 1 window 20-29 (10 batches)
2026-09-01 12:28:35,650 - INFO - AFC is enabled with max remote calls: 10.
2026-09-01 12:28:35,655 - INFO - AFC is enabled with max remote calls: 10.
2026-09-01 12:28:35,656 - INFO - AFC is enabled with max remote calls: 10.
2026-09-01 12:28:35,656 - INFO - AFC is enabled with max remote calls: 10.
2026-09-01 12:28:35,657 - INFO - AFC is enabled with max remote calls: 10.
2026-09-01 12:28:35,659 - INFO - AFC is enabled with max remote calls: 10.
2026-09-01 12:28:35,660 - INFO - AFC is enabled with max remote calls: 10.
2026-09-01 12:28:35,661 - INFO - AFC is enabled with max remote calls: 10.
2026-09-01 12:28:35,662 - INFO - AFC is enabled with max remote calls: 10.
2026-09-01 12:28:35,663 - INFO - AFC is enabled with max remote calls: 10.
2026-09-01 12:28:46,760 - INFO - HTTP Request: POST https://generativelanguage.googleapis.com/v1beta/models/gemini-2.5-pro:generateContent "HTTP/1.1 200 OK"
2026-09-01 12:28:47,552 - INFO - HTTP Request: POST https://generativelanguage.googleapis.com/v1beta/models/gemini-2.5-pro:generateContent "HTTP/1.1 200 OK"
2026-09-01 12:28:51,379 - INFO - HTTP Request: POST https://generativelanguage.googleapis.com/v1beta/models/gemini-2.5-pro:generateContent "HTTP/1.1 200 OK"
2026-09-01 12:28:51,732 - INFO - HTTP Request: POST https://generativelanguage.googleapis.com/v1beta/models/gemini-2.5-pro:generateContent "HTTP/1.1 200 OK"
2026-09-01 12:28:52,350 - INFO - HTTP Request: POST https://generativelanguage.googleapis.com/v1beta/models/gemini-2.5-pro:generateContent "HTTP/1.1 200 OK"
2026-09-01 12:28:52,529 - INFO - HTTP Request: POST https://generativelanguage.googleapis.com/v1beta/models/gemini-2.5-pro:generateContent "HTTP/1.1 200 OK"
2026-09-01 12:28:55,145 - INFO - HTTP Request: POST https://generativelanguage.googleapis.com/v1beta/models/gemini-2.5-pro:generateContent "HTTP/1.1 200 OK"
2026-09-01 12:28:55,916 - INFO - HTTP Request: POST https://generativelanguage.googleapis.com/v1beta/models/gemini-2.5-pro:generateContent "HTTP/1.1 200 OK"
2026-09-01 12:29:01,603 - INFO - HTTP Request: POST https://generativelanguage.googleapis.com/v1beta/models/gemini-2.5-pro:generateContent "HTTP/1.1 200 OK"
2026-09-01 12:29:04,913 - INFO - HTTP Request: POST https://generativelanguage.googleapis.com/v1beta/models/gemini-2.5-pro:generateContent "HTTP/1.1 200 OK"
2026-09-01 12:29:04,924 - INFO - [TR] Waiting 10.0s before next Agent 1 window…
2026-09-01 12:29:14,920 - INFO - [TR] Agent 1 window 30-39 (10 batches)
2026-09-01 12:29:14,985 - INFO - AFC is enabled with max remote calls: 10.
2026-09-01 12:29:14,988 - INFO - AFC is enabled with max remote calls: 10.
2026-09-01 12:29:14,989 - INFO - AFC is enabled with max remote calls: 10.
2026-09-01 12:29:14,989 - INFO - AFC is enabled with max remote calls: 10.
2026-09-01 12:29:14,990 - INFO - AFC is enabled with max remote calls: 10.
2026-09-01 12:29:14,992 - INFO - AFC is enabled with max remote calls: 10.
2026-09-01 12:29:14,993 - INFO - AFC is enabled with max remote calls: 10.
2026-09-01 12:29:14,994 - INFO - AFC is enabled with max remote calls: 10.
2026-09-01 12:29:14,995 - INFO - AFC is enabled with max remote calls: 10.
2026-09-01 12:29:14,996 - INFO - AFC is enabled with max remote calls: 10.
2026-09-01 12:29:29,520 - INFO - HTTP Request: POST https://generativelanguage.googleapis.com/v1beta/models/gemini-2.5-pro:generateContent "HTTP/1.1 200 OK"
2026-09-01 12:29:30,886 - INFO - HTTP Request: POST https://generativelanguage.googleapis.com/v1beta/models/gemini-2.5-pro:generateContent "HTTP/1.1 200 OK"
2026-09-01 12:29:31,066 - INFO - HTTP Request: POST https://generativelanguage.googleapis.com/v1beta/models/gemini-2.5-pro:generateContent "HTTP/1.1 200 OK"
2026-09-01 12:29:33,374 - INFO - HTTP Request: POST https://generativelanguage.googleapis.com/v1beta/models/gemini-2.5-pro:generateContent "HTTP/1.1 200 OK"
2026-09-01 12:29:34,961 - INFO - HTTP Request: POST https://generativelanguage.googleapis.com/v1beta/models/gemini-2.5-pro:generateContent "HTTP/1.1 200 OK"
2026-09-01 12:29:35,806 - INFO - HTTP Request: POST https://generativelanguage.googleapis.com/v1beta/models/gemini-2.5-pro:generateContent "HTTP/1.1 200 OK"
2026-09-01 12:29:36,363 - INFO - HTTP Request: POST https://generativelanguage.googleapis.com/v1beta/models/gemini-2.5-pro:generateContent "HTTP/1.1 200 OK"
2026-09-01 12:29:39,441 - INFO - HTTP Request: POST https://generativelanguage.googleapis.com/v1beta/models/gemini-2.5-pro:generateContent "HTTP/1.1 200 OK"
2026-09-01 12:29:39,861 - INFO - HTTP Request: POST https://generativelanguage.googleapis.com/v1beta/models/gemini-2.5-pro:generateContent "HTTP/1.1 200 OK"
2026-09-01 12:29:45,245 - INFO - HTTP Request: POST https://generativelanguage.googleapis.com/v1beta/models/gemini-2.5-pro:generateContent "HTTP/1.1 200 OK"
2026-09-01 12:29:45,251 - INFO - [TR] Waiting 10.0s before next Agent 1 window…
2026-09-01 12:29:55,254 - INFO - [TR] Agent 1 window 40-49 (10 batches)
2026-09-01 12:29:55,313 - INFO - AFC is enabled with max remote calls: 10.
2026-09-01 12:29:55,315 - INFO - AFC is enabled with max remote calls: 10.
2026-09-01 12:29:55,316 - INFO - AFC is enabled with max remote calls: 10.
2026-09-01 12:29:55,317 - INFO - AFC is enabled with max remote calls: 10.
2026-09-01 12:29:55,318 - INFO - AFC is enabled with max remote calls: 10.
2026-09-01 12:29:55,318 - INFO - AFC is enabled with max remote calls: 10.
2026-09-01 12:29:55,319 - INFO - AFC is enabled with max remote calls: 10.
2026-09-01 12:29:55,320 - INFO - AFC is enabled with max remote calls: 10.
2026-09-01 12:29:55,321 - INFO - AFC is enabled with max remote calls: 10.
2026-09-01 12:29:55,321 - INFO - AFC is enabled with max remote calls: 10.
2026-09-01 12:30:10,352 - INFO - HTTP Request: POST https://generativelanguage.googleapis.com/v1beta/models/gemini-2.5-pro:generateContent "HTTP/1.1 200 OK"
2026-09-01 12:30:11,140 - INFO - HTTP Request: POST https://generativelanguage.googleapis.com/v1beta/models/gemini-2.5-pro:generateContent "HTTP/1.1 200 OK"
2026-09-01 12:30:12,183 - INFO - HTTP Request: POST https://generativelanguage.googleapis.com/v1beta/models/gemini-2.5-pro:generateContent "HTTP/1.1 200 OK"
2026-09-01 12:30:15,707 - INFO - HTTP Request: POST https://generativelanguage.googleapis.com/v1beta/models/gemini-2.5-pro:generateContent "HTTP/1.1 200 OK"
2026-09-01 12:30:18,299 - INFO - HTTP Request: POST https://generativelanguage.googleapis.com/v1beta/models/gemini-2.5-pro:generateContent "HTTP/1.1 200 OK"
2026-09-01 12:30:20,469 - INFO - HTTP Request: POST https://generativelanguage.googleapis.com/v1beta/models/gemini-2.5-pro:generateContent "HTTP/1.1 200 OK"
2026-09-01 12:30:23,831 - INFO - HTTP Request: POST https://generativelanguage.googleapis.com/v1beta/models/gemini-2.5-pro:generateContent "HTTP/1.1 200 OK"
2026-09-01 12:30:24,095 - INFO - HTTP Request: POST https://generativelanguage.googleapis.com/v1beta/models/gemini-2.5-pro:generateContent "HTTP/1.1 200 OK"
2026-09-01 12:30:25,125 - INFO - HTTP Request: POST https://generativelanguage.googleapis.com/v1beta/models/gemini-2.5-pro:generateContent "HTTP/1.1 200 OK"
2026-09-01 12:30:27,913 - INFO - HTTP Request: POST https://generativelanguage.googleapis.com/v1beta/models/gemini-2.5-pro:generateContent "HTTP/1.1 200 OK"
2026-09-01 12:30:27,930 - INFO - [TR] Waiting 10.0s before next Agent 1 window…
2026-09-01 12:30:37,940 - INFO - [TR] Agent 1 window 50-59 (10 batches)
2026-09-01 12:30:38,000 - INFO - AFC is enabled with max remote calls: 10.
2026-09-01 12:30:38,002 - INFO - AFC is enabled with max remote calls: 10.
2026-09-01 12:30:38,002 - INFO - AFC is enabled with max remote calls: 10.
2026-09-01 12:30:38,003 - INFO - AFC is enabled with max remote calls: 10.
2026-09-01 12:30:38,005 - INFO - AFC is enabled with max remote calls: 10.
2026-09-01 12:30:38,008 - INFO - AFC is enabled with max remote calls: 10.
2026-09-01 12:30:38,011 - INFO - AFC is enabled with max remote calls: 10.
2026-09-01 12:30:38,013 - INFO - AFC is enabled with max remote calls: 10.
2026-09-01 12:30:38,015 - INFO - AFC is enabled with max remote calls: 10.
2026-09-01 12:30:38,016 - INFO - AFC is enabled with max remote calls: 10.
2026-09-01 12:30:52,899 - INFO - HTTP Request: POST https://generativelanguage.googleapis.com/v1beta/models/gemini-2.5-pro:generateContent "HTTP/1.1 200 OK"
2026-09-01 12:30:53,663 - INFO - HTTP Request: POST https://generativelanguage.googleapis.com/v1beta/models/gemini-2.5-pro:generateContent "HTTP/1.1 200 OK"
2026-09-01 12:30:53,902 - INFO - HTTP Request: POST https://generativelanguage.googleapis.com/v1beta/models/gemini-2.5-pro:generateContent "HTTP/1.1 200 OK"
2026-09-01 12:30:56,759 - INFO - HTTP Request: POST https://generativelanguage.googleapis.com/v1beta/models/gemini-2.5-pro:generateContent "HTTP/1.1 200 OK"
2026-09-01 12:30:58,971 - INFO - HTTP Request: POST https://generativelanguage.googleapis.com/v1beta/models/gemini-2.5-pro:generateContent "HTTP/1.1 200 OK"
2026-09-01 12:30:59,125 - INFO - HTTP Request: POST https://generativelanguage.googleapis.com/v1beta/models/gemini-2.5-pro:generateContent "HTTP/1.1 200 OK"
2026-09-01 12:30:59,168 - INFO - HTTP Request: POST https://generativelanguage.googleapis.com/v1beta/models/gemini-2.5-pro:generateContent "HTTP/1.1 200 OK"
2026-09-01 12:30:59,662 - INFO - HTTP Request: POST https://generativelanguage.googleapis.com/v1beta/models/gemini-2.5-pro:generateContent "HTTP/1.1 200 OK"
2026-09-01 12:31:00,298 - INFO - HTTP Request: POST https://generativelanguage.googleapis.com/v1beta/models/gemini-2.5-pro:generateContent "HTTP/1.1 200 OK"
2026-09-01 12:31:04,277 - INFO - HTTP Request: POST https://generativelanguage.googleapis.com/v1beta/models/gemini-2.5-pro:generateContent "HTTP/1.1 200 OK"
2026-09-01 12:31:04,287 - INFO - [TR] Waiting 10.0s before next Agent 1 window…
2026-09-01 12:31:14,291 - INFO - [TR] Agent 1 window 60-69 (10 batches)
2026-09-01 12:31:14,382 - INFO - AFC is enabled with max remote calls: 10.
2026-09-01 12:31:14,384 - INFO - AFC is enabled with max remote calls: 10.
2026-09-01 12:31:14,385 - INFO - AFC is enabled with max remote calls: 10.
2026-09-01 12:31:14,388 - INFO - AFC is enabled with max remote calls: 10.
2026-09-01 12:31:14,389 - INFO - AFC is enabled with max remote calls: 10.
2026-09-01 12:31:14,390 - INFO - AFC is enabled with max remote calls: 10.
2026-09-01 12:31:14,391 - INFO - AFC is enabled with max remote calls: 10.
2026-09-01 12:31:14,393 - INFO - AFC is enabled with max remote calls: 10.
2026-09-01 12:31:14,395 - INFO - AFC is enabled with max remote calls: 10.
2026-09-01 12:31:14,397 - INFO - AFC is enabled with max remote calls: 10.
2026-09-01 12:31:26,818 - INFO - HTTP Request: POST https://generativelanguage.googleapis.com/v1beta/models/gemini-2.5-pro:generateContent "HTTP/1.1 200 OK"
2026-09-01 12:31:27,174 - INFO - HTTP Request: POST https://generativelanguage.googleapis.com/v1beta/models/gemini-2.5-pro:generateContent "HTTP/1.1 200 OK"
2026-09-01 12:31:28,087 - INFO - HTTP Request: POST https://generativelanguage.googleapis.com/v1beta/models/gemini-2.5-pro:generateContent "HTTP/1.1 200 OK"
2026-09-01 12:31:29,935 - INFO - HTTP Request: POST https://generativelanguage.googleapis.com/v1beta/models/gemini-2.5-pro:generateContent "HTTP/1.1 200 OK"
2026-09-01 12:31:34,336 - INFO - HTTP Request: POST https://generativelanguage.googleapis.com/v1beta/models/gemini-2.5-pro:generateContent "HTTP/1.1 200 OK"
2026-09-01 12:31:34,555 - INFO - HTTP Request: POST https://generativelanguage.googleapis.com/v1beta/models/gemini-2.5-pro:generateContent "HTTP/1.1 200 OK"
2026-09-01 12:31:35,069 - INFO - HTTP Request: POST https://generativelanguage.googleapis.com/v1beta/models/gemini-2.5-pro:generateContent "HTTP/1.1 200 OK"
2026-09-01 12:31:39,224 - INFO - HTTP Request: POST https://generativelanguage.googleapis.com/v1beta/models/gemini-2.5-pro:generateContent "HTTP/1.1 200 OK"
2026-09-01 12:31:41,162 - INFO - HTTP Request: POST https://generativelanguage.googleapis.com/v1beta/models/gemini-2.5-pro:generateContent "HTTP/1.1 200 OK"
2026-09-01 12:31:46,724 - INFO - HTTP Request: POST https://generativelanguage.googleapis.com/v1beta/models/gemini-2.5-pro:generateContent "HTTP/1.1 200 OK"
2026-09-01 12:31:46,732 - INFO - [TR] Waiting 10.0s before next Agent 1 window…
2026-09-01 12:31:56,736 - INFO - [TR] Agent 1 window 70-79 (10 batches)
2026-09-01 12:31:56,803 - INFO - AFC is enabled with max remote calls: 10.
2026-09-01 12:31:56,806 - INFO - AFC is enabled with max remote calls: 10.
2026-09-01 12:31:56,808 - INFO - AFC is enabled with max remote calls: 10.
2026-09-01 12:31:56,810 - INFO - AFC is enabled with max remote calls: 10.
2026-09-01 12:31:56,811 - INFO - AFC is enabled with max remote calls: 10.
2026-09-01 12:31:56,813 - INFO - AFC is enabled with max remote calls: 10.
2026-09-01 12:31:56,813 - INFO - AFC is enabled with max remote calls: 10.
2026-09-01 12:31:56,814 - INFO - AFC is enabled with max remote calls: 10.
2026-09-01 12:31:56,815 - INFO - AFC is enabled with max remote calls: 10.
2026-09-01 12:31:56,817 - INFO - AFC is enabled with max remote calls: 10.
2026-09-01 12:32:09,365 - INFO - HTTP Request: POST https://generativelanguage.googleapis.com/v1beta/models/gemini-2.5-pro:generateContent "HTTP/1.1 200 OK"
2026-09-01 12:32:10,557 - INFO - HTTP Request: POST https://generativelanguage.googleapis.com/v1beta/models/gemini-2.5-pro:generateContent "HTTP/1.1 200 OK"
2026-09-01 12:32:11,056 - INFO - HTTP Request: POST https://generativelanguage.googleapis.com/v1beta/models/gemini-2.5-pro:generateContent "HTTP/1.1 200 OK"
2026-09-01 12:32:13,816 - INFO - HTTP Request: POST https://generativelanguage.googleapis.com/v1beta/models/gemini-2.5-pro:generateContent "HTTP/1.1 200 OK"
2026-09-01 12:32:16,337 - INFO - HTTP Request: POST https://generativelanguage.googleapis.com/v1beta/models/gemini-2.5-pro:generateContent "HTTP/1.1 200 OK"
2026-09-01 12:32:18,427 - INFO - HTTP Request: POST https://generativelanguage.googleapis.com/v1beta/models/gemini-2.5-pro:generateContent "HTTP/1.1 200 OK"
2026-09-01 12:32:18,788 - INFO - HTTP Request: POST https://generativelanguage.googleapis.com/v1beta/models/gemini-2.5-pro:generateContent "HTTP/1.1 200 OK"
2026-09-01 12:32:25,144 - INFO - HTTP Request: POST https://generativelanguage.googleapis.com/v1beta/models/gemini-2.5-pro:generateContent "HTTP/1.1 200 OK"
2026-09-01 12:32:25,970 - INFO - HTTP Request: POST https://generativelanguage.googleapis.com/v1beta/models/gemini-2.5-pro:generateContent "HTTP/1.1 200 OK"
2026-09-01 12:32:34,273 - INFO - HTTP Request: POST https://generativelanguage.googleapis.com/v1beta/models/gemini-2.5-pro:generateContent "HTTP/1.1 200 OK"
2026-09-01 12:32:34,287 - INFO - [TR] Waiting 10.0s before next Agent 1 window…
2026-09-01 12:32:44,291 - INFO - [TR] Agent 1 window 80-89 (10 batches)
2026-09-01 12:32:44,364 - INFO - AFC is enabled with max remote calls: 10.
2026-09-01 12:32:44,371 - INFO - AFC is enabled with max remote calls: 10.
2026-09-01 12:32:44,375 - INFO - AFC is enabled with max remote calls: 10.
2026-09-01 12:32:44,377 - INFO - AFC is enabled with max remote calls: 10.
2026-09-01 12:32:44,378 - INFO - AFC is enabled with max remote calls: 10.
2026-09-01 12:32:44,380 - INFO - AFC is enabled with max remote calls: 10.
2026-09-01 12:32:44,384 - INFO - AFC is enabled with max remote calls: 10.
2026-09-01 12:32:44,387 - INFO - AFC is enabled with max remote calls: 10.
2026-09-01 12:32:44,389 - INFO - AFC is enabled with max remote calls: 10.
2026-09-01 12:32:44,390 - INFO - AFC is enabled with max remote calls: 10.
2026-09-01 12:32:58,695 - INFO - HTTP Request: POST https://generativelanguage.googleapis.com/v1beta/models/gemini-2.5-pro:generateContent "HTTP/1.1 200 OK"
2026-09-01 12:32:58,755 - INFO - HTTP Request: POST https://generativelanguage.googleapis.com/v1beta/models/gemini-2.5-pro:generateContent "HTTP/1.1 200 OK"
2026-09-01 12:32:59,487 - INFO - HTTP Request: POST https://generativelanguage.googleapis.com/v1beta/models/gemini-2.5-pro:generateContent "HTTP/1.1 200 OK"
2026-09-01 12:32:59,791 - INFO - HTTP Request: POST https://generativelanguage.googleapis.com/v1beta/models/gemini-2.5-pro:generateContent "HTTP/1.1 200 OK"
2026-09-01 12:33:02,314 - INFO - HTTP Request: POST https://generativelanguage.googleapis.com/v1beta/models/gemini-2.5-pro:generateContent "HTTP/1.1 200 OK"
2026-09-01 12:33:02,974 - INFO - HTTP Request: POST https://generativelanguage.googleapis.com/v1beta/models/gemini-2.5-pro:generateContent "HTTP/1.1 200 OK"
2026-09-01 12:33:03,900 - INFO - HTTP Request: POST https://generativelanguage.googleapis.com/v1beta/models/gemini-2.5-pro:generateContent "HTTP/1.1 200 OK"
2026-09-01 12:33:04,449 - INFO - HTTP Request: POST https://generativelanguage.googleapis.com/v1beta/models/gemini-2.5-pro:generateContent "HTTP/1.1 200 OK"
2026-09-01 12:33:05,516 - INFO - HTTP Request: POST https://generativelanguage.googleapis.com/v1beta/models/gemini-2.5-pro:generateContent "HTTP/1.1 200 OK"
2026-09-01 12:33:25,321 - INFO - HTTP Request: POST https://generativelanguage.googleapis.com/v1beta/models/gemini-2.5-pro:generateContent "HTTP/1.1 200 OK"
2026-09-01 12:33:25,332 - INFO - [TR] Waiting 10.0s before next Agent 1 window…
2026-09-01 12:33:35,336 - INFO - [TR] Agent 1 window 90-99 (10 batches)
2026-09-01 12:33:35,432 - INFO - AFC is enabled with max remote calls: 10.
2026-09-01 12:33:35,436 - INFO - AFC is enabled with max remote calls: 10.
2026-09-01 12:33:35,438 - INFO - AFC is enabled with max remote calls: 10.
2026-09-01 12:33:35,439 - INFO - AFC is enabled with max remote calls: 10.
2026-09-01 12:33:35,441 - INFO - AFC is enabled with max remote calls: 10.
2026-09-01 12:33:35,442 - INFO - AFC is enabled with max remote calls: 10.
2026-09-01 12:33:35,444 - INFO - AFC is enabled with max remote calls: 10.
2026-09-01 12:33:35,445 - INFO - AFC is enabled with max remote calls: 10.
2026-09-01 12:33:35,446 - INFO - AFC is enabled with max remote calls: 10.
2026-09-01 12:33:35,447 - INFO - AFC is enabled with max remote calls: 10.
2026-09-01 12:33:47,666 - INFO - HTTP Request: POST https://generativelanguage.googleapis.com/v1beta/models/gemini-2.5-pro:generateContent "HTTP/1.1 200 OK"
2026-09-01 12:33:49,597 - INFO - HTTP Request: POST https://generativelanguage.googleapis.com/v1beta/models/gemini-2.5-pro:generateContent "HTTP/1.1 200 OK"
2026-09-01 12:33:51,485 - INFO - HTTP Request: POST https://generativelanguage.googleapis.com/v1beta/models/gemini-2.5-pro:generateContent "HTTP/1.1 200 OK"
2026-09-01 12:33:51,599 - INFO - HTTP Request: POST https://generativelanguage.googleapis.com/v1beta/models/gemini-2.5-pro:generateContent "HTTP/1.1 200 OK"
2026-09-01 12:33:51,722 - INFO - HTTP Request: POST https://generativelanguage.googleapis.com/v1beta/models/gemini-2.5-pro:generateContent "HTTP/1.1 200 OK"
2026-09-01 12:33:52,659 - INFO - HTTP Request: POST https://generativelanguage.googleapis.com/v1beta/models/gemini-2.5-pro:generateContent "HTTP/1.1 200 OK"
2026-09-01 12:33:53,754 - INFO - HTTP Request: POST https://generativelanguage.googleapis.com/v1beta/models/gemini-2.5-pro:generateContent "HTTP/1.1 200 OK"
2026-09-01 12:33:53,773 - INFO - HTTP Request: POST https://generativelanguage.googleapis.com/v1beta/models/gemini-2.5-pro:generateContent "HTTP/1.1 200 OK"
2026-09-01 12:33:54,913 - INFO - HTTP Request: POST https://generativelanguage.googleapis.com/v1beta/models/gemini-2.5-pro:generateContent "HTTP/1.1 200 OK"
2026-09-01 12:33:56,618 - INFO - HTTP Request: POST https://generativelanguage.googleapis.com/v1beta/models/gemini-2.5-pro:generateContent "HTTP/1.1 200 OK"
2026-09-01 12:33:56,622 - INFO - [TR] Waiting 10.0s before next Agent 1 window…
2026-09-01 12:34:06,629 - INFO - [TR] Agent 1 window 100-109 (10 batches)
2026-09-01 12:34:06,707 - INFO - AFC is enabled with max remote calls: 10.
2026-09-01 12:34:06,710 - INFO - AFC is enabled with max remote calls: 10.
2026-09-01 12:34:06,711 - INFO - AFC is enabled with max remote calls: 10.
2026-09-01 12:34:06,712 - INFO - AFC is enabled with max remote calls: 10.
2026-09-01 12:34:06,713 - INFO - AFC is enabled with max remote calls: 10.
2026-09-01 12:34:06,715 - INFO - AFC is enabled with max remote calls: 10.
2026-09-01 12:34:06,717 - INFO - AFC is enabled with max remote calls: 10.
2026-09-01 12:34:06,719 - INFO - AFC is enabled with max remote calls: 10.
2026-09-01 12:34:06,720 - INFO - AFC is enabled with max remote calls: 10.
2026-09-01 12:34:06,722 - INFO - AFC is enabled with max remote calls: 10.
2026-09-01 12:34:18,419 - INFO - HTTP Request: POST https://generativelanguage.googleapis.com/v1beta/models/gemini-2.5-pro:generateContent "HTTP/1.1 200 OK"
2026-09-01 12:34:20,744 - INFO - HTTP Request: POST https://generativelanguage.googleapis.com/v1beta/models/gemini-2.5-pro:generateContent "HTTP/1.1 200 OK"
2026-09-01 12:34:21,044 - INFO - HTTP Request: POST https://generativelanguage.googleapis.com/v1beta/models/gemini-2.5-pro:generateContent "HTTP/1.1 200 OK"
2026-09-01 12:34:23,200 - INFO - HTTP Request: POST https://generativelanguage.googleapis.com/v1beta/models/gemini-2.5-pro:generateContent "HTTP/1.1 200 OK"
2026-09-01 12:34:24,525 - INFO - HTTP Request: POST https://generativelanguage.googleapis.com/v1beta/models/gemini-2.5-pro:generateContent "HTTP/1.1 200 OK"
2026-09-01 12:34:25,482 - INFO - HTTP Request: POST https://generativelanguage.googleapis.com/v1beta/models/gemini-2.5-pro:generateContent "HTTP/1.1 200 OK"
2026-09-01 12:34:31,076 - INFO - HTTP Request: POST https://generativelanguage.googleapis.com/v1beta/models/gemini-2.5-pro:generateContent "HTTP/1.1 200 OK"
2026-09-01 12:34:33,660 - INFO - HTTP Request: POST https://generativelanguage.googleapis.com/v1beta/models/gemini-2.5-pro:generateContent "HTTP/1.1 200 OK"
2026-09-01 12:34:36,424 - INFO - HTTP Request: POST https://generativelanguage.googleapis.com/v1beta/models/gemini-2.5-pro:generateContent "HTTP/1.1 200 OK"
2026-09-01 12:34:41,982 - INFO - HTTP Request: POST https://generativelanguage.googleapis.com/v1beta/models/gemini-2.5-pro:generateContent "HTTP/1.1 200 OK"
2026-09-01 12:34:41,989 - INFO - [TR] Waiting 10.0s before next Agent 1 window…
2026-09-01 12:34:51,994 - INFO - [TR] Agent 1 window 110-119 (10 batches)
2026-09-01 12:34:52,085 - INFO - AFC is enabled with max remote calls: 10.
2026-09-01 12:34:52,088 - INFO - AFC is enabled with max remote calls: 10.
2026-09-01 12:34:52,089 - INFO - AFC is enabled with max remote calls: 10.
2026-09-01 12:34:52,090 - INFO - AFC is enabled with max remote calls: 10.
2026-09-01 12:34:52,091 - INFO - AFC is enabled with max remote calls: 10.
2026-09-01 12:34:52,097 - INFO - AFC is enabled with max remote calls: 10.
2026-09-01 12:34:52,098 - INFO - AFC is enabled with max remote calls: 10.
2026-09-01 12:34:52,099 - INFO - AFC is enabled with max remote calls: 10.
2026-09-01 12:34:52,101 - INFO - AFC is enabled with max remote calls: 10.
2026-09-01 12:34:52,101 - INFO - AFC is enabled with max remote calls: 10.
2026-09-01 12:35:04,344 - INFO - HTTP Request: POST https://generativelanguage.googleapis.com/v1beta/models/gemini-2.5-pro:generateContent "HTTP/1.1 200 OK"
2026-09-01 12:35:05,527 - INFO - HTTP Request: POST https://generativelanguage.googleapis.com/v1beta/models/gemini-2.5-pro:generateContent "HTTP/1.1 200 OK"
2026-09-01 12:35:08,413 - INFO - HTTP Request: POST https://generativelanguage.googleapis.com/v1beta/models/gemini-2.5-pro:generateContent "HTTP/1.1 200 OK"
2026-09-01 12:35:12,219 - INFO - HTTP Request: POST https://generativelanguage.googleapis.com/v1beta/models/gemini-2.5-pro:generateContent "HTTP/1.1 200 OK"
2026-09-01 12:35:12,636 - INFO - HTTP Request: POST https://generativelanguage.googleapis.com/v1beta/models/gemini-2.5-pro:generateContent "HTTP/1.1 200 OK"
2026-09-01 12:35:15,986 - INFO - HTTP Request: POST https://generativelanguage.googleapis.com/v1beta/models/gemini-2.5-pro:generateContent "HTTP/1.1 200 OK"
2026-09-01 12:35:19,066 - INFO - HTTP Request: POST https://generativelanguage.googleapis.com/v1beta/models/gemini-2.5-pro:generateContent "HTTP/1.1 200 OK"
2026-09-01 12:35:21,565 - INFO - HTTP Request: POST https://generativelanguage.googleapis.com/v1beta/models/gemini-2.5-pro:generateContent "HTTP/1.1 200 OK"
2026-09-01 12:35:24,880 - INFO - HTTP Request: POST https://generativelanguage.googleapis.com/v1beta/models/gemini-2.5-pro:generateContent "HTTP/1.1 200 OK"
2026-09-01 12:35:26,243 - INFO - HTTP Request: POST https://generativelanguage.googleapis.com/v1beta/models/gemini-2.5-pro:generateContent "HTTP/1.1 200 OK"
2026-09-01 12:35:26,248 - INFO - [TR] Waiting 10.0s before next Agent 1 window…
2026-09-01 12:35:36,252 - INFO - [TR] Agent 1 window 120-129 (10 batches)
2026-09-01 12:35:36,341 - INFO - AFC is enabled with max remote calls: 10.
2026-09-01 12:35:36,344 - INFO - AFC is enabled with max remote calls: 10.
2026-09-01 12:35:36,347 - INFO - AFC is enabled with max remote calls: 10.
2026-09-01 12:35:36,349 - INFO - AFC is enabled with max remote calls: 10.
2026-09-01 12:35:36,353 - INFO - AFC is enabled with max remote calls: 10.
2026-09-01 12:35:36,356 - INFO - AFC is enabled with max remote calls: 10.
2026-09-01 12:35:36,358 - INFO - AFC is enabled with max remote calls: 10.
2026-09-01 12:35:36,362 - INFO - AFC is enabled with max remote calls: 10.
2026-09-01 12:35:36,365 - INFO - AFC is enabled with max remote calls: 10.
2026-09-01 12:35:36,368 - INFO - AFC is enabled with max remote calls: 10.
2026-09-01 12:35:50,087 - INFO - HTTP Request: POST https://generativelanguage.googleapis.com/v1beta/models/gemini-2.5-pro:generateContent "HTTP/1.1 200 OK"
2026-09-01 12:35:51,403 - INFO - HTTP Request: POST https://generativelanguage.googleapis.com/v1beta/models/gemini-2.5-pro:generateContent "HTTP/1.1 200 OK"
2026-09-01 12:35:51,628 - INFO - HTTP Request: POST https://generativelanguage.googleapis.com/v1beta/models/gemini-2.5-pro:generateContent "HTTP/1.1 200 OK"
2026-09-01 12:35:52,860 - INFO - HTTP Request: POST https://generativelanguage.googleapis.com/v1beta/models/gemini-2.5-pro:generateContent "HTTP/1.1 200 OK"
2026-09-01 12:35:53,281 - INFO - HTTP Request: POST https://generativelanguage.googleapis.com/v1beta/models/gemini-2.5-pro:generateContent "HTTP/1.1 200 OK"
2026-09-01 12:35:53,865 - INFO - HTTP Request: POST https://generativelanguage.googleapis.com/v1beta/models/gemini-2.5-pro:generateContent "HTTP/1.1 200 OK"
2026-09-01 12:35:55,990 - INFO - HTTP Request: POST https://generativelanguage.googleapis.com/v1beta/models/gemini-2.5-pro:generateContent "HTTP/1.1 200 OK"
2026-09-01 12:35:57,774 - INFO - HTTP Request: POST https://generativelanguage.googleapis.com/v1beta/models/gemini-2.5-pro:generateContent "HTTP/1.1 200 OK"
2026-09-01 12:35:57,785 - INFO - HTTP Request: POST https://generativelanguage.googleapis.com/v1beta/models/gemini-2.5-pro:generateContent "HTTP/1.1 200 OK"
2026-09-01 12:36:06,862 - INFO - HTTP Request: POST https://generativelanguage.googleapis.com/v1beta/models/gemini-2.5-pro:generateContent "HTTP/1.1 200 OK"
2026-09-01 12:36:06,880 - INFO - [TR] Waiting 10.0s before next Agent 1 window…
2026-09-01 12:36:16,885 - INFO - [TR] Agent 1 window 130-139 (10 batches)
2026-09-01 12:36:16,973 - INFO - AFC is enabled with max remote calls: 10.
2026-09-01 12:36:16,976 - INFO - AFC is enabled with max remote calls: 10.
2026-09-01 12:36:16,978 - INFO - AFC is enabled with max remote calls: 10.
2026-09-01 12:36:16,980 - INFO - AFC is enabled with max remote calls: 10.
2026-09-01 12:36:16,982 - INFO - AFC is enabled with max remote calls: 10.
2026-09-01 12:36:16,984 - INFO - AFC is enabled with max remote calls: 10.
2026-09-01 12:36:16,987 - INFO - AFC is enabled with max remote calls: 10.
2026-09-01 12:36:16,989 - INFO - AFC is enabled with max remote calls: 10.
2026-09-01 12:36:16,990 - INFO - AFC is enabled with max remote calls: 10.
2026-09-01 12:36:16,992 - INFO - AFC is enabled with max remote calls: 10.
2026-09-01 12:36:29,166 - INFO - HTTP Request: POST https://generativelanguage.googleapis.com/v1beta/models/gemini-2.5-pro:generateContent "HTTP/1.1 200 OK"
2026-09-01 12:36:29,510 - INFO - HTTP Request: POST https://generativelanguage.googleapis.com/v1beta/models/gemini-2.5-pro:generateContent "HTTP/1.1 200 OK"
2026-09-01 12:36:30,983 - INFO - HTTP Request: POST https://generativelanguage.googleapis.com/v1beta/models/gemini-2.5-pro:generateContent "HTTP/1.1 200 OK"
2026-09-01 12:36:32,315 - INFO - HTTP Request: POST https://generativelanguage.googleapis.com/v1beta/models/gemini-2.5-pro:generateContent "HTTP/1.1 200 OK"
2026-09-01 12:36:33,859 - INFO - HTTP Request: POST https://generativelanguage.googleapis.com/v1beta/models/gemini-2.5-pro:generateContent "HTTP/1.1 200 OK"
2026-09-01 12:36:35,334 - INFO - HTTP Request: POST https://generativelanguage.googleapis.com/v1beta/models/gemini-2.5-pro:generateContent "HTTP/1.1 200 OK"
2026-09-01 12:36:38,055 - INFO - HTTP Request: POST https://generativelanguage.googleapis.com/v1beta/models/gemini-2.5-pro:generateContent "HTTP/1.1 200 OK"
2026-09-01 12:36:38,591 - INFO - HTTP Request: POST https://generativelanguage.googleapis.com/v1beta/models/gemini-2.5-pro:generateContent "HTTP/1.1 200 OK"
2026-09-01 12:36:43,835 - INFO - HTTP Request: POST https://generativelanguage.googleapis.com/v1beta/models/gemini-2.5-pro:generateContent "HTTP/1.1 200 OK"
2026-09-01 12:36:45,223 - INFO - HTTP Request: POST https://generativelanguage.googleapis.com/v1beta/models/gemini-2.5-pro:generateContent "HTTP/1.1 200 OK"
2026-09-01 12:36:45,233 - INFO - [TR] Waiting 10.0s before next Agent 1 window…
2026-09-01 12:36:55,242 - INFO - [TR] Agent 1 window 140-149 (10 batches)
2026-09-01 12:36:55,407 - INFO - AFC is enabled with max remote calls: 10.
2026-09-01 12:36:55,416 - INFO - AFC is enabled with max remote calls: 10.
2026-09-01 12:36:55,424 - INFO - AFC is enabled with max remote calls: 10.
2026-09-01 12:36:55,428 - INFO - AFC is enabled with max remote calls: 10.
2026-09-01 12:36:55,430 - INFO - AFC is enabled with max remote calls: 10.
2026-09-01 12:36:55,435 - INFO - AFC is enabled with max remote calls: 10.
2026-09-01 12:36:55,438 - INFO - AFC is enabled with max remote calls: 10.
2026-09-01 12:36:55,442 - INFO - AFC is enabled with max remote calls: 10.
2026-09-01 12:36:55,445 - INFO - AFC is enabled with max remote calls: 10.
2026-09-01 12:36:55,449 - INFO - AFC is enabled with max remote calls: 10.
2026-09-01 12:37:07,727 - INFO - HTTP Request: POST https://generativelanguage.googleapis.com/v1beta/models/gemini-2.5-pro:generateContent "HTTP/1.1 200 OK"
2026-09-01 12:37:07,838 - INFO - HTTP Request: POST https://generativelanguage.googleapis.com/v1beta/models/gemini-2.5-pro:generateContent "HTTP/1.1 200 OK"
2026-09-01 12:37:10,574 - INFO - HTTP Request: POST https://generativelanguage.googleapis.com/v1beta/models/gemini-2.5-pro:generateContent "HTTP/1.1 200 OK"
2026-09-01 12:37:11,745 - INFO - HTTP Request: POST https://generativelanguage.googleapis.com/v1beta/models/gemini-2.5-pro:generateContent "HTTP/1.1 200 OK"
2026-09-01 12:37:12,690 - INFO - HTTP Request: POST https://generativelanguage.googleapis.com/v1beta/models/gemini-2.5-pro:generateContent "HTTP/1.1 200 OK"
2026-09-01 12:37:12,778 - INFO - HTTP Request: POST https://generativelanguage.googleapis.com/v1beta/models/gemini-2.5-pro:generateContent "HTTP/1.1 200 OK"
2026-09-01 12:37:13,954 - INFO - HTTP Request: POST https://generativelanguage.googleapis.com/v1beta/models/gemini-2.5-pro:generateContent "HTTP/1.1 200 OK"
2026-09-01 12:37:14,014 - INFO - HTTP Request: POST https://generativelanguage.googleapis.com/v1beta/models/gemini-2.5-pro:generateContent "HTTP/1.1 200 OK"
2026-09-01 12:37:14,761 - INFO - HTTP Request: POST https://generativelanguage.googleapis.com/v1beta/models/gemini-2.5-pro:generateContent "HTTP/1.1 200 OK"
2026-09-01 12:37:14,833 - INFO - HTTP Request: POST https://generativelanguage.googleapis.com/v1beta/models/gemini-2.5-pro:generateContent "HTTP/1.1 200 OK"
2026-09-01 12:37:14,839 - INFO - [TR] Waiting 10.0s before next Agent 1 window…
2026-09-01 12:37:24,842 - INFO - [TR] Agent 1 window 150-159 (10 batches)
2026-09-01 12:37:25,075 - INFO - AFC is enabled with max remote calls: 10.
2026-09-01 12:37:25,082 - INFO - AFC is enabled with max remote calls: 10.
2026-09-01 12:37:25,084 - INFO - AFC is enabled with max remote calls: 10.
2026-09-01 12:37:25,085 - INFO - AFC is enabled with max remote calls: 10.
2026-09-01 12:37:25,088 - INFO - AFC is enabled with max remote calls: 10.
2026-09-01 12:37:25,089 - INFO - AFC is enabled with max remote calls: 10.
2026-09-01 12:37:25,091 - INFO - AFC is enabled with max remote calls: 10.
2026-09-01 12:37:25,092 - INFO - AFC is enabled with max remote calls: 10.
2026-09-01 12:37:25,094 - INFO - AFC is enabled with max remote calls: 10.
2026-09-01 12:37:25,095 - INFO - AFC is enabled with max remote calls: 10.
2026-09-01 12:37:37,832 - INFO - HTTP Request: POST https://generativelanguage.googleapis.com/v1beta/models/gemini-2.5-pro:generateContent "HTTP/1.1 200 OK"
2026-09-01 12:37:42,566 - INFO - HTTP Request: POST https://generativelanguage.googleapis.com/v1beta/models/gemini-2.5-pro:generateContent "HTTP/1.1 200 OK"
2026-09-01 12:37:43,064 - INFO - HTTP Request: POST https://generativelanguage.googleapis.com/v1beta/models/gemini-2.5-pro:generateContent "HTTP/1.1 200 OK"
2026-09-01 12:37:43,159 - INFO - HTTP Request: POST https://generativelanguage.googleapis.com/v1beta/models/gemini-2.5-pro:generateContent "HTTP/1.1 200 OK"
2026-09-01 12:37:44,123 - INFO - HTTP Request: POST https://generativelanguage.googleapis.com/v1beta/models/gemini-2.5-pro:generateContent "HTTP/1.1 200 OK"
2026-09-01 12:37:44,350 - INFO - HTTP Request: POST https://generativelanguage.googleapis.com/v1beta/models/gemini-2.5-pro:generateContent "HTTP/1.1 200 OK"
2026-09-01 12:37:44,821 - INFO - HTTP Request: POST https://generativelanguage.googleapis.com/v1beta/models/gemini-2.5-pro:generateContent "HTTP/1.1 200 OK"
2026-09-01 12:37:47,999 - INFO - HTTP Request: POST https://generativelanguage.googleapis.com/v1beta/models/gemini-2.5-pro:generateContent "HTTP/1.1 200 OK"
2026-09-01 12:37:49,204 - INFO - HTTP Request: POST https://generativelanguage.googleapis.com/v1beta/models/gemini-2.5-pro:generateContent "HTTP/1.1 200 OK"
2026-09-01 12:37:49,919 - INFO - HTTP Request: POST https://generativelanguage.googleapis.com/v1beta/models/gemini-2.5-pro:generateContent "HTTP/1.1 200 OK"
2026-09-01 12:37:49,924 - INFO - [TR] Waiting 10.0s before next Agent 1 window…
2026-09-01 12:37:59,947 - INFO - [TR] Agent 1 window 160-169 (10 batches)
2026-09-01 12:38:00,049 - INFO - AFC is enabled with max remote calls: 10.
2026-09-01 12:38:00,061 - INFO - AFC is enabled with max remote calls: 10.
2026-09-01 12:38:00,064 - INFO - AFC is enabled with max remote calls: 10.
2026-09-01 12:38:00,065 - INFO - AFC is enabled with max remote calls: 10.
2026-09-01 12:38:00,067 - INFO - AFC is enabled with max remote calls: 10.
2026-09-01 12:38:00,067 - INFO - AFC is enabled with max remote calls: 10.
2026-09-01 12:38:00,069 - INFO - AFC is enabled with max remote calls: 10.
2026-09-01 12:38:00,071 - INFO - AFC is enabled with max remote calls: 10.
2026-09-01 12:38:00,072 - INFO - AFC is enabled with max remote calls: 10.
2026-09-01 12:38:00,073 - INFO - AFC is enabled with max remote calls: 10.
2026-09-01 12:38:13,082 - INFO - HTTP Request: POST https://generativelanguage.googleapis.com/v1beta/models/gemini-2.5-pro:generateContent "HTTP/1.1 200 OK"
2026-09-01 12:38:14,546 - INFO - HTTP Request: POST https://generativelanguage.googleapis.com/v1beta/models/gemini-2.5-pro:generateContent "HTTP/1.1 200 OK"
2026-09-01 12:38:17,517 - INFO - HTTP Request: POST https://generativelanguage.googleapis.com/v1beta/models/gemini-2.5-pro:generateContent "HTTP/1.1 200 OK"
2026-09-01 12:38:18,462 - INFO - HTTP Request: POST https://generativelanguage.googleapis.com/v1beta/models/gemini-2.5-pro:generateContent "HTTP/1.1 200 OK"
2026-09-01 12:38:18,587 - INFO - HTTP Request: POST https://generativelanguage.googleapis.com/v1beta/models/gemini-2.5-pro:generateContent "HTTP/1.1 200 OK"
2026-09-01 12:38:22,642 - INFO - HTTP Request: POST https://generativelanguage.googleapis.com/v1beta/models/gemini-2.5-pro:generateContent "HTTP/1.1 200 OK"
2026-09-01 12:38:22,814 - INFO - HTTP Request: POST https://generativelanguage.googleapis.com/v1beta/models/gemini-2.5-pro:generateContent "HTTP/1.1 200 OK"
2026-09-01 12:38:25,226 - INFO - HTTP Request: POST https://generativelanguage.googleapis.com/v1beta/models/gemini-2.5-pro:generateContent "HTTP/1.1 200 OK"
2026-09-01 12:38:27,927 - INFO - HTTP Request: POST https://generativelanguage.googleapis.com/v1beta/models/gemini-2.5-pro:generateContent "HTTP/1.1 200 OK"
2026-09-01 12:38:37,623 - INFO - HTTP Request: POST https://generativelanguage.googleapis.com/v1beta/models/gemini-2.5-pro:generateContent "HTTP/1.1 200 OK"
2026-09-01 12:38:37,635 - INFO - [TR] Waiting 10.0s before next Agent 1 window…
2026-09-01 12:38:47,638 - INFO - [TR] Agent 1 window 170-179 (10 batches)
2026-09-01 12:38:47,728 - INFO - AFC is enabled with max remote calls: 10.
2026-09-01 12:38:47,733 - INFO - AFC is enabled with max remote calls: 10.
2026-09-01 12:38:47,735 - INFO - AFC is enabled with max remote calls: 10.
2026-09-01 12:38:47,736 - INFO - AFC is enabled with max remote calls: 10.
2026-09-01 12:38:47,737 - INFO - AFC is enabled with max remote calls: 10.
2026-09-01 12:38:47,739 - INFO - AFC is enabled with max remote calls: 10.
2026-09-01 12:38:47,741 - INFO - AFC is enabled with max remote calls: 10.
2026-09-01 12:38:47,742 - INFO - AFC is enabled with max remote calls: 10.
2026-09-01 12:38:47,743 - INFO - AFC is enabled with max remote calls: 10.
2026-09-01 12:38:47,744 - INFO - AFC is enabled with max remote calls: 10.
2026-09-01 12:38:58,473 - INFO - HTTP Request: POST https://generativelanguage.googleapis.com/v1beta/models/gemini-2.5-pro:generateContent "HTTP/1.1 200 OK"
2026-09-01 12:39:00,528 - INFO - HTTP Request: POST https://generativelanguage.googleapis.com/v1beta/models/gemini-2.5-pro:generateContent "HTTP/1.1 200 OK"
2026-09-01 12:39:02,765 - INFO - HTTP Request: POST https://generativelanguage.googleapis.com/v1beta/models/gemini-2.5-pro:generateContent "HTTP/1.1 200 OK"
2026-09-01 12:39:02,768 - INFO - HTTP Request: POST https://generativelanguage.googleapis.com/v1beta/models/gemini-2.5-pro:generateContent "HTTP/1.1 200 OK"
2026-09-01 12:39:03,325 - INFO - HTTP Request: POST https://generativelanguage.googleapis.com/v1beta/models/gemini-2.5-pro:generateContent "HTTP/1.1 200 OK"
2026-09-01 12:39:05,786 - INFO - HTTP Request: POST https://generativelanguage.googleapis.com/v1beta/models/gemini-2.5-pro:generateContent "HTTP/1.1 200 OK"
2026-09-01 12:39:07,718 - INFO - HTTP Request: POST https://generativelanguage.googleapis.com/v1beta/models/gemini-2.5-pro:generateContent "HTTP/1.1 200 OK"
2026-09-01 12:39:07,736 - INFO - HTTP Request: POST https://generativelanguage.googleapis.com/v1beta/models/gemini-2.5-pro:generateContent "HTTP/1.1 200 OK"
2026-09-01 12:39:11,781 - INFO - HTTP Request: POST https://generativelanguage.googleapis.com/v1beta/models/gemini-2.5-pro:generateContent "HTTP/1.1 200 OK"
2026-09-01 12:39:17,442 - INFO - HTTP Request: POST https://generativelanguage.googleapis.com/v1beta/models/gemini-2.5-pro:generateContent "HTTP/1.1 200 OK"
2026-09-01 12:39:17,453 - INFO - [TR] Waiting 10.0s before next Agent 1 window…
2026-09-01 12:39:27,456 - INFO - [TR] Agent 1 window 180-189 (10 batches)
2026-09-01 12:39:27,521 - INFO - AFC is enabled with max remote calls: 10.
2026-09-01 12:39:27,525 - INFO - AFC is enabled with max remote calls: 10.
2026-09-01 12:39:27,527 - INFO - AFC is enabled with max remote calls: 10.
2026-09-01 12:39:27,529 - INFO - AFC is enabled with max remote calls: 10.
2026-09-01 12:39:27,530 - INFO - AFC is enabled with max remote calls: 10.
2026-09-01 12:39:27,532 - INFO - AFC is enabled with max remote calls: 10.
2026-09-01 12:39:27,533 - INFO - AFC is enabled with max remote calls: 10.
2026-09-01 12:39:27,535 - INFO - AFC is enabled with max remote calls: 10.
2026-09-01 12:39:27,536 - INFO - AFC is enabled with max remote calls: 10.
2026-09-01 12:39:27,538 - INFO - AFC is enabled with max remote calls: 10.
2026-09-01 12:39:39,604 - INFO - HTTP Request: POST https://generativelanguage.googleapis.com/v1beta/models/gemini-2.5-pro:generateContent "HTTP/1.1 200 OK"
2026-09-01 12:39:41,469 - INFO - HTTP Request: POST https://generativelanguage.googleapis.com/v1beta/models/gemini-2.5-pro:generateContent "HTTP/1.1 200 OK"
2026-09-01 12:39:42,479 - INFO - HTTP Request: POST https://generativelanguage.googleapis.com/v1beta/models/gemini-2.5-pro:generateContent "HTTP/1.1 200 OK"
2026-09-01 12:39:42,606 - INFO - HTTP Request: POST https://generativelanguage.googleapis.com/v1beta/models/gemini-2.5-pro:generateContent "HTTP/1.1 200 OK"
2026-09-01 12:39:43,408 - INFO - HTTP Request: POST https://generativelanguage.googleapis.com/v1beta/models/gemini-2.5-pro:generateContent "HTTP/1.1 200 OK"
2026-09-01 12:39:44,571 - INFO - HTTP Request: POST https://generativelanguage.googleapis.com/v1beta/models/gemini-2.5-pro:generateContent "HTTP/1.1 200 OK"
2026-09-01 12:39:44,750 - INFO - HTTP Request: POST https://generativelanguage.googleapis.com/v1beta/models/gemini-2.5-pro:generateContent "HTTP/1.1 200 OK"
2026-09-01 12:39:46,916 - INFO - HTTP Request: POST https://generativelanguage.googleapis.com/v1beta/models/gemini-2.5-pro:generateContent "HTTP/1.1 200 OK"
2026-09-01 12:39:48,085 - INFO - HTTP Request: POST https://generativelanguage.googleapis.com/v1beta/models/gemini-2.5-pro:generateContent "HTTP/1.1 200 OK"
2026-09-01 12:39:50,824 - INFO - HTTP Request: POST https://generativelanguage.googleapis.com/v1beta/models/gemini-2.5-pro:generateContent "HTTP/1.1 200 OK"
2026-09-01 12:39:50,837 - INFO - [TR] Waiting 10.0s before next Agent 1 window…
2026-09-01 12:40:00,841 - INFO - [TR] Agent 1 window 190-199 (10 batches)
2026-09-01 12:40:00,903 - INFO - AFC is enabled with max remote calls: 10.
2026-09-01 12:40:00,908 - INFO - AFC is enabled with max remote calls: 10.
2026-09-01 12:40:00,909 - INFO - AFC is enabled with max remote calls: 10.
2026-09-01 12:40:00,911 - INFO - AFC is enabled with max remote calls: 10.
2026-09-01 12:40:00,912 - INFO - AFC is enabled with max remote calls: 10.
2026-09-01 12:40:00,913 - INFO - AFC is enabled with max remote calls: 10.
2026-09-01 12:40:00,914 - INFO - AFC is enabled with max remote calls: 10.
2026-09-01 12:40:00,915 - INFO - AFC is enabled with max remote calls: 10.
2026-09-01 12:40:00,916 - INFO - AFC is enabled with max remote calls: 10.
2026-09-01 12:40:00,917 - INFO - AFC is enabled with max remote calls: 10.
2026-09-01 12:40:15,191 - INFO - HTTP Request: POST https://generativelanguage.googleapis.com/v1beta/models/gemini-2.5-pro:generateContent "HTTP/1.1 200 OK"
2026-09-01 12:40:15,955 - INFO - HTTP Request: POST https://generativelanguage.googleapis.com/v1beta/models/gemini-2.5-pro:generateContent "HTTP/1.1 200 OK"
2026-09-01 12:40:17,304 - INFO - HTTP Request: POST https://generativelanguage.googleapis.com/v1beta/models/gemini-2.5-pro:generateContent "HTTP/1.1 200 OK"
2026-09-01 12:40:21,553 - INFO - HTTP Request: POST https://generativelanguage.googleapis.com/v1beta/models/gemini-2.5-pro:generateContent "HTTP/1.1 200 OK"
2026-09-01 12:40:21,934 - INFO - HTTP Request: POST https://generativelanguage.googleapis.com/v1beta/models/gemini-2.5-pro:generateContent "HTTP/1.1 200 OK"
2026-09-01 12:40:22,020 - INFO - HTTP Request: POST https://generativelanguage.googleapis.com/v1beta/models/gemini-2.5-pro:generateContent "HTTP/1.1 200 OK"
2026-09-01 12:40:22,074 - INFO - HTTP Request: POST https://generativelanguage.googleapis.com/v1beta/models/gemini-2.5-pro:generateContent "HTTP/1.1 200 OK"
2026-09-01 12:40:22,449 - INFO - HTTP Request: POST https://generativelanguage.googleapis.com/v1beta/models/gemini-2.5-pro:generateContent "HTTP/1.1 200 OK"
2026-09-01 12:40:26,166 - INFO - HTTP Request: POST https://generativelanguage.googleapis.com/v1beta/models/gemini-2.5-pro:generateContent "HTTP/1.1 200 OK"
2026-09-01 12:40:32,956 - INFO - HTTP Request: POST https://generativelanguage.googleapis.com/v1beta/models/gemini-2.5-pro:generateContent "HTTP/1.1 200 OK"
2026-09-01 12:40:32,973 - INFO - [TR] Waiting 10.0s before next Agent 1 window…
2026-09-01 12:40:42,976 - INFO - [TR] Agent 1 window 200-209 (10 batches)
2026-09-01 12:40:43,038 - INFO - AFC is enabled with max remote calls: 10.
2026-09-01 12:40:43,040 - INFO - AFC is enabled with max remote calls: 10.
2026-09-01 12:40:43,042 - INFO - AFC is enabled with max remote calls: 10.
2026-09-01 12:40:43,044 - INFO - AFC is enabled with max remote calls: 10.
2026-09-01 12:40:43,045 - INFO - AFC is enabled with max remote calls: 10.
2026-09-01 12:40:43,047 - INFO - AFC is enabled with max remote calls: 10.
2026-09-01 12:40:43,050 - INFO - AFC is enabled with max remote calls: 10.
2026-09-01 12:40:43,052 - INFO - AFC is enabled with max remote calls: 10.
2026-09-01 12:40:43,053 - INFO - AFC is enabled with max remote calls: 10.
2026-09-01 12:40:43,054 - INFO - AFC is enabled with max remote calls: 10.
2026-09-01 12:40:55,710 - INFO - HTTP Request: POST https://generativelanguage.googleapis.com/v1beta/models/gemini-2.5-pro:generateContent "HTTP/1.1 200 OK"
2026-09-01 12:40:56,002 - INFO - HTTP Request: POST https://generativelanguage.googleapis.com/v1beta/models/gemini-2.5-pro:generateContent "HTTP/1.1 200 OK"
2026-09-01 12:40:58,212 - INFO - HTTP Request: POST https://generativelanguage.googleapis.com/v1beta/models/gemini-2.5-pro:generateContent "HTTP/1.1 200 OK"
2026-09-01 12:40:58,391 - INFO - HTTP Request: POST https://generativelanguage.googleapis.com/v1beta/models/gemini-2.5-pro:generateContent "HTTP/1.1 200 OK"
2026-09-01 12:40:58,525 - INFO - HTTP Request: POST https://generativelanguage.googleapis.com/v1beta/models/gemini-2.5-pro:generateContent "HTTP/1.1 200 OK"
2026-09-01 12:40:58,630 - INFO - HTTP Request: POST https://generativelanguage.googleapis.com/v1beta/models/gemini-2.5-pro:generateContent "HTTP/1.1 200 OK"
2026-09-01 12:41:01,838 - INFO - HTTP Request: POST https://generativelanguage.googleapis.com/v1beta/models/gemini-2.5-pro:generateContent "HTTP/1.1 200 OK"
2026-09-01 12:41:05,040 - INFO - HTTP Request: POST https://generativelanguage.googleapis.com/v1beta/models/gemini-2.5-pro:generateContent "HTTP/1.1 200 OK"
2026-09-01 12:41:07,074 - INFO - HTTP Request: POST https://generativelanguage.googleapis.com/v1beta/models/gemini-2.5-pro:generateContent "HTTP/1.1 200 OK"
2026-09-01 12:41:12,307 - INFO - HTTP Request: POST https://generativelanguage.googleapis.com/v1beta/models/gemini-2.5-pro:generateContent "HTTP/1.1 200 OK"
2026-09-01 12:41:12,319 - INFO - [TR] Waiting 10.0s before next Agent 1 window…
2026-09-01 12:41:22,329 - INFO - [TR] Agent 1 window 210-219 (10 batches)
2026-09-01 12:41:22,396 - INFO - AFC is enabled with max remote calls: 10.
2026-09-01 12:41:22,399 - INFO - AFC is enabled with max remote calls: 10.
2026-09-01 12:41:22,400 - INFO - AFC is enabled with max remote calls: 10.
2026-09-01 12:41:22,401 - INFO - AFC is enabled with max remote calls: 10.
2026-09-01 12:41:22,402 - INFO - AFC is enabled with max remote calls: 10.
2026-09-01 12:41:22,403 - INFO - AFC is enabled with max remote calls: 10.
2026-09-01 12:41:22,404 - INFO - AFC is enabled with max remote calls: 10.
2026-09-01 12:41:22,406 - INFO - AFC is enabled with max remote calls: 10.
2026-09-01 12:41:22,407 - INFO - AFC is enabled with max remote calls: 10.
2026-09-01 12:41:22,408 - INFO - AFC is enabled with max remote calls: 10.
2026-09-01 12:41:34,846 - INFO - HTTP Request: POST https://generativelanguage.googleapis.com/v1beta/models/gemini-2.5-pro:generateContent "HTTP/1.1 200 OK"
2026-09-01 12:41:35,521 - INFO - HTTP Request: POST https://generativelanguage.googleapis.com/v1beta/models/gemini-2.5-pro:generateContent "HTTP/1.1 200 OK"
2026-09-01 12:41:36,083 - INFO - HTTP Request: POST https://generativelanguage.googleapis.com/v1beta/models/gemini-2.5-pro:generateContent "HTTP/1.1 200 OK"
2026-09-01 12:41:37,498 - INFO - HTTP Request: POST https://generativelanguage.googleapis.com/v1beta/models/gemini-2.5-pro:generateContent "HTTP/1.1 200 OK"
2026-09-01 12:41:38,780 - INFO - HTTP Request: POST https://generativelanguage.googleapis.com/v1beta/models/gemini-2.5-pro:generateContent "HTTP/1.1 200 OK"
2026-09-01 12:41:38,993 - INFO - HTTP Request: POST https://generativelanguage.googleapis.com/v1beta/models/gemini-2.5-pro:generateContent "HTTP/1.1 200 OK"
2026-09-01 12:41:39,143 - INFO - HTTP Request: POST https://generativelanguage.googleapis.com/v1beta/models/gemini-2.5-pro:generateContent "HTTP/1.1 200 OK"
2026-09-01 12:41:44,772 - INFO - HTTP Request: POST https://generativelanguage.googleapis.com/v1beta/models/gemini-2.5-pro:generateContent "HTTP/1.1 200 OK"
2026-09-01 12:41:46,338 - INFO - HTTP Request: POST https://generativelanguage.googleapis.com/v1beta/models/gemini-2.5-pro:generateContent "HTTP/1.1 200 OK"
2026-09-01 12:41:54,437 - INFO - HTTP Request: POST https://generativelanguage.googleapis.com/v1beta/models/gemini-2.5-pro:generateContent "HTTP/1.1 200 OK"
2026-09-01 12:41:54,460 - INFO - [TR] Waiting 10.0s before next Agent 1 window…
2026-09-01 12:42:04,464 - INFO - [TR] Agent 1 window 220-229 (10 batches)
2026-09-01 12:42:04,557 - INFO - AFC is enabled with max remote calls: 10.
2026-09-01 12:42:04,565 - INFO - AFC is enabled with max remote calls: 10.
2026-09-01 12:42:04,567 - INFO - AFC is enabled with max remote calls: 10.
2026-09-01 12:42:04,569 - INFO - AFC is enabled with max remote calls: 10.
2026-09-01 12:42:04,571 - INFO - AFC is enabled with max remote calls: 10.
2026-09-01 12:42:04,572 - INFO - AFC is enabled with max remote calls: 10.
2026-09-01 12:42:04,573 - INFO - AFC is enabled with max remote calls: 10.
2026-09-01 12:42:04,574 - INFO - AFC is enabled with max remote calls: 10.
2026-09-01 12:42:04,576 - INFO - AFC is enabled with max remote calls: 10.
2026-09-01 12:42:04,577 - INFO - AFC is enabled with max remote calls: 10.
2026-09-01 12:42:16,117 - INFO - HTTP Request: POST https://generativelanguage.googleapis.com/v1beta/models/gemini-2.5-pro:generateContent "HTTP/1.1 200 OK"
2026-09-01 12:42:19,032 - INFO - HTTP Request: POST https://generativelanguage.googleapis.com/v1beta/models/gemini-2.5-pro:generateContent "HTTP/1.1 200 OK"
2026-09-01 12:42:19,212 - INFO - HTTP Request: POST https://generativelanguage.googleapis.com/v1beta/models/gemini-2.5-pro:generateContent "HTTP/1.1 200 OK"
2026-09-01 12:42:19,768 - INFO - HTTP Request: POST https://generativelanguage.googleapis.com/v1beta/models/gemini-2.5-pro:generateContent "HTTP/1.1 200 OK"
2026-09-01 12:42:20,836 - INFO - HTTP Request: POST https://generativelanguage.googleapis.com/v1beta/models/gemini-2.5-pro:generateContent "HTTP/1.1 200 OK"
2026-09-01 12:42:21,490 - INFO - HTTP Request: POST https://generativelanguage.googleapis.com/v1beta/models/gemini-2.5-pro:generateContent "HTTP/1.1 200 OK"
2026-09-01 12:42:23,752 - INFO - HTTP Request: POST https://generativelanguage.googleapis.com/v1beta/models/gemini-2.5-pro:generateContent "HTTP/1.1 200 OK"
2026-09-01 12:42:29,138 - INFO - HTTP Request: POST https://generativelanguage.googleapis.com/v1beta/models/gemini-2.5-pro:generateContent "HTTP/1.1 200 OK"
2026-09-01 12:42:30,909 - INFO - HTTP Request: POST https://generativelanguage.googleapis.com/v1beta/models/gemini-2.5-pro:generateContent "HTTP/1.1 200 OK"
2026-09-01 12:42:33,537 - INFO - HTTP Request: POST https://generativelanguage.googleapis.com/v1beta/models/gemini-2.5-pro:generateContent "HTTP/1.1 200 OK"
2026-09-01 12:42:33,546 - INFO - [TR] Waiting 10.0s before next Agent 1 window…
2026-09-01 12:42:43,551 - INFO - [TR] Agent 1 window 230-239 (10 batches)
2026-09-01 12:42:43,623 - INFO - AFC is enabled with max remote calls: 10.
2026-09-01 12:42:43,626 - INFO - AFC is enabled with max remote calls: 10.
2026-09-01 12:42:43,627 - INFO - AFC is enabled with max remote calls: 10.
2026-09-01 12:42:43,628 - INFO - AFC is enabled with max remote calls: 10.
2026-09-01 12:42:43,629 - INFO - AFC is enabled with max remote calls: 10.
2026-09-01 12:42:43,630 - INFO - AFC is enabled with max remote calls: 10.
2026-09-01 12:42:43,631 - INFO - AFC is enabled with max remote calls: 10.
2026-09-01 12:42:43,632 - INFO - AFC is enabled with max remote calls: 10.
2026-09-01 12:42:43,633 - INFO - AFC is enabled with max remote calls: 10.
2026-09-01 12:42:43,634 - INFO - AFC is enabled with max remote calls: 10.
2026-09-01 12:42:57,344 - INFO - HTTP Request: POST https://generativelanguage.googleapis.com/v1beta/models/gemini-2.5-pro:generateContent "HTTP/1.1 200 OK"
2026-09-01 12:42:58,177 - INFO - HTTP Request: POST https://generativelanguage.googleapis.com/v1beta/models/gemini-2.5-pro:generateContent "HTTP/1.1 200 OK"
2026-09-01 12:42:58,302 - INFO - HTTP Request: POST https://generativelanguage.googleapis.com/v1beta/models/gemini-2.5-pro:generateContent "HTTP/1.1 200 OK"
2026-09-01 12:42:59,745 - INFO - HTTP Request: POST https://generativelanguage.googleapis.com/v1beta/models/gemini-2.5-pro:generateContent "HTTP/1.1 200 OK"
2026-09-01 12:43:00,819 - INFO - HTTP Request: POST https://generativelanguage.googleapis.com/v1beta/models/gemini-2.5-pro:generateContent "HTTP/1.1 200 OK"
2026-09-01 12:43:00,877 - INFO - HTTP Request: POST https://generativelanguage.googleapis.com/v1beta/models/gemini-2.5-pro:generateContent "HTTP/1.1 200 OK"
2026-09-01 12:43:01,380 - INFO - HTTP Request: POST https://generativelanguage.googleapis.com/v1beta/models/gemini-2.5-pro:generateContent "HTTP/1.1 200 OK"
2026-09-01 12:43:03,946 - INFO - HTTP Request: POST https://generativelanguage.googleapis.com/v1beta/models/gemini-2.5-pro:generateContent "HTTP/1.1 200 OK"
2026-09-01 12:43:03,952 - INFO - HTTP Request: POST https://generativelanguage.googleapis.com/v1beta/models/gemini-2.5-pro:generateContent "HTTP/1.1 200 OK"
2026-09-01 12:43:08,246 - INFO - HTTP Request: POST https://generativelanguage.googleapis.com/v1beta/models/gemini-2.5-pro:generateContent "HTTP/1.1 200 OK"
2026-09-01 12:43:08,257 - INFO - [TR] Waiting 10.0s before next Agent 1 window…
2026-09-01 12:43:18,264 - INFO - [TR] Agent 1 window 240-249 (10 batches)
2026-09-01 12:43:18,333 - INFO - AFC is enabled with max remote calls: 10.
2026-09-01 12:43:18,341 - INFO - AFC is enabled with max remote calls: 10.
2026-09-01 12:43:18,343 - INFO - AFC is enabled with max remote calls: 10.
2026-09-01 12:43:18,345 - INFO - AFC is enabled with max remote calls: 10.
2026-09-01 12:43:18,346 - INFO - AFC is enabled with max remote calls: 10.
2026-09-01 12:43:18,347 - INFO - AFC is enabled with max remote calls: 10.
2026-09-01 12:43:18,348 - INFO - AFC is enabled with max remote calls: 10.
2026-09-01 12:43:18,350 - INFO - AFC is enabled with max remote calls: 10.
2026-09-01 12:43:18,352 - INFO - AFC is enabled with max remote calls: 10.
2026-09-01 12:43:18,353 - INFO - AFC is enabled with max remote calls: 10.
2026-09-01 12:43:32,520 - INFO - HTTP Request: POST https://generativelanguage.googleapis.com/v1beta/models/gemini-2.5-pro:generateContent "HTTP/1.1 200 OK"
2026-09-01 12:43:34,013 - INFO - HTTP Request: POST https://generativelanguage.googleapis.com/v1beta/models/gemini-2.5-pro:generateContent "HTTP/1.1 200 OK"
2026-09-01 12:43:36,067 - INFO - HTTP Request: POST https://generativelanguage.googleapis.com/v1beta/models/gemini-2.5-pro:generateContent "HTTP/1.1 200 OK"
2026-09-01 12:43:37,479 - INFO - HTTP Request: POST https://generativelanguage.googleapis.com/v1beta/models/gemini-2.5-pro:generateContent "HTTP/1.1 200 OK"
2026-09-01 12:43:38,223 - INFO - HTTP Request: POST https://generativelanguage.googleapis.com/v1beta/models/gemini-2.5-pro:generateContent "HTTP/1.1 200 OK"
2026-09-01 12:43:38,635 - INFO - HTTP Request: POST https://generativelanguage.googleapis.com/v1beta/models/gemini-2.5-pro:generateContent "HTTP/1.1 200 OK"
2026-09-01 12:43:40,418 - INFO - HTTP Request: POST https://generativelanguage.googleapis.com/v1beta/models/gemini-2.5-pro:generateContent "HTTP/1.1 200 OK"
2026-09-01 12:43:41,672 - INFO - HTTP Request: POST https://generativelanguage.googleapis.com/v1beta/models/gemini-2.5-pro:generateContent "HTTP/1.1 200 OK"
2026-09-01 12:43:47,833 - INFO - HTTP Request: POST https://generativelanguage.googleapis.com/v1beta/models/gemini-2.5-pro:generateContent "HTTP/1.1 200 OK"
2026-09-01 12:43:55,850 - INFO - HTTP Request: POST https://generativelanguage.googleapis.com/v1beta/models/gemini-2.5-pro:generateContent "HTTP/1.1 200 OK"
2026-09-01 12:43:55,867 - INFO - [A2][TR][2026-2027-tr-car-hire-city-06__0001] SYSTEM PROMPT (first batch only):
# ROLE & MISSION

You are an **Expert Technical LQA Auditor — Validator (Final Pass)**. Your mission is to review the localized content **together with a draft JSON report of findings** and return a **final, clean JSON report** that:

* **Keeps only valid, objective, rule-based errors**;
* **Corrects categories, severities, and score mappings** where needed;
* **Adds a missed error only when it is *clear, objective, and within scope*** (see *Additions Policy*);
* **Preserves the exact JSON schema** used by the LQA pipeline.

You return the **final report as if you authored it from scratch**. Do **not** comment on previous reviewers/agents, and do **not** include explanatory prose. Your output is the **single JSON object only**.

This prompt is used across multiple languages. A locale-specific instruction pack is auto-injected. **These instructions are your highest authority and override any general rules in this document where they differ.**

You will receive a `Topic Name` for each batch (e.g., a route or travel topic). Use it as context and **do not flag hardcoded city/route mentions as errors when they match the Topic Name** (destination/from cities already specified by the topic are not mistakes).

---

## PROJECT-SPECIFIC EXCLUSIONS (HIGHEST PRIORITY)

Do **not** keep, add, or correct findings about names, cities/place names, car-rental providers, or car models/types merely because they are not localized or remain in another language/alphabet. The agency will handle them. Preserve them exactly in `updated_sentence` and `corrected_content`. Keep only an independent objective error that is not based on localization or script.

---

## THE PRIME DIRECTIVE: OBJECTIVITY OVER PREFERENCE

Your role is to enforce objectivity and consistency:

**✅ KEEP (Objective & Actionable Issues Only)**

* **Grammar:** Agreement, case, tense, government, prepositions **that alter meaning**.
* **Punctuation/Spelling/Typos:** Typos/diacritics; locale punctuation rules (e.g., FR NBSP before `: ; ? !`, DE „…“ quotes).
* **Compliance:** Glossary/brand/register violations that are **explicitly mandated**; mandated units/currency formatting; required conversions.
* **Accuracy:** Internal contradictions, wrong numbers, mistranslation that changes meaning, **wrong currency for location**.
* **Severe Clarity:** Run‑ons/structures that **objectively** hinder comprehension.
* **SEO paragraph segmentation:** A single SEO/editorial body paragraph that packs multiple distinct ideas and is objectively hard to scan — keep/add as **Style** with a split fix. Not for synonym preference.

**❌ DISCARD (Subjective or Out of Scope)**

* "Awkward/natural/flow" without a rule violation.
* Synonyms/paraphrases that keep the same meaning.
* Content improvements beyond the provided text.
* External fact corrections (laws/limits/prices) unless the text **internally contradicts itself** or `lang instructions` requires a specific presentation.

---

## **TERMS / GLOSSARY HANDLING (IMPORTANT)**

* Treat key terms/keywords as **reference**, not rigid commands. **Case‑insensitive** by default; morphology allowed.
* Enforce a term as **Compliance** only when **explicitly mandatory** (or for brands/proper names). Do **not** impose Title Case just because the list shows a capitalized entry.
* **Do not rename brands.** If uncertain, adjust only casing/spacing or remove the finding.


---

## LANGUAGE‑AGNOSTIC CATEGORIZATION RULES

1. **No external fact‑checking**

   * Do **not** verify laws, limits, or prices with outside knowledge. Use **Accuracy** only for **internal contradictions**, **mistranslations**, or **objective numeric/format errors** visible in the text.
   * Missing metric↔imperial conversion or required primary unit for the locale → **Compliance**.

2. **Brand / Proper‑noun rules are Compliance**

   * Misspelling, wrong casing, spacing of official names → **Compliance** (not Punctuation).
   * Examples: *star car → starcar* (DE), *yalla → Yalla* (pt‑BR), *Rental plus → Rental Plus* (NL).

3. **Currency: what vs how**

   * **What** currency is used for the location (e.g., £ in California) → **Accuracy** (Major).
   * **How** it is formatted/spaced/symbol order → **Compliance** per locale.

4. **Headings & typography**

   * Punctuation in headings (e.g., stray period) → **Punctuation/Spelling/Typos**.
   * Locale‑specific quotes/spaces/diacritics → **Punctuation/Spelling/Typos**.
   * Do **not** force Title Case unless `lang instructions` explicitly mandates it.

5. **Clarity vs preference**

   * Use **Style** only for **objective readability breakdowns** (run‑ons, tangled structure, ambiguous segmentation, or SEO body paragraphs that objectively pack multiple distinct ideas and must be split). Do **not** use Style for “sounds nicer”.

---

## **ADDITIONS POLICY (WHEN MAY YOU ADD A NEW ERROR?)**
Your default is to **validate and prune**. Add a new finding **only if ALL** are true:

1. The error is **clear, objective, and high‑confidence**;
2. It is **within scope** of allowed categories and `TR_instructions`;
3. It has **material impact** (Minor/Major/Critical as per ladder) and is not preferential;
4. The **updated\_sentence** applies a **minimal fix** (no creative rewrite or new facts);
5. **No brand renames**: you **may not** invent or substitute a brand name. Only correct brand spelling if it’s in the glossary/terms or is an obvious simple typo of a known brand. Otherwise, restrict to casing/spacing or omit.

If any condition is doubtful, **do not add**. Prefer under‑addition to over‑flagging.


---

## DE‑DUPLICATION & MINIMAL FIX

* **De‑duplication:** If the same **rule** is violated repeatedly in a contiguous pattern, keep **one representative instance**. In `issue`, note: *“Pattern repeats in similar sentences.”*
* **Minimal change principle:** `updated_sentence` must apply **only** the fix needed for the error. Do not rephrase unrelated parts, change mood/voice/wording, or introduce new content.

---

## SCOPE OF QA (ERROR CATEGORIES)

Use one of the following exact labels for `type_of_issue`.

1. **AI-issues**

   * **Hallucination:** Fabricated content presented as fact **within the text**.
   * **Bias / Cultural Sensitivity:** Offensive, biased, or culturally insensitive content.

2. **Style**

   * **Definition:** Clarity/readability issues that **objectively** hinder comprehension (run‑ons, tangled structure, ambiguous segmentation).
   * **Do not use for:** Preferred phrasings or cosmetic rewrites.

3. **Accuracy**

   * **Definition:** Semantic fidelity or numeric correctness **within the provided text**.
   * **Use for:** Mistranslation altering meaning; internal contradictions; wrong numbers/arithmetic; **wrong currency for location**.
   * **Do not use for:** External fact‑checking (laws/speed limits/prices not contradicted by the text).

4. **Compliance**

   * **Definition:** Violations of glossary/brand/locale rules or mandated presentation.
   * **Use for:** Brand/proper‑noun casing; unit presentation & required conversions; currency **formatting** rules; register required by `lang instructions`.

5. **Grammar**

   * **Definition:** Morphology/syntax agreement and government errors.
   * **Examples:** Case errors; agreement; required repetition in parallel lists.

6. **Punctuation/Spelling/Typos**

   * **Definition:** Orthography, diacritics, locale punctuation/spacing, stray characters.
   * **Examples:** Double spaces; FR NBSP; heading stray period.

---

## SEVERITY LEVELS & DECISION LADDER

Map severity to points exactly (Minor=1, Major=3, Critical=25):

**Critical (25)** – Safety/legal risk, offensive bias, or fabricated claims **within the text** that could dangerously mislead.

**Major (3)** – Errors that change meaning or materially impair comprehension (mistranslation; missing mandated conversion in a metric locale; wrong currency for location; run‑on that creates ambiguity).

**Minor (1)** – Objective errors not blocking understanding (typos; locale spaces/quotes; heading with stray period; non‑blocking agreement/casing/commas per locale rules).

**Decision Ladder**

1. Policy/safety/offense? → **Critical**.
2. Misleads/changes meaning/blocks understanding? → **Major**.
3. Otherwise objective correctness/formatting breaches → **Minor**.
4. If purely preferential → **Remove**.

---

## Lang‑SPECIFIC RULES

# Turkish (tr-TR) Style Guide for Skyscanner

## Critical requirements
- Use the friendly formal `Siz` register consistently. Use modern formal imperatives such as `-ın/-in`; avoid informal `sen` and unnecessarily archaic `-ınız/-iniz` forms.
- Use active voice and short direct CTAs. Helpful > geeky > playful.
- Refer to the country as `Türkiye`, not `Turkey`, when translating the country name.
- The global project-specific exclusion in the master prompt takes priority over any name or geo-name guidance.

## Language and typography
- Do not automatically put commas after conditional `-se/-sa` clauses or verbal-adverb clauses; add one only when Turkish grammar or clarity requires it.
- Do not surround repeated conjunctions with unnecessary commas.
- Use straight quotation marks consistently and the single ellipsis character `…`. Avoid em dashes.
- Use sentence case and do not end headings with a full stop.
- Write numeric dates as `DD.MM.YYYY`.

## Technical content
- Preserve placeholders, variables, tags, numbers, and product tokens exactly.
- URLs must be lowercase and use hyphens; transliterate Turkish URL characters (`ç→c`, `ğ→g`, `ı→i`, `ö→o`, `ş→s`, `ü→u`).
- Do not duplicate the airport word when it is already part of the source name.
- Keep Skyscanner unchanged.

## Content and compliance
- Use natural SEO language; no keyword stuffing or preference-only rewrites.
- Do not externally fact-check laws, prices, limits, or policies.
- Do not claim Skyscanner provides discounts. Use “best” only with a supplied measurable basis.
- Avoid greenwashing and absolute claims that travel is green, clean, eco-friendly, or sustainable.



---

## OUTPUT JSON CONTRACT (RETURN THIS OBJECT ONLY)

Return a **single, valid JSON object** using the exact schema below. Do **not** add any explanatory text.

```json
{
  "review_findings": [
    {
      "text": "<The full, original sentence or text snippet containing the error>",
      "issue": "<A concise, one-sentence description of the objective error.>",
      "type_of_issue": "<Must be one of: AI-issues, Style, Accuracy, Compliance, Grammar, Punctuation/Spelling/Typos>",
      "solution": "<A brief, actionable instruction for the fix.>",
      "updated_sentence": "<The full sentence, rewritten with the solution correctly applied. For paragraph splits, include blank lines between paragraphs.>",
      "severity": "<Must be one of: Minor, Major, Critical>",
      "score_deduction": "<Must be 1, 3, or 25, matching the severity>"
    }
  ],
  "corrected_content": "<REQUIRED: the full corrected body text for THIS batch/section after applying all kept fixes. Preserve meaning. Use blank lines between paragraphs when splitting for readability. If no findings, return the original content unchanged.>",
  "overall_feedback": {
    "summary": "<2–3 bullet points on systemic error patterns found in THIS final report>",
    "action_plan": "<2–3 concrete, high-level preventive actions consistent with THIS final report>"
  }
}
```

**`corrected_content` rules**

* Always include `corrected_content` for the **entire section body** you were given (not just one sentence).
* Apply every kept finding’s fix; do not introduce new facts, brands, or creative rewrites.
* When splitting paragraphs, separate them with a blank line (`\\n\\n`).
* If there are no findings, set `corrected_content` to the original `$content` unchanged.

---

## COMMON MISCLASSIFICATIONS TO AVOID (CHECK BEFORE SUBMIT)

* **External fact corrections** (laws, limits, prices) → **Remove** unless contradicted internally. Missing metric conversion → **Compliance**, not **Accuracy**.
* **Brand/proper‑noun casing** → **Compliance**, not **Punctuation**.
* **Currency** → **what** currency for the location = **Accuracy**; **how** it’s formatted = **Compliance**.
* **Generic vertical nouns** (e.g., ES *alquiler de coches*) → keep in **sentence case** unless locale pack mandates Title Case.
* **Headings punctuation** (stray period) → **Punctuation/Spelling/Typos**.
* **“Awkward/natural” only** → **Remove** unless readability is objectively impaired (then **Style**).

---

## FINAL SELF‑CHECK (RUN BEFORE RETURNING JSON)

1. **Did I return exactly one JSON object with the correct schema, including `corrected_content`?**
2. **Did I eliminate preferential or externally fact‑checked items?**
3. **Did I add a new error only if it was *clear, objective, and within scope*?**
4. **Are categories normalized and severities mapped to 1/3/25 correctly?**
5. **Do terms/keywords follow the reference‑not‑mandatory rule (unless explicitly mandated)?**
6. **Are issue/solution concise and minimal, and do updated sentences apply only the fix?**
7. **Does `corrected_content` reflect the full section body with all kept fixes applied?**

Return only the JSON object.

2026-09-01 12:43:55,878 - INFO - [A2][TR][2026-2027-tr-car-hire-city-06__0001] USER PROMPT (first batch only):
Topic Name: Uygun fiyatlı araç kiralama: Üsküp

Here is the content to review:

Üsküp'te araç kiralamak için en düşük fiyat ₺2.188 seviyesinde başlıyor, yıllık ortalama ise ₺3.148 olarak kaydediliyor. Farklı tarih ve sağlayıcıları karşılaştırarak bütçenize uygun seçenekleri değerlendirebilirsiniz. Yıl içinde en uygun fiyatlar genellikle Haziran ayında görülüyor, bu nedenle seyahatinizi bu döneme denk getirmek maliyeti düşürebilir. En iyi fırsatları yakalamak için rezervasyonunuzu kalkış tarihinden 3 hafta öncesi yapmanız önerilir. Araç sınıflarını ve teslim koşullarını önceden inceleyerek ihtiyaçlarınıza en uygun kiralama planını belirleyebilir, böylece ek masraflardan kaçınabilirsiniz.

Available key terms:

### Skyscanner Multilingual Glossary ###
- EN: additional driver → tr-TR: ilave sürücü | Definition: An extra person authorized to drive a rented vehicle.
- EN: air conditioning → tr-TR: klima | Definition: A system for cooling and dehumidifying the air.
- EN: airline → tr-TR: hava yolu şirketi | Definition: A company that provides air transport services for traveling passengers.
- EN: airline alliance → tr-TR: hava yolu ittifakı | Definition: A partnership between multiple airlines to provide mutual benefits and seamless travel.
- EN: all inclusive → tr-TR: her şey dâhil | Definition: Hotel package that includes accommodation, all meals, snacks, drinks (both alcoholic and non-alcoholic), and often additional amenities and activities
- EN: amenities → tr-TR: olanaklar | Definition: Title of filter section mainly in hotel search
- EN: apartment → tr-TR: apartman dairesi | Definition: A self-contained housing unit that occupies part of a building.
- EN: App → tr-TR: Uygulama | Definition: An application designed for use on mobile devices.
- EN: Art and culture → tr-TR: Sanat ve kültür | Definition: Activities or attractions related to visual arts, music, theater, and heritage.
- EN: automatic → tr-TR: otomatik | Definition: A type of vehicle transmission that shifts gears automatically.
- EN: baggage allowance → tr-TR: bagaj hakkı | Definition: The amount of luggage a traveler is permitted to carry without incurring additional fees, as defined by the transportation provider
- EN: Beach → tr-TR: Plaj | Definition: A sandy or pebbly shore by a body of water, often a popular destination for relaxation and recreation.
- EN: Black Friday → tr-TR: Efsane Cuma | Definition: A major retail event with extensive sales and promotions, often lasting beyond the day after Thanksgiving. | Notes: This term is accurate as it was used in previous translations and can remain as is. | Example: Efsane Cuma kampanyamızı kaçırdıysanız üzülmeyin!
- EN: board type → tr-TR: pansiyon tipi | Definition: This term refers to the meal plan included with a hotel stay. | Example: Bu tatil paketlerinin fiyat, uçuş yolculuğu, otel yıldız puanı ve pansiyon tipi açısından en iyi kombinasyonu sunduğunu düşünüyoruz.
- EN: book → tr-TR: rezervasyon yapmak | Definition: Verb. To reserve a service, such as a flight.
- EN: book → tr-TR: rezervasyon yapmak | Definition: Verb. To reserve a service, such as a hotel room.
- EN: book → tr-TR: rezerve et | Definition: Verb. To reserve a service, such as a car.
- EN: booking → tr-TR: rezervasyon | Definition: Noun. A reservation for a service.
- EN: booking → tr-TR: rezervasyon | Definition: Noun. A reservation for a service.
- EN: booking → tr-TR: rezervasyon | Definition: Noun. A reservation for a service.
- EN: Business Class → tr-TR: Business Class | Definition: A class of airline service offering more comfort and amenities than economy class.
- EN: business travellers → tr-TR: iş seyahatine çıkan kişiler | Definition: Individuals traveling for work-related purposes.
- EN: cabin bag → tr-TR: kabin bagajı | Definition: A small piece of luggage carried into the passenger cabin.
- EN: cabin baggage → tr-TR: kabin bagajı | Definition: Same as cabin bag.
- EN: cabin class → tr-TR: kabin sınıfı | Definition: The category of service on an aircraft, such as economy, business, or first class. | Example: Aramanıza başlamadan önce kabin sınıfını (Ekonomi, First Class, Business Class veya Premium Ekonomi) seçebilirsiniz.
- EN: cancellation policy → tr-TR: iptal politikası | Definition: The terms and conditions under which a booking can be canceled.
- EN: car hire → tr-TR: araç kiralama | Definition: The act of renting a vehicle.
- EN: Car hire → tr-TR: Araç kiralama | Definition: Rental of an automobile for a specified period
- EN: car hire company → tr-TR: araç kiralama şirketi | Definition: A business that provides rental vehicles.
- EN: car hire deal → tr-TR: araç kiralama fırsatı | Definition: Discounted or special offer on car rental services.
- EN: carbon footprint → tr-TR: karbon ayak izi | Definition: A carbon footprint refers to the total amount of CO2 emissions released into the atmosphere as a result of the activities of an business, individual or event.
- EN: charge → tr-TR: ücret almak | Definition: Verb. To add fee for a service or product.
- EN: charge → tr-TR: ücret | Definition: Noun. Fee for a service or product
- EN: Cheapest month → tr-TR: En ucuz ay | Definition: The cheapest month features in ‘Flexible Dates’ tab highlights the cheapest month to travel, as well as the lowest price per month to travel to the destination.
- EN: check in → tr-TR: check in yapma | Definition: Verb - The process of registering for a flight.
- EN: check in → tr-TR: giriş | Definition: Verb - The process of registering for a hotel stay.
- EN: check out → tr-TR: çıkış | Definition: Verb - The process of completing a stay at a hotel.
- EN: check-in → tr-TR: check-in | Definition: Noun - The process of registering for a flight.
- EN: check-in → tr-TR: giriş | Definition: Noun - The process of completing a stay at a hotel.
- EN: check-out → tr-TR: çıkış | Definition: Noun - The process of leaving and settling the bill at a hotel.
- EN: checked bag → tr-TR: kayıtlı bagaj | Definition: Bag that is handed over to the airline for transport in the cargo hold.
- EN: checked luggage → tr-TR: kayıtlı bagaj | Definition: Luggage that is handed over to the airline for transport in the cargo hold.
- EN: cO2e emissions → tr-TR: cO2e emisyonları | Definition: Carbon dioxide equivalent emissions, measuring the impact of greenhouse gases.
- EN: Collision Damage Waiver → tr-TR: Muafiyetli Kaza Teminatı | Definition: This is a type of insurance offered by rental car companies that limits your liability if the car is damaged in an accident. 
However, it typically doesn’t cover the full cost; you still have to pay a portion of  the repair costs, called the excess or deductible. | Example: Muafiyetli Kaza Teminatı çarpışma halindeki hasarları kapsar.
- EN: commercial van → tr-TR: ticari panelvan | Definition: Vehicles designed for transporting goods and materials for business purposes.
- EN: compact → tr-TR: kompakt | Definition: A category of rental cars that are slightly larger than economy cars but still small and efficient.
- EN: connecting flight → tr-TR: aktarmalı uçuş | Definition: A flight requiring a change of planes to reach the final destination.
- EN: convertible → tr-TR: üstü açılır | Definition: A car with a roof structure that can be 'converted' to allow open-air or enclosed driving.
- EN: Cookie Policy → tr-TR: Çerez Politikası | Definition: Policy that governs the use of cookies on Skyscanner's website, ensuring transparency regarding data usage
- EN: country house → tr-TR: kır evi | Definition: A large house in the countryside
- EN: coupe → tr-TR: coupe | Definition: A car with a fixed-roof body style that is shorter than a sedan of the same model.
- EN: couples → tr-TR: çift | Definition: Pairs of individuals traveling together
- EN: Cyber Monday → tr-TR: Siber Pazartesi | Definition: An online shopping event on the Monday after Thanksgiving, featuring exclusive digital deals and discounts. | Notes: The Turkish equivalent of this term is in widespread use. | Example: Siber Pazartesi indirimiyle bu senenin gözde rotalarını siz de keşfedin.
- EN: deal → tr-TR: fırsat | Definition: A special offer or discount.
- EN: departure country → tr-TR: kalkış ülkesi | Definition: The country from which a journey begins.
- EN: departure date → tr-TR: kalkış tarihi | Definition: The date on which a journey starts.
- EN: departure time → tr-TR: kalkış saati | Definition: The scheduled time a flight is set to leave.
- EN: destination → tr-TR: varış noktası | Definition: The final place or location to which someone is traveling. It is the end point of a journey where travelers intend to stay, explore, or visit. Destinations can range from cities and countries to specific attractions or resorts.
- EN: destination airport → tr-TR: varış havalimanı | Definition: The airport where a journey ends.
- EN: destination country → tr-TR: varış ülkesi | Definition: The country where a journey ends.
- EN: direct → tr-TR: aktarmasız | Definition: A flight with no scheduled stops between the departure and arrival points.
- EN: direct flight → tr-TR: aktarmasız uçuş | Definition: A flight with no scheduled stops between the departure and arrival points.
- EN: domestic flight → tr-TR: yurt içi uçuş | Definition: A flight within the same country.
- EN: drop → tr-TR: düşenler | Notes: Noun. To be translated based on context | Example: 36 £ indirim

Fiyatı düşenler
- EN: drop → tr-TR: İndirmek | Notes: Verb. To be translated based on context | Example: Bir sonraki seyahatiniz in fiyatı bugün inebilir

Başka bir kalkış şehri seçin veya daha sonrauğrayıntekrar kontrol edin.

Bugünün yeni düşen fiyatları
- EN: drop-off → tr-TR: teslim etme | Definition: The date, time or location where a rented vehicle is returned at the end of the rental period.
- EN: DROPS → tr-TR: DROPS | Definition: Feature name.

DROPS is a new “sub-brand” of Skyscanner. It is an app-exclusive product only available for logged-in users that helps travelers spot flight deals that have dropped by more than 20% and that are available for only 24h. | Notes: Follow the source capitalization.

Feature name. To be left in English | Example: DROPS'a Hoş Geldiniz

Bir sonraki seyahatinize DROPS karar versin
- EN: Drops → tr-TR: Drops | Definition: Feature name.

Drops is a new “sub-brand” of Skyscanner. It is an app-exclusive product only available for logged-in users that helps travelers spot flight deals that have dropped by more than 20% and that are available for only 24h. | Notes: Follow the source capitalization.

Feature name. To be left in English | Example: Drops'u yenile

Drops hakkında daha fazla bilgi edinin
- EN: economy → tr-TR: ekonomik | Definition: A category of rental cars that are typically small, fuel-efficient, and inexpensive. | Example: 557 TL ile başlayan fiyatlarla ekonomik araç kiralama fırsatları
- EN: Economy → tr-TR: ekonomi | Definition: The Economy flight class refers to the most basic and affordable class of service on an airplane. | Example: First Class, Business Class veya Premium Ekonomi biletleri
- EN: electric → tr-TR: elektrikli | Definition: Vehicles powered by electricity, typically from batteries.
- EN: email → tr-TR: e-posta | Definition: Electronic mail address used for communication.
- EN: estimated price → tr-TR: tahminî fiyat | Definition: An approximate cost for a service.
- EN: Everywhere → tr-TR: Tüm dünya | Definition: Option to search for travel destinations worldwide.
- EN: Excellent → tr-TR: Mükemmel | Definition: Rating indicating superior quality or performance.
- EN: Excess Waiver → tr-TR: Sıfır Muafiyet Sigortası | Definition: This is an additional insurance that covers the excess amount not covered by the CDW. If you buy an excess waiver, you won’t have to pay  anything in the event of a claim, as it "waives" your responsibility for the excess 
portion. So, the CDW reduces your liability for damage, while the excess waiver eliminates your out-of-pocket costs for the excess amount. | Example: Eğer sıfır muafiyet aldıysanız buna gerek yok çünkü hiçbir hasardan sorumlu değilsiniz.
- EN: explore → tr-TR: Keşfedin | Definition: Option to discover new destinations or services.
- EN: Explore everywhere → tr-TR: Tüm dünyayı keşfedin | Definition: The sentence case will be used whenever the term is employed in the UI itself or as part of a sentence.
- EN: Explore Everywhere → tr-TR: Tüm Dünyayı Keşfedin | Definition: Used as feature or proper noun - Option to view travel options for various destinations globally.
- EN: extra charge → tr-TR: ekstra ücret | Definition: An additional fee for a service or product.
- EN: Fair Fuel Policy → tr-TR: Adil Yakıt Politikası | Definition: A policy ensuring fair charges for fuel in rental agreements.
- EN: families → tr-TR: aile | Definition: Groups traveling together, typically including parents and children.
- EN: FAQ → tr-TR: SSS | Definition: Frequently Asked Question
- EN: FAQs → tr-TR: SSS | Definition: Frequently Asked Questions
- EN: fare → tr-TR: ücret | Definition: The cost of a ticket for travel.
- EN: fee → tr-TR: ücret | Definition: A charge for a service or product.
- EN: First Class → tr-TR: First Class | Definition: A premium class of airline service offering high level of comfort and amenities.
- EN: Flexible dates → tr-TR: Esnek tarihler | Definition: Previous "Whole month" feature. Calendar Tab that shows Whole month prices that allows users to make month view searches.
- EN: flight deal → tr-TR: uçuş fırsatı | Definition: Discounted or special offer on air travel tickets.
- EN: flight details → tr-TR: uçuş bilgileri | Definition: Information about a specific flight.
- EN: flight emissions → tr-TR: uçuş emisyonu | Definition: The amount of CO2 produced by a flight. Title for a feature that badges up flights with lower carbon dioxide emissions compared to other flights in the result set.
- EN: flight time → tr-TR: uçuş süresi | Definition: The duration of a flight.
- EN: Flights → tr-TR: Uçuşlar | Definition: Air travel services provided by airlines.
- EN: fuel → tr-TR: yakıt | Definition: Gasoline or diesel used to power vehicles, including cars, motorcycles, boats, or recreational vehicles.
- EN: full board → tr-TR: tam pansiyon | Definition: Hotel option that covers accommodation and three meals a day (breakfast, lunch, and dinner). Drinks and additional activities are usually not included
- EN: full to full → tr-TR: tam depo alım ve teslim | Definition: Fuel policy where the car is provided with a full tank and must be returned with a full tank.
- EN: fullsize → tr-TR: büyük hacimli | Definition: A category of rental cars that are larger and offer more comfort and space.
- EN: getaway → tr-TR: kaçamak | Definition: A short vacation or trip, often taken to escape from daily routine and responsibilities. It usually involves traveling to a relaxing or enjoyable destination.
- EN: Good → tr-TR: İyi | Definition: Rating indicating satisfactory quality or performance.
- EN: Great food → tr-TR: Harika yemekler | Definition: High-quality or highly recommended culinary experiences.
- EN: guest → tr-TR: konuk | Definition: A person staying at a hotel or other accommodation.
- EN: guest house → tr-TR: konuk evi | Definition: A small, private hotel or lodging.
- EN: guest reviews → tr-TR: konuk değerlendirmeleri | Definition: Feedback and ratings from customers who have used a service or stayed at a property.
- EN: half board → tr-TR: yarım pansiyon | Definition: Hotel option that covers accommodation, breakfast, and one other meal (usually dinner). Drinks and additional meals are typically not included.
- EN: hire car → tr-TR: kiralık araç | Definition: A vehicle rented for a short period, ranging from a few hours to several weeks, typically from a rental agency.
- EN: holiday rentals → tr-TR: Kiralık tatil yerleri | Definition: Properties available for short-term vacation stays.
- EN: home airport → tr-TR: en yakın havalimanı | Definition: The airport closest to a traveler's residence.
- EN: hostel → tr-TR: Hostel | Definition: Budget-friendly accommodation
- EN: hotel → tr-TR: otel | Definition: An establishment providing lodging, meals, or other guest services.
- EN: hotel deal → tr-TR: otel fırsatı | Definition: Discounted or special offer on hotel bookings.
- EN: Hotels → tr-TR: Oteller | Definition: Establishments providing lodging, meals, and other services for travelers.
- EN: hybrid → tr-TR: hibrit | Definition: Vehicles powered by both an internal combustion engine and an electric motor.
- EN: inbound flight → tr-TR: dönüş | Definition: The flight that takes the passenger back from their destination to their original departure location.
- EN: intermediate → tr-TR: D segmenti | Definition: A category of rental cars that are larger than economy but smaller than full-size.
- EN: itinerary → tr-TR: seyahat planı | Definition: A detailed plan or schedule of a trip, listing all destinations, activities, and accommodations, along with the times and dates for each part of the journey.
- EN: journey → tr-TR: yolculuk | Definition: A journey refers to the act of traveling from one place to another, usually involving a significant distance or time commitment.
- EN: latest price → tr-TR: en güncel fiyat | Definition: The most recent cost for a service or product.
- EN: location → tr-TR: konum | Definition: A specific place or position where something is situated or where an event occurs.
- EN: log in → tr-TR: oturum açma | Definition: To access an account by entering credentials.
- EN: log out → tr-TR: oturumu kapatma | Definition: To exit an account.
- EN: login → tr-TR: oturum açma | Definition: The act of logging in to a computer, database, or system.
- EN: long wait → tr-TR: uzun bekleme süresi | Definition: An extended period of waiting, often at airports between flights.
- EN: low-cost → tr-TR: uygun maliyetli | Definition: Services, particularly airlines, that are designed to offer lower prices by reducing the range of services and amenities traditionally included in the fare.
- EN: lowest price → tr-TR: En düşük fiyat | Definition: The least expensive cost for a service or product.
- EN: luxury → tr-TR: lüks | Definition: High-end, premium vehicles offering superior comfort and features.
- EN: manual → tr-TR: manuel | Definition: A type of vehicle transmission that requires the driver to manually shift gears.
- EN: mini → tr-TR: A segmenti | Definition: A category of rental cars that are very small, typically suitable for city driving.
- EN: mobile app → tr-TR: mobil uygulama | Definition: An application designed for use on mobile devices.
- EN: motorcycle → tr-TR: motosiklet | Definition: A two-wheeled motor vehicle.
- EN: Multi-city → tr-TR: Çoklu şehir | Definition: Multi-city flights are a smart way to see more destinations in one go, by adding extra legs to your trip. If, for example, you can’t decide between Paris or Rome, you can book flights to both cities and turn your trip into an itinerary.
- EN: multi-city → tr-TR: çoklu şehir | Definition: Multi-city flights are a smart way to see more destinations in one go, by adding extra legs to your trip. If, for example, you can’t decide between Paris or Rome, you can book flights to both cities and turn your trip into an itinerary.
- EN: Nearby airports → tr-TR: Yakındaki havalimanları | Definition: Widen your search for flight deals by selecting the “add nearby airports” option to search flight prices for all the nearest airports at your departure point and your destination to increases your chances of finding the best deal at both ends of your trip.
- EN: nearby airports → tr-TR: yakındaki havalimanları | Definition: Widen your search for flight deals by selecting the “add nearby airports” option to search flight prices for all the nearest airports at your departure point and your destination to increases your chances of finding the best deal at both ends of your trip.
- EN: Nightlife and entertainment → tr-TR: Gece hayatı ve eğlence | Definition: Activities and venues that provide entertainment, typically during the evening, such as clubs and bars.
- EN: no extra fees → tr-TR: ek ücret yok | Definition: Indicates that there are no additional charges beyond the listed price.
- EN: non refundable → tr-TR: iade edilemez | Definition: A booking or a charge that cannot be refunded.
- EN: non-protected transfer → tr-TR: garanti olmayan aktarma | Definition: Booking connecting flights with more than one provider means the ongoing flight may not be guaranteed, and is at risk from delays or cancellations. It's also needed to collect your luggage and check into the second flight.
- EN: one way → tr-TR: tek yön | Definition: A trip that does not include a return journey.
- EN: one way → tr-TR: tek yön | Definition: A train trip that does not include a return journey. | Example: Tek yön tren biletinizi şimdiden alıp tasarruf edin.
- EN: one-way → tr-TR: tek yön | Definition: A trip that does not include a return journey.
- EN: outbound → tr-TR: gidiş | Definition: The flight that takes a passenger from their home or starting location to their destination.
- EN: outbound flight → tr-TR: gidiş uçuşu | Definition: The flight that takes a passenger from their home or starting location to their destination.
- EN: Outdoor adventures → tr-TR: Açık hava maceraları | Definition: Activities involving physical exertion in natural settings, such as hiking, rafting, or camping.
- EN: package → tr-TR: tatil paketi | Definition: Used in the meaning of “package holiday”, referring to the package deals in our Packages vertical that include flights and a hotel. This is for when we talk about packages in running copy and in general, as opposed to the vertical name. | Notes: Can be translated as "paket" ("package") and not "tatil paketi" ("holiday package") when referred to as flight package or hotel package. | Example: - Tatil paketlerinde farklı uçuş saatleri ile farklı oda ve pansiyon seçenekleri bulunabilir.
- Tatil paketi sağlayıcılar aranıyor
- Aramanıza uygun herhangi bir uçuş ve otel paketi bulunmuyor
- EN: Packages → tr-TR: tatil paketleri
- EN: parking → tr-TR: otopark | Definition: Space or facility to park vehicles.
- EN: passenger → tr-TR: yolcu | Definition: An individual traveling on a plane, train, or other mode of transport.
- EN: passenger van → tr-TR: yolcu minibüsü | Definition: A van configured to carry passengers.
- EN: Pay on arrival → tr-TR: Varışta ödeyin | Definition: Option to pay for a service upon arrival at the location.
- EN: pay on arrival → tr-TR: Varışta ödeyin
- EN: people carrier → tr-TR: minivan | Definition: A vehicle designed to transport multiple passengers
- EN: pick up truck → tr-TR: pikap | Definition: A light-duty truck with an enclosed cab and an open cargo area.
- EN: pick-up → tr-TR: Teslim alma | Definition: The act of collecting a rental vehicle.
- EN: Premium → tr-TR: Premium | Definition: A category of rental cars that offer higher-end features and more comfort.
- EN: Premium Economy → tr-TR: Premium Ekonomi | Definition: A class of airline service between economy and business class.
- EN: Price → tr-TR: Fiyat | Definition: The cost of a service or product.
- EN: Price Alert → tr-TR: Fiyat Uyarısı | Definition: Skyscanner's Price Alert feature notifies users via email or push notification about fluctuations in the prices of plane tickets they're interested in.
- EN: Price Alerts → tr-TR: Fiyat Uyarıları | Definition: Skyscanner's Price Alert feature notifies users via email or push notification about fluctuations in the prices of plane tickets they're interested in.
- EN: price per night → tr-TR: gecelik fiyat | Definition: The cost of accommodation for one night.
- EN: Privacy Policy → tr-TR: Gizlilik Politikası | Definition: Policy that outlines how Skyscanner handles users' personal information, emphasizing user control and transparency
- EN: private home → tr-TR: özel konut | Definition: Residential property that is rented out to travelers for short-term stays
- EN: property → tr-TR: tesis | Definition: In the travel context, a property refers to a place of lodging, such as a hotel, resort, bed and breakfast, or vacation rental, where travelers can stay during their trip.
- EN: provider → tr-TR: hizmet sağlayıcı | Definition: A company or individual offering a service. Car Hire vertical
- EN: provider → tr-TR: hizmet sağlayıcı | Definition: A company or individual offering a service.
- EN: provider → tr-TR: hizmet sağlayıcı | Definition: A company or individual offering a service. Hotel vertical
- EN: rating → tr-TR: puan | Definition: A score or review given to a service or product.
- EN: Read more → tr-TR: Devamını okuyun | Definition: Option to view additional information.
- EN: recent searches → tr-TR: son aramalar | Definition: A list of previous search queries.
- EN: Recommended Provider → tr-TR: En İyi Sağlayıcı | Definition: A booking partner that meets our top-quality criteria, demonstrated by a high Partner Quality Score, strong price accuracy, and reliable downstream visibility. This designation helps travelers make informed choices by identifying partners that offer a trustworthy and seamless booking experience.
- EN: recreational vehicle → tr-TR: karavan tipi araç | Definition: RV, a motor vehicle or trailer equipped with living space and amenities for travel.
- EN: residence → tr-TR: rezidans | Definition: Fully furnished apartments or suites that are available for short-term or long-term stays or  a private home or villa that is rented out to travelers for short-term stays,
- EN: resort → tr-TR: tatil köyü | Definition: A place that offers a variety of recreational activities and amenities
- EN: result → tr-TR: sonuç | Definition: An outcome from a search or query.
- EN: return → tr-TR: gidiş-dönüş | Definition: A flight that includes both the outbound and inbound journeys, completing the round trip. | Example: Lütfen dönüş için bir tarih ekleyin.
- EN: return → tr-TR: dönüş | Definition: A flight that returns to the original departure location (1 flight) | Notes: Please make sure to NOT use a hyphen between "gidiş dönüş" when using this term. | Example: Gidiş dönüş uçak bileti için bulduğumuz en iyi fiyat X.
- EN: return → tr-TR: gidiş-dönüş | Definition: A train journey that includes both the outbound and inbound journeys, completing the round trip. | Example: Gidiş-dönüş tren bileti alarak tasarruf edin.
- EN: return → tr-TR: dönüş | Definition: A train trip to return to the original departure location (1 trip)" | Example: Dönüş biletinizi rezerve etmeyi unutmayın.
- EN: return date → tr-TR: dönüş tarihi | Definition: The date of the return journey.
- EN: return flight → tr-TR: dönüş uçuşu | Definition: A flight that includes both the outbound and inbound journeys, completing the round trip. | Notes: Please note that "uçuş" is used when referring to the flight itself, and "uçak bileti" when it's about the ticket/price. | Example: Bir saat sonra dönüş uçuşu var.
- EN: return flight → tr-TR: dönüş uçuşu | Definition: A flight that returns to the original departure location (1 flight) | Notes: Please note that "uçuş" is used when referring to the flight itself, and "uçak bileti" when it's about the ticket/price. | Example: Atina'ya gidiş dönüş uçak bileti fiyatlarını inceleyin.
- EN: return trip → tr-TR: gidiş-dönüş seyahat | Definition: A journey including both the outbound journey to the destination and the inbound journey back to the starting location.
- EN: Review → tr-TR: Değerlendir | Definition: Verb - Add an evaluation or feedback about a service or product.
- EN: review → tr-TR: değerlendirme | Definition: Noun - An evaluation or feedback about a service or product.
- EN: room → tr-TR: oda | Definition: A space within a building for accommodation
- EN: same to same → tr-TR: aynı dolulukta teslim | Definition: Fuel policy where the car must be returned with the same amount of fuel as when picked up.
- EN: Satisfactory → tr-TR: Kabul edilebilir | Definition: Rating indicating acceptable quality or performance, but with some issues.
- EN: Saved → tr-TR: Kaydedilenler | Definition: For travellers planning one or more trips, this feature empowers users to save different elements of their travel, so they can compare and monitor prices, book at a time that suits and/or find the perfect option.
- EN: Savvy Search → tr-TR: Yol Arkadaşım | Definition: Savvy Search is a generative AI planning tool developed internally. It is designed to help travelers discover new destinations and experiences by asking questions like "What kind of trip is on your mind?" This tool is powered by OpenAI's ChatGPT and uses historical internet data along with Skyscanner's destination and price data to provide travel recommendations | Example: Karşınızda Yol Arkadaşım




Yol Arkadaşım ile sınırları aşın, hayal ötesi yolculuklara atılın.
- EN: search → tr-TR: arama | Definition: The process of looking for specific travel-related information or options, such as flights, hotels, rental cars
- EN: search → tr-TR: ara | Definition: To look for information or options.
- EN: select → tr-TR: seçin/seç | Definition: The act of choosing or picking a specific option from a range of available choices.
- EN: self catering → tr-TR: yemeksiz | Definition: This type of accommodation may or may not provide guests with kitchen facilities to prepare their own meals. No meals are included in the package | Notes: “Self catering” can actually mean both accommodations with cooking facilities and accommodations with no meal plan provided where the guests need to organise for their own meals outside of the accommodation.
- EN: self-transfer → tr-TR: Yolcu sorumluluğunda aktarma | Definition: When passengers need to transfer between flights on their own without airline assistance. It may be necessary to check in separately for each connecting flight.
- EN: sign up → tr-TR: kaydolma | Definition: Option to create a new account.
- EN: solo travellers → tr-TR: tek başına seyahat eden kişiler | Definition: Individuals traveling alone.
- EN: sports car → tr-TR: spor araç | Definition: A car designed for high performance and agility, often with a sleek design.
- EN: standard → tr-TR: standart | Definition: A category of rental cars that offer a balance between size, comfort, and cost.
- EN: star → tr-TR: yıldız | Definition: A hotel star rating is a system used to classify hotels based on their quality, amenities, service, and overall guest experience.
- EN: star → tr-TR: yıldız
- EN: star rating → tr-TR: yıldız puanı | Definition: A hotel star rating is a system used to classify hotels based on their quality, amenities, service, and overall guest experience.
- EN: stay → tr-TR: konaklama | Definition: Period during which a guest resides at an accommodation, such as a hotel.
- EN: stop → tr-TR: aktarma | Definition: Flight connection at other airport before reaching the destination (not direct flights)
- EN: Suggested for you → tr-TR: Size özel öneriler | Definition: Personalized recommendations based on your interests or past behavior.
- EN: SUV → tr-TR: SUV | Definition: Sport Utility Vehicle, a larger car often with off-road capability and more passenger/cargo space.
- EN: tax → tr-TR: vergi | Definition: Compulsory financial charges imposed by a government.
- EN: Terms of Service → tr-TR: Hizmet Şartları | Definition: The rules and conditions for using a service.
- EN: Top Provider → tr-TR: En İyi Sağlayıcı | Definition: A booking partner that meets our top-quality criteria, demonstrated by a high Partner Quality Score, strong price accuracy, and reliable downstream visibility. This designation helps travelers make informed choices by identifying partners that offer a trustworthy and seamless booking experience.
- EN: total price → tr-TR: toplam fiyat | Definition: The complete cost of a service or product.
- EN: transfer → tr-TR: transfer/aktarma | Definition: The act of moving travelers from one location to another.
- EN: transfer → tr-TR: transfer/aktarma | Definition: Service or act of moving from one mode of transport to another.
- EN: transmission → tr-TR: vites | Definition: The mechanism by which power is transmitted from the engine to the wheels in a vehicle.
- EN: travel agent → tr-TR: seyahat acentesi | Definition: A professional who plans and books travel arrangements for clients.
- EN: travel Hack → tr-TR: Seyahat İpuçları | Definition: Tips and strategies for making travel easier or cheaper.
- EN: travel insurance → tr-TR: seyahat sigortası | Definition: Coverage for risks associated with travel, such as trip cancellations and medical emergencies.
- EN: Travel Tuesday → tr-TR: Travel Tuesday | Definition: A marketing initiative on the Tuesday after Thanksgiving, offering significant discounts on travel-related purchases like flights and hotels. | Notes: The Turkish translation of this term sees extremely limited use, largely remaining in English following its initial promotion in a column. As it is not yet widespread in Turkey, the safest approach is to leave it untranslated. | Example: Uygun fiyatlarla rezervasyon yapmak isteyen gezginlere özel Travel Tuesday indirimleri sizi bekliyor.
- EN: traveller → tr-TR: yolcu | Definition: An individual who is traveling.
- EN: trip → tr-TR: yolculuk | Definition: A journey from one place to another.
- EN: Underrated Destinations → tr-TR: Değeri Anlaşılmamış Yerler | Definition: Travel locations that are less popular but worth visiting.
- EN: unique stays → tr-TR: benzersiz konaklama yerleri | Definition: Accommodations that offer unusual or distinctive experiences.
- EN: unlimited mileage → tr-TR: sınırsız kilometre | Definition: Option allowing unlimited travel distance in a rental vehicle.
- EN: van → tr-TR: panelvan | Definition: A larger vehicle used for transporting goods or people.
- EN: vehicle → tr-TR: araç | Definition: A mode of transportation used to move from one place to another.
- EN: Very good → tr-TR: Çok iyi | Definition: Rating indicating high quality or performance.
- EN: Vibes → tr-TR: Tatil modunuz | Definition: Vibes is an AI-powered feature developed by Skyscanner that enhances the Explore Everywhere experience by categorising and sorting travel destinations in a smart, intuitive way to inspire travellers. These “vibes” are essentially themed tiles or categories—likely based on mood, activity type, scenery, or travel style (e.g. “beach escape”, “romantic getaway”, “adventurous hiking”)—that help users discover destinations they might not have otherwise considered. | Example: Tatil modunuza göre aralarından dilediğinizi seçebileceğiniz varış noktalarıyla yaza hızlı bir giriş yapın.
- EN: wagon → tr-TR: station vagon | Definition: A car with a longer body and more cargo space, often with a rear hatch door.
- EN: Whole month → tr-TR: Tüm ay | Definition: Option to view availability and prices for an entire month.
- EN: whole month → tr-TR: tüm ay | Definition: Option to view availability and prices for an entire month.
- EN: With honours → tr-TR: Olağanüstü hizmet | Definition: A high distinction or recognition for excellence.

Draft LQA report to validate and finalize (JSON):

{
  "review_findings": [
    {
      "text": "En iyi fırsatları yakalamak için rezervasyonunuzu kalkış tarihinden 3 hafta öncesi yapmanız önerilir.",
      "issue": "The time expression \"3 hafta öncesi\" is grammatically incorrect in this context; the adverb \"önce\" is required.",
      "type_of_issue": "Grammar",
      "solution": "Change the noun form \"öncesi\" to the adverb \"önce\" to form a correct adverbial phrase of time.",
      "updated_sentence": "En iyi fırsatları yakalamak için rezervasyonunuzu kalkış tarihinden 3 hafta önce yapmanız önerilir.",
      "severity": "Minor",
      "score_deduction": 1
    },
    {
      "text": "Araç sınıflarını ve teslim koşullarını önceden inceleyerek ihtiyaçlarınıza en uygun kiralama planını belirleyebilir, böylece ek masraflardan kaçınabilirsiniz.",
      "issue": "There is a subject-verb agreement error; the first verb \"belirleyebilir\" is in the third-person singular form, while the implied subject and the second verb \"kaçınabilirsiniz\" are in the second-person plural form.",
      "type_of_issue": "Grammar",
      "solution": "Change the verb \"belirleyebilir\" to \"belirleyebilirsiniz\" to ensure it agrees with the second-person plural subject.",
      "updated_sentence": "Araç sınıflarını ve teslim koşullarını önceden inceleyerek ihtiyaçlarınıza en uygun kiralama planını belirleyebilirsiniz, böylece ek masraflardan kaçınabilirsiniz.",
      "severity": "Minor",
      "score_deduction": 1
    }
  ],
  "overall_feedback": {
    "summary": "The primary issues identified were minor grammatical errors related to sentence structure. Specifically, there were instances of incorrect adverbial time expressions and subject-verb disagreement in compound sentences.",
    "action_plan": "Ensure that verbs in compound sentences consistently agree with the subject throughout all clauses. Pay closer attention to the correct grammatical forms for adverbial phrases, distinguishing between noun forms (e.g., 'öncesi') and adverbs (e.g., 'önce')."
  }
}

Return only the final JSON object (must include `corrected_content` for the full section body).

2026-09-01 12:43:55,969 - INFO - [TR] Agent 2 window 0-9 (10 batches)
2026-09-01 12:43:56,047 - INFO - AFC is enabled with max remote calls: 10.
2026-09-01 12:43:56,054 - INFO - AFC is enabled with max remote calls: 10.
2026-09-01 12:43:56,055 - INFO - AFC is enabled with max remote calls: 10.
2026-09-01 12:43:56,056 - INFO - AFC is enabled with max remote calls: 10.
2026-09-01 12:43:56,057 - INFO - AFC is enabled with max remote calls: 10.
2026-09-01 12:43:56,057 - INFO - AFC is enabled with max remote calls: 10.
2026-09-01 12:43:56,058 - INFO - AFC is enabled with max remote calls: 10.
2026-09-01 12:43:56,058 - INFO - AFC is enabled with max remote calls: 10.
2026-09-01 12:43:56,059 - INFO - AFC is enabled with max remote calls: 10.
2026-09-01 12:43:56,060 - INFO - AFC is enabled with max remote calls: 10.
2026-09-01 12:44:09,127 - INFO - HTTP Request: POST https://generativelanguage.googleapis.com/v1beta/models/gemini-2.5-pro:generateContent "HTTP/1.1 200 OK"
2026-09-01 12:44:11,580 - INFO - HTTP Request: POST https://generativelanguage.googleapis.com/v1beta/models/gemini-2.5-pro:generateContent "HTTP/1.1 200 OK"
2026-09-01 12:44:12,271 - INFO - HTTP Request: POST https://generativelanguage.googleapis.com/v1beta/models/gemini-2.5-pro:generateContent "HTTP/1.1 200 OK"
2026-09-01 12:44:14,352 - INFO - HTTP Request: POST https://generativelanguage.googleapis.com/v1beta/models/gemini-2.5-pro:generateContent "HTTP/1.1 200 OK"
2026-09-01 12:44:14,467 - INFO - HTTP Request: POST https://generativelanguage.googleapis.com/v1beta/models/gemini-2.5-pro:generateContent "HTTP/1.1 200 OK"
2026-09-01 12:44:14,707 - INFO - HTTP Request: POST https://generativelanguage.googleapis.com/v1beta/models/gemini-2.5-pro:generateContent "HTTP/1.1 200 OK"
2026-09-01 12:44:16,008 - INFO - HTTP Request: POST https://generativelanguage.googleapis.com/v1beta/models/gemini-2.5-pro:generateContent "HTTP/1.1 200 OK"
2026-09-01 12:44:17,234 - INFO - HTTP Request: POST https://generativelanguage.googleapis.com/v1beta/models/gemini-2.5-pro:generateContent "HTTP/1.1 200 OK"
2026-09-01 12:44:18,818 - INFO - HTTP Request: POST https://generativelanguage.googleapis.com/v1beta/models/gemini-2.5-pro:generateContent "HTTP/1.1 200 OK"
2026-09-01 12:44:19,279 - INFO - HTTP Request: POST https://generativelanguage.googleapis.com/v1beta/models/gemini-2.5-pro:generateContent "HTTP/1.1 200 OK"
2026-09-01 12:44:19,284 - INFO - [TR] Waiting 10.0s before next Agent 2 window…
2026-09-01 12:44:29,287 - INFO - [TR] Agent 2 window 10-19 (10 batches)
2026-09-01 12:44:29,382 - INFO - AFC is enabled with max remote calls: 10.
2026-09-01 12:44:29,385 - INFO - AFC is enabled with max remote calls: 10.
2026-09-01 12:44:29,387 - INFO - AFC is enabled with max remote calls: 10.
2026-09-01 12:44:29,387 - INFO - AFC is enabled with max remote calls: 10.
2026-09-01 12:44:29,388 - INFO - AFC is enabled with max remote calls: 10.
2026-09-01 12:44:29,389 - INFO - AFC is enabled with max remote calls: 10.
2026-09-01 12:44:29,390 - INFO - AFC is enabled with max remote calls: 10.
2026-09-01 12:44:29,391 - INFO - AFC is enabled with max remote calls: 10.
2026-09-01 12:44:29,392 - INFO - AFC is enabled with max remote calls: 10.
2026-09-01 12:44:29,393 - INFO - AFC is enabled with max remote calls: 10.
2026-09-01 12:44:44,864 - INFO - HTTP Request: POST https://generativelanguage.googleapis.com/v1beta/models/gemini-2.5-pro:generateContent "HTTP/1.1 200 OK"
2026-09-01 12:44:45,404 - INFO - HTTP Request: POST https://generativelanguage.googleapis.com/v1beta/models/gemini-2.5-pro:generateContent "HTTP/1.1 200 OK"
2026-09-01 12:44:46,016 - INFO - HTTP Request: POST https://generativelanguage.googleapis.com/v1beta/models/gemini-2.5-pro:generateContent "HTTP/1.1 200 OK"
2026-09-01 12:44:46,030 - INFO - HTTP Request: POST https://generativelanguage.googleapis.com/v1beta/models/gemini-2.5-pro:generateContent "HTTP/1.1 200 OK"
2026-09-01 12:44:48,871 - INFO - HTTP Request: POST https://generativelanguage.googleapis.com/v1beta/models/gemini-2.5-pro:generateContent "HTTP/1.1 200 OK"
2026-09-01 12:44:49,309 - INFO - HTTP Request: POST https://generativelanguage.googleapis.com/v1beta/models/gemini-2.5-pro:generateContent "HTTP/1.1 200 OK"
2026-09-01 12:44:49,311 - INFO - HTTP Request: POST https://generativelanguage.googleapis.com/v1beta/models/gemini-2.5-pro:generateContent "HTTP/1.1 200 OK"
2026-09-01 12:44:50,691 - INFO - HTTP Request: POST https://generativelanguage.googleapis.com/v1beta/models/gemini-2.5-pro:generateContent "HTTP/1.1 200 OK"
2026-09-01 12:44:55,882 - INFO - HTTP Request: POST https://generativelanguage.googleapis.com/v1beta/models/gemini-2.5-pro:generateContent "HTTP/1.1 200 OK"
2026-09-01 12:44:57,419 - INFO - HTTP Request: POST https://generativelanguage.googleapis.com/v1beta/models/gemini-2.5-pro:generateContent "HTTP/1.1 200 OK"
2026-09-01 12:44:57,427 - INFO - [TR] Waiting 10.0s before next Agent 2 window…
2026-09-01 12:45:07,430 - INFO - [TR] Agent 2 window 20-29 (10 batches)
2026-09-01 12:45:07,481 - INFO - AFC is enabled with max remote calls: 10.
2026-09-01 12:45:07,483 - INFO - AFC is enabled with max remote calls: 10.
2026-09-01 12:45:07,484 - INFO - AFC is enabled with max remote calls: 10.
2026-09-01 12:45:07,485 - INFO - AFC is enabled with max remote calls: 10.
2026-09-01 12:45:07,485 - INFO - AFC is enabled with max remote calls: 10.
2026-09-01 12:45:07,486 - INFO - AFC is enabled with max remote calls: 10.
2026-09-01 12:45:07,487 - INFO - AFC is enabled with max remote calls: 10.
2026-09-01 12:45:07,488 - INFO - AFC is enabled with max remote calls: 10.
2026-09-01 12:45:07,488 - INFO - AFC is enabled with max remote calls: 10.
2026-09-01 12:45:07,489 - INFO - AFC is enabled with max remote calls: 10.
2026-09-01 12:45:21,164 - INFO - HTTP Request: POST https://generativelanguage.googleapis.com/v1beta/models/gemini-2.5-pro:generateContent "HTTP/1.1 200 OK"
2026-09-01 12:45:22,714 - INFO - HTTP Request: POST https://generativelanguage.googleapis.com/v1beta/models/gemini-2.5-pro:generateContent "HTTP/1.1 200 OK"
2026-09-01 12:45:23,395 - INFO - HTTP Request: POST https://generativelanguage.googleapis.com/v1beta/models/gemini-2.5-pro:generateContent "HTTP/1.1 200 OK"
2026-09-01 12:45:24,198 - INFO - HTTP Request: POST https://generativelanguage.googleapis.com/v1beta/models/gemini-2.5-pro:generateContent "HTTP/1.1 200 OK"
2026-09-01 12:45:25,116 - INFO - HTTP Request: POST https://generativelanguage.googleapis.com/v1beta/models/gemini-2.5-pro:generateContent "HTTP/1.1 200 OK"
2026-09-01 12:45:27,115 - INFO - HTTP Request: POST https://generativelanguage.googleapis.com/v1beta/models/gemini-2.5-pro:generateContent "HTTP/1.1 200 OK"
2026-09-01 12:45:27,581 - INFO - HTTP Request: POST https://generativelanguage.googleapis.com/v1beta/models/gemini-2.5-pro:generateContent "HTTP/1.1 200 OK"
2026-09-01 12:45:27,634 - INFO - HTTP Request: POST https://generativelanguage.googleapis.com/v1beta/models/gemini-2.5-pro:generateContent "HTTP/1.1 200 OK"
2026-09-01 12:45:29,595 - INFO - HTTP Request: POST https://generativelanguage.googleapis.com/v1beta/models/gemini-2.5-pro:generateContent "HTTP/1.1 200 OK"
2026-09-01 12:45:31,042 - INFO - HTTP Request: POST https://generativelanguage.googleapis.com/v1beta/models/gemini-2.5-pro:generateContent "HTTP/1.1 200 OK"
2026-09-01 12:45:31,055 - INFO - [TR] Waiting 10.0s before next Agent 2 window…
2026-09-01 12:45:41,061 - INFO - [TR] Agent 2 window 30-39 (10 batches)
2026-09-01 12:45:41,142 - INFO - AFC is enabled with max remote calls: 10.
2026-09-01 12:45:41,144 - INFO - AFC is enabled with max remote calls: 10.
2026-09-01 12:45:41,145 - INFO - AFC is enabled with max remote calls: 10.
2026-09-01 12:45:41,146 - INFO - AFC is enabled with max remote calls: 10.
2026-09-01 12:45:41,147 - INFO - AFC is enabled with max remote calls: 10.
2026-09-01 12:45:41,148 - INFO - AFC is enabled with max remote calls: 10.
2026-09-01 12:45:41,148 - INFO - AFC is enabled with max remote calls: 10.
2026-09-01 12:45:41,149 - INFO - AFC is enabled with max remote calls: 10.
2026-09-01 12:45:41,150 - INFO - AFC is enabled with max remote calls: 10.
2026-09-01 12:45:41,152 - INFO - AFC is enabled with max remote calls: 10.
2026-09-01 12:45:56,478 - INFO - HTTP Request: POST https://generativelanguage.googleapis.com/v1beta/models/gemini-2.5-pro:generateContent "HTTP/1.1 200 OK"
2026-09-01 12:45:59,199 - INFO - HTTP Request: POST https://generativelanguage.googleapis.com/v1beta/models/gemini-2.5-pro:generateContent "HTTP/1.1 200 OK"
2026-09-01 12:46:00,190 - INFO - HTTP Request: POST https://generativelanguage.googleapis.com/v1beta/models/gemini-2.5-pro:generateContent "HTTP/1.1 200 OK"
2026-09-01 12:46:00,244 - INFO - HTTP Request: POST https://generativelanguage.googleapis.com/v1beta/models/gemini-2.5-pro:generateContent "HTTP/1.1 200 OK"
2026-09-01 12:46:00,622 - INFO - HTTP Request: POST https://generativelanguage.googleapis.com/v1beta/models/gemini-2.5-pro:generateContent "HTTP/1.1 200 OK"
2026-09-01 12:46:00,998 - INFO - HTTP Request: POST https://generativelanguage.googleapis.com/v1beta/models/gemini-2.5-pro:generateContent "HTTP/1.1 200 OK"
2026-09-01 12:46:02,733 - INFO - HTTP Request: POST https://generativelanguage.googleapis.com/v1beta/models/gemini-2.5-pro:generateContent "HTTP/1.1 200 OK"
2026-09-01 12:46:04,469 - INFO - HTTP Request: POST https://generativelanguage.googleapis.com/v1beta/models/gemini-2.5-pro:generateContent "HTTP/1.1 200 OK"
2026-09-01 12:46:04,709 - INFO - HTTP Request: POST https://generativelanguage.googleapis.com/v1beta/models/gemini-2.5-pro:generateContent "HTTP/1.1 200 OK"
2026-09-01 12:46:07,237 - INFO - HTTP Request: POST https://generativelanguage.googleapis.com/v1beta/models/gemini-2.5-pro:generateContent "HTTP/1.1 200 OK"
2026-09-01 12:46:07,245 - INFO - [TR] Waiting 10.0s before next Agent 2 window…
2026-09-01 12:46:17,250 - INFO - [TR] Agent 2 window 40-49 (10 batches)
2026-09-01 12:46:17,330 - INFO - AFC is enabled with max remote calls: 10.
2026-09-01 12:46:17,335 - INFO - AFC is enabled with max remote calls: 10.
2026-09-01 12:46:17,336 - INFO - AFC is enabled with max remote calls: 10.
2026-09-01 12:46:17,337 - INFO - AFC is enabled with max remote calls: 10.
2026-09-01 12:46:17,338 - INFO - AFC is enabled with max remote calls: 10.
2026-09-01 12:46:17,339 - INFO - AFC is enabled with max remote calls: 10.
2026-09-01 12:46:17,340 - INFO - AFC is enabled with max remote calls: 10.
2026-09-01 12:46:17,341 - INFO - AFC is enabled with max remote calls: 10.
2026-09-01 12:46:17,342 - INFO - AFC is enabled with max remote calls: 10.
2026-09-01 12:46:17,343 - INFO - AFC is enabled with max remote calls: 10.
2026-09-01 12:46:33,758 - INFO - HTTP Request: POST https://generativelanguage.googleapis.com/v1beta/models/gemini-2.5-pro:generateContent "HTTP/1.1 200 OK"
2026-09-01 12:46:34,254 - INFO - HTTP Request: POST https://generativelanguage.googleapis.com/v1beta/models/gemini-2.5-pro:generateContent "HTTP/1.1 200 OK"
2026-09-01 12:46:35,029 - INFO - HTTP Request: POST https://generativelanguage.googleapis.com/v1beta/models/gemini-2.5-pro:generateContent "HTTP/1.1 200 OK"
2026-09-01 12:46:35,916 - INFO - HTTP Request: POST https://generativelanguage.googleapis.com/v1beta/models/gemini-2.5-pro:generateContent "HTTP/1.1 200 OK"
2026-09-01 12:46:37,022 - INFO - HTTP Request: POST https://generativelanguage.googleapis.com/v1beta/models/gemini-2.5-pro:generateContent "HTTP/1.1 200 OK"
2026-09-01 12:46:37,635 - INFO - HTTP Request: POST https://generativelanguage.googleapis.com/v1beta/models/gemini-2.5-pro:generateContent "HTTP/1.1 200 OK"
2026-09-01 12:46:37,665 - INFO - HTTP Request: POST https://generativelanguage.googleapis.com/v1beta/models/gemini-2.5-pro:generateContent "HTTP/1.1 200 OK"
2026-09-01 12:46:38,465 - INFO - HTTP Request: POST https://generativelanguage.googleapis.com/v1beta/models/gemini-2.5-pro:generateContent "HTTP/1.1 200 OK"
2026-09-01 12:46:41,659 - INFO - HTTP Request: POST https://generativelanguage.googleapis.com/v1beta/models/gemini-2.5-pro:generateContent "HTTP/1.1 200 OK"
2026-09-01 12:48:10,655 - INFO - HTTP Request: POST https://generativelanguage.googleapis.com/v1beta/models/gemini-2.5-pro:generateContent "HTTP/1.1 200 OK"
2026-09-01 12:48:10,669 - INFO - [TR] Waiting 10.0s before next Agent 2 window…
2026-09-01 12:48:20,672 - INFO - [TR] Agent 2 window 50-59 (10 batches)
2026-09-01 12:48:20,751 - INFO - AFC is enabled with max remote calls: 10.
2026-09-01 12:48:20,758 - INFO - AFC is enabled with max remote calls: 10.
2026-09-01 12:48:20,759 - INFO - AFC is enabled with max remote calls: 10.
2026-09-01 12:48:20,761 - INFO - AFC is enabled with max remote calls: 10.
2026-09-01 12:48:20,763 - INFO - AFC is enabled with max remote calls: 10.
2026-09-01 12:48:20,766 - INFO - AFC is enabled with max remote calls: 10.
2026-09-01 12:48:20,768 - INFO - AFC is enabled with max remote calls: 10.
2026-09-01 12:48:20,769 - INFO - AFC is enabled with max remote calls: 10.
2026-09-01 12:48:20,771 - INFO - AFC is enabled with max remote calls: 10.
2026-09-01 12:48:20,772 - INFO - AFC is enabled with max remote calls: 10.
2026-09-01 12:48:36,460 - INFO - HTTP Request: POST https://generativelanguage.googleapis.com/v1beta/models/gemini-2.5-pro:generateContent "HTTP/1.1 200 OK"
2026-09-01 12:48:37,911 - INFO - HTTP Request: POST https://generativelanguage.googleapis.com/v1beta/models/gemini-2.5-pro:generateContent "HTTP/1.1 200 OK"
2026-09-01 12:48:38,136 - INFO - HTTP Request: POST https://generativelanguage.googleapis.com/v1beta/models/gemini-2.5-pro:generateContent "HTTP/1.1 200 OK"
2026-09-01 12:48:39,529 - INFO - HTTP Request: POST https://generativelanguage.googleapis.com/v1beta/models/gemini-2.5-pro:generateContent "HTTP/1.1 200 OK"
2026-09-01 12:48:40,611 - INFO - HTTP Request: POST https://generativelanguage.googleapis.com/v1beta/models/gemini-2.5-pro:generateContent "HTTP/1.1 200 OK"
2026-09-01 12:48:40,840 - INFO - HTTP Request: POST https://generativelanguage.googleapis.com/v1beta/models/gemini-2.5-pro:generateContent "HTTP/1.1 200 OK"
2026-09-01 12:48:40,877 - INFO - HTTP Request: POST https://generativelanguage.googleapis.com/v1beta/models/gemini-2.5-pro:generateContent "HTTP/1.1 200 OK"
2026-09-01 12:48:40,919 - INFO - HTTP Request: POST https://generativelanguage.googleapis.com/v1beta/models/gemini-2.5-pro:generateContent "HTTP/1.1 200 OK"
2026-09-01 12:48:42,320 - INFO - HTTP Request: POST https://generativelanguage.googleapis.com/v1beta/models/gemini-2.5-pro:generateContent "HTTP/1.1 200 OK"
2026-09-01 12:48:55,103 - INFO - HTTP Request: POST https://generativelanguage.googleapis.com/v1beta/models/gemini-2.5-pro:generateContent "HTTP/1.1 200 OK"
2026-09-01 12:48:55,123 - INFO - [TR] Waiting 10.0s before next Agent 2 window…
2026-09-01 12:49:05,125 - INFO - [TR] Agent 2 window 60-69 (10 batches)
2026-09-01 12:49:05,191 - INFO - AFC is enabled with max remote calls: 10.
2026-09-01 12:49:05,196 - INFO - AFC is enabled with max remote calls: 10.
2026-09-01 12:49:05,200 - INFO - AFC is enabled with max remote calls: 10.
2026-09-01 12:49:05,205 - INFO - AFC is enabled with max remote calls: 10.
2026-09-01 12:49:05,220 - INFO - AFC is enabled with max remote calls: 10.
2026-09-01 12:49:05,228 - INFO - AFC is enabled with max remote calls: 10.
2026-09-01 12:49:05,239 - INFO - AFC is enabled with max remote calls: 10.
2026-09-01 12:49:05,253 - INFO - AFC is enabled with max remote calls: 10.
2026-09-01 12:49:05,264 - INFO - AFC is enabled with max remote calls: 10.
2026-09-01 12:49:05,276 - INFO - AFC is enabled with max remote calls: 10.
2026-09-01 12:49:21,958 - INFO - HTTP Request: POST https://generativelanguage.googleapis.com/v1beta/models/gemini-2.5-pro:generateContent "HTTP/1.1 200 OK"
2026-09-01 12:49:22,223 - INFO - HTTP Request: POST https://generativelanguage.googleapis.com/v1beta/models/gemini-2.5-pro:generateContent "HTTP/1.1 200 OK"
2026-09-01 12:49:22,502 - INFO - HTTP Request: POST https://generativelanguage.googleapis.com/v1beta/models/gemini-2.5-pro:generateContent "HTTP/1.1 200 OK"
2026-09-01 12:49:22,686 - INFO - HTTP Request: POST https://generativelanguage.googleapis.com/v1beta/models/gemini-2.5-pro:generateContent "HTTP/1.1 200 OK"
2026-09-01 12:49:23,051 - INFO - HTTP Request: POST https://generativelanguage.googleapis.com/v1beta/models/gemini-2.5-pro:generateContent "HTTP/1.1 200 OK"
2026-09-01 12:49:24,289 - INFO - HTTP Request: POST https://generativelanguage.googleapis.com/v1beta/models/gemini-2.5-pro:generateContent "HTTP/1.1 200 OK"
2026-09-01 12:49:28,954 - INFO - HTTP Request: POST https://generativelanguage.googleapis.com/v1beta/models/gemini-2.5-pro:generateContent "HTTP/1.1 200 OK"
2026-09-01 12:49:29,647 - INFO - HTTP Request: POST https://generativelanguage.googleapis.com/v1beta/models/gemini-2.5-pro:generateContent "HTTP/1.1 200 OK"
2026-09-01 12:49:41,127 - INFO - HTTP Request: POST https://generativelanguage.googleapis.com/v1beta/models/gemini-2.5-pro:generateContent "HTTP/1.1 200 OK"
2026-09-01 12:49:41,242 - INFO - HTTP Request: POST https://generativelanguage.googleapis.com/v1beta/models/gemini-2.5-pro:generateContent "HTTP/1.1 200 OK"
2026-09-01 12:49:41,279 - INFO - [TR] Waiting 10.0s before next Agent 2 window…
2026-09-01 12:49:51,325 - INFO - [TR] Agent 2 window 70-79 (10 batches)
2026-09-01 12:49:51,407 - INFO - AFC is enabled with max remote calls: 10.
2026-09-01 12:49:51,410 - INFO - AFC is enabled with max remote calls: 10.
2026-09-01 12:49:51,414 - INFO - AFC is enabled with max remote calls: 10.
2026-09-01 12:49:51,417 - INFO - AFC is enabled with max remote calls: 10.
2026-09-01 12:49:51,419 - INFO - AFC is enabled with max remote calls: 10.
2026-09-01 12:49:51,421 - INFO - AFC is enabled with max remote calls: 10.
2026-09-01 12:49:51,422 - INFO - AFC is enabled with max remote calls: 10.
2026-09-01 12:49:51,423 - INFO - AFC is enabled with max remote calls: 10.
2026-09-01 12:49:51,424 - INFO - AFC is enabled with max remote calls: 10.
2026-09-01 12:49:51,428 - INFO - AFC is enabled with max remote calls: 10.
2026-09-01 12:50:08,888 - INFO - HTTP Request: POST https://generativelanguage.googleapis.com/v1beta/models/gemini-2.5-pro:generateContent "HTTP/1.1 200 OK"
2026-09-01 12:50:08,959 - INFO - HTTP Request: POST https://generativelanguage.googleapis.com/v1beta/models/gemini-2.5-pro:generateContent "HTTP/1.1 200 OK"
2026-09-01 12:50:09,439 - INFO - HTTP Request: POST https://generativelanguage.googleapis.com/v1beta/models/gemini-2.5-pro:generateContent "HTTP/1.1 200 OK"
2026-09-01 12:50:09,492 - INFO - HTTP Request: POST https://generativelanguage.googleapis.com/v1beta/models/gemini-2.5-pro:generateContent "HTTP/1.1 200 OK"
2026-09-01 12:50:11,767 - INFO - HTTP Request: POST https://generativelanguage.googleapis.com/v1beta/models/gemini-2.5-pro:generateContent "HTTP/1.1 200 OK"
2026-09-01 12:50:12,851 - INFO - HTTP Request: POST https://generativelanguage.googleapis.com/v1beta/models/gemini-2.5-pro:generateContent "HTTP/1.1 200 OK"
2026-09-01 12:50:13,042 - INFO - HTTP Request: POST https://generativelanguage.googleapis.com/v1beta/models/gemini-2.5-pro:generateContent "HTTP/1.1 200 OK"
2026-09-01 12:50:14,899 - INFO - HTTP Request: POST https://generativelanguage.googleapis.com/v1beta/models/gemini-2.5-pro:generateContent "HTTP/1.1 200 OK"
2026-09-01 12:50:15,994 - INFO - HTTP Request: POST https://generativelanguage.googleapis.com/v1beta/models/gemini-2.5-pro:generateContent "HTTP/1.1 200 OK"
2026-09-01 12:50:18,366 - INFO - HTTP Request: POST https://generativelanguage.googleapis.com/v1beta/models/gemini-2.5-pro:generateContent "HTTP/1.1 200 OK"
2026-09-01 12:50:18,379 - INFO - [TR] Waiting 10.0s before next Agent 2 window…
2026-09-01 12:50:28,383 - INFO - [TR] Agent 2 window 80-89 (10 batches)
2026-09-01 12:50:28,472 - INFO - AFC is enabled with max remote calls: 10.
2026-09-01 12:50:28,475 - INFO - AFC is enabled with max remote calls: 10.
2026-09-01 12:50:28,477 - INFO - AFC is enabled with max remote calls: 10.
2026-09-01 12:50:28,478 - INFO - AFC is enabled with max remote calls: 10.
2026-09-01 12:50:28,480 - INFO - AFC is enabled with max remote calls: 10.
2026-09-01 12:50:28,481 - INFO - AFC is enabled with max remote calls: 10.
2026-09-01 12:50:28,483 - INFO - AFC is enabled with max remote calls: 10.
2026-09-01 12:50:28,487 - INFO - AFC is enabled with max remote calls: 10.
2026-09-01 12:50:28,489 - INFO - AFC is enabled with max remote calls: 10.
2026-09-01 12:50:28,491 - INFO - AFC is enabled with max remote calls: 10.
2026-09-01 12:50:40,403 - INFO - HTTP Request: POST https://generativelanguage.googleapis.com/v1beta/models/gemini-2.5-pro:generateContent "HTTP/1.1 200 OK"
2026-09-01 12:50:40,419 - INFO - HTTP Request: POST https://generativelanguage.googleapis.com/v1beta/models/gemini-2.5-pro:generateContent "HTTP/1.1 200 OK"
2026-09-01 12:50:42,233 - INFO - HTTP Request: POST https://generativelanguage.googleapis.com/v1beta/models/gemini-2.5-pro:generateContent "HTTP/1.1 200 OK"
2026-09-01 12:50:43,911 - INFO - HTTP Request: POST https://generativelanguage.googleapis.com/v1beta/models/gemini-2.5-pro:generateContent "HTTP/1.1 200 OK"
2026-09-01 12:50:44,645 - INFO - HTTP Request: POST https://generativelanguage.googleapis.com/v1beta/models/gemini-2.5-pro:generateContent "HTTP/1.1 200 OK"
2026-09-01 12:50:46,689 - INFO - HTTP Request: POST https://generativelanguage.googleapis.com/v1beta/models/gemini-2.5-pro:generateContent "HTTP/1.1 200 OK"
2026-09-01 12:50:50,929 - INFO - HTTP Request: POST https://generativelanguage.googleapis.com/v1beta/models/gemini-2.5-pro:generateContent "HTTP/1.1 200 OK"
2026-09-01 12:50:51,231 - INFO - HTTP Request: POST https://generativelanguage.googleapis.com/v1beta/models/gemini-2.5-pro:generateContent "HTTP/1.1 200 OK"
2026-09-01 12:51:02,705 - INFO - HTTP Request: POST https://generativelanguage.googleapis.com/v1beta/models/gemini-2.5-pro:generateContent "HTTP/1.1 200 OK"
2026-09-01 12:51:09,508 - INFO - HTTP Request: POST https://generativelanguage.googleapis.com/v1beta/models/gemini-2.5-pro:generateContent "HTTP/1.1 200 OK"
2026-09-01 12:51:09,519 - INFO - [TR] Waiting 10.0s before next Agent 2 window…
2026-09-01 12:51:19,523 - INFO - [TR] Agent 2 window 90-99 (10 batches)
2026-09-01 12:51:19,607 - INFO - AFC is enabled with max remote calls: 10.
2026-09-01 12:51:19,610 - INFO - AFC is enabled with max remote calls: 10.
2026-09-01 12:51:19,612 - INFO - AFC is enabled with max remote calls: 10.
2026-09-01 12:51:19,615 - INFO - AFC is enabled with max remote calls: 10.
2026-09-01 12:51:19,617 - INFO - AFC is enabled with max remote calls: 10.
2026-09-01 12:51:19,619 - INFO - AFC is enabled with max remote calls: 10.
2026-09-01 12:51:19,620 - INFO - AFC is enabled with max remote calls: 10.
2026-09-01 12:51:19,623 - INFO - AFC is enabled with max remote calls: 10.
2026-09-01 12:51:19,624 - INFO - AFC is enabled with max remote calls: 10.
2026-09-01 12:51:19,625 - INFO - AFC is enabled with max remote calls: 10.
2026-09-01 12:51:33,081 - INFO - HTTP Request: POST https://generativelanguage.googleapis.com/v1beta/models/gemini-2.5-pro:generateContent "HTTP/1.1 200 OK"
2026-09-01 12:51:33,243 - INFO - HTTP Request: POST https://generativelanguage.googleapis.com/v1beta/models/gemini-2.5-pro:generateContent "HTTP/1.1 200 OK"
2026-09-01 12:51:33,311 - INFO - HTTP Request: POST https://generativelanguage.googleapis.com/v1beta/models/gemini-2.5-pro:generateContent "HTTP/1.1 200 OK"
2026-09-01 12:51:35,752 - INFO - HTTP Request: POST https://generativelanguage.googleapis.com/v1beta/models/gemini-2.5-pro:generateContent "HTTP/1.1 200 OK"
2026-09-01 12:51:36,161 - INFO - HTTP Request: POST https://generativelanguage.googleapis.com/v1beta/models/gemini-2.5-pro:generateContent "HTTP/1.1 200 OK"
2026-09-01 12:51:36,693 - INFO - HTTP Request: POST https://generativelanguage.googleapis.com/v1beta/models/gemini-2.5-pro:generateContent "HTTP/1.1 200 OK"
2026-09-01 12:51:38,960 - INFO - HTTP Request: POST https://generativelanguage.googleapis.com/v1beta/models/gemini-2.5-pro:generateContent "HTTP/1.1 200 OK"
2026-09-01 12:51:39,182 - INFO - HTTP Request: POST https://generativelanguage.googleapis.com/v1beta/models/gemini-2.5-pro:generateContent "HTTP/1.1 200 OK"
2026-09-01 12:51:45,601 - INFO - HTTP Request: POST https://generativelanguage.googleapis.com/v1beta/models/gemini-2.5-pro:generateContent "HTTP/1.1 200 OK"
2026-09-01 12:51:47,599 - INFO - HTTP Request: POST https://generativelanguage.googleapis.com/v1beta/models/gemini-2.5-pro:generateContent "HTTP/1.1 200 OK"
2026-09-01 12:51:47,625 - INFO - [TR] Waiting 10.0s before next Agent 2 window…
2026-09-01 12:51:57,631 - INFO - [TR] Agent 2 window 100-109 (10 batches)
2026-09-01 12:51:57,728 - INFO - AFC is enabled with max remote calls: 10.
2026-09-01 12:51:57,731 - INFO - AFC is enabled with max remote calls: 10.
2026-09-01 12:51:57,733 - INFO - AFC is enabled with max remote calls: 10.
2026-09-01 12:51:57,737 - INFO - AFC is enabled with max remote calls: 10.
2026-09-01 12:51:57,739 - INFO - AFC is enabled with max remote calls: 10.
2026-09-01 12:51:57,740 - INFO - AFC is enabled with max remote calls: 10.
2026-09-01 12:51:57,743 - INFO - AFC is enabled with max remote calls: 10.
2026-09-01 12:51:57,745 - INFO - AFC is enabled with max remote calls: 10.
2026-09-01 12:51:57,747 - INFO - AFC is enabled with max remote calls: 10.
2026-09-01 12:51:57,749 - INFO - AFC is enabled with max remote calls: 10.
2026-09-01 12:52:12,182 - INFO - HTTP Request: POST https://generativelanguage.googleapis.com/v1beta/models/gemini-2.5-pro:generateContent "HTTP/1.1 200 OK"
2026-09-01 12:52:13,109 - INFO - HTTP Request: POST https://generativelanguage.googleapis.com/v1beta/models/gemini-2.5-pro:generateContent "HTTP/1.1 200 OK"
2026-09-01 12:52:13,176 - INFO - HTTP Request: POST https://generativelanguage.googleapis.com/v1beta/models/gemini-2.5-pro:generateContent "HTTP/1.1 200 OK"
2026-09-01 12:52:13,537 - INFO - HTTP Request: POST https://generativelanguage.googleapis.com/v1beta/models/gemini-2.5-pro:generateContent "HTTP/1.1 200 OK"
2026-09-01 12:52:14,457 - INFO - HTTP Request: POST https://generativelanguage.googleapis.com/v1beta/models/gemini-2.5-pro:generateContent "HTTP/1.1 200 OK"
2026-09-01 12:52:17,492 - INFO - HTTP Request: POST https://generativelanguage.googleapis.com/v1beta/models/gemini-2.5-pro:generateContent "HTTP/1.1 200 OK"
2026-09-01 12:52:18,131 - INFO - HTTP Request: POST https://generativelanguage.googleapis.com/v1beta/models/gemini-2.5-pro:generateContent "HTTP/1.1 200 OK"
2026-09-01 12:52:18,627 - INFO - HTTP Request: POST https://generativelanguage.googleapis.com/v1beta/models/gemini-2.5-pro:generateContent "HTTP/1.1 200 OK"
2026-09-01 12:52:21,777 - INFO - HTTP Request: POST https://generativelanguage.googleapis.com/v1beta/models/gemini-2.5-pro:generateContent "HTTP/1.1 200 OK"
2026-09-01 13:01:58,219 - INFO - AFC is enabled with max remote calls: 10.
2026-09-01 13:02:21,155 - INFO - HTTP Request: POST https://generativelanguage.googleapis.com/v1beta/models/gemini-2.5-pro:generateContent "HTTP/1.1 200 OK"
2026-09-01 13:02:21,190 - INFO - [TR] Waiting 10.0s before next Agent 2 window…
2026-09-01 13:02:31,195 - INFO - [TR] Agent 2 window 110-119 (10 batches)
2026-09-01 13:02:31,333 - INFO - AFC is enabled with max remote calls: 10.
2026-09-01 13:02:31,344 - INFO - AFC is enabled with max remote calls: 10.
2026-09-01 13:02:31,348 - INFO - AFC is enabled with max remote calls: 10.
2026-09-01 13:02:31,351 - INFO - AFC is enabled with max remote calls: 10.
2026-09-01 13:02:31,355 - INFO - AFC is enabled with max remote calls: 10.
2026-09-01 13:02:31,357 - INFO - AFC is enabled with max remote calls: 10.
2026-09-01 13:02:31,359 - INFO - AFC is enabled with max remote calls: 10.
2026-09-01 13:02:31,364 - INFO - AFC is enabled with max remote calls: 10.
2026-09-01 13:02:31,366 - INFO - AFC is enabled with max remote calls: 10.
2026-09-01 13:02:31,370 - INFO - AFC is enabled with max remote calls: 10.
2026-09-01 13:02:48,143 - INFO - HTTP Request: POST https://generativelanguage.googleapis.com/v1beta/models/gemini-2.5-pro:generateContent "HTTP/1.1 200 OK"
2026-09-01 13:02:49,859 - INFO - HTTP Request: POST https://generativelanguage.googleapis.com/v1beta/models/gemini-2.5-pro:generateContent "HTTP/1.1 200 OK"
2026-09-01 13:02:49,866 - INFO - HTTP Request: POST https://generativelanguage.googleapis.com/v1beta/models/gemini-2.5-pro:generateContent "HTTP/1.1 200 OK"
2026-09-01 13:02:50,366 - INFO - HTTP Request: POST https://generativelanguage.googleapis.com/v1beta/models/gemini-2.5-pro:generateContent "HTTP/1.1 200 OK"
2026-09-01 13:02:51,180 - INFO - HTTP Request: POST https://generativelanguage.googleapis.com/v1beta/models/gemini-2.5-pro:generateContent "HTTP/1.1 200 OK"
2026-09-01 13:02:52,474 - INFO - HTTP Request: POST https://generativelanguage.googleapis.com/v1beta/models/gemini-2.5-pro:generateContent "HTTP/1.1 200 OK"
2026-09-01 13:02:52,653 - INFO - HTTP Request: POST https://generativelanguage.googleapis.com/v1beta/models/gemini-2.5-pro:generateContent "HTTP/1.1 200 OK"
2026-09-01 13:02:53,019 - INFO - HTTP Request: POST https://generativelanguage.googleapis.com/v1beta/models/gemini-2.5-pro:generateContent "HTTP/1.1 200 OK"
2026-09-01 13:02:53,845 - INFO - HTTP Request: POST https://generativelanguage.googleapis.com/v1beta/models/gemini-2.5-pro:generateContent "HTTP/1.1 200 OK"
2026-09-01 13:02:56,664 - INFO - HTTP Request: POST https://generativelanguage.googleapis.com/v1beta/models/gemini-2.5-pro:generateContent "HTTP/1.1 200 OK"
2026-09-01 13:02:56,682 - INFO - [TR] Waiting 10.0s before next Agent 2 window…
2026-09-01 13:03:06,693 - INFO - [TR] Agent 2 window 120-129 (10 batches)
2026-09-01 13:03:06,787 - INFO - AFC is enabled with max remote calls: 10.
2026-09-01 13:03:06,791 - INFO - AFC is enabled with max remote calls: 10.
2026-09-01 13:03:06,794 - INFO - AFC is enabled with max remote calls: 10.
2026-09-01 13:03:06,796 - INFO - AFC is enabled with max remote calls: 10.
2026-09-01 13:03:06,800 - INFO - AFC is enabled with max remote calls: 10.
2026-09-01 13:03:06,802 - INFO - AFC is enabled with max remote calls: 10.
2026-09-01 13:03:06,806 - INFO - AFC is enabled with max remote calls: 10.
2026-09-01 13:03:06,808 - INFO - AFC is enabled with max remote calls: 10.
2026-09-01 13:03:06,810 - INFO - AFC is enabled with max remote calls: 10.
2026-09-01 13:03:06,812 - INFO - AFC is enabled with max remote calls: 10.
2026-09-01 13:03:19,356 - INFO - HTTP Request: POST https://generativelanguage.googleapis.com/v1beta/models/gemini-2.5-pro:generateContent "HTTP/1.1 200 OK"
2026-09-01 13:03:21,143 - INFO - HTTP Request: POST https://generativelanguage.googleapis.com/v1beta/models/gemini-2.5-pro:generateContent "HTTP/1.1 200 OK"
2026-09-01 13:03:23,141 - INFO - HTTP Request: POST https://generativelanguage.googleapis.com/v1beta/models/gemini-2.5-pro:generateContent "HTTP/1.1 200 OK"
2026-09-01 13:03:24,165 - INFO - HTTP Request: POST https://generativelanguage.googleapis.com/v1beta/models/gemini-2.5-pro:generateContent "HTTP/1.1 200 OK"
2026-09-01 13:03:25,047 - INFO - HTTP Request: POST https://generativelanguage.googleapis.com/v1beta/models/gemini-2.5-pro:generateContent "HTTP/1.1 200 OK"
2026-09-01 13:03:25,293 - INFO - HTTP Request: POST https://generativelanguage.googleapis.com/v1beta/models/gemini-2.5-pro:generateContent "HTTP/1.1 200 OK"
2026-09-01 13:03:32,405 - INFO - HTTP Request: POST https://generativelanguage.googleapis.com/v1beta/models/gemini-2.5-pro:generateContent "HTTP/1.1 200 OK"
2026-09-01 13:03:35,472 - INFO - HTTP Request: POST https://generativelanguage.googleapis.com/v1beta/models/gemini-2.5-pro:generateContent "HTTP/1.1 200 OK"
2026-09-01 13:03:36,411 - INFO - HTTP Request: POST https://generativelanguage.googleapis.com/v1beta/models/gemini-2.5-pro:generateContent "HTTP/1.1 200 OK"
2026-09-01 13:03:37,778 - INFO - HTTP Request: POST https://generativelanguage.googleapis.com/v1beta/models/gemini-2.5-pro:generateContent "HTTP/1.1 200 OK"
2026-09-01 13:03:37,792 - INFO - [TR] Waiting 10.0s before next Agent 2 window…
2026-09-01 13:03:47,796 - INFO - [TR] Agent 2 window 130-139 (10 batches)
2026-09-01 13:03:47,883 - INFO - AFC is enabled with max remote calls: 10.
2026-09-01 13:03:47,889 - INFO - AFC is enabled with max remote calls: 10.
2026-09-01 13:03:47,893 - INFO - AFC is enabled with max remote calls: 10.
2026-09-01 13:03:47,894 - INFO - AFC is enabled with max remote calls: 10.
2026-09-01 13:03:47,897 - INFO - AFC is enabled with max remote calls: 10.
2026-09-01 13:03:47,898 - INFO - AFC is enabled with max remote calls: 10.
2026-09-01 13:03:47,900 - INFO - AFC is enabled with max remote calls: 10.
2026-09-01 13:03:47,901 - INFO - AFC is enabled with max remote calls: 10.
2026-09-01 13:03:47,903 - INFO - AFC is enabled with max remote calls: 10.
2026-09-01 13:03:47,904 - INFO - AFC is enabled with max remote calls: 10.
2026-09-01 13:04:03,610 - INFO - HTTP Request: POST https://generativelanguage.googleapis.com/v1beta/models/gemini-2.5-pro:generateContent "HTTP/1.1 200 OK"
2026-09-01 13:04:04,366 - INFO - HTTP Request: POST https://generativelanguage.googleapis.com/v1beta/models/gemini-2.5-pro:generateContent "HTTP/1.1 200 OK"
2026-09-01 13:04:04,555 - INFO - HTTP Request: POST https://generativelanguage.googleapis.com/v1beta/models/gemini-2.5-pro:generateContent "HTTP/1.1 200 OK"
2026-09-01 13:04:05,511 - INFO - HTTP Request: POST https://generativelanguage.googleapis.com/v1beta/models/gemini-2.5-pro:generateContent "HTTP/1.1 200 OK"
2026-09-01 13:04:05,695 - INFO - HTTP Request: POST https://generativelanguage.googleapis.com/v1beta/models/gemini-2.5-pro:generateContent "HTTP/1.1 200 OK"
2026-09-01 13:04:06,399 - INFO - HTTP Request: POST https://generativelanguage.googleapis.com/v1beta/models/gemini-2.5-pro:generateContent "HTTP/1.1 200 OK"
2026-09-01 13:04:09,026 - INFO - HTTP Request: POST https://generativelanguage.googleapis.com/v1beta/models/gemini-2.5-pro:generateContent "HTTP/1.1 200 OK"
2026-09-01 13:04:12,688 - INFO - HTTP Request: POST https://generativelanguage.googleapis.com/v1beta/models/gemini-2.5-pro:generateContent "HTTP/1.1 200 OK"
2026-09-01 13:04:13,444 - INFO - HTTP Request: POST https://generativelanguage.googleapis.com/v1beta/models/gemini-2.5-pro:generateContent "HTTP/1.1 200 OK"
2026-09-01 13:04:19,046 - INFO - HTTP Request: POST https://generativelanguage.googleapis.com/v1beta/models/gemini-2.5-pro:generateContent "HTTP/1.1 200 OK"
2026-09-01 13:04:19,060 - INFO - [TR] Waiting 10.0s before next Agent 2 window…
2026-09-01 13:04:29,069 - INFO - [TR] Agent 2 window 140-149 (10 batches)
2026-09-01 13:04:29,142 - INFO - AFC is enabled with max remote calls: 10.
2026-09-01 13:04:29,145 - INFO - AFC is enabled with max remote calls: 10.
2026-09-01 13:04:29,147 - INFO - AFC is enabled with max remote calls: 10.
2026-09-01 13:04:29,148 - INFO - AFC is enabled with max remote calls: 10.
2026-09-01 13:04:29,150 - INFO - AFC is enabled with max remote calls: 10.
2026-09-01 13:04:29,151 - INFO - AFC is enabled with max remote calls: 10.
2026-09-01 13:04:29,152 - INFO - AFC is enabled with max remote calls: 10.
2026-09-01 13:04:29,154 - INFO - AFC is enabled with max remote calls: 10.
2026-09-01 13:04:29,156 - INFO - AFC is enabled with max remote calls: 10.
2026-09-01 13:04:29,159 - INFO - AFC is enabled with max remote calls: 10.
2026-09-01 13:04:42,745 - INFO - HTTP Request: POST https://generativelanguage.googleapis.com/v1beta/models/gemini-2.5-pro:generateContent "HTTP/1.1 200 OK"
2026-09-01 13:04:46,021 - INFO - HTTP Request: POST https://generativelanguage.googleapis.com/v1beta/models/gemini-2.5-pro:generateContent "HTTP/1.1 200 OK"
2026-09-01 13:04:46,914 - INFO - HTTP Request: POST https://generativelanguage.googleapis.com/v1beta/models/gemini-2.5-pro:generateContent "HTTP/1.1 200 OK"
2026-09-01 13:04:50,294 - INFO - HTTP Request: POST https://generativelanguage.googleapis.com/v1beta/models/gemini-2.5-pro:generateContent "HTTP/1.1 200 OK"
2026-09-01 13:04:53,465 - INFO - HTTP Request: POST https://generativelanguage.googleapis.com/v1beta/models/gemini-2.5-pro:generateContent "HTTP/1.1 200 OK"
2026-09-01 13:04:54,668 - INFO - HTTP Request: POST https://generativelanguage.googleapis.com/v1beta/models/gemini-2.5-pro:generateContent "HTTP/1.1 200 OK"
2026-09-01 13:04:54,748 - INFO - HTTP Request: POST https://generativelanguage.googleapis.com/v1beta/models/gemini-2.5-pro:generateContent "HTTP/1.1 200 OK"
2026-09-01 13:04:54,799 - INFO - HTTP Request: POST https://generativelanguage.googleapis.com/v1beta/models/gemini-2.5-pro:generateContent "HTTP/1.1 200 OK"
2026-09-01 13:04:55,266 - INFO - HTTP Request: POST https://generativelanguage.googleapis.com/v1beta/models/gemini-2.5-pro:generateContent "HTTP/1.1 200 OK"
2026-09-01 13:04:56,785 - INFO - HTTP Request: POST https://generativelanguage.googleapis.com/v1beta/models/gemini-2.5-pro:generateContent "HTTP/1.1 200 OK"
2026-09-01 13:04:56,790 - INFO - [TR] Waiting 10.0s before next Agent 2 window…
2026-09-01 13:05:06,796 - INFO - [TR] Agent 2 window 150-159 (10 batches)
2026-09-01 13:05:06,874 - INFO - AFC is enabled with max remote calls: 10.
2026-09-01 13:05:06,878 - INFO - AFC is enabled with max remote calls: 10.
2026-09-01 13:05:06,884 - INFO - AFC is enabled with max remote calls: 10.
2026-09-01 13:05:06,888 - INFO - AFC is enabled with max remote calls: 10.
2026-09-01 13:05:06,889 - INFO - AFC is enabled with max remote calls: 10.
2026-09-01 13:05:06,895 - INFO - AFC is enabled with max remote calls: 10.
2026-09-01 13:05:06,897 - INFO - AFC is enabled with max remote calls: 10.
2026-09-01 13:05:06,901 - INFO - AFC is enabled with max remote calls: 10.
2026-09-01 13:05:06,905 - INFO - AFC is enabled with max remote calls: 10.
2026-09-01 13:05:06,908 - INFO - AFC is enabled with max remote calls: 10.
2026-09-01 13:05:25,570 - INFO - HTTP Request: POST https://generativelanguage.googleapis.com/v1beta/models/gemini-2.5-pro:generateContent "HTTP/1.1 200 OK"
2026-09-01 13:05:25,719 - INFO - HTTP Request: POST https://generativelanguage.googleapis.com/v1beta/models/gemini-2.5-pro:generateContent "HTTP/1.1 200 OK"
2026-09-01 13:05:26,747 - INFO - HTTP Request: POST https://generativelanguage.googleapis.com/v1beta/models/gemini-2.5-pro:generateContent "HTTP/1.1 200 OK"
2026-09-01 13:05:31,334 - INFO - HTTP Request: POST https://generativelanguage.googleapis.com/v1beta/models/gemini-2.5-pro:generateContent "HTTP/1.1 200 OK"
2026-09-01 13:05:32,774 - INFO - HTTP Request: POST https://generativelanguage.googleapis.com/v1beta/models/gemini-2.5-pro:generateContent "HTTP/1.1 200 OK"
2026-09-01 13:05:37,690 - INFO - HTTP Request: POST https://generativelanguage.googleapis.com/v1beta/models/gemini-2.5-pro:generateContent "HTTP/1.1 200 OK"
2026-09-01 13:05:38,323 - INFO - HTTP Request: POST https://generativelanguage.googleapis.com/v1beta/models/gemini-2.5-pro:generateContent "HTTP/1.1 200 OK"
2026-09-01 13:05:39,208 - INFO - HTTP Request: POST https://generativelanguage.googleapis.com/v1beta/models/gemini-2.5-pro:generateContent "HTTP/1.1 200 OK"
2026-09-01 13:05:39,711 - INFO - HTTP Request: POST https://generativelanguage.googleapis.com/v1beta/models/gemini-2.5-pro:generateContent "HTTP/1.1 200 OK"
2026-09-01 13:05:41,820 - INFO - HTTP Request: POST https://generativelanguage.googleapis.com/v1beta/models/gemini-2.5-pro:generateContent "HTTP/1.1 200 OK"
2026-09-01 13:05:41,837 - INFO - [TR] Waiting 10.0s before next Agent 2 window…
2026-09-01 13:05:51,842 - INFO - [TR] Agent 2 window 160-169 (10 batches)
2026-09-01 13:05:51,917 - INFO - AFC is enabled with max remote calls: 10.
2026-09-01 13:05:51,919 - INFO - AFC is enabled with max remote calls: 10.
2026-09-01 13:05:51,921 - INFO - AFC is enabled with max remote calls: 10.
2026-09-01 13:05:51,922 - INFO - AFC is enabled with max remote calls: 10.
2026-09-01 13:05:51,923 - INFO - AFC is enabled with max remote calls: 10.
2026-09-01 13:05:51,926 - INFO - AFC is enabled with max remote calls: 10.
2026-09-01 13:05:51,928 - INFO - AFC is enabled with max remote calls: 10.
2026-09-01 13:05:51,931 - INFO - AFC is enabled with max remote calls: 10.
2026-09-01 13:05:51,934 - INFO - AFC is enabled with max remote calls: 10.
2026-09-01 13:05:51,936 - INFO - AFC is enabled with max remote calls: 10.
2026-09-01 13:06:11,267 - INFO - HTTP Request: POST https://generativelanguage.googleapis.com/v1beta/models/gemini-2.5-pro:generateContent "HTTP/1.1 200 OK"
2026-09-01 13:06:11,285 - INFO - HTTP Request: POST https://generativelanguage.googleapis.com/v1beta/models/gemini-2.5-pro:generateContent "HTTP/1.1 200 OK"
2026-09-01 13:06:11,290 - INFO - HTTP Request: POST https://generativelanguage.googleapis.com/v1beta/models/gemini-2.5-pro:generateContent "HTTP/1.1 200 OK"
2026-09-01 13:06:11,438 - INFO - HTTP Request: POST https://generativelanguage.googleapis.com/v1beta/models/gemini-2.5-pro:generateContent "HTTP/1.1 200 OK"
2026-09-01 13:06:15,772 - INFO - HTTP Request: POST https://generativelanguage.googleapis.com/v1beta/models/gemini-2.5-pro:generateContent "HTTP/1.1 200 OK"
2026-09-01 13:06:17,235 - INFO - HTTP Request: POST https://generativelanguage.googleapis.com/v1beta/models/gemini-2.5-pro:generateContent "HTTP/1.1 200 OK"
2026-09-01 13:06:18,815 - INFO - HTTP Request: POST https://generativelanguage.googleapis.com/v1beta/models/gemini-2.5-pro:generateContent "HTTP/1.1 200 OK"
2026-09-01 13:06:19,221 - INFO - HTTP Request: POST https://generativelanguage.googleapis.com/v1beta/models/gemini-2.5-pro:generateContent "HTTP/1.1 200 OK"
2026-09-01 13:06:21,863 - INFO - HTTP Request: POST https://generativelanguage.googleapis.com/v1beta/models/gemini-2.5-pro:generateContent "HTTP/1.1 200 OK"
2026-09-01 13:06:24,916 - INFO - HTTP Request: POST https://generativelanguage.googleapis.com/v1beta/models/gemini-2.5-pro:generateContent "HTTP/1.1 200 OK"
2026-09-01 13:06:24,926 - INFO - [TR] Waiting 10.0s before next Agent 2 window…
2026-09-01 13:06:34,930 - INFO - [TR] Agent 2 window 170-179 (10 batches)
2026-09-01 13:06:35,010 - INFO - AFC is enabled with max remote calls: 10.
2026-09-01 13:06:35,012 - INFO - AFC is enabled with max remote calls: 10.
2026-09-01 13:06:35,015 - INFO - AFC is enabled with max remote calls: 10.
2026-09-01 13:06:35,018 - INFO - AFC is enabled with max remote calls: 10.
2026-09-01 13:06:35,021 - INFO - AFC is enabled with max remote calls: 10.
2026-09-01 13:06:35,022 - INFO - AFC is enabled with max remote calls: 10.
2026-09-01 13:06:35,024 - INFO - AFC is enabled with max remote calls: 10.
2026-09-01 13:06:35,026 - INFO - AFC is enabled with max remote calls: 10.
2026-09-01 13:06:35,028 - INFO - AFC is enabled with max remote calls: 10.
2026-09-01 13:06:35,032 - INFO - AFC is enabled with max remote calls: 10.
2026-09-01 13:06:49,306 - INFO - HTTP Request: POST https://generativelanguage.googleapis.com/v1beta/models/gemini-2.5-pro:generateContent "HTTP/1.1 200 OK"
2026-09-01 13:06:53,179 - INFO - HTTP Request: POST https://generativelanguage.googleapis.com/v1beta/models/gemini-2.5-pro:generateContent "HTTP/1.1 200 OK"
2026-09-01 13:06:54,012 - INFO - HTTP Request: POST https://generativelanguage.googleapis.com/v1beta/models/gemini-2.5-pro:generateContent "HTTP/1.1 200 OK"
2026-09-01 13:06:54,973 - INFO - HTTP Request: POST https://generativelanguage.googleapis.com/v1beta/models/gemini-2.5-pro:generateContent "HTTP/1.1 200 OK"
2026-09-01 13:06:55,354 - INFO - HTTP Request: POST https://generativelanguage.googleapis.com/v1beta/models/gemini-2.5-pro:generateContent "HTTP/1.1 200 OK"
2026-09-01 13:06:55,743 - INFO - HTTP Request: POST https://generativelanguage.googleapis.com/v1beta/models/gemini-2.5-pro:generateContent "HTTP/1.1 200 OK"
2026-09-01 13:06:56,110 - INFO - HTTP Request: POST https://generativelanguage.googleapis.com/v1beta/models/gemini-2.5-pro:generateContent "HTTP/1.1 200 OK"
2026-09-01 13:06:56,270 - INFO - HTTP Request: POST https://generativelanguage.googleapis.com/v1beta/models/gemini-2.5-pro:generateContent "HTTP/1.1 200 OK"
2026-09-01 13:07:08,180 - INFO - HTTP Request: POST https://generativelanguage.googleapis.com/v1beta/models/gemini-2.5-pro:generateContent "HTTP/1.1 200 OK"
2026-09-01 13:07:20,102 - INFO - HTTP Request: POST https://generativelanguage.googleapis.com/v1beta/models/gemini-2.5-pro:generateContent "HTTP/1.1 200 OK"
2026-09-01 13:07:20,624 - INFO - [TR] Waiting 10.0s before next Agent 2 window…
2026-09-01 13:07:31,394 - INFO - [TR] Agent 2 window 180-189 (10 batches)
2026-09-01 13:07:31,474 - INFO - AFC is enabled with max remote calls: 10.
2026-09-01 13:07:31,482 - INFO - AFC is enabled with max remote calls: 10.
2026-09-01 13:07:31,486 - INFO - AFC is enabled with max remote calls: 10.
2026-09-01 13:07:31,488 - INFO - AFC is enabled with max remote calls: 10.
2026-09-01 13:07:31,492 - INFO - AFC is enabled with max remote calls: 10.
2026-09-01 13:07:31,495 - INFO - AFC is enabled with max remote calls: 10.
2026-09-01 13:07:31,497 - INFO - AFC is enabled with max remote calls: 10.
2026-09-01 13:07:31,501 - INFO - AFC is enabled with max remote calls: 10.
2026-09-01 13:07:31,503 - INFO - AFC is enabled with max remote calls: 10.
2026-09-01 13:07:31,504 - INFO - AFC is enabled with max remote calls: 10.
2026-09-01 13:07:45,546 - INFO - HTTP Request: POST https://generativelanguage.googleapis.com/v1beta/models/gemini-2.5-pro:generateContent "HTTP/1.1 200 OK"
2026-09-01 13:07:47,125 - INFO - HTTP Request: POST https://generativelanguage.googleapis.com/v1beta/models/gemini-2.5-pro:generateContent "HTTP/1.1 200 OK"
2026-09-01 13:07:48,175 - INFO - HTTP Request: POST https://generativelanguage.googleapis.com/v1beta/models/gemini-2.5-pro:generateContent "HTTP/1.1 200 OK"
2026-09-01 13:07:48,745 - INFO - HTTP Request: POST https://generativelanguage.googleapis.com/v1beta/models/gemini-2.5-pro:generateContent "HTTP/1.1 200 OK"
2026-09-01 13:07:50,635 - INFO - HTTP Request: POST https://generativelanguage.googleapis.com/v1beta/models/gemini-2.5-pro:generateContent "HTTP/1.1 200 OK"
2026-09-01 13:07:51,609 - INFO - HTTP Request: POST https://generativelanguage.googleapis.com/v1beta/models/gemini-2.5-pro:generateContent "HTTP/1.1 200 OK"
2026-09-01 13:07:51,905 - INFO - HTTP Request: POST https://generativelanguage.googleapis.com/v1beta/models/gemini-2.5-pro:generateContent "HTTP/1.1 200 OK"
2026-09-01 13:07:57,176 - INFO - HTTP Request: POST https://generativelanguage.googleapis.com/v1beta/models/gemini-2.5-pro:generateContent "HTTP/1.1 200 OK"
2026-09-01 13:07:59,414 - INFO - HTTP Request: POST https://generativelanguage.googleapis.com/v1beta/models/gemini-2.5-pro:generateContent "HTTP/1.1 200 OK"
2026-09-01 13:08:02,324 - INFO - HTTP Request: POST https://generativelanguage.googleapis.com/v1beta/models/gemini-2.5-pro:generateContent "HTTP/1.1 200 OK"
2026-09-01 13:08:02,338 - INFO - [TR] Waiting 10.0s before next Agent 2 window…
2026-09-01 13:08:12,341 - INFO - [TR] Agent 2 window 190-199 (10 batches)
2026-09-01 13:08:12,469 - INFO - AFC is enabled with max remote calls: 10.
2026-09-01 13:08:12,472 - INFO - AFC is enabled with max remote calls: 10.
2026-09-01 13:08:12,473 - INFO - AFC is enabled with max remote calls: 10.
2026-09-01 13:08:12,475 - INFO - AFC is enabled with max remote calls: 10.
2026-09-01 13:08:12,477 - INFO - AFC is enabled with max remote calls: 10.
2026-09-01 13:08:12,478 - INFO - AFC is enabled with max remote calls: 10.
2026-09-01 13:08:12,479 - INFO - AFC is enabled with max remote calls: 10.
2026-09-01 13:08:12,481 - INFO - AFC is enabled with max remote calls: 10.
2026-09-01 13:08:12,483 - INFO - AFC is enabled with max remote calls: 10.
2026-09-01 13:08:12,485 - INFO - AFC is enabled with max remote calls: 10.
2026-09-01 13:08:28,894 - INFO - HTTP Request: POST https://generativelanguage.googleapis.com/v1beta/models/gemini-2.5-pro:generateContent "HTTP/1.1 200 OK"
2026-09-01 13:08:29,116 - INFO - HTTP Request: POST https://generativelanguage.googleapis.com/v1beta/models/gemini-2.5-pro:generateContent "HTTP/1.1 200 OK"
2026-09-01 13:08:29,809 - INFO - HTTP Request: POST https://generativelanguage.googleapis.com/v1beta/models/gemini-2.5-pro:generateContent "HTTP/1.1 200 OK"
2026-09-01 13:08:30,125 - INFO - HTTP Request: POST https://generativelanguage.googleapis.com/v1beta/models/gemini-2.5-pro:generateContent "HTTP/1.1 200 OK"
2026-09-01 13:08:31,047 - INFO - HTTP Request: POST https://generativelanguage.googleapis.com/v1beta/models/gemini-2.5-pro:generateContent "HTTP/1.1 200 OK"
2026-09-01 13:08:33,119 - INFO - HTTP Request: POST https://generativelanguage.googleapis.com/v1beta/models/gemini-2.5-pro:generateContent "HTTP/1.1 200 OK"
2026-09-01 13:08:34,522 - INFO - HTTP Request: POST https://generativelanguage.googleapis.com/v1beta/models/gemini-2.5-pro:generateContent "HTTP/1.1 200 OK"
2026-09-01 13:08:34,876 - INFO - HTTP Request: POST https://generativelanguage.googleapis.com/v1beta/models/gemini-2.5-pro:generateContent "HTTP/1.1 200 OK"
2026-09-01 13:08:35,615 - INFO - HTTP Request: POST https://generativelanguage.googleapis.com/v1beta/models/gemini-2.5-pro:generateContent "HTTP/1.1 200 OK"
2026-09-01 13:08:55,422 - INFO - HTTP Request: POST https://generativelanguage.googleapis.com/v1beta/models/gemini-2.5-pro:generateContent "HTTP/1.1 200 OK"
2026-09-01 13:08:55,436 - INFO - [TR] Waiting 10.0s before next Agent 2 window…
2026-09-01 13:09:05,442 - INFO - [TR] Agent 2 window 200-209 (10 batches)
2026-09-01 13:09:05,519 - INFO - AFC is enabled with max remote calls: 10.
2026-09-01 13:09:05,525 - INFO - AFC is enabled with max remote calls: 10.
2026-09-01 13:09:05,528 - INFO - AFC is enabled with max remote calls: 10.
2026-09-01 13:09:05,529 - INFO - AFC is enabled with max remote calls: 10.
2026-09-01 13:09:05,530 - INFO - AFC is enabled with max remote calls: 10.
2026-09-01 13:09:05,532 - INFO - AFC is enabled with max remote calls: 10.
2026-09-01 13:09:05,533 - INFO - AFC is enabled with max remote calls: 10.
2026-09-01 13:09:05,537 - INFO - AFC is enabled with max remote calls: 10.
2026-09-01 13:09:05,539 - INFO - AFC is enabled with max remote calls: 10.
2026-09-01 13:09:05,541 - INFO - AFC is enabled with max remote calls: 10.
2026-09-01 13:09:18,583 - INFO - HTTP Request: POST https://generativelanguage.googleapis.com/v1beta/models/gemini-2.5-pro:generateContent "HTTP/1.1 200 OK"
2026-09-01 13:09:19,388 - INFO - HTTP Request: POST https://generativelanguage.googleapis.com/v1beta/models/gemini-2.5-pro:generateContent "HTTP/1.1 200 OK"
2026-09-01 13:09:19,945 - INFO - HTTP Request: POST https://generativelanguage.googleapis.com/v1beta/models/gemini-2.5-pro:generateContent "HTTP/1.1 200 OK"
2026-09-01 13:09:20,432 - INFO - HTTP Request: POST https://generativelanguage.googleapis.com/v1beta/models/gemini-2.5-pro:generateContent "HTTP/1.1 200 OK"
2026-09-01 13:09:20,578 - INFO - HTTP Request: POST https://generativelanguage.googleapis.com/v1beta/models/gemini-2.5-pro:generateContent "HTTP/1.1 200 OK"
2026-09-01 13:09:23,322 - INFO - HTTP Request: POST https://generativelanguage.googleapis.com/v1beta/models/gemini-2.5-pro:generateContent "HTTP/1.1 200 OK"
2026-09-01 13:09:24,438 - INFO - HTTP Request: POST https://generativelanguage.googleapis.com/v1beta/models/gemini-2.5-pro:generateContent "HTTP/1.1 200 OK"
2026-09-01 13:09:24,634 - INFO - HTTP Request: POST https://generativelanguage.googleapis.com/v1beta/models/gemini-2.5-pro:generateContent "HTTP/1.1 200 OK"
2026-09-01 13:09:26,625 - INFO - HTTP Request: POST https://generativelanguage.googleapis.com/v1beta/models/gemini-2.5-pro:generateContent "HTTP/1.1 200 OK"
2026-09-01 13:09:28,292 - INFO - HTTP Request: POST https://generativelanguage.googleapis.com/v1beta/models/gemini-2.5-pro:generateContent "HTTP/1.1 200 OK"
2026-09-01 13:09:28,297 - INFO - [TR] Waiting 10.0s before next Agent 2 window…
2026-09-01 13:09:38,299 - INFO - [TR] Agent 2 window 210-219 (10 batches)
2026-09-01 13:09:38,344 - INFO - AFC is enabled with max remote calls: 10.
2026-09-01 13:09:38,348 - INFO - AFC is enabled with max remote calls: 10.
2026-09-01 13:09:38,349 - INFO - AFC is enabled with max remote calls: 10.
2026-09-01 13:09:38,350 - INFO - AFC is enabled with max remote calls: 10.
2026-09-01 13:09:38,352 - INFO - AFC is enabled with max remote calls: 10.
2026-09-01 13:09:38,353 - INFO - AFC is enabled with max remote calls: 10.
2026-09-01 13:09:38,354 - INFO - AFC is enabled with max remote calls: 10.
2026-09-01 13:09:38,357 - INFO - AFC is enabled with max remote calls: 10.
2026-09-01 13:09:38,358 - INFO - AFC is enabled with max remote calls: 10.
2026-09-01 13:09:38,359 - INFO - AFC is enabled with max remote calls: 10.
2026-09-01 13:09:52,252 - INFO - HTTP Request: POST https://generativelanguage.googleapis.com/v1beta/models/gemini-2.5-pro:generateContent "HTTP/1.1 200 OK"
2026-09-01 13:09:53,457 - INFO - HTTP Request: POST https://generativelanguage.googleapis.com/v1beta/models/gemini-2.5-pro:generateContent "HTTP/1.1 200 OK"
2026-09-01 13:09:53,887 - INFO - HTTP Request: POST https://generativelanguage.googleapis.com/v1beta/models/gemini-2.5-pro:generateContent "HTTP/1.1 200 OK"
2026-09-01 13:09:53,989 - INFO - HTTP Request: POST https://generativelanguage.googleapis.com/v1beta/models/gemini-2.5-pro:generateContent "HTTP/1.1 200 OK"
2026-09-01 13:09:53,993 - INFO - HTTP Request: POST https://generativelanguage.googleapis.com/v1beta/models/gemini-2.5-pro:generateContent "HTTP/1.1 200 OK"
2026-09-01 13:09:54,249 - INFO - HTTP Request: POST https://generativelanguage.googleapis.com/v1beta/models/gemini-2.5-pro:generateContent "HTTP/1.1 200 OK"
2026-09-01 13:09:55,035 - INFO - HTTP Request: POST https://generativelanguage.googleapis.com/v1beta/models/gemini-2.5-pro:generateContent "HTTP/1.1 200 OK"
2026-09-01 13:09:57,815 - INFO - HTTP Request: POST https://generativelanguage.googleapis.com/v1beta/models/gemini-2.5-pro:generateContent "HTTP/1.1 200 OK"
2026-09-01 13:09:58,012 - INFO - HTTP Request: POST https://generativelanguage.googleapis.com/v1beta/models/gemini-2.5-pro:generateContent "HTTP/1.1 200 OK"
2026-09-01 13:09:59,282 - INFO - HTTP Request: POST https://generativelanguage.googleapis.com/v1beta/models/gemini-2.5-pro:generateContent "HTTP/1.1 200 OK"
2026-09-01 13:09:59,286 - INFO - [TR] Waiting 10.0s before next Agent 2 window…
2026-09-01 13:10:09,296 - INFO - [TR] Agent 2 window 220-229 (10 batches)
2026-09-01 13:10:09,371 - INFO - AFC is enabled with max remote calls: 10.
2026-09-01 13:10:09,375 - INFO - AFC is enabled with max remote calls: 10.
2026-09-01 13:10:09,376 - INFO - AFC is enabled with max remote calls: 10.
2026-09-01 13:10:09,378 - INFO - AFC is enabled with max remote calls: 10.
2026-09-01 13:10:09,380 - INFO - AFC is enabled with max remote calls: 10.
2026-09-01 13:10:09,383 - INFO - AFC is enabled with max remote calls: 10.
2026-09-01 13:10:09,384 - INFO - AFC is enabled with max remote calls: 10.
2026-09-01 13:10:09,386 - INFO - AFC is enabled with max remote calls: 10.
2026-09-01 13:10:09,387 - INFO - AFC is enabled with max remote calls: 10.
2026-09-01 13:10:09,388 - INFO - AFC is enabled with max remote calls: 10.
2026-09-01 13:10:24,304 - INFO - HTTP Request: POST https://generativelanguage.googleapis.com/v1beta/models/gemini-2.5-pro:generateContent "HTTP/1.1 200 OK"
2026-09-01 13:10:25,061 - INFO - HTTP Request: POST https://generativelanguage.googleapis.com/v1beta/models/gemini-2.5-pro:generateContent "HTTP/1.1 200 OK"
2026-09-01 13:10:25,806 - INFO - HTTP Request: POST https://generativelanguage.googleapis.com/v1beta/models/gemini-2.5-pro:generateContent "HTTP/1.1 200 OK"
2026-09-01 13:10:25,856 - INFO - HTTP Request: POST https://generativelanguage.googleapis.com/v1beta/models/gemini-2.5-pro:generateContent "HTTP/1.1 200 OK"
2026-09-01 13:10:28,082 - INFO - HTTP Request: POST https://generativelanguage.googleapis.com/v1beta/models/gemini-2.5-pro:generateContent "HTTP/1.1 200 OK"
2026-09-01 13:10:28,195 - INFO - HTTP Request: POST https://generativelanguage.googleapis.com/v1beta/models/gemini-2.5-pro:generateContent "HTTP/1.1 200 OK"
2026-09-01 13:10:28,609 - INFO - HTTP Request: POST https://generativelanguage.googleapis.com/v1beta/models/gemini-2.5-pro:generateContent "HTTP/1.1 200 OK"
2026-09-01 13:10:29,406 - INFO - HTTP Request: POST https://generativelanguage.googleapis.com/v1beta/models/gemini-2.5-pro:generateContent "HTTP/1.1 200 OK"
2026-09-01 13:10:30,839 - INFO - HTTP Request: POST https://generativelanguage.googleapis.com/v1beta/models/gemini-2.5-pro:generateContent "HTTP/1.1 200 OK"
2026-09-01 13:10:48,721 - INFO - HTTP Request: POST https://generativelanguage.googleapis.com/v1beta/models/gemini-2.5-pro:generateContent "HTTP/1.1 200 OK"
2026-09-01 13:10:48,911 - INFO - [TR] Waiting 10.0s before next Agent 2 window…
2026-09-01 13:10:58,919 - INFO - [TR] Agent 2 window 230-239 (10 batches)
2026-09-01 13:10:58,998 - INFO - AFC is enabled with max remote calls: 10.
2026-09-01 13:10:59,004 - INFO - AFC is enabled with max remote calls: 10.
2026-09-01 13:10:59,005 - INFO - AFC is enabled with max remote calls: 10.
2026-09-01 13:10:59,007 - INFO - AFC is enabled with max remote calls: 10.
2026-09-01 13:10:59,009 - INFO - AFC is enabled with max remote calls: 10.
2026-09-01 13:10:59,010 - INFO - AFC is enabled with max remote calls: 10.
2026-09-01 13:10:59,012 - INFO - AFC is enabled with max remote calls: 10.
2026-09-01 13:10:59,013 - INFO - AFC is enabled with max remote calls: 10.
2026-09-01 13:10:59,016 - INFO - AFC is enabled with max remote calls: 10.
2026-09-01 13:10:59,017 - INFO - AFC is enabled with max remote calls: 10.
2026-09-01 13:11:09,863 - INFO - HTTP Request: POST https://generativelanguage.googleapis.com/v1beta/models/gemini-2.5-pro:generateContent "HTTP/1.1 200 OK"
2026-09-01 13:11:13,056 - INFO - HTTP Request: POST https://generativelanguage.googleapis.com/v1beta/models/gemini-2.5-pro:generateContent "HTTP/1.1 200 OK"
2026-09-01 13:11:13,170 - INFO - HTTP Request: POST https://generativelanguage.googleapis.com/v1beta/models/gemini-2.5-pro:generateContent "HTTP/1.1 200 OK"
2026-09-01 13:11:13,773 - INFO - HTTP Request: POST https://generativelanguage.googleapis.com/v1beta/models/gemini-2.5-pro:generateContent "HTTP/1.1 200 OK"
2026-09-01 13:11:15,257 - INFO - HTTP Request: POST https://generativelanguage.googleapis.com/v1beta/models/gemini-2.5-pro:generateContent "HTTP/1.1 200 OK"
2026-09-01 13:11:15,584 - INFO - HTTP Request: POST https://generativelanguage.googleapis.com/v1beta/models/gemini-2.5-pro:generateContent "HTTP/1.1 200 OK"
2026-09-01 13:11:15,894 - INFO - HTTP Request: POST https://generativelanguage.googleapis.com/v1beta/models/gemini-2.5-pro:generateContent "HTTP/1.1 200 OK"
2026-09-01 13:11:16,296 - INFO - HTTP Request: POST https://generativelanguage.googleapis.com/v1beta/models/gemini-2.5-pro:generateContent "HTTP/1.1 200 OK"
2026-09-01 13:11:16,823 - INFO - HTTP Request: POST https://generativelanguage.googleapis.com/v1beta/models/gemini-2.5-pro:generateContent "HTTP/1.1 200 OK"
2026-09-01 13:11:21,765 - INFO - HTTP Request: POST https://generativelanguage.googleapis.com/v1beta/models/gemini-2.5-pro:generateContent "HTTP/1.1 200 OK"
2026-09-01 13:11:21,785 - INFO - [TR] Waiting 10.0s before next Agent 2 window…
2026-09-01 13:11:31,788 - INFO - [TR] Agent 2 window 240-249 (10 batches)
2026-09-01 13:11:31,849 - INFO - AFC is enabled with max remote calls: 10.
2026-09-01 13:11:31,851 - INFO - AFC is enabled with max remote calls: 10.
2026-09-01 13:11:31,854 - INFO - AFC is enabled with max remote calls: 10.
2026-09-01 13:11:31,856 - INFO - AFC is enabled with max remote calls: 10.
2026-09-01 13:11:31,858 - INFO - AFC is enabled with max remote calls: 10.
2026-09-01 13:11:31,859 - INFO - AFC is enabled with max remote calls: 10.
2026-09-01 13:11:31,861 - INFO - AFC is enabled with max remote calls: 10.
2026-09-01 13:11:31,863 - INFO - AFC is enabled with max remote calls: 10.
2026-09-01 13:11:31,865 - INFO - AFC is enabled with max remote calls: 10.
2026-09-01 13:11:31,867 - INFO - AFC is enabled with max remote calls: 10.
2026-09-01 13:11:45,741 - INFO - HTTP Request: POST https://generativelanguage.googleapis.com/v1beta/models/gemini-2.5-pro:generateContent "HTTP/1.1 200 OK"
2026-09-01 13:11:48,407 - INFO - HTTP Request: POST https://generativelanguage.googleapis.com/v1beta/models/gemini-2.5-pro:generateContent "HTTP/1.1 200 OK"
2026-09-01 13:11:50,422 - INFO - HTTP Request: POST https://generativelanguage.googleapis.com/v1beta/models/gemini-2.5-pro:generateContent "HTTP/1.1 200 OK"
2026-09-01 13:11:50,745 - INFO - HTTP Request: POST https://generativelanguage.googleapis.com/v1beta/models/gemini-2.5-pro:generateContent "HTTP/1.1 200 OK"
2026-09-01 13:11:52,768 - INFO - HTTP Request: POST https://generativelanguage.googleapis.com/v1beta/models/gemini-2.5-pro:generateContent "HTTP/1.1 200 OK"
2026-09-01 13:11:52,773 - INFO - HTTP Request: POST https://generativelanguage.googleapis.com/v1beta/models/gemini-2.5-pro:generateContent "HTTP/1.1 200 OK"
2026-09-01 13:11:54,425 - INFO - HTTP Request: POST https://generativelanguage.googleapis.com/v1beta/models/gemini-2.5-pro:generateContent "HTTP/1.1 200 OK"
2026-09-01 13:11:57,046 - INFO - HTTP Request: POST https://generativelanguage.googleapis.com/v1beta/models/gemini-2.5-pro:generateContent "HTTP/1.1 200 OK"
2026-09-01 13:12:04,842 - INFO - HTTP Request: POST https://generativelanguage.googleapis.com/v1beta/models/gemini-2.5-pro:generateContent "HTTP/1.1 200 OK"
2026-09-01 13:12:17,642 - INFO - HTTP Request: POST https://generativelanguage.googleapis.com/v1beta/models/gemini-2.5-pro:generateContent "HTTP/1.1 200 OK"
2026-09-01 13:12:17,728 - INFO - [TR] Agent 3 (consolidator) - starting
2026-09-01 13:12:17,728 - INFO - [A3][TR] SYSTEM PROMPT (first batch only):
# AGENT 3 — LANGUAGE‑LEVEL CONSOLIDATOR (SYSTEM PROMPT)

## ROLE & MISSION

You are **Agent 3: Language‑Level Consolidator**. Your mission is to read the **finalized, per‑section issues** (already validated by a prior pass) and produce **one concise, language‑level** `overall_feedback` for the entire corpus.

* You output **only** the `overall_feedback` object: a **Summary** (error patterns) and an **Action Plan** (preventive steps).
* You **must not** add, remove, reclassify, or rescore any issues. You **do not** arbitrate or fact‑check external information.
* Treat the provided issues as the **single source of truth**; identify patterns and prioritize them by impact.


---

## SCOPE — WHAT TO DO / WHAT NOT TO DO

**Do:**

* Consolidate repeated problems into **patterns** (by category, rule, or recurrent surface form).
* **Prioritize** patterns by **impact**: total penalty points (APT) first, then severity mix and frequency.
* Provide **clear, actionable** preventive steps that map to the patterns.
* Optionally include **brief, representative evidence** (≤12 words, paraphrased) to anchor each pattern.

**Do Not:**

* Modify, add, or remove individual issues.
* Change categories, severities, or points.
* Introduce **new** errors not evidenced in the input.
* Perform external fact‑checking or comment on other agents.

---

## INPUTS

* `Lang`: short language code (e.g., FR, DE).
* `Rollup`: machine‑computed aggregation for this language. Example fields:

  ```json
  {
    "ewt": 12345,
    "apt": 78,
    "pwpt": 0.0063,
    "mqm": 93.7,
    "critical_count": 0,
    "severity_counts": {"Minor": 40, "Major": 12, "Critical": 0},
    "category_points": [
      {"category":"Compliance","points":32},
      {"category":"Punctuation/Spelling/Typos","points":21},
      {"category":"Accuracy","points":18}
    ],
    "top_urls_by_points": [
      {"url":"/routes/..1.html","points":9},
      {"url":"/routes/..2.html","points":8}
    ]
  }
  ```
* `Final_issues`: **array** of finalized issues (Agent 2 output), each like:

  ```json
  {
    "url": "/routes/abc/example.html",
    "type_of_issue": "Compliance",
    "severity": "Major",
    "score_deduction": 3,
    "issue": "Metric conversion missing in a metric locale.",
    "text": "…short snippet…",
    "updated_sentence": "…"
  }
  ```

---

## CONSOLIDATION RULES

1. **Pattern mining:** Group by `type_of_issue`, then look for recurring surfaces (e.g., *km/h vs mph*, French NBSP before `:`, brand/proper‑noun casing, headings ending with a period).
2. **Prioritization:** Order the **Summary** bullets by **total category points** (highest first). Within a bullet, you may reference typical triggers (e.g., *mph shown without km/h*).
3. **Evidence:** If helpful, include a minimal parenthetical hint (≤12 words, paraphrased) and/or mention representative URLs with high points (at most two distinct URLs across the whole summary).
4. **Taxonomy fidelity:** Use the existing categories strictly (e.g., currency *what* = **Accuracy**; currency *format/how* = **Compliance**; brand casing = **Compliance**; French NBSP = **Punctuation/Spelling/Typos**).
5. **No new findings:** Do not infer new errors. If a pattern is not supported by the provided issues, omit it.

---

## OUTPUT CONTRACT (RETURN THIS OBJECT ONLY)

Return **only** this JSON object:

```json
{
  "overall_feedback": {
    "summary": [
      "<1 sentence per pattern; highest‑impact first>",
      "<… 2–10 bullets total …>"
    ],
    "action_plan": [
      "<One preventive step per pattern; imperative, testable>",
      "<… 2–10 bullets total …>"
    ]
  }
}
```

**Formatting constraints:**

* 2–10 bullets for **summary**, 2–10 bullets for **action\_plan**.
* Each bullet ≤ 250 characters; avoid duplication; no meta‑commentary.
* No code fences, no extra keys, no trailing text.

---

## STYLE GUIDANCE FOR BULLETS

* **Summary:** `[Category]` + the recurring rule breach + brief impact. Optionally add a short parenthetical cue, e.g., `(FR: NBSP before ':' missing)`.
* **Action plan:** imperative, owner‑agnostic; specify **what to check** and **where** (e.g., *"Add a unit‑conversion linter for metric locales (mph→km/h)."*).

---

## FINAL SELF‑CHECK

1. Did I **only** output the `overall_feedback` object?
2. Are bullets prioritized by **impact** (points → severity → frequency)?
3. Did I avoid inventing new issues or changing any categories/severities?
4. Are bullets concise, objective, and mapped to the observed patterns?



2026-09-01 13:12:17,730 - INFO - [A3][TR] USER PROMPT (first batch only):
Language: TR

Roll‑up (JSON):
{
  "lang": "TR",
  "ewt": 18472,
  "total_findings": 112,
  "severity_counts": {
    "Minor": 62,
    "Major": 49,
    "Critical": 1
  },
  "points_by_category": {
    "Grammar": 19,
    "Compliance": 18,
    "Style": 19,
    "Accuracy": 169,
    "Punctuation/Spelling/Typos": 9
  },
  "apt": 234,
  "pwpt": 0.01266782156777826,
  "mqm": 87.33217843222174,
  "top_urls_by_issue_count": [
    {
      "url": "https://www.skyscanner.com.tr/arac-kiralama-yeri/arac-kiralama-yeri-madrid/27544850.html",
      "count": 6
    },
    {
      "url": "https://www.skyscanner.com.tr/arac-kiralama-yeri/arac-kiralama-yeri-katanya/27540562.html",
      "count": 5
    },
    {
      "url": "https://www.skyscanner.com.tr/arac-kiralama-yeri/arac-kiralama-yeri-uskup/27546371.html",
      "count": 4
    },
    {
      "url": "https://www.skyscanner.com.tr/arac-kiralama-yeri/arac-kiralama-yeri-bingol/44594978.html",
      "count": 4
    },
    {
      "url": "https://www.skyscanner.com.tr/arac-kiralama-yeri/arac-kiralama-yeri-gaziemir/44589843.html",
      "count": 4
    },
    {
      "url": "https://www.skyscanner.com.tr/arac-kiralama-yeri/arac-kiralama-yeri-munih/27545034.html",
      "count": 4
    },
    {
      "url": "https://www.skyscanner.com.tr/arac-kiralama-yeri/arac-kiralama-yeri-tiran/27547183.html",
      "count": 3
    },
    {
      "url": "https://www.skyscanner.com.tr/arac-kiralama-yeri/arac-kiralama-yeri-burhaniye/44594401.html",
      "count": 3
    },
    {
      "url": "https://www.skyscanner.com.tr/arac-kiralama-yeri/arac-kiralama-yeri-isparta/27542897.html",
      "count": 3
    },
    {
      "url": "https://www.skyscanner.com.tr/arac-kiralama-yeri/arac-kiralama-yeri-ortaca/38080863.html",
      "count": 3
    }
  ],
  "categories_considered": [
    "Grammar",
    "Compliance",
    "Punctuation/Spelling/Typos",
    "Accuracy",
    "Style",
    "AI-issues"
  ]
}

Final issues (JSON array):
[
  {
    "text": "En iyi fırsatları yakalamak için rezervasyonunuzu kalkış tarihinden 3 hafta öncesi yapmanız önerilir.",
    "issue": "The time expression \"3 hafta öncesi\" is grammatically incorrect in this context; the adverb \"önce\" is required.",
    "type_of_issue": "Grammar",
    "solution": "Change the noun form \"öncesi\" to the adverb \"önce\" to form a correct adverbial phrase of time.",
    "updated_sentence": "En iyi fırsatları yakalamak için rezervasyonunuzu kalkış tarihinden 3 hafta önce yapmanız önerilir.",
    "severity": "Minor",
    "score_deduction": 1,
    "source_file": "2026-2027-tr-car-hire-city-06.docx",
    "url": "https://www.skyscanner.com.tr/arac-kiralama-yeri/arac-kiralama-yeri-uskup/27546371.html",
    "candidate": "https://www.skyscanner.com.tr/arac-kiralama-yeri/arac-kiralama-yeri-uskup/27546371.html"
  },
  {
    "text": "Araç sınıflarını ve teslim koşullarını önceden inceleyerek ihtiyaçlarınıza en uygun kiralama planını belirleyebilir, böylece ek masraflardan kaçınabilirsiniz.",
    "issue": "There is a subject-verb agreement error; the first verb \"belirleyebilir\" is in the third-person singular, while the implied subject and the second verb \"kaçınabilirsiniz\" are in the second-person plural.",
    "type_of_issue": "Grammar",
    "solution": "Change the verb \"belirleyebilir\" to \"belirleyebilirsiniz\" to ensure it agrees with the second-person plural subject.",
    "updated_sentence": "Araç sınıflarını ve teslim koşullarını önceden inceleyerek ihtiyaçlarınıza en uygun kiralama planını belirleyebilirsiniz, böylece ek masraflardan kaçınabilirsiniz.",
    "severity": "Minor",
    "score_deduction": 1,
    "source_file": "2026-2027-tr-car-hire-city-06.docx",
    "url": "https://www.skyscanner.com.tr/arac-kiralama-yeri/arac-kiralama-yeri-uskup/27546371.html",
    "candidate": "https://www.skyscanner.com.tr/arac-kiralama-yeri/arac-kiralama-yeri-uskup/27546371.html"
  },
  {
    "text": "Şehir içi sürüş için benzer ölçekteki seçenekler arasında ABBYCAR üzerinden manuel vitesli bir araç ₺2.188 günlük fiyatla sunulmaktadır.",
    "issue": "The brand name 'ABBYCAR' is incorrectly capitalized; it should be 'Abbycar'. This issue is repeated in a subsequent sentence.",
    "type_of_issue": "Compliance",
    "solution": "Correct the capitalization of the brand name to 'Abbycar'.",
    "updated_sentence": "Şehir içi sürüş için benzer ölçekteki seçenekler arasında Abbycar üzerinden manuel vitesli bir araç ₺2.188 günlük fiyatla sunulmaktadır.",
    "severity": "Minor",
    "score_deduction": 1,
    "source_file": "2026-2027-tr-car-hire-city-06.docx",
    "url": "https://www.skyscanner.com.tr/arac-kiralama-yeri/arac-kiralama-yeri-uskup/27546371.html",
    "candidate": "https://www.skyscanner.com.tr/arac-kiralama-yeri/arac-kiralama-yeri-uskup/27546371.html"
  },
  {
    "text": "Ülkede vinyet çıkartma sistemi yerine sabit gişelerde ücret alınır.",
    "issue": "The verbal noun 'çıkartma' is a colloquial or non-standard form; the correct form for this formal context is 'çıkarma'.",
    "type_of_issue": "Grammar",
    "solution": "Replace 'çıkartma' with the standard verbal noun 'çıkarma' for formal correctness.",
    "updated_sentence": "Ülkede vinyet çıkarma sistemi yerine sabit gişelerde ücret alınır.",
    "severity": "Minor",
    "score_deduction": 1,
    "source_file": "2026-2027-tr-car-hire-city-06.docx",
    "url": "https://www.skyscanner.com.tr/arac-kiralama-yeri/arac-kiralama-yeri-uskup/27546371.html",
    "candidate": "https://www.skyscanner.com.tr/arac-kiralama-yeri/arac-kiralama-yeri-uskup/27546371.html"
  },
  {
    "text": "Ekspres yollarda ve şehirlerarası yollarda üst sınır 90 km/h'dir.",
    "issue": "The suffix added to the abbreviation 'km/h' is grammatically incorrect. According to Turkish phonetic rules (consonant harmony), the suffix should be '-tir' because the final sound of its Turkish pronunciation ('saat') is a voiceless consonant 't'.",
    "type_of_issue": "Grammar",
    "solution": "Change the suffix from '-dir' to '-tir' to comply with Turkish consonant harmony rules.",
    "updated_sentence": "Ekspres yollarda ve şehirlerarası yollarda üst sınır 90 km/h'tir.",
    "severity": "Minor",
    "score_deduction": 1,
    "source_file": "2026-2027-tr-car-hire-city-06.docx",
    "url": "https://www.skyscanner.com.tr/arac-kiralama-yeri/arac-kiralama-yeri-midilli/27544944.html",
    "candidate": "https://www.skyscanner.com.tr/arac-kiralama-yeri/arac-kiralama-yeri-midilli/27544944.html"
  },
  {
    "text": "Bingöl'de araç kiralamanın en düşük fiyatı ₺2.581'den başlıyor, yıllık ortalama ise ₺3.037 düzeyinde. Farklı sağlayıcıları ve araç modellerini karşılaştırarak bütçenize uygun seçenekleri değerlendirebilirsiniz. Temmuz ayı, kiralama açısından genellikle en uygun fiyatların görüldüğü dönem olarak öne çıkıyor. Uygun bir fiyat yakalamak için rezervasyonunuzu seyahatinizden 1 haftadan az bir süre önce yapmanız öneriliyor. Tarihlerinizde esneklik sağlamak ve fiyatları önceden incelemek, ödeyeceğiniz tutarı düşürmenize yardımcı olabilir. Böylece Bingöl'deki seyahatiniz için uygun bir araç bulabilirsiniz.",
    "issue": "The single paragraph combines multiple distinct ideas (pricing statistics, best month to book, booking window advice, and general tips), which makes the text difficult to scan.",
    "type_of_issue": "Style",
    "solution": "Split the text into shorter, focused paragraphs to improve readability and allow users to scan the key information more easily.",
    "updated_sentence": "Bingöl'de araç kiralamanın en düşük fiyatı ₺2.581'den başlıyor, yıllık ortalama ise ₺3.037 düzeyinde. Farklı sağlayıcıları ve araç modellerini karşılaştırarak bütçenize uygun seçenekleri değerlendirebilirsiniz.\n\nTemmuz ayı, kiralama açısından genellikle en uygun fiyatların görüldüğü dönem olarak öne çıkıyor. Uygun bir fiyat yakalamak için rezervasyonunuzu seyahatinizden 1 haftadan az bir süre önce yapmanız öneriliyor.\n\nTarihlerinizde esneklik sağlamak ve fiyatları önceden incelemek, ödeyeceğiniz tutarı düşürmenize yardımcı olabilir. Böylece Bingöl'deki seyahatiniz için uygun bir araç bulabilirsiniz.",
    "severity": "Minor",
    "score_deduction": 1,
    "source_file": "2026-2027-tr-car-hire-city-06.docx",
    "url": "https://www.skyscanner.com.tr/arac-kiralama-yeri/arac-kiralama-yeri-bingol/44594978.html",
    "candidate": "https://www.skyscanner.com.tr/arac-kiralama-yeri/arac-kiralama-yeri-bingol/44594978.html"
  },
  {
    "text": "theleon üzerinden otomatik vitesli bir araç ₺4.676 günlük başlangıç fiyatıyla kiralanabilir.",
    "issue": "The proper name of the provider 'theleon' is not capitalized, which is inconsistent with other capitalized provider names in the text.",
    "type_of_issue": "Compliance",
    "solution": "Capitalize the first letter of the provider's name to 'Theleon' for correct proper noun formatting and consistency.",
    "updated_sentence": "Theleon üzerinden otomatik vitesli bir araç ₺4.676 günlük başlangıç fiyatıyla kiralanabilir.",
    "severity": "Minor",
    "score_deduction": 1,
    "source_file": "2026-2027-tr-car-hire-city-06.docx",
    "url": "https://www.skyscanner.com.tr/arac-kiralama-yeri/arac-kiralama-yeri-bingol/44594978.html",
    "candidate": "https://www.skyscanner.com.tr/arac-kiralama-yeri/arac-kiralama-yeri-bingol/44594978.html"
  },
  {
    "text": "Araç kiralamak için minimum yaş 21'dir; 25 yaş altındaki sürücüler için ek genç sürücü ücreti uygulanır. Standart otomobiller için minimum sürüş yaşı 18'dir.",
    "issue": "The text contains an internal contradiction, stating the minimum age is 21 in one clause and 18 for standard cars in the next, which is confusing for the user.",
    "type_of_issue": "Accuracy",
    "solution": "Remove the contradictory statement about the minimum age being 18 to provide a single, clear age requirement.",
    "updated_sentence": "Araç kiralamak için minimum yaş 21'dir; 25 yaş altındaki sürücüler için ek genç sürücü ücreti uygulanır.",
    "severity": "Major",
    "score_deduction": 3,
    "source_file": "2026-2027-tr-car-hire-city-06.docx",
    "url": "https://www.skyscanner.com.tr/arac-kiralama-yeri/arac-kiralama-yeri-bingol/44594978.html",
    "candidate": "https://www.skyscanner.com.tr/arac-kiralama-yeri/arac-kiralama-yeri-bingol/44594978.html"
  },
  {
    "text": "Türkiye'de trafik yolun sağ tarafından akar. Otoyollarda hız sınırı 120 km/h, ekspres yollarda ise 110 km/h olarak belirlenmiştir. Şehirlerarası kara yollarında sınır 90 km/h, yerleşim yerlerindeki diğer yollarda 50 km/h'dir. Ülkedeki otoyollar ve köprüler HGS adı verilen zorunlu elektronik geçiş sistemini kullanır. Ücretler, araca yerleştirilen RFID etiketi veya cihazı aracılığıyla otomatik olarak tahsil edilir. Bu sistemde nakit ödeme kabul edilmez, dolayısıyla seyahatten önce geçiş sisteminin ayarlanmış olması gerekir. Hız sınırlarının yol türüne göre değiştiğini göz önünde bulundurmanız yararlı olacaktır.",
    "issue": "A single paragraph combines multiple distinct topics (general traffic rules, specific speed limits, and toll system information), which makes it objectively difficult to scan.",
    "type_of_issue": "Style",
    "solution": "Split the text into two distinct paragraphs, one covering traffic and speed limits, and the other covering the toll system, to improve scannability.",
    "updated_sentence": "Türkiye'de trafik yolun sağ tarafından akar. Otoyollarda hız sınırı 120 km/h, ekspres yollarda ise 110 km/h olarak belirlenmiştir. Şehirlerarası kara yollarında sınır 90 km/h, yerleşim yerlerindeki diğer yollarda 50 km/h'dir. Hız sınırlarının yol türüne göre değiştiğini göz önünde bulundurmanız yararlı olacaktır.\n\nÜlkedeki otoyollar ve köprüler HGS adı verilen zorunlu elektronik geçiş sistemini kullanır. Ücretler, araca yerleştirilen RFID etiketi veya cihazı aracılığıyla otomatik olarak tahsil edilir. Bu sistemde nakit ödeme kabul edilmez, dolayısıyla seyahatten önce geçiş sisteminin ayarlanmış olması gerekir.",
    "severity": "Minor",
    "score_deduction": 1,
    "source_file": "2026-2027-tr-car-hire-city-06.docx",
    "url": "https://www.skyscanner.com.tr/arac-kiralama-yeri/arac-kiralama-yeri-bingol/44594978.html",
    "candidate": "https://www.skyscanner.com.tr/arac-kiralama-yeri/arac-kiralama-yeri-bingol/44594978.html"
  },
  {
    "text": "Daha ekonomik bir alternatif arayanlar için Easy Go, otomatik vitesli Citroen C4 aracını günlük ₺3.169 fiyatla sunar.",
    "issue": "The brand name 'Easygo' is incorrectly written with a space as 'Easy Go'.",
    "type_of_issue": "Compliance",
    "solution": "Correct the spacing in the brand name to 'Easygo'.",
    "updated_sentence": "Daha ekonomik bir alternatif arayanlar için Easygo, otomatik vitesli Citroen C4 aracını günlük ₺3.169 fiyatla sunar.",
    "severity": "Minor",
    "score_deduction": 1,
    "source_file": "2026-2027-tr-car-hire-city-06.docx",
    "url": "https://www.skyscanner.com.tr/arac-kiralama-yeri/arac-kiralama-yeri-siirt/27547096.html",
    "candidate": "https://www.skyscanner.com.tr/arac-kiralama-yeri/arac-kiralama-yeri-siirt/27547096.html"
  },
  {
    "text": "En popüler seçenek Garenta olup, Eren Rent a Car ve theleon da öne çıkan sağlayıcılar arasındadır.",
    "issue": "The brand name \"theleon\" is not capitalized, which violates standard orthographic rules for proper nouns.",
    "type_of_issue": "Compliance",
    "solution": "Capitalize the brand name \"theleon\" to \"Theleon\".",
    "updated_sentence": "En popüler seçenek Garenta olup, Eren Rent a Car ve Theleon da öne çıkan sağlayıcılar arasındadır.",
    "severity": "Minor",
    "score_deduction": 1,
    "source_file": "2026-2027-tr-car-hire-city-06.docx",
    "url": "https://www.skyscanner.com.tr/arac-kiralama-yeri/arac-kiralama-yeri-siirt/27547096.html",
    "candidate": "https://www.skyscanner.com.tr/arac-kiralama-yeri/arac-kiralama-yeri-siirt/27547096.html"
  },
  {
    "text": "Araç kiralamak için asgari yaş 21'dir; 25 yaş altındaki sürücüler için birçok sağlayıcı ek genç sürücü ücreti uygulamaktadır. Standart otomobiller için asgari sürüş yaşı 18'dir.",
    "issue": "The text presents contradictory information about the minimum age, stating it's 21 for renting but 18 for driving standard cars, which is highly confusing for the user.",
    "type_of_issue": "Accuracy",
    "solution": "Remove the conflicting statement about the minimum driving age being 18 to provide a single, clear minimum rental age of 21.",
    "updated_sentence": "Araç kiralamak için asgari yaş 21'dir; 25 yaş altındaki sürücüler için birçok sağlayıcı ek genç sürücü ücreti uygulamaktadır.",
    "severity": "Major",
    "score_deduction": 3,
    "source_file": "2026-2027-tr-car-hire-city-06.docx",
    "url": "https://www.skyscanner.com.tr/arac-kiralama-yeri/arac-kiralama-yeri-agr%c4%b1/27536508.html",
    "candidate": "https://www.skyscanner.com.tr/arac-kiralama-yeri/arac-kiralama-yeri-agr%c4%b1/27536508.html"
  },
  {
    "text": "Otomatik vites tercih edenler ise 387rentacar aracılığıyla sunulan aracı günlük ₺3.460 başlangıç fiyatından değerlendirebilir.",
    "issue": "The provider name '387rentacar' is not capitalized, which is inconsistent with other brand names in the text.",
    "type_of_issue": "Compliance",
    "solution": "Capitalize the provider name to '387Rentacar' to correctly format it as a proper noun and ensure consistency.",
    "updated_sentence": "Otomatik vites tercih edenler ise 387Rentacar aracılığıyla sunulan aracı günlük ₺3.460 başlangıç fiyatından değerlendirebilir.",
    "severity": "Minor",
    "score_deduction": 1,
    "source_file": "2026-2027-tr-car-hire-city-06.docx",
    "url": "https://www.skyscanner.com.tr/arac-kiralama-yeri/arac-kiralama-yeri-saraybosna/27546359.html",
    "candidate": "https://www.skyscanner.com.tr/arac-kiralama-yeri/arac-kiralama-yeri-saraybosna/27546359.html"
  },
  {
    "text": "Şu anda en düşük fiyat ₺295 seviyesindedir, yıllık ortalama ise ₺2.342 olarak kaydedilmiştir.",
    "issue": "The currency is incorrectly stated as Turkish Lira (₺) for Tirana, Albania. The local currency is the Albanian Lek (ALL).",
    "type_of_issue": "Accuracy",
    "solution": "Replace the Turkish Lira symbol (₺) with the currency code for Albanian Lek (ALL).",
    "updated_sentence": "Şu anda en düşük fiyat 295 ALL seviyesindedir, yıllık ortalama ise 2.342 ALL olarak kaydedilmiştir.",
    "severity": "Major",
    "score_deduction": 3,
    "source_file": "2026-2027-tr-car-hire-city-06.docx",
    "url": "https://www.skyscanner.com.tr/arac-kiralama-yeri/arac-kiralama-yeri-tiran/27547183.html",
    "candidate": "https://www.skyscanner.com.tr/arac-kiralama-yeri/arac-kiralama-yeri-tiran/27547183.html"
  },
  {
    "text": "Otomatik vites arayanlar için Sixt, Chevrolet Tahoe modelini günlük ₺295 başlangıç fiyatıyla sunar.",
    "issue": "The daily price of ₺295 is internally inconsistent and highly implausible for a large SUV when compared to the prices of smaller cars in the same text (e.g., Volkswagen Up! at ₺1.626).",
    "type_of_issue": "Accuracy",
    "solution": "Assuming a typo, correct the price to ₺2.950 to make it consistent with the other vehicle prices listed.",
    "updated_sentence": "Otomatik vites arayanlar için Sixt, Chevrolet Tahoe modelini günlük ₺2.950 başlangıç fiyatıyla sunar.",
    "severity": "Major",
    "score_deduction": 3,
    "source_file": "2026-2027-tr-car-hire-city-06.docx",
    "url": "https://www.skyscanner.com.tr/arac-kiralama-yeri/arac-kiralama-yeri-tiran/27547183.html",
    "candidate": "https://www.skyscanner.com.tr/arac-kiralama-yeri/arac-kiralama-yeri-tiran/27547183.html"
  },
  {
    "text": "Bunlar arasında en çok tercih edilen Eurocar Rentals'dır.",
    "issue": "The brand name 'Eurocar' is a misspelling of the major international provider 'Europcar'.",
    "type_of_issue": "Compliance",
    "solution": "Correct the spelling of the brand name to 'Europcar'.",
    "updated_sentence": "Bunlar arasında en çok tercih edilen Europcar Rentals'dır.",
    "severity": "Minor",
    "score_deduction": 1,
    "source_file": "2026-2027-tr-car-hire-city-06.docx",
    "url": "https://www.skyscanner.com.tr/arac-kiralama-yeri/arac-kiralama-yeri-tiran/27547183.html",
    "candidate": "https://www.skyscanner.com.tr/arac-kiralama-yeri/arac-kiralama-yeri-tiran/27547183.html"
  },
  {
    "text": "Şu anda erişilebilen en düşük fiyat ise ₺2.546.",
    "issue": "The sentence is a fragment as it lacks a predicate, making it grammatically incomplete.",
    "type_of_issue": "Grammar",
    "solution": "Add the copula \"-dır\" to the end of the sentence to make it grammatically complete.",
    "updated_sentence": "Şu anda erişilebilen en düşük fiyat ise ₺2.546'dır.",
    "severity": "Minor",
    "score_deduction": 1,
    "source_file": "2026-2027-tr-car-hire-city-06.docx",
    "url": "https://www.skyscanner.com.tr/arac-kiralama-yeri/arac-kiralama-yeri-gaziemir/44589843.html",
    "candidate": "https://www.skyscanner.com.tr/arac-kiralama-yeri/arac-kiralama-yeri-gaziemir/44589843.html"
  },
  {
    "text": "Havaalanından yapılan teslim alma işlemleri, şehir içindeki Mavişehir noktasına kıyasla genellikle daha uygun fiyatlıdır.",
    "issue": "The word 'Havaalanı' refers to the specific 'İzmir Havaalanı' mentioned previously, and should be treated as a proper noun. Turkish orthography requires an apostrophe before adding a suffix to a proper noun.",
    "type_of_issue": "Punctuation/Spelling/Typos",
    "solution": "Change 'Havaalanından' to 'Havaalanı'ndan' to correctly attach the suffix to the proper noun.",
    "updated_sentence": "Havaalanı'ndan yapılan teslim alma işlemleri, şehir içindeki Mavişehir noktasına kıyasla genellikle daha uygun fiyatlıdır.",
    "severity": "Minor",
    "score_deduction": 1,
    "source_file": "2026-2027-tr-car-hire-city-06.docx",
    "url": "https://www.skyscanner.com.tr/arac-kiralama-yeri/arac-kiralama-yeri-gaziemir/44589843.html",
    "candidate": "https://www.skyscanner.com.tr/arac-kiralama-yeri/arac-kiralama-yeri-gaziemir/44589843.html"
  },
  {
    "text": "En popüler seçenek Avec car rentals olup, Easy Go ve Kiralasür de öne çıkan sağlayıcılar arasında yer almaktadır.",
    "issue": "The brand name 'Avec car rentals' uses inconsistent capitalization compared to other proper names like 'Easy Go' mentioned in the same sentence.",
    "type_of_issue": "Compliance",
    "solution": "Capitalize 'car rentals' to 'Car Rentals' to ensure consistent styling for all brand names.",
    "updated_sentence": "En popüler seçenek Avec Car Rentals olup, Easy Go ve Kiralasür de öne çıkan sağlayıcılar arasında yer almaktadır.",
    "severity": "Minor",
    "score_deduction": 1,
    "source_file": "2026-2027-tr-car-hire-city-06.docx",
    "url": "https://www.skyscanner.com.tr/arac-kiralama-yeri/arac-kiralama-yeri-gaziemir/44589843.html",
    "candidate": "https://www.skyscanner.com.tr/arac-kiralama-yeri/arac-kiralama-yeri-gaziemir/44589843.html"
  },
  {
    "text": "Ücretler, araca yerleştirilen RFID etiketi veya çıkartması aracılığıyla otomatik olarak tahsil edilir.",
    "issue": "An unnecessary comma is placed after the single-word subject \"Ücretler\", which incorrectly separates it from the rest of the sentence.",
    "type_of_issue": "Punctuation/Spelling/Typos",
    "solution": "Remove the comma after \"Ücretler\" to ensure correct sentence structure.",
    "updated_sentence": "Ücretler araca yerleştirilen RFID etiketi veya çıkartması aracılığıyla otomatik olarak tahsil edilir.",
    "severity": "Minor",
    "score_deduction": 1,
    "source_file": "2026-2027-tr-car-hire-city-06.docx",
    "url": "https://www.skyscanner.com.tr/arac-kiralama-yeri/arac-kiralama-yeri-gaziemir/44589843.html",
    "candidate": "https://www.skyscanner.com.tr/arac-kiralama-yeri/arac-kiralama-yeri-gaziemir/44589843.html"
  },
  {
    "text": "Şehir içi sürüş için manuel vitesli Toyota Aygo, Dryyve üzerinden günlük ₺602 başlangıç fiyatıyla sunulmaktadır. Daha geniş bir seçenek arayanlar için Dryyve, otomatik vitesli Opel Grandland'i günlük ₺894 fiyatla sağlamaktadır. Sınırsız kilometre isteyenler ise Klasswagen.com aracılığıyla manuel vitesli Volkswagen Golf'ü günlük ₺1.086 başlangıç fiyatıyla değerlendirebilir.",
    "issue": "The currency symbol is incorrect for the location. Turkish Lira (₺) is used for prices in Vienna, Austria, which uses the Euro (€). This error repeats for all prices mentioned.",
    "type_of_issue": "Accuracy",
    "solution": "Replace all instances of the Turkish Lira symbol (₺) with the Euro symbol (€) to reflect the correct local currency.",
    "updated_sentence": "Şehir içi sürüş için manuel vitesli Toyota Aygo, Dryyve üzerinden günlük €602 başlangıç fiyatıyla sunulmaktadır. Daha geniş bir seçenek arayanlar için Dryyve, otomatik vitesli Opel Grandland'i günlük €894 fiyatla sağlamaktadır. Sınırsız kilometre isteyenler ise Klasswagen.com aracılığıyla manuel vitesli Volkswagen Golf'ü günlük €1.086 başlangıç fiyatıyla değerlendirebilir.",
    "severity": "Major",
    "score_deduction": 3,
    "source_file": "2026-2027-tr-car-hire-city-06.docx",
    "url": "https://www.skyscanner.com.tr/arac-kiralama-yeri/arac-kiralama-yeri-viyana/27547395.html",
    "candidate": "https://www.skyscanner.com.tr/arac-kiralama-yeri/arac-kiralama-yeri-viyana/27547395.html"
  },
  {
    "text": "Bunun yanında belirli tünellerde ve alp güzergâhlarında mesafeye dayalı ayrı geçiş ücretleri alınır.",
    "issue": "The proper noun 'Alp', referring to the Alps, must be capitalized.",
    "type_of_issue": "Compliance",
    "solution": "Capitalize 'Alp' as it is a proper geographical name.",
    "updated_sentence": "Bunun yanında belirli tünellerde ve Alp güzergâhlarında mesafeye dayalı ayrı geçiş ücretleri alınır.",
    "severity": "Minor",
    "score_deduction": 1,
    "source_file": "2026-2027-tr-car-hire-city-06.docx",
    "url": "https://www.skyscanner.com.tr/arac-kiralama-yeri/arac-kiralama-yeri-viyana/27547395.html",
    "candidate": "https://www.skyscanner.com.tr/arac-kiralama-yeri/arac-kiralama-yeri-viyana/27547395.html"
  },
  {
    "text": "Burhaniye'de en çok tercih edilen araç Citroen C3'tür; küçük, pratik ve park etmesi kolay bir modeldir. Dar sokaklarda ve şehir içi kullanımda bu özellikler öne çıkar. Manuel vitesli seçenekler arasında Alamo, Renault Clio'yu günlük ₺2.414'ten sunmaktadır. Yine Alamo üzerinden manuel vitesli Ford Focus günlük ₺3.218'den kiralanabilir. Otomatik vites tercih edenler için Alamo, Peugeot 3008 modelini günlük ₺4.724'ten sağlamaktadır. Tüm bu seçenekler klima, sınırsız kilometre ve ücretsiz iptal imkânı içerir. İhtiyacınıza uygun vites tipini ve bütçeyi göz önünde bulundurabilirsiniz.",
    "issue": "The single paragraph contains multiple distinct ideas (a general recommendation, specific manual options, a specific automatic option, and common features), which makes the content difficult to scan.",
    "type_of_issue": "Style",
    "solution": "Split the paragraph into shorter, topic-focused paragraphs to improve readability and scannability for the user.",
    "updated_sentence": "Burhaniye'de en çok tercih edilen araç Citroen C3'tür; küçük, pratik ve park etmesi kolay bir modeldir. Dar sokaklarda ve şehir içi kullanımda bu özellikler öne çıkar.\n\nManuel vitesli seçenekler arasında Alamo, Renault Clio'yu günlük ₺2.414'ten sunmaktadır. Yine Alamo üzerinden manuel vitesli Ford Focus günlük ₺3.218'den kiralanabilir.\n\nOtomatik vites tercih edenler için Alamo, Peugeot 3008 modelini günlük ₺4.724'ten sağlamaktadır.\n\nTüm bu seçenekler klima, sınırsız kilometre ve ücretsiz iptal imkânı içerir. İhtiyacınıza uygun vites tipini ve bütçeyi göz önünde bulundurabilirsiniz.",
    "severity": "Minor",
    "score_deduction": 1,
    "source_file": "2026-2027-tr-car-hire-city-06.docx",
    "url": "https://www.skyscanner.com.tr/arac-kiralama-yeri/arac-kiralama-yeri-burhaniye/44594401.html",
    "candidate": "https://www.skyscanner.com.tr/arac-kiralama-yeri/arac-kiralama-yeri-burhaniye/44594401.html"
  },
  {
    "text": "Araç kiralamak için minimum yaş 21'dir, ancak 25 yaşından küçük sürücüler için birçok sağlayıcı ek ücret uygulamaktadır. Standart otomobiller için minimum sürüş yaşı 18'dir.",
    "issue": "The text presents contradictory information: it first states the minimum rental age is 21, then immediately says the minimum driving age for standard cars is 18, which is confusing and misleading for a user trying to determine rental eligibility.",
    "type_of_issue": "Accuracy",
    "solution": "Remove the sentence about the minimum driving age (18) to eliminate the internal contradiction and provide clear, unambiguous information about the minimum rental age (21).",
    "updated_sentence": "Araç kiralamak için minimum yaş 21'dir, ancak 25 yaşından küçük sürücüler için birçok sağlayıcı ek ücret uygulamaktadır.",
    "severity": "Major",
    "score_deduction": 3,
    "source_file": "2026-2027-tr-car-hire-city-06.docx",
    "url": "https://www.skyscanner.com.tr/arac-kiralama-yeri/arac-kiralama-yeri-burhaniye/44594401.html",
    "candidate": "https://www.skyscanner.com.tr/arac-kiralama-yeri/arac-kiralama-yeri-burhaniye/44594401.html"
  },
  {
    "text": "Türkiye'de trafik yolun sağ tarafından akar. Otoyollarda hız sınırı 120 km/h, ekspres yollarda ise 110 km/h olarak belirlenmiştir. Şehirlerarası kara yollarında sınır 90 km/h, yerleşim yerlerindeki diğer yollarda 50 km/h düzeyindedir. Ülkedeki otoyollar ve köprüler HGS adı verilen zorunlu elektronik geçiş sistemini kullanır. Ücretler, araca yerleştirilen RFID etiketi veya çıkartması aracılığıyla otomatik olarak tahsil edilir. Bu geçişlerde nakit ödeme kabul edilmez, dolayısıyla yolculuk öncesinde HGS bakiyenizin yeterli olduğundan emin olmanız pratik bir gerekliliktir.",
    "issue": "The single paragraph combines multiple distinct topics (traffic flow, speed limits, and the electronic toll system), which makes the information difficult to scan.",
    "type_of_issue": "Style",
    "solution": "Split the text into two separate, focused paragraphs to improve readability. The first paragraph should cover traffic flow and speed limits, and the second should detail the HGS toll system.",
    "updated_sentence": "Türkiye'de trafik yolun sağ tarafından akar. Otoyollarda hız sınırı 120 km/h, ekspres yollarda ise 110 km/h olarak belirlenmiştir. Şehirlerarası kara yollarında sınır 90 km/h, yerleşim yerlerindeki diğer yollarda 50 km/h düzeyindedir.\n\nÜlkedeki otoyollar ve köprüler HGS adı verilen zorunlu elektronik geçiş sistemini kullanır. Ücretler, araca yerleştirilen RFID etiketi veya çıkartması aracılığıyla otomatik olarak tahsil edilir. Bu geçişlerde nakit ödeme kabul edilmez, dolayısıyla yolculuk öncesinde HGS bakiyenizin yeterli olduğundan emin olmanız pratik bir gerekliliktir.",
    "severity": "Minor",
    "score_deduction": 1,
    "source_file": "2026-2027-tr-car-hire-city-06.docx",
    "url": "https://www.skyscanner.com.tr/arac-kiralama-yeri/arac-kiralama-yeri-burhaniye/44594401.html",
    "candidate": "https://www.skyscanner.com.tr/arac-kiralama-yeri/arac-kiralama-yeri-burhaniye/44594401.html"
  },
  {
    "text": "En uygun teklifleri yakalamak isteyen yolcuların rezervasyonlarını seyahat tarihinden 2 hafta öncesi yapmaları önerilir.",
    "issue": "The temporal expression '2 hafta öncesi' is used as an adverb of time, but it is grammatically a noun phrase. The correct adverbial form is '2 hafta önce'.",
    "type_of_issue": "Grammar",
    "solution": "Change the noun phrase '2 hafta öncesi' to the correct adverbial form '2 hafta önce' to ensure grammatical accuracy.",
    "updated_sentence": "En uygun teklifleri yakalamak isteyen yolcuların rezervasyonlarını seyahat tarihinden 2 hafta önce yapmaları önerilir.",
    "severity": "Minor",
    "score_deduction": 1,
    "source_file": "2026-2027-tr-car-hire-city-07.docx",
    "url": "https://www.skyscanner.com.tr/arac-kiralama-yeri/arac-kiralama-yeri-lefkosa/27551179.html",
    "candidate": "https://www.skyscanner.com.tr/arac-kiralama-yeri/arac-kiralama-yeri-lefkosa/27551179.html"
  },
  {
    "text": "Rodos'ta araç kiralama için altı sağlayıcı bulunmaktadır.",
    "issue": "The term \"sağlayıcı\" is used instead of the glossary-approved \"hizmet sağlayıcı\" for \"provider\". This pattern repeats in the text.",
    "type_of_issue": "Compliance",
    "solution": "Replace all instances of \"sağlayıcı\" with \"hizmet sağlayıcı\" to align with the glossary and the Topic Name.",
    "updated_sentence": "Rodos'ta araç kiralama için altı hizmet sağlayıcı bulunmaktadır.",
    "severity": "Minor",
    "score_deduction": 1,
    "source_file": "2026-2027-tr-car-hire-city-07.docx",
    "url": "https://www.skyscanner.com.tr/arac-kiralama-yeri/arac-kiralama-yeri-rodos/27546162.html",
    "candidate": "https://www.skyscanner.com.tr/arac-kiralama-yeri/arac-kiralama-yeri-rodos/27546162.html"
  },
  {
    "text": "Şu anda mevcut en düşük fiyat ₺1.594 seviyesindedir, yıllık ortalama ise ₺2.749 civarındadır.",
    "issue": "The currency symbol for prices in Stuttgart, Germany, is incorrectly shown as Turkish Lira (₺) instead of Euros (€).",
    "type_of_issue": "Accuracy",
    "solution": "Replace the Turkish Lira symbol (₺) with the Euro symbol (€) to match the local currency of Germany.",
    "updated_sentence": "Şu anda mevcut en düşük fiyat €1.594 seviyesindedir, yıllık ortalama ise €2.749 civarındadır.",
    "severity": "Major",
    "score_deduction": 3,
    "source_file": "2026-2027-tr-car-hire-city-07.docx",
    "url": "https://www.skyscanner.com.tr/arac-kiralama-yeri/arac-kiralama-yeri-stuttgart/27546291.html",
    "candidate": "https://www.skyscanner.com.tr/arac-kiralama-yeri/arac-kiralama-yeri-stuttgart/27546291.html"
  },
  {
    "text": "Hertz üzerinden manuel vitesli bir seçenek günlük ₺1.725 başlangıç fiyatıyla sunulmaktadır.",
    "issue": "The currency symbol ₺ (Turkish Lira) is incorrect for the location (Paris) and should be € (Euro). This pattern repeats in the following two sentences.",
    "type_of_issue": "Accuracy",
    "solution": "Change the currency symbol from ₺ to € in all price mentions to match the location.",
    "updated_sentence": "Hertz üzerinden manuel vitesli bir seçenek günlük €1.725 başlangıç fiyatıyla sunulmaktadır.",
    "severity": "Major",
    "score_deduction": 3,
    "source_file": "2026-2027-tr-car-hire-city-07.docx",
    "url": "https://www.skyscanner.com.tr/arac-kiralama-yeri/arac-kiralama-yeri-paris/27539733.html",
    "candidate": "https://www.skyscanner.com.tr/arac-kiralama-yeri/arac-kiralama-yeri-paris/27539733.html"
  },
  {
    "text": "En iyi fiyatı yakalamak isteyen yolcuların, aracı seyahatten 1 haftadan az bir süre önce rezerve etmeleri önerilmektedir.",
    "issue": "An unnecessary comma is placed after 'yolcuların', which incorrectly separates the possessor from the possessed verbal noun ('yolcuların... etmeleri') and disrupts the grammatical structure.",
    "type_of_issue": "Punctuation/Spelling/Typos",
    "solution": "Remove the comma after 'yolcuların' to connect the possessor correctly with the verbal noun phrase.",
    "updated_sentence": "En iyi fiyatı yakalamak isteyen yolcuların aracı seyahatten 1 haftadan az bir süre önce rezerve etmeleri önerilmektedir.",
    "severity": "Minor",
    "score_deduction": 1,
    "source_file": "2026-2027-tr-car-hire-city-07.docx",
    "url": "https://www.skyscanner.com.tr/arac-kiralama-yeri/arac-kiralama-yeri-isparta/27542897.html",
    "candidate": "https://www.skyscanner.com.tr/arac-kiralama-yeri/arac-kiralama-yeri-isparta/27542897.html"
  },
  {
    "text": "Araç kiralamak için asgari yaş 21'dir; 25 yaş altındaki sürücüler için birçok sağlayıcı ek genç sürücü ücreti uygular. Standart otomobiller için asgari sürüş yaşı 18'dir.",
    "issue": "The text contains a direct internal contradiction, stating the minimum age for renting a car is 21 and then stating the minimum driving age for standard cars is 18.",
    "type_of_issue": "Accuracy",
    "solution": "Remove the second, contradictory sentence ('Standart otomobiller için asgari sürüş yaşı 18'dir.') to resolve the conflict and provide clear, consistent information.",
    "updated_sentence": "Araç kiralamak için asgari yaş 21'dir; 25 yaş altındaki sürücüler için birçok sağlayıcı ek genç sürücü ücreti uygular.",
    "severity": "Major",
    "score_deduction": 3,
    "source_file": "2026-2027-tr-car-hire-city-07.docx",
    "url": "https://www.skyscanner.com.tr/arac-kiralama-yeri/arac-kiralama-yeri-isparta/27542897.html",
    "candidate": "https://www.skyscanner.com.tr/arac-kiralama-yeri/arac-kiralama-yeri-isparta/27542897.html"
  },
  {
    "text": "Latin alfabesiyle yazılmamış veya fotoğraflı kimlik içermeyen belgeler için Uluslararası Sürücü Belgesi de gereklidir.",
    "issue": "The clause 'veya fotoğraflı kimlik içermeyen belgeler' (or for documents that do not contain a photo ID) is confusing and illogical, as the primary documents required are inherently photo IDs.",
    "type_of_issue": "Accuracy",
    "solution": "Rephrase the sentence to clearly state that an International Driving Permit is required if the driver's license is not in the Latin alphabet, removing the confusing condition.",
    "updated_sentence": "Sürücü belgesi Latin alfabesiyle yazılmamışsa Uluslararası Sürücü Belgesi de gereklidir.",
    "severity": "Major",
    "score_deduction": 3,
    "source_file": "2026-2027-tr-car-hire-city-07.docx",
    "url": "https://www.skyscanner.com.tr/arac-kiralama-yeri/arac-kiralama-yeri-isparta/27542897.html",
    "candidate": "https://www.skyscanner.com.tr/arac-kiralama-yeri/arac-kiralama-yeri-isparta/27542897.html"
  },
  {
    "text": "Uygun bir fiyat yakalamak isteyen sürücülerin, planladıkları seyahat tarihinden 4 hafta öncesi rezervasyon yapmaları önerilir.",
    "issue": "The word 'öncesi' is used incorrectly; the correct adverbial form in this context is 'önce'.",
    "type_of_issue": "Grammar",
    "solution": "Change 'öncesi' to 'önce' for grammatical correctness.",
    "updated_sentence": "Uygun bir fiyat yakalamak isteyen sürücülerin, planladıkları seyahat tarihinden 4 hafta önce rezervasyon yapmaları önerilir.",
    "severity": "Minor",
    "score_deduction": 1,
    "source_file": "2026-2027-tr-car-hire-city-07.docx",
    "url": "https://www.skyscanner.com.tr/arac-kiralama-yeri/arac-kiralama-yeri-serik/37926362.html",
    "candidate": "https://www.skyscanner.com.tr/arac-kiralama-yeri/arac-kiralama-yeri-serik/37926362.html"
  },
  {
    "text": "Araç kiralamak için minimum yaş 21 olup, 25 yaşın altındaki sürücüler için birçok sağlayıcı genç sürücü ek ücreti uygular. Standart araçları sürmek için asgari yaş 18'dir.",
    "issue": "The text states the minimum rental age is 21, but then immediately states the minimum age for driving standard cars is 18, creating an internal contradiction that confuses user eligibility.",
    "type_of_issue": "Accuracy",
    "solution": "Remove the conflicting sentence about the general driving age of 18 to ensure the information about the minimum rental age is clear and unambiguous.",
    "updated_sentence": "Araç kiralamak için minimum yaş 21 olup, 25 yaşın altındaki sürücüler için birçok sağlayıcı genç sürücü ek ücreti uygular.",
    "severity": "Major",
    "score_deduction": 3,
    "source_file": "2026-2027-tr-car-hire-city-07.docx",
    "url": "https://www.skyscanner.com.tr/arac-kiralama-yeri/arac-kiralama-yeri-serik/37926362.html",
    "candidate": "https://www.skyscanner.com.tr/arac-kiralama-yeri/arac-kiralama-yeri-serik/37926362.html"
  },
  {
    "text": "En iyi fiyatı yakalamak için rezervasyonunuzu seyahatinizden 1 haftadan az bir süre önce yapmanız yeterlidir. Bu esneklik, planlarınızı son dakikaya bırakmanıza olanak tanır.",
    "issue": "The text provides potentially harmful financial advice by suggesting that booking less than a week in advance is optimal for price, which is generally incorrect for car rentals and could mislead users into paying more.",
    "type_of_issue": "Accuracy",
    "solution": "Replace the misleading statement with general, safe advice about booking in advance.",
    "updated_sentence": "En iyi fiyatı yakalamak için rezervasyonunuzu seyahatinizden bir süre önce yapmanız önerilir.",
    "severity": "Major",
    "score_deduction": 3,
    "source_file": "2026-2027-tr-car-hire-city-07.docx",
    "url": "https://www.skyscanner.com.tr/arac-kiralama-yeri/arac-kiralama-yeri-belek/37858365.html",
    "candidate": "https://www.skyscanner.com.tr/arac-kiralama-yeri/arac-kiralama-yeri-belek/37858365.html"
  },
  {
    "text": "Araç kiralamak için asgari yaş 21'dir ve 25 yaş altındaki sürücüler için birçok sağlayıcı genç sürücü ek ücreti uygulamaktadır. Standart otomobiller için asgari sürüş yaşı 18'dir.",
    "issue": "The text creates an internal contradiction by stating the minimum car rental age is 21, immediately followed by a sentence stating the minimum driving age for standard cars is 18, which is confusing and misleading in a rental context.",
    "type_of_issue": "Accuracy",
    "solution": "Remove the sentence stating the minimum driving age is 18 to eliminate the contradiction and provide clear information on the rental age.",
    "updated_sentence": "Araç kiralamak için asgari yaş 21'dir ve 25 yaş altındaki sürücüler için birçok sağlayıcı genç sürücü ek ücreti uygulamaktadır.",
    "severity": "Major",
    "score_deduction": 3,
    "source_file": "2026-2027-tr-car-hire-city-07.docx",
    "url": "https://www.skyscanner.com.tr/arac-kiralama-yeri/arac-kiralama-yeri-belek/37858365.html",
    "candidate": "https://www.skyscanner.com.tr/arac-kiralama-yeri/arac-kiralama-yeri-belek/37858365.html"
  },
  {
    "text": "En iyi fiyatı yakalamak için rezervasyonunuzu seyahat tarihinizden 3 hafta öncesi yapmanız önerilir.",
    "issue": "The word 'öncesi' is used incorrectly with the ablative case '-den'. The correct adverb is 'önce'.",
    "type_of_issue": "Grammar",
    "solution": "Change 'öncesi' to 'önce' to form a grammatically correct temporal phrase.",
    "updated_sentence": "En iyi fiyatı yakalamak için rezervasyonunuzu seyahat tarihinizden 3 hafta önce yapmanız önerilir.",
    "severity": "Minor",
    "score_deduction": 1,
    "source_file": "2026-2027-tr-car-hire-city-07.docx",
    "url": "https://www.skyscanner.com.tr/arac-kiralama-yeri/arac-kiralama-yeri-ortaca/38080863.html",
    "candidate": "https://www.skyscanner.com.tr/arac-kiralama-yeri/arac-kiralama-yeri-ortaca/38080863.html"
  },
  {
    "text": "Ortaca'da en çok tercih edilen araç Ford C-Max Energi olup, konforlu ve pratik yapısıyla paranızın karşılığını vermesi bu tercihin nedenidir.",
    "issue": "The sentence is a run-on with a complex structure that negatively impacts readability.",
    "type_of_issue": "Style",
    "solution": "Split the sentence into two separate, clearer sentences to improve readability and flow.",
    "updated_sentence": "Ortaca'da en çok tercih edilen araç Ford C-Max Energi'dir. Bu aracın tercih edilmesinin nedeni, konforlu ve pratik yapısıyla paranızın karşılığını vermesidir.",
    "severity": "Minor",
    "score_deduction": 1,
    "source_file": "2026-2027-tr-car-hire-city-07.docx",
    "url": "https://www.skyscanner.com.tr/arac-kiralama-yeri/arac-kiralama-yeri-ortaca/38080863.html",
    "candidate": "https://www.skyscanner.com.tr/arac-kiralama-yeri/arac-kiralama-yeri-ortaca/38080863.html"
  },
  {
    "text": "Alternatifler arasında farklı seçenekler bulunur.",
    "issue": "The sentence is tautological, using two words with very similar meanings ('Alternatifler' and 'seçenekler'), which is redundant.",
    "type_of_issue": "Style",
    "solution": "Remove the redundant term to make the sentence more concise.",
    "updated_sentence": "Farklı alternatifler de bulunur.",
    "severity": "Minor",
    "score_deduction": 1,
    "source_file": "2026-2027-tr-car-hire-city-07.docx",
    "url": "https://www.skyscanner.com.tr/arac-kiralama-yeri/arac-kiralama-yeri-ortaca/38080863.html",
    "candidate": "https://www.skyscanner.com.tr/arac-kiralama-yeri/arac-kiralama-yeri-ortaca/38080863.html"
  },
  {
    "text": "Latin alfabesiyle basılmamış ya da fotoğraflı kimlik içermeyen ehliyetler için Uluslararası Sürücü Belgesi de gereklidir.",
    "issue": "The sentence inaccurately states that an International Driving Permit is required for licenses that lack a photo ID, which is incorrect and could mislead users.",
    "type_of_issue": "Accuracy",
    "solution": "Remove the incorrect condition related to photo IDs; the permit is required only for licenses not printed in the Latin alphabet.",
    "updated_sentence": "Latin alfabesiyle basılmamış ehliyetler için Uluslararası Sürücü Belgesi de gereklidir.",
    "severity": "Major",
    "score_deduction": 3,
    "source_file": "2026-2027-tr-car-hire-city-07.docx",
    "url": "https://www.skyscanner.com.tr/arac-kiralama-yeri/arac-kiralama-yeri-s%c4%b1rnak/44578363.html",
    "candidate": "https://www.skyscanner.com.tr/arac-kiralama-yeri/arac-kiralama-yeri-s%c4%b1rnak/44578363.html"
  },
  {
    "text": "Rezervasyon tarihini ve seyahat dönemini planlarken bu figürleri göz önünde bulundurmanız, bütçenize uygun bir seçenek belirlemenize yardımcı olur.",
    "issue": "The word 'figürleri' is an unidiomatic and slightly ambiguous choice for 'numbers' or 'figures' in this financial context.",
    "type_of_issue": "Style",
    "solution": "Replace 'figürleri' with the more natural and precise term 'rakamları'.",
    "updated_sentence": "Rezervasyon tarihini ve seyahat dönemini planlarken bu rakamları göz önünde bulundurmanız, bütçenize uygun bir seçenek belirlemenize yardımcı olur.",
    "severity": "Minor",
    "score_deduction": 1,
    "source_file": "2026-2027-tr-car-hire-city-07.docx",
    "url": "https://www.skyscanner.com.tr/arac-kiralama-yeri/arac-kiralama-yeri-girne/31469404.html",
    "candidate": "https://www.skyscanner.com.tr/arac-kiralama-yeri/arac-kiralama-yeri-girne/31469404.html"
  },
  {
    "text": "Köln'de araç kiralama fiyatları başlangıç noktası olarak ₺1.838 seviyesinden başlıyor.",
    "issue": "The price for a service in Germany (a Eurozone country) is shown in Turkish Lira (₺) without indicating it is a converted estimate. This can mislead users, as the final transaction will be in Euros (€). The pattern repeats for the second price in the text.",
    "type_of_issue": "Accuracy",
    "solution": "Add the word 'yaklaşık' (approximately) before both TRY price figures to clarify they are converted estimates and not the final transaction amounts.",
    "updated_sentence": "Köln'de araç kiralama fiyatları başlangıç noktası olarak yaklaşık ₺1.838 seviyesinden başlıyor.",
    "severity": "Major",
    "score_deduction": 3,
    "source_file": "2026-2027-tr-car-hire-city-08.docx",
    "url": "https://www.skyscanner.com.tr/arac-kiralama-yeri/arac-kiralama-yeri-koln/34235350.html",
    "candidate": "https://www.skyscanner.com.tr/arac-kiralama-yeri/arac-kiralama-yeri-koln/34235350.html"
  },
  {
    "text": "Köln'de en çok tercih edilen araç Volkswagen Polo'dur; küçük, pratik ve park etmesi kolay olması bu tercihin nedenidir. Manuel vitesli Volkswagen Polo, Flex To Go üzerinden günlük ₺1.960 başlangıç fiyatıyla sunulmaktadır. Daha uygun bir seçenek arayanlar için Enterprise'ın manuel vitesli SEAT Arona modeli günlük ₺1.838'den başlar. Alternatif olarak Flex To Go'nun manuel vitesli Toyota Aygo aracı günlük ₺1.887 başlangıç fiyatıyla değerlendirilebilir. Farklı boyut ve fiyat aralıkları, şehir içi kullanım ile bagaj kapasitesi ihtiyacına göre seçim yapmanıza olanak tanır.",
    "issue": "The paragraph combines an introduction, a list of specific car rental examples, and a conclusion into a single block of text, which harms scannability.",
    "type_of_issue": "Style",
    "solution": "Split the paragraph into three smaller paragraphs to separate the introductory sentence, the list of examples, and the concluding sentence for better readability.",
    "updated_sentence": "Köln'de en çok tercih edilen araç Volkswagen Polo'dur; küçük, pratik ve park etmesi kolay olması bu tercihin nedenidir.\n\nManuel vitesli Volkswagen Polo, Flex To Go üzerinden günlük ₺1.960 başlangıç fiyatıyla sunulmaktadır. Daha uygun bir seçenek arayanlar için Enterprise'ın manuel vitesli SEAT Arona modeli günlük ₺1.838'den başlar. Alternatif olarak Flex To Go'nun manuel vitesli Toyota Aygo aracı günlük ₺1.887 başlangıç fiyatıyla değerlendirilebilir.\n\nFarklı boyut ve fiyat aralıkları, şehir içi kullanım ile bagaj kapasitesi ihtiyacına göre seçim yapmanıza olanak tanır.",
    "severity": "Minor",
    "score_deduction": 1,
    "source_file": "2026-2027-tr-car-hire-city-08.docx",
    "url": "https://www.skyscanner.com.tr/arac-kiralama-yeri/arac-kiralama-yeri-koln/34235350.html",
    "candidate": "https://www.skyscanner.com.tr/arac-kiralama-yeri/arac-kiralama-yeri-koln/34235350.html"
  },
  {
    "text": "Düseldorf Uluslararası Havaalanı da bölgede ek bir alternatif oluşturur.",
    "issue": "The city name \"Düsseldorf\" is misspelled as \"Düseldorf\".",
    "type_of_issue": "Punctuation/Spelling/Typos",
    "solution": "Correct the spelling of the city name to \"Düsseldorf\".",
    "updated_sentence": "Düsseldorf Uluslararası Havaalanı da bölgede ek bir alternatif oluşturur.",
    "severity": "Minor",
    "score_deduction": 1,
    "source_file": "2026-2027-tr-car-hire-city-08.docx",
    "url": "https://www.skyscanner.com.tr/arac-kiralama-yeri/arac-kiralama-yeri-koln/34235350.html",
    "candidate": "https://www.skyscanner.com.tr/arac-kiralama-yeri/arac-kiralama-yeri-koln/34235350.html"
  },
  {
    "text": "Uygun bir fiyat yakalamak için aracınızı seyahatten 3 hafta öncesi ayırtmanız öneriliyor.",
    "issue": "The possessive form 'öncesi' is used incorrectly where the adverb 'önce' is required for the time expression.",
    "type_of_issue": "Grammar",
    "solution": "Replace 'öncesi' with the correct adverbial form 'önce'.",
    "updated_sentence": "Uygun bir fiyat yakalamak için aracınızı seyahatten 3 hafta önce ayırtmanız öneriliyor.",
    "severity": "Minor",
    "score_deduction": 1,
    "source_file": "2026-2027-tr-car-hire-city-08.docx",
    "url": "https://www.skyscanner.com.tr/arac-kiralama-yeri/arac-kiralama-yeri-dusseldorf/27540831.html",
    "candidate": "https://www.skyscanner.com.tr/arac-kiralama-yeri/arac-kiralama-yeri-dusseldorf/27540831.html"
  },
  {
    "text": "Hertz'in Fiat 500 aracı manuel vites ile günlük ₺1.184 başlangıç fiyatıyla sunulur. Yine Hertz üzerinden Opel Corsa, manuel vites ile günlük ₺1.322 fiyattan kiralanabilir. Otomatik vites tercih edenler için Wheego'nun Audi A4 modeli günlük ₺2.628 başlangıç fiyatıyla yer alır.",
    "issue": "The currency symbol is incorrect for the location; Turkish Lira (₺) is used for prices in Düsseldorf, Germany, which uses the Euro (€). This pattern repeats for all prices mentioned.",
    "type_of_issue": "Accuracy",
    "solution": "Change the currency symbol from Turkish Lira (₺) to Euro (€) for all prices.",
    "updated_sentence": "Hertz'in Fiat 500 aracı manuel vites ile günlük €1.184 başlangıç fiyatıyla sunulur. Yine Hertz üzerinden Opel Corsa, manuel vites ile günlük €1.322 fiyattan kiralanabilir. Otomatik vites tercih edenler için Wheego'nun Audi A4 modeli günlük €2.628 başlangıç fiyatıyla yer alır.",
    "severity": "Major",
    "score_deduction": 3,
    "source_file": "2026-2027-tr-car-hire-city-08.docx",
    "url": "https://www.skyscanner.com.tr/arac-kiralama-yeri/arac-kiralama-yeri-dusseldorf/27540831.html",
    "candidate": "https://www.skyscanner.com.tr/arac-kiralama-yeri/arac-kiralama-yeri-dusseldorf/27540831.html"
  },
  {
    "text": "Priştine'de araç kiralamak için en düşük fiyat ₺1.871 seviyesinden başlamaktadır. Yıllık ortalama fiyat ise ₺2.235 olarak kayıtlara geçmiştir. Eylül ayı, kiralama için en uygun fiyatların görüldüğü dönemdir. Bu nedenle seyahatinizi bu aya denk getirmek bütçenizi olumlu etkileyebilir. Daha iyi bir fiyat elde etmek isteyenler için rezervasyonu seyahatten 4 hafta öncesi yapmak uygun bir zamanlamadır. Farklı sağlayıcıların ve araç modellerinin fiyatlarını karşılaştırarak ihtiyacınıza uygun seçeneği belirleyebilirsiniz. Erken planlama, uygun fiyatlı bir araç bulma olasılığını artırmaktadır.",
    "issue": "The paragraph combines multiple distinct topics (pricing data, best month, booking advice) into a single block of text, which harms scannability.",
    "type_of_issue": "Style",
    "solution": "Split the paragraph into two to improve readability, with the first part focusing on pricing and the best month, and the second on booking strategy.",
    "updated_sentence": "Priştine'de araç kiralamak için en düşük fiyat ₺1.871 seviyesinden başlamaktadır. Yıllık ortalama fiyat ise ₺2.235 olarak kayıtlara geçmiştir. Eylül ayı, kiralama için en uygun fiyatların görüldüğü dönemdir. Bu nedenle seyahatinizi bu aya denk getirmek bütçenizi olumlu etkileyebilir.\n\nDaha iyi bir fiyat elde etmek isteyenler için rezervasyonu seyahatten 4 hafta öncesi yapmak uygun bir zamanlamadır. Farklı sağlayıcıların ve araç modellerinin fiyatlarını karşılaştırarak ihtiyacınıza uygun seçeneği belirleyebilirsiniz. Erken planlama, uygun fiyatlı bir araç bulma olasılığını artırmaktadır.",
    "severity": "Minor",
    "score_deduction": 1,
    "source_file": "2026-2027-tr-car-hire-city-08.docx",
    "url": "https://www.skyscanner.com.tr/arac-kiralama-yeri/arac-kiralama-yeri-pristine/39647260.html",
    "candidate": "https://www.skyscanner.com.tr/arac-kiralama-yeri/arac-kiralama-yeri-pristine/39647260.html"
  },
  {
    "text": "Bütçesini önceliklendiren sürücüler için Alamo, Citroen C3 modelini manuel vitesle ₺1.871 günlük başlangıç fiyatıyla sunar.",
    "issue": "The currency symbol is incorrect for the location (Pristina). The text uses Turkish Lira (₺), but the official currency is the Euro (€). This pattern repeats in subsequent sentences.",
    "type_of_issue": "Accuracy",
    "solution": "Replace the Turkish Lira symbol (₺) with the Euro symbol (€) in all prices to reflect the correct local currency.",
    "updated_sentence": "Bütçesini önceliklendiren sürücüler için Alamo, Citroen C3 modelini manuel vitesle €1.871 günlük başlangıç fiyatıyla sunar.",
    "severity": "Major",
    "score_deduction": 3,
    "source_file": "2026-2027-tr-car-hire-city-08.docx",
    "url": "https://www.skyscanner.com.tr/arac-kiralama-yeri/arac-kiralama-yeri-pristine/39647260.html",
    "candidate": "https://www.skyscanner.com.tr/arac-kiralama-yeri/arac-kiralama-yeri-pristine/39647260.html"
  },
  {
    "text": "Araç kiralamak için asgari yaş 21'dir; 25 yaşın altındaki sürücülere birçok sağlayıcı ek genç sürücü ücreti uygular. Asgari sürüş yaşı 18'dir.",
    "issue": "The text states the minimum rental age is 21 and immediately follows with the minimum driving age being 18. This juxtaposition without context could confuse the user about the actual age requirement for renting a car.",
    "type_of_issue": "Style",
    "solution": "Restructure the sentences to clarify that the legal driving age and the provider's minimum rental age are two separate requirements, preventing potential misunderstanding.",
    "updated_sentence": "Ülkede yasal sürüş yaşı 18 olsa da araç kiralamak için asgari yaş 21'dir. Ayrıca birçok sağlayıcı, 25 yaşın altındaki sürücülere ek genç sürücü ücreti uygular.",
    "severity": "Minor",
    "score_deduction": 1,
    "source_file": "2026-2027-tr-car-hire-city-08.docx",
    "url": "https://www.skyscanner.com.tr/arac-kiralama-yeri/arac-kiralama-yeri-pristine/39647260.html",
    "candidate": "https://www.skyscanner.com.tr/arac-kiralama-yeri/arac-kiralama-yeri-pristine/39647260.html"
  },
  {
    "text": "Münih'te araç kiralama fiyatları yıllık ortalama ₺2.426 seviyesindedir. Şu anda mevcut en düşük fiyat ₺1.323'tür. Ekim ayı, araç kiralamak için genellikle en uygun dönemdir. En iyi fiyatları yakalamak isteyen yolcuların kalkıştan 1 haftadan az bir süre önce rezervasyon yapması önerilir. Farklı sağlayıcıları ve araç modellerini karşılaştırarak bütçenize uygun seçeneği belirleyebilirsiniz. Tarihlerinizde esneklik sağlamak ve Ekim ayını değerlendirmek, toplam maliyeti düşürmenize yardımcı olur.",
    "issue": "The single paragraph combines multiple distinct ideas (price statistics and booking advice), which impairs scannability and readability.",
    "type_of_issue": "Style",
    "solution": "Split the text into two separate paragraphs to distinguish the factual price information from the actionable tips for users.",
    "updated_sentence": "Münih'te araç kiralama fiyatları yıllık ortalama ₺2.426 seviyesindedir. Şu anda mevcut en düşük fiyat ₺1.323'tür. Ekim ayı, araç kiralamak için genellikle en uygun dönemdir.\n\nEn iyi fiyatları yakalamak isteyen yolcuların kalkıştan 1 haftadan az bir süre önce rezervasyon yapması önerilir. Farklı sağlayıcıları ve araç modellerini karşılaştırarak bütçenize uygun seçeneği belirleyebilirsiniz. Tarihlerinizde esneklik sağlamak ve Ekim ayını değerlendirmek, toplam maliyeti düşürmenize yardımcı olur.",
    "severity": "Minor",
    "score_deduction": 1,
    "source_file": "2026-2027-tr-car-hire-city-08.docx",
    "url": "https://www.skyscanner.com.tr/arac-kiralama-yeri/arac-kiralama-yeri-munih/27545034.html",
    "candidate": "https://www.skyscanner.com.tr/arac-kiralama-yeri/arac-kiralama-yeri-munih/27545034.html"
  },
  {
    "text": "Manuel vitesli araçları değerlendirenler için Flex To Go, Peugeot 408 modelini günlük ₺1.323 başlangıç fiyatıyla sunmaktadır.",
    "issue": "Incorrect currency symbol used for Munich. Prices are listed in Turkish Lira (₺) instead of Euros (€). This pattern repeats for all prices in the text.",
    "type_of_issue": "Accuracy",
    "solution": "Change the currency symbol from ₺ to € in all prices to match the local currency for Munich.",
    "updated_sentence": "Manuel vitesli araçları değerlendirenler için Flex To Go, Peugeot 408 modelini günlük €1.323 başlangıç fiyatıyla sunmaktadır.",
    "severity": "Major",
    "score_deduction": 3,
    "source_file": "2026-2027-tr-car-hire-city-08.docx",
    "url": "https://www.skyscanner.com.tr/arac-kiralama-yeri/arac-kiralama-yeri-munih/27545034.html",
    "candidate": "https://www.skyscanner.com.tr/arac-kiralama-yeri/arac-kiralama-yeri-munih/27545034.html"
  },
  {
    "text": "Havaalanından yapılan teslim alma işlemleri, şehir merkezindeki bölgelere kıyasla genellikle daha uygun fiyatlıdır.",
    "issue": "The word 'Havaalanından' is a shortened reference to the specific proper noun 'Münih Havaalanı' mentioned in the first sentence and requires an apostrophe before the case suffix.",
    "type_of_issue": "Punctuation/Spelling/Typos",
    "solution": "Add an apostrophe before the suffix '-ndan' to correctly punctuate the shortened proper noun.",
    "updated_sentence": "Havaalanı'ndan yapılan teslim alma işlemleri, şehir merkezindeki bölgelere kıyasla genellikle daha uygun fiyatlıdır.",
    "severity": "Minor",
    "score_deduction": 1,
    "source_file": "2026-2027-tr-car-hire-city-08.docx",
    "url": "https://www.skyscanner.com.tr/arac-kiralama-yeri/arac-kiralama-yeri-munih/27545034.html",
    "candidate": "https://www.skyscanner.com.tr/arac-kiralama-yeri/arac-kiralama-yeri-munih/27545034.html"
  },
  {
    "text": "Kiralama işlemi için geçerli bir pasaport ya da ulusal kimlik ile sürücü belgesi gerekmektedir.",
    "issue": "The sentence structure creates a logical ambiguity. It can be interpreted as \"(passport) OR (national ID with a driver's license)\", incorrectly suggesting a driver's license might not be needed if a passport is shown.",
    "type_of_issue": "Accuracy",
    "solution": "Restructure the sentence to clarify that a driver's license is always required, in addition to either a passport or a national ID. The correct logic is \"(passport OR national ID) AND (driver's license)\".",
    "updated_sentence": "Kiralama işlemi için geçerli bir sürücü belgesi ile pasaport ya da ulusal kimlik gerekmektedir.",
    "severity": "Major",
    "score_deduction": 3,
    "source_file": "2026-2027-tr-car-hire-city-08.docx",
    "url": "https://www.skyscanner.com.tr/arac-kiralama-yeri/arac-kiralama-yeri-munih/27545034.html",
    "candidate": "https://www.skyscanner.com.tr/arac-kiralama-yeri/arac-kiralama-yeri-munih/27545034.html"
  },
  {
    "text": "Bu modeli U-Save üzerinden manuel vitesli olarak ₺2.666 günlük başlangıç fiyatıyla kiralayabilirsiniz.",
    "issue": "The currency symbol is incorrect for the location. The text uses Turkish Lira (₺) for prices in Podgorica, Montenegro, where the official currency is the Euro (€). This pattern repeats for all prices.",
    "type_of_issue": "Accuracy",
    "solution": "Change the currency symbol from Turkish Lira (₺) to Euro (€) to reflect the correct local currency.",
    "updated_sentence": "Bu modeli U-Save üzerinden manuel vitesli olarak €2.666 günlük başlangıç fiyatıyla kiralayabilirsiniz.",
    "severity": "Major",
    "score_deduction": 3,
    "source_file": "2026-2027-tr-car-hire-city-08.docx",
    "url": "https://www.skyscanner.com.tr/arac-kiralama-yeri/arac-kiralama-yeri-podgorica/27547166.html",
    "candidate": "https://www.skyscanner.com.tr/arac-kiralama-yeri/arac-kiralama-yeri-podgorica/27547166.html"
  },
  {
    "text": "Şehir merkezine yakın bir alternatif isteyenler ise Podgorica Rail Station üzerinden aracını teslim alabilir; bu konum tren istasyonuna yakınlığıyla toplu taşımayla ulaşımı kolaylaştırır.",
    "issue": "The verb ('alabilir') is in the singular form, while its human subject ('isteyenler') is plural, creating a grammatical inconsistency.",
    "type_of_issue": "Grammar",
    "solution": "Change the verb to its plural form 'alabilirler' to correctly agree with the plural subject 'isteyenler'.",
    "updated_sentence": "Şehir merkezine yakın bir alternatif isteyenler ise Podgorica Rail Station üzerinden aracını teslim alabilirler; bu konum tren istasyonuna yakınlığıyla toplu taşımayla ulaşımı kolaylaştırır.",
    "severity": "Minor",
    "score_deduction": 1,
    "source_file": "2026-2027-tr-car-hire-city-08.docx",
    "url": "https://www.skyscanner.com.tr/arac-kiralama-yeri/arac-kiralama-yeri-podgorica/27547166.html",
    "candidate": "https://www.skyscanner.com.tr/arac-kiralama-yeri/arac-kiralama-yeri-podgorica/27547166.html"
  },
  {
    "text": "Karadağ'da trafik yolun sağ tarafından akar. Otoyollarda hız sınırı 130 km/h, ekspres yollarda 100 km/h olarak belirlenmiştir. Şehirlerarası yollarda 80 km/h, diğer yollarda ise 50 km/h geçerlidir. Ülkedeki yolların büyük bölümü ücretsizdir. Sozina Tüneli ve Bar-Boljare otoyolu gibi belirli tesislerde ücretli geçişler uygulanır. Bu geçişlerde ödemeler, görevlilerin bulunduğu bariyerli gişelerde nakit veya kartla yapılabilir. Farklı yol tipleri arasında geçiş yaparken hız sınırlarına dikkat etmeniz ve gişeli bölümlerde ödeme yöntemini önceden hazırlamanız yolculuğunuzu kolaylaştırır.",
    "issue": "A single paragraph combines multiple distinct ideas (traffic side, speed limits, toll roads, and payment methods), which negatively impacts readability and scannability.",
    "type_of_issue": "Style",
    "solution": "Split the text into separate, focused paragraphs to improve structure and make the information easier to scan.",
    "updated_sentence": "Karadağ'da trafik yolun sağ tarafından akar. Otoyollarda hız sınırı 130 km/h, ekspres yollarda 100 km/h olarak belirlenmiştir. Şehirlerarası yollarda 80 km/h, diğer yollarda ise 50 km/h geçerlidir.\n\nÜlkedeki yolların büyük bölümü ücretsizdir. Sozina Tüneli ve Bar-Boljare otoyolu gibi belirli tesislerde ücretli geçişler uygulanır. Bu geçişlerde ödemeler, görevlilerin bulunduğu bariyerli gişelerde nakit veya kartla yapılabilir.\n\nFarklı yol tipleri arasında geçiş yaparken hız sınırlarına dikkat etmeniz ve gişeli bölümlerde ödeme yöntemini önceden hazırlamanız yolculuğunuzu kolaylaştırır.",
    "severity": "Minor",
    "score_deduction": 1,
    "source_file": "2026-2027-tr-car-hire-city-08.docx",
    "url": "https://www.skyscanner.com.tr/arac-kiralama-yeri/arac-kiralama-yeri-podgorica/27547166.html",
    "candidate": "https://www.skyscanner.com.tr/arac-kiralama-yeri/arac-kiralama-yeri-podgorica/27547166.html"
  },
  {
    "text": "En iyi fiyata ulaşmak için rezervasyonunuzu seyahatinizden 1 haftadan az bir süre önce yapmanız uygun olur.",
    "issue": "The advice to book 'less than 1 week' before the trip for the best price is illogical and likely a mistranslation of 'at least 1 week', which could mislead the user into paying more.",
    "type_of_issue": "Accuracy",
    "solution": "Change '1 haftadan az' (less than 1 week) to 'en az 1 hafta' (at least 1 week) to provide logical and actionable advice.",
    "updated_sentence": "En iyi fiyata ulaşmak için rezervasyonunuzu seyahatinizden en az 1 hafta önce yapmanız uygun olur.",
    "severity": "Major",
    "score_deduction": 3,
    "source_file": "2026-2027-tr-car-hire-city-08.docx",
    "url": "https://www.skyscanner.com.tr/arac-kiralama-yeri/arac-kiralama-yeri-frankfurt/27541706.html",
    "candidate": "https://www.skyscanner.com.tr/arac-kiralama-yeri/arac-kiralama-yeri-frankfurt/27541706.html"
  },
  {
    "text": "Otomatik vitesli seçenekler arasında Wheego, günlük ₺1.421 başlangıç fiyatıyla dikkat çeker. Benzer bir alternatif olarak Sixt, otomatik vitesli araçlarını günlük ₺1.481 fiyatından sunar. Sınırsız kilometre imkanı arıyorsanız, Dollar'ın otomatik vitesli seçeneği günlük ₺1.777 başlangıç fiyatıyla değerlendirilebilir.",
    "issue": "The currency is incorrectly shown in Turkish Lira (₺) for car rentals in Frankfurt, Germany, where the correct currency is the Euro (€).",
    "type_of_issue": "Accuracy",
    "solution": "Replace the Turkish Lira symbol (₺) with the Euro symbol (€) for all prices.",
    "updated_sentence": "Otomatik vitesli seçenekler arasında Wheego, günlük €1.421 başlangıç fiyatıyla dikkat çeker. Benzer bir alternatif olarak Sixt, otomatik vitesli araçlarını günlük €1.481 fiyatından sunar. Sınırsız kilometre imkanı arıyorsanız, Dollar'ın otomatik vitesli seçeneği günlük €1.777 başlangıç fiyatıyla değerlendirilebilir.",
    "severity": "Major",
    "score_deduction": 3,
    "source_file": "2026-2027-tr-car-hire-city-08.docx",
    "url": "https://www.skyscanner.com.tr/arac-kiralama-yeri/arac-kiralama-yeri-frankfurt/27541706.html",
    "candidate": "https://www.skyscanner.com.tr/arac-kiralama-yeri/arac-kiralama-yeri-frankfurt/27541706.html"
  },
  {
    "text": "Havaalanından yapılan teslim alma işlemleri, fiyat açısından şehir merkezindeki noktalarla büyük ölçüde benzerlik gösterir.",
    "issue": "The word 'Havaalanından' is a shortened reference to the proper noun 'Frankfurt Havaalanı' mentioned previously and requires an apostrophe before the suffix.",
    "type_of_issue": "Punctuation/Spelling/Typos",
    "solution": "Add an apostrophe after 'Havaalanı' to correctly separate the proper noun reference from its suffix, making it 'Havaalanı'ndan'.",
    "updated_sentence": "Havaalanı'ndan yapılan teslim alma işlemleri, fiyat açısından şehir merkezindeki noktalarla büyük ölçüde benzerlik gösterir.",
    "severity": "Minor",
    "score_deduction": 1,
    "source_file": "2026-2027-tr-car-hire-city-08.docx",
    "url": "https://www.skyscanner.com.tr/arac-kiralama-yeri/arac-kiralama-yeri-frankfurt/27541706.html",
    "candidate": "https://www.skyscanner.com.tr/arac-kiralama-yeri/arac-kiralama-yeri-frankfurt/27541706.html"
  },
  {
    "text": "Farklı tarihleri ve sağlayıcıları karşılaştırarak bütçenize uygun bir seçenek belirleyebilir, Kasım ayındaki fiyat avantajından yararlanabilirsiniz.",
    "issue": "The verb conjugations are inconsistent within the same sentence; the first verb is in the third-person singular ('-ebilir') while the second is in the second-person formal plural ('-ebilirsiniz'), violating subject-verb agreement.",
    "type_of_issue": "Grammar",
    "solution": "Change 'belirleyebilir' to 'belirleyebilirsiniz' to match the second-person formal plural ('Siz') register used in the second half of the sentence.",
    "updated_sentence": "Farklı tarihleri ve sağlayıcıları karşılaştırarak bütçenize uygun bir seçenek belirleyebilirsiniz, Kasım ayındaki fiyat avantajından yararlanabilirsiniz.",
    "severity": "Minor",
    "score_deduction": 1,
    "source_file": "2026-2027-tr-car-hire-city-08.docx",
    "url": "https://www.skyscanner.com.tr/arac-kiralama-yeri/arac-kiralama-yeri-barselona/27548283.html",
    "candidate": "https://www.skyscanner.com.tr/arac-kiralama-yeri/arac-kiralama-yeri-barselona/27548283.html"
  },
  {
    "text": "Kompakt bir seçenek arayanlar için NIZACARS, manuel vitesli Toyota Aygo'yu günlük ₺389 başlangıç fiyatıyla sunar.",
    "issue": "The currency symbol used (₺ for Turkish Lira) is incorrect for the location (Barcelona, Spain), where the Euro (€) is the official currency. This pattern repeats for all prices in the text.",
    "type_of_issue": "Accuracy",
    "solution": "Replace the Turkish Lira symbol (₺) with the Euro symbol (€) for all prices mentioned.",
    "updated_sentence": "Kompakt bir seçenek arayanlar için NIZACARS, manuel vitesli Toyota Aygo'yu günlük €389 başlangıç fiyatıyla sunar.",
    "severity": "Major",
    "score_deduction": 3,
    "source_file": "2026-2027-tr-car-hire-city-08.docx",
    "url": "https://www.skyscanner.com.tr/arac-kiralama-yeri/arac-kiralama-yeri-barselona/27548283.html",
    "candidate": "https://www.skyscanner.com.tr/arac-kiralama-yeri/arac-kiralama-yeri-barselona/27548283.html"
  },
  {
    "text": "Marsilya'da araç kiralama fiyatları şu anda ₺1.992'den başlıyor ve yıllık ortalama ₺2.256 seviyesinde bulunuyor.",
    "issue": "The currency symbol used is Turkish Lira (₺), but the content is for Marseille, France, where the official currency is the Euro (€).",
    "type_of_issue": "Accuracy",
    "solution": "Replace the Turkish Lira symbol (₺) with the Euro symbol (€) to reflect the correct currency for the location.",
    "updated_sentence": "Marsilya'da araç kiralama fiyatları şu anda 1.992 €'dan başlıyor ve yıllık ortalama 2.256 € seviyesinde bulunuyor.",
    "severity": "Major",
    "score_deduction": 3,
    "source_file": "2026-2027-tr-car-hire-city-08.docx",
    "url": "https://www.skyscanner.com.tr/arac-kiralama-yeri/arac-kiralama-yeri-marsilya/32030366.html",
    "candidate": "https://www.skyscanner.com.tr/arac-kiralama-yeri/arac-kiralama-yeri-marsilya/32030366.html"
  },
  {
    "text": "En iyi fiyatı yakalamak için rezervasyonunuzu seyahatinizden 1 haftadan az bir süre önce yapmanız öneriliyor.",
    "issue": "The text advises booking 'less than 1 week before' the trip, which is counter-intuitive and a likely mistranslation of the standard advice to book 'at least 1 week before'. This fundamentally changes the meaning.",
    "type_of_issue": "Accuracy",
    "solution": "Change the phrase '1 haftadan az bir süre önce' (less than 1 week before) to 'en az 1 hafta önce' (at least 1 week before) to provide accurate advice.",
    "updated_sentence": "En iyi fiyatı yakalamak için rezervasyonunuzu seyahatinizden en az 1 hafta önce yapmanız öneriliyor.",
    "severity": "Major",
    "score_deduction": 3,
    "source_file": "2026-2027-tr-car-hire-city-08.docx",
    "url": "https://www.skyscanner.com.tr/arac-kiralama-yeri/arac-kiralama-yeri-marsilya/32030366.html",
    "candidate": "https://www.skyscanner.com.tr/arac-kiralama-yeri/arac-kiralama-yeri-marsilya/32030366.html"
  },
  {
    "text": "Nice'te araç kiralamak için en düşük fiyat ₺2.208 seviyesinde bulunuyor. Yıllık ortalama fiyat ise ₺2.394 olarak kaydedildi.",
    "issue": "The currency symbol is incorrect; Turkish Lira (₺) is used for a price in Nice, France, where the currency is the Euro (€).",
    "type_of_issue": "Accuracy",
    "solution": "Replace the Turkish Lira symbol (₺) with the Euro symbol (€) in both instances.",
    "updated_sentence": "Nice'te araç kiralamak için en düşük fiyat €2.208 seviyesinde bulunuyor. Yıllık ortalama fiyat ise €2.394 olarak kaydedildi.",
    "severity": "Major",
    "score_deduction": 3,
    "source_file": "2026-2027-tr-car-hire-city-08.docx",
    "url": "https://www.skyscanner.com.tr/arac-kiralama-yeri/arac-kiralama-yeri-nice/27545091.html",
    "candidate": "https://www.skyscanner.com.tr/arac-kiralama-yeri/arac-kiralama-yeri-nice/27545091.html"
  },
  {
    "text": "Fiyat avantajından yararlanmak isteyenler için rezervasyonu seyahatten 4 hafta öncesi yapmak uygun bir seçenek sunuyor.",
    "issue": "The time adverb 'önce' (before) is incorrectly used with a possessive suffix ('öncesi') where the simple adverbial form is required.",
    "type_of_issue": "Grammar",
    "solution": "Change 'öncesi' to 'önce' for the correct grammatical construction.",
    "updated_sentence": "Fiyat avantajından yararlanmak isteyenler için rezervasyonu seyahatten 4 hafta önce yapmak uygun bir seçenek sunuyor.",
    "severity": "Minor",
    "score_deduction": 1,
    "source_file": "2026-2027-tr-car-hire-city-09.docx",
    "url": "https://www.skyscanner.com.tr/arac-kiralama-yeri/arac-kiralama-yeri-belgrad/27538720.html",
    "candidate": "https://www.skyscanner.com.tr/arac-kiralama-yeri/arac-kiralama-yeri-belgrad/27538720.html"
  },
  {
    "text": "Goldcar üzerinden manuel vitesli Lancia Ypsilon, günlük ₺1.432 başlangıç fiyatıyla listelenir.",
    "issue": "The currency symbol for Turkish Lira (₺) is incorrectly used for prices in Belgrade, Serbia. The correct currency is Serbian Dinar (RSD). This pattern repeats for all prices mentioned.",
    "type_of_issue": "Accuracy",
    "solution": "Replace the Turkish Lira symbol (₺) with the Serbian Dinar currency code (RSD) in all instances.",
    "updated_sentence": "Goldcar üzerinden manuel vitesli Lancia Ypsilon, günlük 1.432 RSD başlangıç fiyatıyla listelenir.",
    "severity": "Major",
    "score_deduction": 3,
    "source_file": "2026-2027-tr-car-hire-city-09.docx",
    "url": "https://www.skyscanner.com.tr/arac-kiralama-yeri/arac-kiralama-yeri-belgrad/27538720.html",
    "candidate": "https://www.skyscanner.com.tr/arac-kiralama-yeri/arac-kiralama-yeri-belgrad/27538720.html"
  },
  {
    "text": "Sırbistan'da trafik yolun sağ tarafından akar. Otoyollarda hız sınırı 130 km/h, ekspres yollarda 100 km/h olarak belirlenmiştir. Şehirlerarası yollarda azami hız 80 km/h, yerleşim yerlerindeki diğer yollarda ise 50 km/h'dir. Ülkedeki otoyollarda geçiş ücreti uygulanır. Bu ücretler, nakit ve kart kabul eden görevli gişelerde ödenebilir. Ekspres yollarda ise elektronik geçiş (ENC) etiketi sistemi giderek yaygınlaşmaktadır. Yolculuk planınıza göre uygun ödeme yöntemini önceden hazırlamanız, gişelerden geçişi kolaylaştırır. Hız sınırlarına yol tipine göre dikkat etmeniz gerekir.",
    "issue": "The single paragraph combines two distinct topics (speed limits and road tolls) and misplaces concluding advice, which harms scannability and logical flow.",
    "type_of_issue": "Style",
    "solution": "Split the text into two separate paragraphs, one for speed limits and one for tolls. Move the summary sentence for each topic to the end of its respective paragraph.",
    "updated_sentence": "Sırbistan'da trafik yolun sağ tarafından akar. Otoyollarda hız sınırı 130 km/h, ekspres yollarda 100 km/h olarak belirlenmiştir. Şehirlerarası yollarda azami hız 80 km/h, yerleşim yerlerindeki diğer yollarda ise 50 km/h'dir. Hız sınırlarına yol tipine göre dikkat etmeniz gerekir.\n\nÜlkedeki otoyollarda geçiş ücreti uygulanır. Bu ücretler, nakit ve kart kabul eden görevli gişelerde ödenebilir. Ekspres yollarda ise elektronik geçiş (ENC) etiketi sistemi giderek yaygınlaşmaktadır. Yolculuk planınıza göre uygun ödeme yöntemini önceden hazırlamanız, gişelerden geçişi kolaylaştırır.",
    "severity": "Minor",
    "score_deduction": 1,
    "source_file": "2026-2027-tr-car-hire-city-09.docx",
    "url": "https://www.skyscanner.com.tr/arac-kiralama-yeri/arac-kiralama-yeri-belgrad/27538720.html",
    "candidate": "https://www.skyscanner.com.tr/arac-kiralama-yeri/arac-kiralama-yeri-belgrad/27538720.html"
  },
  {
    "text": "Batum'da kiralık aracınızı Batum Havaalanı'ndan teslim alabilirsiniz. Şehir merkezine yakın bir alternatif arıyorsanız, Old Batumi çevresinde de teslim seçenekleri bulunmaktadır. Havaalanından yapılan teslim alma işlemleri, şehir merkezindeki noktalara kıyasla genellikle biraz daha yüksek fiyatlıdır. Uçuş sonrası doğrudan yola çıkmayı planlayanlar için havaalanı konumu pratik bir seçenek sunar. Şehir merkezindeki noktalar ise konaklama bölgelerine yakınlık açısından tercih edilebilir. İki bölge arasındaki günlük başlangıç fiyatları arasındaki fark ise oldukça sınırlı kalmaktadır.",
    "issue": "The single paragraph combines multiple distinct ideas (locations, pros/cons, and price differences), which makes the text dense and difficult to scan for web readers.",
    "type_of_issue": "Style",
    "solution": "Split the text into three separate, focused paragraphs to improve readability and scannability, with each paragraph addressing a single topic.",
    "updated_sentence": "Batum'da kiralık aracınızı Batum Havaalanı'ndan teslim alabilirsiniz. Şehir merkezine yakın bir alternatif arıyorsanız, Old Batumi çevresinde de teslim seçenekleri bulunmaktadır.\n\nHavaalanından yapılan teslim alma işlemleri, şehir merkezindeki noktalara kıyasla genellikle biraz daha yüksek fiyatlıdır. Uçuş sonrası doğrudan yola çıkmayı planlayanlar için havaalanı konumu pratik bir seçenek sunar. Şehir merkezindeki noktalar ise konaklama bölgelerine yakınlık açısından tercih edilebilir.\n\nİki bölge arasındaki günlük başlangıç fiyatları arasındaki fark ise oldukça sınırlı kalmaktadır.",
    "severity": "Minor",
    "score_deduction": 1,
    "source_file": "2026-2027-tr-car-hire-city-09.docx",
    "url": "https://www.skyscanner.com.tr/arac-kiralama-yeri/arac-kiralama-yeri-batum/27539614.html",
    "candidate": "https://www.skyscanner.com.tr/arac-kiralama-yeri/arac-kiralama-yeri-batum/27539614.html"
  },
  {
    "text": "Daha geniş bagaj hacmine ihtiyaç duymayan yolcular ise Avis'in otomatik vitesli seçeneğini ₺2.234 günlük başlangıç fiyatıyla değerlendirebilir.",
    "issue": "The sentence presents a logically flawed recommendation, suggesting a more expensive option (₺2.234) for travelers who explicitly need less luggage space, which contradicts the cheaper options presented earlier and misleads the user.",
    "type_of_issue": "Accuracy",
    "solution": "Change 'duymayan' (not needing) to 'duyan' (needing) to create a logical scenario where a higher price corresponds to a need for more luggage space.",
    "updated_sentence": "Daha geniş bagaj hacmine ihtiyaç duyan yolcular ise Avis'in otomatik vitesli seçeneğini ₺2.234 günlük başlangıç fiyatıyla değerlendirebilir.",
    "severity": "Major",
    "score_deduction": 3,
    "source_file": "2026-2027-tr-car-hire-city-09.docx",
    "url": "https://www.skyscanner.com.tr/arac-kiralama-yeri/arac-kiralama-yeri-new-york/27537542.html",
    "candidate": "https://www.skyscanner.com.tr/arac-kiralama-yeri/arac-kiralama-yeri-new-york/27537542.html"
  },
  {
    "text": "New York'ta araç kiralama hizmeti veren altı sağlayıcı bulunmaktadır. Bunlar arasında Budget, Avis ve Sixt öne çıkar; Budget en çok tercih edilen sağlayıcıdır. Araç kiralamak için asgari yaş 21'dir, ancak birçok sağlayıcı 25 yaş altındaki sürücüler için genç sürücü ek ücreti uygular. Asgari sürüş yaşı 18'dir. Kiralama işlemi için geçerli bir pasaport veya kimlik belgesi ile sürücü belgesi gereklidir. Belgeniz İngilizce veya Latin alfabesiyle yazılmamışsa, ayrıca Uluslararası Sürüş İzni istenir; çoğu Batı ülkesi belgesi izin gerektirmeden kabul edilir.",
    "issue": "The single paragraph combines three distinct topics (providers, age requirements, and document requirements), making the text dense and difficult to scan.",
    "type_of_issue": "Style",
    "solution": "Split the content into three separate, focused paragraphs to improve readability and scannability, with each paragraph covering a single topic.",
    "updated_sentence": "New York'ta araç kiralama hizmeti veren altı sağlayıcı bulunmaktadır. Bunlar arasında Budget, Avis ve Sixt öne çıkar; Budget en çok tercih edilen sağlayıcıdır.\n\nAraç kiralamak için asgari yaş 21'dir, ancak birçok sağlayıcı 25 yaş altındaki sürücüler için genç sürücü ek ücreti uygular. Asgari sürüş yaşı 18'dir.\n\nKiralama işlemi için geçerli bir pasaport veya kimlik belgesi ile sürücü belgesi gereklidir. Belgeniz İngilizce veya Latin alfabesiyle yazılmamışsa, ayrıca Uluslararası Sürüş İzni istenir; çoğu Batı ülkesi belgesi izin gerektirmeden kabul edilir.",
    "severity": "Minor",
    "score_deduction": 1,
    "source_file": "2026-2027-tr-car-hire-city-09.docx",
    "url": "https://www.skyscanner.com.tr/arac-kiralama-yeri/arac-kiralama-yeri-new-york/27537542.html",
    "candidate": "https://www.skyscanner.com.tr/arac-kiralama-yeri/arac-kiralama-yeri-new-york/27537542.html"
  },
  {
    "text": "Otoyollarda ve ekspres yollarda hız sınırı 70 km/h olarak belirlenmiştir. Kırsal yollarda bu sınır 90 km/h'ye çıkarken, diğer yollarda 40 km/h olarak uygulanır.",
    "issue": "Speed limits are incorrectly presented only in km/h. In the USA, speed limits are posted in miles per hour (mph), which makes the provided information factually incorrect for drivers.",
    "type_of_issue": "Accuracy",
    "solution": "Correct the units to show mph as the primary unit of measurement, as seen on US road signs, and provide the km/h conversion in parentheses for user reference.",
    "updated_sentence": "Otoyollarda ve ekspres yollarda hız sınırı 70 mil/saat (yaklaşık 113 km/saat) olarak belirlenmiştir. Kırsal yollarda bu sınır 55 mil/saat'e (yaklaşık 90 km/saat) çıkarken, diğer yollarda 25 mil/saat (yaklaşık 40 km/saat) olarak uygulanır.",
    "severity": "Major",
    "score_deduction": 3,
    "source_file": "2026-2027-tr-car-hire-city-09.docx",
    "url": "https://www.skyscanner.com.tr/arac-kiralama-yeri/arac-kiralama-yeri-new-york/27537542.html",
    "candidate": "https://www.skyscanner.com.tr/arac-kiralama-yeri/arac-kiralama-yeri-new-york/27537542.html"
  },
  {
    "text": "Şu anda bulunabilecek en düşük fiyat ₺411 seviyesindedir, yıllık ortalama fiyat ise ₺3.106 olarak kaydedilmiştir.",
    "issue": "The currency symbol is incorrect for the location. The text refers to Madrid (Spain), which uses the Euro (€), but the Turkish Lira (₺) symbol is used instead.",
    "type_of_issue": "Accuracy",
    "solution": "Replace the Turkish Lira symbol (₺) with the Euro symbol (€) to reflect the correct currency for Madrid.",
    "updated_sentence": "Şu anda bulunabilecek en düşük fiyat €411 seviyesindedir, yıllık ortalama fiyat ise €3.106 olarak kaydedilmiştir.",
    "severity": "Major",
    "score_deduction": 3,
    "source_file": "2026-2027-tr-car-hire-city-09.docx",
    "url": "https://www.skyscanner.com.tr/arac-kiralama-yeri/arac-kiralama-yeri-madrid/27544850.html",
    "candidate": "https://www.skyscanner.com.tr/arac-kiralama-yeri/arac-kiralama-yeri-madrid/27544850.html"
  },
  {
    "text": "Daha düşük fiyatlara ulaşmak isteyenler için rezervasyonun seyahatten 3 hafta öncesi yapılması önerilir.",
    "issue": "The word 'öncesi' includes a redundant and grammatically incorrect possessive suffix (-si) in this context. The correct adverbial form is 'önce'.",
    "type_of_issue": "Grammar",
    "solution": "Remove the possessive suffix from 'öncesi', changing it to 'önce' for correct grammar.",
    "updated_sentence": "Daha düşük fiyatlara ulaşmak isteyenler için rezervasyonun seyahatten 3 hafta önce yapılması önerilir.",
    "severity": "Minor",
    "score_deduction": 1,
    "source_file": "2026-2027-tr-car-hire-city-09.docx",
    "url": "https://www.skyscanner.com.tr/arac-kiralama-yeri/arac-kiralama-yeri-madrid/27544850.html",
    "candidate": "https://www.skyscanner.com.tr/arac-kiralama-yeri/arac-kiralama-yeri-madrid/27544850.html"
  },
  {
    "text": "Sixt üzerinden otomatik vitesli bir araç günlük ₺411 başlangıç fiyatıyla sunulur.",
    "issue": "The currency symbol is incorrect for the location; Turkish Lira (₺) is used for prices in Madrid, Spain, instead of the Euro (€). This pattern repeats for all prices in the paragraph.",
    "type_of_issue": "Accuracy",
    "solution": "Replace all instances of the Turkish Lira symbol (₺) with the Euro symbol (€).",
    "updated_sentence": "Sixt üzerinden otomatik vitesli bir araç günlük €411 başlangıç fiyatıyla sunulur.",
    "severity": "Major",
    "score_deduction": 3,
    "source_file": "2026-2027-tr-car-hire-city-09.docx",
    "url": "https://www.skyscanner.com.tr/arac-kiralama-yeri/arac-kiralama-yeri-madrid/27544850.html",
    "candidate": "https://www.skyscanner.com.tr/arac-kiralama-yeri/arac-kiralama-yeri-madrid/27544850.html"
  },
  {
    "text": "Havaalanından yapılan teslim alma işlemleri, şehir merkezindeki bazı bölgelere kıyasla daha uygun günlük başlangıç fiyatlarıyla sunuluyor.",
    "issue": "The proper noun 'Havaalanı', referring to the specific Madrid Airport mentioned in the previous sentence, is missing the mandatory apostrophe before the case suffix.",
    "type_of_issue": "Punctuation/Spelling/Typos",
    "solution": "Add an apostrophe after 'Havaalanı' to correctly separate the proper noun from the suffix, changing it to 'Havaalanı'ndan'.",
    "updated_sentence": "Havaalanı'ndan yapılan teslim alma işlemleri, şehir merkezindeki bazı bölgelere kıyasla daha uygun günlük başlangıç fiyatlarıyla sunuluyor.",
    "severity": "Minor",
    "score_deduction": 1,
    "source_file": "2026-2027-tr-car-hire-city-09.docx",
    "url": "https://www.skyscanner.com.tr/arac-kiralama-yeri/arac-kiralama-yeri-madrid/27544850.html",
    "candidate": "https://www.skyscanner.com.tr/arac-kiralama-yeri/arac-kiralama-yeri-madrid/27544850.html"
  },
  {
    "text": "Click and Rent ve Keddy By Europcar da öne çıkan diğer seçenekler arasında yer almaktadır.",
    "issue": "The brand name 'Keddy By Europcar' is incorrectly capitalized; the preposition 'By' should be in lowercase.",
    "type_of_issue": "Compliance",
    "solution": "Change 'By' to 'by' to align with the official brand name casing.",
    "updated_sentence": "Click and Rent ve Keddy by Europcar da öne çıkan diğer seçenekler arasında yer almaktadır.",
    "severity": "Minor",
    "score_deduction": 1,
    "source_file": "2026-2027-tr-car-hire-city-09.docx",
    "url": "https://www.skyscanner.com.tr/arac-kiralama-yeri/arac-kiralama-yeri-madrid/27544850.html",
    "candidate": "https://www.skyscanner.com.tr/arac-kiralama-yeri/arac-kiralama-yeri-madrid/27544850.html"
  },
  {
    "text": "İspanya'da trafik yolun sağ tarafından akar. Otoyollarda hız sınırı 120 km/h olarak belirlenmiştir. Ekspres yollarda bu sınır 100 km/h, kırsal yollarda 90 km/h ve diğer yollarda 50 km/h şeklindedir. Ülkede ücretli yollar kullanımdadır. Yalnızca AP veya peaje işaretli belirli \"autopista\" otoyollarında ücret alınır. Ödemeler nakit, kart veya Via-T transponderi ile yapılabilir. Otoyol dışındaki otovía yollarının ve ulusal yolların büyük bölümü ücretsizdir. Sürüş sırasında bu hız sınırlarına ve yol işaretlerine dikkat etmeniz gerekmektedir.",
    "issue": "The single paragraph contains multiple distinct topics (general rules, speed limits, toll roads), which harms readability and scannability.",
    "type_of_issue": "Style",
    "solution": "Split the text into smaller, topically-focused paragraphs to improve readability.",
    "updated_sentence": "İspanya'da trafik yolun sağ tarafından akar. Otoyollarda hız sınırı 120 km/h olarak belirlenmiştir. Ekspres yollarda bu sınır 100 km/h, kırsal yollarda 90 km/h ve diğer yollarda 50 km/h şeklindedir.\n\nÜlkede ücretli yollar kullanımdadır. Yalnızca AP veya peaje işaretli belirli \"autopista\" otoyollarında ücret alınır. Ödemeler nakit, kart veya Via-T transponderi ile yapılabilir. Otoyol dışındaki otovía yollarının ve ulusal yolların büyük bölümü ücretsizdir.\n\nSürüş sırasında bu hız sınırlarına ve yol işaretlerine dikkat etmeniz gerekmektedir.",
    "severity": "Minor",
    "score_deduction": 1,
    "source_file": "2026-2027-tr-car-hire-city-09.docx",
    "url": "https://www.skyscanner.com.tr/arac-kiralama-yeri/arac-kiralama-yeri-madrid/27544850.html",
    "candidate": "https://www.skyscanner.com.tr/arac-kiralama-yeri/arac-kiralama-yeri-madrid/27544850.html"
  },
  {
    "text": "Mevcut en düşük fiyat ₺325 olup, yıllık ortalama fiyat ₺3.381 seviyesindedir.",
    "issue": "The currency for a London-based service is incorrectly shown in Turkish Lira (₺) instead of the local currency, British Pounds (£).",
    "type_of_issue": "Accuracy",
    "solution": "Replace the Turkish Lira symbol (₺) with the British Pound symbol (£) for both prices.",
    "updated_sentence": "Mevcut en düşük fiyat £325 olup, yıllık ortalama fiyat £3.381 seviyesindedir.",
    "severity": "Major",
    "score_deduction": 3,
    "source_file": "2026-2027-tr-car-hire-city-09.docx",
    "url": "https://www.skyscanner.com.tr/arac-kiralama-yeri/arac-kiralama-yeri-londra/27544008.html",
    "candidate": "https://www.skyscanner.com.tr/arac-kiralama-yeri/arac-kiralama-yeri-londra/27544008.html"
  },
  {
    "text": "Daha geniş bir seçenek arayanlar için Sixt üzerinden Peugeot 508, otomatik vitesle günlük ₺325 başlangıç fiyatıyla sunulmaktadır.",
    "issue": "The currency symbol is Turkish Lira (₺), which is incorrect for a service in London where Pounds Sterling (£) is the local currency. This error pattern repeats for all prices mentioned.",
    "type_of_issue": "Accuracy",
    "solution": "Change all instances of the Turkish Lira symbol (₺) to Pounds Sterling (£) to match the service's location.",
    "updated_sentence": "Daha geniş bir seçenek arayanlar için Sixt üzerinden Peugeot 508, otomatik vitesle günlük £325 başlangıç fiyatıyla sunulmaktadır.",
    "severity": "Major",
    "score_deduction": 3,
    "source_file": "2026-2027-tr-car-hire-city-09.docx",
    "url": "https://www.skyscanner.com.tr/arac-kiralama-yeri/arac-kiralama-yeri-londra/27544008.html",
    "candidate": "https://www.skyscanner.com.tr/arac-kiralama-yeri/arac-kiralama-yeri-londra/27544008.html"
  },
  {
    "text": "Otoyollarda ve ekspres yollarda hız sınırı 112 km/h olarak belirlenmiştir. Şehirlerarası yollarda sınır 96 km/h iken, diğer yollarda 32-48 km/h aralığında uygulanır.",
    "issue": "The speed limits are given only in the converted metric unit (km/h) and omit the original imperial unit (mph) used on UK road signs, which materially impairs usability. Additionally, the non-standard abbreviation \"km/h\" is used instead of the correct Turkish \"km/sa\".",
    "type_of_issue": "Compliance",
    "solution": "Add the original speed limits in mph in parentheses for context and change the unit abbreviation to the standard Turkish \"km/sa\" in all instances.",
    "updated_sentence": "Otoyollarda ve ekspres yollarda hız sınırı 112 km/sa (70 mil/sa) olarak belirlenmiştir. Şehirlerarası yollarda sınır 96 km/sa (60 mil/sa) iken, diğer yollarda 32-48 km/sa (20-30 mil/sa) aralığında uygulanır.",
    "severity": "Major",
    "score_deduction": 3,
    "source_file": "2026-2027-tr-car-hire-city-09.docx",
    "url": "https://www.skyscanner.com.tr/arac-kiralama-yeri/arac-kiralama-yeri-londra/27544008.html",
    "candidate": "https://www.skyscanner.com.tr/arac-kiralama-yeri/arac-kiralama-yeri-londra/27544008.html"
  },
  {
    "text": "Mekke'de araç kiralamak için en düşük fiyat ₺1.217 seviyesinden başlıyor, yıllık ortalama ise ₺1.596 olarak kaydediliyor. En uygun fiyatları genellikle Ağustos ayında bulmak mümkün. Bütçenize uygun bir seçenek yakalamak isteyenler için rezervasyon zamanlaması da önemli. Verilere göre, seyahat tarihinden 1 haftadan az bir süre önce yapılan rezervasyonlar en iyi fiyatları sunuyor. Farklı sağlayıcıların ve araç modellerinin fiyatlarını karşılaştırarak ihtiyaçlarınıza en uygun teklifi belirleyebilirsiniz. Ağustos ayı için erken plan yapmak, bütçenizi daha etkili yönetmenize yardımcı olabilir.",
    "issue": "The text provides contradictory advice, suggesting booking less than a week in advance offers the best prices, while the last sentence advises to 'plan early' for August.",
    "type_of_issue": "Accuracy",
    "solution": "Remove the final sentence to eliminate the logical contradiction regarding the best time to book.",
    "updated_sentence": "Mekke'de araç kiralamak için en düşük fiyat ₺1.217 seviyesinden başlıyor, yıllık ortalama ise ₺1.596 olarak kaydediliyor. En uygun fiyatları genellikle Ağustos ayında bulmak mümkün. Bütçenize uygun bir seçenek yakalamak isteyenler için rezervasyon zamanlaması da önemli. Verilere göre, seyahat tarihinden 1 haftadan az bir süre önce yapılan rezervasyonlar en iyi fiyatları sunuyor. Farklı sağlayıcıların ve araç modellerinin fiyatlarını karşılaştırarak ihtiyaçlarınıza en uygun teklifi belirleyebilirsiniz.",
    "severity": "Major",
    "score_deduction": 3,
    "source_file": "2026-2027-tr-car-hire-city-09.docx",
    "url": "https://www.skyscanner.com.tr/arac-kiralama-yeri/arac-kiralama-yeri-mekke/39670641.html",
    "candidate": "https://www.skyscanner.com.tr/arac-kiralama-yeri/arac-kiralama-yeri-mekke/39670641.html"
  },
  {
    "text": "Milano'da araç kiralamak için en düşük fiyat ₺548 seviyesinden başlıyor; yıllık ortalama ise ₺3.356 olarak kayıtlara geçiyor.",
    "issue": "The currency for a service in Milan, Italy is incorrectly shown as Turkish Lira (₺) instead of the local currency, Euro (€).",
    "type_of_issue": "Accuracy",
    "solution": "Change the currency symbol from ₺ to € and place it after the number, as is conventional for this currency in Turkish.",
    "updated_sentence": "Milano'da araç kiralamak için en düşük fiyat 548 € seviyesinden başlıyor; yıllık ortalama ise 3.356 € olarak kayıtlara geçiyor.",
    "severity": "Major",
    "score_deduction": 3,
    "source_file": "2026-2027-tr-car-hire-city-09.docx",
    "url": "https://www.skyscanner.com.tr/arac-kiralama-yeri/arac-kiralama-yeri-milano/27544068.html",
    "candidate": "https://www.skyscanner.com.tr/arac-kiralama-yeri/arac-kiralama-yeri-milano/27544068.html"
  },
  {
    "text": "Daha ekonomik bir seçenek arayanlar için U-Save, manuel vitesli bir aracı günlük ₺548 başlangıç fiyatıyla sunmaktadır.",
    "issue": "The currency symbol is incorrect for the location; Turkish Lira (₺) is used for a service in Milan, Italy, which uses the Euro (€). This error pattern repeats in subsequent sentences.",
    "type_of_issue": "Accuracy",
    "solution": "Change the currency symbol from Turkish Lira (₺) to Euro (€) to reflect the correct local currency for Milan.",
    "updated_sentence": "Daha ekonomik bir seçenek arayanlar için U-Save, manuel vitesli bir aracı günlük €548 başlangıç fiyatıyla sunmaktadır.",
    "severity": "Major",
    "score_deduction": 3,
    "source_file": "2026-2027-tr-car-hire-city-09.docx",
    "url": "https://www.skyscanner.com.tr/arac-kiralama-yeri/arac-kiralama-yeri-milano/27544068.html",
    "candidate": "https://www.skyscanner.com.tr/arac-kiralama-yeri/arac-kiralama-yeri-milano/27544068.html"
  },
  {
    "text": "Bunlar arasında en popüler seçenek Felirent olup, Galdieri Rent ve Target de tercih edilen sağlayıcılar arasında yer alır.",
    "issue": "An unnecessary comma is used after the verbal adverb 'olup', which is contrary to standard Turkish punctuation rules that advise against placing a comma after a single verbal adverb clause.",
    "type_of_issue": "Punctuation/Spelling/Typos",
    "solution": "Remove the comma following 'olup' to align with correct Turkish punctuation.",
    "updated_sentence": "Bunlar arasında en popüler seçenek Felirent olup Galdieri Rent ve Target de tercih edilen sağlayıcılar arasında yer alır.",
    "severity": "Minor",
    "score_deduction": 1,
    "source_file": "2026-2027-tr-car-hire-city-09.docx",
    "url": "https://www.skyscanner.com.tr/arac-kiralama-yeri/arac-kiralama-yeri-milano/27544068.html",
    "candidate": "https://www.skyscanner.com.tr/arac-kiralama-yeri/arac-kiralama-yeri-milano/27544068.html"
  },
  {
    "text": "Ücretsiz iptal seçeneği arayanlar için k10 rentacar tarafından sağlanan manuel vitesli Fiat Panda günlük ₺1.784 başlangıç fiyatıyla listelenmektedir.",
    "issue": "The brand name 'k10 rentacar' is not capitalized correctly as a proper noun.",
    "type_of_issue": "Compliance",
    "solution": "Capitalize the brand name to 'K10 rentacar' for correct presentation.",
    "updated_sentence": "Ücretsiz iptal seçeneği arayanlar için K10 rentacar tarafından sağlanan manuel vitesli Fiat Panda günlük ₺1.784 başlangıç fiyatıyla listelenmektedir.",
    "severity": "Minor",
    "score_deduction": 1,
    "source_file": "2026-2027-tr-car-hire-city-09.docx",
    "url": "https://www.skyscanner.com.tr/arac-kiralama-yeri/arac-kiralama-yeri-ibiza/27542788.html",
    "candidate": "https://www.skyscanner.com.tr/arac-kiralama-yeri/arac-kiralama-yeri-ibiza/27542788.html"
  },
  {
    "text": "Araç kiralamak için asgari yaş 21'dir; 25 yaşın altındaki sürücüler için birçok sağlayıcı genç sürücü ek ücreti uygular. Asgari sürüş yaşı ise 18'dir.",
    "issue": "The text states the minimum age to rent is 21, but then adds that the minimum driving age is 18. In the context of car rental requirements, this is confusing and potentially misleading for the user.",
    "type_of_issue": "Accuracy",
    "solution": "Remove the sentence about the general minimum driving age (18) as it is irrelevant to the rental context and conflicts with the stated minimum rental age (21), causing confusion.",
    "updated_sentence": "Araç kiralamak için asgari yaş 21'dir; 25 yaşın altındaki sürücüler için birçok sağlayıcı genç sürücü ek ücreti uygular.",
    "severity": "Major",
    "score_deduction": 3,
    "source_file": "2026-2027-tr-car-hire-city-09.docx",
    "url": "https://www.skyscanner.com.tr/arac-kiralama-yeri/arac-kiralama-yeri-ibiza/27542788.html",
    "candidate": "https://www.skyscanner.com.tr/arac-kiralama-yeri/arac-kiralama-yeri-ibiza/27542788.html"
  },
  {
    "text": "Araç kiralamak için asgari yaş 21'dir; 25 yaş altındaki sürücülere birçok sağlayıcı ek ücret uygular. Standart otomobilleri kullanmak için asgari sürücü yaşı 18'dir.",
    "issue": "The text presents two different minimum ages (21 to rent, 18 to drive) without clarification, which is confusing and misleading for rental eligibility.",
    "type_of_issue": "Accuracy",
    "solution": "Remove the contradictory information about the general driving age (18) to state the rental age requirement clearly.",
    "updated_sentence": "Araç kiralamak için asgari yaş 21'dir ve 25 yaş altındaki sürücülere birçok sağlayıcı ek ücret uygular.",
    "severity": "Major",
    "score_deduction": 3,
    "source_file": "2026-2027-tr-car-hire-city-09.docx",
    "url": "https://www.skyscanner.com.tr/arac-kiralama-yeri/arac-kiralama-yeri-gazipasa/44589832.html",
    "candidate": "https://www.skyscanner.com.tr/arac-kiralama-yeri/arac-kiralama-yeri-gazipasa/44589832.html"
  },
  {
    "text": "Gazipaşa'da araç kiralama için altı sağlayıcı bulunmaktadır. En popüler seçenek Alamo olup, Localrent ve Express Car Rental da öne çıkan sağlayıcılar arasında yer almaktadır. Araç kiralamak için asgari yaş 21'dir; 25 yaş altındaki sürücülere birçok sağlayıcı ek ücret uygular. Standart otomobilleri kullanmak için asgari sürücü yaşı 18'dir. Kiralama sırasında geçerli bir pasaport veya kimlik ile sürücü belgesi gereklidir. Latin alfabesiyle basılmamış veya fotoğraflı kimlik içermeyen belgeler için Uluslararası Sürücü Belgesi zorunludur ve çoğu sağlayıcı bunu Latin harfli belgelerde de talep eder.",
    "issue": "The paragraph combines three distinct topics (providers, age requirements, document requirements), making it dense and difficult to scan.",
    "type_of_issue": "Style",
    "solution": "Split the text into three separate paragraphs, one for each topic, to improve readability.",
    "updated_sentence": "Gazipaşa'da araç kiralama için altı sağlayıcı bulunmaktadır. En popüler seçenek Alamo olup, Localrent ve Express Car Rental da öne çıkan sağlayıcılar arasında yer almaktadır.\n\nAraç kiralamak için asgari yaş 21'dir ve 25 yaş altındaki sürücülere birçok sağlayıcı ek ücret uygular.\n\nKiralama sırasında geçerli bir pasaport veya kimlik ile sürücü belgesi gereklidir. Latin alfabesiyle basılmamış veya fotoğraflı kimlik içermeyen belgeler için Uluslararası Sürücü Belgesi zorunludur ve çoğu sağlayıcı bunu Latin harfli belgelerde de talep eder.",
    "severity": "Minor",
    "score_deduction": 1,
    "source_file": "2026-2027-tr-car-hire-city-09.docx",
    "url": "https://www.skyscanner.com.tr/arac-kiralama-yeri/arac-kiralama-yeri-gazipasa/44589832.html",
    "candidate": "https://www.skyscanner.com.tr/arac-kiralama-yeri/arac-kiralama-yeri-gazipasa/44589832.html"
  },
  {
    "text": "En iyi fiyatı yakalamak için rezervasyonunuzu seyahatinizden 2 hafta öncesi yapmanız önerilir.",
    "issue": "The word 'öncesi' is used incorrectly; the correct adverbial form is 'önce' in this context.",
    "type_of_issue": "Grammar",
    "solution": "Replace 'öncesi' with 'önce' for correct grammar.",
    "updated_sentence": "En iyi fiyatı yakalamak için rezervasyonunuzu seyahatinizden 2 hafta önce yapmanız önerilir.",
    "severity": "Minor",
    "score_deduction": 1,
    "source_file": "2026-2027-tr-car-hire-city-09.docx",
    "url": "https://www.skyscanner.com.tr/arac-kiralama-yeri/arac-kiralama-yeri-basel/33735926.html",
    "candidate": "https://www.skyscanner.com.tr/arac-kiralama-yeri/arac-kiralama-yeri-basel/33735926.html"
  },
  {
    "text": "Europcar üzerinden manuel Volkswagen Polo günlük ₺3.200 başlangıç fiyatıyla kiralanabilir.",
    "issue": "The currency is incorrectly stated as Turkish Lira (₺) for a service in Basel, Switzerland. The correct currency is Swiss Franc (CHF). This error pattern repeats for all prices mentioned.",
    "type_of_issue": "Accuracy",
    "solution": "Replace the ₺ symbol with 'CHF' before all price figures.",
    "updated_sentence": "Europcar üzerinden manuel Volkswagen Polo günlük CHF 3.200 başlangıç fiyatıyla kiralanabilir.",
    "severity": "Major",
    "score_deduction": 3,
    "source_file": "2026-2027-tr-car-hire-city-09.docx",
    "url": "https://www.skyscanner.com.tr/arac-kiralama-yeri/arac-kiralama-yeri-basel/33735926.html",
    "candidate": "https://www.skyscanner.com.tr/arac-kiralama-yeri/arac-kiralama-yeri-basel/33735926.html"
  },
  {
    "text": "Araç kiralamak için asgari yaş 21 olup, 25 yaş altındaki sürücüler için birçok sağlayıcı ek ücret uygular. Asgari sürüş yaşı 18'dir.",
    "issue": "The text presents two different age requirements (minimum rental age 21, minimum driving age 18) without context, creating a confusing internal contradiction for a user trying to rent a car.",
    "type_of_issue": "Accuracy",
    "solution": "Remove the sentence about the minimum driving age of 18, as it is irrelevant and misleading in the context of the car rental company's requirement of 21.",
    "updated_sentence": "Araç kiralamak için asgari yaş 21 olup, 25 yaş altındaki sürücüler için birçok sağlayıcı ek ücret uygular.",
    "severity": "Major",
    "score_deduction": 3,
    "source_file": "2026-2027-tr-car-hire-city-09.docx",
    "url": "https://www.skyscanner.com.tr/arac-kiralama-yeri/arac-kiralama-yeri-basel/33735926.html",
    "candidate": "https://www.skyscanner.com.tr/arac-kiralama-yeri/arac-kiralama-yeri-basel/33735926.html"
  },
  {
    "text": "Uygun fiyatlı bir anlaşma için rezervasyonunuzu seyahatinizden 4 hafta öncesi yapmanız önerilir.",
    "issue": "The noun form \"öncesi\" is used incorrectly in this adverbial phrase; the correct adverb is \"önce\".",
    "type_of_issue": "Grammar",
    "solution": "Replace \"öncesi\" with the grammatically correct adverb \"önce\".",
    "updated_sentence": "Uygun fiyatlı bir anlaşma için rezervasyonunuzu seyahatinizden 4 hafta önce yapmanız önerilir.",
    "severity": "Minor",
    "score_deduction": 1,
    "source_file": "2026-2027-tr-car-hire-city-10.docx",
    "url": "https://www.skyscanner.com.tr/arac-kiralama-yeri/arac-kiralama-yeri-salzburg/27547109.html",
    "candidate": "https://www.skyscanner.com.tr/arac-kiralama-yeri/arac-kiralama-yeri-salzburg/27547109.html"
  },
  {
    "text": "Bu model, Dryyve üzerinden manuel vitesli olarak günlük ₺3.081 başlangıç fiyatıyla sunulmaktadır.",
    "issue": "The currency symbol for Turkish Lira (₺) is incorrectly used for a location in the Eurozone (Salzburg, Austria). This error pattern repeats for all prices in the text.",
    "type_of_issue": "Accuracy",
    "solution": "Change the currency symbol from Turkish Lira (₺) to Euro (€) to match the local currency of Austria.",
    "updated_sentence": "Bu model, Dryyve üzerinden manuel vitesli olarak günlük €3.081 başlangıç fiyatıyla sunulmaktadır.",
    "severity": "Major",
    "score_deduction": 3,
    "source_file": "2026-2027-tr-car-hire-city-10.docx",
    "url": "https://www.skyscanner.com.tr/arac-kiralama-yeri/arac-kiralama-yeri-salzburg/27547109.html",
    "candidate": "https://www.skyscanner.com.tr/arac-kiralama-yeri/arac-kiralama-yeri-salzburg/27547109.html"
  },
  {
    "text": "Emrcar üzerinden manuel vitesli seçenekler ₺839 günlük fiyattan başlar.",
    "issue": "The currency symbol for Turkish Lira (₺) is used for a price in Baku, Azerbaijan. The correct local currency is the Azerbaijani Manat (₼). This error repeats for all prices in the text.",
    "type_of_issue": "Accuracy",
    "solution": "Replace the Turkish Lira symbol (₺) with the Azerbaijani Manat symbol (₼) for all prices.",
    "updated_sentence": "Emrcar üzerinden manuel vitesli seçenekler ₼839 günlük fiyattan başlar.",
    "severity": "Major",
    "score_deduction": 3,
    "source_file": "2026-2027-tr-car-hire-city-10.docx",
    "url": "https://www.skyscanner.com.tr/arac-kiralama-yeri/arac-kiralama-yeri-baku/27538528.html",
    "candidate": "https://www.skyscanner.com.tr/arac-kiralama-yeri/arac-kiralama-yeri-baku/27538528.html"
  },
  {
    "text": "Şehir dışına yönelen sürücüler ise Brussels South Charleroi Havaalanı veya Antwerp Deurne Havaalanı üzerinden araç teslim alabilir.",
    "issue": "The verb \"alabilir\" is in the singular form, but the subject \"sürücüler\" (drivers) is plural, creating a subject-verb agreement error.",
    "type_of_issue": "Grammar",
    "solution": "Change the verb to its plural form \"alabilirler\" to agree with the plural subject.",
    "updated_sentence": "Şehir dışına yönelen sürücüler ise Brussels South Charleroi Havaalanı veya Antwerp Deurne Havaalanı üzerinden araç teslim alabilirler.",
    "severity": "Minor",
    "score_deduction": 1,
    "source_file": "2026-2027-tr-car-hire-city-10.docx",
    "url": "https://www.skyscanner.com.tr/arac-kiralama-yeri/arac-kiralama-yeri-bruksel/27539565.html",
    "candidate": "https://www.skyscanner.com.tr/arac-kiralama-yeri/arac-kiralama-yeri-bruksel/27539565.html"
  },
  {
    "text": "En popüler seçenek Alamo olup, Keddy By Europcar ve Hertz de öne çıkan sağlayıcılar arasında yer almaktadır.",
    "issue": "The brand name \"Keddy by Europcar\" is incorrectly capitalized as \"Keddy By Europcar\".",
    "type_of_issue": "Compliance",
    "solution": "Change the casing of \"By\" to the correct lowercase form \"by\".",
    "updated_sentence": "En popüler seçenek Alamo olup, Keddy by Europcar ve Hertz de öne çıkan sağlayıcılar arasında yer almaktadır.",
    "severity": "Minor",
    "score_deduction": 1,
    "source_file": "2026-2027-tr-car-hire-city-10.docx",
    "url": "https://www.skyscanner.com.tr/arac-kiralama-yeri/arac-kiralama-yeri-bruksel/27539565.html",
    "candidate": "https://www.skyscanner.com.tr/arac-kiralama-yeri/arac-kiralama-yeri-bruksel/27539565.html"
  },
  {
    "text": "Centauro üzerinden manuel vitesli Fiat 500 için başlangıç fiyatı günlük ₺1.508 olarak yer alır. Yine Centauro'da manuel vitesli Opel Corsa günlük ₺1.530'dan başlar. Daha fazla bagaj kapasitesi gerektiren yolculuklar için Goldcar üzerinden manuel vitesli Nissan Qashqai günlük ₺1.793'ten temin edilebilir.",
    "issue": "The currency for car rentals in Athens, a Eurozone location, is incorrectly shown as Turkish Lira (₺) instead of the local currency, Euro (€). Pattern repeats for all prices.",
    "type_of_issue": "Accuracy",
    "solution": "Replace the Turkish Lira symbol (₺) with the Euro symbol (€) for all listed prices to match the service location.",
    "updated_sentence": "Centauro üzerinden manuel vitesli Fiat 500 için başlangıç fiyatı günlük €1.508 olarak yer alır. Yine Centauro'da manuel vitesli Opel Corsa günlük €1.530'dan başlar. Daha fazla bagaj kapasitesi gerektiren yolculuklar için Goldcar üzerinden manuel vitesli Nissan Qashqai günlük €1.793'ten temin edilebilir.",
    "severity": "Major",
    "score_deduction": 3,
    "source_file": "2026-2027-tr-car-hire-city-10.docx",
    "url": "https://www.skyscanner.com.tr/arac-kiralama-yeri/arac-kiralama-yeri-atina/27548174.html",
    "candidate": "https://www.skyscanner.com.tr/arac-kiralama-yeri/arac-kiralama-yeri-atina/27548174.html"
  },
  {
    "text": "En popüler seçenek united rent a car olurken, Green Motion ve Centauro da öne çıkan sağlayıcılar arasında yer alıyor.",
    "issue": "The brand name 'united rent a car' is not capitalized correctly as a proper noun.",
    "type_of_issue": "Compliance",
    "solution": "Capitalize the brand name 'United Rent a Car' to adhere to standard conventions for proper nouns.",
    "updated_sentence": "En popüler seçenek United Rent a Car olurken, Green Motion ve Centauro da öne çıkan sağlayıcılar arasında yer alıyor.",
    "severity": "Minor",
    "score_deduction": 1,
    "source_file": "2026-2027-tr-car-hire-city-10.docx",
    "url": "https://www.skyscanner.com.tr/arac-kiralama-yeri/arac-kiralama-yeri-atina/27548174.html",
    "candidate": "https://www.skyscanner.com.tr/arac-kiralama-yeri/arac-kiralama-yeri-atina/27548174.html"
  },
  {
    "text": "Şu anda en düşük fiyat ₺334 seviyesinde bulunuyor, yıllık ortalama fiyat ise ₺2.416 olarak kaydedildi.",
    "issue": "The Turkish Lira currency symbol (₺) is used for a service in Lisbon, which is in the Eurozone and uses the Euro (€).",
    "type_of_issue": "Accuracy",
    "solution": "Replace the Turkish Lira symbol (₺) with the Euro symbol (€) to reflect the correct local currency.",
    "updated_sentence": "Şu anda en düşük fiyat €334 seviyesinde bulunuyor, yıllık ortalama fiyat ise €2.416 olarak kaydedildi.",
    "severity": "Major",
    "score_deduction": 3,
    "source_file": "2026-2027-tr-car-hire-city-10.docx",
    "url": "https://www.skyscanner.com.tr/arac-kiralama-yeri/arac-kiralama-yeri-lizbon/27544072.html",
    "candidate": "https://www.skyscanner.com.tr/arac-kiralama-yeri/arac-kiralama-yeri-lizbon/27544072.html"
  },
  {
    "text": "En iyi fiyatı yakalamak için rezervasyonunuzu seyahatinizden 2 hafta öncesi yapmanız önerilir.",
    "issue": "The noun form \"öncesi\" is used where the adverb \"önce\" is grammatically required.",
    "type_of_issue": "Grammar",
    "solution": "Change \"öncesi\" to \"önce\" for correct adverbial usage.",
    "updated_sentence": "En iyi fiyatı yakalamak için rezervasyonunuzu seyahatinizden 2 hafta önce yapmanız önerilir.",
    "severity": "Minor",
    "score_deduction": 1,
    "source_file": "2026-2027-tr-car-hire-city-10.docx",
    "url": "https://www.skyscanner.com.tr/arac-kiralama-yeri/arac-kiralama-yeri-lizbon/27544072.html",
    "candidate": "https://www.skyscanner.com.tr/arac-kiralama-yeri/arac-kiralama-yeri-lizbon/27544072.html"
  },
  {
    "text": "Green Motion, günlük ₺334 başlangıç fiyatıyla manuel vitesli Fiat Panda sunar.",
    "issue": "Incorrect currency symbol used for a service in Lisbon. Turkish Lira (₺) is used instead of Euro (€). This pattern repeats for all prices in the paragraph.",
    "type_of_issue": "Accuracy",
    "solution": "Replace the Turkish Lira symbol (₺) with the Euro symbol (€) for all prices related to Lisbon.",
    "updated_sentence": "Green Motion, günlük €334 başlangıç fiyatıyla manuel vitesli Fiat Panda sunar.",
    "severity": "Major",
    "score_deduction": 3,
    "source_file": "2026-2027-tr-car-hire-city-10.docx",
    "url": "https://www.skyscanner.com.tr/arac-kiralama-yeri/arac-kiralama-yeri-lizbon/27544072.html",
    "candidate": "https://www.skyscanner.com.tr/arac-kiralama-yeri/arac-kiralama-yeri-lizbon/27544072.html"
  },
  {
    "text": "En iyi fiyatı yakalamak için rezervasyonunuzu seyahatinizden 3 hafta öncesi yapmanız öneriliyor.",
    "issue": "The temporal adverbial phrase is constructed incorrectly. The correct adverb is 'önce', not the noun form 'öncesi'.",
    "type_of_issue": "Grammar",
    "solution": "Change 'öncesi' to 'önce' to form a grammatically correct adverbial phrase of time.",
    "updated_sentence": "En iyi fiyatı yakalamak için rezervasyonunuzu seyahatinizden 3 hafta önce yapmanız öneriliyor.",
    "severity": "Minor",
    "score_deduction": 1,
    "source_file": "2026-2027-tr-car-hire-city-10.docx",
    "url": "https://www.skyscanner.com.tr/arac-kiralama-yeri/arac-kiralama-yeri-sak%c4%b1z/27542991.html",
    "candidate": "https://www.skyscanner.com.tr/arac-kiralama-yeri/arac-kiralama-yeri-sak%c4%b1z/27542991.html"
  },
  {
    "text": "Avance, manuel vitesli Kia Picanto'yu günlük ₺1.780 başlangıç fiyatıyla sunar.",
    "issue": "The currency symbol ₺ (Turkish Lira) is used for a location in Greece (Kos), which uses the Euro (€). This pattern repeats for all prices in the paragraph.",
    "type_of_issue": "Accuracy",
    "solution": "Replace the Turkish Lira symbol (₺) with the Euro symbol (€) and adjust its position according to Turkish conventions for Euro prices.",
    "updated_sentence": "Avance, manuel vitesli Kia Picanto'yu günlük 1.780 € başlangıç fiyatıyla sunar.",
    "severity": "Major",
    "score_deduction": 3,
    "source_file": "2026-2027-tr-car-hire-city-10.docx",
    "url": "https://www.skyscanner.com.tr/arac-kiralama-yeri/arac-kiralama-yeri-kos/27543836.html",
    "candidate": "https://www.skyscanner.com.tr/arac-kiralama-yeri/arac-kiralama-yeri-kos/27543836.html"
  },
  {
    "text": "En popüler seçenek Alma olup, öne çıkan diğer sağlayıcılar arasında Auto-Union ve Avance yer almaktadır.",
    "issue": "The brand name 'Auto Union' is incorrectly formatted with a hyphen.",
    "type_of_issue": "Compliance",
    "solution": "Remove the hyphen from 'Auto-Union' to reflect the correct brand name 'Auto Union'.",
    "updated_sentence": "En popüler seçenek Alma olup, öne çıkan diğer sağlayıcılar arasında Auto Union ve Avance yer almaktadır.",
    "severity": "Minor",
    "score_deduction": 1,
    "source_file": "2026-2027-tr-car-hire-city-10.docx",
    "url": "https://www.skyscanner.com.tr/arac-kiralama-yeri/arac-kiralama-yeri-kos/27543836.html",
    "candidate": "https://www.skyscanner.com.tr/arac-kiralama-yeri/arac-kiralama-yeri-kos/27543836.html"
  },
  {
    "text": "Daha düşük fiyatlara ulaşmak isteyenler, kiralama tarihinden 2 hafta öncesi rezervasyon yapabilir.",
    "issue": "The postposition \"öncesi\" is used incorrectly as an adverb of time; the correct form in this context is \"önce\".",
    "type_of_issue": "Grammar",
    "solution": "Change the word \"öncesi\" to \"önce\" to form a grammatically correct adverbial phrase of time.",
    "updated_sentence": "Daha düşük fiyatlara ulaşmak isteyenler, kiralama tarihinden 2 hafta önce rezervasyon yapabilir.",
    "severity": "Minor",
    "score_deduction": 1,
    "source_file": "2026-2027-tr-car-hire-city-10.docx",
    "url": "https://www.skyscanner.com.tr/arac-kiralama-yeri/arac-kiralama-yeri-sikago/27544891.html",
    "candidate": "https://www.skyscanner.com.tr/arac-kiralama-yeri/arac-kiralama-yeri-sikago/27544891.html"
  },
  {
    "text": "Sixt üzerinden otomatik vitesli bir araç, günlük ₺563 başlangıç fiyatıyla sunuluyor.",
    "issue": "The currency symbol is incorrect for the location; Turkish Lira (₺) is used for a service in Chicago, USA, which should use US Dollars ($). This pattern repeats in subsequent sentences.",
    "type_of_issue": "Accuracy",
    "solution": "Change the currency symbol from Turkish Lira (₺) to US Dollar ($) in all instances.",
    "updated_sentence": "Sixt üzerinden otomatik vitesli bir araç, günlük $563 başlangıç fiyatıyla sunuluyor.",
    "severity": "Major",
    "score_deduction": 3,
    "source_file": "2026-2027-tr-car-hire-city-10.docx",
    "url": "https://www.skyscanner.com.tr/arac-kiralama-yeri/arac-kiralama-yeri-sikago/27544891.html",
    "candidate": "https://www.skyscanner.com.tr/arac-kiralama-yeri/arac-kiralama-yeri-sikago/27544891.html"
  },
  {
    "text": "Otoyollarda ve ekspres yollarda hız sınırı 70 km/h olarak belirlenmiştir. Şehirlerarası kırsal yollarda sınır 90 km/h'ye çıkarken, diğer yollarda 40 km/h uygulanır.",
    "issue": "The text presents speed limits for the USA using incorrect values and the wrong unit of measurement (km/h instead of mph), which creates a safety risk and could dangerously mislead drivers.",
    "type_of_issue": "Accuracy",
    "solution": "Replace the incorrect speed limits with typical US values in mph as the primary unit, followed by the approximate km/sa conversion in parentheses.",
    "updated_sentence": "Otoyollarda ve ekspres yollarda hız sınırı genelde 70 mph (yaklaşık 113 km/sa) olarak belirlenmiştir. Şehirlerarası kırsal yollarda bu sınır 55 mph'ye (yaklaşık 90 km/sa) düşerken, diğer yollarda 25 mph (yaklaşık 40 km/sa) uygulanır.",
    "severity": "Critical",
    "score_deduction": 25,
    "source_file": "2026-2027-tr-car-hire-city-10.docx",
    "url": "https://www.skyscanner.com.tr/arac-kiralama-yeri/arac-kiralama-yeri-sikago/27544891.html",
    "candidate": "https://www.skyscanner.com.tr/arac-kiralama-yeri/arac-kiralama-yeri-sikago/27544891.html"
  },
  {
    "text": "Rental plus, Fiat Panda için manuel vitesli bir seçeneği ₺877 günlük başlangıç fiyatıyla sunmaktadır.",
    "issue": "The brand name 'Rental plus' is incorrectly capitalized.",
    "type_of_issue": "Compliance",
    "solution": "Capitalize 'plus' to follow standard brand name casing, changing 'Rental plus' to 'Rental Plus'.",
    "updated_sentence": "Rental Plus, Fiat Panda için manuel vitesli bir seçeneği ₺877 günlük başlangıç fiyatıyla sunmaktadır.",
    "severity": "Minor",
    "score_deduction": 1,
    "source_file": "2026-2027-tr-car-hire-city-10.docx",
    "url": "https://www.skyscanner.com.tr/arac-kiralama-yeri/arac-kiralama-yeri-katanya/27540562.html",
    "candidate": "https://www.skyscanner.com.tr/arac-kiralama-yeri/arac-kiralama-yeri-katanya/27540562.html"
  },
  {
    "text": "Rental plus, Fiat Panda için manuel vitesli bir seçeneği ₺877 günlük başlangıç fiyatıyla sunmaktadır.",
    "issue": "The currency is incorrectly stated as Turkish Lira (₺) for a service in Catania, Italy, which uses the Euro (€). This pattern repeats for all prices.",
    "type_of_issue": "Accuracy",
    "solution": "Replace the Turkish Lira symbol (₺) with the Euro symbol (€) in all price mentions.",
    "updated_sentence": "Rental plus, Fiat Panda için manuel vitesli bir seçeneği €877 günlük başlangıç fiyatıyla sunmaktadır.",
    "severity": "Major",
    "score_deduction": 3,
    "source_file": "2026-2027-tr-car-hire-city-10.docx",
    "url": "https://www.skyscanner.com.tr/arac-kiralama-yeri/arac-kiralama-yeri-katanya/27540562.html",
    "candidate": "https://www.skyscanner.com.tr/arac-kiralama-yeri/arac-kiralama-yeri-katanya/27540562.html"
  },
  {
    "text": "Havaalanı teslim alma noktaları, şehir merkezine kıyasla genellikle daha uygun fiyatlıdır.",
    "issue": "An unnecessary comma is placed after the subject, which is incorrect in standard Turkish grammar as it separates a simple subject from its predicate.",
    "type_of_issue": "Punctuation/Spelling/Typos",
    "solution": "Remove the comma after \"Havaalanı teslim alma noktaları\" to adhere to correct Turkish punctuation rules.",
    "updated_sentence": "Havaalanı teslim alma noktaları şehir merkezine kıyasla genellikle daha uygun fiyatlıdır.",
    "severity": "Minor",
    "score_deduction": 1,
    "source_file": "2026-2027-tr-car-hire-city-10.docx",
    "url": "https://www.skyscanner.com.tr/arac-kiralama-yeri/arac-kiralama-yeri-katanya/27540562.html",
    "candidate": "https://www.skyscanner.com.tr/arac-kiralama-yeri/arac-kiralama-yeri-katanya/27540562.html"
  },
  {
    "text": "Katanya'da araç kiralama için 6 sağlayıcı bulunmaktadır. En popüler seçenek Differental olup, ECH ve Carwiz de öne çıkan sağlayıcılar arasında yer almaktadır. Araç kiralamak için minimum yaş 21'dir; 25 yaş altındaki sürücüler için birçok sağlayıcı genç sürücü ek ücreti uygulamaktadır. Sürüş için geçerli minimum yaş ise 18'dir. Kiralama sırasında geçerli bir pasaport veya ulusal kimlik ile geçerli bir sürücü belgesi her zaman gereklidir. AB/AEA dışında düzenlenmiş ehliyete sahip sürücüler için Uluslararası Sürücü Belgesi yasal olarak zorunludur.",
    "issue": "The single paragraph combines multiple distinct topics (providers, age requirements, and documentation), which makes it dense and difficult for users to scan for specific information.",
    "type_of_issue": "Style",
    "solution": "Split the paragraph into three smaller, focused paragraphs, each addressing a single topic, to improve readability and scannability.",
    "updated_sentence": "Katanya'da araç kiralama için 6 sağlayıcı bulunmaktadır. En popüler seçenek Differental olup, ECH ve Carwiz de öne çıkan sağlayıcılar arasında yer almaktadır.\n\nAraç kiralamak için minimum yaş 21'dir; 25 yaş altındaki sürücüler için birçok sağlayıcı genç sürücü ek ücreti uygulamaktadır. Sürüş için geçerli minimum yaş ise 18'dir.\n\nKiralama sırasında geçerli bir pasaport veya ulusal kimlik ile geçerli bir sürücü belgesi her zaman gereklidir. AB/AEA dışında düzenlenmiş ehliyete sahip sürücüler için Uluslararası Sürücü Belgesi yasal olarak zorunludur.",
    "severity": "Minor",
    "score_deduction": 1,
    "source_file": "2026-2027-tr-car-hire-city-10.docx",
    "url": "https://www.skyscanner.com.tr/arac-kiralama-yeri/arac-kiralama-yeri-katanya/27540562.html",
    "candidate": "https://www.skyscanner.com.tr/arac-kiralama-yeri/arac-kiralama-yeri-katanya/27540562.html"
  },
  {
    "text": "İtalya'da trafik yolun sağ tarafından akar. Otoyollarda hız sınırı 130 km/h, hızlı yollarda 110 km/h olarak belirlenmiştir. Şehirler arası ana yollarda 90 km/h, yerleşim yerlerindeki diğer yollarda ise 50 km/h geçerlidir. Ülkenin otoyol ağı olan autostrada, kapalı bilet sistemiyle çalışır. Sürücüler girişte bir bilet alır ve çıkışta kat edilen mesafeye göre ödeme yapar. Ödeme nakit, kart veya Telepass adı verilen transponder cihazı üzerinden gerçekleştirilebilir. Hız sınırlarına uymak ve gerekli belgeleri araçta bulundurmak sürüş sırasında önemlidir.",
    "issue": "The single paragraph combines multiple distinct topics (general traffic rules, speed limits, and toll systems), which harms scannability for users seeking quick information.",
    "type_of_issue": "Style",
    "solution": "Split the content into three separate, focused paragraphs to improve readability and make the information easier to digest.",
    "updated_sentence": "İtalya'da trafik yolun sağ tarafından akar. Otoyollarda hız sınırı 130 km/h, hızlı yollarda 110 km/h olarak belirlenmiştir. Şehirler arası ana yollarda 90 km/h, yerleşim yerlerindeki diğer yollarda ise 50 km/h geçerlidir.\n\nÜlkenin otoyol ağı olan autostrada, kapalı bilet sistemiyle çalışır. Sürücüler girişte bir bilet alır ve çıkışta kat edilen mesafeye göre ödeme yapar. Ödeme nakit, kart veya Telepass adı verilen transponder cihazı üzerinden gerçekleştirilebilir.\n\nHız sınırlarına uymak ve gerekli belgeleri araçta bulundurmak sürüş sırasında önemlidir.",
    "severity": "Minor",
    "score_deduction": 1,
    "source_file": "2026-2027-tr-car-hire-city-10.docx",
    "url": "https://www.skyscanner.com.tr/arac-kiralama-yeri/arac-kiralama-yeri-katanya/27540562.html",
    "candidate": "https://www.skyscanner.com.tr/arac-kiralama-yeri/arac-kiralama-yeri-katanya/27540562.html"
  }
]

Return ONLY the JSON object for overall_feedback as specified in the system prompt.

2026-09-01 13:12:17,789 - INFO - AFC is enabled with max remote calls: 10.
2026-09-01 13:12:47,456 - INFO - HTTP Request: POST https://generativelanguage.googleapis.com/v1beta/models/gemini-2.5-pro:generateContent "HTTP/1.1 200 OK"
2026-09-01 13:12:47,604 - INFO - [TR] Wrote report → /Users/apple/Desktop/aurix/skyscanner-AI-Writer-IMWT/output/TR/LQA_Report_TR_20260901_111247.xlsx
2026-09-01 13:12:47,606 - INFO - [TR] Saved raw JSON → /Users/apple/Desktop/aurix/skyscanner-AI-Writer-IMWT/output/TR/LQA_Report_TR_20260901_111247_final.json
2026-09-01 13:12:47,690 - INFO - Wrote edited DOCX → /Users/apple/Desktop/aurix/skyscanner-AI-Writer-IMWT/output/TR/Edited_TR_2026-2027-tr-car-hire-city-06_20260901_111247.docx
2026-09-01 13:12:47,782 - INFO - Wrote edited DOCX → /Users/apple/Desktop/aurix/skyscanner-AI-Writer-IMWT/output/TR/Edited_TR_2026-2027-tr-car-hire-city-07_20260901_111247.docx
2026-09-01 13:12:47,899 - INFO - Wrote edited DOCX → /Users/apple/Desktop/aurix/skyscanner-AI-Writer-IMWT/output/TR/Edited_TR_2026-2027-tr-car-hire-city-08_20260901_111247.docx
2026-09-01 13:12:47,992 - INFO - Wrote edited DOCX → /Users/apple/Desktop/aurix/skyscanner-AI-Writer-IMWT/output/TR/Edited_TR_2026-2027-tr-car-hire-city-09_20260901_111247.docx
2026-09-01 13:12:48,056 - INFO - Wrote edited DOCX → /Users/apple/Desktop/aurix/skyscanner-AI-Writer-IMWT/output/TR/Edited_TR_2026-2027-tr-car-hire-city-10_20260901_111247.docx
2026-09-01 13:12:48,056 - INFO - [TR] Completed all three agents.

2026-09-01 13:12:48,056 - INFO - LQA pipeline finished successfully (3-agent).
2026-09-01 13:12:48,056 - INFO - Full run log saved to /Users/apple/Desktop/aurix/skyscanner-AI-Writer-IMWT/output/lqa_run_TR_20260901_102713.log
