2026-09-01 10:17:58,941 - INFO - File logging enabled → /Users/apple/Desktop/aurix/skyscanner-AI-Writer-IMWT/output/lqa_run_PL_20260901_081758.log
2026-09-01 10:17:58,941 - INFO - Language filter active → PL
2026-09-01 10:17:58,942 - INFO - Loading and formatting glossary from /Users/apple/Desktop/aurix/skyscanner-AI-Writer-IMWT/reference/Skyscanner_Glossary_v2.xlsx
2026-09-01 10:17:59,169 - INFO - Glossary loaded for SA (ar-SA): 268 terms
2026-09-01 10:17:59,169 - INFO - Glossary loaded for CZ (cs-CZ): 229 terms
2026-09-01 10:17:59,169 - INFO - Glossary loaded for GR (el-GR): 229 terms
2026-09-01 10:17:59,170 - INFO - Glossary loaded for HU (hu-HU): 229 terms
2026-09-01 10:17:59,170 - INFO - Glossary loaded for PL (pl-PL): 236 terms
2026-09-01 10:17:59,170 - INFO - Glossary loaded for TH (th-TH): 229 terms
2026-09-01 10:17:59,171 - INFO - Glossary loaded for TR (tr-TR): 228 terms
2026-09-01 10:17:59,171 - INFO - Glossary loaded for DE (de-DE): 272 terms
2026-09-01 10:17:59,171 - INFO - Glossary loaded for ES (es-ES): 269 terms
2026-09-01 10:17:59,172 - INFO - Glossary loaded for FR (fr-FR): 270 terms
2026-09-01 10:17:59,172 - INFO - Glossary loaded for IT (it-IT): 269 terms
2026-09-01 10:17:59,172 - INFO - Glossary loaded for NL (nl-NL): 269 terms
2026-09-01 10:17:59,173 - INFO - Glossary loaded for BR (pt-BR): 250 terms
2026-09-01 10:17:59,173 - INFO - Glossary loaded for PT (pt-PT): 228 terms
2026-09-01 10:17:59,173 - INFO - Glossary loaded for US (en-US): 239 terms
2026-09-01 10:17:59,174 - WARNING - Skipping 2026-2027-cz-car-hire-city-06.docx: could not infer language code from filename.
2026-09-01 10:17:59,174 - WARNING - Skipping 2026-2027-cz-car-hire-city-07.docx: could not infer language code from filename.
2026-09-01 10:17:59,174 - WARNING - Skipping 2026-2027-cz-car-hire-city-08.docx: could not infer language code from filename.
2026-09-01 10:17:59,174 - WARNING - Skipping 2026-2027-cz-car-hire-city-09.docx: could not infer language code from filename.
2026-09-01 10:17:59,174 - WARNING - Skipping 2026-2027-cz-car-hire-city-10.docx: could not infer language code from filename.
2026-09-01 10:17:59,174 - WARNING - Skipping 2026-2027-gr-car-hire-city-06.docx: could not infer language code from filename.
2026-09-01 10:17:59,174 - WARNING - Skipping 2026-2027-gr-car-hire-city-07.docx: could not infer language code from filename.
2026-09-01 10:17:59,174 - WARNING - Skipping 2026-2027-gr-car-hire-city-08.docx: could not infer language code from filename.
2026-09-01 10:17:59,174 - WARNING - Skipping 2026-2027-gr-car-hire-city-09.docx: could not infer language code from filename.
2026-09-01 10:17:59,174 - WARNING - Skipping 2026-2027-gr-car-hire-city-10.docx: could not infer language code from filename.
2026-09-01 10:17:59,174 - WARNING - Skipping 2026-2027-hu-car-hire-city-06.docx: could not infer language code from filename.
2026-09-01 10:17:59,175 - WARNING - Skipping 2026-2027-hu-car-hire-city-07.docx: could not infer language code from filename.
2026-09-01 10:17:59,175 - WARNING - Skipping 2026-2027-hu-car-hire-city-08.docx: could not infer language code from filename.
2026-09-01 10:17:59,175 - WARNING - Skipping 2026-2027-hu-car-hire-city-09.docx: could not infer language code from filename.
2026-09-01 10:17:59,175 - WARNING - Skipping 2026-2027-hu-car-hire-city-10.docx: could not infer language code from filename.
2026-09-01 10:17:59,175 - WARNING - Skipping 2026-2027-pt-car-hire-city-06.docx: could not infer language code from filename.
2026-09-01 10:17:59,175 - WARNING - Skipping 2026-2027-pt-car-hire-city-07.docx: could not infer language code from filename.
2026-09-01 10:17:59,175 - WARNING - Skipping 2026-2027-pt-car-hire-city-08.docx: could not infer language code from filename.
2026-09-01 10:17:59,175 - WARNING - Skipping 2026-2027-pt-car-hire-city-09.docx: could not infer language code from filename.
2026-09-01 10:17:59,175 - WARNING - Skipping 2026-2027-pt-car-hire-city-10.docx: could not infer language code from filename.
2026-09-01 10:17:59,175 - WARNING - Skipping 2026-2027-sa-car-hire-city-06.docx: could not infer language code from filename.
2026-09-01 10:17:59,175 - WARNING - Skipping 2026-2027-sa-car-hire-city-07.docx: could not infer language code from filename.
2026-09-01 10:17:59,175 - WARNING - Skipping 2026-2027-sa-car-hire-city-08.docx: could not infer language code from filename.
2026-09-01 10:17:59,175 - WARNING - Skipping 2026-2027-sa-car-hire-city-09.docx: could not infer language code from filename.
2026-09-01 10:17:59,175 - WARNING - Skipping 2026-2027-sa-car-hire-city-10.docx: could not infer language code from filename.
2026-09-01 10:17:59,175 - WARNING - Skipping 2026-2027-tr-car-hire-city-06.docx: could not infer language code from filename.
2026-09-01 10:17:59,176 - WARNING - Skipping 2026-2027-tr-car-hire-city-07.docx: could not infer language code from filename.
2026-09-01 10:17:59,176 - WARNING - Skipping 2026-2027-tr-car-hire-city-08.docx: could not infer language code from filename.
2026-09-01 10:17:59,176 - WARNING - Skipping 2026-2027-tr-car-hire-city-09.docx: could not infer language code from filename.
2026-09-01 10:17:59,176 - WARNING - Skipping 2026-2027-tr-car-hire-city-10.docx: could not infer language code from filename.
2026-09-01 10:17:59,176 - WARNING - Skipping Copy of 2026-2027-th-car-hire-city-06.docx: could not infer language code from filename.
2026-09-01 10:17:59,176 - WARNING - Skipping Copy of 2026-2027-th-car-hire-city-07.docx: could not infer language code from filename.
2026-09-01 10:17:59,176 - WARNING - Skipping Copy of 2026-2027-th-car-hire-city-08.docx: could not infer language code from filename.
2026-09-01 10:17:59,176 - WARNING - Skipping Copy of 2026-2027-th-car-hire-city-09.docx: could not infer language code from filename.
2026-09-01 10:17:59,176 - WARNING - Skipping Copy of 2026-2027-th-car-hire-city-10.docx: could not infer language code from filename.
2026-09-01 10:17:59,176 - INFO - ===== Language PL: parsing input files → sections/batches =====
2026-09-01 10:17:59,226 - INFO - [PL] Total batches to process: 250
2026-09-01 10:17:59,226 - INFO - [A1][PL][2026-2027-pl-car-hire-city-06__0001] SYSTEM PROMPT (first batch only):
# ROLE & MISSION

You are an **Expert Technical LQA Auditor**. Your mission is to perform a precise, objective, and rule-based audit of localized content. Your single focus is to identify and report **verifiable errors** that impact **correctness, clarity, and compliance**.

You are an auditor, **not a creative editor**. Your analysis must be grounded in the provided rules, glossary, and linguistic conventions. You will produce a single, clean JSON object containing actionable, high-impact findings.

This prompt is used across multiple languages. A locale-specific instruction pack is auto-injected as `lang instructions`. **These instructions are your highest authority and override any general rules in this document where they differ.**

You will receive a `Topic Name` for each batch (e.g., a route or travel topic). Use it as context and **do not flag hardcoded city/route mentions as errors when they match the Topic Name** (destination/from cities already specified by the topic are not mistakes).

---

## PROJECT-SPECIFIC EXCLUSIONS (HIGHEST PRIORITY)

Do **not** flag or correct names, cities/place names, car-rental providers, or car models/types merely because they are not localized or remain in another language/alphabet. The agency will handle them. Preserve them exactly in `updated_sentence`. Flag only an independent objective error that is not based on localization or script.

---

## THE PRIME DIRECTIVE: OBJECTIVITY OVER PREFERENCE

This is your most important instruction. Your primary function is to eliminate subjective, preferential feedback. You must strictly adhere to the following rules:

**✅ FLAG ONLY (Objective & Actionable Issues):**

* **Grammatical Errors:** Incorrect verb tense, case, gender agreement, prepositions that alter meaning.
* **Spelling & Punctuation Errors:** Typos, incorrect use of accents/diacritics, violations of locale-specific punctuation rules (e.g., missing spaces in French, incorrect quote style in German).
* **Compliance Violations:** Failure to use a **mandatory** glossary/brand term, incorrect capitalization of a **brand/proper name**, use of a forbidden term, or required unit/currency presentation not followed.
* **Accuracy Errors:** Factual mistakes **visible in the text**, incorrect numbers, mistranslations that change the meaning, failure to provide **required** metric/imperial conversions.
* **Severe Clarity Issues:** Sentences so long, convoluted, or poorly structured that they are objectively difficult for a native speaker to understand upon first reading.
* **SEO/Editorial Paragraph Segmentation:** A **single** body paragraph under an SEO/editorial heading that packs **multiple distinct ideas** and is objectively hard to scan — flag as **Style** and provide a split (separate short paragraphs). Do **not** use this for synonym preference or mild aesthetic rewrites.

**❌ DO NOT FLAG (Subjective & Preferential Noise):**

* **"Unnatural" or "Awkward" Phrasing:** If a sentence is grammatically correct and its meaning is clear, do not flag it for sounding "awkward," "clunky," or "lacking native-like flow."
* **Synonyms & Paraphrasing:** Do not flag alternative word choices or sentence structures if the meaning remains identical and clear. (e.g., "find a flight" vs. "search for a flight").
* **Redundancy for Emphasis:** Do not flag mild repetition if it does not cause confusion or violate a brand rule.
* **Content Improvement Suggestions:** Do not suggest adding more examples, enriching the content, or changing the information architecture. Your scope is limited to the existing text.
* **Minor Tone Tweaks:** Do not suggest changes to make the tone "more friendly" or "more engaging" unless it directly contradicts a mandatory register rule in `lang instructions` (e.g., using formal "Sie" when informal "du" is required).

---

## LANGUAGE-AGNOSTIC CATEGORIZATION RULES (ENFORCED)

Apply these **global rules** before assigning any category:

1. **No external fact‑checking**

* Do **not** verify laws, limits, prices, or policies against outside knowledge. Use **Accuracy** only when there is an **internal contradiction**, a **mistranslation**, or an **objective numeric/format error** visible in the given text.
* Example (DO NOT FLAG): NL text states motorway limit 100 km/u → **out of scope** unless the document contradicts itself.
* Example (FLAG as **Compliance · Major**): mph shown without required km/h conversion for a metric locale.

2. **Brand / Proper‑noun rules are Compliance**

* Misspelling, wrong casing, or spacing of official brand/proper names → **Compliance** (not Punctuation).
* Examples: *star car → starcar* (DE), *yalla → Yalla* (pt‑BR), *Rental plus → Rental Plus* (NL).

3. **Currency: what vs how**

* **What** currency is used for the location (USD vs £) → **Accuracy** (Major) if wrong.
* **How** currency is formatted/spaced/symbol order → **Compliance** (Minor/Major per locale rules).

4. **Units & conversions**

* Missing mandated metric/imperial conversion or wrong primary unit for the locale → **Compliance** (Major if it impacts comprehension).
* Arithmetic or numeric impossibility (e.g., inconsistent totals) → **Accuracy**.

5. **Headings & typography**

* Punctuation in headings (e.g., stray period) → **Punctuation/Spelling/Typos**.
* Locale‑specific quotes/spaces/diacritics → **Punctuation/Spelling/Typos**.

6. **Clarity vs preference**

* Use **Style** only for **objective readability breakdowns** (run‑on/unparsable, or SEO body paragraphs that objectively pack multiple distinct ideas and must be split for scanability). Do **not** use Style for “sounds nicer” feedback.

7. **Terminology & Glossary Handling (IMPORTANT)**

* Treat the term list as **reference**, not rigid commands. Enforce **only** terms explicitly marked **mandatory** in `PL_instructions` or the glossary metadata, or when they are **brand/proper names**.
* **Case‑insensitive by default**. Do **not** force Title Case because a glossary entry is capitalized.
* **Inflections and morphological variants are acceptable** if the meaning is preserved (plural/singular, gender, verb forms).
* **Generic vertical/category nouns are common nouns** (e.g., ES *alquiler de coches*, IT *auto premium* as adjective) → keep locale‑appropriate casing (often sentence/lowercase). Do **not** flag capitalization unless the locale pack explicitly mandates Title Case.
* **Brand corrections guardrail:**

  * Limit fixes to **casing/spacing** unless the **official spelling** appears in the provided glossary/terms or the error is an **obvious simple typo** of a known brand (single‑character omission/transposition).
  * **Do not rename** a brand to a different word if uncertain. Example: FR *Differental* → *Drivalia* **do not flag** unless the glossary explicitly lists *Drivalia* for that context.
* **Examples**

  * ✅ ES heading: *Proveedores de **alquiler de coches**…* (sentence case)
  * ❌ Forcing *Alquiler de Coches* when not mandated
  * ✅ IT: *auto **premium*** (category adjective lowercase); ❌ *auto **Premium*** unless brand



8. **Minimal fix principle**

* When proposing `updated_sentence`, change **only** what is required to resolve the error (no stylistic rewrites, no added content, no register shifts unless mandated).

9. **De‑duplication of repeated identical issues**

* If the same rule violation repeats in a contiguous pattern with identical structure, report **one representative instance** and mention in `issue`: *“Pattern repeats in similar sentences.”*

* For locale patterns like pt‑BR **introductory adverbial commas** (*Em São Paulo, …; No Ceará, …*), report **one representative instance per section** and note *“Pattern repeats in similar sentences.”* unless wording differs materially.


---

## SCOPE OF QA (ERROR CATEGORIES)

You will categorize every issue using one of the following exact labels. These are the only allowed values for `type_of_issue`.

1. **AI-issues:**

   * **Hallucination:** The text contains fabricated content presented as fact **inside the text**.
   * **Bias / Cultural Sensitivity:** The text contains offensive, inappropriate, biased, or culturally insensitive content.

2. **Style:**

   * **DEFINITION:** This category is **strictly limited to issues of clarity and readability that objectively hinder comprehension**.
   * **USE FOR:** Run-on sentences that are unparsable; severe structural issues that make the text's meaning ambiguous.
   * **DO NOT USE FOR:** Subjective feedback about "flow" or "naturalness."
   * **Examples:** Overlong sentence with multiple subordinations → split into two; broken list structure that obscures meaning.

3. **Accuracy:**

   * **DEFINITION:** Semantic fidelity or numeric correctness **within the provided text**.
   * **USE FOR:** Mistranslation that changes meaning; internal contradictions; wrong numbers or impossible arithmetic; **wrong currency for location** (e.g., £ for California).
   * **DO NOT USE FOR:** External fact‑checking (laws/speed limits/prices not contradicted by the text).
   * **Examples:**

     * *"£18 per day in California"* → **Accuracy · Major** → *"\$18 per day"*.
     * *"Total 100" after listing 30+40+50* → **Accuracy · Major**.

4. **Compliance:**

   * **DEFINITION:** Violations of the glossary, locale pack, brand rules, or mandated formatting/presentation.
   * **USE FOR:**

     * **Brand/proper‑noun** spelling/casing/spacing (e.g., *star car → starcar*, *yalla → Yalla*, *Rental plus → Rental Plus*).
     * **Unit presentation rules:** metric‑first locales require **km/h** primary; add conversions when imperial appears.
     * **Currency formatting rules:** symbol placement/spacing/ISO style as specified by `lang instructions`.
     * **Register** (form of address) inconsistencies against `lang instructions`.
     * **Terminology usage when explicitly mandatory** (and case-insensitive by default). Do **not** penalize non-mandatory or generic category nouns for casing.
   * **Examples:**

     * *"70 mph" only in FR/DE/ES/PT‑BR* → **Compliance · Major** (add *113 km/h (70 mph)*).
     * *"auto Premium" (category adjective)* → **Compliance · Minor** → *"auto premium"* (IT) unless brand.
     * **Do not** flag ES *alquiler de coches* sentence-case headings unless `lang instructions` mandates Title Case.

5. **Grammar:**

   * **DEFINITION:** Errors in the formal structure of the language.
   * **USE FOR:** Incorrect verb conjugation, noun/adjective agreement, case, tense, prepositions, word order, required repetition in parallel lists.
   * **Examples:** *ein Kleinwagen* → *einen Kleinwagen* (DE, accusative); repeat *auf* in German list items for parallelism.

6. **Punctuation/Spelling/Typos:**

   * **DEFINITION:** Orthographical and typographical errors.
   * **USE FOR:** Typos, misspellings, incorrect accent usage, wrong quotation mark style, missing locale spaces, double spaces, heading ending with a period.
   * **Examples:** *en␣␣Asturias* → *en Asturias* (ES); FR *130 km/h* → *130 km/h* with NBSP; remove trailing period from a heading (IT/NL).

---

## SEVERITY LEVELS & DECISION LADDER

You will assign a severity and score deduction to every issue by following this strict, step-by-step decision ladder.

**Critical (25)** – Safety/legal risk, offensive bias, or fabricated claims **within the text** that could dangerously mislead.

* Examples: harmful stereotypes; incorrect safety-critical numbers; invented product features.

**Major (3)** – Errors that change meaning or materially impair comprehension.

* Examples: mistranslation altering instructions; run‑on that creates ambiguity; **wrong currency for a locale**; missing mandated unit conversion in a metric locale when only imperial is given.

**Minor (1)** – Objective errors that do not block understanding but break rules/conventions.

* Examples: typos; locale quote/spacing rules; heading with stray period; adjective agreement where meaning stays obvious; comma after introductory adverbial (pt‑BR: *Em São Paulo, …*).

**Omit** – Preferential/style‑only feedback with no rule violation.

**Decision Ladder**

1. Policy/safety/offense? → **Critical**.
2. Misleads/changes meaning/blocks understanding? → **Major**.
3. Otherwise objective correctness/formatting breaches → **Minor**.
4. If purely preferential → **Omit**.

---

## Lang-SPECIFIC RULES

# Polish (pl-PL) Style Guide for Skyscanner

## Critical requirements
- Address the reader directly, but do not use `Pan`/`Pani`. Capitalize direct-address pronouns such as `Ty`, `Tobie`, `Ciebie`, `Wy`, `Wam`, and `Was`.
- Prefer gender-neutral constructions and keep the form of address consistent.
- Use active voice and short imperative CTAs. Helpful > geeky > playful.
- The global project-specific exclusion in the master prompt takes priority over any name or geo-name guidance.

## Language and typography
- Use Polish quotation marks `„…”` and the ellipsis character `…`.
- Use an en dash, not an em dash, for parenthetical breaks and ranges where appropriate.
- Use sentence case; do not end headings with a full stop. Avoid excessive exclamation marks.
- Keep list capitalization and punctuation consistent.

## Technical content
- Preserve placeholders, variables, tags, numbers, and product tokens exactly.
- Do not duplicate the airport word when it is already part of the source name.
- Keep Skyscanner unchanged.

## Content and compliance
- Use natural SEO language; no keyword stuffing or preference-only rewrites.
- Do not externally fact-check laws, prices, limits, or policies.
- Do not claim Skyscanner provides discounts. Use neutral wording about offers and price reductions.
- Use “best” only with a supplied measurable basis.
- Avoid greenwashing and absolute claims that travel is green, clean, eco-friendly, or sustainable.



---

## OUTPUT JSON CONTRACT (RETURN THIS OBJECT ONLY)

You will return a **single, valid JSON object** and nothing else. Do not add any explanatory text before or after it.

```json
{
  "review_findings": [
    {
      "text": "<The full, original sentence or text snippet containing the error>",
      "issue": "<A concise, one-sentence description of the objective error. Example: 'Incorrect gender agreement between noun and adjective.'>",
      "type_of_issue": "<Must be one of: AI-issues, Style, Accuracy, Compliance, Grammar, Punctuation/Spelling/Typos>",
      "solution": "<A brief, actionable instruction for the fix. Example: 'Change the adjective to the feminine form to agree with the noun.'>",
      "updated_sentence": "<The full sentence, rewritten with the solution correctly applied. For paragraph splits, include the full corrected multi-paragraph snippet with blank lines between paragraphs.>",
      "severity": "<Must be one of: Minor, Major, Critical>",
      "score_deduction": "<Must be 1, 3, or 25, perfectly matching the severity level>"
    }
  ],
  "overall_feedback": {
    "summary": "<A 2-3 bullet point summary of the most significant and repeated error *patterns*. Focus on systemic issues, not a list of individual errors. Example: 'Consistent failure to apply non-breaking spaces before colons as required by French typography.'>",
    "action_plan": "<A 2-3 bullet point list of concrete, high-level actions to prevent these errors in the future. Example: 'Implement a post-processing check to ensure all brand names are capitalized correctly as per the glossary.'>"
  }
}
```

---

## COMMON MISCLASSIFICATIONS TO AVOID (CHECK BEFORE SUBMIT)

* **Speed limits / legal rules “corrections”** → **Do NOT flag** unless there is an internal contradiction. Missing metric conversion → **Compliance**, not **Accuracy**.
* **Brand/proper‑noun casing** → always **Compliance**, not **Punctuation**.
* **Currency** → symbol **choice for location** = **Accuracy**; **formatting/placement** = **Compliance**.
* **Headings punctuation** (e.g., stray period) → **Punctuation/Spelling/Typos**.
* **Generic vertical/category nouns** (e.g., ES *alquiler de coches*) → keep locale-appropriate sentence case unless the locale pack mandates Title Case.
* **“Awkward/natural” only** → **Omit** unless readability is objectively impaired (then **Style**).

---

## FINAL SELF-CHECK (RUN BEFORE RETURNING JSON)

1. **Is my output a single, valid JSON object with no extra text?**
2. **Did I avoid external fact‑checking and rely only on internal evidence and mandated rules?**
3. **Does every `score_deduction` value (1, 3, 25) perfectly match its `severity` level?**
4. **Are all `type_of_issue` values from the allowed list and mapped per the Language‑Agnostic Categorization Rules?**
5. **Have I strictly followed all rules from the `langinstructions`?**
6. **Is my feedback in the `issue` and `solution` fields concise, objective, and non-creative?**

Return only the JSON object.

2026-09-01 10:17:59,235 - INFO - [A1][PL][2026-2027-pl-car-hire-city-06__0001] USER PROMPT (first batch only):
Topic Name: Lizbona: jak znaleźć tanią ofertę wynajmu samochodu

Here is the content to review:

Wynajem samochodu w Lizbonie zaczyna się od 27 zł, przy średniej rocznej cenie wynoszącej 195 zł. Ceny wahają się w zależności od pory roku, a najniższe stawki notuje się w listopadzie. Porównując oferty różnych wypożyczalni w Skyscanner, możesz sprawdzić, które modele mieszczą się w Twoim budżecie. Rezerwacja z 2-tygodniowym wyprzedzeniem zwykle pozwala uzyskać korzystniejszą cenę niż wynajem w ostatniej chwili. Warto też rozważyć odbiór poza centrum, gdzie stawki bywają niższe. Elastyczne daty odbioru i zwrotu również wpływają na koszt.



Available key terms:

### Skyscanner Multilingual Glossary ###
- EN: additional driver → pl-PL: dodatkowy kierowca | Definition: An extra person authorized to drive a rented vehicle. | Example: Możesz dodać dodatkowego kierowcę do rezerwacji, gdy dotrzesz do wypożyczalni {supplier}.
- EN: air conditioning → pl-PL: klimatyzacja | Definition: A system for cooling and dehumidifying the air. | Example: Tylko samochody z klimatyzacją
- EN: airline → pl-PL: linie lotnicze | Definition: A company that provides air transport services for traveling passengers. | Notes: Alternatively:
przewoźnik / linia lotnicza [where plurality is impossible] | Example: Szukaj wśród milionów lotów setek przewoźników w kilka sekund / Szukaj wśród milionów lotów setek linii lotniczych w kilka sekund
- EN: airline alliance → pl-PL: sojusz linii lotniczych | Definition: A partnership between multiple airlines to provide mutual benefits and seamless travel. | Example: Zdobywasz punkty w programie lojalnościowym. korzystając z lotów wybranego przewoźnika lub partnerów należących do sojuszu linii lotniczych.
- EN: all inclusive → pl-PL: all inclusive | Definition: Hotel package that includes accommodation, all meals, snacks, drinks (both alcoholic and non-alcoholic), and often additional amenities and activities
- EN: Altitude Shift → pl-PL: Na wysokości | Definition: In 2026, travellers will be heading for higher ground—literally. 
From the Atlas Mountains to the Dolomites and Lake Annecy, alpine destinations and the glacial lakes beneath them will see a surge in interest, not just in winter, but increasingly during the off-peak seasons.
- EN: amenities → pl-PL: udogodnienia | Definition: Title of filter section mainly in hotel search | Example: Zobacz wszystkie udogodnienia w hotelu
- EN: apartment → pl-PL: apartament | Definition: A self-contained housing unit that occupies part of a building.
- EN: App → pl-PL: aplikacja | Definition: An application designed for use on mobile devices.
- EN: Art and culture → pl-PL: kultura i sztuka | Definition: Activities or attractions related to visual arts, music, theater, and heritage.
- EN: automatic → pl-PL: automatyczna | Definition: A type of vehicle transmission that shifts gears automatically.
- EN: baggage allowance → pl-PL: limit bagażu | Definition: The amount of luggage a traveler is permitted to carry without incurring additional fees, as defined by the transportation provider
- EN: Beach → pl-PL: Plaża | Definition: A sandy or pebbly shore by a body of water, often a popular destination for relaxation and recreation.
- EN: Black Friday → pl-PL: Black Friday | Definition: A major retail event with extensive sales and promotions, often lasting beyond the day after Thanksgiving. | Example: Skorzystaj z promocji z okazji Black Friday.
- EN: board type → pl-PL: wyżywienie | Definition: This term refers to the meal plan included with a hotel stay. | Notes: Also: rodzaj wyżywienia
- EN: book → pl-PL: rezerwować : zarezerwować | Definition: Verb. To reserve a service, such as a flight. | Example: Zarezerwuj lot
- EN: book → pl-PL: rezerwować : zarezerwować | Definition: Verb. To reserve a service, such as a hotel room. | Example: Zarezerwuj hotel
- EN: book → pl-PL: rezerwować : zarezerwować | Definition: Verb. To reserve a service, such as a car. | Example: Zarezerwuj samochód
- EN: Book-bound → pl-PL: Literackim szlakiem | Definition: Reading is having a global renaissance, with people across generations embracing it as a form of escape and personal restoration. 
In 2026, this growing passion will translate into literary-led travel behaviours—from visiting destinations inspired by beloved books, to planning holidays around reading retreats, or exploring aesthetic bookshops and beautiful libraries.
- EN: booking → pl-PL: rezerwacja | Definition: Noun. A reservation for a service. | Example: Rezerwacja lotu
- EN: booking → pl-PL: rezerwacja | Definition: Noun. A reservation for a service. | Example: Rezerwacja hotelu
- EN: booking → pl-PL: rezerwacja | Definition: Noun. A reservation for a service. | Example: Rezerwacja samochodu
- EN: Business Class → pl-PL: klasa biznes | Definition: A class of airline service offering more comfort and amenities than economy class. | Example: Znajdź najtańsze loty w klasie biznes z: @@departure@@ do: @@destination@@.
- EN: business travellers → pl-PL: osoby podróżujące służbowo | Definition: Individuals traveling for work-related purposes.
- EN: cabin bag → pl-PL: bagaż podręczny | Definition: A small piece of luggage carried into the passenger cabin. | Example: Bez bagażu podręcznego w cenie.
- EN: cabin baggage → pl-PL: bagaż podręczny | Definition: Same as cabin bag. | Example: Podróżuj wygodniej z samym bagażem podręcznym.
- EN: cabin class → pl-PL: klasa podróży | Definition: The category of service on an aircraft, such as economy, business, or first class. | Example: Wybierz liczbę podróżnych i klasę podróży
- EN: cancellation policy → pl-PL: zasady anulowania | Definition: The terms and conditions under which a booking can be canceled. | Example: Sprawdź szczegóły zasad anulowania w wypożyczalni.
- EN: car hire → pl-PL: wynajem samochodów : wynajem samochodu | Definition: The act of renting a vehicle. | Example: Wyszukuj i porównuj najlepsze oferty wynajmu samochodów na całym świecie.
- EN: Car hire → pl-PL: Wynajem samochodów | Definition: Rental of an automobile for a specified period | Example: Wyszukuj i porównuj najlepsze oferty wynajmu samochodów na całym świecie.
- EN: car hire company → pl-PL: wypożyczalnia samochodów | Definition: A business that provides rental vehicles. | Example: Jaka wypożyczalnia samochodów w: {car_hire_origin_city} jest najtańsza?
- EN: car hire deal → pl-PL: oferta wynajmu samochodu | Definition: Discounted or special offer on car rental services.
- EN: carbon footprint → pl-PL: ślad węglowy | Definition: A carbon footprint refers to the total amount of CO2 emissions released into the atmosphere as a result of the activities of an business, individual or event.
- EN: Catching Flights ​& Feelings → pl-PL: Catching Flights & Feelings | Definition: As dating app usage shifts and the rise of 'catch-up friends' dynamic deepens, travellers in 2026 are looking to use their holidays not just for escape, but for real-world connection. Whether it’s sparking a romance abroad, making new friends on the road, or finally meeting someone foreign from an app in person in another country, travel is becoming the ultimate IRL icebreaker.
This trend sees solo travel, intentional connection-seeking, and emotional openness come together—less swipe, more spark.
- EN: charge → pl-PL: pobierać | Definition: Verb. To add fee for a service or product. | Example: Nie pobieramy żadnych opłat za rezerwację.
- EN: charge → pl-PL: opłata | Definition: Noun. Fee for a service or product | Example: Pamiętaj, że wypożyczalnie mogą naliczać dodatkowe opłaty i nakładać ograniczenia.
- EN: Cheapest month → pl-PL: Najtańszy miesiąc | Definition: The cheapest month features in ‘Flexible Dates’ tab highlights the cheapest month to travel, as well as the lowest price per month to travel to the destination. | Notes: Sentence case as a feature name and lower case "najtańszy miesiąc" in generic context
- EN: check in → pl-PL: dokonywać odprawy | Definition: Verb - The process of registering for a flight. | Example: Dokonaj odprawy przed {check_in_time}
- EN: check in → pl-PL: zameldować się | Definition: Verb - The process of registering for a hotel stay. | Example: Zamelduj się przed {check_in_time}
- EN: check out → pl-PL: wymeldowanie | Definition: Verb - The process of completing a stay at a hotel. | Example: W hotelu {hotel_name} możesz zameldować się od {check_in_time}. Musisz wymeldować się do {check_out_time}.
- EN: check-in → pl-PL: odprawa | Definition: Noun - The process of registering for a flight. | Example: Odprawa i odbiór bagażu często kończą się na godzinę przed planowaną godziną wylotu w przypadku lotów krajowych.
- EN: check-in → pl-PL: zameldowanie | Definition: Noun - The process of completing a stay at a hotel. | Example: Wybierz datę zameldowania
- EN: check-out → pl-PL: wymeldowanie | Definition: Noun - The process of leaving and settling the bill at a hotel. | Example: Wybierz datę wymeldowania
- EN: checked bag → pl-PL: bagaż rejestrowany | Definition: Bag that is handed over to the airline for transport in the cargo hold. | Example: Opłata za każdą sztukę bagażu rejestrowanego
- EN: checked luggage → pl-PL: bagaż rejestrowany | Definition: Luggage that is handed over to the airline for transport in the cargo hold. | Example: 23 kg bagażu rejestrowanego
- EN: cO2e emissions → pl-PL: ekwiwalent emisji CO₂ | Definition: Carbon dioxide equivalent emissions, measuring the impact of greenhouse gases.
- EN: Collision Damage Waiver → pl-PL: ubezpieczenie od kolizji | Definition: This is a type of insurance offered by rental car companies that limits your liability if the car is damaged in an accident. 
However, it typically doesn’t cover the full cost; you still have to pay a portion of  the repair costs, called the excess or deductible. | Example: Cena wynajmu obejmuje ubezpieczenie od kolizji.
- EN: commercial van → pl-PL: samochód dostawczy | Definition: Vehicles designed for transporting goods and materials for business purposes.
- EN: compact → pl-PL: kompaktowy | Definition: A category of rental cars that are slightly larger than economy cars but still small and efficient.
- EN: connecting flight → pl-PL: lot łączony | Definition: A flight requiring a change of planes to reach the final destination.
- EN: convertible → pl-PL: kabriolet | Definition: A car with a roof structure that can be 'converted' to allow open-air or enclosed driving.
- EN: Cookie Policy → pl-PL: Polityka plików cookie | Definition: Policy that governs the use of cookies on Skyscanner's website, ensuring transparency regarding data usage
- EN: country house → pl-PL: dom na wsi | Definition: A large house in the countryside
- EN: coupe → pl-PL: samochód coupe | Definition: A car with a fixed-roof body style that is shorter than a sedan of the same model.
- EN: couples → pl-PL: pary | Definition: Pairs of individuals traveling together
- EN: Cyber Monday → pl-PL: Cyber Monday | Definition: An online shopping event on the Monday after Thanksgiving, featuring exclusive digital deals and discounts. | Example: Dziś Cyber Monday! Sprawdź loty dostępne w niższej cenie.
- EN: deal → pl-PL: oferta | Definition: A special offer or discount. | Example: Przeglądaj oferty lotów / wynajmu samochodów / hoteli
- EN: departure country → pl-PL: kraj wylotu | Definition: The country from which a journey begins. | Example: Wybierz kraj wylotu
- EN: departure date → pl-PL: data wylotu | Definition: The date on which a journey starts. | Example: Wybierz datę wylotu
- EN: departure time → pl-PL: godzina wylotu | Definition: The scheduled time a flight is set to leave. | Example: Zauważyliśmy, że godzina wylotu uległa zmianie.
- EN: destination → pl-PL: miejsce docelowe | Definition: The final place or location to which someone is traveling. It is the end point of a journey where travelers intend to stay, explore, or visit. Destinations can range from cities and countries to specific attractions or resorts.
- EN: destination airport → pl-PL: lotnisko docelowe | Definition: The airport where a journey ends. | Example: Wybierz lotnisko docelowe
- EN: Destination Check-in → pl-PL: Hotelowy Check-in | Definition: Travellers are increasingly choosing where to go based on where they want to stay. In 2026, hotels aren’t just places to sleep - they're becoming the destination itself. From stunning architecture to transportive design, travellers are prioritising unique stays over traditional location appeal.
One rising expression of this? Destination-inspired hotels—think a Balinese villa in southern Spain, a Moroccan riad in Tokyo, or a Tuscan farmhouse in Napa. It’s about experiencing the aesthetic and atmosphere of far-off places, without the long-haul flight.
- EN: destination country → pl-PL: kraj docelowy | Definition: The country where a journey ends. | Example: Wybierz kraj docelowy
- EN: direct → pl-PL: (lot) bezpośredni | Definition: A flight with no scheduled stops between the departure and arrival points. | Example: Nie znaleźliśmy lotów bezpośrednich
- EN: direct flight → pl-PL: loty bezpośrednie | Definition: A flight with no scheduled stops between the departure and arrival points. | Example: Tylko loty bezpośrednie
- EN: domestic flight → pl-PL: lot krajowy | Definition: A flight within the same country. | Example: Znajdź tanie loty krajowe w: @@country@@
- EN: drop → pl-PL: spadek | Notes: (cen) | Example: Spadek ceny o 36 GBP

Pokaż spadki cen lotów do Londynu

Najnowsze spadki cen
- EN: drop → pl-PL: spadać | Example: Możliwe, że spadła cena Twojego lotu

Wybierz inne miejsce wylotu lub spróbuj poźniej. [drop by later – not applicable]

Ceny, które dzisiaj spadły

Ceny lotów do: @@target@@ spadły
- EN: drop-off → pl-PL: zwrot (samochodu) | Definition: The date, time or location where a rented vehicle is returned at the end of the rental period. | Example: Miejsce zwrotu samochodu
- EN: DROPS → pl-PL: DROPS | Definition: Feature name.

DROPS is a new “sub-brand” of Skyscanner. It is an app-exclusive product only available for logged-in users that helps travelers spot flight deals that have dropped by more than 20% and that are available for only 24h. | Notes: Follow the source capitalization.

Feature name. To be left in English

Gender note: masculine form. | Example: Poznaj DROPS

Pozwój DROPS wybrać kierunek Twojej kolejnej podróży
- EN: Drops → pl-PL: Drops | Definition: Feature name.

Drops is a new “sub-brand” of Skyscanner. It is an app-exclusive product only available for logged-in users that helps travelers spot flight deals that have dropped by more than 20% and that are available for only 24h. | Notes: Follow the source capitalization.

Feature name. To be left in English

Gender note: masculine form. | Example: Odśwież Drops

Dowiedz się więcej o funkcji Drops
- EN: economy → pl-PL: ekonomiczna | Definition: A category of rental cars that are typically small, fuel-efficient, and inexpensive. | Example: Wynajmij samochód klasy ekonomicznej
- EN: Economy → pl-PL: ekonomiczna | Definition: The Economy flight class refers to the most basic and affordable class of service on an airplane. | Example: Sprawdziliśmy loty w klasie ekonomicznej
- EN: electric → pl-PL: elektryczny | Definition: Vehicles powered by electricity, typically from batteries.
- EN: email → pl-PL: adres e-mail | Definition: Electronic mail address used for communication.
- EN: estimated price → pl-PL: cena szacunkowa [type] : szacunkowa cena [description] | Definition: An approximate cost for a service.
- EN: Everywhere → pl-PL: Cały świat | Definition: Option to search for travel destinations worldwide.
- EN: Excellent → pl-PL: Doskonała | Definition: Rating indicating superior quality or performance.
- EN: Excess Waiver → pl-PL: zniesienie udziału własnego | Definition: This is an additional insurance that covers the excess amount not covered by the CDW. If you buy an excess waiver, you won’t have to pay  anything in the event of a claim, as it "waives" your responsibility for the excess 
portion. So, the CDW reduces your liability for damage, while the excess waiver eliminates your out-of-pocket costs for the excess amount. | Example: Wybierz ubezpieczenie od kolizji z opcją zniesienia udziału własnego, aby mieć pewność, że nie poniesiesz żadnych kosztów.
- EN: explore → pl-PL: odkryć : odkrywać | Definition: Option to discover new destinations or services. | Example: Odkryj więcej
- EN: Explore everywhere → pl-PL: Odkrywaj świat | Definition: The sentence case will be used whenever the term is employed in the UI itself or as part of a sentence. | Example: Odkrywaj świat w maju.
- EN: Explore Everywhere → pl-PL: Odkrywaj świat | Definition: Used as feature or proper noun - Option to view travel options for various destinations globally. | Example: Odkrywaj świat w maju.
- EN: extra charge → pl-PL: dodatkowe opłaty | Definition: An additional fee for a service or product. | Example: Bez dodatkowych opłat.
- EN: Fair Fuel Policy → pl-PL: Przejrzyste zasady dotyczące paliwa | Definition: A policy ensuring fair charges for fuel in rental agreements. | Example: Porównaj warunki, takie jak cena za wynajem samochodu, łatwość odbioru, przejrzyste zasady dotyczące paliwa i inne
- EN: families → pl-PL: rodziny | Definition: Groups traveling together, typically including parents and children.
- EN: Family Miles → pl-PL: Rodzinne wyprawy | Definition: With the cost of living rising, many 20-somethings are still living at home—and that financial interdependence is now shaping how families travel. In 2026, we’ll see a growing wave of multigenerational holidays, where trips become a shared investment between parents, kids, and even grandparents.
But this isn’t just about splitting costs—it’s also about families. Stop the "catch-up trap" and start making memories.
- EN: FAQ → pl-PL: częste pytania | Definition: Frequently Asked Question
- EN: FAQs → pl-PL: częste pytania | Definition: Frequently Asked Questions | Example: Częste pytania podróżnych
- EN: fare → pl-PL: cena biletu | Definition: The cost of a ticket for travel. | Notes: Alternatively: cena lotu [NOT: cena za lot] | Example: Sprawdź na stronie przewoźnika co zawiera cena biletu
- EN: fee → pl-PL: opłata | Definition: A charge for a service or product. | Example: Niektórzy partnerzy płacą nam opłatę za polecenie, ale nie ma ona wpływu na to, jak szeregujemy hotele.
- EN: First Class → pl-PL: klasa pierwsza | Definition: A premium class of airline service offering high level of comfort and amenities.
- EN: Flexible dates → pl-PL: elastyczne daty | Definition: Previous "Whole month" feature. Calendar Tab that shows Whole month prices that allows users to make month view searches.
- EN: flight deal → pl-PL: oferta lotów | Definition: Discounted or special offer on air travel tickets. | Example: Przeglądaj oferty lotów
- EN: flight details → pl-PL: szczegóły lotu | Definition: Information about a specific flight. | Example: Przed dokonaniem rezerwacji zawsze sprawdzaj szczegóły lotów, ostateczne ceny i warunki.
- EN: flight emissions → pl-PL: emisje lotu | Definition: The amount of CO2 produced by a flight. Title for a feature that badges up flights with lower carbon dioxide emissions compared to other flights in the result set.
- EN: flight time → pl-PL: czas lotu | Definition: The duration of a flight.
- EN: Flights → pl-PL: Loty | Definition: Air travel services provided by airlines.
- EN: fuel → pl-PL: paliwo | Definition: Gasoline or diesel used to power vehicles, including cars, motorcycles, boats, or recreational vehicles.
- EN: full board → pl-PL: full board | Definition: Hotel option that covers accommodation and three meals a day (breakfast, lunch, and dinner). Drinks and additional activities are usually not included | Notes: Descriptively (if needed): pełne wyżywienie
- EN: full to full → pl-PL: odbiór i zwrot z pełnym bakiem | Definition: Fuel policy where the car is provided with a full tank and must be returned with a full tank.
- EN: fullsize → pl-PL: duży | Definition: A category of rental cars that are larger and offer more comfort and space.
- EN: getaway → pl-PL: wypad | Definition: A short vacation or trip, often taken to escape from daily routine and responsibilities. It usually involves traveling to a relaxing or enjoyable destination. | Notes: Alternatively: odpoczynek [context-dependent]
- EN: Glowmads → pl-PL: Glowmads | Definition: In 2026, skincare and beauty routines will move beyond social feeds and into real-world travel behaviours. ​​
Travellers won’t just be inspired by beauty content - they’ll start shaping their journeys around it. From inflight skincare rituals to visits to iconic local beauty retailers to buy local cult beauty products, beauty becomes part of the itinerary.​​
While Seoul continues to grow as a global symbol of beauty culture, this trend is less about where to go - and more about how beauty shapes the way people travel.
- EN: Good → pl-PL: Dobra | Definition: Rating indicating satisfactory quality or performance.
- EN: Great food → pl-PL: Świetne jedzenie | Definition: High-quality or highly recommended culinary experiences.
- EN: guest → pl-PL: goście | Definition: A person staying at a hotel or other accommodation.
- EN: guest house → pl-PL: pensjonat | Definition: A small, private hotel or lodging.
- EN: guest reviews → pl-PL: opinie gości | Definition: Feedback and ratings from customers who have used a service or stayed at a property.
- EN: half board → pl-PL: half board | Definition: Hotel option that covers accommodation, breakfast, and one other meal (usually dinner). Drinks and additional meals are typically not included. | Notes: Descriptively (if needed): śniadanie i obiadokolacja
- EN: hire car → pl-PL: wynajęty samochód | Definition: A vehicle rented for a short period, ranging from a few hours to several weeks, typically from a rental agency.
- EN: holiday rentals → pl-PL: domy wakacyjne | Definition: Properties available for short-term vacation stays.
- EN: home airport → pl-PL: lotnisko wylotu | Definition: The airport closest to a traveler's residence.
- EN: hostel → pl-PL: hostel | Definition: Budget-friendly accommodation
- EN: hotel → pl-PL: hotel | Definition: An establishment providing lodging, meals, or other guest services.
- EN: hotel deal → pl-PL: oferta hotelu | Definition: Discounted or special offer on hotel bookings.
- EN: Hotels → pl-PL: Hotele | Definition: Establishments providing lodging, meals, and other services for travelers.
- EN: hybrid → pl-PL: hybrydowy | Definition: Vehicles powered by both an internal combustion engine and an electric motor.
- EN: inbound flight → pl-PL: lot powrotny | Definition: The flight that takes the passenger back from their destination to their original departure location.
- EN: intermediate → pl-PL: średniej wielkości | Definition: A category of rental cars that are larger than economy but smaller than full-size.
- EN: itinerary → pl-PL: plan podróży | Definition: A detailed plan or schedule of a trip, listing all destinations, activities, and accommodations, along with the times and dates for each part of the journey.
- EN: journey → pl-PL: podróż | Definition: A journey refers to the act of traveling from one place to another, usually involving a significant distance or time commitment. | Example: Dążymy do tego, aby Twoja podróż była jak najbardziej komfortowa.
- EN: latest price → pl-PL: aktualna cena | Definition: The most recent cost for a service or product. | Example: Aby poznać aktualne ceny, odśwież wyniki wyszukiwania.
- EN: location → pl-PL: lokalizacja | Definition: A specific place or position where something is situated or where an event occurs.
- EN: log in → pl-PL: zalogować się | Definition: To access an account by entering credentials.
- EN: log out → pl-PL: wylogować się | Definition: To exit an account.
- EN: login → pl-PL: logowanie | Definition: The act of logging in to a computer, database, or system.
- EN: long wait → pl-PL: długie oczekiwanie | Definition: An extended period of waiting, often at airports between flights.
- EN: low-cost → pl-PL: ekonomiczne | Definition: Services, particularly airlines, that are designed to offer lower prices by reducing the range of services and amenities traditionally included in the fare.
- EN: lowest price → pl-PL: najniższa cena | Definition: The least expensive cost for a service or product.
- EN: luxury → pl-PL: luksusowe | Definition: High-end, premium vehicles offering superior comfort and features.
- EN: manual → pl-PL: ręczna | Definition: A type of vehicle transmission that requires the driver to manually shift gears.
- EN: mini → pl-PL: mini | Definition: A category of rental cars that are very small, typically suitable for city driving.
- EN: mobile app → pl-PL: aplikacja mobilna | Definition: An application designed for use on mobile devices.
- EN: motorcycle → pl-PL: motocykl | Definition: A two-wheeled motor vehicle.
- EN: Multi-city → pl-PL: Wiele miast | Definition: Multi-city flights are a smart way to see more destinations in one go, by adding extra legs to your trip. If, for example, you can’t decide between Paris or Rome, you can book flights to both cities and turn your trip into an itinerary. | Example: (podróż) do wielu miast
- EN: multi-city → pl-PL: wiele miast | Definition: Multi-city flights are a smart way to see more destinations in one go, by adding extra legs to your trip. If, for example, you can’t decide between Paris or Rome, you can book flights to both cities and turn your trip into an itinerary. | Example: (podróż) do wielu miast
- EN: Nearby airports → pl-PL: Lotniska w pobliżu | Definition: Widen your search for flight deals by selecting the “add nearby airports” option to search flight prices for all the nearest airports at your departure point and your destination to increases your chances of finding the best deal at both ends of your trip.
- EN: nearby airports → pl-PL: lotniska w pobliżu | Definition: Widen your search for flight deals by selecting the “add nearby airports” option to search flight prices for all the nearest airports at your departure point and your destination to increases your chances of finding the best deal at both ends of your trip.
- EN: Nightlife and entertainment → pl-PL: Życie nocne i rozrywka | Definition: Activities and venues that provide entertainment, typically during the evening, such as clubs and bars.
- EN: no extra fees → pl-PL: bez dodatkowych opłat | Definition: Indicates that there are no additional charges beyond the listed price.
- EN: non refundable → pl-PL: nie podlega zwrotowi | Definition: A booking or a charge that cannot be refunded.
- EN: non-protected transfer → pl-PL: przesiadka bez gwarancji | Definition: Booking connecting flights with more than one provider means the ongoing flight may not be guaranteed, and is at risk from delays or cancellations. It's also needed to collect your luggage and check into the second flight.
- EN: one way → pl-PL: w jedną stronę | Definition: A trip that does not include a return journey. | Example: Dodaj datę powrotu lub wyszukaj loty w jedną stronę

Czy mogę wynająć samochód na podróż w jedną stronę w: {car_hire_origin_city}?
- EN: one way → pl-PL: w jedną stronę | Definition: A train trip that does not include a return journey. | Example: Kup bilet na przejazd pociągiem w jedną stronę.
- EN: one-way → pl-PL: w jedną stronę | Definition: A trip that does not include a return journey.
- EN: outbound → pl-PL: lot tam | Definition: The flight that takes a passenger from their home or starting location to their destination. | Example: Nasza wyszukiwarka lotów umożliwia znalezienie lotów tam z: {origin_city}

Lot tam z: {airline}
- EN: outbound flight → pl-PL: lot tam | Definition: The flight that takes a passenger from their home or starting location to their destination. | Example: Nasza wyszukiwarka lotów umożliwia znalezienie lotów tam z: {origin_city}
- EN: Outdoor adventures → pl-PL: Przygody na łonie natury | Definition: Activities involving physical exertion in natural settings, such as hiking, rafting, or camping.
- EN: package → pl-PL: pakiet | Definition: Used in the meaning of “package holiday”, referring to the package deals in our Packages vertical that include flights and a hotel. This is for when we talk about packages in running copy and in general, as opposed to the vertical name. | Notes: You can also use "oferta pakietowa" descriptively when needed.
- EN: Packages → pl-PL: Pakiety
- EN: parking → pl-PL: parking | Definition: Space or facility to park vehicles. | Example: Lot tam z: {airline}
- EN: passenger → pl-PL: pasażerowie | Definition: An individual traveling on a plane, train, or other mode of transport.
- EN: passenger van → pl-PL: van osobowy | Definition: A van configured to carry passengers.
- EN: Pay on arrival → pl-PL: zapłacić na miejscu | Definition: Option to pay for a service upon arrival at the location.
- EN: pay on arrival → pl-PL: Zapłać na miejscu | Example: Wybierz opcję „Zapłać na miejscu” w wynikach wyszukiwania, aby wyświetlić tylko oferty tych hoteli w: {city_name}, w których możesz zapłacić po przybyciu na miejsce.
- EN: people carrier → pl-PL: bus | Definition: A vehicle designed to transport multiple passengers
- EN: pick up truck → pl-PL: pick-up | Definition: A light-duty truck with an enclosed cab and an open cargo area.
- EN: pick-up → pl-PL: odbiór | Definition: The act of collecting a rental vehicle. | Example: Anuluj bezpłatnie do 48 godzin przed odbiorem.

Wybierz miejsce odbioru
- EN: Premium → pl-PL: premium | Definition: A category of rental cars that offer higher-end features and more comfort.
- EN: Premium Economy → pl-PL: ekonomiczna premium | Definition: A class of airline service between economy and business class. | Notes: (klasa)
- EN: Price → pl-PL: cena | Definition: The cost of a service or product.
- EN: Price Alert → pl-PL: alert cenowy | Definition: Skyscanner's Price Alert feature notifies users via email or push notification about fluctuations in the prices of plane tickets they're interested in.
- EN: Price Alerts → pl-PL: alerty cenowe | Definition: Skyscanner's Price Alert feature notifies users via email or push notification about fluctuations in the prices of plane tickets they're interested in.
- EN: price per night → pl-PL: cena za dobę | Definition: The cost of accommodation for one night.
- EN: Privacy Policy → pl-PL: Polityka prywatności | Definition: Policy that outlines how Skyscanner handles users' personal information, emphasizing user control and transparency
- EN: private home → pl-PL: dom prywatny | Definition: Residential property that is rented out to travelers for short-term stays
- EN: property → pl-PL: obiekt | Definition: In the travel context, a property refers to a place of lodging, such as a hotel, resort, bed and breakfast, or vacation rental, where travelers can stay during their trip. | Example: Użyj pola wyszukiwania powyżej i wyszukaj odpowiedni obiekt.
- EN: provider → pl-PL: dostawca | Definition: A company or individual offering a service. Car Hire vertical
- EN: provider → pl-PL: sprzedawca | Definition: A company or individual offering a service.
- EN: provider → pl-PL: sprzedawca | Definition: A company or individual offering a service. Hotel vertical | Notes: Alternatively: dostawca / firma (dokunująca rezerwacji) [context-dependent]
- EN: rating → pl-PL: ocena | Definition: A score or review given to a service or product. | Example: Podsumowanie ocen gości
- EN: Read more → pl-PL: Więcej : Więcej informacji : Czytaj dalej [expandable content] | Definition: Option to view additional information. | Example: Więcej informacji na temat historii Skyscannera możesz znaleźć tutaj.
- EN: recent searches → pl-PL: ostatnie wyszukiwania | Definition: A list of previous search queries. | Example: Miejsca docelowe wybrane na podstawie Twoich ostatnich wyszukiwań
- EN: Recommended Provider → pl-PL: Świetny dostawca | Definition: A booking partner that meets our top-quality criteria, demonstrated by a high Partner Quality Score, strong price accuracy, and reliable downstream visibility. This designation helps travelers make informed choices by identifying partners that offer a trustworthy and seamless booking experience.
- EN: recreational vehicle → pl-PL: kamper | Definition: RV, a motor vehicle or trailer equipped with living space and amenities for travel.
- EN: residence → pl-PL: rezydencja | Definition: Fully furnished apartments or suites that are available for short-term or long-term stays or  a private home or villa that is rented out to travelers for short-term stays,
- EN: resort → pl-PL: ośrodek wypoczynkowy | Definition: A place that offers a variety of recreational activities and amenities
- EN: result → pl-PL: wyniki | Definition: An outcome from a search or query. | Example: 10 najlepszych wyników posortowanych według odległości
- EN: return → pl-PL: (lot) w obie strony | Definition: A flight that includes both the outbound and inbound journeys, completing the round trip. | Example: Wyszukaj loty w jedną stronę lub wybierz loty w obie strony
- EN: return → pl-PL: lot w obie strony | Definition: A flight that returns to the original departure location (1 flight) | Example: Select your departure and return dates to find roundtrip offers.

Wybierz datę wylotu i powrotu, aby znaleźć oferty lotów w obie strony.
- EN: return → pl-PL: w obie strony | Definition: A train journey that includes both the outbound and inbound journeys, completing the round trip. | Example: Wybierz podróż pociągiem. Kup bilet w obie strony.
- EN: return → pl-PL: powrotny | Definition: A train trip to return to the original departure location (1 trip)" | Example: Kup bilet powrotny.
- EN: return date → pl-PL: data powrotu | Definition: The date of the return journey. | Example: Wybierz datę powrotu
- EN: return flight → pl-PL: lot w obie strony | Definition: A flight that includes both the outbound and inbound journeys, completing the round trip. | Example: Wyszukaj loty w obie strony
- EN: return flight → pl-PL: lot powrotny | Definition: A flight that returns to the original departure location (1 flight) | Example: Najtańszy bezpośredni lot powrotny
- EN: return trip → pl-PL: podróż w obie strony | Definition: A journey including both the outbound journey to the destination and the inbound journey back to the starting location.
- EN: Review → pl-PL: opinia | Definition: Verb - Add an evaluation or feedback about a service or product.
- EN: review → pl-PL: opinia | Definition: Noun - An evaluation or feedback about a service or product. | Example: Dodaj opinię
- EN: room → pl-PL: pokoje | Definition: A space within a building for accommodation | Example: Wybierz typ pokoju

Kliknij, aby zarezerwować pokój bezpośrednio na stronie dostawcy.
- EN: same to same → pl-PL: odbiór i zwrot z tym samym poziomem paliwa | Definition: Fuel policy where the car must be returned with the same amount of fuel as when picked up.
- EN: Satisfactory → pl-PL: Zadowalająca | Definition: Rating indicating acceptable quality or performance, but with some issues.
- EN: Saved → pl-PL: Zapisane | Definition: For travellers planning one or more trips, this feature empowers users to save different elements of their travel, so they can compare and monitor prices, book at a time that suits and/or find the perfect option.
- EN: Savvy Search → pl-PL: Planuj z AI | Definition: Savvy Search is a generative AI planning tool developed internally. It is designed to help travelers discover new destinations and experiences by asking questions like "What kind of trip is on your mind?" This tool is powered by OpenAI's ChatGPT and uses historical internet data along with Skyscanner's destination and price data to provide travel recommendations | Notes: Product feature | Example: Przedstawiamy narzędzie Planuj z AI

Planuj z AI, aby odkryć miejsca, które nigdy nie przyszły Ci na myśl.

("Narzędzie" can be omitted, when the name of the tool works in the sentence and also as a CTA.)
- EN: search → pl-PL: wyszukiwanie | Definition: The process of looking for specific travel-related information or options, such as flights, hotels, rental cars | Example: Rozpocznij wyszukiwanie.

Nie znaleźliśmy lotów spełniających kryteria wyszukiwania.
- EN: search → pl-PL: szukać | Definition: To look for information or options. | Example: Szukaj lotów w jedną stronę

Szukamy dostawców
- EN: select → pl-PL: wybrać | Definition: The act of choosing or picking a specific option from a range of available choices. | Example: Wybierz miejsce docelowe
- EN: self catering → pl-PL: (wyżywienie) we własnym zakresie | Definition: This type of accommodation may or may not provide guests with kitchen facilities to prepare their own meals. No meals are included in the package | Notes: Please note: "wyżywienie" can be skipped if it is implied in the context.
Alternative option (to avoid repetitions): bez wyżywienia
- EN: self-transfer → pl-PL: przesiadka na ryzyko pasażera | Definition: When passengers need to transfer between flights on their own without airline assistance. It may be necessary to check in separately for each connecting flight. | Example: Ta podróż obejmuje przesiadkę na ryzyko pasażera.
- EN: Shelf Discovery → pl-PL: Sklepowe buszowanie | Definition: In 2026, travellers are redefining what it means to eat like a local. Dining out at restaurants is no longer the only way to taste a destination — the real flavour is found in the country's food aisles. 
From Japan’s high-tech convenience stores and Iceland’s geothermal-baked bread to the endless varieties of Fanta flavours in Germany, supermarkets offer a unique glimpse into local life. 
In 2026, travellers will hunt for quirky snacks, regional specialties, and limited-edition treats, turning routine grocery runs into cultural deep dives.
- EN: sign up → pl-PL: zarejestrować się | Definition: Option to create a new account. | Example: Zaloguj lub zarejestruj się, aby podzielić się z innymi swoimi doświadczeniami
- EN: solo travellers → pl-PL: goście indywidualni | Definition: Individuals traveling alone.
- EN: sports car → pl-PL: samochód sportowy | Definition: A car designed for high performance and agility, often with a sleek design.
- EN: standard → pl-PL: standardowy | Definition: A category of rental cars that offer a balance between size, comfort, and cost.
- EN: star → pl-PL: gwiazdka | Definition: A hotel star rating is a system used to classify hotels based on their quality, amenities, service, and overall guest experience. | Example: Hotele:
3-gwiazdkowe hotele w cenie od @@hotelPrice@@.

Opinie wypożyczalni/partnerów:
Ocena 4 na 5 gwiazdek na podstawie 300 opinii.
- EN: star → pl-PL: gwiazdka | Example: Hotele:
3-gwiazdkowe hotele w cenie od @@hotelPrice@@.

Opinie wypożyczalni/partnerów:
Ocena 4 na 5 gwiazdek na podstawie 300 opinii.
- EN: star rating → pl-PL: liczba gwiazdek | Definition: A hotel star rating is a system used to classify hotels based on their quality, amenities, service, and overall guest experience.
- EN: stay → pl-PL: pobyt | Definition: Period during which a guest resides at an accommodation, such as a hotel.
- EN: stop → pl-PL: przesiadka | Definition: Flight connection at other airport before reaching the destination (not direct flights) | Example: Maksymalnie 2 przesiadki
- EN: Suggested for you → pl-PL: Wybrane dla Ciebie | Definition: Personalized recommendations based on your interests or past behavior.
- EN: SUV → pl-PL: SUV | Definition: Sport Utility Vehicle, a larger car often with off-road capability and more passenger/cargo space.
- EN: tax → pl-PL: podatek | Definition: Compulsory financial charges imposed by a government.
- EN: Terms of Service → pl-PL: Warunki korzystania z usługi : Warunki korzystania z usług Skyscannera | Definition: The rules and conditions for using a service.
- EN: Top Provider → pl-PL: Świetny dostawca | Definition: A booking partner that meets our top-quality criteria, demonstrated by a high Partner Quality Score, strong price accuracy, and reliable downstream visibility. This designation helps travelers make informed choices by identifying partners that offer a trustworthy and seamless booking experience.
- EN: total price → pl-PL: łączna cena | Definition: The complete cost of a service or product. | Example: Łączna cena za wszystkie noclegi
- EN: transfer → pl-PL: przesiadka | Definition: The act of moving travelers from one location to another.
- EN: transfer → pl-PL: przesiadka | Definition: Service or act of moving from one mode of transport to another.
- EN: transmission → pl-PL: skrzynia biegów | Definition: The mechanism by which power is transmitted from the engine to the wheels in a vehicle.
- EN: travel agent → pl-PL: biuro podróży | Definition: A professional who plans and books travel arrangements for clients.
- EN: travel Hack → pl-PL: wskazówka | Definition: Tips and strategies for making travel easier or cheaper. | Notes: dla podróżnych is usually unnecessary and awkward. The reader knows it from the context. | Example: Wskazówka: spakuj wygodne buty
- EN: travel insurance → pl-PL: ubezpieczenie turystyczne | Definition: Coverage for risks associated with travel, such as trip cancellations and medical emergencies. | Example: Upewnij się, że masz odpowiednie ubezpieczenie turystyczne
- EN: Travel Trends 2026 → pl-PL: Trendy w podróżach 2026 | Definition: Landing page
- EN: Travel Tuesday → pl-PL: Travel Tuesday | Definition: A marketing initiative on the Tuesday after Thanksgiving, offering significant discounts on travel-related purchases like flights and hotels. | Example: Z okazji Travel Tuesday mamy mnóstwo promocji dla podróżnych.
- EN: traveller → pl-PL: podróżny | Definition: An individual who is traveling. | Example: Stale udoskonalamy naszą aplikację, aby była jeszcze wygodnejsza dla podróżnych takich jak Ty.

Opinie innych podróżnych
- EN: trip → pl-PL: podróż | Definition: A journey from one place to another. | Example: Skyscanner ułatwia planowanie kolejnych podróży
- EN: Underrated Destinations → pl-PL: Niedoceniane kierunki | Definition: Travel locations that are less popular but worth visiting. | Example: Niedoceniane kierunki: nowy filtr wyszukiwania
- EN: unique stays → pl-PL: wyjątkowe miejsca | Definition: Accommodations that offer unusual or distinctive experiences.
- EN: unlimited mileage → pl-PL: bez limitu kilometrów : bez limitu mil | Definition: Option allowing unlimited travel distance in a rental vehicle. | Example: Pokaż tylko oferty bez limitu kilometrów
- EN: van → pl-PL: van | Definition: A larger vehicle used for transporting goods or people.
- EN: vehicle → pl-PL: pojazd | Definition: A mode of transportation used to move from one place to another.
- EN: Very good → pl-PL: Bardzo dobry | Definition: Rating indicating high quality or performance.
- EN: Vibes → pl-PL: Inspiracje | Definition: Vibes is an AI-powered feature developed by Skyscanner that enhances the Explore Everywhere experience by categorising and sorting travel destinations in a smart, intuitive way to inspire travellers. These “vibes” are essentially themed tiles or categories—likely based on mood, activity type, scenery, or travel style (e.g. “beach escape”, “romantic getaway”, “adventurous hiking”)—that help users discover destinations they might not have otherwise considered.
- EN: wagon → pl-PL: kombi | Definition: A car with a longer body and more cargo space, often with a rear hatch door.
- EN: Whole month → pl-PL: Cały miesiąc | Definition: Option to view availability and prices for an entire month. | Notes: Sentence case as a feature name and lower case in generic context | Example: Wybierz narzędzie „Cały miesiąc” na Skyscannerze

Wybierz cały miesiąc
- EN: whole month → pl-PL: Cały miesiąc | Definition: Option to view availability and prices for an entire month. | Notes: Sentence case as a feature name and lower case in generic context | Example: Wybierz narzędzie „Cały miesiąc” na Skyscannerze

Wybierz cały miesiąc
- EN: With honours → pl-PL: Wzorowy | Definition: A high distinction or recognition for excellence.

2026-09-01 10:17:59,248 - INFO - [PL] Agent 1 window 0-9 (10 batches)
2026-09-01 10:17:59,333 - INFO - AFC is enabled with max remote calls: 10.
2026-09-01 10:17:59,333 - WARNING - Direct use of automatic function calling (AFC) in AsyncModels.generate_content is not recommended. Instead, we recommend to use AFC in AsyncChat.send_message. Similarly, direct use of AFC in AsyncModels.generate_content_stream is not recommended. Instead, we recommend to use AFC in AsyncChat.send_message_stream.
2026-09-01 10:17:59,354 - INFO - AFC is enabled with max remote calls: 10.
2026-09-01 10:17:59,354 - INFO - AFC is enabled with max remote calls: 10.
2026-09-01 10:17:59,355 - INFO - AFC is enabled with max remote calls: 10.
2026-09-01 10:17:59,356 - INFO - AFC is enabled with max remote calls: 10.
2026-09-01 10:17:59,357 - INFO - AFC is enabled with max remote calls: 10.
2026-09-01 10:17:59,357 - INFO - AFC is enabled with max remote calls: 10.
2026-09-01 10:17:59,358 - INFO - AFC is enabled with max remote calls: 10.
2026-09-01 10:17:59,359 - INFO - AFC is enabled with max remote calls: 10.
2026-09-01 10:17:59,360 - INFO - AFC is enabled with max remote calls: 10.
2026-09-01 10:18:16,958 - INFO - HTTP Request: POST https://generativelanguage.googleapis.com/v1beta/models/gemini-2.5-pro:generateContent "HTTP/1.1 200 OK"
2026-09-01 10:18:18,257 - INFO - HTTP Request: POST https://generativelanguage.googleapis.com/v1beta/models/gemini-2.5-pro:generateContent "HTTP/1.1 200 OK"
2026-09-01 10:18:20,605 - INFO - HTTP Request: POST https://generativelanguage.googleapis.com/v1beta/models/gemini-2.5-pro:generateContent "HTTP/1.1 200 OK"
2026-09-01 10:18:24,378 - INFO - HTTP Request: POST https://generativelanguage.googleapis.com/v1beta/models/gemini-2.5-pro:generateContent "HTTP/1.1 200 OK"
2026-09-01 10:18:25,544 - INFO - HTTP Request: POST https://generativelanguage.googleapis.com/v1beta/models/gemini-2.5-pro:generateContent "HTTP/1.1 200 OK"
2026-09-01 10:18:27,855 - INFO - HTTP Request: POST https://generativelanguage.googleapis.com/v1beta/models/gemini-2.5-pro:generateContent "HTTP/1.1 200 OK"
2026-09-01 10:18:31,887 - INFO - HTTP Request: POST https://generativelanguage.googleapis.com/v1beta/models/gemini-2.5-pro:generateContent "HTTP/1.1 200 OK"
2026-09-01 10:18:36,635 - INFO - HTTP Request: POST https://generativelanguage.googleapis.com/v1beta/models/gemini-2.5-pro:generateContent "HTTP/1.1 200 OK"
2026-09-01 10:18:42,123 - INFO - HTTP Request: POST https://generativelanguage.googleapis.com/v1beta/models/gemini-2.5-pro:generateContent "HTTP/1.1 200 OK"
2026-09-01 10:18:53,154 - INFO - HTTP Request: POST https://generativelanguage.googleapis.com/v1beta/models/gemini-2.5-pro:generateContent "HTTP/1.1 200 OK"
2026-09-01 10:18:53,171 - INFO - [PL] Waiting 10.0s before next Agent 1 window…
2026-09-01 10:19:03,175 - INFO - [PL] Agent 1 window 10-19 (10 batches)
2026-09-01 10:19:03,267 - INFO - AFC is enabled with max remote calls: 10.
2026-09-01 10:19:03,270 - INFO - AFC is enabled with max remote calls: 10.
2026-09-01 10:19:03,271 - INFO - AFC is enabled with max remote calls: 10.
2026-09-01 10:19:03,271 - INFO - AFC is enabled with max remote calls: 10.
2026-09-01 10:19:03,272 - INFO - AFC is enabled with max remote calls: 10.
2026-09-01 10:19:03,273 - INFO - AFC is enabled with max remote calls: 10.
2026-09-01 10:19:03,274 - INFO - AFC is enabled with max remote calls: 10.
2026-09-01 10:19:03,275 - INFO - AFC is enabled with max remote calls: 10.
2026-09-01 10:19:03,276 - INFO - AFC is enabled with max remote calls: 10.
2026-09-01 10:19:03,278 - INFO - AFC is enabled with max remote calls: 10.
2026-09-01 10:19:19,134 - INFO - HTTP Request: POST https://generativelanguage.googleapis.com/v1beta/models/gemini-2.5-pro:generateContent "HTTP/1.1 200 OK"
2026-09-01 10:19:19,252 - INFO - HTTP Request: POST https://generativelanguage.googleapis.com/v1beta/models/gemini-2.5-pro:generateContent "HTTP/1.1 200 OK"
2026-09-01 10:19:19,771 - INFO - HTTP Request: POST https://generativelanguage.googleapis.com/v1beta/models/gemini-2.5-pro:generateContent "HTTP/1.1 200 OK"
2026-09-01 10:19:19,901 - INFO - HTTP Request: POST https://generativelanguage.googleapis.com/v1beta/models/gemini-2.5-pro:generateContent "HTTP/1.1 200 OK"
2026-09-01 10:19:20,791 - INFO - HTTP Request: POST https://generativelanguage.googleapis.com/v1beta/models/gemini-2.5-pro:generateContent "HTTP/1.1 200 OK"
2026-09-01 10:19:21,405 - INFO - HTTP Request: POST https://generativelanguage.googleapis.com/v1beta/models/gemini-2.5-pro:generateContent "HTTP/1.1 200 OK"
2026-09-01 10:19:22,418 - INFO - HTTP Request: POST https://generativelanguage.googleapis.com/v1beta/models/gemini-2.5-pro:generateContent "HTTP/1.1 200 OK"
2026-09-01 10:19:26,465 - INFO - HTTP Request: POST https://generativelanguage.googleapis.com/v1beta/models/gemini-2.5-pro:generateContent "HTTP/1.1 200 OK"
2026-09-01 10:19:27,822 - INFO - HTTP Request: POST https://generativelanguage.googleapis.com/v1beta/models/gemini-2.5-pro:generateContent "HTTP/1.1 200 OK"
2026-09-01 10:19:31,206 - INFO - HTTP Request: POST https://generativelanguage.googleapis.com/v1beta/models/gemini-2.5-pro:generateContent "HTTP/1.1 200 OK"
2026-09-01 10:19:31,215 - INFO - [PL] Waiting 10.0s before next Agent 1 window…
2026-09-01 10:19:41,218 - INFO - [PL] Agent 1 window 20-29 (10 batches)
2026-09-01 10:19:41,300 - INFO - AFC is enabled with max remote calls: 10.
2026-09-01 10:19:41,302 - INFO - AFC is enabled with max remote calls: 10.
2026-09-01 10:19:41,303 - INFO - AFC is enabled with max remote calls: 10.
2026-09-01 10:19:41,304 - INFO - AFC is enabled with max remote calls: 10.
2026-09-01 10:19:41,305 - INFO - AFC is enabled with max remote calls: 10.
2026-09-01 10:19:41,306 - INFO - AFC is enabled with max remote calls: 10.
2026-09-01 10:19:41,307 - INFO - AFC is enabled with max remote calls: 10.
2026-09-01 10:19:41,307 - INFO - AFC is enabled with max remote calls: 10.
2026-09-01 10:19:41,308 - INFO - AFC is enabled with max remote calls: 10.
2026-09-01 10:19:41,309 - INFO - AFC is enabled with max remote calls: 10.
2026-09-01 10:19:56,277 - INFO - HTTP Request: POST https://generativelanguage.googleapis.com/v1beta/models/gemini-2.5-pro:generateContent "HTTP/1.1 200 OK"
2026-09-01 10:20:00,650 - INFO - HTTP Request: POST https://generativelanguage.googleapis.com/v1beta/models/gemini-2.5-pro:generateContent "HTTP/1.1 200 OK"
2026-09-01 10:20:02,319 - INFO - HTTP Request: POST https://generativelanguage.googleapis.com/v1beta/models/gemini-2.5-pro:generateContent "HTTP/1.1 200 OK"
2026-09-01 10:20:02,773 - INFO - HTTP Request: POST https://generativelanguage.googleapis.com/v1beta/models/gemini-2.5-pro:generateContent "HTTP/1.1 200 OK"
2026-09-01 10:20:03,958 - INFO - HTTP Request: POST https://generativelanguage.googleapis.com/v1beta/models/gemini-2.5-pro:generateContent "HTTP/1.1 200 OK"
2026-09-01 10:20:06,272 - INFO - HTTP Request: POST https://generativelanguage.googleapis.com/v1beta/models/gemini-2.5-pro:generateContent "HTTP/1.1 200 OK"
2026-09-01 10:20:08,461 - INFO - HTTP Request: POST https://generativelanguage.googleapis.com/v1beta/models/gemini-2.5-pro:generateContent "HTTP/1.1 200 OK"
2026-09-01 10:20:09,013 - INFO - HTTP Request: POST https://generativelanguage.googleapis.com/v1beta/models/gemini-2.5-pro:generateContent "HTTP/1.1 200 OK"
2026-09-01 10:20:10,433 - INFO - HTTP Request: POST https://generativelanguage.googleapis.com/v1beta/models/gemini-2.5-pro:generateContent "HTTP/1.1 200 OK"
2026-09-01 10:20:19,402 - INFO - HTTP Request: POST https://generativelanguage.googleapis.com/v1beta/models/gemini-2.5-pro:generateContent "HTTP/1.1 200 OK"
2026-09-01 10:20:19,420 - INFO - [PL] Waiting 10.0s before next Agent 1 window…
2026-09-01 10:20:29,424 - INFO - [PL] Agent 1 window 30-39 (10 batches)
2026-09-01 10:20:29,510 - INFO - AFC is enabled with max remote calls: 10.
2026-09-01 10:20:29,512 - INFO - AFC is enabled with max remote calls: 10.
2026-09-01 10:20:29,513 - INFO - AFC is enabled with max remote calls: 10.
2026-09-01 10:20:29,514 - INFO - AFC is enabled with max remote calls: 10.
2026-09-01 10:20:29,515 - INFO - AFC is enabled with max remote calls: 10.
2026-09-01 10:20:29,516 - INFO - AFC is enabled with max remote calls: 10.
2026-09-01 10:20:29,517 - INFO - AFC is enabled with max remote calls: 10.
2026-09-01 10:20:29,518 - INFO - AFC is enabled with max remote calls: 10.
2026-09-01 10:20:29,519 - INFO - AFC is enabled with max remote calls: 10.
2026-09-01 10:20:29,521 - INFO - AFC is enabled with max remote calls: 10.
2026-09-01 10:20:42,875 - INFO - HTTP Request: POST https://generativelanguage.googleapis.com/v1beta/models/gemini-2.5-pro:generateContent "HTTP/1.1 200 OK"
2026-09-01 10:20:48,557 - INFO - HTTP Request: POST https://generativelanguage.googleapis.com/v1beta/models/gemini-2.5-pro:generateContent "HTTP/1.1 200 OK"
2026-09-01 10:20:49,261 - INFO - HTTP Request: POST https://generativelanguage.googleapis.com/v1beta/models/gemini-2.5-pro:generateContent "HTTP/1.1 200 OK"
2026-09-01 10:20:49,814 - INFO - HTTP Request: POST https://generativelanguage.googleapis.com/v1beta/models/gemini-2.5-pro:generateContent "HTTP/1.1 200 OK"
2026-09-01 10:20:50,621 - INFO - HTTP Request: POST https://generativelanguage.googleapis.com/v1beta/models/gemini-2.5-pro:generateContent "HTTP/1.1 200 OK"
2026-09-01 10:20:53,049 - INFO - HTTP Request: POST https://generativelanguage.googleapis.com/v1beta/models/gemini-2.5-pro:generateContent "HTTP/1.1 200 OK"
2026-09-01 10:20:53,363 - INFO - HTTP Request: POST https://generativelanguage.googleapis.com/v1beta/models/gemini-2.5-pro:generateContent "HTTP/1.1 200 OK"
2026-09-01 10:21:01,549 - INFO - HTTP Request: POST https://generativelanguage.googleapis.com/v1beta/models/gemini-2.5-pro:generateContent "HTTP/1.1 200 OK"
2026-09-01 10:21:02,708 - INFO - HTTP Request: POST https://generativelanguage.googleapis.com/v1beta/models/gemini-2.5-pro:generateContent "HTTP/1.1 200 OK"
2026-09-01 10:21:19,181 - INFO - HTTP Request: POST https://generativelanguage.googleapis.com/v1beta/models/gemini-2.5-pro:generateContent "HTTP/1.1 200 OK"
2026-09-01 10:21:19,198 - INFO - [PL] Waiting 10.0s before next Agent 1 window…
2026-09-01 10:21:29,202 - INFO - [PL] Agent 1 window 40-49 (10 batches)
2026-09-01 10:21:29,305 - INFO - AFC is enabled with max remote calls: 10.
2026-09-01 10:21:29,311 - INFO - AFC is enabled with max remote calls: 10.
2026-09-01 10:21:29,312 - INFO - AFC is enabled with max remote calls: 10.
2026-09-01 10:21:29,313 - INFO - AFC is enabled with max remote calls: 10.
2026-09-01 10:21:29,314 - INFO - AFC is enabled with max remote calls: 10.
2026-09-01 10:21:29,315 - INFO - AFC is enabled with max remote calls: 10.
2026-09-01 10:21:29,316 - INFO - AFC is enabled with max remote calls: 10.
2026-09-01 10:21:29,317 - INFO - AFC is enabled with max remote calls: 10.
2026-09-01 10:21:29,318 - INFO - AFC is enabled with max remote calls: 10.
2026-09-01 10:21:29,319 - INFO - AFC is enabled with max remote calls: 10.
2026-09-01 10:21:49,229 - INFO - HTTP Request: POST https://generativelanguage.googleapis.com/v1beta/models/gemini-2.5-pro:generateContent "HTTP/1.1 200 OK"
2026-09-01 10:21:49,527 - INFO - HTTP Request: POST https://generativelanguage.googleapis.com/v1beta/models/gemini-2.5-pro:generateContent "HTTP/1.1 200 OK"
2026-09-01 10:21:50,372 - INFO - HTTP Request: POST https://generativelanguage.googleapis.com/v1beta/models/gemini-2.5-pro:generateContent "HTTP/1.1 200 OK"
2026-09-01 10:21:51,625 - INFO - HTTP Request: POST https://generativelanguage.googleapis.com/v1beta/models/gemini-2.5-pro:generateContent "HTTP/1.1 200 OK"
2026-09-01 10:21:57,783 - INFO - HTTP Request: POST https://generativelanguage.googleapis.com/v1beta/models/gemini-2.5-pro:generateContent "HTTP/1.1 200 OK"
2026-09-01 10:21:59,276 - INFO - HTTP Request: POST https://generativelanguage.googleapis.com/v1beta/models/gemini-2.5-pro:generateContent "HTTP/1.1 200 OK"
2026-09-01 10:22:04,525 - INFO - HTTP Request: POST https://generativelanguage.googleapis.com/v1beta/models/gemini-2.5-pro:generateContent "HTTP/1.1 200 OK"
2026-09-01 10:22:06,321 - INFO - HTTP Request: POST https://generativelanguage.googleapis.com/v1beta/models/gemini-2.5-pro:generateContent "HTTP/1.1 200 OK"
2026-09-01 10:22:08,065 - INFO - HTTP Request: POST https://generativelanguage.googleapis.com/v1beta/models/gemini-2.5-pro:generateContent "HTTP/1.1 200 OK"
2026-09-01 10:22:09,817 - INFO - HTTP Request: POST https://generativelanguage.googleapis.com/v1beta/models/gemini-2.5-pro:generateContent "HTTP/1.1 200 OK"
2026-09-01 10:22:09,821 - INFO - [PL] Waiting 10.0s before next Agent 1 window…
2026-09-01 10:22:19,829 - INFO - [PL] Agent 1 window 50-59 (10 batches)
2026-09-01 10:22:19,928 - INFO - AFC is enabled with max remote calls: 10.
2026-09-01 10:22:19,931 - INFO - AFC is enabled with max remote calls: 10.
2026-09-01 10:22:19,932 - INFO - AFC is enabled with max remote calls: 10.
2026-09-01 10:22:19,933 - INFO - AFC is enabled with max remote calls: 10.
2026-09-01 10:22:19,934 - INFO - AFC is enabled with max remote calls: 10.
2026-09-01 10:22:19,935 - INFO - AFC is enabled with max remote calls: 10.
2026-09-01 10:22:19,936 - INFO - AFC is enabled with max remote calls: 10.
2026-09-01 10:22:19,937 - INFO - AFC is enabled with max remote calls: 10.
2026-09-01 10:22:19,938 - INFO - AFC is enabled with max remote calls: 10.
2026-09-01 10:22:19,938 - INFO - AFC is enabled with max remote calls: 10.
2026-09-01 10:22:34,246 - INFO - HTTP Request: POST https://generativelanguage.googleapis.com/v1beta/models/gemini-2.5-pro:generateContent "HTTP/1.1 200 OK"
2026-09-01 10:22:34,251 - INFO - HTTP Request: POST https://generativelanguage.googleapis.com/v1beta/models/gemini-2.5-pro:generateContent "HTTP/1.1 200 OK"
2026-09-01 10:22:34,978 - INFO - HTTP Request: POST https://generativelanguage.googleapis.com/v1beta/models/gemini-2.5-pro:generateContent "HTTP/1.1 200 OK"
2026-09-01 10:22:36,198 - INFO - HTTP Request: POST https://generativelanguage.googleapis.com/v1beta/models/gemini-2.5-pro:generateContent "HTTP/1.1 200 OK"
2026-09-01 10:22:37,497 - INFO - HTTP Request: POST https://generativelanguage.googleapis.com/v1beta/models/gemini-2.5-pro:generateContent "HTTP/1.1 200 OK"
2026-09-01 10:22:39,861 - INFO - HTTP Request: POST https://generativelanguage.googleapis.com/v1beta/models/gemini-2.5-pro:generateContent "HTTP/1.1 200 OK"
2026-09-01 10:22:41,193 - INFO - HTTP Request: POST https://generativelanguage.googleapis.com/v1beta/models/gemini-2.5-pro:generateContent "HTTP/1.1 200 OK"
2026-09-01 10:22:41,318 - INFO - HTTP Request: POST https://generativelanguage.googleapis.com/v1beta/models/gemini-2.5-pro:generateContent "HTTP/1.1 200 OK"
2026-09-01 10:22:42,247 - INFO - HTTP Request: POST https://generativelanguage.googleapis.com/v1beta/models/gemini-2.5-pro:generateContent "HTTP/1.1 200 OK"
2026-09-01 10:22:45,972 - INFO - HTTP Request: POST https://generativelanguage.googleapis.com/v1beta/models/gemini-2.5-pro:generateContent "HTTP/1.1 200 OK"
2026-09-01 10:22:45,980 - INFO - [PL] Waiting 10.0s before next Agent 1 window…
2026-09-01 10:22:55,990 - INFO - [PL] Agent 1 window 60-69 (10 batches)
2026-09-01 10:22:56,070 - INFO - AFC is enabled with max remote calls: 10.
2026-09-01 10:22:56,072 - INFO - AFC is enabled with max remote calls: 10.
2026-09-01 10:22:56,073 - INFO - AFC is enabled with max remote calls: 10.
2026-09-01 10:22:56,074 - INFO - AFC is enabled with max remote calls: 10.
2026-09-01 10:22:56,075 - INFO - AFC is enabled with max remote calls: 10.
2026-09-01 10:22:56,076 - INFO - AFC is enabled with max remote calls: 10.
2026-09-01 10:22:56,077 - INFO - AFC is enabled with max remote calls: 10.
2026-09-01 10:22:56,078 - INFO - AFC is enabled with max remote calls: 10.
2026-09-01 10:22:56,078 - INFO - AFC is enabled with max remote calls: 10.
2026-09-01 10:22:56,080 - INFO - AFC is enabled with max remote calls: 10.
2026-09-01 10:23:10,279 - INFO - HTTP Request: POST https://generativelanguage.googleapis.com/v1beta/models/gemini-2.5-pro:generateContent "HTTP/1.1 200 OK"
2026-09-01 10:23:10,559 - INFO - HTTP Request: POST https://generativelanguage.googleapis.com/v1beta/models/gemini-2.5-pro:generateContent "HTTP/1.1 200 OK"
2026-09-01 10:23:12,679 - INFO - HTTP Request: POST https://generativelanguage.googleapis.com/v1beta/models/gemini-2.5-pro:generateContent "HTTP/1.1 200 OK"
2026-09-01 10:23:15,190 - INFO - HTTP Request: POST https://generativelanguage.googleapis.com/v1beta/models/gemini-2.5-pro:generateContent "HTTP/1.1 200 OK"
2026-09-01 10:23:16,416 - INFO - HTTP Request: POST https://generativelanguage.googleapis.com/v1beta/models/gemini-2.5-pro:generateContent "HTTP/1.1 200 OK"
2026-09-01 10:23:21,877 - INFO - HTTP Request: POST https://generativelanguage.googleapis.com/v1beta/models/gemini-2.5-pro:generateContent "HTTP/1.1 200 OK"
2026-09-01 10:23:23,995 - INFO - HTTP Request: POST https://generativelanguage.googleapis.com/v1beta/models/gemini-2.5-pro:generateContent "HTTP/1.1 200 OK"
2026-09-01 10:23:34,550 - INFO - HTTP Request: POST https://generativelanguage.googleapis.com/v1beta/models/gemini-2.5-pro:generateContent "HTTP/1.1 200 OK"
2026-09-01 10:23:36,810 - INFO - HTTP Request: POST https://generativelanguage.googleapis.com/v1beta/models/gemini-2.5-pro:generateContent "HTTP/1.1 200 OK"
2026-09-01 10:24:01,911 - INFO - HTTP Request: POST https://generativelanguage.googleapis.com/v1beta/models/gemini-2.5-pro:generateContent "HTTP/1.1 200 OK"
2026-09-01 10:24:01,934 - INFO - [PL] Waiting 10.0s before next Agent 1 window…
2026-09-01 10:24:11,939 - INFO - [PL] Agent 1 window 70-79 (10 batches)
2026-09-01 10:24:12,034 - INFO - AFC is enabled with max remote calls: 10.
2026-09-01 10:24:12,036 - INFO - AFC is enabled with max remote calls: 10.
2026-09-01 10:24:12,037 - INFO - AFC is enabled with max remote calls: 10.
2026-09-01 10:24:12,038 - INFO - AFC is enabled with max remote calls: 10.
2026-09-01 10:24:12,039 - INFO - AFC is enabled with max remote calls: 10.
2026-09-01 10:24:12,040 - INFO - AFC is enabled with max remote calls: 10.
2026-09-01 10:24:12,041 - INFO - AFC is enabled with max remote calls: 10.
2026-09-01 10:24:12,042 - INFO - AFC is enabled with max remote calls: 10.
2026-09-01 10:24:12,042 - INFO - AFC is enabled with max remote calls: 10.
2026-09-01 10:24:12,044 - INFO - AFC is enabled with max remote calls: 10.
2026-09-01 10:24:24,623 - INFO - HTTP Request: POST https://generativelanguage.googleapis.com/v1beta/models/gemini-2.5-pro:generateContent "HTTP/1.1 200 OK"
2026-09-01 10:24:31,329 - INFO - HTTP Request: POST https://generativelanguage.googleapis.com/v1beta/models/gemini-2.5-pro:generateContent "HTTP/1.1 200 OK"
2026-09-01 10:24:32,693 - INFO - HTTP Request: POST https://generativelanguage.googleapis.com/v1beta/models/gemini-2.5-pro:generateContent "HTTP/1.1 200 OK"
2026-09-01 10:24:33,797 - INFO - HTTP Request: POST https://generativelanguage.googleapis.com/v1beta/models/gemini-2.5-pro:generateContent "HTTP/1.1 200 OK"
2026-09-01 10:24:35,916 - INFO - HTTP Request: POST https://generativelanguage.googleapis.com/v1beta/models/gemini-2.5-pro:generateContent "HTTP/1.1 200 OK"
2026-09-01 10:24:37,117 - INFO - HTTP Request: POST https://generativelanguage.googleapis.com/v1beta/models/gemini-2.5-pro:generateContent "HTTP/1.1 200 OK"
2026-09-01 10:24:38,696 - INFO - HTTP Request: POST https://generativelanguage.googleapis.com/v1beta/models/gemini-2.5-pro:generateContent "HTTP/1.1 200 OK"
2026-09-01 10:24:41,134 - INFO - HTTP Request: POST https://generativelanguage.googleapis.com/v1beta/models/gemini-2.5-pro:generateContent "HTTP/1.1 200 OK"
2026-09-01 10:24:42,018 - INFO - HTTP Request: POST https://generativelanguage.googleapis.com/v1beta/models/gemini-2.5-pro:generateContent "HTTP/1.1 200 OK"
2026-09-01 10:25:12,203 - INFO - HTTP Request: POST https://generativelanguage.googleapis.com/v1beta/models/gemini-2.5-pro:generateContent "HTTP/1.1 200 OK"
2026-09-01 10:25:12,224 - INFO - [PL] Waiting 10.0s before next Agent 1 window…
2026-09-01 10:25:22,226 - INFO - [PL] Agent 1 window 80-89 (10 batches)
2026-09-01 10:25:22,297 - INFO - AFC is enabled with max remote calls: 10.
2026-09-01 10:25:22,299 - INFO - AFC is enabled with max remote calls: 10.
2026-09-01 10:25:22,300 - INFO - AFC is enabled with max remote calls: 10.
2026-09-01 10:25:22,301 - INFO - AFC is enabled with max remote calls: 10.
2026-09-01 10:25:22,302 - INFO - AFC is enabled with max remote calls: 10.
2026-09-01 10:25:22,303 - INFO - AFC is enabled with max remote calls: 10.
2026-09-01 10:25:22,304 - INFO - AFC is enabled with max remote calls: 10.
2026-09-01 10:25:22,305 - INFO - AFC is enabled with max remote calls: 10.
2026-09-01 10:25:22,306 - INFO - AFC is enabled with max remote calls: 10.
2026-09-01 10:25:22,307 - INFO - AFC is enabled with max remote calls: 10.
2026-09-01 10:25:38,340 - INFO - HTTP Request: POST https://generativelanguage.googleapis.com/v1beta/models/gemini-2.5-pro:generateContent "HTTP/1.1 200 OK"
2026-09-01 10:25:39,353 - INFO - HTTP Request: POST https://generativelanguage.googleapis.com/v1beta/models/gemini-2.5-pro:generateContent "HTTP/1.1 200 OK"
2026-09-01 10:25:42,407 - INFO - HTTP Request: POST https://generativelanguage.googleapis.com/v1beta/models/gemini-2.5-pro:generateContent "HTTP/1.1 200 OK"
2026-09-01 10:25:44,903 - INFO - HTTP Request: POST https://generativelanguage.googleapis.com/v1beta/models/gemini-2.5-pro:generateContent "HTTP/1.1 200 OK"
2026-09-01 10:25:45,933 - INFO - HTTP Request: POST https://generativelanguage.googleapis.com/v1beta/models/gemini-2.5-pro:generateContent "HTTP/1.1 200 OK"
2026-09-01 10:25:46,225 - INFO - HTTP Request: POST https://generativelanguage.googleapis.com/v1beta/models/gemini-2.5-pro:generateContent "HTTP/1.1 200 OK"
2026-09-01 10:25:50,040 - INFO - HTTP Request: POST https://generativelanguage.googleapis.com/v1beta/models/gemini-2.5-pro:generateContent "HTTP/1.1 200 OK"
2026-09-01 10:25:53,167 - INFO - HTTP Request: POST https://generativelanguage.googleapis.com/v1beta/models/gemini-2.5-pro:generateContent "HTTP/1.1 200 OK"
2026-09-01 10:25:54,181 - INFO - HTTP Request: POST https://generativelanguage.googleapis.com/v1beta/models/gemini-2.5-pro:generateContent "HTTP/1.1 200 OK"
2026-09-01 10:26:04,461 - INFO - HTTP Request: POST https://generativelanguage.googleapis.com/v1beta/models/gemini-2.5-pro:generateContent "HTTP/1.1 200 OK"
2026-09-01 10:26:04,475 - INFO - [PL] Waiting 10.0s before next Agent 1 window…
2026-09-01 10:26:14,479 - INFO - [PL] Agent 1 window 90-99 (10 batches)
2026-09-01 10:26:14,570 - INFO - AFC is enabled with max remote calls: 10.
2026-09-01 10:26:14,572 - INFO - AFC is enabled with max remote calls: 10.
2026-09-01 10:26:14,573 - INFO - AFC is enabled with max remote calls: 10.
2026-09-01 10:26:14,574 - INFO - AFC is enabled with max remote calls: 10.
2026-09-01 10:26:14,575 - INFO - AFC is enabled with max remote calls: 10.
2026-09-01 10:26:14,576 - INFO - AFC is enabled with max remote calls: 10.
2026-09-01 10:26:14,578 - INFO - AFC is enabled with max remote calls: 10.
2026-09-01 10:26:14,579 - INFO - AFC is enabled with max remote calls: 10.
2026-09-01 10:26:14,581 - INFO - AFC is enabled with max remote calls: 10.
2026-09-01 10:26:14,582 - INFO - AFC is enabled with max remote calls: 10.
2026-09-01 10:26:27,717 - INFO - HTTP Request: POST https://generativelanguage.googleapis.com/v1beta/models/gemini-2.5-pro:generateContent "HTTP/1.1 200 OK"
2026-09-01 10:26:29,352 - INFO - HTTP Request: POST https://generativelanguage.googleapis.com/v1beta/models/gemini-2.5-pro:generateContent "HTTP/1.1 200 OK"
2026-09-01 10:26:30,355 - INFO - HTTP Request: POST https://generativelanguage.googleapis.com/v1beta/models/gemini-2.5-pro:generateContent "HTTP/1.1 200 OK"
2026-09-01 10:26:30,904 - INFO - HTTP Request: POST https://generativelanguage.googleapis.com/v1beta/models/gemini-2.5-pro:generateContent "HTTP/1.1 200 OK"
2026-09-01 10:26:32,331 - INFO - HTTP Request: POST https://generativelanguage.googleapis.com/v1beta/models/gemini-2.5-pro:generateContent "HTTP/1.1 200 OK"
2026-09-01 10:26:32,850 - INFO - HTTP Request: POST https://generativelanguage.googleapis.com/v1beta/models/gemini-2.5-pro:generateContent "HTTP/1.1 200 OK"
2026-09-01 10:26:35,359 - INFO - HTTP Request: POST https://generativelanguage.googleapis.com/v1beta/models/gemini-2.5-pro:generateContent "HTTP/1.1 200 OK"
2026-09-01 10:26:42,920 - INFO - HTTP Request: POST https://generativelanguage.googleapis.com/v1beta/models/gemini-2.5-pro:generateContent "HTTP/1.1 200 OK"
2026-09-01 10:26:43,439 - INFO - HTTP Request: POST https://generativelanguage.googleapis.com/v1beta/models/gemini-2.5-pro:generateContent "HTTP/1.1 200 OK"
2026-09-01 10:26:50,938 - INFO - HTTP Request: POST https://generativelanguage.googleapis.com/v1beta/models/gemini-2.5-pro:generateContent "HTTP/1.1 200 OK"
2026-09-01 10:26:50,951 - INFO - [PL] Waiting 10.0s before next Agent 1 window…
2026-09-01 10:27:00,956 - INFO - [PL] Agent 1 window 100-109 (10 batches)
2026-09-01 10:27:01,038 - INFO - AFC is enabled with max remote calls: 10.
2026-09-01 10:27:01,040 - INFO - AFC is enabled with max remote calls: 10.
2026-09-01 10:27:01,042 - INFO - AFC is enabled with max remote calls: 10.
2026-09-01 10:27:01,045 - INFO - AFC is enabled with max remote calls: 10.
2026-09-01 10:27:01,046 - INFO - AFC is enabled with max remote calls: 10.
2026-09-01 10:27:01,048 - INFO - AFC is enabled with max remote calls: 10.
2026-09-01 10:27:01,050 - INFO - AFC is enabled with max remote calls: 10.
2026-09-01 10:27:01,051 - INFO - AFC is enabled with max remote calls: 10.
2026-09-01 10:27:01,052 - INFO - AFC is enabled with max remote calls: 10.
2026-09-01 10:27:01,053 - INFO - AFC is enabled with max remote calls: 10.
2026-09-01 10:27:16,580 - INFO - HTTP Request: POST https://generativelanguage.googleapis.com/v1beta/models/gemini-2.5-pro:generateContent "HTTP/1.1 200 OK"
2026-09-01 10:27:18,518 - INFO - HTTP Request: POST https://generativelanguage.googleapis.com/v1beta/models/gemini-2.5-pro:generateContent "HTTP/1.1 200 OK"
2026-09-01 10:27:19,372 - INFO - HTTP Request: POST https://generativelanguage.googleapis.com/v1beta/models/gemini-2.5-pro:generateContent "HTTP/1.1 200 OK"
2026-09-01 10:27:19,376 - INFO - HTTP Request: POST https://generativelanguage.googleapis.com/v1beta/models/gemini-2.5-pro:generateContent "HTTP/1.1 200 OK"
2026-09-01 10:27:20,387 - INFO - HTTP Request: POST https://generativelanguage.googleapis.com/v1beta/models/gemini-2.5-pro:generateContent "HTTP/1.1 200 OK"
2026-09-01 10:27:20,949 - INFO - HTTP Request: POST https://generativelanguage.googleapis.com/v1beta/models/gemini-2.5-pro:generateContent "HTTP/1.1 200 OK"
2026-09-01 10:27:23,842 - INFO - HTTP Request: POST https://generativelanguage.googleapis.com/v1beta/models/gemini-2.5-pro:generateContent "HTTP/1.1 200 OK"
2026-09-01 10:27:24,643 - INFO - HTTP Request: POST https://generativelanguage.googleapis.com/v1beta/models/gemini-2.5-pro:generateContent "HTTP/1.1 200 OK"
2026-09-01 10:27:24,807 - INFO - HTTP Request: POST https://generativelanguage.googleapis.com/v1beta/models/gemini-2.5-pro:generateContent "HTTP/1.1 200 OK"
2026-09-01 10:27:32,137 - INFO - HTTP Request: POST https://generativelanguage.googleapis.com/v1beta/models/gemini-2.5-pro:generateContent "HTTP/1.1 200 OK"
2026-09-01 10:27:32,153 - INFO - [PL] Waiting 10.0s before next Agent 1 window…
2026-09-01 10:27:42,157 - INFO - [PL] Agent 1 window 110-119 (10 batches)
2026-09-01 10:27:42,234 - INFO - AFC is enabled with max remote calls: 10.
2026-09-01 10:27:42,237 - INFO - AFC is enabled with max remote calls: 10.
2026-09-01 10:27:42,237 - INFO - AFC is enabled with max remote calls: 10.
2026-09-01 10:27:42,238 - INFO - AFC is enabled with max remote calls: 10.
2026-09-01 10:27:42,239 - INFO - AFC is enabled with max remote calls: 10.
2026-09-01 10:27:42,240 - INFO - AFC is enabled with max remote calls: 10.
2026-09-01 10:27:42,241 - INFO - AFC is enabled with max remote calls: 10.
2026-09-01 10:27:42,242 - INFO - AFC is enabled with max remote calls: 10.
2026-09-01 10:27:42,243 - INFO - AFC is enabled with max remote calls: 10.
2026-09-01 10:27:42,244 - INFO - AFC is enabled with max remote calls: 10.
2026-09-01 10:27:56,604 - INFO - HTTP Request: POST https://generativelanguage.googleapis.com/v1beta/models/gemini-2.5-pro:generateContent "HTTP/1.1 200 OK"
2026-09-01 10:27:56,607 - INFO - HTTP Request: POST https://generativelanguage.googleapis.com/v1beta/models/gemini-2.5-pro:generateContent "HTTP/1.1 200 OK"
2026-09-01 10:27:56,619 - INFO - HTTP Request: POST https://generativelanguage.googleapis.com/v1beta/models/gemini-2.5-pro:generateContent "HTTP/1.1 200 OK"
2026-09-01 10:27:57,924 - INFO - HTTP Request: POST https://generativelanguage.googleapis.com/v1beta/models/gemini-2.5-pro:generateContent "HTTP/1.1 200 OK"
2026-09-01 10:27:58,211 - INFO - HTTP Request: POST https://generativelanguage.googleapis.com/v1beta/models/gemini-2.5-pro:generateContent "HTTP/1.1 200 OK"
2026-09-01 10:27:58,894 - INFO - HTTP Request: POST https://generativelanguage.googleapis.com/v1beta/models/gemini-2.5-pro:generateContent "HTTP/1.1 200 OK"
2026-09-01 10:27:59,046 - INFO - HTTP Request: POST https://generativelanguage.googleapis.com/v1beta/models/gemini-2.5-pro:generateContent "HTTP/1.1 200 OK"
2026-09-01 10:27:59,757 - INFO - HTTP Request: POST https://generativelanguage.googleapis.com/v1beta/models/gemini-2.5-pro:generateContent "HTTP/1.1 200 OK"
2026-09-01 10:28:07,763 - INFO - HTTP Request: POST https://generativelanguage.googleapis.com/v1beta/models/gemini-2.5-pro:generateContent "HTTP/1.1 200 OK"
2026-09-01 10:28:10,714 - INFO - HTTP Request: POST https://generativelanguage.googleapis.com/v1beta/models/gemini-2.5-pro:generateContent "HTTP/1.1 200 OK"
2026-09-01 10:28:10,718 - INFO - [PL] Waiting 10.0s before next Agent 1 window…
2026-09-01 10:28:20,722 - INFO - [PL] Agent 1 window 120-129 (10 batches)
2026-09-01 10:28:20,805 - INFO - AFC is enabled with max remote calls: 10.
2026-09-01 10:28:20,807 - INFO - AFC is enabled with max remote calls: 10.
2026-09-01 10:28:20,808 - INFO - AFC is enabled with max remote calls: 10.
2026-09-01 10:28:20,809 - INFO - AFC is enabled with max remote calls: 10.
2026-09-01 10:28:20,810 - INFO - AFC is enabled with max remote calls: 10.
2026-09-01 10:28:20,811 - INFO - AFC is enabled with max remote calls: 10.
2026-09-01 10:28:20,812 - INFO - AFC is enabled with max remote calls: 10.
2026-09-01 10:28:20,813 - INFO - AFC is enabled with max remote calls: 10.
2026-09-01 10:28:20,814 - INFO - AFC is enabled with max remote calls: 10.
2026-09-01 10:28:20,815 - INFO - AFC is enabled with max remote calls: 10.
2026-09-01 10:28:37,528 - INFO - HTTP Request: POST https://generativelanguage.googleapis.com/v1beta/models/gemini-2.5-pro:generateContent "HTTP/1.1 200 OK"
2026-09-01 10:28:38,280 - INFO - HTTP Request: POST https://generativelanguage.googleapis.com/v1beta/models/gemini-2.5-pro:generateContent "HTTP/1.1 200 OK"
2026-09-01 10:28:39,560 - INFO - HTTP Request: POST https://generativelanguage.googleapis.com/v1beta/models/gemini-2.5-pro:generateContent "HTTP/1.1 200 OK"
2026-09-01 10:28:39,606 - INFO - HTTP Request: POST https://generativelanguage.googleapis.com/v1beta/models/gemini-2.5-pro:generateContent "HTTP/1.1 200 OK"
2026-09-01 10:28:40,738 - INFO - HTTP Request: POST https://generativelanguage.googleapis.com/v1beta/models/gemini-2.5-pro:generateContent "HTTP/1.1 200 OK"
2026-09-01 10:28:40,999 - INFO - HTTP Request: POST https://generativelanguage.googleapis.com/v1beta/models/gemini-2.5-pro:generateContent "HTTP/1.1 200 OK"
2026-09-01 10:28:43,772 - INFO - HTTP Request: POST https://generativelanguage.googleapis.com/v1beta/models/gemini-2.5-pro:generateContent "HTTP/1.1 200 OK"
2026-09-01 10:28:46,339 - INFO - HTTP Request: POST https://generativelanguage.googleapis.com/v1beta/models/gemini-2.5-pro:generateContent "HTTP/1.1 200 OK"
2026-09-01 10:28:55,947 - INFO - HTTP Request: POST https://generativelanguage.googleapis.com/v1beta/models/gemini-2.5-pro:generateContent "HTTP/1.1 200 OK"
2026-09-01 10:28:57,126 - INFO - HTTP Request: POST https://generativelanguage.googleapis.com/v1beta/models/gemini-2.5-pro:generateContent "HTTP/1.1 200 OK"
2026-09-01 10:28:57,130 - INFO - [PL] Waiting 10.0s before next Agent 1 window…
2026-09-01 10:29:07,137 - INFO - [PL] Agent 1 window 130-139 (10 batches)
2026-09-01 10:29:07,206 - INFO - AFC is enabled with max remote calls: 10.
2026-09-01 10:29:07,209 - INFO - AFC is enabled with max remote calls: 10.
2026-09-01 10:29:07,211 - INFO - AFC is enabled with max remote calls: 10.
2026-09-01 10:29:07,212 - INFO - AFC is enabled with max remote calls: 10.
2026-09-01 10:29:07,214 - INFO - AFC is enabled with max remote calls: 10.
2026-09-01 10:29:07,215 - INFO - AFC is enabled with max remote calls: 10.
2026-09-01 10:29:07,216 - INFO - AFC is enabled with max remote calls: 10.
2026-09-01 10:29:07,217 - INFO - AFC is enabled with max remote calls: 10.
2026-09-01 10:29:07,218 - INFO - AFC is enabled with max remote calls: 10.
2026-09-01 10:29:07,219 - INFO - AFC is enabled with max remote calls: 10.
2026-09-01 10:29:20,326 - INFO - HTTP Request: POST https://generativelanguage.googleapis.com/v1beta/models/gemini-2.5-pro:generateContent "HTTP/1.1 200 OK"
2026-09-01 10:29:23,425 - INFO - HTTP Request: POST https://generativelanguage.googleapis.com/v1beta/models/gemini-2.5-pro:generateContent "HTTP/1.1 200 OK"
2026-09-01 10:29:25,707 - INFO - HTTP Request: POST https://generativelanguage.googleapis.com/v1beta/models/gemini-2.5-pro:generateContent "HTTP/1.1 200 OK"
2026-09-01 10:29:25,727 - INFO - HTTP Request: POST https://generativelanguage.googleapis.com/v1beta/models/gemini-2.5-pro:generateContent "HTTP/1.1 200 OK"
2026-09-01 10:29:25,987 - INFO - HTTP Request: POST https://generativelanguage.googleapis.com/v1beta/models/gemini-2.5-pro:generateContent "HTTP/1.1 200 OK"
2026-09-01 10:29:26,841 - INFO - HTTP Request: POST https://generativelanguage.googleapis.com/v1beta/models/gemini-2.5-pro:generateContent "HTTP/1.1 200 OK"
2026-09-01 10:29:30,020 - INFO - HTTP Request: POST https://generativelanguage.googleapis.com/v1beta/models/gemini-2.5-pro:generateContent "HTTP/1.1 200 OK"
2026-09-01 10:29:30,451 - INFO - HTTP Request: POST https://generativelanguage.googleapis.com/v1beta/models/gemini-2.5-pro:generateContent "HTTP/1.1 200 OK"
2026-09-01 10:29:30,982 - INFO - HTTP Request: POST https://generativelanguage.googleapis.com/v1beta/models/gemini-2.5-pro:generateContent "HTTP/1.1 200 OK"
2026-09-01 10:29:33,755 - INFO - HTTP Request: POST https://generativelanguage.googleapis.com/v1beta/models/gemini-2.5-pro:generateContent "HTTP/1.1 200 OK"
2026-09-01 10:29:33,760 - INFO - [PL] Waiting 10.0s before next Agent 1 window…
2026-09-01 10:29:43,764 - INFO - [PL] Agent 1 window 140-149 (10 batches)
2026-09-01 10:29:43,843 - INFO - AFC is enabled with max remote calls: 10.
2026-09-01 10:29:43,845 - INFO - AFC is enabled with max remote calls: 10.
2026-09-01 10:29:43,846 - INFO - AFC is enabled with max remote calls: 10.
2026-09-01 10:29:43,847 - INFO - AFC is enabled with max remote calls: 10.
2026-09-01 10:29:43,848 - INFO - AFC is enabled with max remote calls: 10.
2026-09-01 10:29:43,849 - INFO - AFC is enabled with max remote calls: 10.
2026-09-01 10:29:43,850 - INFO - AFC is enabled with max remote calls: 10.
2026-09-01 10:29:43,851 - INFO - AFC is enabled with max remote calls: 10.
2026-09-01 10:29:43,851 - INFO - AFC is enabled with max remote calls: 10.
2026-09-01 10:29:43,852 - INFO - AFC is enabled with max remote calls: 10.
2026-09-01 10:29:56,624 - INFO - HTTP Request: POST https://generativelanguage.googleapis.com/v1beta/models/gemini-2.5-pro:generateContent "HTTP/1.1 200 OK"
2026-09-01 10:29:56,769 - INFO - HTTP Request: POST https://generativelanguage.googleapis.com/v1beta/models/gemini-2.5-pro:generateContent "HTTP/1.1 200 OK"
2026-09-01 10:29:58,188 - INFO - HTTP Request: POST https://generativelanguage.googleapis.com/v1beta/models/gemini-2.5-pro:generateContent "HTTP/1.1 200 OK"
2026-09-01 10:30:00,002 - INFO - HTTP Request: POST https://generativelanguage.googleapis.com/v1beta/models/gemini-2.5-pro:generateContent "HTTP/1.1 200 OK"
2026-09-01 10:30:00,442 - INFO - HTTP Request: POST https://generativelanguage.googleapis.com/v1beta/models/gemini-2.5-pro:generateContent "HTTP/1.1 200 OK"
2026-09-01 10:30:00,890 - INFO - HTTP Request: POST https://generativelanguage.googleapis.com/v1beta/models/gemini-2.5-pro:generateContent "HTTP/1.1 200 OK"
2026-09-01 10:30:01,420 - INFO - HTTP Request: POST https://generativelanguage.googleapis.com/v1beta/models/gemini-2.5-pro:generateContent "HTTP/1.1 200 OK"
2026-09-01 10:30:02,687 - INFO - HTTP Request: POST https://generativelanguage.googleapis.com/v1beta/models/gemini-2.5-pro:generateContent "HTTP/1.1 200 OK"
2026-09-01 10:30:03,412 - INFO - HTTP Request: POST https://generativelanguage.googleapis.com/v1beta/models/gemini-2.5-pro:generateContent "HTTP/1.1 200 OK"
2026-09-01 10:30:06,781 - INFO - HTTP Request: POST https://generativelanguage.googleapis.com/v1beta/models/gemini-2.5-pro:generateContent "HTTP/1.1 200 OK"
2026-09-01 10:30:06,797 - INFO - [PL] Waiting 10.0s before next Agent 1 window…
2026-09-01 10:30:16,801 - INFO - [PL] Agent 1 window 150-159 (10 batches)
2026-09-01 10:30:16,879 - INFO - AFC is enabled with max remote calls: 10.
2026-09-01 10:30:16,884 - INFO - AFC is enabled with max remote calls: 10.
2026-09-01 10:30:16,885 - INFO - AFC is enabled with max remote calls: 10.
2026-09-01 10:30:16,886 - INFO - AFC is enabled with max remote calls: 10.
2026-09-01 10:30:16,887 - INFO - AFC is enabled with max remote calls: 10.
2026-09-01 10:30:16,888 - INFO - AFC is enabled with max remote calls: 10.
2026-09-01 10:30:16,889 - INFO - AFC is enabled with max remote calls: 10.
2026-09-01 10:30:16,890 - INFO - AFC is enabled with max remote calls: 10.
2026-09-01 10:30:16,891 - INFO - AFC is enabled with max remote calls: 10.
2026-09-01 10:30:16,891 - INFO - AFC is enabled with max remote calls: 10.
2026-09-01 10:30:29,123 - INFO - HTTP Request: POST https://generativelanguage.googleapis.com/v1beta/models/gemini-2.5-pro:generateContent "HTTP/1.1 200 OK"
2026-09-01 10:30:31,998 - INFO - HTTP Request: POST https://generativelanguage.googleapis.com/v1beta/models/gemini-2.5-pro:generateContent "HTTP/1.1 200 OK"
2026-09-01 10:30:33,383 - INFO - HTTP Request: POST https://generativelanguage.googleapis.com/v1beta/models/gemini-2.5-pro:generateContent "HTTP/1.1 200 OK"
2026-09-01 10:30:34,281 - INFO - HTTP Request: POST https://generativelanguage.googleapis.com/v1beta/models/gemini-2.5-pro:generateContent "HTTP/1.1 200 OK"
2026-09-01 10:30:34,857 - INFO - HTTP Request: POST https://generativelanguage.googleapis.com/v1beta/models/gemini-2.5-pro:generateContent "HTTP/1.1 200 OK"
2026-09-01 10:30:36,997 - INFO - HTTP Request: POST https://generativelanguage.googleapis.com/v1beta/models/gemini-2.5-pro:generateContent "HTTP/1.1 200 OK"
2026-09-01 10:30:37,002 - INFO - HTTP Request: POST https://generativelanguage.googleapis.com/v1beta/models/gemini-2.5-pro:generateContent "HTTP/1.1 200 OK"
2026-09-01 10:30:37,493 - INFO - HTTP Request: POST https://generativelanguage.googleapis.com/v1beta/models/gemini-2.5-pro:generateContent "HTTP/1.1 200 OK"
2026-09-01 10:30:37,754 - INFO - HTTP Request: POST https://generativelanguage.googleapis.com/v1beta/models/gemini-2.5-pro:generateContent "HTTP/1.1 200 OK"
2026-09-01 10:30:40,848 - INFO - HTTP Request: POST https://generativelanguage.googleapis.com/v1beta/models/gemini-2.5-pro:generateContent "HTTP/1.1 200 OK"
2026-09-01 10:30:40,860 - INFO - [PL] Waiting 10.0s before next Agent 1 window…
2026-09-01 10:30:50,862 - INFO - [PL] Agent 1 window 160-169 (10 batches)
2026-09-01 10:30:50,919 - INFO - AFC is enabled with max remote calls: 10.
2026-09-01 10:30:50,921 - INFO - AFC is enabled with max remote calls: 10.
2026-09-01 10:30:50,922 - INFO - AFC is enabled with max remote calls: 10.
2026-09-01 10:30:50,923 - INFO - AFC is enabled with max remote calls: 10.
2026-09-01 10:30:50,924 - INFO - AFC is enabled with max remote calls: 10.
2026-09-01 10:30:50,925 - INFO - AFC is enabled with max remote calls: 10.
2026-09-01 10:30:50,926 - INFO - AFC is enabled with max remote calls: 10.
2026-09-01 10:30:50,926 - INFO - AFC is enabled with max remote calls: 10.
2026-09-01 10:30:50,927 - INFO - AFC is enabled with max remote calls: 10.
2026-09-01 10:30:50,929 - INFO - AFC is enabled with max remote calls: 10.
2026-09-01 10:31:05,146 - INFO - HTTP Request: POST https://generativelanguage.googleapis.com/v1beta/models/gemini-2.5-pro:generateContent "HTTP/1.1 200 OK"
2026-09-01 10:31:07,706 - INFO - HTTP Request: POST https://generativelanguage.googleapis.com/v1beta/models/gemini-2.5-pro:generateContent "HTTP/1.1 200 OK"
2026-09-01 10:31:07,779 - INFO - HTTP Request: POST https://generativelanguage.googleapis.com/v1beta/models/gemini-2.5-pro:generateContent "HTTP/1.1 200 OK"
2026-09-01 10:31:09,322 - INFO - HTTP Request: POST https://generativelanguage.googleapis.com/v1beta/models/gemini-2.5-pro:generateContent "HTTP/1.1 200 OK"
2026-09-01 10:31:09,783 - INFO - HTTP Request: POST https://generativelanguage.googleapis.com/v1beta/models/gemini-2.5-pro:generateContent "HTTP/1.1 200 OK"
2026-09-01 10:31:10,908 - INFO - HTTP Request: POST https://generativelanguage.googleapis.com/v1beta/models/gemini-2.5-pro:generateContent "HTTP/1.1 200 OK"
2026-09-01 10:31:11,921 - INFO - HTTP Request: POST https://generativelanguage.googleapis.com/v1beta/models/gemini-2.5-pro:generateContent "HTTP/1.1 200 OK"
2026-09-01 10:31:13,510 - INFO - HTTP Request: POST https://generativelanguage.googleapis.com/v1beta/models/gemini-2.5-pro:generateContent "HTTP/1.1 200 OK"
2026-09-01 10:31:14,804 - INFO - HTTP Request: POST https://generativelanguage.googleapis.com/v1beta/models/gemini-2.5-pro:generateContent "HTTP/1.1 200 OK"
2026-09-01 10:31:18,460 - INFO - HTTP Request: POST https://generativelanguage.googleapis.com/v1beta/models/gemini-2.5-pro:generateContent "HTTP/1.1 200 OK"
2026-09-01 10:31:18,468 - INFO - [PL] Waiting 10.0s before next Agent 1 window…
2026-09-01 10:31:28,473 - INFO - [PL] Agent 1 window 170-179 (10 batches)
2026-09-01 10:31:28,546 - INFO - AFC is enabled with max remote calls: 10.
2026-09-01 10:31:28,552 - INFO - AFC is enabled with max remote calls: 10.
2026-09-01 10:31:28,553 - INFO - AFC is enabled with max remote calls: 10.
2026-09-01 10:31:28,554 - INFO - AFC is enabled with max remote calls: 10.
2026-09-01 10:31:28,556 - INFO - AFC is enabled with max remote calls: 10.
2026-09-01 10:31:28,560 - INFO - AFC is enabled with max remote calls: 10.
2026-09-01 10:31:28,563 - INFO - AFC is enabled with max remote calls: 10.
2026-09-01 10:31:28,565 - INFO - AFC is enabled with max remote calls: 10.
2026-09-01 10:31:28,568 - INFO - AFC is enabled with max remote calls: 10.
2026-09-01 10:31:28,570 - INFO - AFC is enabled with max remote calls: 10.
2026-09-01 10:31:41,786 - INFO - HTTP Request: POST https://generativelanguage.googleapis.com/v1beta/models/gemini-2.5-pro:generateContent "HTTP/1.1 200 OK"
2026-09-01 10:31:43,177 - INFO - HTTP Request: POST https://generativelanguage.googleapis.com/v1beta/models/gemini-2.5-pro:generateContent "HTTP/1.1 200 OK"
2026-09-01 10:31:44,761 - INFO - HTTP Request: POST https://generativelanguage.googleapis.com/v1beta/models/gemini-2.5-pro:generateContent "HTTP/1.1 200 OK"
2026-09-01 10:31:45,119 - INFO - HTTP Request: POST https://generativelanguage.googleapis.com/v1beta/models/gemini-2.5-pro:generateContent "HTTP/1.1 200 OK"
2026-09-01 10:31:47,054 - INFO - HTTP Request: POST https://generativelanguage.googleapis.com/v1beta/models/gemini-2.5-pro:generateContent "HTTP/1.1 200 OK"
2026-09-01 10:31:47,341 - INFO - HTTP Request: POST https://generativelanguage.googleapis.com/v1beta/models/gemini-2.5-pro:generateContent "HTTP/1.1 200 OK"
2026-09-01 10:31:48,396 - INFO - HTTP Request: POST https://generativelanguage.googleapis.com/v1beta/models/gemini-2.5-pro:generateContent "HTTP/1.1 200 OK"
2026-09-01 10:31:49,872 - INFO - HTTP Request: POST https://generativelanguage.googleapis.com/v1beta/models/gemini-2.5-pro:generateContent "HTTP/1.1 200 OK"
2026-09-01 10:31:55,660 - INFO - HTTP Request: POST https://generativelanguage.googleapis.com/v1beta/models/gemini-2.5-pro:generateContent "HTTP/1.1 200 OK"
2026-09-01 10:32:00,732 - INFO - HTTP Request: POST https://generativelanguage.googleapis.com/v1beta/models/gemini-2.5-pro:generateContent "HTTP/1.1 200 OK"
2026-09-01 10:32:00,740 - INFO - [PL] Waiting 10.0s before next Agent 1 window…
2026-09-01 10:32:10,747 - INFO - [PL] Agent 1 window 180-189 (10 batches)
2026-09-01 10:32:10,830 - INFO - AFC is enabled with max remote calls: 10.
2026-09-01 10:32:10,833 - INFO - AFC is enabled with max remote calls: 10.
2026-09-01 10:32:10,834 - INFO - AFC is enabled with max remote calls: 10.
2026-09-01 10:32:10,835 - INFO - AFC is enabled with max remote calls: 10.
2026-09-01 10:32:10,835 - INFO - AFC is enabled with max remote calls: 10.
2026-09-01 10:32:10,836 - INFO - AFC is enabled with max remote calls: 10.
2026-09-01 10:32:10,837 - INFO - AFC is enabled with max remote calls: 10.
2026-09-01 10:32:10,838 - INFO - AFC is enabled with max remote calls: 10.
2026-09-01 10:32:10,839 - INFO - AFC is enabled with max remote calls: 10.
2026-09-01 10:32:10,840 - INFO - AFC is enabled with max remote calls: 10.
2026-09-01 10:32:24,176 - INFO - HTTP Request: POST https://generativelanguage.googleapis.com/v1beta/models/gemini-2.5-pro:generateContent "HTTP/1.1 200 OK"
2026-09-01 10:32:26,807 - INFO - HTTP Request: POST https://generativelanguage.googleapis.com/v1beta/models/gemini-2.5-pro:generateContent "HTTP/1.1 200 OK"
2026-09-01 10:32:28,514 - INFO - HTTP Request: POST https://generativelanguage.googleapis.com/v1beta/models/gemini-2.5-pro:generateContent "HTTP/1.1 200 OK"
2026-09-01 10:32:28,796 - INFO - HTTP Request: POST https://generativelanguage.googleapis.com/v1beta/models/gemini-2.5-pro:generateContent "HTTP/1.1 200 OK"
2026-09-01 10:32:30,847 - INFO - HTTP Request: POST https://generativelanguage.googleapis.com/v1beta/models/gemini-2.5-pro:generateContent "HTTP/1.1 200 OK"
2026-09-01 10:32:31,553 - INFO - HTTP Request: POST https://generativelanguage.googleapis.com/v1beta/models/gemini-2.5-pro:generateContent "HTTP/1.1 200 OK"
2026-09-01 10:32:35,557 - INFO - HTTP Request: POST https://generativelanguage.googleapis.com/v1beta/models/gemini-2.5-pro:generateContent "HTTP/1.1 200 OK"
2026-09-01 10:32:35,612 - INFO - HTTP Request: POST https://generativelanguage.googleapis.com/v1beta/models/gemini-2.5-pro:generateContent "HTTP/1.1 200 OK"
2026-09-01 10:32:41,850 - INFO - HTTP Request: POST https://generativelanguage.googleapis.com/v1beta/models/gemini-2.5-pro:generateContent "HTTP/1.1 200 OK"
2026-09-01 10:32:57,247 - INFO - HTTP Request: POST https://generativelanguage.googleapis.com/v1beta/models/gemini-2.5-pro:generateContent "HTTP/1.1 200 OK"
2026-09-01 10:32:57,256 - INFO - [PL] Waiting 10.0s before next Agent 1 window…
2026-09-01 10:33:07,259 - INFO - [PL] Agent 1 window 190-199 (10 batches)
2026-09-01 10:33:07,331 - INFO - AFC is enabled with max remote calls: 10.
2026-09-01 10:33:07,334 - INFO - AFC is enabled with max remote calls: 10.
2026-09-01 10:33:07,335 - INFO - AFC is enabled with max remote calls: 10.
2026-09-01 10:33:07,336 - INFO - AFC is enabled with max remote calls: 10.
2026-09-01 10:33:07,337 - INFO - AFC is enabled with max remote calls: 10.
2026-09-01 10:33:07,338 - INFO - AFC is enabled with max remote calls: 10.
2026-09-01 10:33:07,341 - INFO - AFC is enabled with max remote calls: 10.
2026-09-01 10:33:07,342 - INFO - AFC is enabled with max remote calls: 10.
2026-09-01 10:33:07,343 - INFO - AFC is enabled with max remote calls: 10.
2026-09-01 10:33:07,344 - INFO - AFC is enabled with max remote calls: 10.
2026-09-01 10:33:19,812 - INFO - HTTP Request: POST https://generativelanguage.googleapis.com/v1beta/models/gemini-2.5-pro:generateContent "HTTP/1.1 200 OK"
2026-09-01 10:33:21,622 - INFO - HTTP Request: POST https://generativelanguage.googleapis.com/v1beta/models/gemini-2.5-pro:generateContent "HTTP/1.1 200 OK"
2026-09-01 10:33:21,728 - INFO - HTTP Request: POST https://generativelanguage.googleapis.com/v1beta/models/gemini-2.5-pro:generateContent "HTTP/1.1 200 OK"
2026-09-01 10:33:22,438 - INFO - HTTP Request: POST https://generativelanguage.googleapis.com/v1beta/models/gemini-2.5-pro:generateContent "HTTP/1.1 200 OK"
2026-09-01 10:33:24,912 - INFO - HTTP Request: POST https://generativelanguage.googleapis.com/v1beta/models/gemini-2.5-pro:generateContent "HTTP/1.1 200 OK"
2026-09-01 10:33:25,180 - INFO - HTTP Request: POST https://generativelanguage.googleapis.com/v1beta/models/gemini-2.5-pro:generateContent "HTTP/1.1 200 OK"
2026-09-01 10:33:28,055 - INFO - HTTP Request: POST https://generativelanguage.googleapis.com/v1beta/models/gemini-2.5-pro:generateContent "HTTP/1.1 200 OK"
2026-09-01 10:33:29,253 - INFO - HTTP Request: POST https://generativelanguage.googleapis.com/v1beta/models/gemini-2.5-pro:generateContent "HTTP/1.1 200 OK"
2026-09-01 10:33:31,021 - INFO - HTTP Request: POST https://generativelanguage.googleapis.com/v1beta/models/gemini-2.5-pro:generateContent "HTTP/1.1 200 OK"
2026-09-01 10:33:32,876 - INFO - HTTP Request: POST https://generativelanguage.googleapis.com/v1beta/models/gemini-2.5-pro:generateContent "HTTP/1.1 200 OK"
2026-09-01 10:33:32,882 - INFO - [PL] Waiting 10.0s before next Agent 1 window…
2026-09-01 10:33:42,886 - INFO - [PL] Agent 1 window 200-209 (10 batches)
2026-09-01 10:33:42,960 - INFO - AFC is enabled with max remote calls: 10.
2026-09-01 10:33:42,962 - INFO - AFC is enabled with max remote calls: 10.
2026-09-01 10:33:42,963 - INFO - AFC is enabled with max remote calls: 10.
2026-09-01 10:33:42,965 - INFO - AFC is enabled with max remote calls: 10.
2026-09-01 10:33:42,966 - INFO - AFC is enabled with max remote calls: 10.
2026-09-01 10:33:42,967 - INFO - AFC is enabled with max remote calls: 10.
2026-09-01 10:33:42,968 - INFO - AFC is enabled with max remote calls: 10.
2026-09-01 10:33:42,969 - INFO - AFC is enabled with max remote calls: 10.
2026-09-01 10:33:42,970 - INFO - AFC is enabled with max remote calls: 10.
2026-09-01 10:33:42,972 - INFO - AFC is enabled with max remote calls: 10.
2026-09-01 10:33:57,137 - INFO - HTTP Request: POST https://generativelanguage.googleapis.com/v1beta/models/gemini-2.5-pro:generateContent "HTTP/1.1 200 OK"
2026-09-01 10:33:57,886 - INFO - HTTP Request: POST https://generativelanguage.googleapis.com/v1beta/models/gemini-2.5-pro:generateContent "HTTP/1.1 200 OK"
2026-09-01 10:33:59,051 - INFO - HTTP Request: POST https://generativelanguage.googleapis.com/v1beta/models/gemini-2.5-pro:generateContent "HTTP/1.1 200 OK"
2026-09-01 10:33:59,219 - INFO - HTTP Request: POST https://generativelanguage.googleapis.com/v1beta/models/gemini-2.5-pro:generateContent "HTTP/1.1 200 OK"
2026-09-01 10:33:59,869 - INFO - HTTP Request: POST https://generativelanguage.googleapis.com/v1beta/models/gemini-2.5-pro:generateContent "HTTP/1.1 200 OK"
2026-09-01 10:34:00,624 - INFO - HTTP Request: POST https://generativelanguage.googleapis.com/v1beta/models/gemini-2.5-pro:generateContent "HTTP/1.1 200 OK"
2026-09-01 10:34:00,699 - INFO - HTTP Request: POST https://generativelanguage.googleapis.com/v1beta/models/gemini-2.5-pro:generateContent "HTTP/1.1 200 OK"
2026-09-01 10:34:02,535 - INFO - HTTP Request: POST https://generativelanguage.googleapis.com/v1beta/models/gemini-2.5-pro:generateContent "HTTP/1.1 200 OK"
2026-09-01 10:34:03,528 - INFO - HTTP Request: POST https://generativelanguage.googleapis.com/v1beta/models/gemini-2.5-pro:generateContent "HTTP/1.1 200 OK"
2026-09-01 10:34:04,985 - INFO - HTTP Request: POST https://generativelanguage.googleapis.com/v1beta/models/gemini-2.5-pro:generateContent "HTTP/1.1 200 OK"
2026-09-01 10:34:05,000 - INFO - [PL] Waiting 10.0s before next Agent 1 window…
2026-09-01 10:34:15,005 - INFO - [PL] Agent 1 window 210-219 (10 batches)
2026-09-01 10:34:15,091 - INFO - AFC is enabled with max remote calls: 10.
2026-09-01 10:34:15,093 - INFO - AFC is enabled with max remote calls: 10.
2026-09-01 10:34:15,094 - INFO - AFC is enabled with max remote calls: 10.
2026-09-01 10:34:15,096 - INFO - AFC is enabled with max remote calls: 10.
2026-09-01 10:34:15,097 - INFO - AFC is enabled with max remote calls: 10.
2026-09-01 10:34:15,098 - INFO - AFC is enabled with max remote calls: 10.
2026-09-01 10:34:15,099 - INFO - AFC is enabled with max remote calls: 10.
2026-09-01 10:34:15,100 - INFO - AFC is enabled with max remote calls: 10.
2026-09-01 10:34:15,101 - INFO - AFC is enabled with max remote calls: 10.
2026-09-01 10:34:15,102 - INFO - AFC is enabled with max remote calls: 10.
2026-09-01 10:34:29,084 - INFO - HTTP Request: POST https://generativelanguage.googleapis.com/v1beta/models/gemini-2.5-pro:generateContent "HTTP/1.1 200 OK"
2026-09-01 10:34:30,359 - INFO - HTTP Request: POST https://generativelanguage.googleapis.com/v1beta/models/gemini-2.5-pro:generateContent "HTTP/1.1 200 OK"
2026-09-01 10:34:31,918 - INFO - HTTP Request: POST https://generativelanguage.googleapis.com/v1beta/models/gemini-2.5-pro:generateContent "HTTP/1.1 200 OK"
2026-09-01 10:34:32,041 - INFO - HTTP Request: POST https://generativelanguage.googleapis.com/v1beta/models/gemini-2.5-pro:generateContent "HTTP/1.1 200 OK"
2026-09-01 10:34:32,586 - INFO - HTTP Request: POST https://generativelanguage.googleapis.com/v1beta/models/gemini-2.5-pro:generateContent "HTTP/1.1 200 OK"
2026-09-01 10:34:34,273 - INFO - HTTP Request: POST https://generativelanguage.googleapis.com/v1beta/models/gemini-2.5-pro:generateContent "HTTP/1.1 200 OK"
2026-09-01 10:34:35,536 - INFO - HTTP Request: POST https://generativelanguage.googleapis.com/v1beta/models/gemini-2.5-pro:generateContent "HTTP/1.1 200 OK"
2026-09-01 10:34:36,514 - INFO - HTTP Request: POST https://generativelanguage.googleapis.com/v1beta/models/gemini-2.5-pro:generateContent "HTTP/1.1 200 OK"
2026-09-01 10:34:36,898 - INFO - HTTP Request: POST https://generativelanguage.googleapis.com/v1beta/models/gemini-2.5-pro:generateContent "HTTP/1.1 200 OK"
2026-09-01 10:34:41,283 - INFO - HTTP Request: POST https://generativelanguage.googleapis.com/v1beta/models/gemini-2.5-pro:generateContent "HTTP/1.1 200 OK"
2026-09-01 10:34:41,297 - INFO - [PL] Waiting 10.0s before next Agent 1 window…
2026-09-01 10:34:51,301 - INFO - [PL] Agent 1 window 220-229 (10 batches)
2026-09-01 10:34:51,369 - INFO - AFC is enabled with max remote calls: 10.
2026-09-01 10:34:51,373 - INFO - AFC is enabled with max remote calls: 10.
2026-09-01 10:34:51,374 - INFO - AFC is enabled with max remote calls: 10.
2026-09-01 10:34:51,376 - INFO - AFC is enabled with max remote calls: 10.
2026-09-01 10:34:51,377 - INFO - AFC is enabled with max remote calls: 10.
2026-09-01 10:34:51,378 - INFO - AFC is enabled with max remote calls: 10.
2026-09-01 10:34:51,379 - INFO - AFC is enabled with max remote calls: 10.
2026-09-01 10:34:51,380 - INFO - AFC is enabled with max remote calls: 10.
2026-09-01 10:34:51,381 - INFO - AFC is enabled with max remote calls: 10.
2026-09-01 10:34:51,382 - INFO - AFC is enabled with max remote calls: 10.
2026-09-01 10:35:07,332 - INFO - HTTP Request: POST https://generativelanguage.googleapis.com/v1beta/models/gemini-2.5-pro:generateContent "HTTP/1.1 200 OK"
2026-09-01 10:35:08,605 - INFO - HTTP Request: POST https://generativelanguage.googleapis.com/v1beta/models/gemini-2.5-pro:generateContent "HTTP/1.1 200 OK"
2026-09-01 10:35:09,448 - INFO - HTTP Request: POST https://generativelanguage.googleapis.com/v1beta/models/gemini-2.5-pro:generateContent "HTTP/1.1 200 OK"
2026-09-01 10:35:12,160 - INFO - HTTP Request: POST https://generativelanguage.googleapis.com/v1beta/models/gemini-2.5-pro:generateContent "HTTP/1.1 200 OK"
2026-09-01 10:35:12,758 - INFO - HTTP Request: POST https://generativelanguage.googleapis.com/v1beta/models/gemini-2.5-pro:generateContent "HTTP/1.1 200 OK"
2026-09-01 10:35:13,601 - INFO - HTTP Request: POST https://generativelanguage.googleapis.com/v1beta/models/gemini-2.5-pro:generateContent "HTTP/1.1 200 OK"
2026-09-01 10:35:19,084 - INFO - HTTP Request: POST https://generativelanguage.googleapis.com/v1beta/models/gemini-2.5-pro:generateContent "HTTP/1.1 200 OK"
2026-09-01 10:35:20,690 - INFO - HTTP Request: POST https://generativelanguage.googleapis.com/v1beta/models/gemini-2.5-pro:generateContent "HTTP/1.1 200 OK"
2026-09-01 10:35:24,356 - INFO - HTTP Request: POST https://generativelanguage.googleapis.com/v1beta/models/gemini-2.5-pro:generateContent "HTTP/1.1 200 OK"
2026-09-01 10:35:26,979 - INFO - HTTP Request: POST https://generativelanguage.googleapis.com/v1beta/models/gemini-2.5-pro:generateContent "HTTP/1.1 200 OK"
2026-09-01 10:35:26,995 - INFO - [PL] Waiting 10.0s before next Agent 1 window…
2026-09-01 10:35:37,000 - INFO - [PL] Agent 1 window 230-239 (10 batches)
2026-09-01 10:35:37,095 - INFO - AFC is enabled with max remote calls: 10.
2026-09-01 10:35:37,098 - INFO - AFC is enabled with max remote calls: 10.
2026-09-01 10:35:37,099 - INFO - AFC is enabled with max remote calls: 10.
2026-09-01 10:35:37,100 - INFO - AFC is enabled with max remote calls: 10.
2026-09-01 10:35:37,101 - INFO - AFC is enabled with max remote calls: 10.
2026-09-01 10:35:37,102 - INFO - AFC is enabled with max remote calls: 10.
2026-09-01 10:35:37,103 - INFO - AFC is enabled with max remote calls: 10.
2026-09-01 10:35:37,104 - INFO - AFC is enabled with max remote calls: 10.
2026-09-01 10:35:37,104 - INFO - AFC is enabled with max remote calls: 10.
2026-09-01 10:35:37,105 - INFO - AFC is enabled with max remote calls: 10.
2026-09-01 10:35:52,446 - INFO - HTTP Request: POST https://generativelanguage.googleapis.com/v1beta/models/gemini-2.5-pro:generateContent "HTTP/1.1 200 OK"
2026-09-01 10:35:54,956 - INFO - HTTP Request: POST https://generativelanguage.googleapis.com/v1beta/models/gemini-2.5-pro:generateContent "HTTP/1.1 200 OK"
2026-09-01 10:35:55,546 - INFO - HTTP Request: POST https://generativelanguage.googleapis.com/v1beta/models/gemini-2.5-pro:generateContent "HTTP/1.1 200 OK"
2026-09-01 10:35:55,811 - INFO - HTTP Request: POST https://generativelanguage.googleapis.com/v1beta/models/gemini-2.5-pro:generateContent "HTTP/1.1 200 OK"
2026-09-01 10:35:57,093 - INFO - HTTP Request: POST https://generativelanguage.googleapis.com/v1beta/models/gemini-2.5-pro:generateContent "HTTP/1.1 200 OK"
2026-09-01 10:35:57,680 - INFO - HTTP Request: POST https://generativelanguage.googleapis.com/v1beta/models/gemini-2.5-pro:generateContent "HTTP/1.1 200 OK"
2026-09-01 10:35:58,918 - INFO - HTTP Request: POST https://generativelanguage.googleapis.com/v1beta/models/gemini-2.5-pro:generateContent "HTTP/1.1 200 OK"
2026-09-01 10:35:59,425 - INFO - HTTP Request: POST https://generativelanguage.googleapis.com/v1beta/models/gemini-2.5-pro:generateContent "HTTP/1.1 200 OK"
2026-09-01 10:36:01,007 - INFO - HTTP Request: POST https://generativelanguage.googleapis.com/v1beta/models/gemini-2.5-pro:generateContent "HTTP/1.1 200 OK"
2026-09-01 10:36:05,444 - INFO - HTTP Request: POST https://generativelanguage.googleapis.com/v1beta/models/gemini-2.5-pro:generateContent "HTTP/1.1 200 OK"
2026-09-01 10:36:05,450 - INFO - [PL] Waiting 10.0s before next Agent 1 window…
2026-09-01 10:36:15,460 - INFO - [PL] Agent 1 window 240-249 (10 batches)
2026-09-01 10:36:15,542 - INFO - AFC is enabled with max remote calls: 10.
2026-09-01 10:36:15,545 - INFO - AFC is enabled with max remote calls: 10.
2026-09-01 10:36:15,546 - INFO - AFC is enabled with max remote calls: 10.
2026-09-01 10:36:15,547 - INFO - AFC is enabled with max remote calls: 10.
2026-09-01 10:36:15,548 - INFO - AFC is enabled with max remote calls: 10.
2026-09-01 10:36:15,549 - INFO - AFC is enabled with max remote calls: 10.
2026-09-01 10:36:15,549 - INFO - AFC is enabled with max remote calls: 10.
2026-09-01 10:36:15,550 - INFO - AFC is enabled with max remote calls: 10.
2026-09-01 10:36:15,551 - INFO - AFC is enabled with max remote calls: 10.
2026-09-01 10:36:15,552 - INFO - AFC is enabled with max remote calls: 10.
2026-09-01 10:36:28,291 - INFO - HTTP Request: POST https://generativelanguage.googleapis.com/v1beta/models/gemini-2.5-pro:generateContent "HTTP/1.1 200 OK"
2026-09-01 10:36:31,618 - INFO - HTTP Request: POST https://generativelanguage.googleapis.com/v1beta/models/gemini-2.5-pro:generateContent "HTTP/1.1 200 OK"
2026-09-01 10:36:31,998 - INFO - HTTP Request: POST https://generativelanguage.googleapis.com/v1beta/models/gemini-2.5-pro:generateContent "HTTP/1.1 200 OK"
2026-09-01 10:36:34,069 - INFO - HTTP Request: POST https://generativelanguage.googleapis.com/v1beta/models/gemini-2.5-pro:generateContent "HTTP/1.1 200 OK"
2026-09-01 10:36:34,266 - INFO - HTTP Request: POST https://generativelanguage.googleapis.com/v1beta/models/gemini-2.5-pro:generateContent "HTTP/1.1 200 OK"
2026-09-01 10:36:36,015 - INFO - HTTP Request: POST https://generativelanguage.googleapis.com/v1beta/models/gemini-2.5-pro:generateContent "HTTP/1.1 200 OK"
2026-09-01 10:36:37,828 - INFO - HTTP Request: POST https://generativelanguage.googleapis.com/v1beta/models/gemini-2.5-pro:generateContent "HTTP/1.1 200 OK"
2026-09-01 10:36:38,313 - INFO - HTTP Request: POST https://generativelanguage.googleapis.com/v1beta/models/gemini-2.5-pro:generateContent "HTTP/1.1 200 OK"
2026-09-01 10:36:45,328 - INFO - HTTP Request: POST https://generativelanguage.googleapis.com/v1beta/models/gemini-2.5-pro:generateContent "HTTP/1.1 200 OK"
2026-09-01 10:36:45,800 - INFO - HTTP Request: POST https://generativelanguage.googleapis.com/v1beta/models/gemini-2.5-pro:generateContent "HTTP/1.1 200 OK"
2026-09-01 10:36:45,806 - INFO - [A2][PL][2026-2027-pl-car-hire-city-06__0001] SYSTEM PROMPT (first batch only):
# ROLE & MISSION

You are an **Expert Technical LQA Auditor — Validator (Final Pass)**. Your mission is to review the localized content **together with a draft JSON report of findings** and return a **final, clean JSON report** that:

* **Keeps only valid, objective, rule-based errors**;
* **Corrects categories, severities, and score mappings** where needed;
* **Adds a missed error only when it is *clear, objective, and within scope*** (see *Additions Policy*);
* **Preserves the exact JSON schema** used by the LQA pipeline.

You return the **final report as if you authored it from scratch**. Do **not** comment on previous reviewers/agents, and do **not** include explanatory prose. Your output is the **single JSON object only**.

This prompt is used across multiple languages. A locale-specific instruction pack is auto-injected. **These instructions are your highest authority and override any general rules in this document where they differ.**

You will receive a `Topic Name` for each batch (e.g., a route or travel topic). Use it as context and **do not flag hardcoded city/route mentions as errors when they match the Topic Name** (destination/from cities already specified by the topic are not mistakes).

---

## PROJECT-SPECIFIC EXCLUSIONS (HIGHEST PRIORITY)

Do **not** keep, add, or correct findings about names, cities/place names, car-rental providers, or car models/types merely because they are not localized or remain in another language/alphabet. The agency will handle them. Preserve them exactly in `updated_sentence` and `corrected_content`. Keep only an independent objective error that is not based on localization or script.

---

## THE PRIME DIRECTIVE: OBJECTIVITY OVER PREFERENCE

Your role is to enforce objectivity and consistency:

**✅ KEEP (Objective & Actionable Issues Only)**

* **Grammar:** Agreement, case, tense, government, prepositions **that alter meaning**.
* **Punctuation/Spelling/Typos:** Typos/diacritics; locale punctuation rules (e.g., FR NBSP before `: ; ? !`, DE „…“ quotes).
* **Compliance:** Glossary/brand/register violations that are **explicitly mandated**; mandated units/currency formatting; required conversions.
* **Accuracy:** Internal contradictions, wrong numbers, mistranslation that changes meaning, **wrong currency for location**.
* **Severe Clarity:** Run‑ons/structures that **objectively** hinder comprehension.
* **SEO paragraph segmentation:** A single SEO/editorial body paragraph that packs multiple distinct ideas and is objectively hard to scan — keep/add as **Style** with a split fix. Not for synonym preference.

**❌ DISCARD (Subjective or Out of Scope)**

* "Awkward/natural/flow" without a rule violation.
* Synonyms/paraphrases that keep the same meaning.
* Content improvements beyond the provided text.
* External fact corrections (laws/limits/prices) unless the text **internally contradicts itself** or `lang instructions` requires a specific presentation.

---

## **TERMS / GLOSSARY HANDLING (IMPORTANT)**

* Treat key terms/keywords as **reference**, not rigid commands. **Case‑insensitive** by default; morphology allowed.
* Enforce a term as **Compliance** only when **explicitly mandatory** (or for brands/proper names). Do **not** impose Title Case just because the list shows a capitalized entry.
* **Do not rename brands.** If uncertain, adjust only casing/spacing or remove the finding.


---

## LANGUAGE‑AGNOSTIC CATEGORIZATION RULES

1. **No external fact‑checking**

   * Do **not** verify laws, limits, or prices with outside knowledge. Use **Accuracy** only for **internal contradictions**, **mistranslations**, or **objective numeric/format errors** visible in the text.
   * Missing metric↔imperial conversion or required primary unit for the locale → **Compliance**.

2. **Brand / Proper‑noun rules are Compliance**

   * Misspelling, wrong casing, spacing of official names → **Compliance** (not Punctuation).
   * Examples: *star car → starcar* (DE), *yalla → Yalla* (pt‑BR), *Rental plus → Rental Plus* (NL).

3. **Currency: what vs how**

   * **What** currency is used for the location (e.g., £ in California) → **Accuracy** (Major).
   * **How** it is formatted/spaced/symbol order → **Compliance** per locale.

4. **Headings & typography**

   * Punctuation in headings (e.g., stray period) → **Punctuation/Spelling/Typos**.
   * Locale‑specific quotes/spaces/diacritics → **Punctuation/Spelling/Typos**.
   * Do **not** force Title Case unless `lang instructions` explicitly mandates it.

5. **Clarity vs preference**

   * Use **Style** only for **objective readability breakdowns** (run‑ons, tangled structure, ambiguous segmentation, or SEO body paragraphs that objectively pack multiple distinct ideas and must be split). Do **not** use Style for “sounds nicer”.

---

## **ADDITIONS POLICY (WHEN MAY YOU ADD A NEW ERROR?)**
Your default is to **validate and prune**. Add a new finding **only if ALL** are true:

1. The error is **clear, objective, and high‑confidence**;
2. It is **within scope** of allowed categories and `PL_instructions`;
3. It has **material impact** (Minor/Major/Critical as per ladder) and is not preferential;
4. The **updated\_sentence** applies a **minimal fix** (no creative rewrite or new facts);
5. **No brand renames**: you **may not** invent or substitute a brand name. Only correct brand spelling if it’s in the glossary/terms or is an obvious simple typo of a known brand. Otherwise, restrict to casing/spacing or omit.

If any condition is doubtful, **do not add**. Prefer under‑addition to over‑flagging.


---

## DE‑DUPLICATION & MINIMAL FIX

* **De‑duplication:** If the same **rule** is violated repeatedly in a contiguous pattern, keep **one representative instance**. In `issue`, note: *“Pattern repeats in similar sentences.”*
* **Minimal change principle:** `updated_sentence` must apply **only** the fix needed for the error. Do not rephrase unrelated parts, change mood/voice/wording, or introduce new content.

---

## SCOPE OF QA (ERROR CATEGORIES)

Use one of the following exact labels for `type_of_issue`.

1. **AI-issues**

   * **Hallucination:** Fabricated content presented as fact **within the text**.
   * **Bias / Cultural Sensitivity:** Offensive, biased, or culturally insensitive content.

2. **Style**

   * **Definition:** Clarity/readability issues that **objectively** hinder comprehension (run‑ons, tangled structure, ambiguous segmentation).
   * **Do not use for:** Preferred phrasings or cosmetic rewrites.

3. **Accuracy**

   * **Definition:** Semantic fidelity or numeric correctness **within the provided text**.
   * **Use for:** Mistranslation altering meaning; internal contradictions; wrong numbers/arithmetic; **wrong currency for location**.
   * **Do not use for:** External fact‑checking (laws/speed limits/prices not contradicted by the text).

4. **Compliance**

   * **Definition:** Violations of glossary/brand/locale rules or mandated presentation.
   * **Use for:** Brand/proper‑noun casing; unit presentation & required conversions; currency **formatting** rules; register required by `lang instructions`.

5. **Grammar**

   * **Definition:** Morphology/syntax agreement and government errors.
   * **Examples:** Case errors; agreement; required repetition in parallel lists.

6. **Punctuation/Spelling/Typos**

   * **Definition:** Orthography, diacritics, locale punctuation/spacing, stray characters.
   * **Examples:** Double spaces; FR NBSP; heading stray period.

---

## SEVERITY LEVELS & DECISION LADDER

Map severity to points exactly (Minor=1, Major=3, Critical=25):

**Critical (25)** – Safety/legal risk, offensive bias, or fabricated claims **within the text** that could dangerously mislead.

**Major (3)** – Errors that change meaning or materially impair comprehension (mistranslation; missing mandated conversion in a metric locale; wrong currency for location; run‑on that creates ambiguity).

**Minor (1)** – Objective errors not blocking understanding (typos; locale spaces/quotes; heading with stray period; non‑blocking agreement/casing/commas per locale rules).

**Decision Ladder**

1. Policy/safety/offense? → **Critical**.
2. Misleads/changes meaning/blocks understanding? → **Major**.
3. Otherwise objective correctness/formatting breaches → **Minor**.
4. If purely preferential → **Remove**.

---

## Lang‑SPECIFIC RULES

# Polish (pl-PL) Style Guide for Skyscanner

## Critical requirements
- Address the reader directly, but do not use `Pan`/`Pani`. Capitalize direct-address pronouns such as `Ty`, `Tobie`, `Ciebie`, `Wy`, `Wam`, and `Was`.
- Prefer gender-neutral constructions and keep the form of address consistent.
- Use active voice and short imperative CTAs. Helpful > geeky > playful.
- The global project-specific exclusion in the master prompt takes priority over any name or geo-name guidance.

## Language and typography
- Use Polish quotation marks `„…”` and the ellipsis character `…`.
- Use an en dash, not an em dash, for parenthetical breaks and ranges where appropriate.
- Use sentence case; do not end headings with a full stop. Avoid excessive exclamation marks.
- Keep list capitalization and punctuation consistent.

## Technical content
- Preserve placeholders, variables, tags, numbers, and product tokens exactly.
- Do not duplicate the airport word when it is already part of the source name.
- Keep Skyscanner unchanged.

## Content and compliance
- Use natural SEO language; no keyword stuffing or preference-only rewrites.
- Do not externally fact-check laws, prices, limits, or policies.
- Do not claim Skyscanner provides discounts. Use neutral wording about offers and price reductions.
- Use “best” only with a supplied measurable basis.
- Avoid greenwashing and absolute claims that travel is green, clean, eco-friendly, or sustainable.



---

## OUTPUT JSON CONTRACT (RETURN THIS OBJECT ONLY)

Return a **single, valid JSON object** using the exact schema below. Do **not** add any explanatory text.

```json
{
  "review_findings": [
    {
      "text": "<The full, original sentence or text snippet containing the error>",
      "issue": "<A concise, one-sentence description of the objective error.>",
      "type_of_issue": "<Must be one of: AI-issues, Style, Accuracy, Compliance, Grammar, Punctuation/Spelling/Typos>",
      "solution": "<A brief, actionable instruction for the fix.>",
      "updated_sentence": "<The full sentence, rewritten with the solution correctly applied. For paragraph splits, include blank lines between paragraphs.>",
      "severity": "<Must be one of: Minor, Major, Critical>",
      "score_deduction": "<Must be 1, 3, or 25, matching the severity>"
    }
  ],
  "corrected_content": "<REQUIRED: the full corrected body text for THIS batch/section after applying all kept fixes. Preserve meaning. Use blank lines between paragraphs when splitting for readability. If no findings, return the original content unchanged.>",
  "overall_feedback": {
    "summary": "<2–3 bullet points on systemic error patterns found in THIS final report>",
    "action_plan": "<2–3 concrete, high-level preventive actions consistent with THIS final report>"
  }
}
```

**`corrected_content` rules**

* Always include `corrected_content` for the **entire section body** you were given (not just one sentence).
* Apply every kept finding’s fix; do not introduce new facts, brands, or creative rewrites.
* When splitting paragraphs, separate them with a blank line (`\\n\\n`).
* If there are no findings, set `corrected_content` to the original `$content` unchanged.

---

## COMMON MISCLASSIFICATIONS TO AVOID (CHECK BEFORE SUBMIT)

* **External fact corrections** (laws, limits, prices) → **Remove** unless contradicted internally. Missing metric conversion → **Compliance**, not **Accuracy**.
* **Brand/proper‑noun casing** → **Compliance**, not **Punctuation**.
* **Currency** → **what** currency for the location = **Accuracy**; **how** it’s formatted = **Compliance**.
* **Generic vertical nouns** (e.g., ES *alquiler de coches*) → keep in **sentence case** unless locale pack mandates Title Case.
* **Headings punctuation** (stray period) → **Punctuation/Spelling/Typos**.
* **“Awkward/natural” only** → **Remove** unless readability is objectively impaired (then **Style**).

---

## FINAL SELF‑CHECK (RUN BEFORE RETURNING JSON)

1. **Did I return exactly one JSON object with the correct schema, including `corrected_content`?**
2. **Did I eliminate preferential or externally fact‑checked items?**
3. **Did I add a new error only if it was *clear, objective, and within scope*?**
4. **Are categories normalized and severities mapped to 1/3/25 correctly?**
5. **Do terms/keywords follow the reference‑not‑mandatory rule (unless explicitly mandated)?**
6. **Are issue/solution concise and minimal, and do updated sentences apply only the fix?**
7. **Does `corrected_content` reflect the full section body with all kept fixes applied?**

Return only the JSON object.

2026-09-01 10:36:45,820 - INFO - [A2][PL][2026-2027-pl-car-hire-city-06__0001] USER PROMPT (first batch only):
Topic Name: Lizbona: jak znaleźć tanią ofertę wynajmu samochodu

Here is the content to review:

Wynajem samochodu w Lizbonie zaczyna się od 27 zł, przy średniej rocznej cenie wynoszącej 195 zł. Ceny wahają się w zależności od pory roku, a najniższe stawki notuje się w listopadzie. Porównując oferty różnych wypożyczalni w Skyscanner, możesz sprawdzić, które modele mieszczą się w Twoim budżecie. Rezerwacja z 2-tygodniowym wyprzedzeniem zwykle pozwala uzyskać korzystniejszą cenę niż wynajem w ostatniej chwili. Warto też rozważyć odbiór poza centrum, gdzie stawki bywają niższe. Elastyczne daty odbioru i zwrotu również wpływają na koszt.

Available key terms:

### Skyscanner Multilingual Glossary ###
- EN: additional driver → pl-PL: dodatkowy kierowca | Definition: An extra person authorized to drive a rented vehicle. | Example: Możesz dodać dodatkowego kierowcę do rezerwacji, gdy dotrzesz do wypożyczalni {supplier}.
- EN: air conditioning → pl-PL: klimatyzacja | Definition: A system for cooling and dehumidifying the air. | Example: Tylko samochody z klimatyzacją
- EN: airline → pl-PL: linie lotnicze | Definition: A company that provides air transport services for traveling passengers. | Notes: Alternatively:
przewoźnik / linia lotnicza [where plurality is impossible] | Example: Szukaj wśród milionów lotów setek przewoźników w kilka sekund / Szukaj wśród milionów lotów setek linii lotniczych w kilka sekund
- EN: airline alliance → pl-PL: sojusz linii lotniczych | Definition: A partnership between multiple airlines to provide mutual benefits and seamless travel. | Example: Zdobywasz punkty w programie lojalnościowym. korzystając z lotów wybranego przewoźnika lub partnerów należących do sojuszu linii lotniczych.
- EN: all inclusive → pl-PL: all inclusive | Definition: Hotel package that includes accommodation, all meals, snacks, drinks (both alcoholic and non-alcoholic), and often additional amenities and activities
- EN: Altitude Shift → pl-PL: Na wysokości | Definition: In 2026, travellers will be heading for higher ground—literally. 
From the Atlas Mountains to the Dolomites and Lake Annecy, alpine destinations and the glacial lakes beneath them will see a surge in interest, not just in winter, but increasingly during the off-peak seasons.
- EN: amenities → pl-PL: udogodnienia | Definition: Title of filter section mainly in hotel search | Example: Zobacz wszystkie udogodnienia w hotelu
- EN: apartment → pl-PL: apartament | Definition: A self-contained housing unit that occupies part of a building.
- EN: App → pl-PL: aplikacja | Definition: An application designed for use on mobile devices.
- EN: Art and culture → pl-PL: kultura i sztuka | Definition: Activities or attractions related to visual arts, music, theater, and heritage.
- EN: automatic → pl-PL: automatyczna | Definition: A type of vehicle transmission that shifts gears automatically.
- EN: baggage allowance → pl-PL: limit bagażu | Definition: The amount of luggage a traveler is permitted to carry without incurring additional fees, as defined by the transportation provider
- EN: Beach → pl-PL: Plaża | Definition: A sandy or pebbly shore by a body of water, often a popular destination for relaxation and recreation.
- EN: Black Friday → pl-PL: Black Friday | Definition: A major retail event with extensive sales and promotions, often lasting beyond the day after Thanksgiving. | Example: Skorzystaj z promocji z okazji Black Friday.
- EN: board type → pl-PL: wyżywienie | Definition: This term refers to the meal plan included with a hotel stay. | Notes: Also: rodzaj wyżywienia
- EN: book → pl-PL: rezerwować : zarezerwować | Definition: Verb. To reserve a service, such as a flight. | Example: Zarezerwuj lot
- EN: book → pl-PL: rezerwować : zarezerwować | Definition: Verb. To reserve a service, such as a hotel room. | Example: Zarezerwuj hotel
- EN: book → pl-PL: rezerwować : zarezerwować | Definition: Verb. To reserve a service, such as a car. | Example: Zarezerwuj samochód
- EN: Book-bound → pl-PL: Literackim szlakiem | Definition: Reading is having a global renaissance, with people across generations embracing it as a form of escape and personal restoration. 
In 2026, this growing passion will translate into literary-led travel behaviours—from visiting destinations inspired by beloved books, to planning holidays around reading retreats, or exploring aesthetic bookshops and beautiful libraries.
- EN: booking → pl-PL: rezerwacja | Definition: Noun. A reservation for a service. | Example: Rezerwacja lotu
- EN: booking → pl-PL: rezerwacja | Definition: Noun. A reservation for a service. | Example: Rezerwacja hotelu
- EN: booking → pl-PL: rezerwacja | Definition: Noun. A reservation for a service. | Example: Rezerwacja samochodu
- EN: Business Class → pl-PL: klasa biznes | Definition: A class of airline service offering more comfort and amenities than economy class. | Example: Znajdź najtańsze loty w klasie biznes z: @@departure@@ do: @@destination@@.
- EN: business travellers → pl-PL: osoby podróżujące służbowo | Definition: Individuals traveling for work-related purposes.
- EN: cabin bag → pl-PL: bagaż podręczny | Definition: A small piece of luggage carried into the passenger cabin. | Example: Bez bagażu podręcznego w cenie.
- EN: cabin baggage → pl-PL: bagaż podręczny | Definition: Same as cabin bag. | Example: Podróżuj wygodniej z samym bagażem podręcznym.
- EN: cabin class → pl-PL: klasa podróży | Definition: The category of service on an aircraft, such as economy, business, or first class. | Example: Wybierz liczbę podróżnych i klasę podróży
- EN: cancellation policy → pl-PL: zasady anulowania | Definition: The terms and conditions under which a booking can be canceled. | Example: Sprawdź szczegóły zasad anulowania w wypożyczalni.
- EN: car hire → pl-PL: wynajem samochodów : wynajem samochodu | Definition: The act of renting a vehicle. | Example: Wyszukuj i porównuj najlepsze oferty wynajmu samochodów na całym świecie.
- EN: Car hire → pl-PL: Wynajem samochodów | Definition: Rental of an automobile for a specified period | Example: Wyszukuj i porównuj najlepsze oferty wynajmu samochodów na całym świecie.
- EN: car hire company → pl-PL: wypożyczalnia samochodów | Definition: A business that provides rental vehicles. | Example: Jaka wypożyczalnia samochodów w: {car_hire_origin_city} jest najtańsza?
- EN: car hire deal → pl-PL: oferta wynajmu samochodu | Definition: Discounted or special offer on car rental services.
- EN: carbon footprint → pl-PL: ślad węglowy | Definition: A carbon footprint refers to the total amount of CO2 emissions released into the atmosphere as a result of the activities of an business, individual or event.
- EN: Catching Flights ​& Feelings → pl-PL: Catching Flights & Feelings | Definition: As dating app usage shifts and the rise of 'catch-up friends' dynamic deepens, travellers in 2026 are looking to use their holidays not just for escape, but for real-world connection. Whether it’s sparking a romance abroad, making new friends on the road, or finally meeting someone foreign from an app in person in another country, travel is becoming the ultimate IRL icebreaker.
This trend sees solo travel, intentional connection-seeking, and emotional openness come together—less swipe, more spark.
- EN: charge → pl-PL: pobierać | Definition: Verb. To add fee for a service or product. | Example: Nie pobieramy żadnych opłat za rezerwację.
- EN: charge → pl-PL: opłata | Definition: Noun. Fee for a service or product | Example: Pamiętaj, że wypożyczalnie mogą naliczać dodatkowe opłaty i nakładać ograniczenia.
- EN: Cheapest month → pl-PL: Najtańszy miesiąc | Definition: The cheapest month features in ‘Flexible Dates’ tab highlights the cheapest month to travel, as well as the lowest price per month to travel to the destination. | Notes: Sentence case as a feature name and lower case "najtańszy miesiąc" in generic context
- EN: check in → pl-PL: dokonywać odprawy | Definition: Verb - The process of registering for a flight. | Example: Dokonaj odprawy przed {check_in_time}
- EN: check in → pl-PL: zameldować się | Definition: Verb - The process of registering for a hotel stay. | Example: Zamelduj się przed {check_in_time}
- EN: check out → pl-PL: wymeldowanie | Definition: Verb - The process of completing a stay at a hotel. | Example: W hotelu {hotel_name} możesz zameldować się od {check_in_time}. Musisz wymeldować się do {check_out_time}.
- EN: check-in → pl-PL: odprawa | Definition: Noun - The process of registering for a flight. | Example: Odprawa i odbiór bagażu często kończą się na godzinę przed planowaną godziną wylotu w przypadku lotów krajowych.
- EN: check-in → pl-PL: zameldowanie | Definition: Noun - The process of completing a stay at a hotel. | Example: Wybierz datę zameldowania
- EN: check-out → pl-PL: wymeldowanie | Definition: Noun - The process of leaving and settling the bill at a hotel. | Example: Wybierz datę wymeldowania
- EN: checked bag → pl-PL: bagaż rejestrowany | Definition: Bag that is handed over to the airline for transport in the cargo hold. | Example: Opłata za każdą sztukę bagażu rejestrowanego
- EN: checked luggage → pl-PL: bagaż rejestrowany | Definition: Luggage that is handed over to the airline for transport in the cargo hold. | Example: 23 kg bagażu rejestrowanego
- EN: cO2e emissions → pl-PL: ekwiwalent emisji CO₂ | Definition: Carbon dioxide equivalent emissions, measuring the impact of greenhouse gases.
- EN: Collision Damage Waiver → pl-PL: ubezpieczenie od kolizji | Definition: This is a type of insurance offered by rental car companies that limits your liability if the car is damaged in an accident. 
However, it typically doesn’t cover the full cost; you still have to pay a portion of  the repair costs, called the excess or deductible. | Example: Cena wynajmu obejmuje ubezpieczenie od kolizji.
- EN: commercial van → pl-PL: samochód dostawczy | Definition: Vehicles designed for transporting goods and materials for business purposes.
- EN: compact → pl-PL: kompaktowy | Definition: A category of rental cars that are slightly larger than economy cars but still small and efficient.
- EN: connecting flight → pl-PL: lot łączony | Definition: A flight requiring a change of planes to reach the final destination.
- EN: convertible → pl-PL: kabriolet | Definition: A car with a roof structure that can be 'converted' to allow open-air or enclosed driving.
- EN: Cookie Policy → pl-PL: Polityka plików cookie | Definition: Policy that governs the use of cookies on Skyscanner's website, ensuring transparency regarding data usage
- EN: country house → pl-PL: dom na wsi | Definition: A large house in the countryside
- EN: coupe → pl-PL: samochód coupe | Definition: A car with a fixed-roof body style that is shorter than a sedan of the same model.
- EN: couples → pl-PL: pary | Definition: Pairs of individuals traveling together
- EN: Cyber Monday → pl-PL: Cyber Monday | Definition: An online shopping event on the Monday after Thanksgiving, featuring exclusive digital deals and discounts. | Example: Dziś Cyber Monday! Sprawdź loty dostępne w niższej cenie.
- EN: deal → pl-PL: oferta | Definition: A special offer or discount. | Example: Przeglądaj oferty lotów / wynajmu samochodów / hoteli
- EN: departure country → pl-PL: kraj wylotu | Definition: The country from which a journey begins. | Example: Wybierz kraj wylotu
- EN: departure date → pl-PL: data wylotu | Definition: The date on which a journey starts. | Example: Wybierz datę wylotu
- EN: departure time → pl-PL: godzina wylotu | Definition: The scheduled time a flight is set to leave. | Example: Zauważyliśmy, że godzina wylotu uległa zmianie.
- EN: destination → pl-PL: miejsce docelowe | Definition: The final place or location to which someone is traveling. It is the end point of a journey where travelers intend to stay, explore, or visit. Destinations can range from cities and countries to specific attractions or resorts.
- EN: destination airport → pl-PL: lotnisko docelowe | Definition: The airport where a journey ends. | Example: Wybierz lotnisko docelowe
- EN: Destination Check-in → pl-PL: Hotelowy Check-in | Definition: Travellers are increasingly choosing where to go based on where they want to stay. In 2026, hotels aren’t just places to sleep - they're becoming the destination itself. From stunning architecture to transportive design, travellers are prioritising unique stays over traditional location appeal.
One rising expression of this? Destination-inspired hotels—think a Balinese villa in southern Spain, a Moroccan riad in Tokyo, or a Tuscan farmhouse in Napa. It’s about experiencing the aesthetic and atmosphere of far-off places, without the long-haul flight.
- EN: destination country → pl-PL: kraj docelowy | Definition: The country where a journey ends. | Example: Wybierz kraj docelowy
- EN: direct → pl-PL: (lot) bezpośredni | Definition: A flight with no scheduled stops between the departure and arrival points. | Example: Nie znaleźliśmy lotów bezpośrednich
- EN: direct flight → pl-PL: loty bezpośrednie | Definition: A flight with no scheduled stops between the departure and arrival points. | Example: Tylko loty bezpośrednie
- EN: domestic flight → pl-PL: lot krajowy | Definition: A flight within the same country. | Example: Znajdź tanie loty krajowe w: @@country@@
- EN: drop → pl-PL: spadek | Notes: (cen) | Example: Spadek ceny o 36 GBP

Pokaż spadki cen lotów do Londynu

Najnowsze spadki cen
- EN: drop → pl-PL: spadać | Example: Możliwe, że spadła cena Twojego lotu

Wybierz inne miejsce wylotu lub spróbuj poźniej. [drop by later – not applicable]

Ceny, które dzisiaj spadły

Ceny lotów do: @@target@@ spadły
- EN: drop-off → pl-PL: zwrot (samochodu) | Definition: The date, time or location where a rented vehicle is returned at the end of the rental period. | Example: Miejsce zwrotu samochodu
- EN: DROPS → pl-PL: DROPS | Definition: Feature name.

DROPS is a new “sub-brand” of Skyscanner. It is an app-exclusive product only available for logged-in users that helps travelers spot flight deals that have dropped by more than 20% and that are available for only 24h. | Notes: Follow the source capitalization.

Feature name. To be left in English

Gender note: masculine form. | Example: Poznaj DROPS

Pozwój DROPS wybrać kierunek Twojej kolejnej podróży
- EN: Drops → pl-PL: Drops | Definition: Feature name.

Drops is a new “sub-brand” of Skyscanner. It is an app-exclusive product only available for logged-in users that helps travelers spot flight deals that have dropped by more than 20% and that are available for only 24h. | Notes: Follow the source capitalization.

Feature name. To be left in English

Gender note: masculine form. | Example: Odśwież Drops

Dowiedz się więcej o funkcji Drops
- EN: economy → pl-PL: ekonomiczna | Definition: A category of rental cars that are typically small, fuel-efficient, and inexpensive. | Example: Wynajmij samochód klasy ekonomicznej
- EN: Economy → pl-PL: ekonomiczna | Definition: The Economy flight class refers to the most basic and affordable class of service on an airplane. | Example: Sprawdziliśmy loty w klasie ekonomicznej
- EN: electric → pl-PL: elektryczny | Definition: Vehicles powered by electricity, typically from batteries.
- EN: email → pl-PL: adres e-mail | Definition: Electronic mail address used for communication.
- EN: estimated price → pl-PL: cena szacunkowa [type] : szacunkowa cena [description] | Definition: An approximate cost for a service.
- EN: Everywhere → pl-PL: Cały świat | Definition: Option to search for travel destinations worldwide.
- EN: Excellent → pl-PL: Doskonała | Definition: Rating indicating superior quality or performance.
- EN: Excess Waiver → pl-PL: zniesienie udziału własnego | Definition: This is an additional insurance that covers the excess amount not covered by the CDW. If you buy an excess waiver, you won’t have to pay  anything in the event of a claim, as it "waives" your responsibility for the excess 
portion. So, the CDW reduces your liability for damage, while the excess waiver eliminates your out-of-pocket costs for the excess amount. | Example: Wybierz ubezpieczenie od kolizji z opcją zniesienia udziału własnego, aby mieć pewność, że nie poniesiesz żadnych kosztów.
- EN: explore → pl-PL: odkryć : odkrywać | Definition: Option to discover new destinations or services. | Example: Odkryj więcej
- EN: Explore everywhere → pl-PL: Odkrywaj świat | Definition: The sentence case will be used whenever the term is employed in the UI itself or as part of a sentence. | Example: Odkrywaj świat w maju.
- EN: Explore Everywhere → pl-PL: Odkrywaj świat | Definition: Used as feature or proper noun - Option to view travel options for various destinations globally. | Example: Odkrywaj świat w maju.
- EN: extra charge → pl-PL: dodatkowe opłaty | Definition: An additional fee for a service or product. | Example: Bez dodatkowych opłat.
- EN: Fair Fuel Policy → pl-PL: Przejrzyste zasady dotyczące paliwa | Definition: A policy ensuring fair charges for fuel in rental agreements. | Example: Porównaj warunki, takie jak cena za wynajem samochodu, łatwość odbioru, przejrzyste zasady dotyczące paliwa i inne
- EN: families → pl-PL: rodziny | Definition: Groups traveling together, typically including parents and children.
- EN: Family Miles → pl-PL: Rodzinne wyprawy | Definition: With the cost of living rising, many 20-somethings are still living at home—and that financial interdependence is now shaping how families travel. In 2026, we’ll see a growing wave of multigenerational holidays, where trips become a shared investment between parents, kids, and even grandparents.
But this isn’t just about splitting costs—it’s also about families. Stop the "catch-up trap" and start making memories.
- EN: FAQ → pl-PL: częste pytania | Definition: Frequently Asked Question
- EN: FAQs → pl-PL: częste pytania | Definition: Frequently Asked Questions | Example: Częste pytania podróżnych
- EN: fare → pl-PL: cena biletu | Definition: The cost of a ticket for travel. | Notes: Alternatively: cena lotu [NOT: cena za lot] | Example: Sprawdź na stronie przewoźnika co zawiera cena biletu
- EN: fee → pl-PL: opłata | Definition: A charge for a service or product. | Example: Niektórzy partnerzy płacą nam opłatę za polecenie, ale nie ma ona wpływu na to, jak szeregujemy hotele.
- EN: First Class → pl-PL: klasa pierwsza | Definition: A premium class of airline service offering high level of comfort and amenities.
- EN: Flexible dates → pl-PL: elastyczne daty | Definition: Previous "Whole month" feature. Calendar Tab that shows Whole month prices that allows users to make month view searches.
- EN: flight deal → pl-PL: oferta lotów | Definition: Discounted or special offer on air travel tickets. | Example: Przeglądaj oferty lotów
- EN: flight details → pl-PL: szczegóły lotu | Definition: Information about a specific flight. | Example: Przed dokonaniem rezerwacji zawsze sprawdzaj szczegóły lotów, ostateczne ceny i warunki.
- EN: flight emissions → pl-PL: emisje lotu | Definition: The amount of CO2 produced by a flight. Title for a feature that badges up flights with lower carbon dioxide emissions compared to other flights in the result set.
- EN: flight time → pl-PL: czas lotu | Definition: The duration of a flight.
- EN: Flights → pl-PL: Loty | Definition: Air travel services provided by airlines.
- EN: fuel → pl-PL: paliwo | Definition: Gasoline or diesel used to power vehicles, including cars, motorcycles, boats, or recreational vehicles.
- EN: full board → pl-PL: full board | Definition: Hotel option that covers accommodation and three meals a day (breakfast, lunch, and dinner). Drinks and additional activities are usually not included | Notes: Descriptively (if needed): pełne wyżywienie
- EN: full to full → pl-PL: odbiór i zwrot z pełnym bakiem | Definition: Fuel policy where the car is provided with a full tank and must be returned with a full tank.
- EN: fullsize → pl-PL: duży | Definition: A category of rental cars that are larger and offer more comfort and space.
- EN: getaway → pl-PL: wypad | Definition: A short vacation or trip, often taken to escape from daily routine and responsibilities. It usually involves traveling to a relaxing or enjoyable destination. | Notes: Alternatively: odpoczynek [context-dependent]
- EN: Glowmads → pl-PL: Glowmads | Definition: In 2026, skincare and beauty routines will move beyond social feeds and into real-world travel behaviours. ​​
Travellers won’t just be inspired by beauty content - they’ll start shaping their journeys around it. From inflight skincare rituals to visits to iconic local beauty retailers to buy local cult beauty products, beauty becomes part of the itinerary.​​
While Seoul continues to grow as a global symbol of beauty culture, this trend is less about where to go - and more about how beauty shapes the way people travel.
- EN: Good → pl-PL: Dobra | Definition: Rating indicating satisfactory quality or performance.
- EN: Great food → pl-PL: Świetne jedzenie | Definition: High-quality or highly recommended culinary experiences.
- EN: guest → pl-PL: goście | Definition: A person staying at a hotel or other accommodation.
- EN: guest house → pl-PL: pensjonat | Definition: A small, private hotel or lodging.
- EN: guest reviews → pl-PL: opinie gości | Definition: Feedback and ratings from customers who have used a service or stayed at a property.
- EN: half board → pl-PL: half board | Definition: Hotel option that covers accommodation, breakfast, and one other meal (usually dinner). Drinks and additional meals are typically not included. | Notes: Descriptively (if needed): śniadanie i obiadokolacja
- EN: hire car → pl-PL: wynajęty samochód | Definition: A vehicle rented for a short period, ranging from a few hours to several weeks, typically from a rental agency.
- EN: holiday rentals → pl-PL: domy wakacyjne | Definition: Properties available for short-term vacation stays.
- EN: home airport → pl-PL: lotnisko wylotu | Definition: The airport closest to a traveler's residence.
- EN: hostel → pl-PL: hostel | Definition: Budget-friendly accommodation
- EN: hotel → pl-PL: hotel | Definition: An establishment providing lodging, meals, or other guest services.
- EN: hotel deal → pl-PL: oferta hotelu | Definition: Discounted or special offer on hotel bookings.
- EN: Hotels → pl-PL: Hotele | Definition: Establishments providing lodging, meals, and other services for travelers.
- EN: hybrid → pl-PL: hybrydowy | Definition: Vehicles powered by both an internal combustion engine and an electric motor.
- EN: inbound flight → pl-PL: lot powrotny | Definition: The flight that takes the passenger back from their destination to their original departure location.
- EN: intermediate → pl-PL: średniej wielkości | Definition: A category of rental cars that are larger than economy but smaller than full-size.
- EN: itinerary → pl-PL: plan podróży | Definition: A detailed plan or schedule of a trip, listing all destinations, activities, and accommodations, along with the times and dates for each part of the journey.
- EN: journey → pl-PL: podróż | Definition: A journey refers to the act of traveling from one place to another, usually involving a significant distance or time commitment. | Example: Dążymy do tego, aby Twoja podróż była jak najbardziej komfortowa.
- EN: latest price → pl-PL: aktualna cena | Definition: The most recent cost for a service or product. | Example: Aby poznać aktualne ceny, odśwież wyniki wyszukiwania.
- EN: location → pl-PL: lokalizacja | Definition: A specific place or position where something is situated or where an event occurs.
- EN: log in → pl-PL: zalogować się | Definition: To access an account by entering credentials.
- EN: log out → pl-PL: wylogować się | Definition: To exit an account.
- EN: login → pl-PL: logowanie | Definition: The act of logging in to a computer, database, or system.
- EN: long wait → pl-PL: długie oczekiwanie | Definition: An extended period of waiting, often at airports between flights.
- EN: low-cost → pl-PL: ekonomiczne | Definition: Services, particularly airlines, that are designed to offer lower prices by reducing the range of services and amenities traditionally included in the fare.
- EN: lowest price → pl-PL: najniższa cena | Definition: The least expensive cost for a service or product.
- EN: luxury → pl-PL: luksusowe | Definition: High-end, premium vehicles offering superior comfort and features.
- EN: manual → pl-PL: ręczna | Definition: A type of vehicle transmission that requires the driver to manually shift gears.
- EN: mini → pl-PL: mini | Definition: A category of rental cars that are very small, typically suitable for city driving.
- EN: mobile app → pl-PL: aplikacja mobilna | Definition: An application designed for use on mobile devices.
- EN: motorcycle → pl-PL: motocykl | Definition: A two-wheeled motor vehicle.
- EN: Multi-city → pl-PL: Wiele miast | Definition: Multi-city flights are a smart way to see more destinations in one go, by adding extra legs to your trip. If, for example, you can’t decide between Paris or Rome, you can book flights to both cities and turn your trip into an itinerary. | Example: (podróż) do wielu miast
- EN: multi-city → pl-PL: wiele miast | Definition: Multi-city flights are a smart way to see more destinations in one go, by adding extra legs to your trip. If, for example, you can’t decide between Paris or Rome, you can book flights to both cities and turn your trip into an itinerary. | Example: (podróż) do wielu miast
- EN: Nearby airports → pl-PL: Lotniska w pobliżu | Definition: Widen your search for flight deals by selecting the “add nearby airports” option to search flight prices for all the nearest airports at your departure point and your destination to increases your chances of finding the best deal at both ends of your trip.
- EN: nearby airports → pl-PL: lotniska w pobliżu | Definition: Widen your search for flight deals by selecting the “add nearby airports” option to search flight prices for all the nearest airports at your departure point and your destination to increases your chances of finding the best deal at both ends of your trip.
- EN: Nightlife and entertainment → pl-PL: Życie nocne i rozrywka | Definition: Activities and venues that provide entertainment, typically during the evening, such as clubs and bars.
- EN: no extra fees → pl-PL: bez dodatkowych opłat | Definition: Indicates that there are no additional charges beyond the listed price.
- EN: non refundable → pl-PL: nie podlega zwrotowi | Definition: A booking or a charge that cannot be refunded.
- EN: non-protected transfer → pl-PL: przesiadka bez gwarancji | Definition: Booking connecting flights with more than one provider means the ongoing flight may not be guaranteed, and is at risk from delays or cancellations. It's also needed to collect your luggage and check into the second flight.
- EN: one way → pl-PL: w jedną stronę | Definition: A trip that does not include a return journey. | Example: Dodaj datę powrotu lub wyszukaj loty w jedną stronę

Czy mogę wynająć samochód na podróż w jedną stronę w: {car_hire_origin_city}?
- EN: one way → pl-PL: w jedną stronę | Definition: A train trip that does not include a return journey. | Example: Kup bilet na przejazd pociągiem w jedną stronę.
- EN: one-way → pl-PL: w jedną stronę | Definition: A trip that does not include a return journey.
- EN: outbound → pl-PL: lot tam | Definition: The flight that takes a passenger from their home or starting location to their destination. | Example: Nasza wyszukiwarka lotów umożliwia znalezienie lotów tam z: {origin_city}

Lot tam z: {airline}
- EN: outbound flight → pl-PL: lot tam | Definition: The flight that takes a passenger from their home or starting location to their destination. | Example: Nasza wyszukiwarka lotów umożliwia znalezienie lotów tam z: {origin_city}
- EN: Outdoor adventures → pl-PL: Przygody na łonie natury | Definition: Activities involving physical exertion in natural settings, such as hiking, rafting, or camping.
- EN: package → pl-PL: pakiet | Definition: Used in the meaning of “package holiday”, referring to the package deals in our Packages vertical that include flights and a hotel. This is for when we talk about packages in running copy and in general, as opposed to the vertical name. | Notes: You can also use "oferta pakietowa" descriptively when needed.
- EN: Packages → pl-PL: Pakiety
- EN: parking → pl-PL: parking | Definition: Space or facility to park vehicles. | Example: Lot tam z: {airline}
- EN: passenger → pl-PL: pasażerowie | Definition: An individual traveling on a plane, train, or other mode of transport.
- EN: passenger van → pl-PL: van osobowy | Definition: A van configured to carry passengers.
- EN: Pay on arrival → pl-PL: zapłacić na miejscu | Definition: Option to pay for a service upon arrival at the location.
- EN: pay on arrival → pl-PL: Zapłać na miejscu | Example: Wybierz opcję „Zapłać na miejscu” w wynikach wyszukiwania, aby wyświetlić tylko oferty tych hoteli w: {city_name}, w których możesz zapłacić po przybyciu na miejsce.
- EN: people carrier → pl-PL: bus | Definition: A vehicle designed to transport multiple passengers
- EN: pick up truck → pl-PL: pick-up | Definition: A light-duty truck with an enclosed cab and an open cargo area.
- EN: pick-up → pl-PL: odbiór | Definition: The act of collecting a rental vehicle. | Example: Anuluj bezpłatnie do 48 godzin przed odbiorem.

Wybierz miejsce odbioru
- EN: Premium → pl-PL: premium | Definition: A category of rental cars that offer higher-end features and more comfort.
- EN: Premium Economy → pl-PL: ekonomiczna premium | Definition: A class of airline service between economy and business class. | Notes: (klasa)
- EN: Price → pl-PL: cena | Definition: The cost of a service or product.
- EN: Price Alert → pl-PL: alert cenowy | Definition: Skyscanner's Price Alert feature notifies users via email or push notification about fluctuations in the prices of plane tickets they're interested in.
- EN: Price Alerts → pl-PL: alerty cenowe | Definition: Skyscanner's Price Alert feature notifies users via email or push notification about fluctuations in the prices of plane tickets they're interested in.
- EN: price per night → pl-PL: cena za dobę | Definition: The cost of accommodation for one night.
- EN: Privacy Policy → pl-PL: Polityka prywatności | Definition: Policy that outlines how Skyscanner handles users' personal information, emphasizing user control and transparency
- EN: private home → pl-PL: dom prywatny | Definition: Residential property that is rented out to travelers for short-term stays
- EN: property → pl-PL: obiekt | Definition: In the travel context, a property refers to a place of lodging, such as a hotel, resort, bed and breakfast, or vacation rental, where travelers can stay during their trip. | Example: Użyj pola wyszukiwania powyżej i wyszukaj odpowiedni obiekt.
- EN: provider → pl-PL: dostawca | Definition: A company or individual offering a service. Car Hire vertical
- EN: provider → pl-PL: sprzedawca | Definition: A company or individual offering a service.
- EN: provider → pl-PL: sprzedawca | Definition: A company or individual offering a service. Hotel vertical | Notes: Alternatively: dostawca / firma (dokunująca rezerwacji) [context-dependent]
- EN: rating → pl-PL: ocena | Definition: A score or review given to a service or product. | Example: Podsumowanie ocen gości
- EN: Read more → pl-PL: Więcej : Więcej informacji : Czytaj dalej [expandable content] | Definition: Option to view additional information. | Example: Więcej informacji na temat historii Skyscannera możesz znaleźć tutaj.
- EN: recent searches → pl-PL: ostatnie wyszukiwania | Definition: A list of previous search queries. | Example: Miejsca docelowe wybrane na podstawie Twoich ostatnich wyszukiwań
- EN: Recommended Provider → pl-PL: Świetny dostawca | Definition: A booking partner that meets our top-quality criteria, demonstrated by a high Partner Quality Score, strong price accuracy, and reliable downstream visibility. This designation helps travelers make informed choices by identifying partners that offer a trustworthy and seamless booking experience.
- EN: recreational vehicle → pl-PL: kamper | Definition: RV, a motor vehicle or trailer equipped with living space and amenities for travel.
- EN: residence → pl-PL: rezydencja | Definition: Fully furnished apartments or suites that are available for short-term or long-term stays or  a private home or villa that is rented out to travelers for short-term stays,
- EN: resort → pl-PL: ośrodek wypoczynkowy | Definition: A place that offers a variety of recreational activities and amenities
- EN: result → pl-PL: wyniki | Definition: An outcome from a search or query. | Example: 10 najlepszych wyników posortowanych według odległości
- EN: return → pl-PL: (lot) w obie strony | Definition: A flight that includes both the outbound and inbound journeys, completing the round trip. | Example: Wyszukaj loty w jedną stronę lub wybierz loty w obie strony
- EN: return → pl-PL: lot w obie strony | Definition: A flight that returns to the original departure location (1 flight) | Example: Select your departure and return dates to find roundtrip offers.

Wybierz datę wylotu i powrotu, aby znaleźć oferty lotów w obie strony.
- EN: return → pl-PL: w obie strony | Definition: A train journey that includes both the outbound and inbound journeys, completing the round trip. | Example: Wybierz podróż pociągiem. Kup bilet w obie strony.
- EN: return → pl-PL: powrotny | Definition: A train trip to return to the original departure location (1 trip)" | Example: Kup bilet powrotny.
- EN: return date → pl-PL: data powrotu | Definition: The date of the return journey. | Example: Wybierz datę powrotu
- EN: return flight → pl-PL: lot w obie strony | Definition: A flight that includes both the outbound and inbound journeys, completing the round trip. | Example: Wyszukaj loty w obie strony
- EN: return flight → pl-PL: lot powrotny | Definition: A flight that returns to the original departure location (1 flight) | Example: Najtańszy bezpośredni lot powrotny
- EN: return trip → pl-PL: podróż w obie strony | Definition: A journey including both the outbound journey to the destination and the inbound journey back to the starting location.
- EN: Review → pl-PL: opinia | Definition: Verb - Add an evaluation or feedback about a service or product.
- EN: review → pl-PL: opinia | Definition: Noun - An evaluation or feedback about a service or product. | Example: Dodaj opinię
- EN: room → pl-PL: pokoje | Definition: A space within a building for accommodation | Example: Wybierz typ pokoju

Kliknij, aby zarezerwować pokój bezpośrednio na stronie dostawcy.
- EN: same to same → pl-PL: odbiór i zwrot z tym samym poziomem paliwa | Definition: Fuel policy where the car must be returned with the same amount of fuel as when picked up.
- EN: Satisfactory → pl-PL: Zadowalająca | Definition: Rating indicating acceptable quality or performance, but with some issues.
- EN: Saved → pl-PL: Zapisane | Definition: For travellers planning one or more trips, this feature empowers users to save different elements of their travel, so they can compare and monitor prices, book at a time that suits and/or find the perfect option.
- EN: Savvy Search → pl-PL: Planuj z AI | Definition: Savvy Search is a generative AI planning tool developed internally. It is designed to help travelers discover new destinations and experiences by asking questions like "What kind of trip is on your mind?" This tool is powered by OpenAI's ChatGPT and uses historical internet data along with Skyscanner's destination and price data to provide travel recommendations | Notes: Product feature | Example: Przedstawiamy narzędzie Planuj z AI

Planuj z AI, aby odkryć miejsca, które nigdy nie przyszły Ci na myśl.

("Narzędzie" can be omitted, when the name of the tool works in the sentence and also as a CTA.)
- EN: search → pl-PL: wyszukiwanie | Definition: The process of looking for specific travel-related information or options, such as flights, hotels, rental cars | Example: Rozpocznij wyszukiwanie.

Nie znaleźliśmy lotów spełniających kryteria wyszukiwania.
- EN: search → pl-PL: szukać | Definition: To look for information or options. | Example: Szukaj lotów w jedną stronę

Szukamy dostawców
- EN: select → pl-PL: wybrać | Definition: The act of choosing or picking a specific option from a range of available choices. | Example: Wybierz miejsce docelowe
- EN: self catering → pl-PL: (wyżywienie) we własnym zakresie | Definition: This type of accommodation may or may not provide guests with kitchen facilities to prepare their own meals. No meals are included in the package | Notes: Please note: "wyżywienie" can be skipped if it is implied in the context.
Alternative option (to avoid repetitions): bez wyżywienia
- EN: self-transfer → pl-PL: przesiadka na ryzyko pasażera | Definition: When passengers need to transfer between flights on their own without airline assistance. It may be necessary to check in separately for each connecting flight. | Example: Ta podróż obejmuje przesiadkę na ryzyko pasażera.
- EN: Shelf Discovery → pl-PL: Sklepowe buszowanie | Definition: In 2026, travellers are redefining what it means to eat like a local. Dining out at restaurants is no longer the only way to taste a destination — the real flavour is found in the country's food aisles. 
From Japan’s high-tech convenience stores and Iceland’s geothermal-baked bread to the endless varieties of Fanta flavours in Germany, supermarkets offer a unique glimpse into local life. 
In 2026, travellers will hunt for quirky snacks, regional specialties, and limited-edition treats, turning routine grocery runs into cultural deep dives.
- EN: sign up → pl-PL: zarejestrować się | Definition: Option to create a new account. | Example: Zaloguj lub zarejestruj się, aby podzielić się z innymi swoimi doświadczeniami
- EN: solo travellers → pl-PL: goście indywidualni | Definition: Individuals traveling alone.
- EN: sports car → pl-PL: samochód sportowy | Definition: A car designed for high performance and agility, often with a sleek design.
- EN: standard → pl-PL: standardowy | Definition: A category of rental cars that offer a balance between size, comfort, and cost.
- EN: star → pl-PL: gwiazdka | Definition: A hotel star rating is a system used to classify hotels based on their quality, amenities, service, and overall guest experience. | Example: Hotele:
3-gwiazdkowe hotele w cenie od @@hotelPrice@@.

Opinie wypożyczalni/partnerów:
Ocena 4 na 5 gwiazdek na podstawie 300 opinii.
- EN: star → pl-PL: gwiazdka | Example: Hotele:
3-gwiazdkowe hotele w cenie od @@hotelPrice@@.

Opinie wypożyczalni/partnerów:
Ocena 4 na 5 gwiazdek na podstawie 300 opinii.
- EN: star rating → pl-PL: liczba gwiazdek | Definition: A hotel star rating is a system used to classify hotels based on their quality, amenities, service, and overall guest experience.
- EN: stay → pl-PL: pobyt | Definition: Period during which a guest resides at an accommodation, such as a hotel.
- EN: stop → pl-PL: przesiadka | Definition: Flight connection at other airport before reaching the destination (not direct flights) | Example: Maksymalnie 2 przesiadki
- EN: Suggested for you → pl-PL: Wybrane dla Ciebie | Definition: Personalized recommendations based on your interests or past behavior.
- EN: SUV → pl-PL: SUV | Definition: Sport Utility Vehicle, a larger car often with off-road capability and more passenger/cargo space.
- EN: tax → pl-PL: podatek | Definition: Compulsory financial charges imposed by a government.
- EN: Terms of Service → pl-PL: Warunki korzystania z usługi : Warunki korzystania z usług Skyscannera | Definition: The rules and conditions for using a service.
- EN: Top Provider → pl-PL: Świetny dostawca | Definition: A booking partner that meets our top-quality criteria, demonstrated by a high Partner Quality Score, strong price accuracy, and reliable downstream visibility. This designation helps travelers make informed choices by identifying partners that offer a trustworthy and seamless booking experience.
- EN: total price → pl-PL: łączna cena | Definition: The complete cost of a service or product. | Example: Łączna cena za wszystkie noclegi
- EN: transfer → pl-PL: przesiadka | Definition: The act of moving travelers from one location to another.
- EN: transfer → pl-PL: przesiadka | Definition: Service or act of moving from one mode of transport to another.
- EN: transmission → pl-PL: skrzynia biegów | Definition: The mechanism by which power is transmitted from the engine to the wheels in a vehicle.
- EN: travel agent → pl-PL: biuro podróży | Definition: A professional who plans and books travel arrangements for clients.
- EN: travel Hack → pl-PL: wskazówka | Definition: Tips and strategies for making travel easier or cheaper. | Notes: dla podróżnych is usually unnecessary and awkward. The reader knows it from the context. | Example: Wskazówka: spakuj wygodne buty
- EN: travel insurance → pl-PL: ubezpieczenie turystyczne | Definition: Coverage for risks associated with travel, such as trip cancellations and medical emergencies. | Example: Upewnij się, że masz odpowiednie ubezpieczenie turystyczne
- EN: Travel Trends 2026 → pl-PL: Trendy w podróżach 2026 | Definition: Landing page
- EN: Travel Tuesday → pl-PL: Travel Tuesday | Definition: A marketing initiative on the Tuesday after Thanksgiving, offering significant discounts on travel-related purchases like flights and hotels. | Example: Z okazji Travel Tuesday mamy mnóstwo promocji dla podróżnych.
- EN: traveller → pl-PL: podróżny | Definition: An individual who is traveling. | Example: Stale udoskonalamy naszą aplikację, aby była jeszcze wygodnejsza dla podróżnych takich jak Ty.

Opinie innych podróżnych
- EN: trip → pl-PL: podróż | Definition: A journey from one place to another. | Example: Skyscanner ułatwia planowanie kolejnych podróży
- EN: Underrated Destinations → pl-PL: Niedoceniane kierunki | Definition: Travel locations that are less popular but worth visiting. | Example: Niedoceniane kierunki: nowy filtr wyszukiwania
- EN: unique stays → pl-PL: wyjątkowe miejsca | Definition: Accommodations that offer unusual or distinctive experiences.
- EN: unlimited mileage → pl-PL: bez limitu kilometrów : bez limitu mil | Definition: Option allowing unlimited travel distance in a rental vehicle. | Example: Pokaż tylko oferty bez limitu kilometrów
- EN: van → pl-PL: van | Definition: A larger vehicle used for transporting goods or people.
- EN: vehicle → pl-PL: pojazd | Definition: A mode of transportation used to move from one place to another.
- EN: Very good → pl-PL: Bardzo dobry | Definition: Rating indicating high quality or performance.
- EN: Vibes → pl-PL: Inspiracje | Definition: Vibes is an AI-powered feature developed by Skyscanner that enhances the Explore Everywhere experience by categorising and sorting travel destinations in a smart, intuitive way to inspire travellers. These “vibes” are essentially themed tiles or categories—likely based on mood, activity type, scenery, or travel style (e.g. “beach escape”, “romantic getaway”, “adventurous hiking”)—that help users discover destinations they might not have otherwise considered.
- EN: wagon → pl-PL: kombi | Definition: A car with a longer body and more cargo space, often with a rear hatch door.
- EN: Whole month → pl-PL: Cały miesiąc | Definition: Option to view availability and prices for an entire month. | Notes: Sentence case as a feature name and lower case in generic context | Example: Wybierz narzędzie „Cały miesiąc” na Skyscannerze

Wybierz cały miesiąc
- EN: whole month → pl-PL: Cały miesiąc | Definition: Option to view availability and prices for an entire month. | Notes: Sentence case as a feature name and lower case in generic context | Example: Wybierz narzędzie „Cały miesiąc” na Skyscannerze

Wybierz cały miesiąc
- EN: With honours → pl-PL: Wzorowy | Definition: A high distinction or recognition for excellence.

Draft LQA report to validate and finalize (JSON):

{
  "review_findings": [
    {
      "text": "Porównując oferty różnych wypożyczalni w Skyscanner, możesz sprawdzić, które modele mieszczą się w Twoim budżecie.",
      "issue": "The direct-address pronoun 'Twoim' is not capitalized, which violates the locale-specific style guide.",
      "type_of_issue": "Compliance",
      "solution": "Capitalize the pronoun 'Twoim' to 'Twoim' as required for direct address in Polish.",
      "updated_sentence": "Porównując oferty różnych wypożyczalni w Skyscanner, możesz sprawdzić, które modele mieszczą się w Twoim budżecie.",
      "severity": "Minor",
      "score_deduction": 1
    }
  ],
  "overall_feedback": {
    "summary": "The translation is of good quality with no major grammatical or accuracy errors. The primary issue identified is a minor compliance failure regarding the capitalization of direct-address pronouns, as specified in the Polish style guide.",
    "action_plan": "Review the Polish style guide with the translation team, emphasizing the rule to capitalize all direct-address pronouns (e.g., Ty, Ciebie, Twoim) to ensure consistent brand voice and adherence to project-specific conventions."
  }
}

Return only the final JSON object (must include `corrected_content` for the full section body).

2026-09-01 10:36:45,878 - INFO - [PL] Agent 2 window 0-9 (10 batches)
2026-09-01 10:36:45,984 - INFO - AFC is enabled with max remote calls: 10.
2026-09-01 10:36:46,030 - INFO - AFC is enabled with max remote calls: 10.
2026-09-01 10:36:46,034 - INFO - AFC is enabled with max remote calls: 10.
2026-09-01 10:36:46,035 - INFO - AFC is enabled with max remote calls: 10.
2026-09-01 10:36:46,036 - INFO - AFC is enabled with max remote calls: 10.
2026-09-01 10:36:46,037 - INFO - AFC is enabled with max remote calls: 10.
2026-09-01 10:36:46,050 - INFO - AFC is enabled with max remote calls: 10.
2026-09-01 10:36:46,055 - INFO - AFC is enabled with max remote calls: 10.
2026-09-01 10:36:46,057 - INFO - AFC is enabled with max remote calls: 10.
2026-09-01 10:36:46,058 - INFO - AFC is enabled with max remote calls: 10.
2026-09-01 10:36:59,782 - INFO - HTTP Request: POST https://generativelanguage.googleapis.com/v1beta/models/gemini-2.5-pro:generateContent "HTTP/1.1 200 OK"
2026-09-01 10:37:00,812 - INFO - HTTP Request: POST https://generativelanguage.googleapis.com/v1beta/models/gemini-2.5-pro:generateContent "HTTP/1.1 200 OK"
2026-09-01 10:37:01,563 - INFO - HTTP Request: POST https://generativelanguage.googleapis.com/v1beta/models/gemini-2.5-pro:generateContent "HTTP/1.1 200 OK"
2026-09-01 10:37:02,182 - INFO - HTTP Request: POST https://generativelanguage.googleapis.com/v1beta/models/gemini-2.5-pro:generateContent "HTTP/1.1 200 OK"
2026-09-01 10:37:02,521 - INFO - HTTP Request: POST https://generativelanguage.googleapis.com/v1beta/models/gemini-2.5-pro:generateContent "HTTP/1.1 200 OK"
2026-09-01 10:37:07,650 - INFO - HTTP Request: POST https://generativelanguage.googleapis.com/v1beta/models/gemini-2.5-pro:generateContent "HTTP/1.1 200 OK"
2026-09-01 10:37:09,379 - INFO - HTTP Request: POST https://generativelanguage.googleapis.com/v1beta/models/gemini-2.5-pro:generateContent "HTTP/1.1 200 OK"
2026-09-01 10:37:10,184 - INFO - HTTP Request: POST https://generativelanguage.googleapis.com/v1beta/models/gemini-2.5-pro:generateContent "HTTP/1.1 200 OK"
2026-09-01 10:37:10,691 - INFO - HTTP Request: POST https://generativelanguage.googleapis.com/v1beta/models/gemini-2.5-pro:generateContent "HTTP/1.1 200 OK"
2026-09-01 10:37:12,109 - INFO - HTTP Request: POST https://generativelanguage.googleapis.com/v1beta/models/gemini-2.5-pro:generateContent "HTTP/1.1 200 OK"
2026-09-01 10:37:12,114 - INFO - [PL] Waiting 10.0s before next Agent 2 window…
2026-09-01 10:37:22,116 - INFO - [PL] Agent 2 window 10-19 (10 batches)
2026-09-01 10:37:22,170 - INFO - AFC is enabled with max remote calls: 10.
2026-09-01 10:37:22,171 - INFO - AFC is enabled with max remote calls: 10.
2026-09-01 10:37:22,172 - INFO - AFC is enabled with max remote calls: 10.
2026-09-01 10:37:22,173 - INFO - AFC is enabled with max remote calls: 10.
2026-09-01 10:37:22,174 - INFO - AFC is enabled with max remote calls: 10.
2026-09-01 10:37:22,175 - INFO - AFC is enabled with max remote calls: 10.
2026-09-01 10:37:22,175 - INFO - AFC is enabled with max remote calls: 10.
2026-09-01 10:37:22,176 - INFO - AFC is enabled with max remote calls: 10.
2026-09-01 10:37:22,177 - INFO - AFC is enabled with max remote calls: 10.
2026-09-01 10:37:22,178 - INFO - AFC is enabled with max remote calls: 10.
2026-09-01 10:37:35,439 - INFO - HTTP Request: POST https://generativelanguage.googleapis.com/v1beta/models/gemini-2.5-pro:generateContent "HTTP/1.1 200 OK"
2026-09-01 10:37:37,045 - INFO - HTTP Request: POST https://generativelanguage.googleapis.com/v1beta/models/gemini-2.5-pro:generateContent "HTTP/1.1 200 OK"
2026-09-01 10:37:37,544 - INFO - HTTP Request: POST https://generativelanguage.googleapis.com/v1beta/models/gemini-2.5-pro:generateContent "HTTP/1.1 200 OK"
2026-09-01 10:37:38,321 - INFO - HTTP Request: POST https://generativelanguage.googleapis.com/v1beta/models/gemini-2.5-pro:generateContent "HTTP/1.1 200 OK"
2026-09-01 10:37:38,576 - INFO - HTTP Request: POST https://generativelanguage.googleapis.com/v1beta/models/gemini-2.5-pro:generateContent "HTTP/1.1 200 OK"
2026-09-01 10:37:40,583 - INFO - HTTP Request: POST https://generativelanguage.googleapis.com/v1beta/models/gemini-2.5-pro:generateContent "HTTP/1.1 200 OK"
2026-09-01 10:37:41,421 - INFO - HTTP Request: POST https://generativelanguage.googleapis.com/v1beta/models/gemini-2.5-pro:generateContent "HTTP/1.1 200 OK"
2026-09-01 10:37:42,002 - INFO - HTTP Request: POST https://generativelanguage.googleapis.com/v1beta/models/gemini-2.5-pro:generateContent "HTTP/1.1 200 OK"
2026-09-01 10:37:50,143 - INFO - HTTP Request: POST https://generativelanguage.googleapis.com/v1beta/models/gemini-2.5-pro:generateContent "HTTP/1.1 200 OK"
2026-09-01 10:37:53,037 - INFO - HTTP Request: POST https://generativelanguage.googleapis.com/v1beta/models/gemini-2.5-pro:generateContent "HTTP/1.1 200 OK"
2026-09-01 10:37:53,048 - INFO - [PL] Waiting 10.0s before next Agent 2 window…
2026-09-01 10:38:03,052 - INFO - [PL] Agent 2 window 20-29 (10 batches)
2026-09-01 10:38:03,134 - INFO - AFC is enabled with max remote calls: 10.
2026-09-01 10:38:03,136 - INFO - AFC is enabled with max remote calls: 10.
2026-09-01 10:38:03,137 - INFO - AFC is enabled with max remote calls: 10.
2026-09-01 10:38:03,138 - INFO - AFC is enabled with max remote calls: 10.
2026-09-01 10:38:03,139 - INFO - AFC is enabled with max remote calls: 10.
2026-09-01 10:38:03,140 - INFO - AFC is enabled with max remote calls: 10.
2026-09-01 10:38:03,141 - INFO - AFC is enabled with max remote calls: 10.
2026-09-01 10:38:03,142 - INFO - AFC is enabled with max remote calls: 10.
2026-09-01 10:38:03,143 - INFO - AFC is enabled with max remote calls: 10.
2026-09-01 10:38:03,143 - INFO - AFC is enabled with max remote calls: 10.
2026-09-01 10:38:18,507 - INFO - HTTP Request: POST https://generativelanguage.googleapis.com/v1beta/models/gemini-2.5-pro:generateContent "HTTP/1.1 200 OK"
2026-09-01 10:38:18,890 - INFO - HTTP Request: POST https://generativelanguage.googleapis.com/v1beta/models/gemini-2.5-pro:generateContent "HTTP/1.1 200 OK"
2026-09-01 10:38:18,957 - INFO - HTTP Request: POST https://generativelanguage.googleapis.com/v1beta/models/gemini-2.5-pro:generateContent "HTTP/1.1 200 OK"
2026-09-01 10:38:19,393 - INFO - HTTP Request: POST https://generativelanguage.googleapis.com/v1beta/models/gemini-2.5-pro:generateContent "HTTP/1.1 200 OK"
2026-09-01 10:38:20,294 - INFO - HTTP Request: POST https://generativelanguage.googleapis.com/v1beta/models/gemini-2.5-pro:generateContent "HTTP/1.1 200 OK"
2026-09-01 10:38:21,898 - INFO - HTTP Request: POST https://generativelanguage.googleapis.com/v1beta/models/gemini-2.5-pro:generateContent "HTTP/1.1 200 OK"
2026-09-01 10:38:23,957 - INFO - HTTP Request: POST https://generativelanguage.googleapis.com/v1beta/models/gemini-2.5-pro:generateContent "HTTP/1.1 200 OK"
2026-09-01 10:38:24,474 - INFO - HTTP Request: POST https://generativelanguage.googleapis.com/v1beta/models/gemini-2.5-pro:generateContent "HTTP/1.1 200 OK"
2026-09-01 10:38:27,780 - INFO - HTTP Request: POST https://generativelanguage.googleapis.com/v1beta/models/gemini-2.5-pro:generateContent "HTTP/1.1 200 OK"
2026-09-01 10:38:27,828 - INFO - HTTP Request: POST https://generativelanguage.googleapis.com/v1beta/models/gemini-2.5-pro:generateContent "HTTP/1.1 200 OK"
2026-09-01 10:38:27,832 - INFO - [PL] Waiting 10.0s before next Agent 2 window…
2026-09-01 10:38:37,836 - INFO - [PL] Agent 2 window 30-39 (10 batches)
2026-09-01 10:38:37,927 - INFO - AFC is enabled with max remote calls: 10.
2026-09-01 10:38:37,933 - INFO - AFC is enabled with max remote calls: 10.
2026-09-01 10:38:37,934 - INFO - AFC is enabled with max remote calls: 10.
2026-09-01 10:38:37,935 - INFO - AFC is enabled with max remote calls: 10.
2026-09-01 10:38:37,936 - INFO - AFC is enabled with max remote calls: 10.
2026-09-01 10:38:37,937 - INFO - AFC is enabled with max remote calls: 10.
2026-09-01 10:38:37,938 - INFO - AFC is enabled with max remote calls: 10.
2026-09-01 10:38:37,939 - INFO - AFC is enabled with max remote calls: 10.
2026-09-01 10:38:37,940 - INFO - AFC is enabled with max remote calls: 10.
2026-09-01 10:38:37,942 - INFO - AFC is enabled with max remote calls: 10.
2026-09-01 10:38:51,793 - INFO - HTTP Request: POST https://generativelanguage.googleapis.com/v1beta/models/gemini-2.5-pro:generateContent "HTTP/1.1 200 OK"
2026-09-01 10:38:52,044 - INFO - HTTP Request: POST https://generativelanguage.googleapis.com/v1beta/models/gemini-2.5-pro:generateContent "HTTP/1.1 200 OK"
2026-09-01 10:38:52,568 - INFO - HTTP Request: POST https://generativelanguage.googleapis.com/v1beta/models/gemini-2.5-pro:generateContent "HTTP/1.1 200 OK"
2026-09-01 10:38:53,145 - INFO - HTTP Request: POST https://generativelanguage.googleapis.com/v1beta/models/gemini-2.5-pro:generateContent "HTTP/1.1 200 OK"
2026-09-01 10:38:53,452 - INFO - HTTP Request: POST https://generativelanguage.googleapis.com/v1beta/models/gemini-2.5-pro:generateContent "HTTP/1.1 200 OK"
2026-09-01 10:38:55,124 - INFO - HTTP Request: POST https://generativelanguage.googleapis.com/v1beta/models/gemini-2.5-pro:generateContent "HTTP/1.1 200 OK"
2026-09-01 10:38:55,589 - INFO - HTTP Request: POST https://generativelanguage.googleapis.com/v1beta/models/gemini-2.5-pro:generateContent "HTTP/1.1 200 OK"
2026-09-01 10:39:00,322 - INFO - HTTP Request: POST https://generativelanguage.googleapis.com/v1beta/models/gemini-2.5-pro:generateContent "HTTP/1.1 200 OK"
2026-09-01 10:39:04,303 - INFO - HTTP Request: POST https://generativelanguage.googleapis.com/v1beta/models/gemini-2.5-pro:generateContent "HTTP/1.1 200 OK"
2026-09-01 10:39:04,355 - INFO - HTTP Request: POST https://generativelanguage.googleapis.com/v1beta/models/gemini-2.5-pro:generateContent "HTTP/1.1 200 OK"
2026-09-01 10:39:04,358 - INFO - [PL] Waiting 10.0s before next Agent 2 window…
2026-09-01 10:39:14,369 - INFO - [PL] Agent 2 window 40-49 (10 batches)
2026-09-01 10:39:14,440 - INFO - AFC is enabled with max remote calls: 10.
2026-09-01 10:39:14,442 - INFO - AFC is enabled with max remote calls: 10.
2026-09-01 10:39:14,443 - INFO - AFC is enabled with max remote calls: 10.
2026-09-01 10:39:14,444 - INFO - AFC is enabled with max remote calls: 10.
2026-09-01 10:39:14,445 - INFO - AFC is enabled with max remote calls: 10.
2026-09-01 10:39:14,445 - INFO - AFC is enabled with max remote calls: 10.
2026-09-01 10:39:14,446 - INFO - AFC is enabled with max remote calls: 10.
2026-09-01 10:39:14,447 - INFO - AFC is enabled with max remote calls: 10.
2026-09-01 10:39:14,448 - INFO - AFC is enabled with max remote calls: 10.
2026-09-01 10:39:14,449 - INFO - AFC is enabled with max remote calls: 10.
2026-09-01 10:39:30,706 - INFO - HTTP Request: POST https://generativelanguage.googleapis.com/v1beta/models/gemini-2.5-pro:generateContent "HTTP/1.1 200 OK"
2026-09-01 10:39:31,929 - INFO - HTTP Request: POST https://generativelanguage.googleapis.com/v1beta/models/gemini-2.5-pro:generateContent "HTTP/1.1 200 OK"
2026-09-01 10:39:32,126 - INFO - HTTP Request: POST https://generativelanguage.googleapis.com/v1beta/models/gemini-2.5-pro:generateContent "HTTP/1.1 200 OK"
2026-09-01 10:39:32,192 - INFO - HTTP Request: POST https://generativelanguage.googleapis.com/v1beta/models/gemini-2.5-pro:generateContent "HTTP/1.1 200 OK"
2026-09-01 10:39:32,384 - INFO - HTTP Request: POST https://generativelanguage.googleapis.com/v1beta/models/gemini-2.5-pro:generateContent "HTTP/1.1 200 OK"
2026-09-01 10:39:32,780 - INFO - HTTP Request: POST https://generativelanguage.googleapis.com/v1beta/models/gemini-2.5-pro:generateContent "HTTP/1.1 200 OK"
2026-09-01 10:39:33,007 - INFO - HTTP Request: POST https://generativelanguage.googleapis.com/v1beta/models/gemini-2.5-pro:generateContent "HTTP/1.1 200 OK"
2026-09-01 10:39:38,872 - INFO - HTTP Request: POST https://generativelanguage.googleapis.com/v1beta/models/gemini-2.5-pro:generateContent "HTTP/1.1 200 OK"
2026-09-01 10:39:41,175 - INFO - HTTP Request: POST https://generativelanguage.googleapis.com/v1beta/models/gemini-2.5-pro:generateContent "HTTP/1.1 200 OK"
2026-09-01 10:39:41,217 - INFO - HTTP Request: POST https://generativelanguage.googleapis.com/v1beta/models/gemini-2.5-pro:generateContent "HTTP/1.1 200 OK"
2026-09-01 10:39:41,220 - INFO - [PL] Waiting 10.0s before next Agent 2 window…
2026-09-01 10:39:51,225 - INFO - [PL] Agent 2 window 50-59 (10 batches)
2026-09-01 10:39:51,326 - INFO - AFC is enabled with max remote calls: 10.
2026-09-01 10:39:51,329 - INFO - AFC is enabled with max remote calls: 10.
2026-09-01 10:39:51,330 - INFO - AFC is enabled with max remote calls: 10.
2026-09-01 10:39:51,331 - INFO - AFC is enabled with max remote calls: 10.
2026-09-01 10:39:51,332 - INFO - AFC is enabled with max remote calls: 10.
2026-09-01 10:39:51,333 - INFO - AFC is enabled with max remote calls: 10.
2026-09-01 10:39:51,334 - INFO - AFC is enabled with max remote calls: 10.
2026-09-01 10:39:51,335 - INFO - AFC is enabled with max remote calls: 10.
2026-09-01 10:39:51,336 - INFO - AFC is enabled with max remote calls: 10.
2026-09-01 10:39:51,337 - INFO - AFC is enabled with max remote calls: 10.
2026-09-01 10:40:03,244 - INFO - HTTP Request: POST https://generativelanguage.googleapis.com/v1beta/models/gemini-2.5-pro:generateContent "HTTP/1.1 200 OK"
2026-09-01 10:40:05,939 - INFO - HTTP Request: POST https://generativelanguage.googleapis.com/v1beta/models/gemini-2.5-pro:generateContent "HTTP/1.1 200 OK"
2026-09-01 10:40:06,061 - INFO - HTTP Request: POST https://generativelanguage.googleapis.com/v1beta/models/gemini-2.5-pro:generateContent "HTTP/1.1 200 OK"
2026-09-01 10:40:06,613 - INFO - HTTP Request: POST https://generativelanguage.googleapis.com/v1beta/models/gemini-2.5-pro:generateContent "HTTP/1.1 200 OK"
2026-09-01 10:40:07,846 - INFO - HTTP Request: POST https://generativelanguage.googleapis.com/v1beta/models/gemini-2.5-pro:generateContent "HTTP/1.1 200 OK"
2026-09-01 10:40:08,286 - INFO - HTTP Request: POST https://generativelanguage.googleapis.com/v1beta/models/gemini-2.5-pro:generateContent "HTTP/1.1 200 OK"
2026-09-01 10:40:08,795 - INFO - HTTP Request: POST https://generativelanguage.googleapis.com/v1beta/models/gemini-2.5-pro:generateContent "HTTP/1.1 200 OK"
2026-09-01 10:40:09,177 - INFO - HTTP Request: POST https://generativelanguage.googleapis.com/v1beta/models/gemini-2.5-pro:generateContent "HTTP/1.1 200 OK"
2026-09-01 10:40:09,869 - INFO - HTTP Request: POST https://generativelanguage.googleapis.com/v1beta/models/gemini-2.5-pro:generateContent "HTTP/1.1 200 OK"
2026-09-01 10:40:14,735 - INFO - HTTP Request: POST https://generativelanguage.googleapis.com/v1beta/models/gemini-2.5-pro:generateContent "HTTP/1.1 200 OK"
2026-09-01 10:40:14,749 - INFO - [PL] Waiting 10.0s before next Agent 2 window…
2026-09-01 10:40:24,752 - INFO - [PL] Agent 2 window 60-69 (10 batches)
2026-09-01 10:40:24,836 - INFO - AFC is enabled with max remote calls: 10.
2026-09-01 10:40:24,838 - INFO - AFC is enabled with max remote calls: 10.
2026-09-01 10:40:24,839 - INFO - AFC is enabled with max remote calls: 10.
2026-09-01 10:40:24,840 - INFO - AFC is enabled with max remote calls: 10.
2026-09-01 10:40:24,841 - INFO - AFC is enabled with max remote calls: 10.
2026-09-01 10:40:24,842 - INFO - AFC is enabled with max remote calls: 10.
2026-09-01 10:40:24,843 - INFO - AFC is enabled with max remote calls: 10.
2026-09-01 10:40:24,844 - INFO - AFC is enabled with max remote calls: 10.
2026-09-01 10:40:24,845 - INFO - AFC is enabled with max remote calls: 10.
2026-09-01 10:40:24,846 - INFO - AFC is enabled with max remote calls: 10.
2026-09-01 10:40:39,080 - INFO - HTTP Request: POST https://generativelanguage.googleapis.com/v1beta/models/gemini-2.5-pro:generateContent "HTTP/1.1 200 OK"
2026-09-01 10:40:40,737 - INFO - HTTP Request: POST https://generativelanguage.googleapis.com/v1beta/models/gemini-2.5-pro:generateContent "HTTP/1.1 200 OK"
2026-09-01 10:40:41,099 - INFO - HTTP Request: POST https://generativelanguage.googleapis.com/v1beta/models/gemini-2.5-pro:generateContent "HTTP/1.1 200 OK"
2026-09-01 10:40:41,540 - INFO - HTTP Request: POST https://generativelanguage.googleapis.com/v1beta/models/gemini-2.5-pro:generateContent "HTTP/1.1 200 OK"
2026-09-01 10:40:42,920 - INFO - HTTP Request: POST https://generativelanguage.googleapis.com/v1beta/models/gemini-2.5-pro:generateContent "HTTP/1.1 200 OK"
2026-09-01 10:40:45,417 - INFO - HTTP Request: POST https://generativelanguage.googleapis.com/v1beta/models/gemini-2.5-pro:generateContent "HTTP/1.1 200 OK"
2026-09-01 10:40:45,797 - INFO - HTTP Request: POST https://generativelanguage.googleapis.com/v1beta/models/gemini-2.5-pro:generateContent "HTTP/1.1 200 OK"
2026-09-01 10:40:45,934 - INFO - HTTP Request: POST https://generativelanguage.googleapis.com/v1beta/models/gemini-2.5-pro:generateContent "HTTP/1.1 200 OK"
2026-09-01 10:40:46,849 - INFO - HTTP Request: POST https://generativelanguage.googleapis.com/v1beta/models/gemini-2.5-pro:generateContent "HTTP/1.1 200 OK"
2026-09-01 10:40:50,000 - INFO - HTTP Request: POST https://generativelanguage.googleapis.com/v1beta/models/gemini-2.5-pro:generateContent "HTTP/1.1 200 OK"
2026-09-01 10:40:50,011 - INFO - [PL] Waiting 10.0s before next Agent 2 window…
2026-09-01 10:41:00,014 - INFO - [PL] Agent 2 window 70-79 (10 batches)
2026-09-01 10:41:00,103 - INFO - AFC is enabled with max remote calls: 10.
2026-09-01 10:41:00,105 - INFO - AFC is enabled with max remote calls: 10.
2026-09-01 10:41:00,107 - INFO - AFC is enabled with max remote calls: 10.
2026-09-01 10:41:00,108 - INFO - AFC is enabled with max remote calls: 10.
2026-09-01 10:41:00,108 - INFO - AFC is enabled with max remote calls: 10.
2026-09-01 10:41:00,109 - INFO - AFC is enabled with max remote calls: 10.
2026-09-01 10:41:00,110 - INFO - AFC is enabled with max remote calls: 10.
2026-09-01 10:41:00,111 - INFO - AFC is enabled with max remote calls: 10.
2026-09-01 10:41:00,112 - INFO - AFC is enabled with max remote calls: 10.
2026-09-01 10:41:00,113 - INFO - AFC is enabled with max remote calls: 10.
2026-09-01 10:41:16,135 - INFO - HTTP Request: POST https://generativelanguage.googleapis.com/v1beta/models/gemini-2.5-pro:generateContent "HTTP/1.1 200 OK"
2026-09-01 10:41:16,826 - INFO - HTTP Request: POST https://generativelanguage.googleapis.com/v1beta/models/gemini-2.5-pro:generateContent "HTTP/1.1 200 OK"
2026-09-01 10:41:18,096 - INFO - HTTP Request: POST https://generativelanguage.googleapis.com/v1beta/models/gemini-2.5-pro:generateContent "HTTP/1.1 200 OK"
2026-09-01 10:41:18,217 - INFO - HTTP Request: POST https://generativelanguage.googleapis.com/v1beta/models/gemini-2.5-pro:generateContent "HTTP/1.1 200 OK"
2026-09-01 10:41:18,542 - INFO - HTTP Request: POST https://generativelanguage.googleapis.com/v1beta/models/gemini-2.5-pro:generateContent "HTTP/1.1 200 OK"
2026-09-01 10:41:20,276 - INFO - HTTP Request: POST https://generativelanguage.googleapis.com/v1beta/models/gemini-2.5-pro:generateContent "HTTP/1.1 200 OK"
2026-09-01 10:41:21,446 - INFO - HTTP Request: POST https://generativelanguage.googleapis.com/v1beta/models/gemini-2.5-pro:generateContent "HTTP/1.1 200 OK"
2026-09-01 10:41:24,189 - INFO - HTTP Request: POST https://generativelanguage.googleapis.com/v1beta/models/gemini-2.5-pro:generateContent "HTTP/1.1 200 OK"
2026-09-01 10:41:27,848 - INFO - HTTP Request: POST https://generativelanguage.googleapis.com/v1beta/models/gemini-2.5-pro:generateContent "HTTP/1.1 200 OK"
2026-09-01 10:42:10,236 - INFO - HTTP Request: POST https://generativelanguage.googleapis.com/v1beta/models/gemini-2.5-pro:generateContent "HTTP/1.1 200 OK"
2026-09-01 10:42:10,248 - INFO - [PL] Waiting 10.0s before next Agent 2 window…
2026-09-01 10:42:20,251 - INFO - [PL] Agent 2 window 80-89 (10 batches)
2026-09-01 10:42:20,334 - INFO - AFC is enabled with max remote calls: 10.
2026-09-01 10:42:20,336 - INFO - AFC is enabled with max remote calls: 10.
2026-09-01 10:42:20,337 - INFO - AFC is enabled with max remote calls: 10.
2026-09-01 10:42:20,338 - INFO - AFC is enabled with max remote calls: 10.
2026-09-01 10:42:20,339 - INFO - AFC is enabled with max remote calls: 10.
2026-09-01 10:42:20,340 - INFO - AFC is enabled with max remote calls: 10.
2026-09-01 10:42:20,341 - INFO - AFC is enabled with max remote calls: 10.
2026-09-01 10:42:20,342 - INFO - AFC is enabled with max remote calls: 10.
2026-09-01 10:42:20,343 - INFO - AFC is enabled with max remote calls: 10.
2026-09-01 10:42:20,344 - INFO - AFC is enabled with max remote calls: 10.
2026-09-01 10:42:35,916 - INFO - HTTP Request: POST https://generativelanguage.googleapis.com/v1beta/models/gemini-2.5-pro:generateContent "HTTP/1.1 200 OK"
2026-09-01 10:42:36,091 - INFO - HTTP Request: POST https://generativelanguage.googleapis.com/v1beta/models/gemini-2.5-pro:generateContent "HTTP/1.1 200 OK"
2026-09-01 10:42:37,067 - INFO - HTTP Request: POST https://generativelanguage.googleapis.com/v1beta/models/gemini-2.5-pro:generateContent "HTTP/1.1 200 OK"
2026-09-01 10:42:37,363 - INFO - HTTP Request: POST https://generativelanguage.googleapis.com/v1beta/models/gemini-2.5-pro:generateContent "HTTP/1.1 200 OK"
2026-09-01 10:42:39,483 - INFO - HTTP Request: POST https://generativelanguage.googleapis.com/v1beta/models/gemini-2.5-pro:generateContent "HTTP/1.1 200 OK"
2026-09-01 10:42:39,788 - INFO - HTTP Request: POST https://generativelanguage.googleapis.com/v1beta/models/gemini-2.5-pro:generateContent "HTTP/1.1 200 OK"
2026-09-01 10:42:40,097 - INFO - HTTP Request: POST https://generativelanguage.googleapis.com/v1beta/models/gemini-2.5-pro:generateContent "HTTP/1.1 200 OK"
2026-09-01 10:42:40,477 - INFO - HTTP Request: POST https://generativelanguage.googleapis.com/v1beta/models/gemini-2.5-pro:generateContent "HTTP/1.1 200 OK"
2026-09-01 10:42:40,851 - INFO - HTTP Request: POST https://generativelanguage.googleapis.com/v1beta/models/gemini-2.5-pro:generateContent "HTTP/1.1 200 OK"
2026-09-01 10:42:53,413 - INFO - HTTP Request: POST https://generativelanguage.googleapis.com/v1beta/models/gemini-2.5-pro:generateContent "HTTP/1.1 200 OK"
2026-09-01 10:42:53,432 - INFO - [PL] Waiting 10.0s before next Agent 2 window…
2026-09-01 10:43:03,439 - INFO - [PL] Agent 2 window 90-99 (10 batches)
2026-09-01 10:43:03,531 - INFO - AFC is enabled with max remote calls: 10.
2026-09-01 10:43:03,537 - INFO - AFC is enabled with max remote calls: 10.
2026-09-01 10:43:03,539 - INFO - AFC is enabled with max remote calls: 10.
2026-09-01 10:43:03,540 - INFO - AFC is enabled with max remote calls: 10.
2026-09-01 10:43:03,540 - INFO - AFC is enabled with max remote calls: 10.
2026-09-01 10:43:03,542 - INFO - AFC is enabled with max remote calls: 10.
2026-09-01 10:43:03,545 - INFO - AFC is enabled with max remote calls: 10.
2026-09-01 10:43:03,547 - INFO - AFC is enabled with max remote calls: 10.
2026-09-01 10:43:03,548 - INFO - AFC is enabled with max remote calls: 10.
2026-09-01 10:43:03,550 - INFO - AFC is enabled with max remote calls: 10.
2026-09-01 10:43:18,438 - INFO - HTTP Request: POST https://generativelanguage.googleapis.com/v1beta/models/gemini-2.5-pro:generateContent "HTTP/1.1 200 OK"
2026-09-01 10:43:18,534 - INFO - HTTP Request: POST https://generativelanguage.googleapis.com/v1beta/models/gemini-2.5-pro:generateContent "HTTP/1.1 200 OK"
2026-09-01 10:43:20,585 - INFO - HTTP Request: POST https://generativelanguage.googleapis.com/v1beta/models/gemini-2.5-pro:generateContent "HTTP/1.1 200 OK"
2026-09-01 10:43:20,782 - INFO - HTTP Request: POST https://generativelanguage.googleapis.com/v1beta/models/gemini-2.5-pro:generateContent "HTTP/1.1 200 OK"
2026-09-01 10:43:21,156 - INFO - HTTP Request: POST https://generativelanguage.googleapis.com/v1beta/models/gemini-2.5-pro:generateContent "HTTP/1.1 200 OK"
2026-09-01 10:43:21,595 - INFO - HTTP Request: POST https://generativelanguage.googleapis.com/v1beta/models/gemini-2.5-pro:generateContent "HTTP/1.1 200 OK"
2026-09-01 10:43:21,598 - INFO - HTTP Request: POST https://generativelanguage.googleapis.com/v1beta/models/gemini-2.5-pro:generateContent "HTTP/1.1 200 OK"
2026-09-01 10:43:25,075 - INFO - HTTP Request: POST https://generativelanguage.googleapis.com/v1beta/models/gemini-2.5-pro:generateContent "HTTP/1.1 200 OK"
2026-09-01 10:43:26,997 - INFO - HTTP Request: POST https://generativelanguage.googleapis.com/v1beta/models/gemini-2.5-pro:generateContent "HTTP/1.1 200 OK"
2026-09-01 10:43:30,531 - INFO - HTTP Request: POST https://generativelanguage.googleapis.com/v1beta/models/gemini-2.5-pro:generateContent "HTTP/1.1 200 OK"
2026-09-01 10:43:30,541 - INFO - [PL] Waiting 10.0s before next Agent 2 window…
2026-09-01 10:43:40,548 - INFO - [PL] Agent 2 window 100-109 (10 batches)
2026-09-01 10:43:40,637 - INFO - AFC is enabled with max remote calls: 10.
2026-09-01 10:43:40,640 - INFO - AFC is enabled with max remote calls: 10.
2026-09-01 10:43:40,641 - INFO - AFC is enabled with max remote calls: 10.
2026-09-01 10:43:40,642 - INFO - AFC is enabled with max remote calls: 10.
2026-09-01 10:43:40,643 - INFO - AFC is enabled with max remote calls: 10.
2026-09-01 10:43:40,644 - INFO - AFC is enabled with max remote calls: 10.
2026-09-01 10:43:40,645 - INFO - AFC is enabled with max remote calls: 10.
2026-09-01 10:43:40,646 - INFO - AFC is enabled with max remote calls: 10.
2026-09-01 10:43:40,647 - INFO - AFC is enabled with max remote calls: 10.
2026-09-01 10:43:40,648 - INFO - AFC is enabled with max remote calls: 10.
2026-09-01 10:43:54,354 - INFO - HTTP Request: POST https://generativelanguage.googleapis.com/v1beta/models/gemini-2.5-pro:generateContent "HTTP/1.1 200 OK"
2026-09-01 10:43:55,642 - INFO - HTTP Request: POST https://generativelanguage.googleapis.com/v1beta/models/gemini-2.5-pro:generateContent "HTTP/1.1 200 OK"
2026-09-01 10:43:58,105 - INFO - HTTP Request: POST https://generativelanguage.googleapis.com/v1beta/models/gemini-2.5-pro:generateContent "HTTP/1.1 200 OK"
2026-09-01 10:43:58,279 - INFO - HTTP Request: POST https://generativelanguage.googleapis.com/v1beta/models/gemini-2.5-pro:generateContent "HTTP/1.1 200 OK"
2026-09-01 10:43:59,483 - INFO - HTTP Request: POST https://generativelanguage.googleapis.com/v1beta/models/gemini-2.5-pro:generateContent "HTTP/1.1 200 OK"
2026-09-01 10:43:59,738 - INFO - HTTP Request: POST https://generativelanguage.googleapis.com/v1beta/models/gemini-2.5-pro:generateContent "HTTP/1.1 200 OK"
2026-09-01 10:43:59,907 - INFO - HTTP Request: POST https://generativelanguage.googleapis.com/v1beta/models/gemini-2.5-pro:generateContent "HTTP/1.1 200 OK"
2026-09-01 10:44:01,328 - INFO - HTTP Request: POST https://generativelanguage.googleapis.com/v1beta/models/gemini-2.5-pro:generateContent "HTTP/1.1 200 OK"
2026-09-01 10:44:04,446 - INFO - HTTP Request: POST https://generativelanguage.googleapis.com/v1beta/models/gemini-2.5-pro:generateContent "HTTP/1.1 200 OK"
2026-09-01 10:44:05,063 - INFO - HTTP Request: POST https://generativelanguage.googleapis.com/v1beta/models/gemini-2.5-pro:generateContent "HTTP/1.1 200 OK"
2026-09-01 10:44:05,068 - INFO - [PL] Waiting 10.0s before next Agent 2 window…
2026-09-01 10:44:15,073 - INFO - [PL] Agent 2 window 110-119 (10 batches)
2026-09-01 10:44:15,167 - INFO - AFC is enabled with max remote calls: 10.
2026-09-01 10:44:15,173 - INFO - AFC is enabled with max remote calls: 10.
2026-09-01 10:44:15,174 - INFO - AFC is enabled with max remote calls: 10.
2026-09-01 10:44:15,175 - INFO - AFC is enabled with max remote calls: 10.
2026-09-01 10:44:15,176 - INFO - AFC is enabled with max remote calls: 10.
2026-09-01 10:44:15,178 - INFO - AFC is enabled with max remote calls: 10.
2026-09-01 10:44:15,179 - INFO - AFC is enabled with max remote calls: 10.
2026-09-01 10:44:15,182 - INFO - AFC is enabled with max remote calls: 10.
2026-09-01 10:44:15,187 - INFO - AFC is enabled with max remote calls: 10.
2026-09-01 10:44:15,192 - INFO - AFC is enabled with max remote calls: 10.
2026-09-01 10:44:28,986 - INFO - HTTP Request: POST https://generativelanguage.googleapis.com/v1beta/models/gemini-2.5-pro:generateContent "HTTP/1.1 200 OK"
2026-09-01 10:44:31,067 - INFO - HTTP Request: POST https://generativelanguage.googleapis.com/v1beta/models/gemini-2.5-pro:generateContent "HTTP/1.1 200 OK"
2026-09-01 10:44:32,236 - INFO - HTTP Request: POST https://generativelanguage.googleapis.com/v1beta/models/gemini-2.5-pro:generateContent "HTTP/1.1 200 OK"
2026-09-01 10:44:33,060 - INFO - HTTP Request: POST https://generativelanguage.googleapis.com/v1beta/models/gemini-2.5-pro:generateContent "HTTP/1.1 200 OK"
2026-09-01 10:44:33,166 - INFO - HTTP Request: POST https://generativelanguage.googleapis.com/v1beta/models/gemini-2.5-pro:generateContent "HTTP/1.1 200 OK"
2026-09-01 10:44:34,540 - INFO - HTTP Request: POST https://generativelanguage.googleapis.com/v1beta/models/gemini-2.5-pro:generateContent "HTTP/1.1 200 OK"
2026-09-01 10:44:35,579 - INFO - HTTP Request: POST https://generativelanguage.googleapis.com/v1beta/models/gemini-2.5-pro:generateContent "HTTP/1.1 200 OK"
2026-09-01 10:44:35,834 - INFO - HTTP Request: POST https://generativelanguage.googleapis.com/v1beta/models/gemini-2.5-pro:generateContent "HTTP/1.1 200 OK"
2026-09-01 10:44:36,418 - INFO - HTTP Request: POST https://generativelanguage.googleapis.com/v1beta/models/gemini-2.5-pro:generateContent "HTTP/1.1 200 OK"
2026-09-01 10:44:36,971 - INFO - HTTP Request: POST https://generativelanguage.googleapis.com/v1beta/models/gemini-2.5-pro:generateContent "HTTP/1.1 200 OK"
2026-09-01 10:44:36,975 - INFO - [PL] Waiting 10.0s before next Agent 2 window…
2026-09-01 10:44:46,978 - INFO - [PL] Agent 2 window 120-129 (10 batches)
2026-09-01 10:44:47,025 - INFO - AFC is enabled with max remote calls: 10.
2026-09-01 10:44:47,027 - INFO - AFC is enabled with max remote calls: 10.
2026-09-01 10:44:47,028 - INFO - AFC is enabled with max remote calls: 10.
2026-09-01 10:44:47,029 - INFO - AFC is enabled with max remote calls: 10.
2026-09-01 10:44:47,029 - INFO - AFC is enabled with max remote calls: 10.
2026-09-01 10:44:47,030 - INFO - AFC is enabled with max remote calls: 10.
2026-09-01 10:44:47,031 - INFO - AFC is enabled with max remote calls: 10.
2026-09-01 10:44:47,031 - INFO - AFC is enabled with max remote calls: 10.
2026-09-01 10:44:47,032 - INFO - AFC is enabled with max remote calls: 10.
2026-09-01 10:44:47,033 - INFO - AFC is enabled with max remote calls: 10.
2026-09-01 10:45:00,237 - INFO - HTTP Request: POST https://generativelanguage.googleapis.com/v1beta/models/gemini-2.5-pro:generateContent "HTTP/1.1 200 OK"
2026-09-01 10:45:00,418 - INFO - HTTP Request: POST https://generativelanguage.googleapis.com/v1beta/models/gemini-2.5-pro:generateContent "HTTP/1.1 200 OK"
2026-09-01 10:45:01,937 - INFO - HTTP Request: POST https://generativelanguage.googleapis.com/v1beta/models/gemini-2.5-pro:generateContent "HTTP/1.1 200 OK"
2026-09-01 10:45:02,540 - INFO - HTTP Request: POST https://generativelanguage.googleapis.com/v1beta/models/gemini-2.5-pro:generateContent "HTTP/1.1 200 OK"
2026-09-01 10:45:05,721 - INFO - HTTP Request: POST https://generativelanguage.googleapis.com/v1beta/models/gemini-2.5-pro:generateContent "HTTP/1.1 200 OK"
2026-09-01 10:45:05,881 - INFO - HTTP Request: POST https://generativelanguage.googleapis.com/v1beta/models/gemini-2.5-pro:generateContent "HTTP/1.1 200 OK"
2026-09-01 10:45:06,327 - INFO - HTTP Request: POST https://generativelanguage.googleapis.com/v1beta/models/gemini-2.5-pro:generateContent "HTTP/1.1 200 OK"
2026-09-01 10:45:06,505 - INFO - HTTP Request: POST https://generativelanguage.googleapis.com/v1beta/models/gemini-2.5-pro:generateContent "HTTP/1.1 200 OK"
2026-09-01 10:45:08,122 - INFO - HTTP Request: POST https://generativelanguage.googleapis.com/v1beta/models/gemini-2.5-pro:generateContent "HTTP/1.1 200 OK"
2026-09-01 10:45:10,175 - INFO - HTTP Request: POST https://generativelanguage.googleapis.com/v1beta/models/gemini-2.5-pro:generateContent "HTTP/1.1 200 OK"
2026-09-01 10:45:10,189 - INFO - [PL] Waiting 10.0s before next Agent 2 window…
2026-09-01 10:45:20,199 - INFO - [PL] Agent 2 window 130-139 (10 batches)
2026-09-01 10:45:20,263 - INFO - AFC is enabled with max remote calls: 10.
2026-09-01 10:45:20,265 - INFO - AFC is enabled with max remote calls: 10.
2026-09-01 10:45:20,266 - INFO - AFC is enabled with max remote calls: 10.
2026-09-01 10:45:20,270 - INFO - AFC is enabled with max remote calls: 10.
2026-09-01 10:45:20,271 - INFO - AFC is enabled with max remote calls: 10.
2026-09-01 10:45:20,272 - INFO - AFC is enabled with max remote calls: 10.
2026-09-01 10:45:20,273 - INFO - AFC is enabled with max remote calls: 10.
2026-09-01 10:45:20,274 - INFO - AFC is enabled with max remote calls: 10.
2026-09-01 10:45:20,275 - INFO - AFC is enabled with max remote calls: 10.
2026-09-01 10:45:20,276 - INFO - AFC is enabled with max remote calls: 10.
2026-09-01 10:45:33,952 - INFO - HTTP Request: POST https://generativelanguage.googleapis.com/v1beta/models/gemini-2.5-pro:generateContent "HTTP/1.1 200 OK"
2026-09-01 10:45:34,418 - INFO - HTTP Request: POST https://generativelanguage.googleapis.com/v1beta/models/gemini-2.5-pro:generateContent "HTTP/1.1 200 OK"
2026-09-01 10:45:34,425 - INFO - HTTP Request: POST https://generativelanguage.googleapis.com/v1beta/models/gemini-2.5-pro:generateContent "HTTP/1.1 200 OK"
2026-09-01 10:45:35,121 - INFO - HTTP Request: POST https://generativelanguage.googleapis.com/v1beta/models/gemini-2.5-pro:generateContent "HTTP/1.1 200 OK"
2026-09-01 10:45:35,597 - INFO - HTTP Request: POST https://generativelanguage.googleapis.com/v1beta/models/gemini-2.5-pro:generateContent "HTTP/1.1 200 OK"
2026-09-01 10:45:36,290 - INFO - HTTP Request: POST https://generativelanguage.googleapis.com/v1beta/models/gemini-2.5-pro:generateContent "HTTP/1.1 200 OK"
2026-09-01 10:45:36,875 - INFO - HTTP Request: POST https://generativelanguage.googleapis.com/v1beta/models/gemini-2.5-pro:generateContent "HTTP/1.1 200 OK"
2026-09-01 10:45:38,075 - INFO - HTTP Request: POST https://generativelanguage.googleapis.com/v1beta/models/gemini-2.5-pro:generateContent "HTTP/1.1 200 OK"
2026-09-01 10:45:41,043 - INFO - HTTP Request: POST https://generativelanguage.googleapis.com/v1beta/models/gemini-2.5-pro:generateContent "HTTP/1.1 200 OK"
2026-09-01 10:45:44,893 - INFO - HTTP Request: POST https://generativelanguage.googleapis.com/v1beta/models/gemini-2.5-pro:generateContent "HTTP/1.1 200 OK"
2026-09-01 10:45:44,904 - INFO - [PL] Waiting 10.0s before next Agent 2 window…
2026-09-01 10:45:54,914 - INFO - [PL] Agent 2 window 140-149 (10 batches)
2026-09-01 10:45:54,991 - INFO - AFC is enabled with max remote calls: 10.
2026-09-01 10:45:54,993 - INFO - AFC is enabled with max remote calls: 10.
2026-09-01 10:45:54,994 - INFO - AFC is enabled with max remote calls: 10.
2026-09-01 10:45:54,995 - INFO - AFC is enabled with max remote calls: 10.
2026-09-01 10:45:54,996 - INFO - AFC is enabled with max remote calls: 10.
2026-09-01 10:45:54,997 - INFO - AFC is enabled with max remote calls: 10.
2026-09-01 10:45:54,998 - INFO - AFC is enabled with max remote calls: 10.
2026-09-01 10:45:54,999 - INFO - AFC is enabled with max remote calls: 10.
2026-09-01 10:45:55,000 - INFO - AFC is enabled with max remote calls: 10.
2026-09-01 10:45:55,001 - INFO - AFC is enabled with max remote calls: 10.
2026-09-01 10:46:08,207 - INFO - HTTP Request: POST https://generativelanguage.googleapis.com/v1beta/models/gemini-2.5-pro:generateContent "HTTP/1.1 200 OK"
2026-09-01 10:46:08,407 - INFO - HTTP Request: POST https://generativelanguage.googleapis.com/v1beta/models/gemini-2.5-pro:generateContent "HTTP/1.1 200 OK"
2026-09-01 10:46:10,765 - INFO - HTTP Request: POST https://generativelanguage.googleapis.com/v1beta/models/gemini-2.5-pro:generateContent "HTTP/1.1 200 OK"
2026-09-01 10:46:11,607 - INFO - HTTP Request: POST https://generativelanguage.googleapis.com/v1beta/models/gemini-2.5-pro:generateContent "HTTP/1.1 200 OK"
2026-09-01 10:46:12,554 - INFO - HTTP Request: POST https://generativelanguage.googleapis.com/v1beta/models/gemini-2.5-pro:generateContent "HTTP/1.1 200 OK"
2026-09-01 10:46:13,107 - INFO - HTTP Request: POST https://generativelanguage.googleapis.com/v1beta/models/gemini-2.5-pro:generateContent "HTTP/1.1 200 OK"
2026-09-01 10:46:14,610 - INFO - HTTP Request: POST https://generativelanguage.googleapis.com/v1beta/models/gemini-2.5-pro:generateContent "HTTP/1.1 200 OK"
2026-09-01 10:46:15,478 - INFO - HTTP Request: POST https://generativelanguage.googleapis.com/v1beta/models/gemini-2.5-pro:generateContent "HTTP/1.1 200 OK"
2026-09-01 10:46:15,655 - INFO - HTTP Request: POST https://generativelanguage.googleapis.com/v1beta/models/gemini-2.5-pro:generateContent "HTTP/1.1 200 OK"
2026-09-01 10:46:17,436 - INFO - HTTP Request: POST https://generativelanguage.googleapis.com/v1beta/models/gemini-2.5-pro:generateContent "HTTP/1.1 200 OK"
2026-09-01 10:46:17,440 - INFO - [PL] Waiting 10.0s before next Agent 2 window…
2026-09-01 10:46:27,442 - INFO - [PL] Agent 2 window 150-159 (10 batches)
2026-09-01 10:46:27,501 - INFO - AFC is enabled with max remote calls: 10.
2026-09-01 10:46:27,503 - INFO - AFC is enabled with max remote calls: 10.
2026-09-01 10:46:27,504 - INFO - AFC is enabled with max remote calls: 10.
2026-09-01 10:46:27,505 - INFO - AFC is enabled with max remote calls: 10.
2026-09-01 10:46:27,505 - INFO - AFC is enabled with max remote calls: 10.
2026-09-01 10:46:27,506 - INFO - AFC is enabled with max remote calls: 10.
2026-09-01 10:46:27,507 - INFO - AFC is enabled with max remote calls: 10.
2026-09-01 10:46:27,508 - INFO - AFC is enabled with max remote calls: 10.
2026-09-01 10:46:27,508 - INFO - AFC is enabled with max remote calls: 10.
2026-09-01 10:46:27,510 - INFO - AFC is enabled with max remote calls: 10.
2026-09-01 10:46:41,073 - INFO - HTTP Request: POST https://generativelanguage.googleapis.com/v1beta/models/gemini-2.5-pro:generateContent "HTTP/1.1 200 OK"
2026-09-01 10:46:42,835 - INFO - HTTP Request: POST https://generativelanguage.googleapis.com/v1beta/models/gemini-2.5-pro:generateContent "HTTP/1.1 200 OK"
2026-09-01 10:46:43,910 - INFO - HTTP Request: POST https://generativelanguage.googleapis.com/v1beta/models/gemini-2.5-pro:generateContent "HTTP/1.1 200 OK"
2026-09-01 10:46:44,157 - INFO - HTTP Request: POST https://generativelanguage.googleapis.com/v1beta/models/gemini-2.5-pro:generateContent "HTTP/1.1 200 OK"
2026-09-01 10:46:45,017 - INFO - HTTP Request: POST https://generativelanguage.googleapis.com/v1beta/models/gemini-2.5-pro:generateContent "HTTP/1.1 200 OK"
2026-09-01 10:46:45,466 - INFO - HTTP Request: POST https://generativelanguage.googleapis.com/v1beta/models/gemini-2.5-pro:generateContent "HTTP/1.1 200 OK"
2026-09-01 10:46:46,447 - INFO - HTTP Request: POST https://generativelanguage.googleapis.com/v1beta/models/gemini-2.5-pro:generateContent "HTTP/1.1 200 OK"
2026-09-01 10:46:46,694 - INFO - HTTP Request: POST https://generativelanguage.googleapis.com/v1beta/models/gemini-2.5-pro:generateContent "HTTP/1.1 200 OK"
2026-09-01 10:46:48,827 - INFO - HTTP Request: POST https://generativelanguage.googleapis.com/v1beta/models/gemini-2.5-pro:generateContent "HTTP/1.1 200 OK"
2026-09-01 10:46:52,605 - INFO - HTTP Request: POST https://generativelanguage.googleapis.com/v1beta/models/gemini-2.5-pro:generateContent "HTTP/1.1 200 OK"
2026-09-01 10:46:52,619 - INFO - [PL] Waiting 10.0s before next Agent 2 window…
2026-09-01 10:47:02,623 - INFO - [PL] Agent 2 window 160-169 (10 batches)
2026-09-01 10:47:02,695 - INFO - AFC is enabled with max remote calls: 10.
2026-09-01 10:47:02,699 - INFO - AFC is enabled with max remote calls: 10.
2026-09-01 10:47:02,700 - INFO - AFC is enabled with max remote calls: 10.
2026-09-01 10:47:02,701 - INFO - AFC is enabled with max remote calls: 10.
2026-09-01 10:47:02,702 - INFO - AFC is enabled with max remote calls: 10.
2026-09-01 10:47:02,703 - INFO - AFC is enabled with max remote calls: 10.
2026-09-01 10:47:02,704 - INFO - AFC is enabled with max remote calls: 10.
2026-09-01 10:47:02,705 - INFO - AFC is enabled with max remote calls: 10.
2026-09-01 10:47:02,708 - INFO - AFC is enabled with max remote calls: 10.
2026-09-01 10:47:02,709 - INFO - AFC is enabled with max remote calls: 10.
2026-09-01 10:47:14,350 - INFO - HTTP Request: POST https://generativelanguage.googleapis.com/v1beta/models/gemini-2.5-pro:generateContent "HTTP/1.1 200 OK"
2026-09-01 10:47:16,451 - INFO - HTTP Request: POST https://generativelanguage.googleapis.com/v1beta/models/gemini-2.5-pro:generateContent "HTTP/1.1 200 OK"
2026-09-01 10:47:18,795 - INFO - HTTP Request: POST https://generativelanguage.googleapis.com/v1beta/models/gemini-2.5-pro:generateContent "HTTP/1.1 200 OK"
2026-09-01 10:47:19,236 - INFO - HTTP Request: POST https://generativelanguage.googleapis.com/v1beta/models/gemini-2.5-pro:generateContent "HTTP/1.1 200 OK"
2026-09-01 10:47:19,786 - INFO - HTTP Request: POST https://generativelanguage.googleapis.com/v1beta/models/gemini-2.5-pro:generateContent "HTTP/1.1 200 OK"
2026-09-01 10:47:19,970 - INFO - HTTP Request: POST https://generativelanguage.googleapis.com/v1beta/models/gemini-2.5-pro:generateContent "HTTP/1.1 200 OK"
2026-09-01 10:47:20,285 - INFO - HTTP Request: POST https://generativelanguage.googleapis.com/v1beta/models/gemini-2.5-pro:generateContent "HTTP/1.1 200 OK"
2026-09-01 10:47:21,870 - INFO - HTTP Request: POST https://generativelanguage.googleapis.com/v1beta/models/gemini-2.5-pro:generateContent "HTTP/1.1 200 OK"
2026-09-01 10:47:23,437 - INFO - HTTP Request: POST https://generativelanguage.googleapis.com/v1beta/models/gemini-2.5-pro:generateContent "HTTP/1.1 200 OK"
2026-09-01 10:47:26,916 - INFO - HTTP Request: POST https://generativelanguage.googleapis.com/v1beta/models/gemini-2.5-pro:generateContent "HTTP/1.1 200 OK"
2026-09-01 10:47:26,927 - INFO - [PL] Waiting 10.0s before next Agent 2 window…
2026-09-01 10:47:36,932 - INFO - [PL] Agent 2 window 170-179 (10 batches)
2026-09-01 10:47:37,008 - INFO - AFC is enabled with max remote calls: 10.
2026-09-01 10:47:37,010 - INFO - AFC is enabled with max remote calls: 10.
2026-09-01 10:47:37,011 - INFO - AFC is enabled with max remote calls: 10.
2026-09-01 10:47:37,012 - INFO - AFC is enabled with max remote calls: 10.
2026-09-01 10:47:37,013 - INFO - AFC is enabled with max remote calls: 10.
2026-09-01 10:47:37,014 - INFO - AFC is enabled with max remote calls: 10.
2026-09-01 10:47:37,015 - INFO - AFC is enabled with max remote calls: 10.
2026-09-01 10:47:37,016 - INFO - AFC is enabled with max remote calls: 10.
2026-09-01 10:47:37,017 - INFO - AFC is enabled with max remote calls: 10.
2026-09-01 10:47:37,018 - INFO - AFC is enabled with max remote calls: 10.
2026-09-01 10:47:49,819 - INFO - HTTP Request: POST https://generativelanguage.googleapis.com/v1beta/models/gemini-2.5-pro:generateContent "HTTP/1.1 200 OK"
2026-09-01 10:47:51,494 - INFO - HTTP Request: POST https://generativelanguage.googleapis.com/v1beta/models/gemini-2.5-pro:generateContent "HTTP/1.1 200 OK"
2026-09-01 10:47:51,683 - INFO - HTTP Request: POST https://generativelanguage.googleapis.com/v1beta/models/gemini-2.5-pro:generateContent "HTTP/1.1 200 OK"
2026-09-01 10:47:52,300 - INFO - HTTP Request: POST https://generativelanguage.googleapis.com/v1beta/models/gemini-2.5-pro:generateContent "HTTP/1.1 200 OK"
2026-09-01 10:47:52,426 - INFO - HTTP Request: POST https://generativelanguage.googleapis.com/v1beta/models/gemini-2.5-pro:generateContent "HTTP/1.1 200 OK"
2026-09-01 10:47:54,404 - INFO - HTTP Request: POST https://generativelanguage.googleapis.com/v1beta/models/gemini-2.5-pro:generateContent "HTTP/1.1 200 OK"
2026-09-01 10:47:57,049 - INFO - HTTP Request: POST https://generativelanguage.googleapis.com/v1beta/models/gemini-2.5-pro:generateContent "HTTP/1.1 200 OK"
2026-09-01 10:47:57,054 - INFO - HTTP Request: POST https://generativelanguage.googleapis.com/v1beta/models/gemini-2.5-pro:generateContent "HTTP/1.1 200 OK"
2026-09-01 10:47:58,660 - INFO - HTTP Request: POST https://generativelanguage.googleapis.com/v1beta/models/gemini-2.5-pro:generateContent "HTTP/1.1 200 OK"
2026-09-01 10:48:01,828 - INFO - HTTP Request: POST https://generativelanguage.googleapis.com/v1beta/models/gemini-2.5-pro:generateContent "HTTP/1.1 200 OK"
2026-09-01 10:48:01,836 - INFO - [PL] Waiting 10.0s before next Agent 2 window…
2026-09-01 10:48:11,839 - INFO - [PL] Agent 2 window 180-189 (10 batches)
2026-09-01 10:48:11,911 - INFO - AFC is enabled with max remote calls: 10.
2026-09-01 10:48:11,913 - INFO - AFC is enabled with max remote calls: 10.
2026-09-01 10:48:11,914 - INFO - AFC is enabled with max remote calls: 10.
2026-09-01 10:48:11,915 - INFO - AFC is enabled with max remote calls: 10.
2026-09-01 10:48:11,916 - INFO - AFC is enabled with max remote calls: 10.
2026-09-01 10:48:11,917 - INFO - AFC is enabled with max remote calls: 10.
2026-09-01 10:48:11,919 - INFO - AFC is enabled with max remote calls: 10.
2026-09-01 10:48:11,920 - INFO - AFC is enabled with max remote calls: 10.
2026-09-01 10:48:11,921 - INFO - AFC is enabled with max remote calls: 10.
2026-09-01 10:48:11,923 - INFO - AFC is enabled with max remote calls: 10.
2026-09-01 10:48:24,974 - INFO - HTTP Request: POST https://generativelanguage.googleapis.com/v1beta/models/gemini-2.5-pro:generateContent "HTTP/1.1 200 OK"
2026-09-01 10:48:26,943 - INFO - HTTP Request: POST https://generativelanguage.googleapis.com/v1beta/models/gemini-2.5-pro:generateContent "HTTP/1.1 200 OK"
2026-09-01 10:48:27,183 - INFO - HTTP Request: POST https://generativelanguage.googleapis.com/v1beta/models/gemini-2.5-pro:generateContent "HTTP/1.1 200 OK"
2026-09-01 10:48:27,207 - INFO - HTTP Request: POST https://generativelanguage.googleapis.com/v1beta/models/gemini-2.5-pro:generateContent "HTTP/1.1 200 OK"
2026-09-01 10:48:28,690 - INFO - HTTP Request: POST https://generativelanguage.googleapis.com/v1beta/models/gemini-2.5-pro:generateContent "HTTP/1.1 200 OK"
2026-09-01 10:48:29,797 - INFO - HTTP Request: POST https://generativelanguage.googleapis.com/v1beta/models/gemini-2.5-pro:generateContent "HTTP/1.1 200 OK"
2026-09-01 10:48:30,293 - INFO - HTTP Request: POST https://generativelanguage.googleapis.com/v1beta/models/gemini-2.5-pro:generateContent "HTTP/1.1 200 OK"
2026-09-01 10:48:31,637 - INFO - HTTP Request: POST https://generativelanguage.googleapis.com/v1beta/models/gemini-2.5-pro:generateContent "HTTP/1.1 200 OK"
2026-09-01 10:48:44,879 - INFO - HTTP Request: POST https://generativelanguage.googleapis.com/v1beta/models/gemini-2.5-pro:generateContent "HTTP/1.1 200 OK"
2026-09-01 10:48:51,517 - INFO - HTTP Request: POST https://generativelanguage.googleapis.com/v1beta/models/gemini-2.5-pro:generateContent "HTTP/1.1 200 OK"
2026-09-01 10:48:51,534 - INFO - [PL] Waiting 10.0s before next Agent 2 window…
2026-09-01 10:49:01,538 - INFO - [PL] Agent 2 window 190-199 (10 batches)
2026-09-01 10:49:01,616 - INFO - AFC is enabled with max remote calls: 10.
2026-09-01 10:49:01,619 - INFO - AFC is enabled with max remote calls: 10.
2026-09-01 10:49:01,620 - INFO - AFC is enabled with max remote calls: 10.
2026-09-01 10:49:01,621 - INFO - AFC is enabled with max remote calls: 10.
2026-09-01 10:49:01,622 - INFO - AFC is enabled with max remote calls: 10.
2026-09-01 10:49:01,624 - INFO - AFC is enabled with max remote calls: 10.
2026-09-01 10:49:01,625 - INFO - AFC is enabled with max remote calls: 10.
2026-09-01 10:49:01,627 - INFO - AFC is enabled with max remote calls: 10.
2026-09-01 10:49:01,628 - INFO - AFC is enabled with max remote calls: 10.
2026-09-01 10:49:01,629 - INFO - AFC is enabled with max remote calls: 10.
2026-09-01 10:49:15,588 - INFO - HTTP Request: POST https://generativelanguage.googleapis.com/v1beta/models/gemini-2.5-pro:generateContent "HTTP/1.1 200 OK"
2026-09-01 10:49:16,983 - INFO - HTTP Request: POST https://generativelanguage.googleapis.com/v1beta/models/gemini-2.5-pro:generateContent "HTTP/1.1 200 OK"
2026-09-01 10:49:18,227 - INFO - HTTP Request: POST https://generativelanguage.googleapis.com/v1beta/models/gemini-2.5-pro:generateContent "HTTP/1.1 200 OK"
2026-09-01 10:49:18,278 - INFO - HTTP Request: POST https://generativelanguage.googleapis.com/v1beta/models/gemini-2.5-pro:generateContent "HTTP/1.1 200 OK"
2026-09-01 10:49:18,335 - INFO - HTTP Request: POST https://generativelanguage.googleapis.com/v1beta/models/gemini-2.5-pro:generateContent "HTTP/1.1 200 OK"
2026-09-01 10:49:19,656 - INFO - HTTP Request: POST https://generativelanguage.googleapis.com/v1beta/models/gemini-2.5-pro:generateContent "HTTP/1.1 200 OK"
2026-09-01 10:49:21,549 - INFO - HTTP Request: POST https://generativelanguage.googleapis.com/v1beta/models/gemini-2.5-pro:generateContent "HTTP/1.1 200 OK"
2026-09-01 10:49:22,159 - INFO - HTTP Request: POST https://generativelanguage.googleapis.com/v1beta/models/gemini-2.5-pro:generateContent "HTTP/1.1 200 OK"
2026-09-01 10:49:22,475 - INFO - HTTP Request: POST https://generativelanguage.googleapis.com/v1beta/models/gemini-2.5-pro:generateContent "HTTP/1.1 200 OK"
2026-09-01 10:49:24,377 - INFO - HTTP Request: POST https://generativelanguage.googleapis.com/v1beta/models/gemini-2.5-pro:generateContent "HTTP/1.1 200 OK"
2026-09-01 10:49:24,387 - INFO - [PL] Waiting 10.0s before next Agent 2 window…
2026-09-01 10:49:34,389 - INFO - [PL] Agent 2 window 200-209 (10 batches)
2026-09-01 10:49:34,594 - INFO - AFC is enabled with max remote calls: 10.
2026-09-01 10:49:34,601 - INFO - AFC is enabled with max remote calls: 10.
2026-09-01 10:49:34,603 - INFO - AFC is enabled with max remote calls: 10.
2026-09-01 10:49:34,606 - INFO - AFC is enabled with max remote calls: 10.
2026-09-01 10:49:34,608 - INFO - AFC is enabled with max remote calls: 10.
2026-09-01 10:49:34,610 - INFO - AFC is enabled with max remote calls: 10.
2026-09-01 10:49:34,611 - INFO - AFC is enabled with max remote calls: 10.
2026-09-01 10:49:34,613 - INFO - AFC is enabled with max remote calls: 10.
2026-09-01 10:49:34,615 - INFO - AFC is enabled with max remote calls: 10.
2026-09-01 10:49:34,617 - INFO - AFC is enabled with max remote calls: 10.
2026-09-01 10:49:48,940 - INFO - HTTP Request: POST https://generativelanguage.googleapis.com/v1beta/models/gemini-2.5-pro:generateContent "HTTP/1.1 200 OK"
2026-09-01 10:49:48,943 - INFO - HTTP Request: POST https://generativelanguage.googleapis.com/v1beta/models/gemini-2.5-pro:generateContent "HTTP/1.1 200 OK"
2026-09-01 10:49:50,249 - INFO - HTTP Request: POST https://generativelanguage.googleapis.com/v1beta/models/gemini-2.5-pro:generateContent "HTTP/1.1 200 OK"
2026-09-01 10:49:50,821 - INFO - HTTP Request: POST https://generativelanguage.googleapis.com/v1beta/models/gemini-2.5-pro:generateContent "HTTP/1.1 200 OK"
2026-09-01 10:49:51,076 - INFO - HTTP Request: POST https://generativelanguage.googleapis.com/v1beta/models/gemini-2.5-pro:generateContent "HTTP/1.1 200 OK"
2026-09-01 10:49:51,555 - INFO - HTTP Request: POST https://generativelanguage.googleapis.com/v1beta/models/gemini-2.5-pro:generateContent "HTTP/1.1 200 OK"
2026-09-01 10:49:53,814 - INFO - HTTP Request: POST https://generativelanguage.googleapis.com/v1beta/models/gemini-2.5-pro:generateContent "HTTP/1.1 200 OK"
2026-09-01 10:49:56,375 - INFO - HTTP Request: POST https://generativelanguage.googleapis.com/v1beta/models/gemini-2.5-pro:generateContent "HTTP/1.1 200 OK"
2026-09-01 10:50:01,660 - INFO - HTTP Request: POST https://generativelanguage.googleapis.com/v1beta/models/gemini-2.5-pro:generateContent "HTTP/1.1 200 OK"
2026-09-01 10:50:13,252 - INFO - HTTP Request: POST https://generativelanguage.googleapis.com/v1beta/models/gemini-2.5-pro:generateContent "HTTP/1.1 200 OK"
2026-09-01 10:50:13,266 - INFO - [PL] Waiting 10.0s before next Agent 2 window…
2026-09-01 10:50:23,269 - INFO - [PL] Agent 2 window 210-219 (10 batches)
2026-09-01 10:50:23,338 - INFO - AFC is enabled with max remote calls: 10.
2026-09-01 10:50:23,340 - INFO - AFC is enabled with max remote calls: 10.
2026-09-01 10:50:23,341 - INFO - AFC is enabled with max remote calls: 10.
2026-09-01 10:50:23,342 - INFO - AFC is enabled with max remote calls: 10.
2026-09-01 10:50:23,343 - INFO - AFC is enabled with max remote calls: 10.
2026-09-01 10:50:23,344 - INFO - AFC is enabled with max remote calls: 10.
2026-09-01 10:50:23,345 - INFO - AFC is enabled with max remote calls: 10.
2026-09-01 10:50:23,346 - INFO - AFC is enabled with max remote calls: 10.
2026-09-01 10:50:23,347 - INFO - AFC is enabled with max remote calls: 10.
2026-09-01 10:50:23,349 - INFO - AFC is enabled with max remote calls: 10.
2026-09-01 10:50:36,035 - INFO - HTTP Request: POST https://generativelanguage.googleapis.com/v1beta/models/gemini-2.5-pro:generateContent "HTTP/1.1 200 OK"
2026-09-01 10:50:36,051 - INFO - HTTP Request: POST https://generativelanguage.googleapis.com/v1beta/models/gemini-2.5-pro:generateContent "HTTP/1.1 200 OK"
2026-09-01 10:50:36,802 - INFO - HTTP Request: POST https://generativelanguage.googleapis.com/v1beta/models/gemini-2.5-pro:generateContent "HTTP/1.1 200 OK"
2026-09-01 10:50:38,374 - INFO - HTTP Request: POST https://generativelanguage.googleapis.com/v1beta/models/gemini-2.5-pro:generateContent "HTTP/1.1 200 OK"
2026-09-01 10:50:39,690 - INFO - HTTP Request: POST https://generativelanguage.googleapis.com/v1beta/models/gemini-2.5-pro:generateContent "HTTP/1.1 200 OK"
2026-09-01 10:50:39,788 - INFO - HTTP Request: POST https://generativelanguage.googleapis.com/v1beta/models/gemini-2.5-pro:generateContent "HTTP/1.1 200 OK"
2026-09-01 10:50:42,002 - INFO - HTTP Request: POST https://generativelanguage.googleapis.com/v1beta/models/gemini-2.5-pro:generateContent "HTTP/1.1 200 OK"
2026-09-01 10:50:42,193 - INFO - HTTP Request: POST https://generativelanguage.googleapis.com/v1beta/models/gemini-2.5-pro:generateContent "HTTP/1.1 200 OK"
2026-09-01 10:50:42,836 - INFO - HTTP Request: POST https://generativelanguage.googleapis.com/v1beta/models/gemini-2.5-pro:generateContent "HTTP/1.1 200 OK"
2026-09-01 10:50:43,110 - INFO - HTTP Request: POST https://generativelanguage.googleapis.com/v1beta/models/gemini-2.5-pro:generateContent "HTTP/1.1 200 OK"
2026-09-01 10:50:43,113 - INFO - [PL] Waiting 10.0s before next Agent 2 window…
2026-09-01 10:50:53,118 - INFO - [PL] Agent 2 window 220-229 (10 batches)
2026-09-01 10:50:53,210 - INFO - AFC is enabled with max remote calls: 10.
2026-09-01 10:50:53,213 - INFO - AFC is enabled with max remote calls: 10.
2026-09-01 10:50:53,214 - INFO - AFC is enabled with max remote calls: 10.
2026-09-01 10:50:53,215 - INFO - AFC is enabled with max remote calls: 10.
2026-09-01 10:50:53,216 - INFO - AFC is enabled with max remote calls: 10.
2026-09-01 10:50:53,217 - INFO - AFC is enabled with max remote calls: 10.
2026-09-01 10:50:53,218 - INFO - AFC is enabled with max remote calls: 10.
2026-09-01 10:50:53,220 - INFO - AFC is enabled with max remote calls: 10.
2026-09-01 10:50:53,221 - INFO - AFC is enabled with max remote calls: 10.
2026-09-01 10:50:53,223 - INFO - AFC is enabled with max remote calls: 10.
2026-09-01 10:51:06,864 - INFO - HTTP Request: POST https://generativelanguage.googleapis.com/v1beta/models/gemini-2.5-pro:generateContent "HTTP/1.1 200 OK"
2026-09-01 10:51:08,430 - INFO - HTTP Request: POST https://generativelanguage.googleapis.com/v1beta/models/gemini-2.5-pro:generateContent "HTTP/1.1 200 OK"
2026-09-01 10:51:08,810 - INFO - HTTP Request: POST https://generativelanguage.googleapis.com/v1beta/models/gemini-2.5-pro:generateContent "HTTP/1.1 200 OK"
2026-09-01 10:51:09,068 - INFO - HTTP Request: POST https://generativelanguage.googleapis.com/v1beta/models/gemini-2.5-pro:generateContent "HTTP/1.1 200 OK"
2026-09-01 10:51:09,114 - INFO - HTTP Request: POST https://generativelanguage.googleapis.com/v1beta/models/gemini-2.5-pro:generateContent "HTTP/1.1 200 OK"
2026-09-01 10:51:09,472 - INFO - HTTP Request: POST https://generativelanguage.googleapis.com/v1beta/models/gemini-2.5-pro:generateContent "HTTP/1.1 200 OK"
2026-09-01 10:51:10,276 - INFO - HTTP Request: POST https://generativelanguage.googleapis.com/v1beta/models/gemini-2.5-pro:generateContent "HTTP/1.1 200 OK"
2026-09-01 10:51:11,515 - INFO - HTTP Request: POST https://generativelanguage.googleapis.com/v1beta/models/gemini-2.5-pro:generateContent "HTTP/1.1 200 OK"
2026-09-01 10:51:13,008 - INFO - HTTP Request: POST https://generativelanguage.googleapis.com/v1beta/models/gemini-2.5-pro:generateContent "HTTP/1.1 200 OK"
2026-09-01 10:51:17,455 - INFO - HTTP Request: POST https://generativelanguage.googleapis.com/v1beta/models/gemini-2.5-pro:generateContent "HTTP/1.1 200 OK"
2026-09-01 10:51:17,461 - INFO - [PL] Waiting 10.0s before next Agent 2 window…
2026-09-01 10:51:27,464 - INFO - [PL] Agent 2 window 230-239 (10 batches)
2026-09-01 10:51:27,568 - INFO - AFC is enabled with max remote calls: 10.
2026-09-01 10:51:27,570 - INFO - AFC is enabled with max remote calls: 10.
2026-09-01 10:51:27,571 - INFO - AFC is enabled with max remote calls: 10.
2026-09-01 10:51:27,572 - INFO - AFC is enabled with max remote calls: 10.
2026-09-01 10:51:27,573 - INFO - AFC is enabled with max remote calls: 10.
2026-09-01 10:51:27,574 - INFO - AFC is enabled with max remote calls: 10.
2026-09-01 10:51:27,575 - INFO - AFC is enabled with max remote calls: 10.
2026-09-01 10:51:27,576 - INFO - AFC is enabled with max remote calls: 10.
2026-09-01 10:51:27,577 - INFO - AFC is enabled with max remote calls: 10.
2026-09-01 10:51:27,578 - INFO - AFC is enabled with max remote calls: 10.
2026-09-01 10:51:40,176 - INFO - HTTP Request: POST https://generativelanguage.googleapis.com/v1beta/models/gemini-2.5-pro:generateContent "HTTP/1.1 200 OK"
2026-09-01 10:51:41,055 - INFO - HTTP Request: POST https://generativelanguage.googleapis.com/v1beta/models/gemini-2.5-pro:generateContent "HTTP/1.1 200 OK"
2026-09-01 10:51:43,690 - INFO - HTTP Request: POST https://generativelanguage.googleapis.com/v1beta/models/gemini-2.5-pro:generateContent "HTTP/1.1 200 OK"
2026-09-01 10:51:44,439 - INFO - HTTP Request: POST https://generativelanguage.googleapis.com/v1beta/models/gemini-2.5-pro:generateContent "HTTP/1.1 200 OK"
2026-09-01 10:51:46,021 - INFO - HTTP Request: POST https://generativelanguage.googleapis.com/v1beta/models/gemini-2.5-pro:generateContent "HTTP/1.1 200 OK"
2026-09-01 10:51:46,198 - INFO - HTTP Request: POST https://generativelanguage.googleapis.com/v1beta/models/gemini-2.5-pro:generateContent "HTTP/1.1 200 OK"
2026-09-01 10:51:46,203 - INFO - HTTP Request: POST https://generativelanguage.googleapis.com/v1beta/models/gemini-2.5-pro:generateContent "HTTP/1.1 200 OK"
2026-09-01 10:51:46,449 - INFO - HTTP Request: POST https://generativelanguage.googleapis.com/v1beta/models/gemini-2.5-pro:generateContent "HTTP/1.1 200 OK"
2026-09-01 10:51:46,451 - INFO - HTTP Request: POST https://generativelanguage.googleapis.com/v1beta/models/gemini-2.5-pro:generateContent "HTTP/1.1 200 OK"
2026-09-01 10:51:53,195 - INFO - HTTP Request: POST https://generativelanguage.googleapis.com/v1beta/models/gemini-2.5-pro:generateContent "HTTP/1.1 200 OK"
2026-09-01 10:51:53,210 - INFO - [PL] Waiting 10.0s before next Agent 2 window…
2026-09-01 10:52:03,219 - INFO - [PL] Agent 2 window 240-249 (10 batches)
2026-09-01 10:52:03,286 - INFO - AFC is enabled with max remote calls: 10.
2026-09-01 10:52:03,289 - INFO - AFC is enabled with max remote calls: 10.
2026-09-01 10:52:03,291 - INFO - AFC is enabled with max remote calls: 10.
2026-09-01 10:52:03,292 - INFO - AFC is enabled with max remote calls: 10.
2026-09-01 10:52:03,293 - INFO - AFC is enabled with max remote calls: 10.
2026-09-01 10:52:03,294 - INFO - AFC is enabled with max remote calls: 10.
2026-09-01 10:52:03,296 - INFO - AFC is enabled with max remote calls: 10.
2026-09-01 10:52:03,298 - INFO - AFC is enabled with max remote calls: 10.
2026-09-01 10:52:03,300 - INFO - AFC is enabled with max remote calls: 10.
2026-09-01 10:52:03,301 - INFO - AFC is enabled with max remote calls: 10.
2026-09-01 10:52:16,352 - INFO - HTTP Request: POST https://generativelanguage.googleapis.com/v1beta/models/gemini-2.5-pro:generateContent "HTTP/1.1 200 OK"
2026-09-01 10:52:18,468 - INFO - HTTP Request: POST https://generativelanguage.googleapis.com/v1beta/models/gemini-2.5-pro:generateContent "HTTP/1.1 200 OK"
2026-09-01 10:52:20,193 - INFO - HTTP Request: POST https://generativelanguage.googleapis.com/v1beta/models/gemini-2.5-pro:generateContent "HTTP/1.1 200 OK"
2026-09-01 10:52:20,424 - INFO - HTTP Request: POST https://generativelanguage.googleapis.com/v1beta/models/gemini-2.5-pro:generateContent "HTTP/1.1 200 OK"
2026-09-01 10:52:20,610 - INFO - HTTP Request: POST https://generativelanguage.googleapis.com/v1beta/models/gemini-2.5-pro:generateContent "HTTP/1.1 200 OK"
2026-09-01 10:52:20,921 - INFO - HTTP Request: POST https://generativelanguage.googleapis.com/v1beta/models/gemini-2.5-pro:generateContent "HTTP/1.1 200 OK"
2026-09-01 10:52:22,082 - INFO - HTTP Request: POST https://generativelanguage.googleapis.com/v1beta/models/gemini-2.5-pro:generateContent "HTTP/1.1 200 OK"
2026-09-01 10:52:28,240 - INFO - HTTP Request: POST https://generativelanguage.googleapis.com/v1beta/models/gemini-2.5-pro:generateContent "HTTP/1.1 200 OK"
2026-09-01 10:52:29,220 - INFO - HTTP Request: POST https://generativelanguage.googleapis.com/v1beta/models/gemini-2.5-pro:generateContent "HTTP/1.1 200 OK"
2026-09-01 10:52:58,001 - INFO - HTTP Request: POST https://generativelanguage.googleapis.com/v1beta/models/gemini-2.5-pro:generateContent "HTTP/1.1 200 OK"
2026-09-01 10:52:58,043 - INFO - [PL] Agent 3 (consolidator) - starting
2026-09-01 10:52:58,043 - INFO - [A3][PL] SYSTEM PROMPT (first batch only):
# AGENT 3 — LANGUAGE‑LEVEL CONSOLIDATOR (SYSTEM PROMPT)

## ROLE & MISSION

You are **Agent 3: Language‑Level Consolidator**. Your mission is to read the **finalized, per‑section issues** (already validated by a prior pass) and produce **one concise, language‑level** `overall_feedback` for the entire corpus.

* You output **only** the `overall_feedback` object: a **Summary** (error patterns) and an **Action Plan** (preventive steps).
* You **must not** add, remove, reclassify, or rescore any issues. You **do not** arbitrate or fact‑check external information.
* Treat the provided issues as the **single source of truth**; identify patterns and prioritize them by impact.


---

## SCOPE — WHAT TO DO / WHAT NOT TO DO

**Do:**

* Consolidate repeated problems into **patterns** (by category, rule, or recurrent surface form).
* **Prioritize** patterns by **impact**: total penalty points (APT) first, then severity mix and frequency.
* Provide **clear, actionable** preventive steps that map to the patterns.
* Optionally include **brief, representative evidence** (≤12 words, paraphrased) to anchor each pattern.

**Do Not:**

* Modify, add, or remove individual issues.
* Change categories, severities, or points.
* Introduce **new** errors not evidenced in the input.
* Perform external fact‑checking or comment on other agents.

---

## INPUTS

* `Lang`: short language code (e.g., FR, DE).
* `Rollup`: machine‑computed aggregation for this language. Example fields:

  ```json
  {
    "ewt": 12345,
    "apt": 78,
    "pwpt": 0.0063,
    "mqm": 93.7,
    "critical_count": 0,
    "severity_counts": {"Minor": 40, "Major": 12, "Critical": 0},
    "category_points": [
      {"category":"Compliance","points":32},
      {"category":"Punctuation/Spelling/Typos","points":21},
      {"category":"Accuracy","points":18}
    ],
    "top_urls_by_points": [
      {"url":"/routes/..1.html","points":9},
      {"url":"/routes/..2.html","points":8}
    ]
  }
  ```
* `Final_issues`: **array** of finalized issues (Agent 2 output), each like:

  ```json
  {
    "url": "/routes/abc/example.html",
    "type_of_issue": "Compliance",
    "severity": "Major",
    "score_deduction": 3,
    "issue": "Metric conversion missing in a metric locale.",
    "text": "…short snippet…",
    "updated_sentence": "…"
  }
  ```

---

## CONSOLIDATION RULES

1. **Pattern mining:** Group by `type_of_issue`, then look for recurring surfaces (e.g., *km/h vs mph*, French NBSP before `:`, brand/proper‑noun casing, headings ending with a period).
2. **Prioritization:** Order the **Summary** bullets by **total category points** (highest first). Within a bullet, you may reference typical triggers (e.g., *mph shown without km/h*).
3. **Evidence:** If helpful, include a minimal parenthetical hint (≤12 words, paraphrased) and/or mention representative URLs with high points (at most two distinct URLs across the whole summary).
4. **Taxonomy fidelity:** Use the existing categories strictly (e.g., currency *what* = **Accuracy**; currency *format/how* = **Compliance**; brand casing = **Compliance**; French NBSP = **Punctuation/Spelling/Typos**).
5. **No new findings:** Do not infer new errors. If a pattern is not supported by the provided issues, omit it.

---

## OUTPUT CONTRACT (RETURN THIS OBJECT ONLY)

Return **only** this JSON object:

```json
{
  "overall_feedback": {
    "summary": [
      "<1 sentence per pattern; highest‑impact first>",
      "<… 2–10 bullets total …>"
    ],
    "action_plan": [
      "<One preventive step per pattern; imperative, testable>",
      "<… 2–10 bullets total …>"
    ]
  }
}
```

**Formatting constraints:**

* 2–10 bullets for **summary**, 2–10 bullets for **action\_plan**.
* Each bullet ≤ 250 characters; avoid duplication; no meta‑commentary.
* No code fences, no extra keys, no trailing text.

---

## STYLE GUIDANCE FOR BULLETS

* **Summary:** `[Category]` + the recurring rule breach + brief impact. Optionally add a short parenthetical cue, e.g., `(FR: NBSP before ':' missing)`.
* **Action plan:** imperative, owner‑agnostic; specify **what to check** and **where** (e.g., *"Add a unit‑conversion linter for metric locales (mph→km/h)."*).

---

## FINAL SELF‑CHECK

1. Did I **only** output the `overall_feedback` object?
2. Are bullets prioritized by **impact** (points → severity → frequency)?
3. Did I avoid inventing new issues or changing any categories/severities?
4. Are bullets concise, objective, and mapped to the observed patterns?



2026-09-01 10:52:58,044 - INFO - [A3][PL] USER PROMPT (first batch only):
Language: PL

Roll‑up (JSON):
{
  "lang": "PL",
  "ewt": 18974,
  "total_findings": 128,
  "severity_counts": {
    "Minor": 95,
    "Major": 33
  },
  "points_by_category": {
    "Compliance": 61,
    "Accuracy": 79,
    "Style": 28,
    "Punctuation/Spelling/Typos": 10,
    "Grammar": 16
  },
  "apt": 194,
  "pwpt": 0.010224517761146832,
  "mqm": 89.77548223885317,
  "top_urls_by_issue_count": [
    {
      "url": "https://www.skyscanner.pl/wynajem-samochodow-w/wynajem-samochodow-w-nowy-jork/27537542.html",
      "count": 7
    },
    {
      "url": "https://www.skyscanner.pl/wynajem-samochodow-w/wynajem-samochodow-w-londyn/27544008.html",
      "count": 7
    },
    {
      "url": "https://www.skyscanner.pl/wynajem-samochodow-w/wynajem-samochodow-w-lizbona/27544072.html",
      "count": 5
    },
    {
      "url": "https://www.skyscanner.pl/wynajem-samochodow-w/wynajem-samochodow-w-kutaisi/27543929.html",
      "count": 5
    },
    {
      "url": "https://www.skyscanner.pl/wynajem-samochodow-w/wynajem-samochodow-w-nicea/27545091.html",
      "count": 4
    },
    {
      "url": "https://www.skyscanner.pl/wynajem-samochodow-w/wynajem-samochodow-w-reggio-di-calabria/27546148.html",
      "count": 4
    },
    {
      "url": "https://www.skyscanner.pl/wynajem-samochodow-w/wynajem-samochodow-w-laganas/38354118.html",
      "count": 4
    },
    {
      "url": "https://www.skyscanner.pl/wynajem-samochodow-w/wynajem-samochodow-w-brindisi/27538714.html",
      "count": 3
    },
    {
      "url": "https://www.skyscanner.pl/wynajem-samochodow-w/wynajem-samochodow-w-balice/38835007.html",
      "count": 3
    },
    {
      "url": "https://www.skyscanner.pl/wynajem-samochodow-w/wynajem-samochodow-w-szczytno/27547116.html",
      "count": 3
    }
  ],
  "categories_considered": [
    "Grammar",
    "Compliance",
    "Punctuation/Spelling/Typos",
    "Accuracy",
    "Style",
    "AI-issues"
  ]
}

Final issues (JSON array):
[
  {
    "text": "Porównując oferty różnych wypożyczalni w Skyscanner, możesz sprawdzić, które modele mieszczą się w Twoim budżecie.",
    "issue": "The direct-address pronoun 'Twoim' is not capitalized, which violates the locale-specific style guide.",
    "type_of_issue": "Compliance",
    "solution": "Capitalize the pronoun 'Twoim' to 'Twoim' as required for direct address.",
    "updated_sentence": "Porównując oferty różnych wypożyczalni w Skyscanner, możesz sprawdzić, które modele mieszczą się w Twoim budżecie.",
    "severity": "Minor",
    "score_deduction": 1,
    "source_file": "2026-2027-pl-car-hire-city-06.docx",
    "url": "https://www.skyscanner.pl/wynajem-samochodow-w/wynajem-samochodow-w-lizbona/27544072.html",
    "candidate": "https://www.skyscanner.pl/wynajem-samochodow-w/wynajem-samochodow-w-lizbona/27544072.html"
  },
  {
    "text": "Jeśli szukasz podobnie kompaktowej opcji, Green Motion oferuje Fiata Pandę ze skrzynią ręczną od 27 zł za dobę.",
    "issue": "The currency 'zł' (Polish Złoty) is incorrect for the specified location, Lisbon, where the official currency is the Euro (€). This pattern repeats for all prices in the paragraph.",
    "type_of_issue": "Accuracy",
    "solution": "Replace the 'zł' currency symbol with '€' for all prices mentioned.",
    "updated_sentence": "Jeśli szukasz podobnie kompaktowej opcji, Green Motion oferuje Fiata Pandę ze skrzynią ręczną od 27 € za dobę.",
    "severity": "Major",
    "score_deduction": 3,
    "source_file": "2026-2027-pl-car-hire-city-06.docx",
    "url": "https://www.skyscanner.pl/wynajem-samochodow-w/wynajem-samochodow-w-lizbona/27544072.html",
    "candidate": "https://www.skyscanner.pl/wynajem-samochodow-w/wynajem-samochodow-w-lizbona/27544072.html"
  },
  {
    "text": "Osoby potrzebujące większego bagażnika mogą rozważyć Peugeota 3008 od tego samego dostawcy, z manualną przekładnią, w cenie od 43 zł za dobę.",
    "issue": "The term 'manualną przekładnią' is inconsistent with 'ręczną skrzynią biegów' used earlier in the text and deviates from the glossary terms 'manual' (ręczna) and 'transmission' (skrzynia biegów).",
    "type_of_issue": "Compliance",
    "solution": "Replace 'manualną przekładnią' with 'ręczną skrzynią biegów' to align with the glossary and ensure internal consistency.",
    "updated_sentence": "Osoby potrzebujące większego bagażnika mogą rozważyć Peugeota 3008 od tego samego dostawcy, z ręczną skrzynią biegów, w cenie od 43 € za dobę.",
    "severity": "Minor",
    "score_deduction": 1,
    "source_file": "2026-2027-pl-car-hire-city-06.docx",
    "url": "https://www.skyscanner.pl/wynajem-samochodow-w/wynajem-samochodow-w-lizbona/27544072.html",
    "candidate": "https://www.skyscanner.pl/wynajem-samochodow-w/wynajem-samochodow-w-lizbona/27544072.html"
  },
  {
    "text": "W Lizbonie dostępnych jest sześciu dostawców wypożyczalni samochodów.",
    "issue": "The phrase 'dostawców wypożyczalni samochodów' is redundant, as 'wypożyczalnia samochodów' (car rental company) is already a provider.",
    "type_of_issue": "Style",
    "solution": "Remove the redundant word 'dostawców' and update the numeral's grammatical case to 'sześć' to agree with 'wypożyczalni'.",
    "updated_sentence": "W Lizbonie dostępnych jest sześć wypożyczalni samochodów.",
    "severity": "Minor",
    "score_deduction": 1,
    "source_file": "2026-2027-pl-car-hire-city-06.docx",
    "url": "https://www.skyscanner.pl/wynajem-samochodow-w/wynajem-samochodow-w-lizbona/27544072.html",
    "candidate": "https://www.skyscanner.pl/wynajem-samochodow-w/wynajem-samochodow-w-lizbona/27544072.html"
  },
  {
    "text": "Opłaty pobierane są w tradycyjnych punktach poboru lub, na elektronicznych trasach „Via Verde”, wyłącznie za pomocą kamer i przedpłaconych transponderów, bez możliwości płatności gotówką.",
    "issue": "The sentence contains superfluous commas around the phrase 'na elektronicznych trasach „Via Verde”', which disrupts the grammatical flow of the sentence.",
    "type_of_issue": "Punctuation/Spelling/Typos",
    "solution": "Remove the unnecessary commas before and after the phrase 'na elektronicznych trasach „Via Verde”' to correct the sentence structure.",
    "updated_sentence": "Opłaty pobierane są w tradycyjnych punktach poboru lub na elektronicznych trasach „Via Verde” wyłącznie za pomocą kamer i przedpłaconych transponderów, bez możliwości płatności gotówką.",
    "severity": "Minor",
    "score_deduction": 1,
    "source_file": "2026-2027-pl-car-hire-city-06.docx",
    "url": "https://www.skyscanner.pl/wynajem-samochodow-w/wynajem-samochodow-w-lizbona/27544072.html",
    "candidate": "https://www.skyscanner.pl/wynajem-samochodow-w/wynajem-samochodow-w-lizbona/27544072.html"
  },
  {
    "text": "Najniższe stawki pojawiają się zwykle w listopadzie, więc warto zaplanować podróż na ten miesiąc, jeśli zależy ci na oszczędności.",
    "issue": "The direct-address pronoun 'ci' is not capitalized, which violates the mandatory style guide rule.",
    "type_of_issue": "Compliance",
    "solution": "Capitalize the pronoun to 'Ci' as required by the Polish style guide for direct address.",
    "updated_sentence": "Najniższe stawki pojawiają się zwykle w listopadzie, więc warto zaplanować podróż na ten miesiąc, jeśli zależy Ci na oszczędności.",
    "severity": "Minor",
    "score_deduction": 1,
    "source_file": "2026-2027-pl-car-hire-city-06.docx",
    "url": "https://www.skyscanner.pl/wynajem-samochodow-w/wynajem-samochodow-w-brindisi/27538714.html",
    "candidate": "https://www.skyscanner.pl/wynajem-samochodow-w/wynajem-samochodow-w-brindisi/27538714.html"
  },
  {
    "text": "W Brindisi dostępnych jest sześciu wypożyczalni samochodów.",
    "issue": "The numeral 'sześciu' (genitive case) is used incorrectly; the structure 'jest + numeral' requires the nominative case 'sześć'.",
    "type_of_issue": "Grammar",
    "solution": "Change the numeral 'sześciu' to its correct nominative form 'sześć'.",
    "updated_sentence": "W Brindisi dostępnych jest sześć wypożyczalni samochodów.",
    "severity": "Minor",
    "score_deduction": 1,
    "source_file": "2026-2027-pl-car-hire-city-06.docx",
    "url": "https://www.skyscanner.pl/wynajem-samochodow-w/wynajem-samochodow-w-brindisi/27538714.html",
    "candidate": "https://www.skyscanner.pl/wynajem-samochodow-w/wynajem-samochodow-w-brindisi/27538714.html"
  },
  {
    "text": "Jeśli twoje prawo jazdy zostało wydane poza obszarem Unii Europejskiej lub Europejskiego Obszaru Gospodarczego, wymagane jest międzynarodowe prawo jazdy.",
    "issue": "The direct-address possessive pronoun 'twoje' is not capitalized, which violates the style guide rule to capitalize pronouns of address.",
    "type_of_issue": "Compliance",
    "solution": "Capitalize the pronoun 'twoje' to 'Twoje' to comply with the project's direct address rules.",
    "updated_sentence": "Jeśli Twoje prawo jazdy zostało wydane poza obszarem Unii Europejskiej lub Europejskiego Obszaru Gospodarczego, wymagane jest międzynarodowe prawo jazdy.",
    "severity": "Minor",
    "score_deduction": 1,
    "source_file": "2026-2027-pl-car-hire-city-06.docx",
    "url": "https://www.skyscanner.pl/wynajem-samochodow-w/wynajem-samochodow-w-brindisi/27538714.html",
    "candidate": "https://www.skyscanner.pl/wynajem-samochodow-w/wynajem-samochodow-w-brindisi/27538714.html"
  },
  {
    "text": "Porównując oferty różnych wypożyczalni, łatwiej dopasujesz auto do swoich potrzeb i budżetu.",
    "issue": "The form of address is inconsistent with the rest of the paragraph, which uses impersonal constructions.",
    "type_of_issue": "Compliance",
    "solution": "Change the verb to the impersonal infinitive form 'dopasować' to match the impersonal tone of the surrounding sentences.",
    "updated_sentence": "Porównując oferty różnych wypożyczalni, łatwiej dopasować auto do swoich potrzeb i budżetu.",
    "severity": "Minor",
    "score_deduction": 1,
    "source_file": "2026-2027-pl-car-hire-city-06.docx",
    "url": "https://www.skyscanner.pl/wynajem-samochodow-w/wynajem-samochodow-w-balice/38835007.html",
    "candidate": "https://www.skyscanner.pl/wynajem-samochodow-w/wynajem-samochodow-w-balice/38835007.html"
  },
  {
    "text": "Odbiór na lotnisku wypada zwykle taniej niż w centrum, więc jeśli zależy Ci na niższej stawce dziennej, warto rozważyć tę lokalizację.",
    "issue": "The direct-address pronoun 'Ci' is not capitalized, which violates the locale-specific style guide rule to capitalize such pronouns.",
    "type_of_issue": "Compliance",
    "solution": "Capitalize the direct-address pronoun 'Ci' as required by the style guide.",
    "updated_sentence": "Odbiór na lotnisku wypada zwykle taniej niż w centrum, więc jeśli zależy Ci na niższej stawce dziennej, warto rozważyć tę lokalizację.",
    "severity": "Minor",
    "score_deduction": 1,
    "source_file": "2026-2027-pl-car-hire-city-06.docx",
    "url": "https://www.skyscanner.pl/wynajem-samochodow-w/wynajem-samochodow-w-balice/38835007.html",
    "candidate": "https://www.skyscanner.pl/wynajem-samochodow-w/wynajem-samochodow-w-balice/38835007.html"
  },
  {
    "text": "W Balicach dostępnych jest sześciu wypożyczalni samochodów.",
    "issue": "The numeral 'sześciu' is incorrectly declined. The nominative form 'sześć' is required for the non-masculine-personal noun 'wypożyczalni'.",
    "type_of_issue": "Grammar",
    "solution": "Change the numeral 'sześciu' to its correct form 'sześć'.",
    "updated_sentence": "W Balicach dostępnych jest sześć wypożyczalni samochodów.",
    "severity": "Minor",
    "score_deduction": 1,
    "source_file": "2026-2027-pl-car-hire-city-06.docx",
    "url": "https://www.skyscanner.pl/wynajem-samochodow-w/wynajem-samochodow-w-balice/38835007.html",
    "candidate": "https://www.skyscanner.pl/wynajem-samochodow-w/wynajem-samochodow-w-balice/38835007.html"
  },
  {
    "text": "Ceny wynajmu zaczynają się od 207 zł za dzień.",
    "issue": "The currency 'zł' (Polish Złoty) is incorrectly used for a service in Menorca, Spain, where the local currency is the Euro.",
    "type_of_issue": "Accuracy",
    "solution": "Replace the currency 'zł' with '€' to reflect the correct local currency.",
    "updated_sentence": "Ceny wynajmu zaczynają się od 207 € za dzień.",
    "severity": "Major",
    "score_deduction": 3,
    "source_file": "2026-2027-pl-car-hire-city-06.docx",
    "url": "https://www.skyscanner.pl/wynajem-samochodow-w/wynajem-samochodow-w-minorka/222383696.html",
    "candidate": "https://www.skyscanner.pl/wynajem-samochodow-w/wynajem-samochodow-w-minorka/222383696.html"
  },
  {
    "text": "Jeśli wolisz automatyczną skrzynię, dostępny jest SEAT Leon od Klasswagen.com w cenie od 78 zł za dobę.",
    "issue": "The provider's brand name 'Klasswagen.com' is misspelled and includes a domain extension; the correct name is 'Klass Wagen'.",
    "type_of_issue": "Compliance",
    "solution": "Correct the brand name to 'Klass Wagen' by adding a space and removing the '.com'.",
    "updated_sentence": "Jeśli wolisz automatyczną skrzynię, dostępny jest SEAT Leon od Klass Wagen w cenie od 78 zł za dobę.",
    "severity": "Minor",
    "score_deduction": 1,
    "source_file": "2026-2027-pl-car-hire-city-06.docx",
    "url": "https://www.skyscanner.pl/wynajem-samochodow-w/wynajem-samochodow-w-faro/27541630.html",
    "candidate": "https://www.skyscanner.pl/wynajem-samochodow-w/wynajem-samochodow-w-faro/27541630.html"
  },
  {
    "text": "Wiele autostrad jest płatnych, a opłaty pobiera się w tradycyjnych punktach poboru lub, na drogach elektronicznych „Via Verde”, wyłącznie za pomocą kamer i opłaconych z góry transponderów.",
    "issue": "The parenthetical commas around the phrase 'na drogach elektronicznych „Via Verde”' are grammatically incorrect, as the phrase is a direct alternative linked by the conjunction 'lub' and not an aside.",
    "type_of_issue": "Punctuation/Spelling/Typos",
    "solution": "Remove the commas surrounding the phrase to restore the correct parallel structure.",
    "updated_sentence": "Wiele autostrad jest płatnych, a opłaty pobiera się w tradycyjnych punktach poboru lub na drogach elektronicznych „Via Verde” wyłącznie za pomocą kamer i opłaconych z góry transponderów.",
    "severity": "Minor",
    "score_deduction": 1,
    "source_file": "2026-2027-pl-car-hire-city-06.docx",
    "url": "https://www.skyscanner.pl/wynajem-samochodow-w/wynajem-samochodow-w-faro/27541630.html",
    "candidate": "https://www.skyscanner.pl/wynajem-samochodow-w/wynajem-samochodow-w-faro/27541630.html"
  },
  {
    "text": "W Cagliari dostępnych jest sześciu wypożyczających samochody.",
    "issue": "Incorrect grammatical agreement. The masculine personal numeral 'sześciu' and the participle 'wypożyczających' are used to refer to companies, which is grammatically incorrect for inanimate entities. The non-personal form should be used. This incorrect pattern also appears later in the paragraph ('wielu wypożyczających').",
    "type_of_issue": "Grammar",
    "solution": "Change the numeral to the non-personal form 'sześć' and use the more appropriate noun 'wypożyczalni' (rental companies) for clarity and correctness.",
    "updated_sentence": "W Cagliari dostępnych jest sześć wypożyczalni samochodów.",
    "severity": "Minor",
    "score_deduction": 1,
    "source_file": "2026-2027-pl-car-hire-city-06.docx",
    "url": "https://www.skyscanner.pl/wynajem-samochodow-w/wynajem-samochodow-w-cagliari/27539679.html",
    "candidate": "https://www.skyscanner.pl/wynajem-samochodow-w/wynajem-samochodow-w-cagliari/27539679.html"
  },
  {
    "text": "Hyundai i20 z ręczną skrzynią biegów oferuje firma CARFREE w cenie od 121 zł za dobę.",
    "issue": "The brand name 'CARFREE' is incorrectly capitalized; the official styling is 'CarFree'.",
    "type_of_issue": "Compliance",
    "solution": "Correct the capitalization of the brand name to 'CarFree'.",
    "updated_sentence": "Hyundai i20 z ręczną skrzynią biegów oferuje firma CarFree w cenie od 121 zł za dobę.",
    "severity": "Minor",
    "score_deduction": 1,
    "source_file": "2026-2027-pl-car-hire-city-06.docx",
    "url": "https://www.skyscanner.pl/wynajem-samochodow-w/wynajem-samochodow-w-szczytno/27547116.html",
    "candidate": "https://www.skyscanner.pl/wynajem-samochodow-w/wynajem-samochodow-w-szczytno/27547116.html"
  },
  {
    "text": "Jeśli potrzebujesz więcej miejsca na bagaż, CARFREE udostępnia Forda Transit Passenger z ręczną skrzynią biegów od 227 zł za dobę.",
    "issue": "The brand name 'CARFREE' is incorrectly capitalized; the official styling is 'CarFree'.",
    "type_of_issue": "Compliance",
    "solution": "Correct the capitalization of the brand name to 'CarFree'.",
    "updated_sentence": "Jeśli potrzebujesz więcej miejsca na bagaż, CarFree udostępnia Forda Transit Passenger z ręczną skrzynią biegów od 227 zł za dobę.",
    "severity": "Minor",
    "score_deduction": 1,
    "source_file": "2026-2027-pl-car-hire-city-06.docx",
    "url": "https://www.skyscanner.pl/wynajem-samochodow-w/wynajem-samochodow-w-szczytno/27547116.html",
    "candidate": "https://www.skyscanner.pl/wynajem-samochodow-w/wynajem-samochodow-w-szczytno/27547116.html"
  },
  {
    "text": "Samochód w Szczytnie odbierzesz przede wszystkim na Lotnisku Olsztyn-Mazury, gdzie działa kilka wypożyczalni obsługujących pasażerów przylatujących do regionu. To najczęstszy punkt odbioru dla osób podróżujących samolotem. Alternatywą pozostaje wynajem w samym centrum Szczytna, jeśli zaczynasz podróż w mieście. Odbiór na lotnisku bywa zbliżony cenowo do odbioru w centrum, więc lokalizacja nie musi decydować o kosztach. Auto możesz odebrać zaraz po przylocie i ruszyć w kierunku Szczytna lub okolicznych miejscowości bez przesiadek.",
    "issue": "The single paragraph combines several distinct ideas (airport pickup, city center alternative, cost comparison), which harms scannability for users.",
    "type_of_issue": "Style",
    "solution": "Split the text into shorter, more focused paragraphs to improve readability.",
    "updated_sentence": "Samochód w Szczytnie odbierzesz przede wszystkim na Lotnisku Olsztyn-Mazury, gdzie działa kilka wypożyczalni obsługujących pasażerów przylatujących do regionu. To najczęstszy punkt odbioru dla osób podróżujących samolotem.\n\nAlternatywą pozostaje wynajem w samym centrum Szczytna, jeśli zaczynasz podróż w mieście. Odbiór na lotnisku bywa zbliżony cenowo do odbioru w centrum, więc lokalizacja nie musi decydować o kosztach.\n\nAuto możesz odebrać zaraz po przylocie i ruszyć w kierunku Szczytna lub okolicznych miejscowości bez przesiadek.",
    "severity": "Minor",
    "score_deduction": 1,
    "source_file": "2026-2027-pl-car-hire-city-06.docx",
    "url": "https://www.skyscanner.pl/wynajem-samochodow-w/wynajem-samochodow-w-szczytno/27547116.html",
    "candidate": "https://www.skyscanner.pl/wynajem-samochodow-w/wynajem-samochodow-w-szczytno/27547116.html"
  },
  {
    "text": "Wynajem samochodu w Bukareszcie zaczyna się od 45 zł, przy średniej rocznej cenie wynoszącej 246 zł. Najniższe stawki pojawiają się w styczniu, więc jeśli masz elastyczne plany, warto rozważyć podróż w tym miesiącu. Rezerwację składaj z 4-tygodniowym wyprzedzeniem, co zwiększa szansę na korzystniejszą ofertę. Porównując dostępne opcje w Skyscanner, sprawdzisz różne firmy i modele w jednym miejscu. Zwróć uwagę na warunki najmu oraz zawarte ubezpieczenie, aby dopasować pojazd do swoich potrzeb i przewidywanego dystansu.",
    "issue": "The single paragraph contains multiple distinct ideas (pricing, timing, booking process, final checks), which makes it dense and harder to scan.",
    "type_of_issue": "Style",
    "solution": "Split the text into three separate paragraphs, each focusing on a specific topic, to improve readability and structure.",
    "updated_sentence": "Wynajem samochodu w Bukareszcie zaczyna się od 45 zł, przy średniej rocznej cenie wynoszącej 246 zł. Najniższe stawki pojawiają się w styczniu, więc jeśli masz elastyczne plany, warto rozważyć podróż w tym miesiącu.\n\nRezerwację składaj z 4-tygodniowym wyprzedzeniem, co zwiększa szansę na korzystniejszą ofertę. Porównując dostępne opcje w Skyscanner, sprawdzisz różne firmy i modele w jednym miejscu.\n\nZwróć uwagę na warunki najmu oraz zawarte ubezpieczenie, aby dopasować pojazd do swoich potrzeb i przewidywanego dystansu.",
    "severity": "Minor",
    "score_deduction": 1,
    "source_file": "2026-2027-pl-car-hire-city-06.docx",
    "url": "https://www.skyscanner.pl/wynajem-samochodow-w/wynajem-samochodow-w-bukareszt/27545262.html",
    "candidate": "https://www.skyscanner.pl/wynajem-samochodow-w/wynajem-samochodow-w-bukareszt/27545262.html"
  },
  {
    "text": "W Rumunii ruch odbywa się prawą stroną. Na autostradach obowiązuje limit 130 km/h, a na drogach ekspresowych 120 km/h, przy czym na odcinkach górskich prędkość spada do 80 km/h. Poza terenem zabudowanym możesz jechać 90 km/h, natomiast na drogach oznaczonych jako trasy europejskie limit wynosi 100 km/h. W obszarach zabudowanych obowiązuje 50 km/h, a w wybranych miejscach nawet 25 km/h. Korzystanie z dróg krajowych, ekspresowych i autostrad wymaga elektronicznej winiety (rovinieta) powiązanej z numerem rejestracyjnym i sprawdzanej przez kamery.",
    "issue": "A single paragraph combines multiple distinct topics (driving side, speed limits, vignette requirements), which negatively impacts scannability and readability.",
    "type_of_issue": "Style",
    "solution": "Split the text into two separate paragraphs to group related information and improve content structure.",
    "updated_sentence": "W Rumunii ruch odbywa się prawą stroną. Na autostradach obowiązuje limit 130 km/h, a na drogach ekspresowych 120 km/h, przy czym na odcinkach górskich prędkość spada do 80 km/h. Poza terenem zabudowanym możesz jechać 90 km/h, natomiast na drogach oznaczonych jako trasy europejskie limit wynosi 100 km/h. W obszarach zabudowanych obowiązuje 50 km/h, a w wybranych miejscach nawet 25 km/h.\n\nKorzystanie z dróg krajowych, ekspresowych i autostrad wymaga elektronicznej winiety (rovinieta) powiązanej z numerem rejestracyjnym i sprawdzanej przez kamery.",
    "severity": "Minor",
    "score_deduction": 1,
    "source_file": "2026-2027-pl-car-hire-city-06.docx",
    "url": "https://www.skyscanner.pl/wynajem-samochodow-w/wynajem-samochodow-w-bukareszt/27545262.html",
    "candidate": "https://www.skyscanner.pl/wynajem-samochodow-w/wynajem-samochodow-w-bukareszt/27545262.html"
  },
  {
    "text": "Rezerwacja z wyprzedzeniem 1 tydzień wcześniej pozwala trafić na lepsze ceny.",
    "issue": "The phrase 'z wyprzedzeniem ... wcześniej' is redundant, and the noun 'tydzień' is in the incorrect grammatical case for this construction.",
    "type_of_issue": "Grammar",
    "solution": "Remove the redundancy and use the correct adjectival form 'z tygodniowym wyprzedzeniem' for natural, grammatically correct phrasing.",
    "updated_sentence": "Rezerwacja z tygodniowym wyprzedzeniem pozwala trafić na lepsze ceny.",
    "severity": "Minor",
    "score_deduction": 1,
    "source_file": "2026-2027-pl-car-hire-city-06.docx",
    "url": "https://www.skyscanner.pl/wynajem-samochodow-w/wynajem-samochodow-w-piza/27546040.html",
    "candidate": "https://www.skyscanner.pl/wynajem-samochodow-w/wynajem-samochodow-w-piza/27546040.html"
  },
  {
    "text": "Volkswagen Up! od ECH, również z ręczną skrzynią, kosztuje od 130 zł za dobę.",
    "issue": "The car model name 'Up!' is capitalized, but the official brand name is lowercase 'up!'.",
    "type_of_issue": "Compliance",
    "solution": "Change the capitalization of the car model name to lowercase 'up!' to align with official branding.",
    "updated_sentence": "Volkswagen up! od ECH, również z ręczną skrzynią, kosztuje od 130 zł za dobę.",
    "severity": "Minor",
    "score_deduction": 1,
    "source_file": "2026-2027-pl-car-hire-city-06.docx",
    "url": "https://www.skyscanner.pl/wynajem-samochodow-w/wynajem-samochodow-w-piza/27546040.html",
    "candidate": "https://www.skyscanner.pl/wynajem-samochodow-w/wynajem-samochodow-w-piza/27546040.html"
  },
  {
    "text": "W Pizie dostępnych jest sześciu dostawców wypożyczalni samochodów.",
    "issue": "The phrase \"dostawców wypożyczalni samochodów\" (providers of car rental companies) is redundant, as a 'provider' is the 'rental company' in this context. This construction is stylistically awkward.",
    "type_of_issue": "Style",
    "solution": "Rephrase to remove the redundancy by stating that there are six car rental companies.",
    "updated_sentence": "W Pizie działa sześć wypożyczalni samochodów.",
    "severity": "Minor",
    "score_deduction": 1,
    "source_file": "2026-2027-pl-car-hire-city-06.docx",
    "url": "https://www.skyscanner.pl/wynajem-samochodow-w/wynajem-samochodow-w-piza/27546040.html",
    "candidate": "https://www.skyscanner.pl/wynajem-samochodow-w/wynajem-samochodow-w-piza/27546040.html"
  },
  {
    "text": "Ofertę ze skrzynią ręczną znajdziesz u Alamo, gdzie ceny zaczynają się od 167 zł za dobę. Nieco droższą propozycję z tą samą skrzynią przygotowało Alamo, od 181 zł za dobę.",
    "issue": "The text presents two different starting prices from the same provider (Alamo) for the same transmission type (manual) without any context, which is redundant and confusing for the reader.",
    "type_of_issue": "Style",
    "solution": "Remove the second, more expensive and confusing offer from the same provider to improve clarity and logical flow.",
    "updated_sentence": "Ofertę ze skrzynią ręczną znajdziesz u Alamo, gdzie ceny zaczynają się od 167 zł za dobę.",
    "severity": "Major",
    "score_deduction": 3,
    "source_file": "2026-2027-pl-car-hire-city-06.docx",
    "url": "https://www.skyscanner.pl/wynajem-samochodow-w/wynajem-samochodow-w-kutaisi/27543929.html",
    "candidate": "https://www.skyscanner.pl/wynajem-samochodow-w/wynajem-samochodow-w-kutaisi/27543929.html"
  },
  {
    "text": "Odbiór na dworcu kolejowym Kutaisi I Railway Station wiąże się zwykle z wyższą stawką dzienną niż pozostałe miejsca.",
    "issue": "The Polish descriptor 'dworcu kolejowym' (railway station) is redundant, as the English equivalent 'Railway Station' is already part of the proper name.",
    "type_of_issue": "Style",
    "solution": "Remove the redundant English term 'Railway Station' from the proper name.",
    "updated_sentence": "Odbiór na dworcu kolejowym Kutaisi I wiąże się zwykle z wyższą stawką dzienną niż pozostałe miejsca.",
    "severity": "Minor",
    "score_deduction": 1,
    "source_file": "2026-2027-pl-car-hire-city-06.docx",
    "url": "https://www.skyscanner.pl/wynajem-samochodow-w/wynajem-samochodow-w-kutaisi/27543929.html",
    "candidate": "https://www.skyscanner.pl/wynajem-samochodow-w/wynajem-samochodow-w-kutaisi/27543929.html"
  },
  {
    "text": "Minimalny wiek wynajmu wynosi 21 lat, a niektórzy dostawcy doliczają opłatę dla młodych kierowców poniżej 25. roku życia. Kierować pojazdem możesz od 18. roku życia.",
    "issue": "The text presents conflicting information by stating the minimum rental age is 21, then immediately adding that the legal driving age is 18, which is confusing and irrelevant in the context of car rental requirements.",
    "type_of_issue": "Accuracy",
    "solution": "Remove the sentence about the general legal driving age to eliminate the contradiction with the specific rental age requirement.",
    "updated_sentence": "Minimalny wiek wynajmu wynosi 21 lat, a niektórzy dostawcy doliczają opłatę dla młodych kierowców poniżej 25. roku życia.",
    "severity": "Major",
    "score_deduction": 3,
    "source_file": "2026-2027-pl-car-hire-city-06.docx",
    "url": "https://www.skyscanner.pl/wynajem-samochodow-w/wynajem-samochodow-w-kutaisi/27543929.html",
    "candidate": "https://www.skyscanner.pl/wynajem-samochodow-w/wynajem-samochodow-w-kutaisi/27543929.html"
  },
  {
    "text": "Międzynarodowe prawo jazdy jest wymagane od wszystkich posiadaczy zagranicznych dokumentów i niezbędne w przypadku praw jazdy zapisanych alfabetem innym niż łaciński.",
    "issue": "The sentence structure is ambiguous; it first states an International Driving Permit is required for all foreigners, then clarifies it is essential for non-Latin script licenses, making the actual rule unclear.",
    "type_of_issue": "Style",
    "solution": "Rewrite the sentence to remove the ambiguity and clearly state the specific condition under which an International Driving Permit is required.",
    "updated_sentence": "Międzynarodowe prawo jazdy jest wymagane w przypadku praw jazdy zapisanych alfabetem innym niż łaciński.",
    "severity": "Major",
    "score_deduction": 3,
    "source_file": "2026-2027-pl-car-hire-city-06.docx",
    "url": "https://www.skyscanner.pl/wynajem-samochodow-w/wynajem-samochodow-w-kutaisi/27543929.html",
    "candidate": "https://www.skyscanner.pl/wynajem-samochodow-w/wynajem-samochodow-w-kutaisi/27543929.html"
  },
  {
    "text": "Opłaty drogowe pobierane są tylko na wybranych odcinkach, na przykład w tunelu Rikoti na autostradzie wschód–zachód.",
    "issue": "A hyphen-minus (-) was used instead of an en dash (–) to connect two words, which is contrary to Polish typographical rules.",
    "type_of_issue": "Punctuation/Spelling/Typos",
    "solution": "Replace the hyphen-minus with the correct en dash (–).",
    "updated_sentence": "Opłaty drogowe pobierane są tylko na wybranych odcinkach, na przykład w tunelu Rikoti na autostradzie wschód–zachód.",
    "severity": "Minor",
    "score_deduction": 1,
    "source_file": "2026-2027-pl-car-hire-city-06.docx",
    "url": "https://www.skyscanner.pl/wynajem-samochodow-w/wynajem-samochodow-w-kutaisi/27543929.html",
    "candidate": "https://www.skyscanner.pl/wynajem-samochodow-w/wynajem-samochodow-w-kutaisi/27543929.html"
  },
  {
    "text": "Odbiór na lotnisku zwykle jest tańszy niż odbiór w centrum miasta, więc jeśli zależy ci na niższej stawce, warto rozważyć start właśnie stamtąd.",
    "issue": "The direct-address pronoun 'ci' is not capitalized, which violates the Polish style guide's requirement to capitalize such pronouns.",
    "type_of_issue": "Compliance",
    "solution": "Capitalize the pronoun 'ci' to 'Ci' to comply with the direct address rules.",
    "updated_sentence": "Odbiór na lotnisku zwykle jest tańszy niż odbiór w centrum miasta, więc jeśli zależy Ci na niższej stawce, warto rozważyć start właśnie stamtąd.",
    "severity": "Minor",
    "score_deduction": 1,
    "source_file": "2026-2027-pl-car-hire-city-07.docx",
    "url": "https://www.skyscanner.pl/wynajem-samochodow-w/wynajem-samochodow-w-rijeka/27546174.html",
    "candidate": "https://www.skyscanner.pl/wynajem-samochodow-w/wynajem-samochodow-w-rijeka/27546174.html"
  },
  {
    "text": "W Rijece dostępnych jest sześciu wypożyczalni samochodów.",
    "issue": "The numeral 'sześciu' is incorrectly declined for the noun 'wypożyczalni'. The correct form is 'sześć'.",
    "type_of_issue": "Grammar",
    "solution": "Change the numeral 'sześciu' to the correct form 'sześć'.",
    "updated_sentence": "W Rijece dostępnych jest sześć wypożyczalni samochodów.",
    "severity": "Minor",
    "score_deduction": 1,
    "source_file": "2026-2027-pl-car-hire-city-07.docx",
    "url": "https://www.skyscanner.pl/wynajem-samochodow-w/wynajem-samochodow-w-rijeka/27546174.html",
    "candidate": "https://www.skyscanner.pl/wynajem-samochodow-w/wynajem-samochodow-w-rijeka/27546174.html"
  },
  {
    "text": "Do wynajmu potrzebujesz ważnego paszportu lub dowodu osobistego oraz prawa jazdy.",
    "issue": "The text switches from an impersonal tone to a direct address ('potrzebujesz'), which creates an inconsistent voice within the paragraph.",
    "type_of_issue": "Compliance",
    "solution": "Rewrite the sentence using an impersonal form to maintain a consistent tone.",
    "updated_sentence": "Do wynajmu potrzebny jest ważny paszport lub dowód osobisty oraz prawo jazdy.",
    "severity": "Minor",
    "score_deduction": 1,
    "source_file": "2026-2027-pl-car-hire-city-07.docx",
    "url": "https://www.skyscanner.pl/wynajem-samochodow-w/wynajem-samochodow-w-rijeka/27546174.html",
    "candidate": "https://www.skyscanner.pl/wynajem-samochodow-w/wynajem-samochodow-w-rijeka/27546174.html"
  },
  {
    "text": "Wynajem samochodu w Palma de Mallorca zaczyna się od 22 zł, przy średniej rocznej na poziomie 226 zł.",
    "issue": "The text incorrectly uses the Polish Złoty (zł) for a service located in Palma de Mallorca, Spain, where the official currency is the Euro (€).",
    "type_of_issue": "Accuracy",
    "solution": "Change the currency symbol from 'zł' to '€' in both instances to reflect the correct currency for the location.",
    "updated_sentence": "Wynajem samochodu w Palma de Mallorca zaczyna się od 22 €, przy średniej rocznej na poziomie 226 €.",
    "severity": "Major",
    "score_deduction": 3,
    "source_file": "2026-2027-pl-car-hire-city-07.docx",
    "url": "https://www.skyscanner.pl/wynajem-samochodow-w/wynajem-samochodow-w-palma-de-mallorca/27545988.html",
    "candidate": "https://www.skyscanner.pl/wynajem-samochodow-w/wynajem-samochodow-w-palma-de-mallorca/27545988.html"
  },
  {
    "text": "Do najczęściej wybieranych należą Goldcar, Green Motion oraz NIZACARS, przy czym największą popularnością cieszy się Goldcar.",
    "issue": "The brand name 'NIZACARS' is incorrectly capitalized in all caps.",
    "type_of_issue": "Compliance",
    "solution": "Change the capitalization of 'NIZACARS' to 'Nizacars' to align with standard brand presentation.",
    "updated_sentence": "Do najczęściej wybieranych należą Goldcar, Green Motion oraz Nizacars, przy czym największą popularnością cieszy się Goldcar.",
    "severity": "Minor",
    "score_deduction": 1,
    "source_file": "2026-2027-pl-car-hire-city-07.docx",
    "url": "https://www.skyscanner.pl/wynajem-samochodow-w/wynajem-samochodow-w-palma-de-mallorca/27545988.html",
    "candidate": "https://www.skyscanner.pl/wynajem-samochodow-w/wynajem-samochodow-w-palma-de-mallorca/27545988.html"
  },
  {
    "text": "Wśród dostępnych ofert firma ABBYCAR proponuje Hyundai i10 z ręczną skrzynią biegów od 103 zł za dobę oraz Suzuki Swift, również z manualną skrzynią, od 104 zł za dobę.",
    "issue": "The brand name 'ABBYCAR' uses incorrect all-caps casing, and the text uses inconsistent terminology ('ręczną' and 'manualną') for 'manual transmission', where the glossary specifies 'ręczna'.",
    "type_of_issue": "Compliance",
    "solution": "Correct the brand name casing to 'Abbycar' and use the consistent, glossary-aligned term 'ręczną' for 'manual transmission'.",
    "updated_sentence": "Wśród dostępnych ofert firma Abbycar proponuje Hyundai i10 z ręczną skrzynią biegów od 103 zł za dobę oraz Suzuki Swift, również z ręczną skrzynią, od 104 zł za dobę.",
    "severity": "Minor",
    "score_deduction": 1,
    "source_file": "2026-2027-pl-car-hire-city-07.docx",
    "url": "https://www.skyscanner.pl/wynajem-samochodow-w/wynajem-samochodow-w-heraklion/27542028.html",
    "candidate": "https://www.skyscanner.pl/wynajem-samochodow-w/wynajem-samochodow-w-heraklion/27542028.html"
  },
  {
    "text": "Do najczęściej wybieranych należą Astralis, Centauro oraz ABBYCAR, przy czym największą popularnością cieszy się Astralis.",
    "issue": "The brand name 'ABBYCAR' is written in all-caps, which is inconsistent with the other brand names in the list ('Astralis', 'Centauro') that use Title Case.",
    "type_of_issue": "Compliance",
    "solution": "Change 'ABBYCAR' to 'AbbyCar' to align with standard brand name formatting and ensure consistency within the sentence.",
    "updated_sentence": "Do najczęściej wybieranych należą Astralis, Centauro oraz AbbyCar, przy czym największą popularnością cieszy się Astralis.",
    "severity": "Minor",
    "score_deduction": 1,
    "source_file": "2026-2027-pl-car-hire-city-07.docx",
    "url": "https://www.skyscanner.pl/wynajem-samochodow-w/wynajem-samochodow-w-heraklion/27542028.html",
    "candidate": "https://www.skyscanner.pl/wynajem-samochodow-w/wynajem-samochodow-w-heraklion/27542028.html"
  },
  {
    "text": "Opłaty naliczane są na podstawie przejechanego dystansu i wnosisz je w punktach poboru gotówką, kartą lub za pomocą elektronicznych transponderów.",
    "issue": "The sentence incorrectly joins a clause in the passive voice ('naliczane są') with a clause in the active, direct-address voice ('wnosisz'), creating a non-parallel and grammatically flawed structure.",
    "type_of_issue": "Grammar",
    "solution": "Split the sentence into two to separate the description of the system's function (passive) from the user's action (active), ensuring grammatical consistency.",
    "updated_sentence": "Opłaty naliczane są na podstawie przejechanego dystansu. Wnosisz je w punktach poboru gotówką, kartą lub za pomocą elektronicznych transponderów.",
    "severity": "Minor",
    "score_deduction": 1,
    "source_file": "2026-2027-pl-car-hire-city-07.docx",
    "url": "https://www.skyscanner.pl/wynajem-samochodow-w/wynajem-samochodow-w-heraklion/27542028.html",
    "candidate": "https://www.skyscanner.pl/wynajem-samochodow-w/wynajem-samochodow-w-heraklion/27542028.html"
  },
  {
    "text": "Jeśli potrzebujesz więcej przestrzeni, Volkswagen Transporter 6.1 Kombi od Alamo dostępny jest od 297 zł za dobę.",
    "issue": "The car body type \"Kombi\" is incorrectly capitalized. As a common noun derived from the glossary term \"wagon\", it should be in lowercase.",
    "type_of_issue": "Compliance",
    "solution": "Change the capitalization of \"Kombi\" to lowercase \"kombi\".",
    "updated_sentence": "Jeśli potrzebujesz więcej przestrzeni, Volkswagen Transporter 6.1 kombi od Alamo dostępny jest od 297 zł za dobę.",
    "severity": "Minor",
    "score_deduction": 1,
    "source_file": "2026-2027-pl-car-hire-city-07.docx",
    "url": "https://www.skyscanner.pl/wynajem-samochodow-w/wynajem-samochodow-w-oslo/27538634.html",
    "candidate": "https://www.skyscanner.pl/wynajem-samochodow-w/wynajem-samochodow-w-oslo/27538634.html"
  },
  {
    "text": "W Oslo dostępnych jest sześciu wypożyczających samochody.",
    "issue": "The text uses the masculine personal form \"sześciu wypożyczających\", which refers to six male individuals, while the context refers to car rental companies.",
    "type_of_issue": "Accuracy",
    "solution": "Replace the masculine personal noun with the correct term for companies, \"sześć wypożyczalni\", which aligns with the glossary term for 'car hire company'.",
    "updated_sentence": "W Oslo dostępnych jest sześć wypożyczalni samochodów.",
    "severity": "Major",
    "score_deduction": 3,
    "source_file": "2026-2027-pl-car-hire-city-07.docx",
    "url": "https://www.skyscanner.pl/wynajem-samochodow-w/wynajem-samochodow-w-oslo/27538634.html",
    "candidate": "https://www.skyscanner.pl/wynajem-samochodow-w/wynajem-samochodow-w-oslo/27538634.html"
  },
  {
    "text": "Minimalny wiek wynajmu to 21 lat, choć wielu wypożyczających dolicza opłatę dla młodych kierowców poniżej 25. roku życia.",
    "issue": "The text uses the masculine personal form \"wielu wypożyczających\", which refers to multiple male individuals, while the context refers to car rental companies.",
    "type_of_issue": "Accuracy",
    "solution": "Replace the masculine personal noun with the correct term for companies, \"wiele wypożyczalni\", to maintain consistency and accuracy.",
    "updated_sentence": "Minimalny wiek wynajmu to 21 lat, choć wiele wypożyczalni dolicza opłatę dla młodych kierowców poniżej 25. roku życia.",
    "severity": "Major",
    "score_deduction": 3,
    "source_file": "2026-2027-pl-car-hire-city-07.docx",
    "url": "https://www.skyscanner.pl/wynajem-samochodow-w/wynajem-samochodow-w-oslo/27538634.html",
    "candidate": "https://www.skyscanner.pl/wynajem-samochodow-w/wynajem-samochodow-w-oslo/27538634.html"
  },
  {
    "text": "Wynajem samochodu w Nowym Jorku zaczyna się od 160 zł, podczas gdy średnia roczna cena wynosi 342 zł.",
    "issue": "The currency is stated as Polish Złoty (zł) for a car rental in New York, which is incorrect as the location uses US Dollars.",
    "type_of_issue": "Accuracy",
    "solution": "Change the currency from 'zł' to 'USD' to reflect the correct currency for the location.",
    "updated_sentence": "Wynajem samochodu w Nowym Jorku zaczyna się od 160 USD, podczas gdy średnia roczna cena wynosi 342 USD.",
    "severity": "Major",
    "score_deduction": 3,
    "source_file": "2026-2027-pl-car-hire-city-07.docx",
    "url": "https://www.skyscanner.pl/wynajem-samochodow-w/wynajem-samochodow-w-nowy-jork/27537542.html",
    "candidate": "https://www.skyscanner.pl/wynajem-samochodow-w/wynajem-samochodow-w-nowy-jork/27537542.html"
  },
  {
    "text": "Zwróć uwagę na warunki najmu, zakres ubezpieczenia oraz limity kilometrów, które wpływają na ostateczną kwotę do zapłaty.",
    "issue": "The unit of distance is mentioned as kilometers ('kilometrów'), which is incorrect for the United States, where miles are the standard unit.",
    "type_of_issue": "Compliance",
    "solution": "Change 'kilometrów' (kilometers) to 'mil' (miles) to use the correct unit of distance required for the US context.",
    "updated_sentence": "Zwróć uwagę na warunki najmu, zakres ubezpieczenia oraz limity mil, które wpływają na ostateczną kwotę do zapłaty.",
    "severity": "Major",
    "score_deduction": 3,
    "source_file": "2026-2027-pl-car-hire-city-07.docx",
    "url": "https://www.skyscanner.pl/wynajem-samochodow-w/wynajem-samochodow-w-nowy-jork/27537542.html",
    "candidate": "https://www.skyscanner.pl/wynajem-samochodow-w/wynajem-samochodow-w-nowy-jork/27537542.html"
  },
  {
    "text": "Ten sam model z automatyczną skrzynią biegów oferuje Avis w cenie od 175 zł za dobę.",
    "issue": "The currency used for car rentals in New York is PLN (zł), which is incorrect for the location; prices should be in USD ($). This pattern repeats in all subsequent price mentions.",
    "type_of_issue": "Accuracy",
    "solution": "Change the currency symbol from 'zł' to '$' to reflect the correct currency for the United States.",
    "updated_sentence": "Ten sam model z automatyczną skrzynią biegów oferuje Avis w cenie od 175 $ za dobę.",
    "severity": "Major",
    "score_deduction": 3,
    "source_file": "2026-2027-pl-car-hire-city-07.docx",
    "url": "https://www.skyscanner.pl/wynajem-samochodow-w/wynajem-samochodow-w-nowy-jork/27537542.html",
    "candidate": "https://www.skyscanner.pl/wynajem-samochodow-w/wynajem-samochodow-w-nowy-jork/27537542.html"
  },
  {
    "text": "Jeśli potrzebujesz większej przestrzeni, rozważ Honda Odyssey od Turo, również z automatyczną skrzynią, w cenie od 207 zł za dobę.",
    "issue": "The direct object of the verb \"rozważ\" (consider) is in the nominative case (\"Honda Odyssey\") instead of the required accusative case.",
    "type_of_issue": "Grammar",
    "solution": "Decline the proper noun \"Honda\" to its accusative form, \"Hondę\", to agree with the verb.",
    "updated_sentence": "Jeśli potrzebujesz większej przestrzeni, rozważ Hondę Odyssey od Turo, również z automatyczną skrzynią, w cenie od 207 $ za dobę.",
    "severity": "Minor",
    "score_deduction": 1,
    "source_file": "2026-2027-pl-car-hire-city-07.docx",
    "url": "https://www.skyscanner.pl/wynajem-samochodow-w/wynajem-samochodow-w-nowy-jork/27537542.html",
    "candidate": "https://www.skyscanner.pl/wynajem-samochodow-w/wynajem-samochodow-w-nowy-jork/27537542.html"
  },
  {
    "text": "Dostępne są też inne punkty lotniskowe, w tym Lotnisko Nowy Jork John F Kennedy oraz Lotnisko Nowy Jork-Newark.",
    "issue": "The proper name \"John F Kennedy\" is missing the standard period after the middle initial \"F\".",
    "type_of_issue": "Punctuation/Spelling/Typos",
    "solution": "Add a period after the middle initial 'F' to correctly punctuate the name as 'John F. Kennedy'.",
    "updated_sentence": "Dostępne są też inne punkty lotniskowe, w tym Lotnisko Nowy Jork John F. Kennedy oraz Lotnisko Nowy Jork-Newark.",
    "severity": "Minor",
    "score_deduction": 1,
    "source_file": "2026-2027-pl-car-hire-city-07.docx",
    "url": "https://www.skyscanner.pl/wynajem-samochodow-w/wynajem-samochodow-w-nowy-jork/27537542.html",
    "candidate": "https://www.skyscanner.pl/wynajem-samochodow-w/wynajem-samochodow-w-nowy-jork/27537542.html"
  },
  {
    "text": "Międzynarodowe prawo jazdy jest wymagane, jeśli twój dokument nie jest wydany w alfabecie łacińskim; większość zachodnich praw jazdy akceptuje się bez niego.",
    "issue": "The direct-address possessive pronoun 'twój' should be capitalized as per the style guide's rule for respectful direct address.",
    "type_of_issue": "Compliance",
    "solution": "Capitalize the pronoun 'twój' to 'Twój' to comply with the project's rules on addressing the reader.",
    "updated_sentence": "Międzynarodowe prawo jazdy jest wymagane, jeśli Twój dokument nie jest wydany w alfabecie łacińskim; większość zachodnich praw jazdy akceptuje się bez niego.",
    "severity": "Minor",
    "score_deduction": 1,
    "source_file": "2026-2027-pl-car-hire-city-07.docx",
    "url": "https://www.skyscanner.pl/wynajem-samochodow-w/wynajem-samochodow-w-nowy-jork/27537542.html",
    "candidate": "https://www.skyscanner.pl/wynajem-samochodow-w/wynajem-samochodow-w-nowy-jork/27537542.html"
  },
  {
    "text": "Na autostradach oraz drogach ekspresowych obowiązuje limit od 89 do 129 km/h, a na odcinku Texas SH-130 między I-10 a SH-45 dopuszczalne jest 137 km/h.",
    "issue": "The text only provides metric speed limits (km/h) for driving in the US, but all road signs use imperial units (mph). This omission significantly impairs the guide's practical use for a driver. This pattern repeats for all speed limits in the paragraph.",
    "type_of_issue": "Compliance",
    "solution": "Add the corresponding imperial units (mph) in parentheses after each metric value to provide necessary context for the driver.",
    "updated_sentence": "Na autostradach oraz drogach ekspresowych obowiązuje limit od 89 do 129 km/h (od 55 do 80 mph), a na odcinku Texas SH-130 między I-10 a SH-45 dopuszczalne jest 137 km/h (85 mph).",
    "severity": "Major",
    "score_deduction": 3,
    "source_file": "2026-2027-pl-car-hire-city-07.docx",
    "url": "https://www.skyscanner.pl/wynajem-samochodow-w/wynajem-samochodow-w-nowy-jork/27537542.html",
    "candidate": "https://www.skyscanner.pl/wynajem-samochodow-w/wynajem-samochodow-w-nowy-jork/27537542.html"
  },
  {
    "text": "Ceny wynajmu samochodu w Londynie zaczynają się od 27 zł, przy średniej rocznej na poziomie 273 zł.",
    "issue": "The currency symbol 'zł' (PLN) is incorrect for the location, London, where the local currency is GBP (£).",
    "type_of_issue": "Accuracy",
    "solution": "Replace the currency symbol 'zł' with '£' to match the location.",
    "updated_sentence": "Ceny wynajmu samochodu w Londynie zaczynają się od 27 £, przy średniej rocznej na poziomie 273 £.",
    "severity": "Major",
    "score_deduction": 3,
    "source_file": "2026-2027-pl-car-hire-city-07.docx",
    "url": "https://www.skyscanner.pl/wynajem-samochodow-w/wynajem-samochodow-w-londyn/27544008.html",
    "candidate": "https://www.skyscanner.pl/wynajem-samochodow-w/wynajem-samochodow-w-londyn/27544008.html"
  },
  {
    "text": "Rezerwację warto złożyć na 1 tydzień wcześniej, co pozwala trafić na korzystniejsze oferty.",
    "issue": "The preposition 'na' is used incorrectly in the time expression 'na 1 tydzień wcześniej'.",
    "type_of_issue": "Grammar",
    "solution": "Remove the preposition 'na' to form a grammatically correct time expression.",
    "updated_sentence": "Rezerwację warto złożyć 1 tydzień wcześniej, co pozwala trafić na korzystniejsze oferty.",
    "severity": "Minor",
    "score_deduction": 1,
    "source_file": "2026-2027-pl-car-hire-city-07.docx",
    "url": "https://www.skyscanner.pl/wynajem-samochodow-w/wynajem-samochodow-w-londyn/27544008.html",
    "candidate": "https://www.skyscanner.pl/wynajem-samochodow-w/wynajem-samochodow-w-londyn/27544008.html"
  },
  {
    "text": "Wśród ofert znajdziesz Peugeota 508 od firmy Sixt z automatyczną skrzynią biegów w cenie od 27 zł za dobę.",
    "issue": "The currency is incorrectly stated as Polish Złoty (zł) for services in London; the correct currency is British Pounds (£). This pattern repeats for all prices mentioned.",
    "type_of_issue": "Accuracy",
    "solution": "Change the currency symbol from 'zł' to '£' for all prices mentioned to reflect the correct currency for London.",
    "updated_sentence": "Wśród ofert znajdziesz Peugeota 508 od firmy Sixt z automatyczną skrzynią biegów w cenie od 27 £ za dobę.",
    "severity": "Major",
    "score_deduction": 3,
    "source_file": "2026-2027-pl-car-hire-city-07.docx",
    "url": "https://www.skyscanner.pl/wynajem-samochodow-w/wynajem-samochodow-w-londyn/27544008.html",
    "candidate": "https://www.skyscanner.pl/wynajem-samochodow-w/wynajem-samochodow-w-londyn/27544008.html"
  },
  {
    "text": "Minimalny wiek wynajmu to 21 lat, przy czym część firm dolicza dopłatę dla młodych kierowców poniżej 25 lat. Minimalny wiek kierowcy to 17 lat.",
    "issue": "The text states the minimum rental age is 21, but then adds that the minimum driver age is 17. This creates an internal contradiction that is highly misleading in the context of car rental, as a 17-year-old cannot rent a car.",
    "type_of_issue": "Accuracy",
    "solution": "Remove the sentence about the minimum driver age being 17 to avoid confusing the user with irrelevant and contradictory information.",
    "updated_sentence": "Minimalny wiek wynajmu to 21 lat, przy czym część firm dolicza dopłatę dla młodych kierowców poniżej 25 lat.",
    "severity": "Major",
    "score_deduction": 3,
    "source_file": "2026-2027-pl-car-hire-city-07.docx",
    "url": "https://www.skyscanner.pl/wynajem-samochodow-w/wynajem-samochodow-w-londyn/27544008.html",
    "candidate": "https://www.skyscanner.pl/wynajem-samochodow-w/wynajem-samochodow-w-londyn/27544008.html"
  },
  {
    "text": "W Wielkiej Brytanii ruch odbywa się lewostronną stroną drogi.",
    "issue": "The phrase 'odbywa się lewostronną stroną drogi' is a tautology and is stylistically awkward.",
    "type_of_issue": "Style",
    "solution": "Rephrase to the standard and concise 'ruch jest lewostronny'.",
    "updated_sentence": "W Wielkiej Brytanii ruch jest lewostronny.",
    "severity": "Minor",
    "score_deduction": 1,
    "source_file": "2026-2027-pl-car-hire-city-07.docx",
    "url": "https://www.skyscanner.pl/wynajem-samochodow-w/wynajem-samochodow-w-londyn/27544008.html",
    "candidate": "https://www.skyscanner.pl/wynajem-samochodow-w/wynajem-samochodow-w-londyn/27544008.html"
  },
  {
    "text": "Na autostradach i drogach ekspresowych obowiązuje limit 112 km/h.",
    "issue": "The text provides speed limits for the UK using only km/h. For driver safety and clarity, the primary unit must be miles per hour (mph), as this is what is displayed on UK road signs. This error pattern repeats for all speed limits mentioned in the paragraph.",
    "type_of_issue": "Compliance",
    "solution": "Introduce 'mph' as the primary unit and provide an approximate 'km/h' value in parentheses for user reference.",
    "updated_sentence": "Na autostradach i drogach ekspresowych obowiązuje limit 70 mph (ok. 112 km/h).",
    "severity": "Major",
    "score_deduction": 3,
    "source_file": "2026-2027-pl-car-hire-city-07.docx",
    "url": "https://www.skyscanner.pl/wynajem-samochodow-w/wynajem-samochodow-w-londyn/27544008.html",
    "candidate": "https://www.skyscanner.pl/wynajem-samochodow-w/wynajem-samochodow-w-londyn/27544008.html"
  },
  {
    "text": "Na drogach krajowych prędkość zależy od klasy trasy i wynosi od 96 do 112 km/h na autostradach oraz od 80 do 112 km/h na dwujezdniowych drogach głównych.",
    "issue": "The sentence structure is illogical, incorrectly discussing motorway speeds under the topic of national roads, which makes the information contradictory and hard to understand.",
    "type_of_issue": "Style",
    "solution": "Remove the contradictory mention of motorways to fix the logical flow and apply the required mph/kmh unit conversion.",
    "updated_sentence": "Na drogach krajowych prędkość zależy od klasy trasy, a na dwujezdniowych drogach głównych limit wynosi od 50 mph (ok. 80 km/h) do 70 mph (ok. 112 km/h).",
    "severity": "Major",
    "score_deduction": 3,
    "source_file": "2026-2027-pl-car-hire-city-07.docx",
    "url": "https://www.skyscanner.pl/wynajem-samochodow-w/wynajem-samochodow-w-londyn/27544008.html",
    "candidate": "https://www.skyscanner.pl/wynajem-samochodow-w/wynajem-samochodow-w-londyn/27544008.html"
  },
  {
    "text": "Porównując oferty różnych wypożyczalni na Skyscanner, możesz sprawdzić, które warunki odpowiadają Twoim planom podróży.",
    "issue": "The direct address pronoun 'Twoim' is not capitalized as required by the style guide.",
    "type_of_issue": "Compliance",
    "solution": "Capitalize the pronoun 'Twoim' to 'Twoim' according to the Polish style guide for direct address.",
    "updated_sentence": "Porównując oferty różnych wypożyczalni na Skyscanner, możesz sprawdzić, które warunki odpowiadają Twoim planom podróży.",
    "severity": "Minor",
    "score_deduction": 1,
    "source_file": "2026-2027-pl-car-hire-city-07.docx",
    "url": "https://www.skyscanner.pl/wynajem-samochodow-w/wynajem-samochodow-w-burgas/27539527.html",
    "candidate": "https://www.skyscanner.pl/wynajem-samochodow-w/wynajem-samochodow-w-burgas/27539527.html"
  },
  {
    "text": "Samochód w Burgas możesz odebrać na stacji Bourges Station, gdzie działają cztery wypożyczalnie.",
    "issue": "The name of the station is misspelled as 'Bourges Station', which is a city in France, while the context of the article is 'Burgas' in Bulgaria, creating an internal contradiction.",
    "type_of_issue": "Accuracy",
    "solution": "Correct the name 'Bourges' to 'Burgas' to match the topic location.",
    "updated_sentence": "Samochód w Burgas możesz odebrać na stacji Burgas Station, gdzie działają cztery wypożyczalnie.",
    "severity": "Major",
    "score_deduction": 3,
    "source_file": "2026-2027-pl-car-hire-city-07.docx",
    "url": "https://www.skyscanner.pl/wynajem-samochodow-w/wynajem-samochodow-w-burgas/27539527.html",
    "candidate": "https://www.skyscanner.pl/wynajem-samochodow-w/wynajem-samochodow-w-burgas/27539527.html"
  },
  {
    "text": "Jeśli posiadasz prawo jazdy spoza Unii Europejskiej i strefy EOG, które nie jest wystawione po francusku, wymagane jest międzynarodowe prawo jazdy.",
    "issue": "The requirement for a non-EU/EEA driver's license to be in French for use in Bulgaria is illogical and a likely mistranslation of a rule concerning the script (e.g., Latin alphabet). This creates a misleading and factually incorrect requirement.",
    "type_of_issue": "Accuracy",
    "solution": "Replace the specific and incorrect reference to 'French' with the standard international requirement related to the license being issued in the Latin alphabet.",
    "updated_sentence": "Jeśli posiadasz prawo jazdy spoza Unii Europejskiej i strefy EOG, które nie jest wystawione w alfabecie łacińskim, wymagane jest międzynarodowe prawo jazdy.",
    "severity": "Major",
    "score_deduction": 3,
    "source_file": "2026-2027-pl-car-hire-city-07.docx",
    "url": "https://www.skyscanner.pl/wynajem-samochodow-w/wynajem-samochodow-w-burgas/27539527.html",
    "candidate": "https://www.skyscanner.pl/wynajem-samochodow-w/wynajem-samochodow-w-burgas/27539527.html"
  },
  {
    "text": "Jeśli szukasz podobnego rozmiaru, King's Cars oferuje Fiata 500 ze skrzynią ręczną od 206 zł za dobę.",
    "issue": "The currency used is Polish Złoty (zł), which is incorrect for the specified location, Kefalonia (Greece), where the official currency is the Euro (€). This error pattern is repeated for all prices in the paragraph.",
    "type_of_issue": "Accuracy",
    "solution": "Change the currency symbol from 'zł' to '€' for all prices to match the location's currency.",
    "updated_sentence": "Jeśli szukasz podobnego rozmiaru, King's Cars oferuje Fiata 500 ze skrzynią ręczną od 206 € za dobę.",
    "severity": "Major",
    "score_deduction": 3,
    "source_file": "2026-2027-pl-car-hire-city-07.docx",
    "url": "https://www.skyscanner.pl/wynajem-samochodow-w/wynajem-samochodow-w-kefalonia/38310671.html",
    "candidate": "https://www.skyscanner.pl/wynajem-samochodow-w/wynajem-samochodow-w-kefalonia/38310671.html"
  },
  {
    "text": "Międzynarodowe prawo jazdy nie jest wymagane w przypadku uprawnień z krajów UE/EOG, Szwajcarii, Norwegii, Liechtensteinu, Islandii, USA, Kanady, Australii czy Wielkiej Brytanii, ale jest konieczne dla większości pozostałych zagranicznych praw jazdy.",
    "issue": "The acronym 'USA' is used in the nominative case, which breaks the grammatical parallelism of the list where all other countries are correctly in the genitive case as required by the preposition 'z'.",
    "type_of_issue": "Grammar",
    "solution": "Replace the acronym 'USA' with its full Polish name in the correct genitive form, 'Stanów Zjednoczonych', to maintain case consistency within the list.",
    "updated_sentence": "Międzynarodowe prawo jazdy nie jest wymagane w przypadku uprawnień z krajów UE/EOG, Szwajcarii, Norwegii, Liechtensteinu, Islandii, Stanów Zjednoczonych, Kanady, Australii czy Wielkiej Brytanii, ale jest konieczne dla większości pozostałych zagranicznych praw jazdy.",
    "severity": "Minor",
    "score_deduction": 1,
    "source_file": "2026-2027-pl-car-hire-city-07.docx",
    "url": "https://www.skyscanner.pl/wynajem-samochodow-w/wynajem-samochodow-w-kefalonia/38310671.html",
    "candidate": "https://www.skyscanner.pl/wynajem-samochodow-w/wynajem-samochodow-w-kefalonia/38310671.html"
  },
  {
    "text": "Wysokość opłaty zależy od pokonanego dystansu, a należność regulujesz w punktach poboru gotówką, kartą lub za pomocą elektronicznego transpondera.",
    "issue": "The text inconsistently switches from a descriptive, impersonal tone to a direct 2nd-person address ('regulujesz'), which violates the style guide's requirement to maintain a consistent form of address.",
    "type_of_issue": "Compliance",
    "solution": "Change the verb to the impersonal form 'reguluje się' to align with the impersonal tone used in the rest of the paragraph.",
    "updated_sentence": "Wysokość opłaty zależy od pokonanego dystansu, a należność reguluje się w punktach poboru gotówką, kartą lub za pomocą elektronicznego transpondera.",
    "severity": "Minor",
    "score_deduction": 1,
    "source_file": "2026-2027-pl-car-hire-city-07.docx",
    "url": "https://www.skyscanner.pl/wynajem-samochodow-w/wynajem-samochodow-w-kefalonia/38310671.html",
    "candidate": "https://www.skyscanner.pl/wynajem-samochodow-w/wynajem-samochodow-w-kefalonia/38310671.html"
  },
  {
    "text": "Najniższe ceny pojawiają się zwykle w listopadzie, więc warto zaplanować podróż na ten okres, jeśli zależy ci na oszczędności.",
    "issue": "The direct-address pronoun 'ci' is not capitalized, which violates the Polish style guide's rule to capitalize pronouns of address.",
    "type_of_issue": "Compliance",
    "solution": "Capitalize the pronoun 'ci' to 'Ci' to adhere to the project's direct-address convention.",
    "updated_sentence": "Najniższe ceny pojawiają się zwykle w listopadzie, więc warto zaplanować podróż na ten okres, jeśli zależy Ci na oszczędności.",
    "severity": "Minor",
    "score_deduction": 1,
    "source_file": "2026-2027-pl-car-hire-city-07.docx",
    "url": "https://www.skyscanner.pl/wynajem-samochodow-w/wynajem-samochodow-w-nicea/27545091.html",
    "candidate": "https://www.skyscanner.pl/wynajem-samochodow-w/wynajem-samochodow-w-nicea/27545091.html"
  },
  {
    "text": "Do wynajmu samochodu potrzebujesz ważnego paszportu lub dowodu tożsamości oraz prawa jazdy.",
    "issue": "The point of view is inconsistent within the paragraph, switching from a descriptive third-person voice to a direct second-person address.",
    "type_of_issue": "Style",
    "solution": "Rephrase the sentence in the third-person/impersonal form to maintain a consistent voice with the rest of the paragraph.",
    "updated_sentence": "Do wynajmu samochodu potrzebny jest ważny paszport lub dowód tożsamości oraz prawo jazdy.",
    "severity": "Minor",
    "score_deduction": 1,
    "source_file": "2026-2027-pl-car-hire-city-07.docx",
    "url": "https://www.skyscanner.pl/wynajem-samochodow-w/wynajem-samochodow-w-nicea/27545091.html",
    "candidate": "https://www.skyscanner.pl/wynajem-samochodow-w/wynajem-samochodow-w-nicea/27545091.html"
  },
  {
    "text": "Poza obszarami zabudowanymi na drogach krajowych możesz jechać do 80 km/h, natomiast w terenie zabudowanym limit wynosi 50 km/h.",
    "issue": "The verb 'możesz' implies a direct address to the reader and should be capitalized as per the style guide's requirement for polite, direct address.",
    "type_of_issue": "Compliance",
    "solution": "Capitalize the verb 'Możesz'.",
    "updated_sentence": "Poza obszarami zabudowanymi na drogach krajowych Możesz jechać do 80 km/h, natomiast w terenie zabudowanym limit wynosi 50 km/h.",
    "severity": "Minor",
    "score_deduction": 1,
    "source_file": "2026-2027-pl-car-hire-city-07.docx",
    "url": "https://www.skyscanner.pl/wynajem-samochodow-w/wynajem-samochodow-w-nicea/27545091.html",
    "candidate": "https://www.skyscanner.pl/wynajem-samochodow-w/wynajem-samochodow-w-nicea/27545091.html"
  },
  {
    "text": "Na bramkach obsługiwanych przez personel zapłacisz gotówką lub kartą.",
    "issue": "The verb 'zapłacisz' implies a direct address to the reader and should be capitalized as per the style guide's requirement for polite, direct address.",
    "type_of_issue": "Compliance",
    "solution": "Capitalize the verb 'Zapłacisz'.",
    "updated_sentence": "Na bramkach obsługiwanych przez personel Zapłacisz gotówką lub kartą.",
    "severity": "Minor",
    "score_deduction": 1,
    "source_file": "2026-2027-pl-car-hire-city-07.docx",
    "url": "https://www.skyscanner.pl/wynajem-samochodow-w/wynajem-samochodow-w-nicea/27545091.html",
    "candidate": "https://www.skyscanner.pl/wynajem-samochodow-w/wynajem-samochodow-w-nicea/27545091.html"
  },
  {
    "text": "Najpopularniejszą z nich jest Funchal Drive, a wśród pozostałych znajdziesz Street Rent a Car oraz driving madeira rent a car.",
    "issue": "The proper name 'driving madeira rent a car' is not capitalized correctly, which is inconsistent with other brand names mentioned in the same sentence.",
    "type_of_issue": "Compliance",
    "solution": "Capitalize the proper name to 'Driving Madeira Rent a Car' for consistency with other brand names.",
    "updated_sentence": "Najpopularniejszą z nich jest Funchal Drive, a wśród pozostałych znajdziesz Street Rent a Car oraz Driving Madeira Rent a Car.",
    "severity": "Minor",
    "score_deduction": 1,
    "source_file": "2026-2027-pl-car-hire-city-07.docx",
    "url": "https://www.skyscanner.pl/wynajem-samochodow-w/wynajem-samochodow-w-funchal/223808213.html",
    "candidate": "https://www.skyscanner.pl/wynajem-samochodow-w/wynajem-samochodow-w-funchal/223808213.html"
  },
  {
    "text": "Opłaty pobierane są w tradycyjnych bramkach lub, na trasach elektronicznych „Via Verde”, wyłącznie za pomocą kamer i doładowywanych transponderów.",
    "issue": "An essential phrase is incorrectly separated from the main clause by commas, which is grammatically incorrect in Polish.",
    "type_of_issue": "Punctuation/Spelling/Typos",
    "solution": "Remove the commas around the phrase 'na trasach elektronicznych „Via Verde”' to correctly integrate it into the sentence.",
    "updated_sentence": "Opłaty pobierane są w tradycyjnych bramkach lub na trasach elektronicznych „Via Verde” wyłącznie za pomocą kamer i doładowywanych transponderów.",
    "severity": "Minor",
    "score_deduction": 1,
    "source_file": "2026-2027-pl-car-hire-city-07.docx",
    "url": "https://www.skyscanner.pl/wynajem-samochodow-w/wynajem-samochodow-w-funchal/223808213.html",
    "candidate": "https://www.skyscanner.pl/wynajem-samochodow-w/wynajem-samochodow-w-funchal/223808213.html"
  },
  {
    "text": "Wynajem samochodu w Sewilli zaczyna się od 32 zł, przy średniej rocznej cenie wynoszącej 206 zł.",
    "issue": "The currency is incorrectly stated as Polish Złoty (zł) for a service in Seville, Spain, which uses the Euro.",
    "type_of_issue": "Accuracy",
    "solution": "Change the currency symbol from 'zł' to '€' to reflect the correct local currency for Spain.",
    "updated_sentence": "Wynajem samochodu w Sewilli zaczyna się od 32 €, przy średniej rocznej cenie wynoszącej 206 €.",
    "severity": "Major",
    "score_deduction": 3,
    "source_file": "2026-2027-pl-car-hire-city-08.docx",
    "url": "https://www.skyscanner.pl/wynajem-samochodow-w/wynajem-samochodow-w-sewilla/27547022.html",
    "candidate": "https://www.skyscanner.pl/wynajem-samochodow-w/wynajem-samochodow-w-sewilla/27547022.html"
  },
  {
    "text": "Skoda Scala od WIBER, również z manualną skrzynią biegów, dostępna jest od 32 zł za dobę.",
    "issue": "The brand name 'WIBER' is incorrectly capitalized. The same issue appears in the next sentence.",
    "type_of_issue": "Compliance",
    "solution": "Correct the capitalization of the brand name to 'Wiber'.",
    "updated_sentence": "Skoda Scala od Wiber, również z manualną skrzynią biegów, dostępna jest od 32 zł za dobę.",
    "severity": "Minor",
    "score_deduction": 1,
    "source_file": "2026-2027-pl-car-hire-city-08.docx",
    "url": "https://www.skyscanner.pl/wynajem-samochodow-w/wynajem-samochodow-w-sewilla/27547022.html",
    "candidate": "https://www.skyscanner.pl/wynajem-samochodow-w/wynajem-samochodow-w-sewilla/27547022.html"
  },
  {
    "text": "Jeśli twoje prawo jazdy wydano poza Unią Europejską lub Europejskim Obszarem Gospodarczym, wymagane jest dodatkowo międzynarodowe prawo jazdy.",
    "issue": "The direct-address possessive pronoun 'twoje' is not capitalized, which violates the style guide's rule to capitalize such pronouns for a polite register.",
    "type_of_issue": "Compliance",
    "solution": "Capitalize the pronoun 'twoje' to 'Twoje' to comply with the required polite form of address.",
    "updated_sentence": "Jeśli Twoje prawo jazdy wydano poza Unią Europejską lub Europejskim Obszarem Gospodarczym, wymagane jest dodatkowo międzynarodowe prawo jazdy.",
    "severity": "Minor",
    "score_deduction": 1,
    "source_file": "2026-2027-pl-car-hire-city-08.docx",
    "url": "https://www.skyscanner.pl/wynajem-samochodow-w/wynajem-samochodow-w-sewilla/27547022.html",
    "candidate": "https://www.skyscanner.pl/wynajem-samochodow-w/wynajem-samochodow-w-sewilla/27547022.html"
  },
  {
    "text": "Najniższe stawki notowane są we wrześniu, dlatego warto zaplanować podróż na ten miesiąc, jeśli zależy ci na oszczędności.",
    "issue": "The Polish style guide requires capitalizing direct-address pronouns, but the pronoun 'ci' is in lowercase.",
    "type_of_issue": "Compliance",
    "solution": "Capitalize the direct-address pronoun 'ci' to 'Ci'.",
    "updated_sentence": "Najniższe stawki notowane są we wrześniu, dlatego warto zaplanować podróż na ten miesiąc, jeśli zależy Ci na oszczędności.",
    "severity": "Minor",
    "score_deduction": 1,
    "source_file": "2026-2027-pl-car-hire-city-08.docx",
    "url": "https://www.skyscanner.pl/wynajem-samochodow-w/wynajem-samochodow-w-benidorm/29476498.html",
    "candidate": "https://www.skyscanner.pl/wynajem-samochodow-w/wynajem-samochodow-w-benidorm/29476498.html"
  },
  {
    "text": "Podobną stawkę ma Ford Fiesta, również od Centauro, z manualną skrzynią biegów, od 187 zł za dobę.",
    "issue": "The term 'manualną' is used instead of the glossary-specified term 'ręczną', creating an inconsistency with other sentences in the same paragraph.",
    "type_of_issue": "Compliance",
    "solution": "Replace 'manualną' with 'ręczną' to adhere to the glossary and ensure consistency.",
    "updated_sentence": "Podobną stawkę ma Ford Fiesta, również od Centauro, z ręczną skrzynią biegów, od 187 zł za dobę.",
    "severity": "Minor",
    "score_deduction": 1,
    "source_file": "2026-2027-pl-car-hire-city-08.docx",
    "url": "https://www.skyscanner.pl/wynajem-samochodow-w/wynajem-samochodow-w-benidorm/29476498.html",
    "candidate": "https://www.skyscanner.pl/wynajem-samochodow-w/wynajem-samochodow-w-benidorm/29476498.html"
  },
  {
    "text": "Opłaty pobierane są tylko na wybranych autostradach oznaczonych jako „autopista\" (symbole AP lub peaje).",
    "issue": "The closing quotation mark is a straight quote (\") instead of the correct Polish closing quotation mark (”).",
    "type_of_issue": "Punctuation/Spelling/Typos",
    "solution": "Replace the straight quotation mark with the correct Polish closing quotation mark: ”",
    "updated_sentence": "Opłaty pobierane są tylko na wybranych autostradach oznaczonych jako „autopista” (symbole AP lub peaje).",
    "severity": "Minor",
    "score_deduction": 1,
    "source_file": "2026-2027-pl-car-hire-city-08.docx",
    "url": "https://www.skyscanner.pl/wynajem-samochodow-w/wynajem-samochodow-w-benidorm/29476498.html",
    "candidate": "https://www.skyscanner.pl/wynajem-samochodow-w/wynajem-samochodow-w-benidorm/29476498.html"
  },
  {
    "text": "Porównując oferty na Skyscanner, sprawdzisz, którzy dostawcy proponują konkurencyjne warunki w interesującym Cię terminie.",
    "issue": "The direct-address pronoun 'Cię' is not capitalized, which violates the style guide's rule for capitalizing pronouns of address.",
    "type_of_issue": "Compliance",
    "solution": "Capitalize the pronoun 'Cię' to 'Cię' to comply with the project's register conventions.",
    "updated_sentence": "Porównując oferty na Skyscanner, sprawdzisz, którzy dostawcy proponują konkurencyjne warunki w interesującym Cię terminie.",
    "severity": "Minor",
    "score_deduction": 1,
    "source_file": "2026-2027-pl-car-hire-city-08.docx",
    "url": "https://www.skyscanner.pl/wynajem-samochodow-w/wynajem-samochodow-w-alanya/37861468.html",
    "candidate": "https://www.skyscanner.pl/wynajem-samochodow-w/wynajem-samochodow-w-alanya/37861468.html"
  },
  {
    "text": "Samochód w Alanyi odbierzesz na Lotnisku Gazipasa Alanya, gdzie działa wielu wypożyczających.",
    "issue": "The term 'wypożyczających' (lenders/people who rent out) is imprecise; 'wypożyczalni' (rental companies) is the standard and more accurate term for businesses operating at an airport.",
    "type_of_issue": "Style",
    "solution": "Replace 'wielu wypożyczających' with 'wiele wypożyczalni' for improved clarity and precision.",
    "updated_sentence": "Samochód w Alanyi odbierzesz na Lotnisku Gazipasa Alanya, gdzie działa wiele wypożyczalni.",
    "severity": "Minor",
    "score_deduction": 1,
    "source_file": "2026-2027-pl-car-hire-city-08.docx",
    "url": "https://www.skyscanner.pl/wynajem-samochodow-w/wynajem-samochodow-w-alanya/37861468.html",
    "candidate": "https://www.skyscanner.pl/wynajem-samochodow-w/wynajem-samochodow-w-alanya/37861468.html"
  },
  {
    "text": "Międzynarodowe prawo jazdy jest wymagane przy dokumentach zapisanych alfabetem innym niż łaciński i często proszą o nie także pozostali kierowcy.",
    "issue": "The final clause 'i często proszą o nie także pozostali kierowcy' (and other drivers also often ask for it) is illogical and ambiguous, as it is unclear who 'other drivers' refers to in the context of rental requirements.",
    "type_of_issue": "Accuracy",
    "solution": "Reword the clause to clarify that rental companies, not other drivers, may require an international driving permit even from drivers whose licenses use the Latin alphabet.",
    "updated_sentence": "Międzynarodowe prawo jazdy jest wymagane przy dokumentach zapisanych alfabetem innym niż łaciński, a wypożyczalnie często wymagają go także od pozostałych kierowców.",
    "severity": "Major",
    "score_deduction": 3,
    "source_file": "2026-2027-pl-car-hire-city-08.docx",
    "url": "https://www.skyscanner.pl/wynajem-samochodow-w/wynajem-samochodow-w-alanya/37861468.html",
    "candidate": "https://www.skyscanner.pl/wynajem-samochodow-w/wynajem-samochodow-w-alanya/37861468.html"
  },
  {
    "text": "Porównując oferty w Skyscanner, sprawdzisz dostępne modele i firmy dostępne na tej trasie.",
    "issue": "The term \"na tej trasie\" (on this route) is contextually inaccurate for car hire within a specific city (Pula), which is a location, not a route.",
    "type_of_issue": "Accuracy",
    "solution": "Replace \"na tej trasie\" with a term that refers to the location, such as \"w tej lokalizacji\" (in this location), for contextual precision.",
    "updated_sentence": "Porównując oferty w Skyscanner, sprawdzisz dostępne modele i firmy dostępne w tej lokalizacji.",
    "severity": "Minor",
    "score_deduction": 1,
    "source_file": "2026-2027-pl-car-hire-city-08.docx",
    "url": "https://www.skyscanner.pl/wynajem-samochodow-w/wynajem-samochodow-w-pula/27546074.html",
    "candidate": "https://www.skyscanner.pl/wynajem-samochodow-w/wynajem-samochodow-w-pula/27546074.html"
  },
  {
    "text": "W Puli najczęściej wybierany jest Fiat 500 — mały, praktyczny i łatwy do zaparkowania, co sprawdza się na wąskich uliczkach miasta.",
    "issue": "The text uses an em dash (—) for a parenthetical break, but the style guide mandates the use of an en dash (–).",
    "type_of_issue": "Punctuation/Spelling/Typos",
    "solution": "Replace the em dash (—) with an en dash (–) to comply with the project's typographical rules.",
    "updated_sentence": "W Puli najczęściej wybierany jest Fiat 500 – mały, praktyczny i łatwy do zaparkowania, co sprawdza się na wąskich uliczkach miasta.",
    "severity": "Minor",
    "score_deduction": 1,
    "source_file": "2026-2027-pl-car-hire-city-08.docx",
    "url": "https://www.skyscanner.pl/wynajem-samochodow-w/wynajem-samochodow-w-pula/27546074.html",
    "candidate": "https://www.skyscanner.pl/wynajem-samochodow-w/wynajem-samochodow-w-pula/27546074.html"
  },
  {
    "text": "Jeśli twoje prawo jazdy wydano poza obszarem Unii Europejskiej lub EOG, wymagane jest dodatkowo międzynarodowe prawo jazdy.",
    "issue": "The possessive pronoun 'twoje' is not capitalized, which violates the style guide's rule to capitalize all forms of direct address to the reader.",
    "type_of_issue": "Compliance",
    "solution": "Capitalize the pronoun 'twoje' to 'Twoje' to align with the style guide's direct address conventions.",
    "updated_sentence": "Jeśli Twoje prawo jazdy wydano poza obszarem Unii Europejskiej lub EOG, wymagane jest dodatkowo międzynarodowe prawo jazdy.",
    "severity": "Minor",
    "score_deduction": 1,
    "source_file": "2026-2027-pl-car-hire-city-08.docx",
    "url": "https://www.skyscanner.pl/wynajem-samochodow-w/wynajem-samochodow-w-pula/27546074.html",
    "candidate": "https://www.skyscanner.pl/wynajem-samochodow-w/wynajem-samochodow-w-pula/27546074.html"
  },
  {
    "text": "Elastyczność dat oraz wcześniejsze planowanie pozwalają obniżyć koszt, zwłaszcza poza sezonem letnim, gdy zainteresowanie wynajmem jest większe, a dostępność aut ograniczona.",
    "issue": "The sentence contains a logical contradiction, stating that rental interest is higher and availability is limited 'outside the summer season', when these conditions apply to the peak summer season.",
    "type_of_issue": "Accuracy",
    "solution": "Change 'poza sezonem letnim' (outside the summer season) to 'w sezonie letnim' (in the summer season) to correctly describe the peak demand period.",
    "updated_sentence": "Elastyczność dat oraz wcześniejsze planowanie pozwalają obniżyć koszt, zwłaszcza w sezonie letnim, gdy zainteresowanie wynajmem jest większe, a dostępność aut ograniczona.",
    "severity": "Major",
    "score_deduction": 3,
    "source_file": "2026-2027-pl-car-hire-city-08.docx",
    "url": "https://www.skyscanner.pl/wynajem-samochodow-w/wynajem-samochodow-w-chania/27539789.html",
    "candidate": "https://www.skyscanner.pl/wynajem-samochodow-w/wynajem-samochodow-w-chania/27539789.html"
  },
  {
    "text": "W Chanii dostępnych jest sześciu wypożyczalni samochodów.",
    "issue": "The numeral 'sześciu' is in the incorrect grammatical case. For this sentence structure ('jest' + number + noun), the nominative case 'sześć' is required.",
    "type_of_issue": "Grammar",
    "solution": "Change the numeral from the genitive 'sześciu' to the nominative 'sześć'.",
    "updated_sentence": "W Chanii dostępnych jest sześć wypożyczalni samochodów.",
    "severity": "Minor",
    "score_deduction": 1,
    "source_file": "2026-2027-pl-car-hire-city-08.docx",
    "url": "https://www.skyscanner.pl/wynajem-samochodow-w/wynajem-samochodow-w-chania/27539789.html",
    "candidate": "https://www.skyscanner.pl/wynajem-samochodow-w/wynajem-samochodow-w-chania/27539789.html"
  },
  {
    "text": "Opłaty naliczane są na podstawie przejechanego dystansu i wnosisz je w punktach poboru gotówką, kartą lub przy użyciu elektronicznych transponderów.",
    "issue": "The sentence mixes impersonal and direct address forms without using the required capitalized pronoun 'Ty', violating style guide rules for consistency and direct address.",
    "type_of_issue": "Compliance",
    "solution": "Add the conjunction 'a' and the capitalized pronoun 'Ty' to align the sentence with the required direct-address style.",
    "updated_sentence": "Opłaty naliczane są na podstawie przejechanego dystansu, a Ty wnosisz je w punktach poboru gotówką, kartą lub przy użyciu elektronicznych transponderów.",
    "severity": "Minor",
    "score_deduction": 1,
    "source_file": "2026-2027-pl-car-hire-city-08.docx",
    "url": "https://www.skyscanner.pl/wynajem-samochodow-w/wynajem-samochodow-w-chania/27539789.html",
    "candidate": "https://www.skyscanner.pl/wynajem-samochodow-w/wynajem-samochodow-w-chania/27539789.html"
  },
  {
    "text": "Za Volkswagena Up! z manualną skrzynią zapłacisz od 61 zł za dobę w Klasswagen.com.",
    "issue": "The term \"manualną\" is used for \"manual transmission,\" which is inconsistent with the glossary term \"ręczna\" and its usage elsewhere in the paragraph.",
    "type_of_issue": "Compliance",
    "solution": "Replace \"manualną\" with \"ręczną\" to align with the glossary and ensure consistency.",
    "updated_sentence": "Za Volkswagena Up! z ręczną skrzynią zapłacisz od 61 zł za dobę w Klasswagen.com.",
    "severity": "Minor",
    "score_deduction": 1,
    "source_file": "2026-2027-pl-car-hire-city-08.docx",
    "url": "https://www.skyscanner.pl/wynajem-samochodow-w/wynajem-samochodow-w-porto/27545236.html",
    "candidate": "https://www.skyscanner.pl/wynajem-samochodow-w/wynajem-samochodow-w-porto/27545236.html"
  },
  {
    "text": "Jeśli zależy ci na skrzyni automatycznej, Goldcar oferuje Fiata 500e od 161 zł za dobę.",
    "issue": "The direct-address pronoun \"ci\" is not capitalized, which violates the style guide's requirement to capitalize such pronouns for politeness.",
    "type_of_issue": "Compliance",
    "solution": "Capitalize the pronoun \"ci\" to \"Ci\" to align with the project's rules for addressing the reader.",
    "updated_sentence": "Jeśli zależy Ci na skrzyni automatycznej, Goldcar oferuje Fiata 500e od 161 zł za dobę.",
    "severity": "Minor",
    "score_deduction": 1,
    "source_file": "2026-2027-pl-car-hire-city-08.docx",
    "url": "https://www.skyscanner.pl/wynajem-samochodow-w/wynajem-samochodow-w-marsylia/32030366.html",
    "candidate": "https://www.skyscanner.pl/wynajem-samochodow-w/wynajem-samochodow-w-marsylia/32030366.html"
  },
  {
    "text": "Wśród dostępnych ofert znajdziesz Volkswagen Up! od Green Motion z ręczną skrzynią biegów w cenie od 143 zł za dobę.",
    "issue": "The currency is incorrect for the specified location. The text mentions prices in Polish Złoty (zł) for car rentals in Saloniki (Greece), where the official currency is the Euro (€). This pattern repeats for all prices mentioned.",
    "type_of_issue": "Accuracy",
    "solution": "Replace the Polish Złoty currency symbol (zł) with the Euro symbol (€) for all prices.",
    "updated_sentence": "Wśród dostępnych ofert znajdziesz Volkswagen Up! od Green Motion z ręczną skrzynią biegów w cenie od 143 € za dobę.",
    "severity": "Major",
    "score_deduction": 3,
    "source_file": "2026-2027-pl-car-hire-city-08.docx",
    "url": "https://www.skyscanner.pl/wynajem-samochodow-w/wynajem-samochodow-w-saloniki/27546367.html",
    "candidate": "https://www.skyscanner.pl/wynajem-samochodow-w/wynajem-samochodow-w-saloniki/27546367.html"
  },
  {
    "text": "Międzynarodowe prawo jazdy nie jest wymagane dla praw z Unii Europejskiej, lecz konieczne przy większości pozostałych zagranicznych dokumentów.",
    "issue": "The word \"praw\" is used as an incomplete shorthand for \"praw jazdy\" (driving licenses), which is stylistically awkward and creates a minor ambiguity.",
    "type_of_issue": "Style",
    "solution": "Change \"praw\" to the full term \"praw jazdy\" to ensure clarity and formal correctness.",
    "updated_sentence": "Międzynarodowe prawo jazdy nie jest wymagane dla praw jazdy z Unii Europejskiej, lecz konieczne przy większości pozostałych zagranicznych dokumentów.",
    "severity": "Minor",
    "score_deduction": 1,
    "source_file": "2026-2027-pl-car-hire-city-08.docx",
    "url": "https://www.skyscanner.pl/wynajem-samochodow-w/wynajem-samochodow-w-saloniki/27546367.html",
    "candidate": "https://www.skyscanner.pl/wynajem-samochodow-w/wynajem-samochodow-w-saloniki/27546367.html"
  },
  {
    "text": "Większość dróg typu autovía oraz drogi krajowe pozostają bezpłatne.",
    "issue": "The singular subject 'Większość' (majority), a collective noun, is incorrectly followed by the plural verb 'pozostają' and the plural adjective 'bezpłatne'.",
    "type_of_issue": "Grammar",
    "solution": "Change the verb and adjective to their singular forms ('pozostaje bezpłatna') to agree with the singular feminine subject 'Większość'.",
    "updated_sentence": "Większość dróg typu autovía oraz drogi krajowe pozostaje bezpłatna.",
    "severity": "Minor",
    "score_deduction": 1,
    "source_file": "2026-2027-pl-car-hire-city-09.docx",
    "url": "https://www.skyscanner.pl/wynajem-samochodow-w/wynajem-samochodow-w-torrevieja/29485447.html",
    "candidate": "https://www.skyscanner.pl/wynajem-samochodow-w/wynajem-samochodow-w-torrevieja/29485447.html"
  },
  {
    "text": "Zestawienie ofert różnych wypożyczalni w Skyscanner ułatwia znalezienie samochodu odpowiadającego Twoim potrzebom oraz dostosowanie terminu wynajmu do budżetu.",
    "issue": "The direct-address possessive pronoun 'Twoim' is not capitalized, which violates the Polish style guide requirement.",
    "type_of_issue": "Compliance",
    "solution": "Capitalize the pronoun 'Twoim' to 'Twoim' to adhere to the style guide.",
    "updated_sentence": "Zestawienie ofert różnych wypożyczalni w Skyscanner ułatwia znalezienie samochodu odpowiadającego Twoim potrzebom oraz dostosowanie terminu wynajmu do budżetu.",
    "severity": "Minor",
    "score_deduction": 1,
    "source_file": "2026-2027-pl-car-hire-city-09.docx",
    "url": "https://www.skyscanner.pl/wynajem-samochodow-w/wynajem-samochodow-w-eindhoven/27540894.html",
    "candidate": "https://www.skyscanner.pl/wynajem-samochodow-w/wynajem-samochodow-w-eindhoven/27540894.html"
  },
  {
    "text": "Więcej przestrzeni zapewnia Volvo S60 od firmy Alamo z automatyczną skrzynią, dostępne od 509 zł za dobę.",
    "issue": "Incorrect gender agreement. The adjective 'dostępne' (neuter/plural) does not agree with the masculine noun it modifies (Volvo S60).",
    "type_of_issue": "Grammar",
    "solution": "Change the adjective to the masculine form 'dostępny' to agree with the noun.",
    "updated_sentence": "Więcej przestrzeni zapewnia Volvo S60 od firmy Alamo z automatyczną skrzynią, dostępny od 509 zł za dobę.",
    "severity": "Minor",
    "score_deduction": 1,
    "source_file": "2026-2027-pl-car-hire-city-09.docx",
    "url": "https://www.skyscanner.pl/wynajem-samochodow-w/wynajem-samochodow-w-eindhoven/27540894.html",
    "candidate": "https://www.skyscanner.pl/wynajem-samochodow-w/wynajem-samochodow-w-eindhoven/27540894.html"
  },
  {
    "text": "Zapłacisz gotówką, kartą lub za pomocą transpondera Telepass, który przyspiesza przejazd przez bramki.",
    "issue": "The list of payment methods violates the rule of parallel structure by mixing grammatical cases. 'Gotówką' and 'kartą' are in the instrumental case, while the last item uses the 'za pomocą' + genitive case construction.",
    "type_of_issue": "Grammar",
    "solution": "Change the final list item to the instrumental case ('transponderem') to maintain consistent grammatical structure with the other items.",
    "updated_sentence": "Zapłacisz gotówką, kartą lub transponderem Telepass, który przyspiesza przejazd przez bramki.",
    "severity": "Minor",
    "score_deduction": 1,
    "source_file": "2026-2027-pl-car-hire-city-09.docx",
    "url": "https://www.skyscanner.pl/wynajem-samochodow-w/wynajem-samochodow-w-olbia/27545213.html",
    "candidate": "https://www.skyscanner.pl/wynajem-samochodow-w/wynajem-samochodow-w-olbia/27545213.html"
  },
  {
    "text": "Wśród dostępnych ofert znajdziesz Peugeot 208 od dostawcy ecovia ze skrzynią ręczną w cenie od 136 zł za dobę.",
    "issue": "The brand name 'ecovia' is incorrectly lowercase.",
    "type_of_issue": "Compliance",
    "solution": "Capitalize the brand name 'ecovia' to 'Ecovia' as it is a proper noun.",
    "updated_sentence": "Wśród dostępnych ofert znajdziesz Peugeot 208 od dostawcy Ecovia ze skrzynią ręczną w cenie od 136 zł za dobę.",
    "severity": "Minor",
    "score_deduction": 1,
    "source_file": "2026-2027-pl-car-hire-city-09.docx",
    "url": "https://www.skyscanner.pl/wynajem-samochodow-w/wynajem-samochodow-w-reggio-di-calabria/27546148.html",
    "candidate": "https://www.skyscanner.pl/wynajem-samochodow-w/wynajem-samochodow-w-reggio-di-calabria/27546148.html"
  },
  {
    "text": "Samochód w Reggio di Calabria odbierzesz na Lotnisku Reggio di Calabria, gdzie wypożyczalnie działają zaraz po przylocie. Alternatywą jest odbiór w centrum miasta, przy Stazione Reggio Calabria Centrale, dogodny, jeśli podróżujesz koleją. Porównując obie lokalizacje, odbiór na lotnisku wypada taniej niż w centrum miasta. Auto możesz też odebrać po drugiej stronie cieśniny, w Messina Centrale lub przy Messina Port Station, co przydaje się przy przeprawie na Sycylię. Dostępny jest również punkt w Villa San Giovanni, blisko terminalu promowego.",
    "issue": "The single paragraph packs multiple distinct topics (locations in Reggio, locations across the strait), which makes the content dense and hard to scan.",
    "type_of_issue": "Style",
    "solution": "Split the paragraph into two logical sections to improve readability and scannability.",
    "updated_sentence": "Samochód w Reggio di Calabria odbierzesz na Lotnisku Reggio di Calabria, gdzie wypożyczalnie działają zaraz po przylocie. Alternatywą jest odbiór w centrum miasta, przy Stazione Reggio Calabria Centrale, dogodny, jeśli podróżujesz koleją. Porównując obie lokalizacje, odbiór na lotnisku wypada taniej niż w centrum miasta.\n\nAuto możesz też odebrać po drugiej stronie cieśniny, w Messina Centrale lub przy Messina Port Station, co przydaje się przy przeprawie na Sycylię. Dostępny jest również punkt w Villa San Giovanni, blisko terminalu promowego.",
    "severity": "Minor",
    "score_deduction": 1,
    "source_file": "2026-2027-pl-car-hire-city-09.docx",
    "url": "https://www.skyscanner.pl/wynajem-samochodow-w/wynajem-samochodow-w-reggio-di-calabria/27546148.html",
    "candidate": "https://www.skyscanner.pl/wynajem-samochodow-w/wynajem-samochodow-w-reggio-di-calabria/27546148.html"
  },
  {
    "text": "Do najpopularniejszych należą ecovia, Maggiore oraz Filorent, przy czym najczęściej wybieranym pozostaje ecovia.",
    "issue": "The brand name 'ecovia' is not capitalized as a proper noun.",
    "type_of_issue": "Compliance",
    "solution": "Capitalize the brand name 'Ecovia' in both instances for consistency with proper noun conventions.",
    "updated_sentence": "Do najpopularniejszych należą Ecovia, Maggiore oraz Filorent, przy czym najczęściej wybieranym pozostaje Ecovia.",
    "severity": "Minor",
    "score_deduction": 1,
    "source_file": "2026-2027-pl-car-hire-city-09.docx",
    "url": "https://www.skyscanner.pl/wynajem-samochodow-w/wynajem-samochodow-w-reggio-di-calabria/27546148.html",
    "candidate": "https://www.skyscanner.pl/wynajem-samochodow-w/wynajem-samochodow-w-reggio-di-calabria/27546148.html"
  },
  {
    "text": "Sieć autostrad, czyli autostrada, działa w systemie zamkniętym z biletami.",
    "issue": "The phrase 'czyli autostrada' is redundant and logically incorrect, as it equates a 'motorway network' with a single 'motorway'.",
    "type_of_issue": "Style",
    "solution": "Remove the redundant and logically incorrect phrase 'czyli autostrada' for clarity.",
    "updated_sentence": "Sieć autostrad działa w systemie zamkniętym z biletami.",
    "severity": "Minor",
    "score_deduction": 1,
    "source_file": "2026-2027-pl-car-hire-city-09.docx",
    "url": "https://www.skyscanner.pl/wynajem-samochodow-w/wynajem-samochodow-w-reggio-di-calabria/27546148.html",
    "candidate": "https://www.skyscanner.pl/wynajem-samochodow-w/wynajem-samochodow-w-reggio-di-calabria/27546148.html"
  },
  {
    "text": "Podróżując z niewielkim bagażem, rozważysz Citroena C3 od addCar ze skrzynią ręczną w cenie od 176 zł za dobę.",
    "issue": "The verb 'rozważysz' is in the future tense, but the style guide requires the use of the imperative form for calls-to-action.",
    "type_of_issue": "Compliance",
    "solution": "Change the verb from the future tense 'rozważysz' to the imperative form 'rozważ' to comply with the style guide.",
    "updated_sentence": "Podróżując z niewielkim bagażem, rozważ Citroena C3 od addCar ze skrzynią ręczną w cenie od 176 zł za dobę.",
    "severity": "Minor",
    "score_deduction": 1,
    "source_file": "2026-2027-pl-car-hire-city-09.docx",
    "url": "https://www.skyscanner.pl/wynajem-samochodow-w/wynajem-samochodow-w-s%c5%82oneczny-brzeg/33388124.html",
    "candidate": "https://www.skyscanner.pl/wynajem-samochodow-w/wynajem-samochodow-w-s%c5%82oneczny-brzeg/33388124.html"
  },
  {
    "text": "Jeśli zależy ci na automatycznej skrzyni, sprawdzisz Volkswagena Passata od addCar od 284 zł za dobę.",
    "issue": "The direct-address pronoun 'ci' is not capitalized and the verb 'sprawdzisz' is not in the required imperative form, violating two style guide rules.",
    "type_of_issue": "Compliance",
    "solution": "Capitalize the pronoun 'ci' to 'Ci' and change the verb 'sprawdzisz' to the imperative 'sprawdź' as required by the style guide.",
    "updated_sentence": "Jeśli zależy Ci na automatycznej skrzyni, sprawdź Volkswagena Passata od addCar od 284 zł za dobę.",
    "severity": "Minor",
    "score_deduction": 1,
    "source_file": "2026-2027-pl-car-hire-city-09.docx",
    "url": "https://www.skyscanner.pl/wynajem-samochodow-w/wynajem-samochodow-w-s%c5%82oneczny-brzeg/33388124.html",
    "candidate": "https://www.skyscanner.pl/wynajem-samochodow-w/wynajem-samochodow-w-s%c5%82oneczny-brzeg/33388124.html"
  },
  {
    "text": "Ofertę tego auta z ręczną skrzynią biegów znajdziesz u dostawcy VOLTA w cenie od 189 zł za dobę.",
    "issue": "The currency is incorrectly set to Polish Złoty (zł) instead of Euro (EUR) for a service in Samos, Greece. This pattern repeats for all prices mentioned.",
    "type_of_issue": "Accuracy",
    "solution": "Replace the incorrect currency 'zł' with the correct currency for Greece, which is 'EUR'.",
    "updated_sentence": "Ofertę tego auta z ręczną skrzynią biegów znajdziesz u dostawcy VOLTA w cenie od 189 EUR za dobę.",
    "severity": "Major",
    "score_deduction": 3,
    "source_file": "2026-2027-pl-car-hire-city-09.docx",
    "url": "https://www.skyscanner.pl/wynajem-samochodow-w/wynajem-samochodow-w-samos/27547023.html",
    "candidate": "https://www.skyscanner.pl/wynajem-samochodow-w/wynajem-samochodow-w-samos/27547023.html"
  },
  {
    "text": "Samochód na Samos odbierzesz przede wszystkim na Lotnisku Samos, gdzie działa wielu wypożyczających.",
    "issue": "The term \"wypożyczających\" is ambiguous as it can mean both 'lenders' and 'borrowers', and is non-standard in this context. The correct, unambiguous term for 'rental companies' is \"wypożyczalni\".",
    "type_of_issue": "Style",
    "solution": "Replace \"wielu wypożyczających\" with \"wiele wypożyczalni\" for clarity and adherence to standard terminology.",
    "updated_sentence": "Samochód na Samos odbierzesz przede wszystkim na Lotnisku Samos, gdzie działa wiele wypożyczalni.",
    "severity": "Minor",
    "score_deduction": 1,
    "source_file": "2026-2027-pl-car-hire-city-09.docx",
    "url": "https://www.skyscanner.pl/wynajem-samochodow-w/wynajem-samochodow-w-samos/27547023.html",
    "candidate": "https://www.skyscanner.pl/wynajem-samochodow-w/wynajem-samochodow-w-samos/27547023.html"
  },
  {
    "text": "Kwoty naliczane są w zależności od pokonanego dystansu, a opłaty regulujesz w punktach poboru gotówką, kartą lub za pomocą elektronicznych transponderów.",
    "issue": "The sentence inconsistently mixes passive voice ('Kwoty naliczane są') with direct address ('regulujesz'), which contradicts the style guide's rule to maintain a consistent form of address.",
    "type_of_issue": "Style",
    "solution": "Rewrite the first clause to use active voice for consistency with the second clause and the rest of the paragraph.",
    "updated_sentence": "Kwota zależy od pokonanego dystansu, a opłaty regulujesz w punktach poboru gotówką, kartą lub za pomocą elektronicznych transponderów.",
    "severity": "Minor",
    "score_deduction": 1,
    "source_file": "2026-2027-pl-car-hire-city-09.docx",
    "url": "https://www.skyscanner.pl/wynajem-samochodow-w/wynajem-samochodow-w-samos/27547023.html",
    "candidate": "https://www.skyscanner.pl/wynajem-samochodow-w/wynajem-samochodow-w-samos/27547023.html"
  },
  {
    "text": "Wynajem samochodu w Zanzibarze zaczyna się od 66 zł, podczas gdy średnia roczna cena wynosi 144 zł.",
    "issue": "The currency is incorrect for the specified location. Prices for Zanzibar are listed in Polish Złoty (zł) instead of the local currency, Tanzanian Shilling (TZS), which could mislead the user.",
    "type_of_issue": "Accuracy",
    "solution": "Rephrase to clarify that the prices are approximate equivalents presented in the user's currency. Change 'Wynajem... zaczyna się od...' to 'Ceny... zaczynają się od około...'.",
    "updated_sentence": "Ceny wynajmu samochodu w Zanzibarze zaczynają się od około 66 zł, podczas gdy średnia roczna cena wynosi 144 zł.",
    "severity": "Major",
    "score_deduction": 3,
    "source_file": "2026-2027-pl-car-hire-city-09.docx",
    "url": "https://www.skyscanner.pl/wynajem-samochodow-w/wynajem-samochodow-w-zanzibar/39828399.html",
    "candidate": "https://www.skyscanner.pl/wynajem-samochodow-w/wynajem-samochodow-w-zanzibar/39828399.html"
  },
  {
    "text": "Jeśli podróżujesz w mniejszym gronie, dobrą opcją będzie Hyundai Elantra od G Raffas Cars z automatyczną skrzynią biegów w cenie od 66 zł za dobę. Za tę samą stawkę dostępny jest też Nissan Juke od G Raffas Cars, również z automatyczną skrzynią. Nieco droższa jest Skoda Scala od tego samego dostawcy z automatyczną skrzynią biegów, dostępna od 81 zł za dobę.",
    "issue": "The currency PLN (zł) is incorrect for the location (Zanzibar), which is misleading for the user.",
    "type_of_issue": "Accuracy",
    "solution": "Replace the currency 'zł' with 'USD' or '$', which is commonly used for tourism in Zanzibar. Apply this correction to all price mentions.",
    "updated_sentence": "Jeśli podróżujesz w mniejszym gronie, dobrą opcją będzie Hyundai Elantra od G Raffas Cars z automatyczną skrzynią biegów w cenie od 66 $ za dobę. Za tę samą stawkę dostępny jest też Nissan Juke od G Raffas Cars, również z automatyczną skrzynią. Nieco droższa jest Skoda Scala od tego samego dostawcy z automatyczną skrzynią biegów, dostępna od 81 $ za dobę.",
    "severity": "Major",
    "score_deduction": 3,
    "source_file": "2026-2027-pl-car-hire-city-09.docx",
    "url": "https://www.skyscanner.pl/wynajem-samochodow-w/wynajem-samochodow-w-zanzibar/39828399.html",
    "candidate": "https://www.skyscanner.pl/wynajem-samochodow-w/wynajem-samochodow-w-zanzibar/39828399.html"
  },
  {
    "text": "Porównując te warianty, weź pod uwagę rodzaj skrzyni biegów i dobową cenę, aby wybrać rozwiązanie zgodne z twoimi planami podróży.",
    "issue": "The direct-address possessive pronoun 'twoimi' is not capitalized, which violates the style guide's requirement.",
    "type_of_issue": "Compliance",
    "solution": "Capitalize the pronoun to 'Twoimi' to adhere to the required polite register.",
    "updated_sentence": "Porównując te warianty, weź pod uwagę rodzaj skrzyni biegów i dobową cenę, aby wybrać rozwiązanie zgodne z Twoimi planami podróży.",
    "severity": "Minor",
    "score_deduction": 1,
    "source_file": "2026-2027-pl-car-hire-city-09.docx",
    "url": "https://www.skyscanner.pl/wynajem-samochodow-w/wynajem-samochodow-w-berlin/27547053.html",
    "candidate": "https://www.skyscanner.pl/wynajem-samochodow-w/wynajem-samochodow-w-berlin/27547053.html"
  },
  {
    "text": "Na drogach ekspresowych i drogach krajowych obowiązuje 100 km/h, natomiast w terenie zabudowanym poruszasz się z prędkością 50 km/h.",
    "issue": "The sentence inconsistently mixes an impersonal form ('obowiązuje') with a direct second-person address ('poruszasz się'), which violates the style guide rule to maintain a consistent form of address.",
    "type_of_issue": "Compliance",
    "solution": "Rewrite the second part of the sentence to use an impersonal form to match the first part, ensuring a consistent voice.",
    "updated_sentence": "Na drogach ekspresowych i drogach krajowych obowiązuje 100 km/h, natomiast w terenie zabudowanym należy poruszać się z prędkością 50 km/h.",
    "severity": "Minor",
    "score_deduction": 1,
    "source_file": "2026-2027-pl-car-hire-city-09.docx",
    "url": "https://www.skyscanner.pl/wynajem-samochodow-w/wynajem-samochodow-w-berlin/27547053.html",
    "candidate": "https://www.skyscanner.pl/wynajem-samochodow-w/wynajem-samochodow-w-berlin/27547053.html"
  },
  {
    "text": "Najniższe stawki pojawiają się we wrześniu, więc warto zaplanować podróż na ten miesiąc, jeśli zależy ci na oszczędności.",
    "issue": "The direct-address pronoun 'ci' is not capitalized, which violates the Polish style guide's requirement to capitalize such pronouns when addressing the reader.",
    "type_of_issue": "Compliance",
    "solution": "Capitalize the pronoun 'ci' to 'Ci' to adhere to the project's style guide for direct address.",
    "updated_sentence": "Najniższe stawki pojawiają się we wrześniu, więc warto zaplanować podróż na ten miesiąc, jeśli zależy Ci na oszczędności.",
    "severity": "Minor",
    "score_deduction": 1,
    "source_file": "2026-2027-pl-car-hire-city-09.docx",
    "url": "https://www.skyscanner.pl/wynajem-samochodow-w/wynajem-samochodow-w-rimini/27546187.html",
    "candidate": "https://www.skyscanner.pl/wynajem-samochodow-w/wynajem-samochodow-w-rimini/27546187.html"
  },
  {
    "text": "Najniższe stawki pojawiają się zwykle w listopadzie, dlatego warto zaplanować podróż na ten okres, jeśli zależy ci na oszczędności.",
    "issue": "The direct address pronoun 'ci' is not capitalized, which violates the Polish style guide's rule to capitalize direct-address pronouns.",
    "type_of_issue": "Compliance",
    "solution": "Capitalize the pronoun 'ci' to 'Ci' to comply with the language-specific style guide for direct address.",
    "updated_sentence": "Najniższe stawki pojawiają się zwykle w listopadzie, dlatego warto zaplanować podróż na ten okres, jeśli zależy Ci na oszczędności.",
    "severity": "Minor",
    "score_deduction": 1,
    "source_file": "2026-2027-pl-car-hire-city-09.docx",
    "url": "https://www.skyscanner.pl/wynajem-samochodow-w/wynajem-samochodow-w-wieden/27547395.html",
    "candidate": "https://www.skyscanner.pl/wynajem-samochodow-w/wynajem-samochodow-w-wieden/27547395.html"
  },
  {
    "text": "Alternatywą pozostaje Volkswagen Golf od firmy Klasswagen.com, dostępny ze skrzynią ręczną od 88 zł za dobę.",
    "issue": "The provider's brand name incorrectly includes the '.com' suffix, which is not standard formatting for company names in running text.",
    "type_of_issue": "Compliance",
    "solution": "Remove the '.com' suffix from the brand name for correct and consistent representation.",
    "updated_sentence": "Alternatywą pozostaje Volkswagen Golf od firmy Klasswagen, dostępny ze skrzynią ręczną od 88 zł za dobę.",
    "severity": "Minor",
    "score_deduction": 1,
    "source_file": "2026-2027-pl-car-hire-city-09.docx",
    "url": "https://www.skyscanner.pl/wynajem-samochodow-w/wynajem-samochodow-w-wieden/27547395.html",
    "candidate": "https://www.skyscanner.pl/wynajem-samochodow-w/wynajem-samochodow-w-wieden/27547395.html"
  },
  {
    "text": "Minimalny wiek wynajmu wynosi 21 lat, a kierowcy młodsi niż 25 lat często muszą liczyć się z dodatkową opłatą. Prowadzić auto możesz od 17. roku życia.",
    "issue": "The sentence stating the legal driving age (17) creates a misleading internal contradiction with the minimum rental age (21), as it is irrelevant to the conditions for renting a car and confuses the user about eligibility.",
    "type_of_issue": "Accuracy",
    "solution": "Remove the sentence about the legal driving age, as it does not apply to the specific requirements for renting a car.",
    "updated_sentence": "Minimalny wiek wynajmu wynosi 21 lat, a kierowcy młodsi niż 25 lat często muszą liczyć się z dodatkową opłatą.",
    "severity": "Major",
    "score_deduction": 3,
    "source_file": "2026-2027-pl-car-hire-city-09.docx",
    "url": "https://www.skyscanner.pl/wynajem-samochodow-w/wynajem-samochodow-w-wieden/27547395.html",
    "candidate": "https://www.skyscanner.pl/wynajem-samochodow-w/wynajem-samochodow-w-wieden/27547395.html"
  },
  {
    "text": "Zwróć uwagę na warunki najmu oraz zakres ubezpieczenia, aby dobrać samochód odpowiadający Twoim potrzebom podczas pobytu.",
    "issue": "The direct-address pronoun 'Twoim' is not capitalized, which violates the project's style guide for Polish.",
    "type_of_issue": "Compliance",
    "solution": "Capitalize the pronoun 'Twoim' to 'Twoim' to align with the style guide.",
    "updated_sentence": "Zwróć uwagę na warunki najmu oraz zakres ubezpieczenia, aby dobrać samochód odpowiadający Twoim potrzebom podczas pobytu.",
    "severity": "Minor",
    "score_deduction": 1,
    "source_file": "2026-2027-pl-car-hire-city-10.docx",
    "url": "https://www.skyscanner.pl/wynajem-samochodow-w/wynajem-samochodow-w-lloret-de-mar/29480590.html",
    "candidate": "https://www.skyscanner.pl/wynajem-samochodow-w/wynajem-samochodow-w-lloret-de-mar/29480590.html"
  },
  {
    "text": "Rezerwacja na lotnisku pozwala odebrać auto zaraz po wylądowaniu, bez dodatkowego dojazdu do centrum.",
    "issue": "A comma is incorrectly placed before an integral prepositional phrase, which disrupts the sentence flow.",
    "type_of_issue": "Punctuation/Spelling/Typos",
    "solution": "Remove the unnecessary comma before 'bez dodatkowego dojazdu do centrum'.",
    "updated_sentence": "Rezerwacja na lotnisku pozwala odebrać auto zaraz po wylądowaniu bez dodatkowego dojazdu do centrum.",
    "severity": "Minor",
    "score_deduction": 1,
    "source_file": "2026-2027-pl-car-hire-city-10.docx",
    "url": "https://www.skyscanner.pl/wynajem-samochodow-w/wynajem-samochodow-w-lloret-de-mar/29480590.html",
    "candidate": "https://www.skyscanner.pl/wynajem-samochodow-w/wynajem-samochodow-w-lloret-de-mar/29480590.html"
  },
  {
    "text": "Minimalny wiek wynajmu wynosi 21 lat, przy czym wiele firm dolicza opłatę dla młodych kierowców poniżej 25 lat.",
    "issue": "The text creates an internal contradiction by first stating there is only one car rental supplier in the location, and then referring to \"many companies\" (wiele firm) in the same context.",
    "type_of_issue": "Accuracy",
    "solution": "Rephrase to align with the \"one supplier\" context by referring to \"the supplier\" instead of \"many companies\".",
    "updated_sentence": "Minimalny wiek wynajmu wynosi 21 lat, przy czym dostawca może doliczyć opłatę dla młodych kierowców poniżej 25 lat.",
    "severity": "Major",
    "score_deduction": 3,
    "source_file": "2026-2027-pl-car-hire-city-10.docx",
    "url": "https://www.skyscanner.pl/wynajem-samochodow-w/wynajem-samochodow-w-lloret-de-mar/29480590.html",
    "candidate": "https://www.skyscanner.pl/wynajem-samochodow-w/wynajem-samochodow-w-lloret-de-mar/29480590.html"
  },
  {
    "text": "Wśród dostępnych ofert znajdziesz Volkswagena Caddy z manualną skrzynią biegów od Hertz w cenie od 273 zł za dobę.",
    "issue": "The term 'manualną' for manual transmission deviates from the mandated glossary term 'ręczną'.",
    "type_of_issue": "Compliance",
    "solution": "Replace 'manualną' with the glossary term 'ręczną'.",
    "updated_sentence": "Wśród dostępnych ofert znajdziesz Volkswagena Caddy z ręczną skrzynią biegów od Hertz w cenie od 273 zł za dobę.",
    "severity": "Minor",
    "score_deduction": 1,
    "source_file": "2026-2027-pl-car-hire-city-10.docx",
    "url": "https://www.skyscanner.pl/wynajem-samochodow-w/wynajem-samochodow-w-bergen/27538759.html",
    "candidate": "https://www.skyscanner.pl/wynajem-samochodow-w/wynajem-samochodow-w-bergen/27538759.html"
  },
  {
    "text": "Wśród dostępnych ofert znajdziesz Volkswagena Caddy z manualną skrzynią biegów od Hertz w cenie od 273 zł za dobę.",
    "issue": "The price for a service in Norway is stated in PLN (zł) without qualification, which is misleading as the local currency is NOK and the value is likely a conversion. This pattern repeats with other prices in the text.",
    "type_of_issue": "Accuracy",
    "solution": "Add 'ok.' before the price amount to indicate it is an approximate, converted value. Apply this to all prices.",
    "updated_sentence": "Wśród dostępnych ofert znajdziesz Volkswagena Caddy z manualną skrzynią biegów od Hertz w cenie od ok. 273 zł za dobę.",
    "severity": "Major",
    "score_deduction": 3,
    "source_file": "2026-2027-pl-car-hire-city-10.docx",
    "url": "https://www.skyscanner.pl/wynajem-samochodow-w/wynajem-samochodow-w-bergen/27538759.html",
    "candidate": "https://www.skyscanner.pl/wynajem-samochodow-w/wynajem-samochodow-w-bergen/27538759.html"
  },
  {
    "text": "Wśród dostępnych ofert znajdziesz Peugeota 408 od firmy Flex To Go ze skrzynią ręczną w cenie od 107 zł za dobę.",
    "issue": "The currency is incorrect for the location; Polish Złoty (zł) is used for a service in Munich, Germany, instead of the Euro (€). This pattern repeats for all prices in the text.",
    "type_of_issue": "Accuracy",
    "solution": "Change the currency symbol from 'zł' to '€' to reflect the correct currency for the location.",
    "updated_sentence": "Wśród dostępnych ofert znajdziesz Peugeota 408 od firmy Flex To Go ze skrzynią ręczną w cenie od 107 € za dobę.",
    "severity": "Major",
    "score_deduction": 3,
    "source_file": "2026-2027-pl-car-hire-city-10.docx",
    "url": "https://www.skyscanner.pl/wynajem-samochodow-w/wynajem-samochodow-w-monachium/27545034.html",
    "candidate": "https://www.skyscanner.pl/wynajem-samochodow-w/wynajem-samochodow-w-monachium/27545034.html"
  },
  {
    "text": "Jeśli zależy ci na automatycznej skrzyni, rozważ Hyundai i20 od Rental24, dostępny od 91 zł za dobę.",
    "issue": "The second-person pronoun \"ci\" is not capitalized, violating the style guide's rule for capitalizing pronouns used in direct address.",
    "type_of_issue": "Compliance",
    "solution": "Capitalize the pronoun \"ci\" to \"Ci\" to comply with the Polish style guide.",
    "updated_sentence": "Jeśli zależy Ci na automatycznej skrzyni, rozważ Hyundai i20 od Rental24, dostępny od 91 zł za dobę.",
    "severity": "Minor",
    "score_deduction": 1,
    "source_file": "2026-2027-pl-car-hire-city-10.docx",
    "url": "https://www.skyscanner.pl/wynajem-samochodow-w/wynajem-samochodow-w-agadir/27536479.html",
    "candidate": "https://www.skyscanner.pl/wynajem-samochodow-w/wynajem-samochodow-w-agadir/27536479.html"
  },
  {
    "text": "Jeśli twoje prawo jazdy nie jest zapisane alfabetem łacińskim, konieczne będzie międzynarodowe prawo jazdy, którego część agencji wymaga od wszystkich zagranicznych kierowców.",
    "issue": "The direct-address pronoun 'twoje' is not capitalized, which is a violation of the style guide's capitalization rule for direct address.",
    "type_of_issue": "Compliance",
    "solution": "Capitalize the pronoun 'twoje' to 'Twoje' to comply with the style guide.",
    "updated_sentence": "Jeśli Twoje prawo jazdy nie jest zapisane alfabetem łacińskim, konieczne będzie międzynarodowe prawo jazdy, którego część agencji wymaga od wszystkich zagranicznych kierowców.",
    "severity": "Minor",
    "score_deduction": 1,
    "source_file": "2026-2027-pl-car-hire-city-10.docx",
    "url": "https://www.skyscanner.pl/wynajem-samochodow-w/wynajem-samochodow-w-agadir/27536479.html",
    "candidate": "https://www.skyscanner.pl/wynajem-samochodow-w/wynajem-samochodow-w-agadir/27536479.html"
  },
  {
    "text": "W kraju funkcjonują drogi płatne — krajowa sieć autostrad ADM działa w systemie zamkniętym.",
    "issue": "An em dash (—) was used for a parenthetical break, but the Polish style guide requires an en dash (–).",
    "type_of_issue": "Punctuation/Spelling/Typos",
    "solution": "Replace the em dash with an en dash as per locale-specific typographic rules.",
    "updated_sentence": "W kraju funkcjonują drogi płatne – krajowa sieć autostrad ADM działa w systemie zamkniętym.",
    "severity": "Minor",
    "score_deduction": 1,
    "source_file": "2026-2027-pl-car-hire-city-10.docx",
    "url": "https://www.skyscanner.pl/wynajem-samochodow-w/wynajem-samochodow-w-agadir/27536479.html",
    "candidate": "https://www.skyscanner.pl/wynajem-samochodow-w/wynajem-samochodow-w-agadir/27536479.html"
  },
  {
    "text": "We Włoszech ruch odbywa się prawą stroną drogi. Na autostradach obowiązuje ograniczenie do 130 km/h, a na drogach ekspresowych do 110 km/h. Poza terenem zabudowanym na drogach krajowych możesz jechać do 90 km/h, natomiast na pozostałych drogach limit wynosi 50 km/h. Sieć autostrad (autostrada) działa w systemie zamkniętym: przy wjeździe pobierasz bilet, a opłatę uzależnioną od przejechanego dystansu regulujesz przy zjeździe. Zapłacisz gotówką, kartą lub za pomocą transpondera Telepass",
    "issue": "The final sentence of the paragraph is missing a terminal period.",
    "type_of_issue": "Punctuation/Spelling/Typos",
    "solution": "Add a period at the end of the last sentence to properly punctuate the paragraph.",
    "updated_sentence": "We Włoszech ruch odbywa się prawą stroną drogi. Na autostradach obowiązuje ograniczenie do 130 km/h, a na drogach ekspresowych do 110 km/h. Poza terenem zabudowanym na drogach krajowych możesz jechać do 90 km/h, natomiast na pozostałych drogach limit wynosi 50 km/h. Sieć autostrad (autostrada) działa w systemie zamkniętym: przy wjeździe pobierasz bilet, a opłatę uzależnioną od przejechanego dystansu regulujesz przy zjeździe. Zapłacisz gotówką, kartą lub za pomocą transpondera Telepass.",
    "severity": "Minor",
    "score_deduction": 1,
    "source_file": "2026-2027-pl-car-hire-city-10.docx",
    "url": "https://www.skyscanner.pl/wynajem-samochodow-w/wynajem-samochodow-w-lamezia-terme/27546311.html",
    "candidate": "https://www.skyscanner.pl/wynajem-samochodow-w/wynajem-samochodow-w-lamezia-terme/27546311.html"
  },
  {
    "text": "Jeśli szukasz kompaktowego auta z manualną skrzynią, dostawca Flex To Go oferuje Toyota Aygo od 268 zł za dobę.",
    "issue": "The term \"manualną skrzynią\" is incomplete and inconsistent with the glossary term \"ręczna\" and the term \"ręczną skrzynią biegów\" used in the preceding sentence.",
    "type_of_issue": "Compliance",
    "solution": "Change \"manualną skrzynią\" to \"ręczną skrzynią biegów\" for glossary compliance, grammatical correctness, and internal consistency.",
    "updated_sentence": "Jeśli szukasz kompaktowego auta z ręczną skrzynią biegów, dostawca Flex To Go oferuje Toyota Aygo od 268 zł za dobę.",
    "severity": "Minor",
    "score_deduction": 1,
    "source_file": "2026-2027-pl-car-hire-city-10.docx",
    "url": "https://www.skyscanner.pl/wynajem-samochodow-w/wynajem-samochodow-w-hamburg/27536295.html",
    "candidate": "https://www.skyscanner.pl/wynajem-samochodow-w/wynajem-samochodow-w-hamburg/27536295.html"
  },
  {
    "text": "Auto podstawimy także w innych dzielnicach, takich jak Sankt Georg, Rotherbaum czy Harvestehude, a kolejne opcje obejmują Hamburg-Altona oraz okolice dworca Hamburg Central Station.",
    "issue": "The verb \"podstawimy\" (1st person plural, \"we will provide\") is inconsistent with the direct 2nd person singular address (\"Ty\" form) used throughout the rest of the text (e.g., \"odbierzesz\", \"znajdziesz\").",
    "type_of_issue": "Compliance",
    "solution": "Change the verb to the 2nd person singular (\"odbierzesz\") to maintain a consistent form of address as required by the style guide.",
    "updated_sentence": "Auto odbierzesz także w innych dzielnicach, takich jak Sankt Georg, Rotherbaum czy Harvestehude, a kolejne opcje obejmują Hamburg-Altona oraz okolice dworca Hamburg Central Station.",
    "severity": "Minor",
    "score_deduction": 1,
    "source_file": "2026-2027-pl-car-hire-city-10.docx",
    "url": "https://www.skyscanner.pl/wynajem-samochodow-w/wynajem-samochodow-w-hamburg/27536295.html",
    "candidate": "https://www.skyscanner.pl/wynajem-samochodow-w/wynajem-samochodow-w-hamburg/27536295.html"
  },
  {
    "text": "Opłata drogowa dotyczy ciężarówek i autobusów o masie powyżej 3,5 tony, którzy uiszczają elektroniczną opłatę zależną od pokonanego dystansu (LKW-Maut), rozliczaną przez system GPS.",
    "issue": "The relative pronoun 'którzy' is used, which is reserved for masculine personal nouns, but it refers to inanimate objects ('ciężarówki i autobusy' - trucks and buses).",
    "type_of_issue": "Grammar",
    "solution": "Change the relative pronoun 'którzy' to 'które' to correctly agree with the non-personal nouns.",
    "updated_sentence": "Opłata drogowa dotyczy ciężarówek i autobusów o masie powyżej 3,5 tony, które uiszczają elektroniczną opłatę zależną od pokonanego dystansu (LKW-Maut), rozliczaną przez system GPS.",
    "severity": "Minor",
    "score_deduction": 1,
    "source_file": "2026-2027-pl-car-hire-city-10.docx",
    "url": "https://www.skyscanner.pl/wynajem-samochodow-w/wynajem-samochodow-w-hamburg/27536295.html",
    "candidate": "https://www.skyscanner.pl/wynajem-samochodow-w/wynajem-samochodow-w-hamburg/27536295.html"
  },
  {
    "text": "Poza tymi dwiema opcjami dostępne są także punkty w Figueres, Malgrat de Mar oraz Santa Susanna, jeśli wygodniej ci zacząć podróż bliżej wybrzeża lub w innej części regionu.",
    "issue": "The direct-address pronoun 'ci' is not capitalized, which violates the locale-specific style guide rule.",
    "type_of_issue": "Compliance",
    "solution": "Capitalize the pronoun 'ci' to 'Ci' to comply with the project's direct address formatting rules.",
    "updated_sentence": "Poza tymi dwiema opcjami dostępne są także punkty w Figueres, Malgrat de Mar oraz Santa Susanna, jeśli wygodniej Ci zacząć podróż bliżej wybrzeża lub w innej części regionu.",
    "severity": "Minor",
    "score_deduction": 1,
    "source_file": "2026-2027-pl-car-hire-city-10.docx",
    "url": "https://www.skyscanner.pl/wynajem-samochodow-w/wynajem-samochodow-w-girona/27541920.html",
    "candidate": "https://www.skyscanner.pl/wynajem-samochodow-w/wynajem-samochodow-w-girona/27541920.html"
  },
  {
    "text": "Większość dróg typu autovía oraz drogi krajowe pozostaje bezpłatna, co ułatwia planowanie trasy bez dodatkowych kosztów.",
    "issue": "The singular verb 'pozostaje' and singular adjective 'bezpłatna' do not agree with the plural compound subject 'Większość dróg... oraz drogi krajowe'.",
    "type_of_issue": "Grammar",
    "solution": "Change the verb to its plural form 'pozostają' and the adjective to its plural form 'bezpłatne' to match the compound subject.",
    "updated_sentence": "Większość dróg typu autovía oraz drogi krajowe pozostają bezpłatne, co ułatwia planowanie trasy bez dodatkowych kosztów.",
    "severity": "Minor",
    "score_deduction": 1,
    "source_file": "2026-2027-pl-car-hire-city-10.docx",
    "url": "https://www.skyscanner.pl/wynajem-samochodow-w/wynajem-samochodow-w-girona/27541920.html",
    "candidate": "https://www.skyscanner.pl/wynajem-samochodow-w/wynajem-samochodow-w-girona/27541920.html"
  },
  {
    "text": "U wypożyczalni ECH znajdziesz ten model ze skrzynią ręczną od 86 zł za dobę.",
    "issue": "The preposition 'u' is used colloquially. The standard and more appropriate preposition for an institution like a car rental company is 'w'.",
    "type_of_issue": "Grammar",
    "solution": "Replace the preposition 'u' with the correct form 'w'.",
    "updated_sentence": "W wypożyczalni ECH znajdziesz ten model ze skrzynią ręczną od 86 zł za dobę.",
    "severity": "Minor",
    "score_deduction": 1,
    "source_file": "2026-2027-pl-car-hire-city-10.docx",
    "url": "https://www.skyscanner.pl/wynajem-samochodow-w/wynajem-samochodow-w-trapani/27547239.html",
    "candidate": "https://www.skyscanner.pl/wynajem-samochodow-w/wynajem-samochodow-w-trapani/27547239.html"
  },
  {
    "text": "Dostępność licznych wypożyczalni na lotnisku daje ci sporo możliwości dopasowania samochodu do własnych potrzeb.",
    "issue": "The direct-address pronoun 'ci' is not capitalized, which violates the mandatory Polish style guide rule.",
    "type_of_issue": "Compliance",
    "solution": "Capitalize the pronoun 'ci' to 'Ci' to comply with the project's style guide for direct address.",
    "updated_sentence": "Dostępność licznych wypożyczalni na lotnisku daje Ci sporo możliwości dopasowania samochodu do własnych potrzeb.",
    "severity": "Minor",
    "score_deduction": 1,
    "source_file": "2026-2027-pl-car-hire-city-10.docx",
    "url": "https://www.skyscanner.pl/wynajem-samochodow-w/wynajem-samochodow-w-trapani/27547239.html",
    "candidate": "https://www.skyscanner.pl/wynajem-samochodow-w/wynajem-samochodow-w-trapani/27547239.html"
  },
  {
    "text": "Sieć autostrad, czyli autostrada, działa w systemie zamkniętym: przy wjeździe pobierasz bilet, a przy zjeździe płacisz według przejechanego dystansu.",
    "issue": "The phrase \"Sieć autostrad, czyli autostrada\" (A network of motorways, i.e. a motorway) is logically incorrect and impairs comprehension, as a network is not equivalent to a single road.",
    "type_of_issue": "Style",
    "solution": "Rephrase the subject to be logically sound. Change to \"Włoskie autostrady\" (Italian motorways) and adjust the verb to the plural form \"działają\".",
    "updated_sentence": "Włoskie autostrady działają w systemie zamkniętym: przy wjeździe pobierasz bilet, a przy zjeździe płacisz według przejechanego dystansu.",
    "severity": "Major",
    "score_deduction": 3,
    "source_file": "2026-2027-pl-car-hire-city-10.docx",
    "url": "https://www.skyscanner.pl/wynajem-samochodow-w/wynajem-samochodow-w-trapani/27547239.html",
    "candidate": "https://www.skyscanner.pl/wynajem-samochodow-w/wynajem-samochodow-w-trapani/27547239.html"
  },
  {
    "text": "Wynajem samochodu w Torremolinos zaczyna się od 30 zł, podczas gdy średnia roczna cena wynosi 157 zł. Ceny wahają się w zależności od pory roku, a najtaniej wypada wrzesień, kiedy stawki spadają najniżej. Aby uzyskać korzystną ofertę, rezerwuj samochód 1 tydzień wcześniej przed planowanym terminem odbioru. Porównanie propozycji różnych wypożyczalni pozwala dopasować cenę do budżetu i potrzeb. Warto sprawdzić dostępne modele oraz warunki najmu przed dokonaniem wyboru, uwzględniając daty podróży i preferowaną klasę pojazdu.",
    "issue": "The single paragraph combines multiple distinct ideas (pricing, booking timeline, comparison tips), which makes it difficult to scan for web content.",
    "type_of_issue": "Style",
    "solution": "Split the content into shorter, focused paragraphs to improve scannability and structure.",
    "updated_sentence": "Wynajem samochodu w Torremolinos zaczyna się od 30 zł, podczas gdy średnia roczna cena wynosi 157 zł. Ceny wahają się w zależności od pory roku, a najtaniej wypada wrzesień, kiedy stawki spadają najniżej.\n\nAby uzyskać korzystną ofertę, rezerwuj samochód 1 tydzień wcześniej przed planowanym terminem odbioru.\n\nPorównanie propozycji różnych wypożyczalni pozwala dopasować cenę do budżetu i potrzeb. Warto sprawdzić dostępne modele oraz warunki najmu przed dokonaniem wyboru, uwzględniając daty podróży i preferowaną klasę pojazdu.",
    "severity": "Minor",
    "score_deduction": 1,
    "source_file": "2026-2027-pl-car-hire-city-10.docx",
    "url": "https://www.skyscanner.pl/wynajem-samochodow-w/wynajem-samochodow-w-torremolinos/27551021.html",
    "candidate": "https://www.skyscanner.pl/wynajem-samochodow-w/wynajem-samochodow-w-torremolinos/27551021.html"
  },
  {
    "text": "Najniższe stawki pojawiają się zwykle w październiku, więc warto zaplanować podróż na ten miesiąc, jeśli zależy ci na oszczędności.",
    "issue": "The direct address pronoun 'ci' is not capitalized, which violates the Polish style guide's rule to capitalize such pronouns for politeness.",
    "type_of_issue": "Compliance",
    "solution": "Capitalize the pronoun 'ci' to 'Ci' to adhere to the project's style guide for direct address.",
    "updated_sentence": "Najniższe stawki pojawiają się zwykle w październiku, więc warto zaplanować podróż na ten miesiąc, jeśli zależy Ci na oszczędności.",
    "severity": "Minor",
    "score_deduction": 1,
    "source_file": "2026-2027-pl-car-hire-city-10.docx",
    "url": "https://www.skyscanner.pl/wynajem-samochodow-w/wynajem-samochodow-w-laganas/38354118.html",
    "candidate": "https://www.skyscanner.pl/wynajem-samochodow-w/wynajem-samochodow-w-laganas/38354118.html"
  },
  {
    "text": "Volkswagen Tiguan od dostawcy Flex To Go z manualną przekładnią kosztuje od 182 zł za dobę.",
    "issue": "The term for 'manual transmission' is inconsistent within the paragraph, using 'skrzynią ręczną', 'ręczną skrzynią biegów', and 'manualną przekładnią'. The glossary term for 'manual' is 'ręczna', making 'manualną przekładnią' an inconsistent choice.",
    "type_of_issue": "Compliance",
    "solution": "Change 'manualną przekładnią' to 'ręczną skrzynią biegów' to align with the glossary and maintain consistency with other sentences in the paragraph.",
    "updated_sentence": "Volkswagen Tiguan od dostawcy Flex To Go z ręczną skrzynią biegów kosztuje od 182 zł za dobę.",
    "severity": "Minor",
    "score_deduction": 1,
    "source_file": "2026-2027-pl-car-hire-city-10.docx",
    "url": "https://www.skyscanner.pl/wynajem-samochodow-w/wynajem-samochodow-w-laganas/38354118.html",
    "candidate": "https://www.skyscanner.pl/wynajem-samochodow-w/wynajem-samochodow-w-laganas/38354118.html"
  },
  {
    "text": "W Laganas dostępnych jest sześciu wypożyczających samochody.",
    "issue": "The numeral 'sześciu' and the participle 'wypożyczających' are in the masculine personal form, incorrectly implying 'six people who rent out cars' instead of six rental companies.",
    "type_of_issue": "Accuracy",
    "solution": "Use the non-personal numeral 'sześć' and the correct noun 'wypożyczalni samochodów' to refer to business entities.",
    "updated_sentence": "W Laganas dostępnych jest sześć wypożyczalni samochodów.",
    "severity": "Major",
    "score_deduction": 3,
    "source_file": "2026-2027-pl-car-hire-city-10.docx",
    "url": "https://www.skyscanner.pl/wynajem-samochodow-w/wynajem-samochodow-w-laganas/38354118.html",
    "candidate": "https://www.skyscanner.pl/wynajem-samochodow-w/wynajem-samochodow-w-laganas/38354118.html"
  },
  {
    "text": "Opłata naliczana jest na podstawie przejechanej odległości i uiszczasz ją w punktach poboru gotówką, kartą lub za pomocą elektronicznego transpondera.",
    "issue": "The sentence inconsistently mixes an impersonal construction ('naliczana jest') with a direct, second-person form ('uiszczasz'), disrupting the formal tone. This pattern of inconsistent voice repeats in other sentences.",
    "type_of_issue": "Style",
    "solution": "Change the second part of the sentence to an impersonal form to maintain a consistent voice suitable for stating rules.",
    "updated_sentence": "Opłata naliczana jest na podstawie przejechanej odległości i uiszcza się ją w punktach poboru gotówką, kartą lub za pomocą elektronicznego transpondera.",
    "severity": "Minor",
    "score_deduction": 1,
    "source_file": "2026-2027-pl-car-hire-city-10.docx",
    "url": "https://www.skyscanner.pl/wynajem-samochodow-w/wynajem-samochodow-w-laganas/38354118.html",
    "candidate": "https://www.skyscanner.pl/wynajem-samochodow-w/wynajem-samochodow-w-laganas/38354118.html"
  }
]

Return ONLY the JSON object for overall_feedback as specified in the system prompt.

2026-09-01 10:52:58,105 - INFO - AFC is enabled with max remote calls: 10.
2026-09-01 10:53:20,628 - INFO - HTTP Request: POST https://generativelanguage.googleapis.com/v1beta/models/gemini-2.5-pro:generateContent "HTTP/1.1 200 OK"
2026-09-01 10:53:20,731 - INFO - [PL] Wrote report → /Users/apple/Desktop/aurix/skyscanner-AI-Writer-IMWT/output/PL/LQA_Report_PL_20260901_085320.xlsx
2026-09-01 10:53:20,733 - INFO - [PL] Saved raw JSON → /Users/apple/Desktop/aurix/skyscanner-AI-Writer-IMWT/output/PL/LQA_Report_PL_20260901_085320_final.json
2026-09-01 10:53:20,801 - INFO - Wrote edited DOCX → /Users/apple/Desktop/aurix/skyscanner-AI-Writer-IMWT/output/PL/Edited_PL_2026-2027-pl-car-hire-city-06_20260901_085320.docx
2026-09-01 10:53:20,861 - INFO - Wrote edited DOCX → /Users/apple/Desktop/aurix/skyscanner-AI-Writer-IMWT/output/PL/Edited_PL_2026-2027-pl-car-hire-city-07_20260901_085320.docx
2026-09-01 10:53:20,921 - INFO - Wrote edited DOCX → /Users/apple/Desktop/aurix/skyscanner-AI-Writer-IMWT/output/PL/Edited_PL_2026-2027-pl-car-hire-city-08_20260901_085320.docx
2026-09-01 10:53:20,991 - INFO - Wrote edited DOCX → /Users/apple/Desktop/aurix/skyscanner-AI-Writer-IMWT/output/PL/Edited_PL_2026-2027-pl-car-hire-city-09_20260901_085320.docx
2026-09-01 10:53:21,048 - INFO - Wrote edited DOCX → /Users/apple/Desktop/aurix/skyscanner-AI-Writer-IMWT/output/PL/Edited_PL_2026-2027-pl-car-hire-city-10_20260901_085320.docx
2026-09-01 10:53:21,048 - INFO - [PL] Completed all three agents.

2026-09-01 10:53:21,048 - INFO - LQA pipeline finished successfully (3-agent).
2026-09-01 10:53:21,048 - INFO - Full run log saved to /Users/apple/Desktop/aurix/skyscanner-AI-Writer-IMWT/output/lqa_run_PL_20260901_081758.log
