2026-09-01 09:33:44,401 - INFO - File logging enabled → /Users/apple/Desktop/aurix/skyscanner-AI-Writer-IMWT/output/lqa_run_HU_20260901_073344.log
2026-09-01 09:33:44,402 - INFO - Language filter active → HU
2026-09-01 09:33:44,403 - INFO - Loading and formatting glossary from /Users/apple/Desktop/aurix/skyscanner-AI-Writer-IMWT/reference/Skyscanner_Glossary_v2.xlsx
2026-09-01 09:33:44,643 - INFO - Glossary loaded for SA (ar-SA): 268 terms
2026-09-01 09:33:44,644 - INFO - Glossary loaded for CZ (cs-CZ): 229 terms
2026-09-01 09:33:44,644 - INFO - Glossary loaded for GR (el-GR): 229 terms
2026-09-01 09:33:44,645 - INFO - Glossary loaded for HU (hu-HU): 229 terms
2026-09-01 09:33:44,645 - INFO - Glossary loaded for PL (pl-PL): 236 terms
2026-09-01 09:33:44,645 - INFO - Glossary loaded for TH (th-TH): 229 terms
2026-09-01 09:33:44,646 - INFO - Glossary loaded for TR (tr-TR): 228 terms
2026-09-01 09:33:44,646 - INFO - Glossary loaded for DE (de-DE): 272 terms
2026-09-01 09:33:44,647 - INFO - Glossary loaded for ES (es-ES): 269 terms
2026-09-01 09:33:44,648 - INFO - Glossary loaded for FR (fr-FR): 270 terms
2026-09-01 09:33:44,648 - INFO - Glossary loaded for IT (it-IT): 269 terms
2026-09-01 09:33:44,649 - INFO - Glossary loaded for NL (nl-NL): 269 terms
2026-09-01 09:33:44,649 - INFO - Glossary loaded for BR (pt-BR): 250 terms
2026-09-01 09:33:44,649 - INFO - Glossary loaded for PT (pt-PT): 228 terms
2026-09-01 09:33:44,650 - INFO - Glossary loaded for US (en-US): 239 terms
2026-09-01 09:33:44,651 - WARNING - Skipping 2026-2027-cz-car-hire-city-06.docx: could not infer language code from filename.
2026-09-01 09:33:44,651 - WARNING - Skipping 2026-2027-cz-car-hire-city-07.docx: could not infer language code from filename.
2026-09-01 09:33:44,651 - WARNING - Skipping 2026-2027-cz-car-hire-city-08.docx: could not infer language code from filename.
2026-09-01 09:33:44,651 - WARNING - Skipping 2026-2027-cz-car-hire-city-09.docx: could not infer language code from filename.
2026-09-01 09:33:44,651 - WARNING - Skipping 2026-2027-cz-car-hire-city-10.docx: could not infer language code from filename.
2026-09-01 09:33:44,651 - WARNING - Skipping 2026-2027-gr-car-hire-city-06.docx: could not infer language code from filename.
2026-09-01 09:33:44,651 - WARNING - Skipping 2026-2027-gr-car-hire-city-07.docx: could not infer language code from filename.
2026-09-01 09:33:44,651 - WARNING - Skipping 2026-2027-gr-car-hire-city-08.docx: could not infer language code from filename.
2026-09-01 09:33:44,651 - WARNING - Skipping 2026-2027-gr-car-hire-city-09.docx: could not infer language code from filename.
2026-09-01 09:33:44,651 - WARNING - Skipping 2026-2027-gr-car-hire-city-10.docx: could not infer language code from filename.
2026-09-01 09:33:44,651 - WARNING - Skipping 2026-2027-pl-car-hire-city-06.docx: could not infer language code from filename.
2026-09-01 09:33:44,651 - WARNING - Skipping 2026-2027-pl-car-hire-city-07.docx: could not infer language code from filename.
2026-09-01 09:33:44,651 - WARNING - Skipping 2026-2027-pl-car-hire-city-08.docx: could not infer language code from filename.
2026-09-01 09:33:44,651 - WARNING - Skipping 2026-2027-pl-car-hire-city-09.docx: could not infer language code from filename.
2026-09-01 09:33:44,651 - WARNING - Skipping 2026-2027-pl-car-hire-city-10.docx: could not infer language code from filename.
2026-09-01 09:33:44,651 - WARNING - Skipping 2026-2027-pt-car-hire-city-06.docx: could not infer language code from filename.
2026-09-01 09:33:44,651 - WARNING - Skipping 2026-2027-pt-car-hire-city-07.docx: could not infer language code from filename.
2026-09-01 09:33:44,651 - WARNING - Skipping 2026-2027-pt-car-hire-city-08.docx: could not infer language code from filename.
2026-09-01 09:33:44,651 - WARNING - Skipping 2026-2027-pt-car-hire-city-09.docx: could not infer language code from filename.
2026-09-01 09:33:44,651 - WARNING - Skipping 2026-2027-pt-car-hire-city-10.docx: could not infer language code from filename.
2026-09-01 09:33:44,651 - WARNING - Skipping 2026-2027-sa-car-hire-city-06.docx: could not infer language code from filename.
2026-09-01 09:33:44,651 - WARNING - Skipping 2026-2027-sa-car-hire-city-07.docx: could not infer language code from filename.
2026-09-01 09:33:44,651 - WARNING - Skipping 2026-2027-sa-car-hire-city-08.docx: could not infer language code from filename.
2026-09-01 09:33:44,651 - WARNING - Skipping 2026-2027-sa-car-hire-city-09.docx: could not infer language code from filename.
2026-09-01 09:33:44,651 - WARNING - Skipping 2026-2027-sa-car-hire-city-10.docx: could not infer language code from filename.
2026-09-01 09:33:44,651 - WARNING - Skipping 2026-2027-tr-car-hire-city-06.docx: could not infer language code from filename.
2026-09-01 09:33:44,652 - WARNING - Skipping 2026-2027-tr-car-hire-city-07.docx: could not infer language code from filename.
2026-09-01 09:33:44,652 - WARNING - Skipping 2026-2027-tr-car-hire-city-08.docx: could not infer language code from filename.
2026-09-01 09:33:44,652 - WARNING - Skipping 2026-2027-tr-car-hire-city-09.docx: could not infer language code from filename.
2026-09-01 09:33:44,652 - WARNING - Skipping 2026-2027-tr-car-hire-city-10.docx: could not infer language code from filename.
2026-09-01 09:33:44,652 - WARNING - Skipping Copy of 2026-2027-th-car-hire-city-06.docx: could not infer language code from filename.
2026-09-01 09:33:44,652 - WARNING - Skipping Copy of 2026-2027-th-car-hire-city-07.docx: could not infer language code from filename.
2026-09-01 09:33:44,652 - WARNING - Skipping Copy of 2026-2027-th-car-hire-city-08.docx: could not infer language code from filename.
2026-09-01 09:33:44,652 - WARNING - Skipping Copy of 2026-2027-th-car-hire-city-09.docx: could not infer language code from filename.
2026-09-01 09:33:44,652 - WARNING - Skipping Copy of 2026-2027-th-car-hire-city-10.docx: could not infer language code from filename.
2026-09-01 09:33:44,652 - INFO - ===== Language HU: parsing input files → sections/batches =====
2026-09-01 09:33:44,714 - INFO - [HU] Total batches to process: 250
2026-09-01 09:33:44,714 - INFO - [A1][HU][2026-2027-hu-car-hire-city-06__0001] SYSTEM PROMPT (first batch only):
# ROLE & MISSION

You are an **Expert Technical LQA Auditor**. Your mission is to perform a precise, objective, and rule-based audit of localized content. Your single focus is to identify and report **verifiable errors** that impact **correctness, clarity, and compliance**.

You are an auditor, **not a creative editor**. Your analysis must be grounded in the provided rules, glossary, and linguistic conventions. You will produce a single, clean JSON object containing actionable, high-impact findings.

This prompt is used across multiple languages. A locale-specific instruction pack is auto-injected as `lang instructions`. **These instructions are your highest authority and override any general rules in this document where they differ.**

You will receive a `Topic Name` for each batch (e.g., a route or travel topic). Use it as context and **do not flag hardcoded city/route mentions as errors when they match the Topic Name** (destination/from cities already specified by the topic are not mistakes).

---

## PROJECT-SPECIFIC EXCLUSIONS (HIGHEST PRIORITY)

Do **not** flag or correct names, cities/place names, car-rental providers, or car models/types merely because they are not localized or remain in another language/alphabet. The agency will handle them. Preserve them exactly in `updated_sentence`. Flag only an independent objective error that is not based on localization or script.

---

## THE PRIME DIRECTIVE: OBJECTIVITY OVER PREFERENCE

This is your most important instruction. Your primary function is to eliminate subjective, preferential feedback. You must strictly adhere to the following rules:

**✅ FLAG ONLY (Objective & Actionable Issues):**

* **Grammatical Errors:** Incorrect verb tense, case, gender agreement, prepositions that alter meaning.
* **Spelling & Punctuation Errors:** Typos, incorrect use of accents/diacritics, violations of locale-specific punctuation rules (e.g., missing spaces in French, incorrect quote style in German).
* **Compliance Violations:** Failure to use a **mandatory** glossary/brand term, incorrect capitalization of a **brand/proper name**, use of a forbidden term, or required unit/currency presentation not followed.
* **Accuracy Errors:** Factual mistakes **visible in the text**, incorrect numbers, mistranslations that change the meaning, failure to provide **required** metric/imperial conversions.
* **Severe Clarity Issues:** Sentences so long, convoluted, or poorly structured that they are objectively difficult for a native speaker to understand upon first reading.
* **SEO/Editorial Paragraph Segmentation:** A **single** body paragraph under an SEO/editorial heading that packs **multiple distinct ideas** and is objectively hard to scan — flag as **Style** and provide a split (separate short paragraphs). Do **not** use this for synonym preference or mild aesthetic rewrites.

**❌ DO NOT FLAG (Subjective & Preferential Noise):**

* **"Unnatural" or "Awkward" Phrasing:** If a sentence is grammatically correct and its meaning is clear, do not flag it for sounding "awkward," "clunky," or "lacking native-like flow."
* **Synonyms & Paraphrasing:** Do not flag alternative word choices or sentence structures if the meaning remains identical and clear. (e.g., "find a flight" vs. "search for a flight").
* **Redundancy for Emphasis:** Do not flag mild repetition if it does not cause confusion or violate a brand rule.
* **Content Improvement Suggestions:** Do not suggest adding more examples, enriching the content, or changing the information architecture. Your scope is limited to the existing text.
* **Minor Tone Tweaks:** Do not suggest changes to make the tone "more friendly" or "more engaging" unless it directly contradicts a mandatory register rule in `lang instructions` (e.g., using formal "Sie" when informal "du" is required).

---

## LANGUAGE-AGNOSTIC CATEGORIZATION RULES (ENFORCED)

Apply these **global rules** before assigning any category:

1. **No external fact‑checking**

* Do **not** verify laws, limits, prices, or policies against outside knowledge. Use **Accuracy** only when there is an **internal contradiction**, a **mistranslation**, or an **objective numeric/format error** visible in the given text.
* Example (DO NOT FLAG): NL text states motorway limit 100 km/u → **out of scope** unless the document contradicts itself.
* Example (FLAG as **Compliance · Major**): mph shown without required km/h conversion for a metric locale.

2. **Brand / Proper‑noun rules are Compliance**

* Misspelling, wrong casing, or spacing of official brand/proper names → **Compliance** (not Punctuation).
* Examples: *star car → starcar* (DE), *yalla → Yalla* (pt‑BR), *Rental plus → Rental Plus* (NL).

3. **Currency: what vs how**

* **What** currency is used for the location (USD vs £) → **Accuracy** (Major) if wrong.
* **How** currency is formatted/spaced/symbol order → **Compliance** (Minor/Major per locale rules).

4. **Units & conversions**

* Missing mandated metric/imperial conversion or wrong primary unit for the locale → **Compliance** (Major if it impacts comprehension).
* Arithmetic or numeric impossibility (e.g., inconsistent totals) → **Accuracy**.

5. **Headings & typography**

* Punctuation in headings (e.g., stray period) → **Punctuation/Spelling/Typos**.
* Locale‑specific quotes/spaces/diacritics → **Punctuation/Spelling/Typos**.

6. **Clarity vs preference**

* Use **Style** only for **objective readability breakdowns** (run‑on/unparsable, or SEO body paragraphs that objectively pack multiple distinct ideas and must be split for scanability). Do **not** use Style for “sounds nicer” feedback.

7. **Terminology & Glossary Handling (IMPORTANT)**

* Treat the term list as **reference**, not rigid commands. Enforce **only** terms explicitly marked **mandatory** in `HU_instructions` or the glossary metadata, or when they are **brand/proper names**.
* **Case‑insensitive by default**. Do **not** force Title Case because a glossary entry is capitalized.
* **Inflections and morphological variants are acceptable** if the meaning is preserved (plural/singular, gender, verb forms).
* **Generic vertical/category nouns are common nouns** (e.g., ES *alquiler de coches*, IT *auto premium* as adjective) → keep locale‑appropriate casing (often sentence/lowercase). Do **not** flag capitalization unless the locale pack explicitly mandates Title Case.
* **Brand corrections guardrail:**

  * Limit fixes to **casing/spacing** unless the **official spelling** appears in the provided glossary/terms or the error is an **obvious simple typo** of a known brand (single‑character omission/transposition).
  * **Do not rename** a brand to a different word if uncertain. Example: FR *Differental* → *Drivalia* **do not flag** unless the glossary explicitly lists *Drivalia* for that context.
* **Examples**

  * ✅ ES heading: *Proveedores de **alquiler de coches**…* (sentence case)
  * ❌ Forcing *Alquiler de Coches* when not mandated
  * ✅ IT: *auto **premium*** (category adjective lowercase); ❌ *auto **Premium*** unless brand



8. **Minimal fix principle**

* When proposing `updated_sentence`, change **only** what is required to resolve the error (no stylistic rewrites, no added content, no register shifts unless mandated).

9. **De‑duplication of repeated identical issues**

* If the same rule violation repeats in a contiguous pattern with identical structure, report **one representative instance** and mention in `issue`: *“Pattern repeats in similar sentences.”*

* For locale patterns like pt‑BR **introductory adverbial commas** (*Em São Paulo, …; No Ceará, …*), report **one representative instance per section** and note *“Pattern repeats in similar sentences.”* unless wording differs materially.


---

## SCOPE OF QA (ERROR CATEGORIES)

You will categorize every issue using one of the following exact labels. These are the only allowed values for `type_of_issue`.

1. **AI-issues:**

   * **Hallucination:** The text contains fabricated content presented as fact **inside the text**.
   * **Bias / Cultural Sensitivity:** The text contains offensive, inappropriate, biased, or culturally insensitive content.

2. **Style:**

   * **DEFINITION:** This category is **strictly limited to issues of clarity and readability that objectively hinder comprehension**.
   * **USE FOR:** Run-on sentences that are unparsable; severe structural issues that make the text's meaning ambiguous.
   * **DO NOT USE FOR:** Subjective feedback about "flow" or "naturalness."
   * **Examples:** Overlong sentence with multiple subordinations → split into two; broken list structure that obscures meaning.

3. **Accuracy:**

   * **DEFINITION:** Semantic fidelity or numeric correctness **within the provided text**.
   * **USE FOR:** Mistranslation that changes meaning; internal contradictions; wrong numbers or impossible arithmetic; **wrong currency for location** (e.g., £ for California).
   * **DO NOT USE FOR:** External fact‑checking (laws/speed limits/prices not contradicted by the text).
   * **Examples:**

     * *"£18 per day in California"* → **Accuracy · Major** → *"\$18 per day"*.
     * *"Total 100" after listing 30+40+50* → **Accuracy · Major**.

4. **Compliance:**

   * **DEFINITION:** Violations of the glossary, locale pack, brand rules, or mandated formatting/presentation.
   * **USE FOR:**

     * **Brand/proper‑noun** spelling/casing/spacing (e.g., *star car → starcar*, *yalla → Yalla*, *Rental plus → Rental Plus*).
     * **Unit presentation rules:** metric‑first locales require **km/h** primary; add conversions when imperial appears.
     * **Currency formatting rules:** symbol placement/spacing/ISO style as specified by `lang instructions`.
     * **Register** (form of address) inconsistencies against `lang instructions`.
     * **Terminology usage when explicitly mandatory** (and case-insensitive by default). Do **not** penalize non-mandatory or generic category nouns for casing.
   * **Examples:**

     * *"70 mph" only in FR/DE/ES/PT‑BR* → **Compliance · Major** (add *113 km/h (70 mph)*).
     * *"auto Premium" (category adjective)* → **Compliance · Minor** → *"auto premium"* (IT) unless brand.
     * **Do not** flag ES *alquiler de coches* sentence-case headings unless `lang instructions` mandates Title Case.

5. **Grammar:**

   * **DEFINITION:** Errors in the formal structure of the language.
   * **USE FOR:** Incorrect verb conjugation, noun/adjective agreement, case, tense, prepositions, word order, required repetition in parallel lists.
   * **Examples:** *ein Kleinwagen* → *einen Kleinwagen* (DE, accusative); repeat *auf* in German list items for parallelism.

6. **Punctuation/Spelling/Typos:**

   * **DEFINITION:** Orthographical and typographical errors.
   * **USE FOR:** Typos, misspellings, incorrect accent usage, wrong quotation mark style, missing locale spaces, double spaces, heading ending with a period.
   * **Examples:** *en␣␣Asturias* → *en Asturias* (ES); FR *130 km/h* → *130 km/h* with NBSP; remove trailing period from a heading (IT/NL).

---

## SEVERITY LEVELS & DECISION LADDER

You will assign a severity and score deduction to every issue by following this strict, step-by-step decision ladder.

**Critical (25)** – Safety/legal risk, offensive bias, or fabricated claims **within the text** that could dangerously mislead.

* Examples: harmful stereotypes; incorrect safety-critical numbers; invented product features.

**Major (3)** – Errors that change meaning or materially impair comprehension.

* Examples: mistranslation altering instructions; run‑on that creates ambiguity; **wrong currency for a locale**; missing mandated unit conversion in a metric locale when only imperial is given.

**Minor (1)** – Objective errors that do not block understanding but break rules/conventions.

* Examples: typos; locale quote/spacing rules; heading with stray period; adjective agreement where meaning stays obvious; comma after introductory adverbial (pt‑BR: *Em São Paulo, …*).

**Omit** – Preferential/style‑only feedback with no rule violation.

**Decision Ladder**

1. Policy/safety/offense? → **Critical**.
2. Misleads/changes meaning/blocks understanding? → **Major**.
3. Otherwise objective correctness/formatting breaches → **Minor**.
4. If purely preferential → **Omit**.

---

## Lang-SPECIFIC RULES

# Hungarian (hu-HU) Style Guide for Skyscanner

## Critical requirements
- Use an informal, friendly `tegeződés` register consistently. Keep wording direct, active, concise, and helpful.
- Helpful > geeky > playful; avoid corporate language, forced jokes, and excessive exclamation marks.
- The global project-specific exclusion in the master prompt takes priority over any name or geo-name guidance.

## Language and typography
- Use Hungarian quotation marks `„…”`. Do not put a comma after `Szia`.
- Use `…` without a preceding space. Avoid em dashes; use the correct hyphen or closed en dash for ranges and routes.
- Use non-breaking spaces between numbers and units where required, but no space before `%`. Never output the literal text `&nbsp;`.
- Use sentence case and do not end headings with a full stop.
- Write dates in Hungarian order, for example `2025. március 25.`.
- After a colon, use lowercase unless a complete sentence, quotation, or proper name follows.

## Technical content
- Use short active CTAs appropriate to the informal register.
- Preserve placeholders, variables, tags, numbers, and product tokens exactly.
- Do not duplicate the airport word when it is already present in the source name.
- Keep Skyscanner unchanged.

## Content and compliance
- Use natural SEO language; no keyword stuffing or preference-only rewrites.
- Do not externally fact-check laws, prices, limits, or policies.
- Do not claim Skyscanner provides discounts. Use “best” only with a supplied measurable basis.
- Avoid greenwashing and absolute claims that travel is green, clean, eco-friendly, or sustainable.



---

## OUTPUT JSON CONTRACT (RETURN THIS OBJECT ONLY)

You will return a **single, valid JSON object** and nothing else. Do not add any explanatory text before or after it.

```json
{
  "review_findings": [
    {
      "text": "<The full, original sentence or text snippet containing the error>",
      "issue": "<A concise, one-sentence description of the objective error. Example: 'Incorrect gender agreement between noun and adjective.'>",
      "type_of_issue": "<Must be one of: AI-issues, Style, Accuracy, Compliance, Grammar, Punctuation/Spelling/Typos>",
      "solution": "<A brief, actionable instruction for the fix. Example: 'Change the adjective to the feminine form to agree with the noun.'>",
      "updated_sentence": "<The full sentence, rewritten with the solution correctly applied. For paragraph splits, include the full corrected multi-paragraph snippet with blank lines between paragraphs.>",
      "severity": "<Must be one of: Minor, Major, Critical>",
      "score_deduction": "<Must be 1, 3, or 25, perfectly matching the severity level>"
    }
  ],
  "overall_feedback": {
    "summary": "<A 2-3 bullet point summary of the most significant and repeated error *patterns*. Focus on systemic issues, not a list of individual errors. Example: 'Consistent failure to apply non-breaking spaces before colons as required by French typography.'>",
    "action_plan": "<A 2-3 bullet point list of concrete, high-level actions to prevent these errors in the future. Example: 'Implement a post-processing check to ensure all brand names are capitalized correctly as per the glossary.'>"
  }
}
```

---

## COMMON MISCLASSIFICATIONS TO AVOID (CHECK BEFORE SUBMIT)

* **Speed limits / legal rules “corrections”** → **Do NOT flag** unless there is an internal contradiction. Missing metric conversion → **Compliance**, not **Accuracy**.
* **Brand/proper‑noun casing** → always **Compliance**, not **Punctuation**.
* **Currency** → symbol **choice for location** = **Accuracy**; **formatting/placement** = **Compliance**.
* **Headings punctuation** (e.g., stray period) → **Punctuation/Spelling/Typos**.
* **Generic vertical/category nouns** (e.g., ES *alquiler de coches*) → keep locale-appropriate sentence case unless the locale pack mandates Title Case.
* **“Awkward/natural” only** → **Omit** unless readability is objectively impaired (then **Style**).

---

## FINAL SELF-CHECK (RUN BEFORE RETURNING JSON)

1. **Is my output a single, valid JSON object with no extra text?**
2. **Did I avoid external fact‑checking and rely only on internal evidence and mandated rules?**
3. **Does every `score_deduction` value (1, 3, 25) perfectly match its `severity` level?**
4. **Are all `type_of_issue` values from the allowed list and mapped per the Language‑Agnostic Categorization Rules?**
5. **Have I strictly followed all rules from the `langinstructions`?**
6. **Is my feedback in the `issue` and `solution` fields concise, objective, and non-creative?**

Return only the JSON object.

2026-09-01 09:33:44,716 - INFO - [A1][HU][2026-2027-hu-car-hire-city-06__0001] USER PROMPT (first batch only):
Topic Name: Amszterdam: így találhatsz olcsó bérautót

Here is the content to review:

Amszterdamban jelenleg napi 12 124 Ft a legolcsóbb autóbérlés ára, míg az éves átlagos ár 15 347 Ft körül mozog. Júniusban találhatod a legkedvezőbb bérleti ajánlatokat az év során. A leggazdaságosabb megoldás érdekében érdemes kevesebb mint egy héttel korábban lefoglalni a járművet. Ez időkeret lehetővé teszi, hogy a legjobb árakat érd el, miközben rugalmasan tervezheted utazásodat. Az említett hónapban a kedvezmények hozzáférhetőbbek lehetnek, elősegítve a költséghatékony utazást.



Available key terms:

### Skyscanner Multilingual Glossary ###
- EN: additional driver → hu-HU: további vezető | Definition: An extra person authorized to drive a rented vehicle. | Example: Hozzáadhatsz egy további vezetőt a foglalásodhoz, amikor megérkezel {supplier} partnerünk pultjához.
- EN: air conditioning → hu-HU: klíma | Definition: A system for cooling and dehumidifying the air. | Example: Csak klímás autók
- EN: airline → hu-HU: légitársaság | Definition: A company that provides air transport services for traveling passengers. | Example: Keress másodpercek alatt több millió repülőjegy között légitársaságok százainak kínálatából
- EN: airline alliance → hu-HU: légiszövetség | Definition: A partnership between multiple airlines to provide mutual benefits and seamless travel. | Example: Törzsutaspontokat szerezhetsz, ha a kiválasztott légitársaságoddal és légiszövetségi partnerekkel repülsz.
- EN: all inclusive → hu-HU: teljes ellátás | Definition: Hotel package that includes accommodation, all meals, snacks, drinks (both alcoholic and non-alcoholic), and often additional amenities and activities
- EN: amenities → hu-HU: kényelmi szolgáltatások | Definition: Title of filter section mainly in hotel search | Example: Összes szállodai kényelmi szolgáltatás megjelenítése
- EN: apartment → hu-HU: apartman | Definition: A self-contained housing unit that occupies part of a building.
- EN: App → hu-HU: alkalmazás OR app | Definition: An application designed for use on mobile devices. | Notes: Use app if a shorter translation is needed.
- EN: Art and culture → hu-HU: Művészet és kultúra | Definition: Activities or attractions related to visual arts, music, theater, and heritage.
- EN: automatic → hu-HU: automata | Definition: A type of vehicle transmission that shifts gears automatically.
- EN: baggage allowance → hu-HU: megengedett poggyász | Definition: The amount of luggage a traveler is permitted to carry without incurring additional fees, as defined by the transportation provider
- EN: Beach → hu-HU: Strand | Definition: A sandy or pebbly shore by a body of water, often a popular destination for relaxation and recreation.
- EN: Black Friday → hu-HU: Black Friday | Definition: A major retail event with extensive sales and promotions, often lasting beyond the day after Thanksgiving. | Notes: DNT and please use the same capitalization. | Example: Megérkeztek az idei Black Friday-ajánlatok!
- EN: board type → hu-HU: ellátás | Definition: This term refers to the meal plan included with a hotel stay.
- EN: book → hu-HU: foglal | Definition: Verb. To reserve a service, such as a flight. | Example: Foglalj repülőjegyet
- EN: book → hu-HU: foglal | Definition: Verb. To reserve a service, such as a hotel room. | Example: Foglalj szállodát
- EN: book → hu-HU: foglal | Definition: Verb. To reserve a service, such as a car. | Example: Foglalj autót
- EN: booking → hu-HU: foglalás | Definition: Noun. A reservation for a service. | Example: Repülőjegy foglalása
- EN: booking → hu-HU: foglalás | Definition: Noun. A reservation for a service. | Example: Szálloda foglalása
- EN: booking → hu-HU: foglalás | Definition: Noun. A reservation for a service. | Example: Autó foglalása
- EN: Business Class → hu-HU: business osztály | Definition: A class of airline service offering more comfort and amenities than economy class. | Example: Találd meg a legolcsóbb business osztályú repülőjegyeket @@departure@@ és @@destination@@ között.
- EN: business travellers → hu-HU: üzleti utazók | Definition: Individuals traveling for work-related purposes.
- EN: cabin bag → hu-HU: kézipoggyász | Definition: A small piece of luggage carried into the passenger cabin. | Example: Az ár 1 kézipoggyászt tartalmaz
- EN: cabin baggage → hu-HU: kézipoggyász | Definition: Same as cabin bag. | Example: Utazz egyszerűen csak kézipoggyásszal.
- EN: cabin class → hu-HU: osztály | Definition: The category of service on an aircraft, such as economy, business, or first class. | Example: Válaszd ki az utazók számát és az osztályt
- EN: cancellation policy → hu-HU: lemondási feltételek | Definition: The terms and conditions under which a booking can be canceled. | Example: Egyeztesd a kölcsönzőcéggel a lemondási feltételek pontos részleteit.
- EN: car hire → hu-HU: autóbérlés | Definition: The act of renting a vehicle. | Example: Keresd meg és hasonlítsd össze a legjobb autóbérlési ajánlatokat világszerte.
- EN: Car hire → hu-HU: Autóbérlés | Definition: Rental of an automobile for a specified period | Example: Keresd meg és hasonlítsd össze a legjobb autóbérlési ajánlatokat világszerte.
- EN: car hire company → hu-HU: autókölcsönző | Definition: A business that provides rental vehicles. | Example: Melyik a legolcsóbb autókölcsönző {car_hire_origin_city} területén?
- EN: car hire deal → hu-HU: autóbérlési ajánlat | Definition: Discounted or special offer on car rental services.
- EN: carbon footprint → hu-HU: karbonlábnyom | Definition: A carbon footprint refers to the total amount of CO2 emissions released into the atmosphere as a result of the activities of an business, individual or event.
- EN: charge → hu-HU: felszámít | Definition: Verb. To add fee for a service or product. | Example: Nem számítunk fel semmilyen foglalási díjat.
- EN: charge → hu-HU: díj | Definition: Noun. Fee for a service or product | Example: Felhívjuk a figyelmedet, hogy a kölcsönzőcégek további díjakat számíthatnak fel, illetve további korlátozásokat alkalmazhatnak.
- EN: Cheapest month → hu-HU: Legolcsóbb hónap | Definition: The cheapest month features in ‘Flexible Dates’ tab highlights the cheapest month to travel, as well as the lowest price per month to travel to the destination. | Notes: Lower case version "legolcsóbb hónap" can be used as a common noun when not referring to the feature name.
- EN: check in → hu-HU: utasfelvételt elvégez | Definition: Verb - The process of registering for a flight. | Example: Végezd el az utasfelvételt {check_in_time} előtt
- EN: check in → hu-HU: bejelentkezik | Definition: Verb - The process of registering for a hotel stay. | Example: Jelentkezz be {check_in_time} előtt.
- EN: check out → hu-HU: kijelentkezik | Definition: Verb - The process of completing a stay at a hotel. | Example: A(z) {hotel_name} szállodában a bejelentkezés {check_in_time} után lehetséges, és {check_out_time} előtt kell kijelentkezned.
- EN: check-in → hu-HU: utasfelvétel | Definition: Noun - The process of registering for a flight. | Example: Az utasfelvétel és a poggyászfeladás gyakran egy órával az indulás tervezett időpontja előtt ér véget a belföldi járatoknál
- EN: check-in → hu-HU: bejelentkezés | Definition: Noun - The process of completing a stay at a hotel. | Example: Válaszd ki a bejelentkezés dátumát
- EN: check-out → hu-HU: kijelentkezés | Definition: Noun - The process of leaving and settling the bill at a hotel. | Example: Válaszd ki a kijelentkezés dátumát
- EN: checked bag → hu-HU: feladott poggyász | Definition: Bag that is handed over to the airline for transport in the cargo hold. | Example: Az ár 1 feladott poggyászt tartalmaz
- EN: checked luggage → hu-HU: feladott poggyász | Definition: Luggage that is handed over to the airline for transport in the cargo hold. | Example: 23 kg feladott poggyász
- EN: cO2e emissions → hu-HU: szén-dioxid-egyenértékű kibocsátás | Definition: Carbon dioxide equivalent emissions, measuring the impact of greenhouse gases.
- EN: Collision Damage Waiver → hu-HU: önrészcsökkentő balesetbiztosítás | Definition: This is a type of insurance offered by rental car companies that limits your liability if the car is damaged in an accident. 
However, it typically doesn’t cover the full cost; you still have to pay a portion of  the repair costs, called the excess or deductible. | Example: Jó hírünk van: a bérlés díja tartalmazza az önrészcsökkentő balesetbiztosítást, így nem kell plusz biztosítást kötnöd.
- EN: commercial van → hu-HU: kisteherautó | Definition: Vehicles designed for transporting goods and materials for business purposes.
- EN: compact → hu-HU: kompakt | Definition: A category of rental cars that are slightly larger than economy cars but still small and efficient.
- EN: connecting flight → hu-HU: csatlakozó járat | Definition: A flight requiring a change of planes to reach the final destination. | Example: Ha több mint egy szolgáltatónál foglalsz repülőjegyet, az esetleges késések és járattörlések miatt veszélybe kerülhet a csatlakozó járatod elérése.
- EN: convertible → hu-HU: kabrió | Definition: A car with a roof structure that can be 'converted' to allow open-air or enclosed driving.
- EN: Cookie Policy → hu-HU: cookie-szabályzat | Definition: Policy that governs the use of cookies on Skyscanner's website, ensuring transparency regarding data usage | Example: Adatokat gyűjtünk az alkalmazás használatának módjáról és időpontjáról. Tovább információért olvasd el a cookie-szabályzatunkat.
- EN: country house → hu-HU: vidéki ház | Definition: A large house in the countryside
- EN: coupe → hu-HU: kupé | Definition: A car with a fixed-roof body style that is shorter than a sedan of the same model.
- EN: couples → hu-HU: párok | Definition: Pairs of individuals traveling together
- EN: Cyber Monday → hu-HU: Cyber Monday | Definition: An online shopping event on the Monday after Thanksgiving, featuring exclusive digital deals and discounts. | Notes: DNT and please use the same capitalization. | Example: Nagyszerű kedvezmények várnak a Cyber Monday alkalmából!
- EN: deal → hu-HU: ajánlat | Definition: A special offer or discount. | Example: Repülőjegyek: Fedezd fel a repülőjegy-ajánlatokat

Szállodák: Keress szállodaajánlatokat a Skyscanneren

Autóbérlés: Válaszd ki a legjobb autóbérlési ajánlatot
- EN: departure country → hu-HU: indulási ország | Definition: The country from which a journey begins. | Example: Indulási ország kiválasztása
- EN: departure date → hu-HU: indulás dátuma | Definition: The date on which a journey starts. | Example: Indulás dátumának kiválasztása
- EN: departure time → hu-HU: indulás ideje | Definition: The scheduled time a flight is set to leave. | Example: Észrevettük, hogy ennek a járatnak az indulási ideje megváltozott.
- EN: destination → hu-HU: úti cél | Definition: The final place or location to which someone is traveling. It is the end point of a journey where travelers intend to stay, explore, or visit. Destinations can range from cities and countries to specific attractions or resorts.
- EN: destination airport → hu-HU: célrepülőtér | Definition: The airport where a journey ends. | Example: Célrepülőtér kiválasztása
- EN: destination country → hu-HU: célország | Definition: The country where a journey ends. | Example: Célország kiválasztása
- EN: direct → hu-HU: közvetlen | Definition: A flight with no scheduled stops between the departure and arrival points. | Example: Sajnos nem találtunk közvetlen járatokat, ezért az átszállásos járatokat jelenítjük meg.
Csak közvetlen
- EN: direct flight → hu-HU: közvetlen járatok | Definition: A flight with no scheduled stops between the departure and arrival points. | Example: Csak közvetlen járatok
- EN: domestic flight → hu-HU: belföldi járat | Definition: A flight within the same country. | Example: Találj olcsó belföldi járatokat @@country@@ területén
- EN: drop → hu-HU: csökkenés | Notes: Árcsökkenés could be used as well, depending on the context. | Example: 10 000 HUF csökkenés

Árcsökkenések megjelenítése Londonból

A legújabb árcsökkenések
- EN: drop → hu-HU: csökken | Notes: To be translated based on context | Example: A következő utad ára ma csökkenhet

A mai napon csökkent árak
- EN: drop-off → hu-HU: leadás | Definition: The date, time or location where a rented vehicle is returned at the end of the rental period. | Example: Leadási hely: Írj be egy helyet.
Dupla koppintással válaszd ki a leadás dátumát
A leadás időpontjának a felvételnél későbbre kell esnie.
- EN: DROPS → hu-HU: DROPS | Definition: Feature name.

DROPS is a new “sub-brand” of Skyscanner. It is an app-exclusive product only available for logged-in users that helps travelers spot flight deals that have dropped by more than 20% and that are available for only 24h. | Notes: Follow the source capitalization.

Feature name. To be left in English | Example: Üdvözöl a DROPS

A DROPS segíthet eldönteni, hová repülsz legközelebb
- EN: Drops → hu-HU: Drops | Definition: Feature name.

Drops is a new “sub-brand” of Skyscanner. It is an app-exclusive product only available for logged-in users that helps travelers spot flight deals that have dropped by more than 20% and that are available for only 24h. | Notes: Follow the source capitalization.

Feature name. To be left in English | Example: Drops frissítése

További információ a Dropsról
- EN: economy → hu-HU: gazdaságos | Definition: A category of rental cars that are typically small, fuel-efficient, and inexpensive. | Example: Bérelj gazdaságos autót
- EN: Economy → hu-HU: turista | Definition: The Economy flight class refers to the most basic and affordable class of service on an airplane. | Example: Még ha általában turistaosztályon utazol is, néha elcsíphetsz egy jó ajánlatot business osztályú repülőjegyekre.
- EN: electric → hu-HU: elektromos | Definition: Vehicles powered by electricity, typically from batteries.
- EN: email → hu-HU: e-mail | Definition: Electronic mail address used for communication. | Example: Szeretnél exkluzív ajánlatokat, híreket és ötleteket kapni e-mailben?
- EN: estimated price → hu-HU: becsült ár | Definition: An approximate cost for a service. | Example: A becsült ár a szállodai szobák átlagos éjszakánkénti ára az általad keresett területen.
- EN: Everywhere → hu-HU: Bárhová | Definition: Option to search for travel destinations worldwide. | Example: Keress „Bárhová”, utazz mindenhová.
- EN: Excellent → hu-HU: Kiváló | Definition: Rating indicating superior quality or performance.
- EN: Excess Waiver → hu-HU: önrészmentesítő kiegészítő biztosítás | Definition: This is an additional insurance that covers the excess amount not covered by the CDW. If you buy an excess waiver, you won’t have to pay  anything in the event of a claim, as it "waives" your responsibility for the excess 
portion. So, the CDW reduces your liability for damage, while the excess waiver eliminates your out-of-pocket costs for the excess amount. | Example: Sok biztosítópartnerünk kínál önrész-visszatérítési opciót, ami olcsóbbnak bizonyulhat, mint az autókölcsönző cégek által a pultnál kínált önrészmentesítő kiegészítő biztosítás.
- EN: explore → hu-HU: felfedezés | Definition: Option to discover new destinations or services. | Example: További úti célok felfedezése
- EN: Explore everywhere → hu-HU: Utazz bárhová | Definition: The sentence case will be used whenever the term is employed in the UI itself or as part of a sentence. | Example: Utazz bárhová májusban.
- EN: Explore Everywhere → hu-HU: Utazz bárhová | Definition: Used as feature or proper noun - Option to view travel options for various destinations globally. | Example: Utazz bárhová májusban.
- EN: extra charge → hu-HU: felár | Definition: An additional fee for a service or product. | Example: Egy fillérrel sem számítunk fel többet, mint amennyibe a repülőjegyed vagy foglalásod kerül. Nincsenek rejtett díjak. Nincsenek felárak. Nincs ügyeskedés.
- EN: Fair Fuel Policy → hu-HU: korrekt üzemanyag-feltételek | Definition: A policy ensuring fair charges for fuel in rental agreements. | Example: Hasonlítsd össze az autóbérlési lehetőségeket az ár, az átvétel egyszerűsége, a korrekt üzemanyag-feltételek és további szempontok alapján
- EN: families → hu-HU: családok | Definition: Groups traveling together, typically including parents and children.
- EN: FAQ → hu-HU: gyakori kérdések | Definition: Frequently Asked Question
- EN: FAQs → hu-HU: gyakori kérdések | Definition: Frequently Asked Questions | Example: Utazók gyakori kérdései
- EN: fare → hu-HU: viteldíj | Definition: The cost of a ticket for travel. | Example: Jelenleg nem tudunk poggyászinformációkkal szolgálni – ellenőrizd a szolgáltató oldalán, hogy a viteldíj mit tartalmaz. Hozz létre árértesítést, és értesítünk a viteldíjak változásairól ezen az útvonalon.
- EN: fee → hu-HU: díj | Definition: A charge for a service or product. | Example: Egyes partnereink ajánlási díjat fizetnek nekünk, de ez sosem befolyásolja a szállodák rangsorolását.
- EN: First Class → hu-HU: első osztály | Definition: A premium class of airline service offering high level of comfort and amenities. | Example: A business és első osztályú lehetőségek megtekintéséhez add meg nekünk az utazásod dátumait vagy az úti célodat.
- EN: Flexible dates → hu-HU: rugalmas dátumok | Definition: Previous "Whole month" feature. Calendar Tab that shows Whole month prices that allows users to make month view searches.
- EN: flight deal → hu-HU: repülőjegy-ajánlat | Definition: Discounted or special offer on air travel tickets. | Example: Repülőjegy-ajánlatok felfedezése
- EN: flight details → hu-HU: járat részletei | Definition: Information about a specific flight. | Example: Mindig ellenőrizd a járat összes részletét, a végleges árat és a feltételeket a(z) @@ticket provider@@ oldalán, mielőtt foglalnál.
- EN: flight emissions → hu-HU: járat kibocsátása | Definition: The amount of CO2 produced by a flight. Title for a feature that badges up flights with lower carbon dioxide emissions compared to other flights in the result set.
- EN: flight time → hu-HU: menetidő | Definition: The duration of a flight. | Example: Az átlagos menetidő {destinationCity} területére {duration}.
- EN: Flights → hu-HU: Repülőjegyek | Definition: Air travel services provided by airlines.
- EN: fuel → hu-HU: üzemanyag | Definition: Gasoline or diesel used to power vehicles, including cars, motorcycles, boats, or recreational vehicles.
- EN: full board → hu-HU: teljes panzió | Definition: Hotel option that covers accommodation and three meals a day (breakfast, lunch, and dinner). Drinks and additional activities are usually not included
- EN: full to full → hu-HU: teli tank átvételkor, teli tank leadáskor | Definition: Fuel policy where the car is provided with a full tank and must be returned with a full tank.
- EN: fullsize → hu-HU: nagy méretű | Definition: A category of rental cars that are larger and offer more comfort and space.
- EN: getaway → hu-HU: kiruccanás | Definition: A short vacation or trip, often taken to escape from daily routine and responsibilities. It usually involves traveling to a relaxing or enjoyable destination.
- EN: Good → hu-HU: Jó | Definition: Rating indicating satisfactory quality or performance.
- EN: Great food → hu-HU: Pompás gasztronómia | Definition: High-quality or highly recommended culinary experiences.
- EN: guest → hu-HU: vendég | Definition: A person staying at a hotel or other accommodation. | Example: Add meg legalább egy vendég adatait.
- EN: guest house → hu-HU: vendégház | Definition: A small, private hotel or lodging.
- EN: guest reviews → hu-HU: vendégek értékelései | Definition: Feedback and ratings from customers who have used a service or stayed at a property.
- EN: half board → hu-HU: félpanzió | Definition: Hotel option that covers accommodation, breakfast, and one other meal (usually dinner). Drinks and additional meals are typically not included.
- EN: hire car → hu-HU: bérautó | Definition: A vehicle rented for a short period, ranging from a few hours to several weeks, typically from a rental agency.
- EN: holiday rentals → hu-HU: szállások nyaraláshoz | Definition: Properties available for short-term vacation stays.
- EN: home airport → hu-HU: kiindulási repülőtér | Definition: The airport closest to a traveler's residence. | Example: Állítsd be a kiindulási repülőteredet, és elküldjük neked a legjobb ajánlatokat a közeledből induló járatokra.
- EN: hostel → hu-HU: hostel | Definition: Budget-friendly accommodation | Example: Összehasonlíthatod és lefoglalhatod a legolcsóbb ajánlatokat több ezer szálloda, üdülőhely, apartman, motel és hostel kínálatából világszerte a következő nyaralásodhoz.
- EN: hotel → hu-HU: szálloda | Definition: An establishment providing lodging, meals, or other guest services. | Example: Megtaláltad a repülőjegyedet? Most találj szállodát is
- EN: hotel deal → hu-HU: szállodai ajánlat | Definition: Discounted or special offer on hotel bookings.
- EN: Hotels → hu-HU: Szállodák | Definition: Establishments providing lodging, meals, and other services for travelers.
- EN: hybrid → hu-HU: hibrid | Definition: Vehicles powered by both an internal combustion engine and an electric motor.
- EN: inbound flight → hu-HU: visszaút járata | Definition: The flight that takes the passenger back from their destination to their original departure location.
- EN: intermediate → hu-HU: középkategóriás | Definition: A category of rental cars that are larger than economy but smaller than full-size.
- EN: itinerary → hu-HU: útiterv | Definition: A detailed plan or schedule of a trip, listing all destinations, activities, and accommodations, along with the times and dates for each part of the journey.
- EN: journey → hu-HU: utazás | Definition: A journey refers to the act of traveling from one place to another, usually involving a significant distance or time commitment. | Example: Az a küldetésünk, hogy segítsünk neked magabiztosan utazni, és a lehető legjobban megkönnyítsük az utazásodat.
Az átlagos menetidő {destinationCity} területére {duration}. A menetidőt a(z) {nearestOriginCity} területéről induló utazások alapján számítottuk ki.
- EN: latest price → hu-HU: legfrissebb ár | Definition: The most recent cost for a service or product. | Example: Előfordulhat, hogy ezek a találatok már nem érhetők el. A legfrissebb árakért frissítsd a keresést.
- EN: location → hu-HU: hely | Definition: A specific place or position where something is situated or where an event occurs.
- EN: log in → hu-HU: bejelentkezik | Definition: To access an account by entering credentials. | Example: Jelentkezz be vagy regisztrálj, hogy elmenthesd a legutóbbi kereséseidet bármilyen eszközödön, és ott folytathasd, ahol abbahagytad
- EN: log out → hu-HU: kijelentkezik | Definition: To exit an account. | Example: Biztosan kijelentkezel?
- EN: login → hu-HU: bejelentkezés | Definition: The act of logging in to a computer, database, or system. | Example: Adj meg érvényes e-mail-címet a bejelentkezés elvégzéséhez.
- EN: long wait → hu-HU: hosszú várakozás | Definition: An extended period of waiting, often at airports between flights. | Example: A visszaút hosszú várakozást tartalmaz.
- EN: Low emissions vehicles → hu-HU: alacsony kibocsátású járművek | Definition: Vehicles that produce a reduced amount of CO2. Title for a feature that badges up electrical and hybrid cars with lower carbon dioxide emissions compared to other car types.
- EN: low-cost → hu-HU: diszkont | Definition: Services, particularly airlines, that are designed to offer lower prices by reducing the range of services and amenities traditionally included in the fare.
- EN: lowest price → hu-HU: legalacsonyabb ár | Definition: The least expensive cost for a service or product. | Example: Ezek a legalacsonyabb becsült árú turista osztályú repülőjegyek egy utazó számára. Az árak a legfrissebb viteldíjakon alapulnak.
- EN: luxury → hu-HU: luxus | Definition: High-end, premium vehicles offering superior comfort and features.
- EN: manual → hu-HU: manuális | Definition: A type of vehicle transmission that requires the driver to manually shift gears.
- EN: mini → hu-HU: mini | Definition: A category of rental cars that are very small, typically suitable for city driving.
- EN: mobile app → hu-HU: mobilalkalmazás | Definition: An application designed for use on mobile devices. | Example: Gyorsan találhatsz nagyszerű ajánlatokat repülőjegyekre, szállodákra és autóbérlésre az ingyenes mobilalkalmazásunkkal.
- EN: motorcycle → hu-HU: motorkerékpár | Definition: A two-wheeled motor vehicle.
- EN: Multi-city → hu-HU: Több várost érintő | Definition: Multi-city flights are a smart way to see more destinations in one go, by adding extra legs to your trip. If, for example, you can’t decide between Paris or Rome, you can book flights to both cities and turn your trip into an itinerary.
- EN: multi-city → hu-HU: több várost érintő | Definition: Multi-city flights are a smart way to see more destinations in one go, by adding extra legs to your trip. If, for example, you can’t decide between Paris or Rome, you can book flights to both cities and turn your trip into an itinerary.
- EN: Nearby airports → hu-HU: közeli repülőterek | Definition: Widen your search for flight deals by selecting the “add nearby airports” option to search flight prices for all the nearest airports at your departure point and your destination to increases your chances of finding the best deal at both ends of your trip.
- EN: nearby airports → hu-HU: közeli repülőterek | Definition: Widen your search for flight deals by selecting the “add nearby airports” option to search flight prices for all the nearest airports at your departure point and your destination to increases your chances of finding the best deal at both ends of your trip.
- EN: Nightlife and entertainment → hu-HU: Éjszakai élet és szórakozás | Definition: Activities and venues that provide entertainment, typically during the evening, such as clubs and bars.
- EN: no extra fees → hu-HU: extra költségek nélkül | Definition: Indicates that there are no additional charges beyond the listed price. | Example: Találj bérautót rugalmas foglalási opciókkal, ingyenes lemondással, korrekt üzemanyag-feltételekkel és extra költségek nélkül.
- EN: non refundable → hu-HU: nem visszatéríthető | Definition: A booking or a charge that cannot be refunded.
- EN: non-protected transfer → hu-HU: nem biztosított átszállás | Definition: Booking connecting flights with more than one provider means the ongoing flight may not be guaranteed, and is at risk from delays or cancellations. It's also needed to collect your luggage and check into the second flight. | Example: Több részből álló foglalások (nem biztosított átszállások). Ehhez az utazáshoz több jegyet kell foglalnod (általában különböző szolgáltatóknál). Ha több mint egy szolgáltatónál foglalsz jegyet csatlakozó járatokra, nincs rá garancia, hogy eléred a következő járatodat, ha az előző járat késik, illetve ha törlik a járatot.
- EN: one way → hu-HU: egyirányú | Definition: A trip that does not include a return journey. | Example: Válaszd ki a visszaút dátumát, vagy válassz egyirányú utat
Add meg a visszaút dátumát, vagy keress rá az egyirányú utazásokra
Foglalhatok bérautót egyirányú útra {car_hire_origin_city} területén?
Akár közvetlen járatokat, oda-vissza járatokat vagy egyirányú jegyet keresel, nálunk megtalálod.
- EN: one way → hu-HU: egyirányú út | Definition: A train trip that does not include a return journey. | Example: Vonatjegy foglalása egyirányú útra.
- EN: one-way → hu-HU: egyirányú | Definition: A trip that does not include a return journey.
- EN: outbound → hu-HU: odaút | Definition: The flight that takes a passenger from their home or starting location to their destination.
- EN: outbound flight → hu-HU: odaút | Definition: The flight that takes a passenger from their home or starting location to their destination.
- EN: Outdoor adventures → hu-HU: Kalandok a szabadban | Definition: Activities involving physical exertion in natural settings, such as hiking, rafting, or camping.
- EN: package → hu-HU: csomagajánlat | Definition: Used in the meaning of “package holiday”, referring to the package deals in our Packages vertical that include flights and a hotel. This is for when we talk about packages in running copy and in general, as opposed to the vertical name.
- EN: Packages → hu-HU: csomagajánlatok
- EN: parking → hu-HU: parkolás | Definition: Space or facility to park vehicles. | Example: Megtalálhatod a családok, párok vagy üzleti utazók igényeinek legjobban megfelelő szállodákat. Vagy szűrhetsz az elengedhetetlen szolgáltatások, például a wellness vagy parkolás alapján.
- EN: passenger → hu-HU: utas | Definition: An individual traveling on a plane, train, or other mode of transport. | Example: Minden utas felelőssége, hogy gondoskodjon a megfelelő dokumentumok meglétéről utazás előtt.
- EN: passenger van → hu-HU: kisbusz | Definition: A van configured to carry passengers.
- EN: Pay on arrival → hu-HU: Fizetés érkezéskor | Definition: Option to pay for a service upon arrival at the location. | Example: Jelöld be a „Fizetés érkezéskor” opciót később a keresési találatoknál, ha csak azokat a szállodákat szeretnéd látni {city_name} területén, ahol érkezéskor fizethetsz.
- EN: pay on arrival → hu-HU: Fizetés érkezéskor | Example: Jelöld be a „Fizetés érkezéskor” opciót később a keresési találatoknál, ha csak azokat a szállodákat szeretnéd látni {city_name} területén, ahol érkezéskor fizethetsz.
- EN: people carrier → hu-HU: többszemélyes autó | Definition: A vehicle designed to transport multiple passengers
- EN: pick up truck → hu-HU: pickup | Definition: A light-duty truck with an enclosed cab and an open cargo area.
- EN: pick-up → hu-HU: átvétel | Definition: The act of collecting a rental vehicle. | Example: Az önkiszolgáló átvétellel nem kell sorban állnod a kulcsok átvételéhez vagy a dokumentumok átadásához.
Ingyenesen lemondhatod legkésőbb 48 órával az átvétel időpontja előttig.
Válaszd ki az átvételi helyet
- EN: Premium → hu-HU: prémium | Definition: A category of rental cars that offer higher-end features and more comfort.
- EN: Premium Economy → hu-HU: prémium turista | Definition: A class of airline service between economy and business class. | Example: Ellenőrizd, milyen különbség van a(z) @@place@@ területéről induló repülőjegyek árai között, ha turista, prémium turista, business vagy első osztályon utazol.
- EN: Price → hu-HU: ár | Definition: The cost of a service or product. | Example: Hasonlítsd össze több száz másik szállodai webhely árait egy helyen.
- EN: Price Alert → hu-HU: árértesítés | Definition: Skyscanner's Price Alert feature notifies users via email or push notification about fluctuations in the prices of plane tickets they're interested in.
- EN: Price Alerts → hu-HU: árértesítések | Definition: Skyscanner's Price Alert feature notifies users via email or push notification about fluctuations in the prices of plane tickets they're interested in. | Example: Ha beállítasz egy árértesítést, figyelemmel követjük a repülőjegyek árát, és e-mailben vagy az alkalmazás értesítésein keresztül jelezzük, ha az árak nőnek vagy csökkennek.
Fogadj árértesítéseket a telefonodon az alkalmazással
Kapcsold be az árértesítéseket, és értesítünk, ha az árak nőnek vagy csökkennek.
- EN: price per night → hu-HU: éjszakánkénti ár | Definition: The cost of accommodation for one night. | Example: Átlagos éjszakánkénti ár
- EN: Privacy Policy → hu-HU: Adatvédelmi szabályzat | Definition: Policy that outlines how Skyscanner handles users' personal information, emphasizing user control and transparency | Example: Beleegyezem a személyes adataim Adatvédelmi szabályzatban foglaltaknak megfelelő gyűjtésébe és felhasználásába.
- EN: private home → hu-HU: privát otthon | Definition: Residential property that is rented out to travelers for short-term stays
- EN: property → hu-HU: szálláshely | Definition: In the travel context, a property refers to a place of lodging, such as a hotel, resort, bed and breakfast, or vacation rental, where travelers can stay during their trip. | Example: Jelöld be az „ingyenes lemondás” opciót, hogy olyan szálláshelyet találj, ahol könnyedén módosíthatod a foglalásodat, ha megváltoznak a terveid.
Egy konkrét szállodában szeretnél megszállni? Csak használd a fenti keresőmezőt, és keress rá a kiválasztott szálláshelyre.
- EN: provider → hu-HU: szolgáltató | Definition: A company or individual offering a service. Car Hire vertical | Example: Autóbérlés: Ez a szolgáltató önkiszolgáló átvételi pontokkal rendelkezik, vagy alkalmazást kínál, amellyel feloldható az autó.

Általános: Miután megtaláltad a legjobb repülőjegyet, autóbérlési vagy szállodaajánlatot, közvetlenül a szolgáltatónál foglalhatsz.
- EN: provider → hu-HU: légitársaság | Definition: A company or individual offering a service. | Example: Repülőjegyek: Ha több mint egy szolgáltatónál foglalsz jegyet csatlakozó járatokra, nincs rá garancia, hogy eléred a következő járatodat, ha az előző járat késik, illetve ha törlik a járatot.

Általános: Miután megtaláltad a legjobb repülőjegyet, autóbérlési vagy szállodaajánlatot, közvetlenül a szolgáltatónál foglalhatsz.
- EN: provider → hu-HU: szolgáltató | Definition: A company or individual offering a service. Hotel vertical | Example: Szállodák: Néha több mint egy szolgáltató kínálja ugyanazt a szobát ugyanazon az áron. Ebben az esetben más szempontok alapján, például aszerint rangsoroljuk őket, hogy mennyire népszerűek az utazóink körében.

Általános: Miután megtaláltad a legjobb repülőjegyet, autóbérlési vagy szállodaajánlatot, közvetlenül a szolgáltatónál foglalhatsz.
- EN: rating → hu-HU: értékelés | Definition: A score or review given to a service or product. | Example: A vendégek értékeléseinek összefoglalása
- EN: Read more → hu-HU: Részletek | Definition: Option to view additional information. | Example: Olvass részletesen a Skyscanner történetéről.
- EN: recent searches → hu-HU: legutóbbi keresések | Definition: A list of previous search queries. | Example: Úti célok a legutóbbi kereséseid alapján
- EN: Recommended Provider → hu-HU: Kiváló szolgáltató | Definition: A booking partner that meets our top-quality criteria, demonstrated by a high Partner Quality Score, strong price accuracy, and reliable downstream visibility. This designation helps travelers make informed choices by identifying partners that offer a trustworthy and seamless booking experience.
- EN: recreational vehicle → hu-HU: szabadidőjármű | Definition: RV, a motor vehicle or trailer equipped with living space and amenities for travel.
- EN: residence → hu-HU: rezidencia | Definition: Fully furnished apartments or suites that are available for short-term or long-term stays or  a private home or villa that is rented out to travelers for short-term stays,
- EN: resort → hu-HU: üdülőhely | Definition: A place that offers a variety of recreational activities and amenities
- EN: result → hu-HU: találat | Definition: An outcome from a search or query. | Example: A 10 legjobb találat távolság szerint rendezve
- EN: return → hu-HU: oda-vissza út | Definition: A flight that includes both the outbound and inbound journeys, completing the round trip. | Example: Keress egyirányú járatokat, vagy válaszd az oda-vissza út lehetőséget
Oda-visszaút már {price} kezdőártól
- EN: return → hu-HU: visszaút | Definition: A flight that returns to the original departure location (1 flight) | Example: Mi a legjobb ár a Szófiába Párizsba tartó visszaútra?
- EN: return → hu-HU: oda-vissza út | Definition: A train journey that includes both the outbound and inbound journeys, completing the round trip. | Example: Vonatjegy foglalása oda-vissza útra.
- EN: return → hu-HU: visszaút | Definition: A train trip to return to the original departure location (1 trip)" | Notes: When it refers to the single return leg of a round trip. | Example: Foglalj jegyet a visszaútra is!
- EN: return date → hu-HU: visszaút dátuma | Definition: The date of the return journey. | Example: Visszaút dátumának kiválasztása
- EN: return flight → hu-HU: oda-vissza járat | Definition: A flight that includes both the outbound and inbound journeys, completing the round trip. | Example: Oda-vissza járatok keresése
Találd meg a legjobb árakat egyirányú vagy oda-vissza járatokra az egész országban.
- EN: return flight → hu-HU: oda-vissza járat | Definition: A flight that returns to the original departure location (1 flight) | Example: Foglalj oda-vissza járatot.
- EN: return trip → hu-HU: oda-vissza utazás | Definition: A journey including both the outbound journey to the destination and the inbound journey back to the starting location.
- EN: Review → hu-HU: értékel | Definition: Verb - Add an evaluation or feedback about a service or product. | Example: Értékeld az utazásodat
- EN: review → hu-HU: értékelés | Definition: Noun - An evaluation or feedback about a service or product. | Example: 1 értékelés
Legjobb értékelésű szállodák és látnivalók
- EN: room → hu-HU: szoba | Definition: A space within a building for accommodation | Example: Szobatípus kiválasztása
Megtaláltad a megfelelő szállodát? Csak kattints, és foglald le a szobát közvetlenül a szállodaszolgáltató oldalán.
- EN: same to same → hu-HU: átvételi tank átadáskor | Definition: Fuel policy where the car must be returned with the same amount of fuel as when picked up.
- EN: Satisfactory → hu-HU: Kielégítő | Definition: Rating indicating acceptable quality or performance, but with some issues.
- EN: Saved → hu-HU: Mentett keresések | Definition: For travellers planning one or more trips, this feature empowers users to save different elements of their travel, so they can compare and monitor prices, book at a time that suits and/or find the perfect option. | Example: Funkció:
Jelentkezz be a mentett kereséseid eléréséhez
Mentett keresések – értesítünk az árak változásairól

Melléknévi igenév:
Mentett repülőjegyek és szállodák
Találtunk egy új árat a mentett értesítéseidhez
- EN: Savvy Search → hu-HU: Mindentudó tervező | Definition: Savvy Search is a generative AI planning tool developed internally. It is designed to help travelers discover new destinations and experiences by asking questions like "What kind of trip is on your mind?" This tool is powered by OpenAI's ChatGPT and uses historical internet data along with Skyscanner's destination and price data to provide travel recommendations | Example: Íme a Mindentudó tervező

A Mindentudó tervezővel eddig elképzelhetetlen helyekre is eljuthatsz.
- EN: search → hu-HU: keresés | Definition: The process of looking for specific travel-related information or options, such as flights, hotels, rental cars | Example: Kezdd el a keresést.
Sajnos nem találtunk a keresésednek megfelelő járatokat.
- EN: search → hu-HU: keres | Definition: To look for information or options. | Example: Keress egyirányú járatokat
Szolgáltatók keresése
- EN: select → hu-HU: kiválaszt | Definition: The act of choosing or picking a specific option from a range of available choices. | Example: Válassz egy úti célt
A szállodában nincs foglalható szoba a kiválasztott dátumokra vagy a vendégek számához
Kiválasztás
- EN: self catering → hu-HU: önellátó | Definition: This type of accommodation may or may not provide guests with kitchen facilities to prepare their own meals. No meals are included in the package
- EN: self-transfer → hu-HU: egyéni átszállás | Definition: When passengers need to transfer between flights on their own without airline assistance. It may be necessary to check in separately for each connecting flight. | Example: Ez az utazás egyéni átszállást tartalmaz.
- EN: sign up → hu-HU: regisztráció | Definition: Option to create a new account. | Example: Jelentkezz be vagy regisztrálj, hogy megoszthatsd a tapasztalataidat másokkal
- EN: solo travellers → hu-HU: egyéni utazók | Definition: Individuals traveling alone.
- EN: sports car → hu-HU: sportautó | Definition: A car designed for high performance and agility, often with a sleek design.
- EN: standard → hu-HU: normál autó | Definition: A category of rental cars that offer a balance between size, comfort, and cost.
- EN: star → hu-HU: csillag | Definition: A hotel star rating is a system used to classify hotels based on their quality, amenities, service, and overall guest experience. | Example: Szállodák:
3 csillagos szállodák már @@hotelPrice@@ kezdőártól

Autóbérlés/partnerek értékelése:
5-ből 4 csillagos 300 értékelés alapján.
- EN: star → hu-HU: csillag | Example: Szállodák:
3 csillagos szállodák már @@hotelPrice@@ kezdőártól

Autóbérlés/partnerek értékelése:
5-ből 4 csillagos 300 értékelés alapján.
- EN: star rating → hu-HU: csillagos értékelés | Definition: A hotel star rating is a system used to classify hotels based on their quality, amenities, service, and overall guest experience.
- EN: stay → hu-HU: szállás | Definition: Period during which a guest resides at an accommodation, such as a hotel.
- EN: stop → hu-HU: átszállás | Definition: Flight connection at other airport before reaching the destination (not direct flights) | Example: Legfeljebb 2 átszállás
A sorrendet az ár, a menetidő és az átszállások száma alapján határozzuk meg
- EN: Suggested for you → hu-HU: Neked ajánljuk | Definition: Personalized recommendations based on your interests or past behavior.
- EN: SUV → hu-HU: SUV | Definition: Sport Utility Vehicle, a larger car often with off-road capability and more passenger/cargo space.
- EN: tax → hu-HU: adó | Definition: Compulsory financial charges imposed by a government. | Example: Minden adót és díjat tartalmaz, kivéve a helyi adót, ha van.
- EN: Terms of Service → hu-HU: szolgáltatási feltételek | Definition: The rules and conditions for using a service. | Example: A folytatással elfogadod a szolgáltatási feltételeinket
- EN: Top Provider → hu-HU: Kiváló szolgáltató | Definition: A booking partner that meets our top-quality criteria, demonstrated by a high Partner Quality Score, strong price accuracy, and reliable downstream visibility. This designation helps travelers make informed choices by identifying partners that offer a trustworthy and seamless booking experience.
- EN: total price → hu-HU: teljes ár | Definition: The complete cost of a service or product. | Example: Teljes ár az összes éjszakára
{partner} parnerünk a szoba teljes árát jelenítheti meg˙nem az éjszakánkénti árat).
- EN: transfer → hu-HU: átszáll OR átirányít OR szállít | Definition: The act of moving travelers from one location to another. | Example: Miután megtaláltad a megfelelő autóbérlési ajánlatot, átirányítunk az autókölcsönzőhöz, hogy közvetlenül náluk foglalhass.
Érkezéskor várni fog valaki, és megmutatja a privát buszt, amivel elszállítanak a szálláshelyedre.
- EN: transfer → hu-HU: átszállás | Definition: Service or act of moving from one mode of transport to another. | Example: Miután megtaláltad a megfelelő autóbérlési ajánlatot, átirányítunk az autókölcsönzőhöz, hogy közvetlenül náluk foglalhass.
Érkezéskor várni fog valaki, és megmutatja a privát buszt, amivel elszállítanak a szálláshelyedre.
- EN: transmission → hu-HU: váltó | Definition: The mechanism by which power is transmitted from the engine to the wheels in a vehicle.
- EN: travel agent → hu-HU: utazási iroda | Definition: A professional who plans and books travel arrangements for clients. | Example: Releváns keresési találatokat mutatunk neked több mint 200 üzleti parnerünk, többek között szállodaüzemeltetők és utazási irodák kínálatából.
- EN: travel Hack → hu-HU: utazási trükk | Definition: Tips and strategies for making travel easier or cheaper. | Example: A legjobb utazási trükk: Utazz bárhová
- EN: travel insurance → hu-HU: utasbiztosítás | Definition: Coverage for risks associated with travel, such as trip cancellations and medical emergencies. | Example: Gondoskodj a megfelelő utasbiztosításról, mielőtt elrepülsz @@destination@@ területére.
- EN: Travel Tuesday → hu-HU: Travel Tuesday | Definition: A marketing initiative on the Tuesday after Thanksgiving, offering significant discounts on travel-related purchases like flights and hotels. | Notes: DNT and please use the same capitalization. | Example: Jövő kedden Travel Tuesday – foglalj most alacsony áron!
- EN: traveller → hu-HU: utazó | Definition: An individual who is traveling. | Example: Folyamatosan fejlesztjük az alkalmazásunkat, hogy még jobbá tegyük a hozzád hasonló utazók számára.
Más utazók értékelései
- EN: trip → hu-HU: utazás | Definition: A journey from one place to another. | Example: A Skyscanner megkönnyíti a következő utazásod megtervezését
Ha nem tudod, melyik hónapban utazz, könnyen megtalálhatod a legolcsóbb hónapot , amikor elrepülhetsz egy adott úti célra.
- EN: Underrated Destinations → hu-HU: Alulértékelt úti célok | Definition: Travel locations that are less popular but worth visiting. | Example: Alulértékelt úti célok: új keresési szűrő
- EN: unique stays → hu-HU: egyedi szálláshelyek | Definition: Accommodations that offer unusual or distinctive experiences.
- EN: unlimited mileage → hu-HU: korlátlan kilométer | Definition: Option allowing unlimited travel distance in a rental vehicle. | Example: Csak a korlátlan kilométert tartalmazó ajánlatok megjelenítése
- EN: van → hu-HU: mikrobusz | Definition: A larger vehicle used for transporting goods or people.
- EN: vehicle → hu-HU: jármű | Definition: A mode of transportation used to move from one place to another.
- EN: Very good → hu-HU: Nagyon jó | Definition: Rating indicating high quality or performance.
- EN: Vibes → hu-HU: Inspirációk | Definition: Vibes is an AI-powered feature developed by Skyscanner that enhances the Explore Everywhere experience by categorising and sorting travel destinations in a smart, intuitive way to inspire travellers. These “vibes” are essentially themed tiles or categories—likely based on mood, activity type, scenery, or travel style (e.g. “beach escape”, “romantic getaway”, “adventurous hiking”)—that help users discover destinations they might not have otherwise considered.
- EN: wagon → hu-HU: kombi | Definition: A car with a longer body and more cargo space, often with a rear hatch door.
- EN: Whole month → hu-HU: Teljes hónap | Definition: Option to view availability and prices for an entire month. | Example: Funkció:
Ha rugalmasak az utazásod dátumai, használd a Skyscanner „Teljes hónap” funkcióját, hogy megtaláld a legocslóbb hónapot vagy akár napot, amikor elrepülhetsz @@place@@ területéről.

Köznévként kisbetűvel:
teljes hónap kiválasztása
- EN: whole month → hu-HU: teljes hónap | Definition: Option to view availability and prices for an entire month. | Example: Funkció:
Ha rugalmasak az utazásod dátumai, használd a Skyscanner „Teljes hónap” funkcióját, hogy megtaláld a legocslóbb hónapot vagy akár napot, amikor elrepülhetsz @@place@@ területéről.

Köznévként kisbetűvel:
teljes hónap kiválasztása
- EN: With honours → hu-HU: Kimagasló | Definition: A high distinction or recognition for excellence.

2026-09-01 09:33:44,729 - INFO - [HU] Agent 1 window 0-9 (10 batches)
2026-09-01 09:33:44,799 - INFO - AFC is enabled with max remote calls: 10.
2026-09-01 09:33:44,799 - WARNING - Direct use of automatic function calling (AFC) in AsyncModels.generate_content is not recommended. Instead, we recommend to use AFC in AsyncChat.send_message. Similarly, direct use of AFC in AsyncModels.generate_content_stream is not recommended. Instead, we recommend to use AFC in AsyncChat.send_message_stream.
2026-09-01 09:33:44,818 - INFO - AFC is enabled with max remote calls: 10.
2026-09-01 09:33:44,820 - INFO - AFC is enabled with max remote calls: 10.
2026-09-01 09:33:44,820 - INFO - AFC is enabled with max remote calls: 10.
2026-09-01 09:33:44,821 - INFO - AFC is enabled with max remote calls: 10.
2026-09-01 09:33:44,822 - INFO - AFC is enabled with max remote calls: 10.
2026-09-01 09:33:44,823 - INFO - AFC is enabled with max remote calls: 10.
2026-09-01 09:33:44,823 - INFO - AFC is enabled with max remote calls: 10.
2026-09-01 09:33:44,824 - INFO - AFC is enabled with max remote calls: 10.
2026-09-01 09:33:44,825 - INFO - AFC is enabled with max remote calls: 10.
2026-09-01 09:33:57,832 - INFO - HTTP Request: POST https://generativelanguage.googleapis.com/v1beta/models/gemini-2.5-pro:generateContent "HTTP/1.1 200 OK"
2026-09-01 09:33:59,748 - INFO - HTTP Request: POST https://generativelanguage.googleapis.com/v1beta/models/gemini-2.5-pro:generateContent "HTTP/1.1 200 OK"
2026-09-01 09:34:00,415 - INFO - HTTP Request: POST https://generativelanguage.googleapis.com/v1beta/models/gemini-2.5-pro:generateContent "HTTP/1.1 200 OK"
2026-09-01 09:34:04,573 - INFO - HTTP Request: POST https://generativelanguage.googleapis.com/v1beta/models/gemini-2.5-pro:generateContent "HTTP/1.1 200 OK"
2026-09-01 09:34:05,000 - INFO - HTTP Request: POST https://generativelanguage.googleapis.com/v1beta/models/gemini-2.5-pro:generateContent "HTTP/1.1 200 OK"
2026-09-01 09:34:07,241 - INFO - HTTP Request: POST https://generativelanguage.googleapis.com/v1beta/models/gemini-2.5-pro:generateContent "HTTP/1.1 200 OK"
2026-09-01 09:34:07,325 - INFO - HTTP Request: POST https://generativelanguage.googleapis.com/v1beta/models/gemini-2.5-pro:generateContent "HTTP/1.1 200 OK"
2026-09-01 09:34:08,418 - INFO - HTTP Request: POST https://generativelanguage.googleapis.com/v1beta/models/gemini-2.5-pro:generateContent "HTTP/1.1 200 OK"
2026-09-01 09:34:09,606 - INFO - HTTP Request: POST https://generativelanguage.googleapis.com/v1beta/models/gemini-2.5-pro:generateContent "HTTP/1.1 200 OK"
2026-09-01 09:34:11,005 - INFO - HTTP Request: POST https://generativelanguage.googleapis.com/v1beta/models/gemini-2.5-pro:generateContent "HTTP/1.1 200 OK"
2026-09-01 09:34:11,016 - INFO - [HU] Waiting 10.0s before next Agent 1 window…
2026-09-01 09:34:21,022 - INFO - [HU] Agent 1 window 10-19 (10 batches)
2026-09-01 09:34:21,092 - INFO - AFC is enabled with max remote calls: 10.
2026-09-01 09:34:21,094 - INFO - AFC is enabled with max remote calls: 10.
2026-09-01 09:34:21,096 - INFO - AFC is enabled with max remote calls: 10.
2026-09-01 09:34:21,098 - INFO - AFC is enabled with max remote calls: 10.
2026-09-01 09:34:21,099 - INFO - AFC is enabled with max remote calls: 10.
2026-09-01 09:34:21,101 - INFO - AFC is enabled with max remote calls: 10.
2026-09-01 09:34:21,102 - INFO - AFC is enabled with max remote calls: 10.
2026-09-01 09:34:21,103 - INFO - AFC is enabled with max remote calls: 10.
2026-09-01 09:34:21,104 - INFO - AFC is enabled with max remote calls: 10.
2026-09-01 09:34:21,106 - INFO - AFC is enabled with max remote calls: 10.
2026-09-01 09:34:37,596 - INFO - HTTP Request: POST https://generativelanguage.googleapis.com/v1beta/models/gemini-2.5-pro:generateContent "HTTP/1.1 200 OK"
2026-09-01 09:34:38,554 - INFO - HTTP Request: POST https://generativelanguage.googleapis.com/v1beta/models/gemini-2.5-pro:generateContent "HTTP/1.1 200 OK"
2026-09-01 09:34:39,337 - INFO - HTTP Request: POST https://generativelanguage.googleapis.com/v1beta/models/gemini-2.5-pro:generateContent "HTTP/1.1 200 OK"
2026-09-01 09:34:39,793 - INFO - HTTP Request: POST https://generativelanguage.googleapis.com/v1beta/models/gemini-2.5-pro:generateContent "HTTP/1.1 200 OK"
2026-09-01 09:34:40,882 - INFO - HTTP Request: POST https://generativelanguage.googleapis.com/v1beta/models/gemini-2.5-pro:generateContent "HTTP/1.1 200 OK"
2026-09-01 09:34:41,430 - INFO - HTTP Request: POST https://generativelanguage.googleapis.com/v1beta/models/gemini-2.5-pro:generateContent "HTTP/1.1 200 OK"
2026-09-01 09:34:42,190 - INFO - HTTP Request: POST https://generativelanguage.googleapis.com/v1beta/models/gemini-2.5-pro:generateContent "HTTP/1.1 200 OK"
2026-09-01 09:34:43,281 - INFO - HTTP Request: POST https://generativelanguage.googleapis.com/v1beta/models/gemini-2.5-pro:generateContent "HTTP/1.1 200 OK"
2026-09-01 09:34:45,064 - INFO - HTTP Request: POST https://generativelanguage.googleapis.com/v1beta/models/gemini-2.5-pro:generateContent "HTTP/1.1 200 OK"
2026-09-01 09:34:50,667 - INFO - HTTP Request: POST https://generativelanguage.googleapis.com/v1beta/models/gemini-2.5-pro:generateContent "HTTP/1.1 200 OK"
2026-09-01 09:34:50,673 - INFO - [HU] Waiting 10.0s before next Agent 1 window…
2026-09-01 09:35:00,680 - INFO - [HU] Agent 1 window 20-29 (10 batches)
2026-09-01 09:35:00,828 - INFO - AFC is enabled with max remote calls: 10.
2026-09-01 09:35:00,836 - INFO - AFC is enabled with max remote calls: 10.
2026-09-01 09:35:00,837 - INFO - AFC is enabled with max remote calls: 10.
2026-09-01 09:35:00,838 - INFO - AFC is enabled with max remote calls: 10.
2026-09-01 09:35:00,839 - INFO - AFC is enabled with max remote calls: 10.
2026-09-01 09:35:00,844 - INFO - AFC is enabled with max remote calls: 10.
2026-09-01 09:35:00,855 - INFO - AFC is enabled with max remote calls: 10.
2026-09-01 09:35:00,857 - INFO - AFC is enabled with max remote calls: 10.
2026-09-01 09:35:00,858 - INFO - AFC is enabled with max remote calls: 10.
2026-09-01 09:35:00,859 - INFO - AFC is enabled with max remote calls: 10.
2026-09-01 09:35:21,936 - INFO - HTTP Request: POST https://generativelanguage.googleapis.com/v1beta/models/gemini-2.5-pro:generateContent "HTTP/1.1 200 OK"
2026-09-01 09:35:22,615 - INFO - HTTP Request: POST https://generativelanguage.googleapis.com/v1beta/models/gemini-2.5-pro:generateContent "HTTP/1.1 200 OK"
2026-09-01 09:35:28,446 - INFO - HTTP Request: POST https://generativelanguage.googleapis.com/v1beta/models/gemini-2.5-pro:generateContent "HTTP/1.1 200 OK"
2026-09-01 09:35:29,131 - INFO - HTTP Request: POST https://generativelanguage.googleapis.com/v1beta/models/gemini-2.5-pro:generateContent "HTTP/1.1 200 OK"
2026-09-01 09:35:29,778 - INFO - HTTP Request: POST https://generativelanguage.googleapis.com/v1beta/models/gemini-2.5-pro:generateContent "HTTP/1.1 200 OK"
2026-09-01 09:35:31,736 - INFO - HTTP Request: POST https://generativelanguage.googleapis.com/v1beta/models/gemini-2.5-pro:generateContent "HTTP/1.1 200 OK"
2026-09-01 09:35:32,784 - INFO - HTTP Request: POST https://generativelanguage.googleapis.com/v1beta/models/gemini-2.5-pro:generateContent "HTTP/1.1 200 OK"
2026-09-01 09:35:35,941 - INFO - HTTP Request: POST https://generativelanguage.googleapis.com/v1beta/models/gemini-2.5-pro:generateContent "HTTP/1.1 200 OK"
2026-09-01 09:35:37,078 - INFO - HTTP Request: POST https://generativelanguage.googleapis.com/v1beta/models/gemini-2.5-pro:generateContent "HTTP/1.1 200 OK"
2026-09-01 09:35:43,288 - INFO - HTTP Request: POST https://generativelanguage.googleapis.com/v1beta/models/gemini-2.5-pro:generateContent "HTTP/1.1 200 OK"
2026-09-01 09:35:43,300 - INFO - [HU] Waiting 10.0s before next Agent 1 window…
2026-09-01 09:35:53,302 - INFO - [HU] Agent 1 window 30-39 (10 batches)
2026-09-01 09:35:53,339 - INFO - AFC is enabled with max remote calls: 10.
2026-09-01 09:35:53,341 - INFO - AFC is enabled with max remote calls: 10.
2026-09-01 09:35:53,342 - INFO - AFC is enabled with max remote calls: 10.
2026-09-01 09:35:53,343 - INFO - AFC is enabled with max remote calls: 10.
2026-09-01 09:35:53,343 - INFO - AFC is enabled with max remote calls: 10.
2026-09-01 09:35:53,344 - INFO - AFC is enabled with max remote calls: 10.
2026-09-01 09:35:53,345 - INFO - AFC is enabled with max remote calls: 10.
2026-09-01 09:35:53,346 - INFO - AFC is enabled with max remote calls: 10.
2026-09-01 09:35:53,347 - INFO - AFC is enabled with max remote calls: 10.
2026-09-01 09:35:53,348 - INFO - AFC is enabled with max remote calls: 10.
2026-09-01 09:36:07,669 - INFO - HTTP Request: POST https://generativelanguage.googleapis.com/v1beta/models/gemini-2.5-pro:generateContent "HTTP/1.1 200 OK"
2026-09-01 09:36:08,988 - INFO - HTTP Request: POST https://generativelanguage.googleapis.com/v1beta/models/gemini-2.5-pro:generateContent "HTTP/1.1 200 OK"
2026-09-01 09:36:10,584 - INFO - HTTP Request: POST https://generativelanguage.googleapis.com/v1beta/models/gemini-2.5-pro:generateContent "HTTP/1.1 200 OK"
2026-09-01 09:36:12,719 - INFO - HTTP Request: POST https://generativelanguage.googleapis.com/v1beta/models/gemini-2.5-pro:generateContent "HTTP/1.1 200 OK"
2026-09-01 09:36:12,746 - INFO - HTTP Request: POST https://generativelanguage.googleapis.com/v1beta/models/gemini-2.5-pro:generateContent "HTTP/1.1 200 OK"
2026-09-01 09:36:15,030 - INFO - HTTP Request: POST https://generativelanguage.googleapis.com/v1beta/models/gemini-2.5-pro:generateContent "HTTP/1.1 200 OK"
2026-09-01 09:36:16,978 - INFO - HTTP Request: POST https://generativelanguage.googleapis.com/v1beta/models/gemini-2.5-pro:generateContent "HTTP/1.1 200 OK"
2026-09-01 09:36:19,695 - INFO - HTTP Request: POST https://generativelanguage.googleapis.com/v1beta/models/gemini-2.5-pro:generateContent "HTTP/1.1 200 OK"
2026-09-01 09:36:31,538 - INFO - HTTP Request: POST https://generativelanguage.googleapis.com/v1beta/models/gemini-2.5-pro:generateContent "HTTP/1.1 200 OK"
2026-09-01 09:36:38,587 - INFO - HTTP Request: POST https://generativelanguage.googleapis.com/v1beta/models/gemini-2.5-pro:generateContent "HTTP/1.1 200 OK"
2026-09-01 09:36:38,598 - INFO - [HU] Waiting 10.0s before next Agent 1 window…
2026-09-01 09:36:48,600 - INFO - [HU] Agent 1 window 40-49 (10 batches)
2026-09-01 09:36:48,648 - INFO - AFC is enabled with max remote calls: 10.
2026-09-01 09:36:48,650 - INFO - AFC is enabled with max remote calls: 10.
2026-09-01 09:36:48,651 - INFO - AFC is enabled with max remote calls: 10.
2026-09-01 09:36:48,652 - INFO - AFC is enabled with max remote calls: 10.
2026-09-01 09:36:48,652 - INFO - AFC is enabled with max remote calls: 10.
2026-09-01 09:36:48,653 - INFO - AFC is enabled with max remote calls: 10.
2026-09-01 09:36:48,654 - INFO - AFC is enabled with max remote calls: 10.
2026-09-01 09:36:48,654 - INFO - AFC is enabled with max remote calls: 10.
2026-09-01 09:36:48,655 - INFO - AFC is enabled with max remote calls: 10.
2026-09-01 09:36:48,656 - INFO - AFC is enabled with max remote calls: 10.
2026-09-01 09:37:09,532 - INFO - HTTP Request: POST https://generativelanguage.googleapis.com/v1beta/models/gemini-2.5-pro:generateContent "HTTP/1.1 200 OK"
2026-09-01 09:37:10,458 - INFO - HTTP Request: POST https://generativelanguage.googleapis.com/v1beta/models/gemini-2.5-pro:generateContent "HTTP/1.1 200 OK"
2026-09-01 09:37:16,375 - INFO - HTTP Request: POST https://generativelanguage.googleapis.com/v1beta/models/gemini-2.5-pro:generateContent "HTTP/1.1 200 OK"
2026-09-01 09:37:18,736 - INFO - HTTP Request: POST https://generativelanguage.googleapis.com/v1beta/models/gemini-2.5-pro:generateContent "HTTP/1.1 200 OK"
2026-09-01 09:37:18,753 - INFO - HTTP Request: POST https://generativelanguage.googleapis.com/v1beta/models/gemini-2.5-pro:generateContent "HTTP/1.1 200 OK"
2026-09-01 09:37:22,109 - INFO - HTTP Request: POST https://generativelanguage.googleapis.com/v1beta/models/gemini-2.5-pro:generateContent "HTTP/1.1 200 OK"
2026-09-01 09:37:22,456 - INFO - HTTP Request: POST https://generativelanguage.googleapis.com/v1beta/models/gemini-2.5-pro:generateContent "HTTP/1.1 200 OK"
2026-09-01 09:37:23,120 - INFO - HTTP Request: POST https://generativelanguage.googleapis.com/v1beta/models/gemini-2.5-pro:generateContent "HTTP/1.1 200 OK"
2026-09-01 09:37:26,623 - INFO - HTTP Request: POST https://generativelanguage.googleapis.com/v1beta/models/gemini-2.5-pro:generateContent "HTTP/1.1 200 OK"
2026-09-01 09:37:27,315 - INFO - HTTP Request: POST https://generativelanguage.googleapis.com/v1beta/models/gemini-2.5-pro:generateContent "HTTP/1.1 200 OK"
2026-09-01 09:37:28,757 - INFO - [HU] Waiting 10.0s before next Agent 1 window…
2026-09-01 09:37:38,762 - INFO - [HU] Agent 1 window 50-59 (10 batches)
2026-09-01 09:37:38,839 - INFO - AFC is enabled with max remote calls: 10.
2026-09-01 09:37:38,842 - INFO - AFC is enabled with max remote calls: 10.
2026-09-01 09:37:38,843 - INFO - AFC is enabled with max remote calls: 10.
2026-09-01 09:37:38,844 - INFO - AFC is enabled with max remote calls: 10.
2026-09-01 09:37:38,845 - INFO - AFC is enabled with max remote calls: 10.
2026-09-01 09:37:38,846 - INFO - AFC is enabled with max remote calls: 10.
2026-09-01 09:37:38,847 - INFO - AFC is enabled with max remote calls: 10.
2026-09-01 09:37:38,848 - INFO - AFC is enabled with max remote calls: 10.
2026-09-01 09:37:38,849 - INFO - AFC is enabled with max remote calls: 10.
2026-09-01 09:37:38,850 - INFO - AFC is enabled with max remote calls: 10.
2026-09-01 09:37:54,042 - INFO - HTTP Request: POST https://generativelanguage.googleapis.com/v1beta/models/gemini-2.5-pro:generateContent "HTTP/1.1 200 OK"
2026-09-01 09:37:54,049 - INFO - HTTP Request: POST https://generativelanguage.googleapis.com/v1beta/models/gemini-2.5-pro:generateContent "HTTP/1.1 200 OK"
2026-09-01 09:37:55,847 - INFO - HTTP Request: POST https://generativelanguage.googleapis.com/v1beta/models/gemini-2.5-pro:generateContent "HTTP/1.1 200 OK"
2026-09-01 09:37:58,108 - INFO - HTTP Request: POST https://generativelanguage.googleapis.com/v1beta/models/gemini-2.5-pro:generateContent "HTTP/1.1 200 OK"
2026-09-01 09:37:59,864 - INFO - HTTP Request: POST https://generativelanguage.googleapis.com/v1beta/models/gemini-2.5-pro:generateContent "HTTP/1.1 200 OK"
2026-09-01 09:38:00,232 - INFO - HTTP Request: POST https://generativelanguage.googleapis.com/v1beta/models/gemini-2.5-pro:generateContent "HTTP/1.1 200 OK"
2026-09-01 09:38:14,918 - INFO - HTTP Request: POST https://generativelanguage.googleapis.com/v1beta/models/gemini-2.5-pro:generateContent "HTTP/1.1 200 OK"
2026-09-01 09:38:16,361 - INFO - HTTP Request: POST https://generativelanguage.googleapis.com/v1beta/models/gemini-2.5-pro:generateContent "HTTP/1.1 200 OK"
2026-09-01 09:38:20,916 - INFO - HTTP Request: POST https://generativelanguage.googleapis.com/v1beta/models/gemini-2.5-pro:generateContent "HTTP/1.1 200 OK"
2026-09-01 09:38:49,668 - INFO - HTTP Request: POST https://generativelanguage.googleapis.com/v1beta/models/gemini-2.5-pro:generateContent "HTTP/1.1 200 OK"
2026-09-01 09:38:49,699 - INFO - [HU] Waiting 10.0s before next Agent 1 window…
2026-09-01 09:38:59,701 - INFO - [HU] Agent 1 window 60-69 (10 batches)
2026-09-01 09:38:59,750 - INFO - AFC is enabled with max remote calls: 10.
2026-09-01 09:38:59,753 - INFO - AFC is enabled with max remote calls: 10.
2026-09-01 09:38:59,754 - INFO - AFC is enabled with max remote calls: 10.
2026-09-01 09:38:59,755 - INFO - AFC is enabled with max remote calls: 10.
2026-09-01 09:38:59,756 - INFO - AFC is enabled with max remote calls: 10.
2026-09-01 09:38:59,757 - INFO - AFC is enabled with max remote calls: 10.
2026-09-01 09:38:59,758 - INFO - AFC is enabled with max remote calls: 10.
2026-09-01 09:38:59,759 - INFO - AFC is enabled with max remote calls: 10.
2026-09-01 09:38:59,760 - INFO - AFC is enabled with max remote calls: 10.
2026-09-01 09:38:59,761 - INFO - AFC is enabled with max remote calls: 10.
2026-09-01 09:39:14,424 - INFO - HTTP Request: POST https://generativelanguage.googleapis.com/v1beta/models/gemini-2.5-pro:generateContent "HTTP/1.1 200 OK"
2026-09-01 09:39:15,831 - INFO - HTTP Request: POST https://generativelanguage.googleapis.com/v1beta/models/gemini-2.5-pro:generateContent "HTTP/1.1 200 OK"
2026-09-01 09:39:17,220 - INFO - HTTP Request: POST https://generativelanguage.googleapis.com/v1beta/models/gemini-2.5-pro:generateContent "HTTP/1.1 200 OK"
2026-09-01 09:39:22,746 - INFO - HTTP Request: POST https://generativelanguage.googleapis.com/v1beta/models/gemini-2.5-pro:generateContent "HTTP/1.1 200 OK"
2026-09-01 09:39:22,808 - INFO - HTTP Request: POST https://generativelanguage.googleapis.com/v1beta/models/gemini-2.5-pro:generateContent "HTTP/1.1 200 OK"
2026-09-01 09:39:25,621 - INFO - HTTP Request: POST https://generativelanguage.googleapis.com/v1beta/models/gemini-2.5-pro:generateContent "HTTP/1.1 200 OK"
2026-09-01 09:39:25,666 - INFO - HTTP Request: POST https://generativelanguage.googleapis.com/v1beta/models/gemini-2.5-pro:generateContent "HTTP/1.1 200 OK"
2026-09-01 09:39:28,139 - INFO - HTTP Request: POST https://generativelanguage.googleapis.com/v1beta/models/gemini-2.5-pro:generateContent "HTTP/1.1 200 OK"
2026-09-01 09:39:40,490 - INFO - HTTP Request: POST https://generativelanguage.googleapis.com/v1beta/models/gemini-2.5-pro:generateContent "HTTP/1.1 200 OK"
2026-09-01 09:39:44,171 - INFO - HTTP Request: POST https://generativelanguage.googleapis.com/v1beta/models/gemini-2.5-pro:generateContent "HTTP/1.1 200 OK"
2026-09-01 09:39:44,178 - INFO - [HU] Waiting 10.0s before next Agent 1 window…
2026-09-01 09:39:54,186 - INFO - [HU] Agent 1 window 70-79 (10 batches)
2026-09-01 09:39:54,267 - INFO - AFC is enabled with max remote calls: 10.
2026-09-01 09:39:54,269 - INFO - AFC is enabled with max remote calls: 10.
2026-09-01 09:39:54,270 - INFO - AFC is enabled with max remote calls: 10.
2026-09-01 09:39:54,271 - INFO - AFC is enabled with max remote calls: 10.
2026-09-01 09:39:54,272 - INFO - AFC is enabled with max remote calls: 10.
2026-09-01 09:39:54,273 - INFO - AFC is enabled with max remote calls: 10.
2026-09-01 09:39:54,274 - INFO - AFC is enabled with max remote calls: 10.
2026-09-01 09:39:54,275 - INFO - AFC is enabled with max remote calls: 10.
2026-09-01 09:39:54,276 - INFO - AFC is enabled with max remote calls: 10.
2026-09-01 09:39:54,277 - INFO - AFC is enabled with max remote calls: 10.
2026-09-01 09:40:11,785 - INFO - HTTP Request: POST https://generativelanguage.googleapis.com/v1beta/models/gemini-2.5-pro:generateContent "HTTP/1.1 200 OK"
2026-09-01 09:40:13,248 - INFO - HTTP Request: POST https://generativelanguage.googleapis.com/v1beta/models/gemini-2.5-pro:generateContent "HTTP/1.1 200 OK"
2026-09-01 09:40:15,626 - INFO - HTTP Request: POST https://generativelanguage.googleapis.com/v1beta/models/gemini-2.5-pro:generateContent "HTTP/1.1 200 OK"
2026-09-01 09:40:16,778 - INFO - HTTP Request: POST https://generativelanguage.googleapis.com/v1beta/models/gemini-2.5-pro:generateContent "HTTP/1.1 200 OK"
2026-09-01 09:40:21,239 - INFO - HTTP Request: POST https://generativelanguage.googleapis.com/v1beta/models/gemini-2.5-pro:generateContent "HTTP/1.1 200 OK"
2026-09-01 09:40:21,586 - INFO - HTTP Request: POST https://generativelanguage.googleapis.com/v1beta/models/gemini-2.5-pro:generateContent "HTTP/1.1 200 OK"
2026-09-01 09:40:23,565 - INFO - HTTP Request: POST https://generativelanguage.googleapis.com/v1beta/models/gemini-2.5-pro:generateContent "HTTP/1.1 200 OK"
2026-09-01 09:40:23,570 - INFO - HTTP Request: POST https://generativelanguage.googleapis.com/v1beta/models/gemini-2.5-pro:generateContent "HTTP/1.1 200 OK"
2026-09-01 09:40:26,889 - INFO - HTTP Request: POST https://generativelanguage.googleapis.com/v1beta/models/gemini-2.5-pro:generateContent "HTTP/1.1 200 OK"
2026-09-01 09:40:29,922 - INFO - HTTP Request: POST https://generativelanguage.googleapis.com/v1beta/models/gemini-2.5-pro:generateContent "HTTP/1.1 200 OK"
2026-09-01 09:40:29,927 - INFO - [HU] Waiting 10.0s before next Agent 1 window…
2026-09-01 09:40:39,931 - INFO - [HU] Agent 1 window 80-89 (10 batches)
2026-09-01 09:40:40,015 - INFO - AFC is enabled with max remote calls: 10.
2026-09-01 09:40:40,020 - INFO - AFC is enabled with max remote calls: 10.
2026-09-01 09:40:40,021 - INFO - AFC is enabled with max remote calls: 10.
2026-09-01 09:40:40,022 - INFO - AFC is enabled with max remote calls: 10.
2026-09-01 09:40:40,023 - INFO - AFC is enabled with max remote calls: 10.
2026-09-01 09:40:40,024 - INFO - AFC is enabled with max remote calls: 10.
2026-09-01 09:40:40,025 - INFO - AFC is enabled with max remote calls: 10.
2026-09-01 09:40:40,026 - INFO - AFC is enabled with max remote calls: 10.
2026-09-01 09:40:40,028 - INFO - AFC is enabled with max remote calls: 10.
2026-09-01 09:40:40,029 - INFO - AFC is enabled with max remote calls: 10.
2026-09-01 09:40:59,549 - INFO - HTTP Request: POST https://generativelanguage.googleapis.com/v1beta/models/gemini-2.5-pro:generateContent "HTTP/1.1 200 OK"
2026-09-01 09:40:59,684 - INFO - HTTP Request: POST https://generativelanguage.googleapis.com/v1beta/models/gemini-2.5-pro:generateContent "HTTP/1.1 200 OK"
2026-09-01 09:40:59,732 - INFO - HTTP Request: POST https://generativelanguage.googleapis.com/v1beta/models/gemini-2.5-pro:generateContent "HTTP/1.1 200 OK"
2026-09-01 09:41:05,332 - INFO - HTTP Request: POST https://generativelanguage.googleapis.com/v1beta/models/gemini-2.5-pro:generateContent "HTTP/1.1 200 OK"
2026-09-01 09:41:06,075 - INFO - HTTP Request: POST https://generativelanguage.googleapis.com/v1beta/models/gemini-2.5-pro:generateContent "HTTP/1.1 200 OK"
2026-09-01 09:41:06,627 - INFO - HTTP Request: POST https://generativelanguage.googleapis.com/v1beta/models/gemini-2.5-pro:generateContent "HTTP/1.1 200 OK"
2026-09-01 09:41:12,187 - INFO - HTTP Request: POST https://generativelanguage.googleapis.com/v1beta/models/gemini-2.5-pro:generateContent "HTTP/1.1 200 OK"
2026-09-01 09:41:19,526 - INFO - HTTP Request: POST https://generativelanguage.googleapis.com/v1beta/models/gemini-2.5-pro:generateContent "HTTP/1.1 200 OK"
2026-09-01 09:41:19,685 - INFO - HTTP Request: POST https://generativelanguage.googleapis.com/v1beta/models/gemini-2.5-pro:generateContent "HTTP/1.1 200 OK"
2026-09-01 09:41:27,716 - INFO - HTTP Request: POST https://generativelanguage.googleapis.com/v1beta/models/gemini-2.5-pro:generateContent "HTTP/1.1 200 OK"
2026-09-01 09:41:27,736 - INFO - [HU] Waiting 10.0s before next Agent 1 window…
2026-09-01 09:41:37,738 - INFO - [HU] Agent 1 window 90-99 (10 batches)
2026-09-01 09:41:37,782 - INFO - AFC is enabled with max remote calls: 10.
2026-09-01 09:41:37,784 - INFO - AFC is enabled with max remote calls: 10.
2026-09-01 09:41:37,785 - INFO - AFC is enabled with max remote calls: 10.
2026-09-01 09:41:37,786 - INFO - AFC is enabled with max remote calls: 10.
2026-09-01 09:41:37,787 - INFO - AFC is enabled with max remote calls: 10.
2026-09-01 09:41:37,787 - INFO - AFC is enabled with max remote calls: 10.
2026-09-01 09:41:37,788 - INFO - AFC is enabled with max remote calls: 10.
2026-09-01 09:41:37,789 - INFO - AFC is enabled with max remote calls: 10.
2026-09-01 09:41:37,789 - INFO - AFC is enabled with max remote calls: 10.
2026-09-01 09:41:37,790 - INFO - AFC is enabled with max remote calls: 10.
2026-09-01 09:42:04,435 - INFO - HTTP Request: POST https://generativelanguage.googleapis.com/v1beta/models/gemini-2.5-pro:generateContent "HTTP/1.1 200 OK"
2026-09-01 09:42:04,441 - INFO - HTTP Request: POST https://generativelanguage.googleapis.com/v1beta/models/gemini-2.5-pro:generateContent "HTTP/1.1 200 OK"
2026-09-01 09:42:07,173 - INFO - HTTP Request: POST https://generativelanguage.googleapis.com/v1beta/models/gemini-2.5-pro:generateContent "HTTP/1.1 200 OK"
2026-09-01 09:42:07,380 - INFO - HTTP Request: POST https://generativelanguage.googleapis.com/v1beta/models/gemini-2.5-pro:generateContent "HTTP/1.1 200 OK"
2026-09-01 09:42:12,861 - INFO - HTTP Request: POST https://generativelanguage.googleapis.com/v1beta/models/gemini-2.5-pro:generateContent "HTTP/1.1 200 OK"
2026-09-01 09:42:17,659 - INFO - HTTP Request: POST https://generativelanguage.googleapis.com/v1beta/models/gemini-2.5-pro:generateContent "HTTP/1.1 200 OK"
2026-09-01 09:42:19,990 - INFO - HTTP Request: POST https://generativelanguage.googleapis.com/v1beta/models/gemini-2.5-pro:generateContent "HTTP/1.1 200 OK"
2026-09-01 09:42:20,232 - INFO - HTTP Request: POST https://generativelanguage.googleapis.com/v1beta/models/gemini-2.5-pro:generateContent "HTTP/1.1 200 OK"
2026-09-01 09:42:21,440 - INFO - HTTP Request: POST https://generativelanguage.googleapis.com/v1beta/models/gemini-2.5-pro:generateContent "HTTP/1.1 200 OK"
2026-09-01 09:42:33,295 - INFO - HTTP Request: POST https://generativelanguage.googleapis.com/v1beta/models/gemini-2.5-pro:generateContent "HTTP/1.1 200 OK"
2026-09-01 09:42:33,306 - INFO - [HU] Waiting 10.0s before next Agent 1 window…
2026-09-01 09:42:43,308 - INFO - [HU] Agent 1 window 100-109 (10 batches)
2026-09-01 09:42:43,360 - INFO - AFC is enabled with max remote calls: 10.
2026-09-01 09:42:43,363 - INFO - AFC is enabled with max remote calls: 10.
2026-09-01 09:42:43,363 - INFO - AFC is enabled with max remote calls: 10.
2026-09-01 09:42:43,364 - INFO - AFC is enabled with max remote calls: 10.
2026-09-01 09:42:43,366 - INFO - AFC is enabled with max remote calls: 10.
2026-09-01 09:42:43,367 - INFO - AFC is enabled with max remote calls: 10.
2026-09-01 09:42:43,368 - INFO - AFC is enabled with max remote calls: 10.
2026-09-01 09:42:43,369 - INFO - AFC is enabled with max remote calls: 10.
2026-09-01 09:42:43,369 - INFO - AFC is enabled with max remote calls: 10.
2026-09-01 09:42:43,370 - INFO - AFC is enabled with max remote calls: 10.
2026-09-01 09:43:04,152 - INFO - HTTP Request: POST https://generativelanguage.googleapis.com/v1beta/models/gemini-2.5-pro:generateContent "HTTP/1.1 200 OK"
2026-09-01 09:43:06,361 - INFO - HTTP Request: POST https://generativelanguage.googleapis.com/v1beta/models/gemini-2.5-pro:generateContent "HTTP/1.1 200 OK"
2026-09-01 09:43:07,545 - INFO - HTTP Request: POST https://generativelanguage.googleapis.com/v1beta/models/gemini-2.5-pro:generateContent "HTTP/1.1 200 OK"
2026-09-01 09:43:08,321 - INFO - HTTP Request: POST https://generativelanguage.googleapis.com/v1beta/models/gemini-2.5-pro:generateContent "HTTP/1.1 200 OK"
2026-09-01 09:43:10,782 - INFO - HTTP Request: POST https://generativelanguage.googleapis.com/v1beta/models/gemini-2.5-pro:generateContent "HTTP/1.1 200 OK"
2026-09-01 09:43:22,559 - INFO - HTTP Request: POST https://generativelanguage.googleapis.com/v1beta/models/gemini-2.5-pro:generateContent "HTTP/1.1 200 OK"
2026-09-01 09:43:31,414 - INFO - HTTP Request: POST https://generativelanguage.googleapis.com/v1beta/models/gemini-2.5-pro:generateContent "HTTP/1.1 200 OK"
2026-09-01 09:43:37,506 - INFO - HTTP Request: POST https://generativelanguage.googleapis.com/v1beta/models/gemini-2.5-pro:generateContent "HTTP/1.1 200 OK"
2026-09-01 09:43:37,545 - INFO - HTTP Request: POST https://generativelanguage.googleapis.com/v1beta/models/gemini-2.5-pro:generateContent "HTTP/1.1 200 OK"
2026-09-01 09:43:47,206 - INFO - HTTP Request: POST https://generativelanguage.googleapis.com/v1beta/models/gemini-2.5-pro:generateContent "HTTP/1.1 200 OK"
2026-09-01 09:43:47,221 - INFO - [HU] Waiting 10.0s before next Agent 1 window…
2026-09-01 09:43:57,225 - INFO - [HU] Agent 1 window 110-119 (10 batches)
2026-09-01 09:43:57,314 - INFO - AFC is enabled with max remote calls: 10.
2026-09-01 09:43:57,320 - INFO - AFC is enabled with max remote calls: 10.
2026-09-01 09:43:57,321 - INFO - AFC is enabled with max remote calls: 10.
2026-09-01 09:43:57,322 - INFO - AFC is enabled with max remote calls: 10.
2026-09-01 09:43:57,323 - INFO - AFC is enabled with max remote calls: 10.
2026-09-01 09:43:57,324 - INFO - AFC is enabled with max remote calls: 10.
2026-09-01 09:43:57,325 - INFO - AFC is enabled with max remote calls: 10.
2026-09-01 09:43:57,326 - INFO - AFC is enabled with max remote calls: 10.
2026-09-01 09:43:57,327 - INFO - AFC is enabled with max remote calls: 10.
2026-09-01 09:43:57,327 - INFO - AFC is enabled with max remote calls: 10.
2026-09-01 09:44:12,768 - INFO - HTTP Request: POST https://generativelanguage.googleapis.com/v1beta/models/gemini-2.5-pro:generateContent "HTTP/1.1 200 OK"
2026-09-01 09:44:13,940 - INFO - HTTP Request: POST https://generativelanguage.googleapis.com/v1beta/models/gemini-2.5-pro:generateContent "HTTP/1.1 200 OK"
2026-09-01 09:44:18,170 - INFO - HTTP Request: POST https://generativelanguage.googleapis.com/v1beta/models/gemini-2.5-pro:generateContent "HTTP/1.1 200 OK"
2026-09-01 09:44:21,125 - INFO - HTTP Request: POST https://generativelanguage.googleapis.com/v1beta/models/gemini-2.5-pro:generateContent "HTTP/1.1 200 OK"
2026-09-01 09:44:21,261 - INFO - HTTP Request: POST https://generativelanguage.googleapis.com/v1beta/models/gemini-2.5-pro:generateContent "HTTP/1.1 200 OK"
2026-09-01 09:44:21,545 - INFO - HTTP Request: POST https://generativelanguage.googleapis.com/v1beta/models/gemini-2.5-pro:generateContent "HTTP/1.1 200 OK"
2026-09-01 09:44:25,606 - INFO - HTTP Request: POST https://generativelanguage.googleapis.com/v1beta/models/gemini-2.5-pro:generateContent "HTTP/1.1 200 OK"
2026-09-01 09:44:28,851 - INFO - HTTP Request: POST https://generativelanguage.googleapis.com/v1beta/models/gemini-2.5-pro:generateContent "HTTP/1.1 200 OK"
2026-09-01 09:44:30,242 - INFO - HTTP Request: POST https://generativelanguage.googleapis.com/v1beta/models/gemini-2.5-pro:generateContent "HTTP/1.1 200 OK"
2026-09-01 09:44:30,305 - INFO - HTTP Request: POST https://generativelanguage.googleapis.com/v1beta/models/gemini-2.5-pro:generateContent "HTTP/1.1 200 OK"
2026-09-01 09:44:30,307 - INFO - [HU] Waiting 10.0s before next Agent 1 window…
2026-09-01 09:44:40,317 - INFO - [HU] Agent 1 window 120-129 (10 batches)
2026-09-01 09:44:40,382 - INFO - AFC is enabled with max remote calls: 10.
2026-09-01 09:44:40,386 - INFO - AFC is enabled with max remote calls: 10.
2026-09-01 09:44:40,387 - INFO - AFC is enabled with max remote calls: 10.
2026-09-01 09:44:40,387 - INFO - AFC is enabled with max remote calls: 10.
2026-09-01 09:44:40,388 - INFO - AFC is enabled with max remote calls: 10.
2026-09-01 09:44:40,389 - INFO - AFC is enabled with max remote calls: 10.
2026-09-01 09:44:40,390 - INFO - AFC is enabled with max remote calls: 10.
2026-09-01 09:44:40,391 - INFO - AFC is enabled with max remote calls: 10.
2026-09-01 09:44:40,392 - INFO - AFC is enabled with max remote calls: 10.
2026-09-01 09:44:40,392 - INFO - AFC is enabled with max remote calls: 10.
2026-09-01 09:44:55,088 - INFO - HTTP Request: POST https://generativelanguage.googleapis.com/v1beta/models/gemini-2.5-pro:generateContent "HTTP/1.1 200 OK"
2026-09-01 09:44:59,027 - INFO - HTTP Request: POST https://generativelanguage.googleapis.com/v1beta/models/gemini-2.5-pro:generateContent "HTTP/1.1 200 OK"
2026-09-01 09:44:59,196 - INFO - HTTP Request: POST https://generativelanguage.googleapis.com/v1beta/models/gemini-2.5-pro:generateContent "HTTP/1.1 200 OK"
2026-09-01 09:44:59,954 - INFO - HTTP Request: POST https://generativelanguage.googleapis.com/v1beta/models/gemini-2.5-pro:generateContent "HTTP/1.1 200 OK"
2026-09-01 09:45:00,325 - INFO - HTTP Request: POST https://generativelanguage.googleapis.com/v1beta/models/gemini-2.5-pro:generateContent "HTTP/1.1 200 OK"
2026-09-01 09:45:00,484 - INFO - HTTP Request: POST https://generativelanguage.googleapis.com/v1beta/models/gemini-2.5-pro:generateContent "HTTP/1.1 200 OK"
2026-09-01 09:45:04,572 - INFO - HTTP Request: POST https://generativelanguage.googleapis.com/v1beta/models/gemini-2.5-pro:generateContent "HTTP/1.1 200 OK"
2026-09-01 09:45:11,485 - INFO - HTTP Request: POST https://generativelanguage.googleapis.com/v1beta/models/gemini-2.5-pro:generateContent "HTTP/1.1 200 OK"
2026-09-01 09:45:11,751 - INFO - HTTP Request: POST https://generativelanguage.googleapis.com/v1beta/models/gemini-2.5-pro:generateContent "HTTP/1.1 200 OK"
2026-09-01 09:45:21,300 - INFO - HTTP Request: POST https://generativelanguage.googleapis.com/v1beta/models/gemini-2.5-pro:generateContent "HTTP/1.1 200 OK"
2026-09-01 09:45:21,315 - INFO - [HU] Waiting 10.0s before next Agent 1 window…
2026-09-01 09:45:31,319 - INFO - [HU] Agent 1 window 130-139 (10 batches)
2026-09-01 09:45:31,400 - INFO - AFC is enabled with max remote calls: 10.
2026-09-01 09:45:31,402 - INFO - AFC is enabled with max remote calls: 10.
2026-09-01 09:45:31,403 - INFO - AFC is enabled with max remote calls: 10.
2026-09-01 09:45:31,404 - INFO - AFC is enabled with max remote calls: 10.
2026-09-01 09:45:31,405 - INFO - AFC is enabled with max remote calls: 10.
2026-09-01 09:45:31,407 - INFO - AFC is enabled with max remote calls: 10.
2026-09-01 09:45:31,409 - INFO - AFC is enabled with max remote calls: 10.
2026-09-01 09:45:31,410 - INFO - AFC is enabled with max remote calls: 10.
2026-09-01 09:45:31,413 - INFO - AFC is enabled with max remote calls: 10.
2026-09-01 09:45:31,414 - INFO - AFC is enabled with max remote calls: 10.
2026-09-01 09:45:46,211 - INFO - HTTP Request: POST https://generativelanguage.googleapis.com/v1beta/models/gemini-2.5-pro:generateContent "HTTP/1.1 200 OK"
2026-09-01 09:45:47,081 - INFO - HTTP Request: POST https://generativelanguage.googleapis.com/v1beta/models/gemini-2.5-pro:generateContent "HTTP/1.1 200 OK"
2026-09-01 09:45:50,565 - INFO - HTTP Request: POST https://generativelanguage.googleapis.com/v1beta/models/gemini-2.5-pro:generateContent "HTTP/1.1 200 OK"
2026-09-01 09:45:50,849 - INFO - HTTP Request: POST https://generativelanguage.googleapis.com/v1beta/models/gemini-2.5-pro:generateContent "HTTP/1.1 200 OK"
2026-09-01 09:45:52,785 - INFO - HTTP Request: POST https://generativelanguage.googleapis.com/v1beta/models/gemini-2.5-pro:generateContent "HTTP/1.1 200 OK"
2026-09-01 09:45:55,801 - INFO - HTTP Request: POST https://generativelanguage.googleapis.com/v1beta/models/gemini-2.5-pro:generateContent "HTTP/1.1 200 OK"
2026-09-01 09:45:56,720 - INFO - HTTP Request: POST https://generativelanguage.googleapis.com/v1beta/models/gemini-2.5-pro:generateContent "HTTP/1.1 200 OK"
2026-09-01 09:45:58,636 - INFO - HTTP Request: POST https://generativelanguage.googleapis.com/v1beta/models/gemini-2.5-pro:generateContent "HTTP/1.1 200 OK"
2026-09-01 09:45:59,873 - INFO - HTTP Request: POST https://generativelanguage.googleapis.com/v1beta/models/gemini-2.5-pro:generateContent "HTTP/1.1 200 OK"
2026-09-01 09:46:11,489 - INFO - HTTP Request: POST https://generativelanguage.googleapis.com/v1beta/models/gemini-2.5-pro:generateContent "HTTP/1.1 200 OK"
2026-09-01 09:46:11,505 - INFO - [HU] Waiting 10.0s before next Agent 1 window…
2026-09-01 09:46:21,509 - INFO - [HU] Agent 1 window 140-149 (10 batches)
2026-09-01 09:46:21,603 - INFO - AFC is enabled with max remote calls: 10.
2026-09-01 09:46:21,606 - INFO - AFC is enabled with max remote calls: 10.
2026-09-01 09:46:21,607 - INFO - AFC is enabled with max remote calls: 10.
2026-09-01 09:46:21,608 - INFO - AFC is enabled with max remote calls: 10.
2026-09-01 09:46:21,609 - INFO - AFC is enabled with max remote calls: 10.
2026-09-01 09:46:21,609 - INFO - AFC is enabled with max remote calls: 10.
2026-09-01 09:46:21,610 - INFO - AFC is enabled with max remote calls: 10.
2026-09-01 09:46:21,611 - INFO - AFC is enabled with max remote calls: 10.
2026-09-01 09:46:21,613 - INFO - AFC is enabled with max remote calls: 10.
2026-09-01 09:46:21,615 - INFO - AFC is enabled with max remote calls: 10.
2026-09-01 09:46:35,870 - INFO - HTTP Request: POST https://generativelanguage.googleapis.com/v1beta/models/gemini-2.5-pro:generateContent "HTTP/1.1 200 OK"
2026-09-01 09:46:36,252 - INFO - HTTP Request: POST https://generativelanguage.googleapis.com/v1beta/models/gemini-2.5-pro:generateContent "HTTP/1.1 200 OK"
2026-09-01 09:46:37,986 - INFO - HTTP Request: POST https://generativelanguage.googleapis.com/v1beta/models/gemini-2.5-pro:generateContent "HTTP/1.1 200 OK"
2026-09-01 09:46:38,059 - INFO - HTTP Request: POST https://generativelanguage.googleapis.com/v1beta/models/gemini-2.5-pro:generateContent "HTTP/1.1 200 OK"
2026-09-01 09:46:39,153 - INFO - HTTP Request: POST https://generativelanguage.googleapis.com/v1beta/models/gemini-2.5-pro:generateContent "HTTP/1.1 200 OK"
2026-09-01 09:46:41,438 - INFO - HTTP Request: POST https://generativelanguage.googleapis.com/v1beta/models/gemini-2.5-pro:generateContent "HTTP/1.1 200 OK"
2026-09-01 09:46:44,112 - INFO - HTTP Request: POST https://generativelanguage.googleapis.com/v1beta/models/gemini-2.5-pro:generateContent "HTTP/1.1 200 OK"
2026-09-01 09:46:47,823 - INFO - HTTP Request: POST https://generativelanguage.googleapis.com/v1beta/models/gemini-2.5-pro:generateContent "HTTP/1.1 200 OK"
2026-09-01 09:46:49,817 - INFO - HTTP Request: POST https://generativelanguage.googleapis.com/v1beta/models/gemini-2.5-pro:generateContent "HTTP/1.1 200 OK"
2026-09-01 09:47:05,380 - INFO - HTTP Request: POST https://generativelanguage.googleapis.com/v1beta/models/gemini-2.5-pro:generateContent "HTTP/1.1 200 OK"
2026-09-01 09:47:05,394 - INFO - [HU] Waiting 10.0s before next Agent 1 window…
2026-09-01 09:47:15,404 - INFO - [HU] Agent 1 window 150-159 (10 batches)
2026-09-01 09:47:15,488 - INFO - AFC is enabled with max remote calls: 10.
2026-09-01 09:47:15,490 - INFO - AFC is enabled with max remote calls: 10.
2026-09-01 09:47:15,491 - INFO - AFC is enabled with max remote calls: 10.
2026-09-01 09:47:15,492 - INFO - AFC is enabled with max remote calls: 10.
2026-09-01 09:47:15,493 - INFO - AFC is enabled with max remote calls: 10.
2026-09-01 09:47:15,494 - INFO - AFC is enabled with max remote calls: 10.
2026-09-01 09:47:15,495 - INFO - AFC is enabled with max remote calls: 10.
2026-09-01 09:47:15,496 - INFO - AFC is enabled with max remote calls: 10.
2026-09-01 09:47:15,497 - INFO - AFC is enabled with max remote calls: 10.
2026-09-01 09:47:15,499 - INFO - AFC is enabled with max remote calls: 10.
2026-09-01 09:47:29,031 - INFO - HTTP Request: POST https://generativelanguage.googleapis.com/v1beta/models/gemini-2.5-pro:generateContent "HTTP/1.1 200 OK"
2026-09-01 09:47:31,070 - INFO - HTTP Request: POST https://generativelanguage.googleapis.com/v1beta/models/gemini-2.5-pro:generateContent "HTTP/1.1 200 OK"
2026-09-01 09:47:31,244 - INFO - HTTP Request: POST https://generativelanguage.googleapis.com/v1beta/models/gemini-2.5-pro:generateContent "HTTP/1.1 200 OK"
2026-09-01 09:47:34,101 - INFO - HTTP Request: POST https://generativelanguage.googleapis.com/v1beta/models/gemini-2.5-pro:generateContent "HTTP/1.1 200 OK"
2026-09-01 09:47:34,111 - INFO - HTTP Request: POST https://generativelanguage.googleapis.com/v1beta/models/gemini-2.5-pro:generateContent "HTTP/1.1 200 OK"
2026-09-01 09:47:35,525 - INFO - HTTP Request: POST https://generativelanguage.googleapis.com/v1beta/models/gemini-2.5-pro:generateContent "HTTP/1.1 200 OK"
2026-09-01 09:47:36,033 - INFO - HTTP Request: POST https://generativelanguage.googleapis.com/v1beta/models/gemini-2.5-pro:generateContent "HTTP/1.1 200 OK"
2026-09-01 09:47:41,054 - INFO - HTTP Request: POST https://generativelanguage.googleapis.com/v1beta/models/gemini-2.5-pro:generateContent "HTTP/1.1 200 OK"
2026-09-01 09:47:44,173 - INFO - HTTP Request: POST https://generativelanguage.googleapis.com/v1beta/models/gemini-2.5-pro:generateContent "HTTP/1.1 200 OK"
2026-09-01 09:47:49,311 - INFO - HTTP Request: POST https://generativelanguage.googleapis.com/v1beta/models/gemini-2.5-pro:generateContent "HTTP/1.1 200 OK"
2026-09-01 09:47:49,322 - INFO - [HU] Waiting 10.0s before next Agent 1 window…
2026-09-01 09:47:59,325 - INFO - [HU] Agent 1 window 160-169 (10 batches)
2026-09-01 09:47:59,406 - INFO - AFC is enabled with max remote calls: 10.
2026-09-01 09:47:59,409 - INFO - AFC is enabled with max remote calls: 10.
2026-09-01 09:47:59,410 - INFO - AFC is enabled with max remote calls: 10.
2026-09-01 09:47:59,411 - INFO - AFC is enabled with max remote calls: 10.
2026-09-01 09:47:59,412 - INFO - AFC is enabled with max remote calls: 10.
2026-09-01 09:47:59,413 - INFO - AFC is enabled with max remote calls: 10.
2026-09-01 09:47:59,414 - INFO - AFC is enabled with max remote calls: 10.
2026-09-01 09:47:59,415 - INFO - AFC is enabled with max remote calls: 10.
2026-09-01 09:47:59,416 - INFO - AFC is enabled with max remote calls: 10.
2026-09-01 09:47:59,417 - INFO - AFC is enabled with max remote calls: 10.
2026-09-01 09:48:14,891 - INFO - HTTP Request: POST https://generativelanguage.googleapis.com/v1beta/models/gemini-2.5-pro:generateContent "HTTP/1.1 200 OK"
2026-09-01 09:48:15,633 - INFO - HTTP Request: POST https://generativelanguage.googleapis.com/v1beta/models/gemini-2.5-pro:generateContent "HTTP/1.1 200 OK"
2026-09-01 09:48:15,637 - INFO - HTTP Request: POST https://generativelanguage.googleapis.com/v1beta/models/gemini-2.5-pro:generateContent "HTTP/1.1 200 OK"
2026-09-01 09:48:18,139 - INFO - HTTP Request: POST https://generativelanguage.googleapis.com/v1beta/models/gemini-2.5-pro:generateContent "HTTP/1.1 200 OK"
2026-09-01 09:48:20,472 - INFO - HTTP Request: POST https://generativelanguage.googleapis.com/v1beta/models/gemini-2.5-pro:generateContent "HTTP/1.1 200 OK"
2026-09-01 09:48:22,901 - INFO - HTTP Request: POST https://generativelanguage.googleapis.com/v1beta/models/gemini-2.5-pro:generateContent "HTTP/1.1 200 OK"
2026-09-01 09:48:24,029 - INFO - HTTP Request: POST https://generativelanguage.googleapis.com/v1beta/models/gemini-2.5-pro:generateContent "HTTP/1.1 200 OK"
2026-09-01 09:48:24,819 - INFO - HTTP Request: POST https://generativelanguage.googleapis.com/v1beta/models/gemini-2.5-pro:generateContent "HTTP/1.1 200 OK"
2026-09-01 09:48:26,957 - INFO - HTTP Request: POST https://generativelanguage.googleapis.com/v1beta/models/gemini-2.5-pro:generateContent "HTTP/1.1 200 OK"
2026-09-01 09:48:34,822 - INFO - HTTP Request: POST https://generativelanguage.googleapis.com/v1beta/models/gemini-2.5-pro:generateContent "HTTP/1.1 200 OK"
2026-09-01 09:48:34,834 - INFO - [HU] Waiting 10.0s before next Agent 1 window…
2026-09-01 09:48:44,837 - INFO - [HU] Agent 1 window 170-179 (10 batches)
2026-09-01 09:48:44,921 - INFO - AFC is enabled with max remote calls: 10.
2026-09-01 09:48:44,923 - INFO - AFC is enabled with max remote calls: 10.
2026-09-01 09:48:44,924 - INFO - AFC is enabled with max remote calls: 10.
2026-09-01 09:48:44,925 - INFO - AFC is enabled with max remote calls: 10.
2026-09-01 09:48:44,926 - INFO - AFC is enabled with max remote calls: 10.
2026-09-01 09:48:44,931 - INFO - AFC is enabled with max remote calls: 10.
2026-09-01 09:48:44,932 - INFO - AFC is enabled with max remote calls: 10.
2026-09-01 09:48:44,934 - INFO - AFC is enabled with max remote calls: 10.
2026-09-01 09:48:44,935 - INFO - AFC is enabled with max remote calls: 10.
2026-09-01 09:48:44,936 - INFO - AFC is enabled with max remote calls: 10.
2026-09-01 09:49:03,536 - INFO - HTTP Request: POST https://generativelanguage.googleapis.com/v1beta/models/gemini-2.5-pro:generateContent "HTTP/1.1 200 OK"
2026-09-01 09:49:04,034 - INFO - HTTP Request: POST https://generativelanguage.googleapis.com/v1beta/models/gemini-2.5-pro:generateContent "HTTP/1.1 200 OK"
2026-09-01 09:49:05,193 - INFO - HTTP Request: POST https://generativelanguage.googleapis.com/v1beta/models/gemini-2.5-pro:generateContent "HTTP/1.1 200 OK"
2026-09-01 09:49:06,931 - INFO - HTTP Request: POST https://generativelanguage.googleapis.com/v1beta/models/gemini-2.5-pro:generateContent "HTTP/1.1 200 OK"
2026-09-01 09:49:08,608 - INFO - HTTP Request: POST https://generativelanguage.googleapis.com/v1beta/models/gemini-2.5-pro:generateContent "HTTP/1.1 200 OK"
2026-09-01 09:49:10,030 - INFO - HTTP Request: POST https://generativelanguage.googleapis.com/v1beta/models/gemini-2.5-pro:generateContent "HTTP/1.1 200 OK"
2026-09-01 09:49:10,418 - INFO - HTTP Request: POST https://generativelanguage.googleapis.com/v1beta/models/gemini-2.5-pro:generateContent "HTTP/1.1 200 OK"
2026-09-01 09:49:11,466 - INFO - HTTP Request: POST https://generativelanguage.googleapis.com/v1beta/models/gemini-2.5-pro:generateContent "HTTP/1.1 200 OK"
2026-09-01 09:49:15,231 - INFO - HTTP Request: POST https://generativelanguage.googleapis.com/v1beta/models/gemini-2.5-pro:generateContent "HTTP/1.1 200 OK"
2026-09-01 09:49:33,634 - INFO - HTTP Request: POST https://generativelanguage.googleapis.com/v1beta/models/gemini-2.5-pro:generateContent "HTTP/1.1 200 OK"
2026-09-01 09:49:33,644 - INFO - [HU] Waiting 10.0s before next Agent 1 window…
2026-09-01 09:49:43,650 - INFO - [HU] Agent 1 window 180-189 (10 batches)
2026-09-01 09:49:43,730 - INFO - AFC is enabled with max remote calls: 10.
2026-09-01 09:49:43,733 - INFO - AFC is enabled with max remote calls: 10.
2026-09-01 09:49:43,734 - INFO - AFC is enabled with max remote calls: 10.
2026-09-01 09:49:43,735 - INFO - AFC is enabled with max remote calls: 10.
2026-09-01 09:49:43,736 - INFO - AFC is enabled with max remote calls: 10.
2026-09-01 09:49:43,737 - INFO - AFC is enabled with max remote calls: 10.
2026-09-01 09:49:43,738 - INFO - AFC is enabled with max remote calls: 10.
2026-09-01 09:49:43,739 - INFO - AFC is enabled with max remote calls: 10.
2026-09-01 09:49:43,739 - INFO - AFC is enabled with max remote calls: 10.
2026-09-01 09:49:43,740 - INFO - AFC is enabled with max remote calls: 10.
2026-09-01 09:49:58,312 - INFO - HTTP Request: POST https://generativelanguage.googleapis.com/v1beta/models/gemini-2.5-pro:generateContent "HTTP/1.1 200 OK"
2026-09-01 09:50:00,104 - INFO - HTTP Request: POST https://generativelanguage.googleapis.com/v1beta/models/gemini-2.5-pro:generateContent "HTTP/1.1 200 OK"
2026-09-01 09:50:00,999 - INFO - HTTP Request: POST https://generativelanguage.googleapis.com/v1beta/models/gemini-2.5-pro:generateContent "HTTP/1.1 200 OK"
2026-09-01 09:50:01,949 - INFO - HTTP Request: POST https://generativelanguage.googleapis.com/v1beta/models/gemini-2.5-pro:generateContent "HTTP/1.1 200 OK"
2026-09-01 09:50:04,679 - INFO - HTTP Request: POST https://generativelanguage.googleapis.com/v1beta/models/gemini-2.5-pro:generateContent "HTTP/1.1 200 OK"
2026-09-01 09:50:05,708 - INFO - HTTP Request: POST https://generativelanguage.googleapis.com/v1beta/models/gemini-2.5-pro:generateContent "HTTP/1.1 200 OK"
2026-09-01 09:50:06,086 - INFO - HTTP Request: POST https://generativelanguage.googleapis.com/v1beta/models/gemini-2.5-pro:generateContent "HTTP/1.1 200 OK"
2026-09-01 09:50:07,860 - INFO - HTTP Request: POST https://generativelanguage.googleapis.com/v1beta/models/gemini-2.5-pro:generateContent "HTTP/1.1 200 OK"
2026-09-01 09:50:09,473 - INFO - HTTP Request: POST https://generativelanguage.googleapis.com/v1beta/models/gemini-2.5-pro:generateContent "HTTP/1.1 200 OK"
2026-09-01 09:50:11,163 - INFO - HTTP Request: POST https://generativelanguage.googleapis.com/v1beta/models/gemini-2.5-pro:generateContent "HTTP/1.1 200 OK"
2026-09-01 09:50:11,168 - INFO - [HU] Waiting 10.0s before next Agent 1 window…
2026-09-01 09:50:21,173 - INFO - [HU] Agent 1 window 190-199 (10 batches)
2026-09-01 09:50:21,246 - INFO - AFC is enabled with max remote calls: 10.
2026-09-01 09:50:21,248 - INFO - AFC is enabled with max remote calls: 10.
2026-09-01 09:50:21,249 - INFO - AFC is enabled with max remote calls: 10.
2026-09-01 09:50:21,250 - INFO - AFC is enabled with max remote calls: 10.
2026-09-01 09:50:21,251 - INFO - AFC is enabled with max remote calls: 10.
2026-09-01 09:50:21,252 - INFO - AFC is enabled with max remote calls: 10.
2026-09-01 09:50:21,253 - INFO - AFC is enabled with max remote calls: 10.
2026-09-01 09:50:21,257 - INFO - AFC is enabled with max remote calls: 10.
2026-09-01 09:50:21,260 - INFO - AFC is enabled with max remote calls: 10.
2026-09-01 09:50:21,262 - INFO - AFC is enabled with max remote calls: 10.
2026-09-01 09:50:37,085 - INFO - HTTP Request: POST https://generativelanguage.googleapis.com/v1beta/models/gemini-2.5-pro:generateContent "HTTP/1.1 200 OK"
2026-09-01 09:50:39,592 - INFO - HTTP Request: POST https://generativelanguage.googleapis.com/v1beta/models/gemini-2.5-pro:generateContent "HTTP/1.1 200 OK"
2026-09-01 09:50:39,794 - INFO - HTTP Request: POST https://generativelanguage.googleapis.com/v1beta/models/gemini-2.5-pro:generateContent "HTTP/1.1 200 OK"
2026-09-01 09:50:41,069 - INFO - HTTP Request: POST https://generativelanguage.googleapis.com/v1beta/models/gemini-2.5-pro:generateContent "HTTP/1.1 200 OK"
2026-09-01 09:50:41,173 - INFO - HTTP Request: POST https://generativelanguage.googleapis.com/v1beta/models/gemini-2.5-pro:generateContent "HTTP/1.1 200 OK"
2026-09-01 09:50:41,923 - INFO - HTTP Request: POST https://generativelanguage.googleapis.com/v1beta/models/gemini-2.5-pro:generateContent "HTTP/1.1 200 OK"
2026-09-01 09:50:42,953 - INFO - HTTP Request: POST https://generativelanguage.googleapis.com/v1beta/models/gemini-2.5-pro:generateContent "HTTP/1.1 200 OK"
2026-09-01 09:50:45,171 - INFO - HTTP Request: POST https://generativelanguage.googleapis.com/v1beta/models/gemini-2.5-pro:generateContent "HTTP/1.1 200 OK"
2026-09-01 09:50:45,276 - INFO - HTTP Request: POST https://generativelanguage.googleapis.com/v1beta/models/gemini-2.5-pro:generateContent "HTTP/1.1 200 OK"
2026-09-01 09:50:50,088 - INFO - HTTP Request: POST https://generativelanguage.googleapis.com/v1beta/models/gemini-2.5-pro:generateContent "HTTP/1.1 200 OK"
2026-09-01 09:50:50,094 - INFO - [HU] Waiting 10.0s before next Agent 1 window…
2026-09-01 09:51:00,096 - INFO - [HU] Agent 1 window 200-209 (10 batches)
2026-09-01 09:51:00,166 - INFO - AFC is enabled with max remote calls: 10.
2026-09-01 09:51:00,169 - INFO - AFC is enabled with max remote calls: 10.
2026-09-01 09:51:00,170 - INFO - AFC is enabled with max remote calls: 10.
2026-09-01 09:51:00,171 - INFO - AFC is enabled with max remote calls: 10.
2026-09-01 09:51:00,172 - INFO - AFC is enabled with max remote calls: 10.
2026-09-01 09:51:00,173 - INFO - AFC is enabled with max remote calls: 10.
2026-09-01 09:51:00,174 - INFO - AFC is enabled with max remote calls: 10.
2026-09-01 09:51:00,175 - INFO - AFC is enabled with max remote calls: 10.
2026-09-01 09:51:00,176 - INFO - AFC is enabled with max remote calls: 10.
2026-09-01 09:51:00,178 - INFO - AFC is enabled with max remote calls: 10.
2026-09-01 09:51:17,575 - INFO - HTTP Request: POST https://generativelanguage.googleapis.com/v1beta/models/gemini-2.5-pro:generateContent "HTTP/1.1 200 OK"
2026-09-01 09:51:18,282 - INFO - HTTP Request: POST https://generativelanguage.googleapis.com/v1beta/models/gemini-2.5-pro:generateContent "HTTP/1.1 200 OK"
2026-09-01 09:51:21,767 - INFO - HTTP Request: POST https://generativelanguage.googleapis.com/v1beta/models/gemini-2.5-pro:generateContent "HTTP/1.1 200 OK"
2026-09-01 09:51:22,052 - INFO - HTTP Request: POST https://generativelanguage.googleapis.com/v1beta/models/gemini-2.5-pro:generateContent "HTTP/1.1 200 OK"
2026-09-01 09:51:22,815 - INFO - HTTP Request: POST https://generativelanguage.googleapis.com/v1beta/models/gemini-2.5-pro:generateContent "HTTP/1.1 200 OK"
2026-09-01 09:51:23,857 - INFO - HTTP Request: POST https://generativelanguage.googleapis.com/v1beta/models/gemini-2.5-pro:generateContent "HTTP/1.1 200 OK"
2026-09-01 09:51:24,548 - INFO - HTTP Request: POST https://generativelanguage.googleapis.com/v1beta/models/gemini-2.5-pro:generateContent "HTTP/1.1 200 OK"
2026-09-01 09:51:27,074 - INFO - HTTP Request: POST https://generativelanguage.googleapis.com/v1beta/models/gemini-2.5-pro:generateContent "HTTP/1.1 200 OK"
2026-09-01 09:51:29,507 - INFO - HTTP Request: POST https://generativelanguage.googleapis.com/v1beta/models/gemini-2.5-pro:generateContent "HTTP/1.1 200 OK"
2026-09-01 09:51:32,926 - INFO - HTTP Request: POST https://generativelanguage.googleapis.com/v1beta/models/gemini-2.5-pro:generateContent "HTTP/1.1 200 OK"
2026-09-01 09:51:32,940 - INFO - [HU] Waiting 10.0s before next Agent 1 window…
2026-09-01 09:51:42,948 - INFO - [HU] Agent 1 window 210-219 (10 batches)
2026-09-01 09:51:43,041 - INFO - AFC is enabled with max remote calls: 10.
2026-09-01 09:51:43,044 - INFO - AFC is enabled with max remote calls: 10.
2026-09-01 09:51:43,045 - INFO - AFC is enabled with max remote calls: 10.
2026-09-01 09:51:43,046 - INFO - AFC is enabled with max remote calls: 10.
2026-09-01 09:51:43,047 - INFO - AFC is enabled with max remote calls: 10.
2026-09-01 09:51:43,047 - INFO - AFC is enabled with max remote calls: 10.
2026-09-01 09:51:43,049 - INFO - AFC is enabled with max remote calls: 10.
2026-09-01 09:51:43,052 - INFO - AFC is enabled with max remote calls: 10.
2026-09-01 09:51:43,056 - INFO - AFC is enabled with max remote calls: 10.
2026-09-01 09:51:43,058 - INFO - AFC is enabled with max remote calls: 10.
2026-09-01 09:52:00,375 - INFO - HTTP Request: POST https://generativelanguage.googleapis.com/v1beta/models/gemini-2.5-pro:generateContent "HTTP/1.1 200 OK"
2026-09-01 09:52:04,980 - INFO - HTTP Request: POST https://generativelanguage.googleapis.com/v1beta/models/gemini-2.5-pro:generateContent "HTTP/1.1 200 OK"
2026-09-01 09:52:05,998 - INFO - HTTP Request: POST https://generativelanguage.googleapis.com/v1beta/models/gemini-2.5-pro:generateContent "HTTP/1.1 200 OK"
2026-09-01 09:52:07,523 - INFO - HTTP Request: POST https://generativelanguage.googleapis.com/v1beta/models/gemini-2.5-pro:generateContent "HTTP/1.1 200 OK"
2026-09-01 09:52:08,763 - INFO - HTTP Request: POST https://generativelanguage.googleapis.com/v1beta/models/gemini-2.5-pro:generateContent "HTTP/1.1 200 OK"
2026-09-01 09:52:10,174 - INFO - HTTP Request: POST https://generativelanguage.googleapis.com/v1beta/models/gemini-2.5-pro:generateContent "HTTP/1.1 200 OK"
2026-09-01 09:52:11,205 - INFO - HTTP Request: POST https://generativelanguage.googleapis.com/v1beta/models/gemini-2.5-pro:generateContent "HTTP/1.1 200 OK"
2026-09-01 09:52:13,728 - INFO - HTTP Request: POST https://generativelanguage.googleapis.com/v1beta/models/gemini-2.5-pro:generateContent "HTTP/1.1 200 OK"
2026-09-01 09:52:13,969 - INFO - HTTP Request: POST https://generativelanguage.googleapis.com/v1beta/models/gemini-2.5-pro:generateContent "HTTP/1.1 200 OK"
2026-09-01 09:52:29,227 - INFO - HTTP Request: POST https://generativelanguage.googleapis.com/v1beta/models/gemini-2.5-pro:generateContent "HTTP/1.1 200 OK"
2026-09-01 09:52:29,257 - INFO - [HU] Waiting 10.0s before next Agent 1 window…
2026-09-01 09:52:39,261 - INFO - [HU] Agent 1 window 220-229 (10 batches)
2026-09-01 09:52:39,345 - INFO - AFC is enabled with max remote calls: 10.
2026-09-01 09:52:39,347 - INFO - AFC is enabled with max remote calls: 10.
2026-09-01 09:52:39,348 - INFO - AFC is enabled with max remote calls: 10.
2026-09-01 09:52:39,349 - INFO - AFC is enabled with max remote calls: 10.
2026-09-01 09:52:39,350 - INFO - AFC is enabled with max remote calls: 10.
2026-09-01 09:52:39,351 - INFO - AFC is enabled with max remote calls: 10.
2026-09-01 09:52:39,352 - INFO - AFC is enabled with max remote calls: 10.
2026-09-01 09:52:39,353 - INFO - AFC is enabled with max remote calls: 10.
2026-09-01 09:52:39,354 - INFO - AFC is enabled with max remote calls: 10.
2026-09-01 09:52:39,357 - INFO - AFC is enabled with max remote calls: 10.
2026-09-01 09:52:51,401 - INFO - HTTP Request: POST https://generativelanguage.googleapis.com/v1beta/models/gemini-2.5-pro:generateContent "HTTP/1.1 200 OK"
2026-09-01 09:52:55,084 - INFO - HTTP Request: POST https://generativelanguage.googleapis.com/v1beta/models/gemini-2.5-pro:generateContent "HTTP/1.1 200 OK"
2026-09-01 09:52:56,274 - INFO - HTTP Request: POST https://generativelanguage.googleapis.com/v1beta/models/gemini-2.5-pro:generateContent "HTTP/1.1 200 OK"
2026-09-01 09:52:57,185 - INFO - HTTP Request: POST https://generativelanguage.googleapis.com/v1beta/models/gemini-2.5-pro:generateContent "HTTP/1.1 200 OK"
2026-09-01 09:52:58,862 - INFO - HTTP Request: POST https://generativelanguage.googleapis.com/v1beta/models/gemini-2.5-pro:generateContent "HTTP/1.1 200 OK"
2026-09-01 09:53:00,552 - INFO - HTTP Request: POST https://generativelanguage.googleapis.com/v1beta/models/gemini-2.5-pro:generateContent "HTTP/1.1 200 OK"
2026-09-01 09:53:02,497 - INFO - HTTP Request: POST https://generativelanguage.googleapis.com/v1beta/models/gemini-2.5-pro:generateContent "HTTP/1.1 200 OK"
2026-09-01 09:53:04,276 - INFO - HTTP Request: POST https://generativelanguage.googleapis.com/v1beta/models/gemini-2.5-pro:generateContent "HTTP/1.1 200 OK"
2026-09-01 09:53:06,651 - INFO - HTTP Request: POST https://generativelanguage.googleapis.com/v1beta/models/gemini-2.5-pro:generateContent "HTTP/1.1 200 OK"
2026-09-01 09:53:23,521 - INFO - HTTP Request: POST https://generativelanguage.googleapis.com/v1beta/models/gemini-2.5-pro:generateContent "HTTP/1.1 200 OK"
2026-09-01 09:53:23,539 - INFO - [HU] Waiting 10.0s before next Agent 1 window…
2026-09-01 09:53:33,542 - INFO - [HU] Agent 1 window 230-239 (10 batches)
2026-09-01 09:53:33,619 - INFO - AFC is enabled with max remote calls: 10.
2026-09-01 09:53:33,621 - INFO - AFC is enabled with max remote calls: 10.
2026-09-01 09:53:33,622 - INFO - AFC is enabled with max remote calls: 10.
2026-09-01 09:53:33,623 - INFO - AFC is enabled with max remote calls: 10.
2026-09-01 09:53:33,624 - INFO - AFC is enabled with max remote calls: 10.
2026-09-01 09:53:33,625 - INFO - AFC is enabled with max remote calls: 10.
2026-09-01 09:53:33,626 - INFO - AFC is enabled with max remote calls: 10.
2026-09-01 09:53:33,627 - INFO - AFC is enabled with max remote calls: 10.
2026-09-01 09:53:33,628 - INFO - AFC is enabled with max remote calls: 10.
2026-09-01 09:53:33,629 - INFO - AFC is enabled with max remote calls: 10.
2026-09-01 09:53:53,088 - INFO - HTTP Request: POST https://generativelanguage.googleapis.com/v1beta/models/gemini-2.5-pro:generateContent "HTTP/1.1 200 OK"
2026-09-01 09:53:53,883 - INFO - HTTP Request: POST https://generativelanguage.googleapis.com/v1beta/models/gemini-2.5-pro:generateContent "HTTP/1.1 200 OK"
2026-09-01 09:53:53,914 - INFO - HTTP Request: POST https://generativelanguage.googleapis.com/v1beta/models/gemini-2.5-pro:generateContent "HTTP/1.1 200 OK"
2026-09-01 09:53:58,516 - INFO - HTTP Request: POST https://generativelanguage.googleapis.com/v1beta/models/gemini-2.5-pro:generateContent "HTTP/1.1 200 OK"
2026-09-01 09:54:00,604 - INFO - HTTP Request: POST https://generativelanguage.googleapis.com/v1beta/models/gemini-2.5-pro:generateContent "HTTP/1.1 200 OK"
2026-09-01 09:54:06,002 - INFO - HTTP Request: POST https://generativelanguage.googleapis.com/v1beta/models/gemini-2.5-pro:generateContent "HTTP/1.1 200 OK"
2026-09-01 09:54:06,590 - INFO - HTTP Request: POST https://generativelanguage.googleapis.com/v1beta/models/gemini-2.5-pro:generateContent "HTTP/1.1 200 OK"
2026-09-01 09:54:06,942 - INFO - HTTP Request: POST https://generativelanguage.googleapis.com/v1beta/models/gemini-2.5-pro:generateContent "HTTP/1.1 200 OK"
2026-09-01 09:54:07,729 - INFO - HTTP Request: POST https://generativelanguage.googleapis.com/v1beta/models/gemini-2.5-pro:generateContent "HTTP/1.1 200 OK"
2026-09-01 09:54:10,618 - INFO - HTTP Request: POST https://generativelanguage.googleapis.com/v1beta/models/gemini-2.5-pro:generateContent "HTTP/1.1 200 OK"
2026-09-01 09:54:10,627 - INFO - [HU] Waiting 10.0s before next Agent 1 window…
2026-09-01 09:54:20,631 - INFO - [HU] Agent 1 window 240-249 (10 batches)
2026-09-01 09:54:20,720 - INFO - AFC is enabled with max remote calls: 10.
2026-09-01 09:54:20,722 - INFO - AFC is enabled with max remote calls: 10.
2026-09-01 09:54:20,723 - INFO - AFC is enabled with max remote calls: 10.
2026-09-01 09:54:20,724 - INFO - AFC is enabled with max remote calls: 10.
2026-09-01 09:54:20,725 - INFO - AFC is enabled with max remote calls: 10.
2026-09-01 09:54:20,726 - INFO - AFC is enabled with max remote calls: 10.
2026-09-01 09:54:20,727 - INFO - AFC is enabled with max remote calls: 10.
2026-09-01 09:54:20,728 - INFO - AFC is enabled with max remote calls: 10.
2026-09-01 09:54:20,729 - INFO - AFC is enabled with max remote calls: 10.
2026-09-01 09:54:20,730 - INFO - AFC is enabled with max remote calls: 10.
2026-09-01 09:54:36,153 - INFO - HTTP Request: POST https://generativelanguage.googleapis.com/v1beta/models/gemini-2.5-pro:generateContent "HTTP/1.1 200 OK"
2026-09-01 09:54:38,286 - INFO - HTTP Request: POST https://generativelanguage.googleapis.com/v1beta/models/gemini-2.5-pro:generateContent "HTTP/1.1 200 OK"
2026-09-01 09:54:38,630 - INFO - HTTP Request: POST https://generativelanguage.googleapis.com/v1beta/models/gemini-2.5-pro:generateContent "HTTP/1.1 200 OK"
2026-09-01 09:54:38,920 - INFO - HTTP Request: POST https://generativelanguage.googleapis.com/v1beta/models/gemini-2.5-pro:generateContent "HTTP/1.1 200 OK"
2026-09-01 09:54:39,629 - INFO - HTTP Request: POST https://generativelanguage.googleapis.com/v1beta/models/gemini-2.5-pro:generateContent "HTTP/1.1 200 OK"
2026-09-01 09:54:43,179 - INFO - HTTP Request: POST https://generativelanguage.googleapis.com/v1beta/models/gemini-2.5-pro:generateContent "HTTP/1.1 200 OK"
2026-09-01 09:54:43,789 - INFO - HTTP Request: POST https://generativelanguage.googleapis.com/v1beta/models/gemini-2.5-pro:generateContent "HTTP/1.1 200 OK"
2026-09-01 09:54:44,526 - INFO - HTTP Request: POST https://generativelanguage.googleapis.com/v1beta/models/gemini-2.5-pro:generateContent "HTTP/1.1 200 OK"
2026-09-01 09:54:46,577 - INFO - HTTP Request: POST https://generativelanguage.googleapis.com/v1beta/models/gemini-2.5-pro:generateContent "HTTP/1.1 200 OK"
2026-09-01 09:54:50,944 - INFO - HTTP Request: POST https://generativelanguage.googleapis.com/v1beta/models/gemini-2.5-pro:generateContent "HTTP/1.1 200 OK"
2026-09-01 09:54:50,955 - INFO - [A2][HU][2026-2027-hu-car-hire-city-06__0001] SYSTEM PROMPT (first batch only):
# ROLE & MISSION

You are an **Expert Technical LQA Auditor — Validator (Final Pass)**. Your mission is to review the localized content **together with a draft JSON report of findings** and return a **final, clean JSON report** that:

* **Keeps only valid, objective, rule-based errors**;
* **Corrects categories, severities, and score mappings** where needed;
* **Adds a missed error only when it is *clear, objective, and within scope*** (see *Additions Policy*);
* **Preserves the exact JSON schema** used by the LQA pipeline.

You return the **final report as if you authored it from scratch**. Do **not** comment on previous reviewers/agents, and do **not** include explanatory prose. Your output is the **single JSON object only**.

This prompt is used across multiple languages. A locale-specific instruction pack is auto-injected. **These instructions are your highest authority and override any general rules in this document where they differ.**

You will receive a `Topic Name` for each batch (e.g., a route or travel topic). Use it as context and **do not flag hardcoded city/route mentions as errors when they match the Topic Name** (destination/from cities already specified by the topic are not mistakes).

---

## PROJECT-SPECIFIC EXCLUSIONS (HIGHEST PRIORITY)

Do **not** keep, add, or correct findings about names, cities/place names, car-rental providers, or car models/types merely because they are not localized or remain in another language/alphabet. The agency will handle them. Preserve them exactly in `updated_sentence` and `corrected_content`. Keep only an independent objective error that is not based on localization or script.

---

## THE PRIME DIRECTIVE: OBJECTIVITY OVER PREFERENCE

Your role is to enforce objectivity and consistency:

**✅ KEEP (Objective & Actionable Issues Only)**

* **Grammar:** Agreement, case, tense, government, prepositions **that alter meaning**.
* **Punctuation/Spelling/Typos:** Typos/diacritics; locale punctuation rules (e.g., FR NBSP before `: ; ? !`, DE „…“ quotes).
* **Compliance:** Glossary/brand/register violations that are **explicitly mandated**; mandated units/currency formatting; required conversions.
* **Accuracy:** Internal contradictions, wrong numbers, mistranslation that changes meaning, **wrong currency for location**.
* **Severe Clarity:** Run‑ons/structures that **objectively** hinder comprehension.
* **SEO paragraph segmentation:** A single SEO/editorial body paragraph that packs multiple distinct ideas and is objectively hard to scan — keep/add as **Style** with a split fix. Not for synonym preference.

**❌ DISCARD (Subjective or Out of Scope)**

* "Awkward/natural/flow" without a rule violation.
* Synonyms/paraphrases that keep the same meaning.
* Content improvements beyond the provided text.
* External fact corrections (laws/limits/prices) unless the text **internally contradicts itself** or `lang instructions` requires a specific presentation.

---

## **TERMS / GLOSSARY HANDLING (IMPORTANT)**

* Treat key terms/keywords as **reference**, not rigid commands. **Case‑insensitive** by default; morphology allowed.
* Enforce a term as **Compliance** only when **explicitly mandatory** (or for brands/proper names). Do **not** impose Title Case just because the list shows a capitalized entry.
* **Do not rename brands.** If uncertain, adjust only casing/spacing or remove the finding.


---

## LANGUAGE‑AGNOSTIC CATEGORIZATION RULES

1. **No external fact‑checking**

   * Do **not** verify laws, limits, or prices with outside knowledge. Use **Accuracy** only for **internal contradictions**, **mistranslations**, or **objective numeric/format errors** visible in the text.
   * Missing metric↔imperial conversion or required primary unit for the locale → **Compliance**.

2. **Brand / Proper‑noun rules are Compliance**

   * Misspelling, wrong casing, spacing of official names → **Compliance** (not Punctuation).
   * Examples: *star car → starcar* (DE), *yalla → Yalla* (pt‑BR), *Rental plus → Rental Plus* (NL).

3. **Currency: what vs how**

   * **What** currency is used for the location (e.g., £ in California) → **Accuracy** (Major).
   * **How** it is formatted/spaced/symbol order → **Compliance** per locale.

4. **Headings & typography**

   * Punctuation in headings (e.g., stray period) → **Punctuation/Spelling/Typos**.
   * Locale‑specific quotes/spaces/diacritics → **Punctuation/Spelling/Typos**.
   * Do **not** force Title Case unless `lang instructions` explicitly mandates it.

5. **Clarity vs preference**

   * Use **Style** only for **objective readability breakdowns** (run‑ons, tangled structure, ambiguous segmentation, or SEO body paragraphs that objectively pack multiple distinct ideas and must be split). Do **not** use Style for “sounds nicer”.

---

## **ADDITIONS POLICY (WHEN MAY YOU ADD A NEW ERROR?)**
Your default is to **validate and prune**. Add a new finding **only if ALL** are true:

1. The error is **clear, objective, and high‑confidence**;
2. It is **within scope** of allowed categories and `HU_instructions`;
3. It has **material impact** (Minor/Major/Critical as per ladder) and is not preferential;
4. The **updated\_sentence** applies a **minimal fix** (no creative rewrite or new facts);
5. **No brand renames**: you **may not** invent or substitute a brand name. Only correct brand spelling if it’s in the glossary/terms or is an obvious simple typo of a known brand. Otherwise, restrict to casing/spacing or omit.

If any condition is doubtful, **do not add**. Prefer under‑addition to over‑flagging.


---

## DE‑DUPLICATION & MINIMAL FIX

* **De‑duplication:** If the same **rule** is violated repeatedly in a contiguous pattern, keep **one representative instance**. In `issue`, note: *“Pattern repeats in similar sentences.”*
* **Minimal change principle:** `updated_sentence` must apply **only** the fix needed for the error. Do not rephrase unrelated parts, change mood/voice/wording, or introduce new content.

---

## SCOPE OF QA (ERROR CATEGORIES)

Use one of the following exact labels for `type_of_issue`.

1. **AI-issues**

   * **Hallucination:** Fabricated content presented as fact **within the text**.
   * **Bias / Cultural Sensitivity:** Offensive, biased, or culturally insensitive content.

2. **Style**

   * **Definition:** Clarity/readability issues that **objectively** hinder comprehension (run‑ons, tangled structure, ambiguous segmentation).
   * **Do not use for:** Preferred phrasings or cosmetic rewrites.

3. **Accuracy**

   * **Definition:** Semantic fidelity or numeric correctness **within the provided text**.
   * **Use for:** Mistranslation altering meaning; internal contradictions; wrong numbers/arithmetic; **wrong currency for location**.
   * **Do not use for:** External fact‑checking (laws/speed limits/prices not contradicted by the text).

4. **Compliance**

   * **Definition:** Violations of glossary/brand/locale rules or mandated presentation.
   * **Use for:** Brand/proper‑noun casing; unit presentation & required conversions; currency **formatting** rules; register required by `lang instructions`.

5. **Grammar**

   * **Definition:** Morphology/syntax agreement and government errors.
   * **Examples:** Case errors; agreement; required repetition in parallel lists.

6. **Punctuation/Spelling/Typos**

   * **Definition:** Orthography, diacritics, locale punctuation/spacing, stray characters.
   * **Examples:** Double spaces; FR NBSP; heading stray period.

---

## SEVERITY LEVELS & DECISION LADDER

Map severity to points exactly (Minor=1, Major=3, Critical=25):

**Critical (25)** – Safety/legal risk, offensive bias, or fabricated claims **within the text** that could dangerously mislead.

**Major (3)** – Errors that change meaning or materially impair comprehension (mistranslation; missing mandated conversion in a metric locale; wrong currency for location; run‑on that creates ambiguity).

**Minor (1)** – Objective errors not blocking understanding (typos; locale spaces/quotes; heading with stray period; non‑blocking agreement/casing/commas per locale rules).

**Decision Ladder**

1. Policy/safety/offense? → **Critical**.
2. Misleads/changes meaning/blocks understanding? → **Major**.
3. Otherwise objective correctness/formatting breaches → **Minor**.
4. If purely preferential → **Remove**.

---

## Lang‑SPECIFIC RULES

# Hungarian (hu-HU) Style Guide for Skyscanner

## Critical requirements
- Use an informal, friendly `tegeződés` register consistently. Keep wording direct, active, concise, and helpful.
- Helpful > geeky > playful; avoid corporate language, forced jokes, and excessive exclamation marks.
- The global project-specific exclusion in the master prompt takes priority over any name or geo-name guidance.

## Language and typography
- Use Hungarian quotation marks `„…”`. Do not put a comma after `Szia`.
- Use `…` without a preceding space. Avoid em dashes; use the correct hyphen or closed en dash for ranges and routes.
- Use non-breaking spaces between numbers and units where required, but no space before `%`. Never output the literal text `&nbsp;`.
- Use sentence case and do not end headings with a full stop.
- Write dates in Hungarian order, for example `2025. március 25.`.
- After a colon, use lowercase unless a complete sentence, quotation, or proper name follows.

## Technical content
- Use short active CTAs appropriate to the informal register.
- Preserve placeholders, variables, tags, numbers, and product tokens exactly.
- Do not duplicate the airport word when it is already present in the source name.
- Keep Skyscanner unchanged.

## Content and compliance
- Use natural SEO language; no keyword stuffing or preference-only rewrites.
- Do not externally fact-check laws, prices, limits, or policies.
- Do not claim Skyscanner provides discounts. Use “best” only with a supplied measurable basis.
- Avoid greenwashing and absolute claims that travel is green, clean, eco-friendly, or sustainable.



---

## OUTPUT JSON CONTRACT (RETURN THIS OBJECT ONLY)

Return a **single, valid JSON object** using the exact schema below. Do **not** add any explanatory text.

```json
{
  "review_findings": [
    {
      "text": "<The full, original sentence or text snippet containing the error>",
      "issue": "<A concise, one-sentence description of the objective error.>",
      "type_of_issue": "<Must be one of: AI-issues, Style, Accuracy, Compliance, Grammar, Punctuation/Spelling/Typos>",
      "solution": "<A brief, actionable instruction for the fix.>",
      "updated_sentence": "<The full sentence, rewritten with the solution correctly applied. For paragraph splits, include blank lines between paragraphs.>",
      "severity": "<Must be one of: Minor, Major, Critical>",
      "score_deduction": "<Must be 1, 3, or 25, matching the severity>"
    }
  ],
  "corrected_content": "<REQUIRED: the full corrected body text for THIS batch/section after applying all kept fixes. Preserve meaning. Use blank lines between paragraphs when splitting for readability. If no findings, return the original content unchanged.>",
  "overall_feedback": {
    "summary": "<2–3 bullet points on systemic error patterns found in THIS final report>",
    "action_plan": "<2–3 concrete, high-level preventive actions consistent with THIS final report>"
  }
}
```

**`corrected_content` rules**

* Always include `corrected_content` for the **entire section body** you were given (not just one sentence).
* Apply every kept finding’s fix; do not introduce new facts, brands, or creative rewrites.
* When splitting paragraphs, separate them with a blank line (`\\n\\n`).
* If there are no findings, set `corrected_content` to the original `$content` unchanged.

---

## COMMON MISCLASSIFICATIONS TO AVOID (CHECK BEFORE SUBMIT)

* **External fact corrections** (laws, limits, prices) → **Remove** unless contradicted internally. Missing metric conversion → **Compliance**, not **Accuracy**.
* **Brand/proper‑noun casing** → **Compliance**, not **Punctuation**.
* **Currency** → **what** currency for the location = **Accuracy**; **how** it’s formatted = **Compliance**.
* **Generic vertical nouns** (e.g., ES *alquiler de coches*) → keep in **sentence case** unless locale pack mandates Title Case.
* **Headings punctuation** (stray period) → **Punctuation/Spelling/Typos**.
* **“Awkward/natural” only** → **Remove** unless readability is objectively impaired (then **Style**).

---

## FINAL SELF‑CHECK (RUN BEFORE RETURNING JSON)

1. **Did I return exactly one JSON object with the correct schema, including `corrected_content`?**
2. **Did I eliminate preferential or externally fact‑checked items?**
3. **Did I add a new error only if it was *clear, objective, and within scope*?**
4. **Are categories normalized and severities mapped to 1/3/25 correctly?**
5. **Do terms/keywords follow the reference‑not‑mandatory rule (unless explicitly mandated)?**
6. **Are issue/solution concise and minimal, and do updated sentences apply only the fix?**
7. **Does `corrected_content` reflect the full section body with all kept fixes applied?**

Return only the JSON object.

2026-09-01 09:54:50,958 - INFO - [A2][HU][2026-2027-hu-car-hire-city-06__0001] USER PROMPT (first batch only):
Topic Name: Amszterdam: így találhatsz olcsó bérautót

Here is the content to review:

Amszterdamban jelenleg napi 12 124 Ft a legolcsóbb autóbérlés ára, míg az éves átlagos ár 15 347 Ft körül mozog. Júniusban találhatod a legkedvezőbb bérleti ajánlatokat az év során. A leggazdaságosabb megoldás érdekében érdemes kevesebb mint egy héttel korábban lefoglalni a járművet. Ez időkeret lehetővé teszi, hogy a legjobb árakat érd el, miközben rugalmasan tervezheted utazásodat. Az említett hónapban a kedvezmények hozzáférhetőbbek lehetnek, elősegítve a költséghatékony utazást.

Available key terms:

### Skyscanner Multilingual Glossary ###
- EN: additional driver → hu-HU: további vezető | Definition: An extra person authorized to drive a rented vehicle. | Example: Hozzáadhatsz egy további vezetőt a foglalásodhoz, amikor megérkezel {supplier} partnerünk pultjához.
- EN: air conditioning → hu-HU: klíma | Definition: A system for cooling and dehumidifying the air. | Example: Csak klímás autók
- EN: airline → hu-HU: légitársaság | Definition: A company that provides air transport services for traveling passengers. | Example: Keress másodpercek alatt több millió repülőjegy között légitársaságok százainak kínálatából
- EN: airline alliance → hu-HU: légiszövetség | Definition: A partnership between multiple airlines to provide mutual benefits and seamless travel. | Example: Törzsutaspontokat szerezhetsz, ha a kiválasztott légitársaságoddal és légiszövetségi partnerekkel repülsz.
- EN: all inclusive → hu-HU: teljes ellátás | Definition: Hotel package that includes accommodation, all meals, snacks, drinks (both alcoholic and non-alcoholic), and often additional amenities and activities
- EN: amenities → hu-HU: kényelmi szolgáltatások | Definition: Title of filter section mainly in hotel search | Example: Összes szállodai kényelmi szolgáltatás megjelenítése
- EN: apartment → hu-HU: apartman | Definition: A self-contained housing unit that occupies part of a building.
- EN: App → hu-HU: alkalmazás OR app | Definition: An application designed for use on mobile devices. | Notes: Use app if a shorter translation is needed.
- EN: Art and culture → hu-HU: Művészet és kultúra | Definition: Activities or attractions related to visual arts, music, theater, and heritage.
- EN: automatic → hu-HU: automata | Definition: A type of vehicle transmission that shifts gears automatically.
- EN: baggage allowance → hu-HU: megengedett poggyász | Definition: The amount of luggage a traveler is permitted to carry without incurring additional fees, as defined by the transportation provider
- EN: Beach → hu-HU: Strand | Definition: A sandy or pebbly shore by a body of water, often a popular destination for relaxation and recreation.
- EN: Black Friday → hu-HU: Black Friday | Definition: A major retail event with extensive sales and promotions, often lasting beyond the day after Thanksgiving. | Notes: DNT and please use the same capitalization. | Example: Megérkeztek az idei Black Friday-ajánlatok!
- EN: board type → hu-HU: ellátás | Definition: This term refers to the meal plan included with a hotel stay.
- EN: book → hu-HU: foglal | Definition: Verb. To reserve a service, such as a flight. | Example: Foglalj repülőjegyet
- EN: book → hu-HU: foglal | Definition: Verb. To reserve a service, such as a hotel room. | Example: Foglalj szállodát
- EN: book → hu-HU: foglal | Definition: Verb. To reserve a service, such as a car. | Example: Foglalj autót
- EN: booking → hu-HU: foglalás | Definition: Noun. A reservation for a service. | Example: Repülőjegy foglalása
- EN: booking → hu-HU: foglalás | Definition: Noun. A reservation for a service. | Example: Szálloda foglalása
- EN: booking → hu-HU: foglalás | Definition: Noun. A reservation for a service. | Example: Autó foglalása
- EN: Business Class → hu-HU: business osztály | Definition: A class of airline service offering more comfort and amenities than economy class. | Example: Találd meg a legolcsóbb business osztályú repülőjegyeket @@departure@@ és @@destination@@ között.
- EN: business travellers → hu-HU: üzleti utazók | Definition: Individuals traveling for work-related purposes.
- EN: cabin bag → hu-HU: kézipoggyász | Definition: A small piece of luggage carried into the passenger cabin. | Example: Az ár 1 kézipoggyászt tartalmaz
- EN: cabin baggage → hu-HU: kézipoggyász | Definition: Same as cabin bag. | Example: Utazz egyszerűen csak kézipoggyásszal.
- EN: cabin class → hu-HU: osztály | Definition: The category of service on an aircraft, such as economy, business, or first class. | Example: Válaszd ki az utazók számát és az osztályt
- EN: cancellation policy → hu-HU: lemondási feltételek | Definition: The terms and conditions under which a booking can be canceled. | Example: Egyeztesd a kölcsönzőcéggel a lemondási feltételek pontos részleteit.
- EN: car hire → hu-HU: autóbérlés | Definition: The act of renting a vehicle. | Example: Keresd meg és hasonlítsd össze a legjobb autóbérlési ajánlatokat világszerte.
- EN: Car hire → hu-HU: Autóbérlés | Definition: Rental of an automobile for a specified period | Example: Keresd meg és hasonlítsd össze a legjobb autóbérlési ajánlatokat világszerte.
- EN: car hire company → hu-HU: autókölcsönző | Definition: A business that provides rental vehicles. | Example: Melyik a legolcsóbb autókölcsönző {car_hire_origin_city} területén?
- EN: car hire deal → hu-HU: autóbérlési ajánlat | Definition: Discounted or special offer on car rental services.
- EN: carbon footprint → hu-HU: karbonlábnyom | Definition: A carbon footprint refers to the total amount of CO2 emissions released into the atmosphere as a result of the activities of an business, individual or event.
- EN: charge → hu-HU: felszámít | Definition: Verb. To add fee for a service or product. | Example: Nem számítunk fel semmilyen foglalási díjat.
- EN: charge → hu-HU: díj | Definition: Noun. Fee for a service or product | Example: Felhívjuk a figyelmedet, hogy a kölcsönzőcégek további díjakat számíthatnak fel, illetve további korlátozásokat alkalmazhatnak.
- EN: Cheapest month → hu-HU: Legolcsóbb hónap | Definition: The cheapest month features in ‘Flexible Dates’ tab highlights the cheapest month to travel, as well as the lowest price per month to travel to the destination. | Notes: Lower case version "legolcsóbb hónap" can be used as a common noun when not referring to the feature name.
- EN: check in → hu-HU: utasfelvételt elvégez | Definition: Verb - The process of registering for a flight. | Example: Végezd el az utasfelvételt {check_in_time} előtt
- EN: check in → hu-HU: bejelentkezik | Definition: Verb - The process of registering for a hotel stay. | Example: Jelentkezz be {check_in_time} előtt.
- EN: check out → hu-HU: kijelentkezik | Definition: Verb - The process of completing a stay at a hotel. | Example: A(z) {hotel_name} szállodában a bejelentkezés {check_in_time} után lehetséges, és {check_out_time} előtt kell kijelentkezned.
- EN: check-in → hu-HU: utasfelvétel | Definition: Noun - The process of registering for a flight. | Example: Az utasfelvétel és a poggyászfeladás gyakran egy órával az indulás tervezett időpontja előtt ér véget a belföldi járatoknál
- EN: check-in → hu-HU: bejelentkezés | Definition: Noun - The process of completing a stay at a hotel. | Example: Válaszd ki a bejelentkezés dátumát
- EN: check-out → hu-HU: kijelentkezés | Definition: Noun - The process of leaving and settling the bill at a hotel. | Example: Válaszd ki a kijelentkezés dátumát
- EN: checked bag → hu-HU: feladott poggyász | Definition: Bag that is handed over to the airline for transport in the cargo hold. | Example: Az ár 1 feladott poggyászt tartalmaz
- EN: checked luggage → hu-HU: feladott poggyász | Definition: Luggage that is handed over to the airline for transport in the cargo hold. | Example: 23 kg feladott poggyász
- EN: cO2e emissions → hu-HU: szén-dioxid-egyenértékű kibocsátás | Definition: Carbon dioxide equivalent emissions, measuring the impact of greenhouse gases.
- EN: Collision Damage Waiver → hu-HU: önrészcsökkentő balesetbiztosítás | Definition: This is a type of insurance offered by rental car companies that limits your liability if the car is damaged in an accident. 
However, it typically doesn’t cover the full cost; you still have to pay a portion of  the repair costs, called the excess or deductible. | Example: Jó hírünk van: a bérlés díja tartalmazza az önrészcsökkentő balesetbiztosítást, így nem kell plusz biztosítást kötnöd.
- EN: commercial van → hu-HU: kisteherautó | Definition: Vehicles designed for transporting goods and materials for business purposes.
- EN: compact → hu-HU: kompakt | Definition: A category of rental cars that are slightly larger than economy cars but still small and efficient.
- EN: connecting flight → hu-HU: csatlakozó járat | Definition: A flight requiring a change of planes to reach the final destination. | Example: Ha több mint egy szolgáltatónál foglalsz repülőjegyet, az esetleges késések és járattörlések miatt veszélybe kerülhet a csatlakozó járatod elérése.
- EN: convertible → hu-HU: kabrió | Definition: A car with a roof structure that can be 'converted' to allow open-air or enclosed driving.
- EN: Cookie Policy → hu-HU: cookie-szabályzat | Definition: Policy that governs the use of cookies on Skyscanner's website, ensuring transparency regarding data usage | Example: Adatokat gyűjtünk az alkalmazás használatának módjáról és időpontjáról. Tovább információért olvasd el a cookie-szabályzatunkat.
- EN: country house → hu-HU: vidéki ház | Definition: A large house in the countryside
- EN: coupe → hu-HU: kupé | Definition: A car with a fixed-roof body style that is shorter than a sedan of the same model.
- EN: couples → hu-HU: párok | Definition: Pairs of individuals traveling together
- EN: Cyber Monday → hu-HU: Cyber Monday | Definition: An online shopping event on the Monday after Thanksgiving, featuring exclusive digital deals and discounts. | Notes: DNT and please use the same capitalization. | Example: Nagyszerű kedvezmények várnak a Cyber Monday alkalmából!
- EN: deal → hu-HU: ajánlat | Definition: A special offer or discount. | Example: Repülőjegyek: Fedezd fel a repülőjegy-ajánlatokat

Szállodák: Keress szállodaajánlatokat a Skyscanneren

Autóbérlés: Válaszd ki a legjobb autóbérlési ajánlatot
- EN: departure country → hu-HU: indulási ország | Definition: The country from which a journey begins. | Example: Indulási ország kiválasztása
- EN: departure date → hu-HU: indulás dátuma | Definition: The date on which a journey starts. | Example: Indulás dátumának kiválasztása
- EN: departure time → hu-HU: indulás ideje | Definition: The scheduled time a flight is set to leave. | Example: Észrevettük, hogy ennek a járatnak az indulási ideje megváltozott.
- EN: destination → hu-HU: úti cél | Definition: The final place or location to which someone is traveling. It is the end point of a journey where travelers intend to stay, explore, or visit. Destinations can range from cities and countries to specific attractions or resorts.
- EN: destination airport → hu-HU: célrepülőtér | Definition: The airport where a journey ends. | Example: Célrepülőtér kiválasztása
- EN: destination country → hu-HU: célország | Definition: The country where a journey ends. | Example: Célország kiválasztása
- EN: direct → hu-HU: közvetlen | Definition: A flight with no scheduled stops between the departure and arrival points. | Example: Sajnos nem találtunk közvetlen járatokat, ezért az átszállásos járatokat jelenítjük meg.
Csak közvetlen
- EN: direct flight → hu-HU: közvetlen járatok | Definition: A flight with no scheduled stops between the departure and arrival points. | Example: Csak közvetlen járatok
- EN: domestic flight → hu-HU: belföldi járat | Definition: A flight within the same country. | Example: Találj olcsó belföldi járatokat @@country@@ területén
- EN: drop → hu-HU: csökkenés | Notes: Árcsökkenés could be used as well, depending on the context. | Example: 10 000 HUF csökkenés

Árcsökkenések megjelenítése Londonból

A legújabb árcsökkenések
- EN: drop → hu-HU: csökken | Notes: To be translated based on context | Example: A következő utad ára ma csökkenhet

A mai napon csökkent árak
- EN: drop-off → hu-HU: leadás | Definition: The date, time or location where a rented vehicle is returned at the end of the rental period. | Example: Leadási hely: Írj be egy helyet.
Dupla koppintással válaszd ki a leadás dátumát
A leadás időpontjának a felvételnél későbbre kell esnie.
- EN: DROPS → hu-HU: DROPS | Definition: Feature name.

DROPS is a new “sub-brand” of Skyscanner. It is an app-exclusive product only available for logged-in users that helps travelers spot flight deals that have dropped by more than 20% and that are available for only 24h. | Notes: Follow the source capitalization.

Feature name. To be left in English | Example: Üdvözöl a DROPS

A DROPS segíthet eldönteni, hová repülsz legközelebb
- EN: Drops → hu-HU: Drops | Definition: Feature name.

Drops is a new “sub-brand” of Skyscanner. It is an app-exclusive product only available for logged-in users that helps travelers spot flight deals that have dropped by more than 20% and that are available for only 24h. | Notes: Follow the source capitalization.

Feature name. To be left in English | Example: Drops frissítése

További információ a Dropsról
- EN: economy → hu-HU: gazdaságos | Definition: A category of rental cars that are typically small, fuel-efficient, and inexpensive. | Example: Bérelj gazdaságos autót
- EN: Economy → hu-HU: turista | Definition: The Economy flight class refers to the most basic and affordable class of service on an airplane. | Example: Még ha általában turistaosztályon utazol is, néha elcsíphetsz egy jó ajánlatot business osztályú repülőjegyekre.
- EN: electric → hu-HU: elektromos | Definition: Vehicles powered by electricity, typically from batteries.
- EN: email → hu-HU: e-mail | Definition: Electronic mail address used for communication. | Example: Szeretnél exkluzív ajánlatokat, híreket és ötleteket kapni e-mailben?
- EN: estimated price → hu-HU: becsült ár | Definition: An approximate cost for a service. | Example: A becsült ár a szállodai szobák átlagos éjszakánkénti ára az általad keresett területen.
- EN: Everywhere → hu-HU: Bárhová | Definition: Option to search for travel destinations worldwide. | Example: Keress „Bárhová”, utazz mindenhová.
- EN: Excellent → hu-HU: Kiváló | Definition: Rating indicating superior quality or performance.
- EN: Excess Waiver → hu-HU: önrészmentesítő kiegészítő biztosítás | Definition: This is an additional insurance that covers the excess amount not covered by the CDW. If you buy an excess waiver, you won’t have to pay  anything in the event of a claim, as it "waives" your responsibility for the excess 
portion. So, the CDW reduces your liability for damage, while the excess waiver eliminates your out-of-pocket costs for the excess amount. | Example: Sok biztosítópartnerünk kínál önrész-visszatérítési opciót, ami olcsóbbnak bizonyulhat, mint az autókölcsönző cégek által a pultnál kínált önrészmentesítő kiegészítő biztosítás.
- EN: explore → hu-HU: felfedezés | Definition: Option to discover new destinations or services. | Example: További úti célok felfedezése
- EN: Explore everywhere → hu-HU: Utazz bárhová | Definition: The sentence case will be used whenever the term is employed in the UI itself or as part of a sentence. | Example: Utazz bárhová májusban.
- EN: Explore Everywhere → hu-HU: Utazz bárhová | Definition: Used as feature or proper noun - Option to view travel options for various destinations globally. | Example: Utazz bárhová májusban.
- EN: extra charge → hu-HU: felár | Definition: An additional fee for a service or product. | Example: Egy fillérrel sem számítunk fel többet, mint amennyibe a repülőjegyed vagy foglalásod kerül. Nincsenek rejtett díjak. Nincsenek felárak. Nincs ügyeskedés.
- EN: Fair Fuel Policy → hu-HU: korrekt üzemanyag-feltételek | Definition: A policy ensuring fair charges for fuel in rental agreements. | Example: Hasonlítsd össze az autóbérlési lehetőségeket az ár, az átvétel egyszerűsége, a korrekt üzemanyag-feltételek és további szempontok alapján
- EN: families → hu-HU: családok | Definition: Groups traveling together, typically including parents and children.
- EN: FAQ → hu-HU: gyakori kérdések | Definition: Frequently Asked Question
- EN: FAQs → hu-HU: gyakori kérdések | Definition: Frequently Asked Questions | Example: Utazók gyakori kérdései
- EN: fare → hu-HU: viteldíj | Definition: The cost of a ticket for travel. | Example: Jelenleg nem tudunk poggyászinformációkkal szolgálni – ellenőrizd a szolgáltató oldalán, hogy a viteldíj mit tartalmaz. Hozz létre árértesítést, és értesítünk a viteldíjak változásairól ezen az útvonalon.
- EN: fee → hu-HU: díj | Definition: A charge for a service or product. | Example: Egyes partnereink ajánlási díjat fizetnek nekünk, de ez sosem befolyásolja a szállodák rangsorolását.
- EN: First Class → hu-HU: első osztály | Definition: A premium class of airline service offering high level of comfort and amenities. | Example: A business és első osztályú lehetőségek megtekintéséhez add meg nekünk az utazásod dátumait vagy az úti célodat.
- EN: Flexible dates → hu-HU: rugalmas dátumok | Definition: Previous "Whole month" feature. Calendar Tab that shows Whole month prices that allows users to make month view searches.
- EN: flight deal → hu-HU: repülőjegy-ajánlat | Definition: Discounted or special offer on air travel tickets. | Example: Repülőjegy-ajánlatok felfedezése
- EN: flight details → hu-HU: járat részletei | Definition: Information about a specific flight. | Example: Mindig ellenőrizd a járat összes részletét, a végleges árat és a feltételeket a(z) @@ticket provider@@ oldalán, mielőtt foglalnál.
- EN: flight emissions → hu-HU: járat kibocsátása | Definition: The amount of CO2 produced by a flight. Title for a feature that badges up flights with lower carbon dioxide emissions compared to other flights in the result set.
- EN: flight time → hu-HU: menetidő | Definition: The duration of a flight. | Example: Az átlagos menetidő {destinationCity} területére {duration}.
- EN: Flights → hu-HU: Repülőjegyek | Definition: Air travel services provided by airlines.
- EN: fuel → hu-HU: üzemanyag | Definition: Gasoline or diesel used to power vehicles, including cars, motorcycles, boats, or recreational vehicles.
- EN: full board → hu-HU: teljes panzió | Definition: Hotel option that covers accommodation and three meals a day (breakfast, lunch, and dinner). Drinks and additional activities are usually not included
- EN: full to full → hu-HU: teli tank átvételkor, teli tank leadáskor | Definition: Fuel policy where the car is provided with a full tank and must be returned with a full tank.
- EN: fullsize → hu-HU: nagy méretű | Definition: A category of rental cars that are larger and offer more comfort and space.
- EN: getaway → hu-HU: kiruccanás | Definition: A short vacation or trip, often taken to escape from daily routine and responsibilities. It usually involves traveling to a relaxing or enjoyable destination.
- EN: Good → hu-HU: Jó | Definition: Rating indicating satisfactory quality or performance.
- EN: Great food → hu-HU: Pompás gasztronómia | Definition: High-quality or highly recommended culinary experiences.
- EN: guest → hu-HU: vendég | Definition: A person staying at a hotel or other accommodation. | Example: Add meg legalább egy vendég adatait.
- EN: guest house → hu-HU: vendégház | Definition: A small, private hotel or lodging.
- EN: guest reviews → hu-HU: vendégek értékelései | Definition: Feedback and ratings from customers who have used a service or stayed at a property.
- EN: half board → hu-HU: félpanzió | Definition: Hotel option that covers accommodation, breakfast, and one other meal (usually dinner). Drinks and additional meals are typically not included.
- EN: hire car → hu-HU: bérautó | Definition: A vehicle rented for a short period, ranging from a few hours to several weeks, typically from a rental agency.
- EN: holiday rentals → hu-HU: szállások nyaraláshoz | Definition: Properties available for short-term vacation stays.
- EN: home airport → hu-HU: kiindulási repülőtér | Definition: The airport closest to a traveler's residence. | Example: Állítsd be a kiindulási repülőteredet, és elküldjük neked a legjobb ajánlatokat a közeledből induló járatokra.
- EN: hostel → hu-HU: hostel | Definition: Budget-friendly accommodation | Example: Összehasonlíthatod és lefoglalhatod a legolcsóbb ajánlatokat több ezer szálloda, üdülőhely, apartman, motel és hostel kínálatából világszerte a következő nyaralásodhoz.
- EN: hotel → hu-HU: szálloda | Definition: An establishment providing lodging, meals, or other guest services. | Example: Megtaláltad a repülőjegyedet? Most találj szállodát is
- EN: hotel deal → hu-HU: szállodai ajánlat | Definition: Discounted or special offer on hotel bookings.
- EN: Hotels → hu-HU: Szállodák | Definition: Establishments providing lodging, meals, and other services for travelers.
- EN: hybrid → hu-HU: hibrid | Definition: Vehicles powered by both an internal combustion engine and an electric motor.
- EN: inbound flight → hu-HU: visszaút járata | Definition: The flight that takes the passenger back from their destination to their original departure location.
- EN: intermediate → hu-HU: középkategóriás | Definition: A category of rental cars that are larger than economy but smaller than full-size.
- EN: itinerary → hu-HU: útiterv | Definition: A detailed plan or schedule of a trip, listing all destinations, activities, and accommodations, along with the times and dates for each part of the journey.
- EN: journey → hu-HU: utazás | Definition: A journey refers to the act of traveling from one place to another, usually involving a significant distance or time commitment. | Example: Az a küldetésünk, hogy segítsünk neked magabiztosan utazni, és a lehető legjobban megkönnyítsük az utazásodat.
Az átlagos menetidő {destinationCity} területére {duration}. A menetidőt a(z) {nearestOriginCity} területéről induló utazások alapján számítottuk ki.
- EN: latest price → hu-HU: legfrissebb ár | Definition: The most recent cost for a service or product. | Example: Előfordulhat, hogy ezek a találatok már nem érhetők el. A legfrissebb árakért frissítsd a keresést.
- EN: location → hu-HU: hely | Definition: A specific place or position where something is situated or where an event occurs.
- EN: log in → hu-HU: bejelentkezik | Definition: To access an account by entering credentials. | Example: Jelentkezz be vagy regisztrálj, hogy elmenthesd a legutóbbi kereséseidet bármilyen eszközödön, és ott folytathasd, ahol abbahagytad
- EN: log out → hu-HU: kijelentkezik | Definition: To exit an account. | Example: Biztosan kijelentkezel?
- EN: login → hu-HU: bejelentkezés | Definition: The act of logging in to a computer, database, or system. | Example: Adj meg érvényes e-mail-címet a bejelentkezés elvégzéséhez.
- EN: long wait → hu-HU: hosszú várakozás | Definition: An extended period of waiting, often at airports between flights. | Example: A visszaút hosszú várakozást tartalmaz.
- EN: Low emissions vehicles → hu-HU: alacsony kibocsátású járművek | Definition: Vehicles that produce a reduced amount of CO2. Title for a feature that badges up electrical and hybrid cars with lower carbon dioxide emissions compared to other car types.
- EN: low-cost → hu-HU: diszkont | Definition: Services, particularly airlines, that are designed to offer lower prices by reducing the range of services and amenities traditionally included in the fare.
- EN: lowest price → hu-HU: legalacsonyabb ár | Definition: The least expensive cost for a service or product. | Example: Ezek a legalacsonyabb becsült árú turista osztályú repülőjegyek egy utazó számára. Az árak a legfrissebb viteldíjakon alapulnak.
- EN: luxury → hu-HU: luxus | Definition: High-end, premium vehicles offering superior comfort and features.
- EN: manual → hu-HU: manuális | Definition: A type of vehicle transmission that requires the driver to manually shift gears.
- EN: mini → hu-HU: mini | Definition: A category of rental cars that are very small, typically suitable for city driving.
- EN: mobile app → hu-HU: mobilalkalmazás | Definition: An application designed for use on mobile devices. | Example: Gyorsan találhatsz nagyszerű ajánlatokat repülőjegyekre, szállodákra és autóbérlésre az ingyenes mobilalkalmazásunkkal.
- EN: motorcycle → hu-HU: motorkerékpár | Definition: A two-wheeled motor vehicle.
- EN: Multi-city → hu-HU: Több várost érintő | Definition: Multi-city flights are a smart way to see more destinations in one go, by adding extra legs to your trip. If, for example, you can’t decide between Paris or Rome, you can book flights to both cities and turn your trip into an itinerary.
- EN: multi-city → hu-HU: több várost érintő | Definition: Multi-city flights are a smart way to see more destinations in one go, by adding extra legs to your trip. If, for example, you can’t decide between Paris or Rome, you can book flights to both cities and turn your trip into an itinerary.
- EN: Nearby airports → hu-HU: közeli repülőterek | Definition: Widen your search for flight deals by selecting the “add nearby airports” option to search flight prices for all the nearest airports at your departure point and your destination to increases your chances of finding the best deal at both ends of your trip.
- EN: nearby airports → hu-HU: közeli repülőterek | Definition: Widen your search for flight deals by selecting the “add nearby airports” option to search flight prices for all the nearest airports at your departure point and your destination to increases your chances of finding the best deal at both ends of your trip.
- EN: Nightlife and entertainment → hu-HU: Éjszakai élet és szórakozás | Definition: Activities and venues that provide entertainment, typically during the evening, such as clubs and bars.
- EN: no extra fees → hu-HU: extra költségek nélkül | Definition: Indicates that there are no additional charges beyond the listed price. | Example: Találj bérautót rugalmas foglalási opciókkal, ingyenes lemondással, korrekt üzemanyag-feltételekkel és extra költségek nélkül.
- EN: non refundable → hu-HU: nem visszatéríthető | Definition: A booking or a charge that cannot be refunded.
- EN: non-protected transfer → hu-HU: nem biztosított átszállás | Definition: Booking connecting flights with more than one provider means the ongoing flight may not be guaranteed, and is at risk from delays or cancellations. It's also needed to collect your luggage and check into the second flight. | Example: Több részből álló foglalások (nem biztosított átszállások). Ehhez az utazáshoz több jegyet kell foglalnod (általában különböző szolgáltatóknál). Ha több mint egy szolgáltatónál foglalsz jegyet csatlakozó járatokra, nincs rá garancia, hogy eléred a következő járatodat, ha az előző járat késik, illetve ha törlik a járatot.
- EN: one way → hu-HU: egyirányú | Definition: A trip that does not include a return journey. | Example: Válaszd ki a visszaút dátumát, vagy válassz egyirányú utat
Add meg a visszaút dátumát, vagy keress rá az egyirányú utazásokra
Foglalhatok bérautót egyirányú útra {car_hire_origin_city} területén?
Akár közvetlen járatokat, oda-vissza járatokat vagy egyirányú jegyet keresel, nálunk megtalálod.
- EN: one way → hu-HU: egyirányú út | Definition: A train trip that does not include a return journey. | Example: Vonatjegy foglalása egyirányú útra.
- EN: one-way → hu-HU: egyirányú | Definition: A trip that does not include a return journey.
- EN: outbound → hu-HU: odaút | Definition: The flight that takes a passenger from their home or starting location to their destination.
- EN: outbound flight → hu-HU: odaút | Definition: The flight that takes a passenger from their home or starting location to their destination.
- EN: Outdoor adventures → hu-HU: Kalandok a szabadban | Definition: Activities involving physical exertion in natural settings, such as hiking, rafting, or camping.
- EN: package → hu-HU: csomagajánlat | Definition: Used in the meaning of “package holiday”, referring to the package deals in our Packages vertical that include flights and a hotel. This is for when we talk about packages in running copy and in general, as opposed to the vertical name.
- EN: Packages → hu-HU: csomagajánlatok
- EN: parking → hu-HU: parkolás | Definition: Space or facility to park vehicles. | Example: Megtalálhatod a családok, párok vagy üzleti utazók igényeinek legjobban megfelelő szállodákat. Vagy szűrhetsz az elengedhetetlen szolgáltatások, például a wellness vagy parkolás alapján.
- EN: passenger → hu-HU: utas | Definition: An individual traveling on a plane, train, or other mode of transport. | Example: Minden utas felelőssége, hogy gondoskodjon a megfelelő dokumentumok meglétéről utazás előtt.
- EN: passenger van → hu-HU: kisbusz | Definition: A van configured to carry passengers.
- EN: Pay on arrival → hu-HU: Fizetés érkezéskor | Definition: Option to pay for a service upon arrival at the location. | Example: Jelöld be a „Fizetés érkezéskor” opciót később a keresési találatoknál, ha csak azokat a szállodákat szeretnéd látni {city_name} területén, ahol érkezéskor fizethetsz.
- EN: pay on arrival → hu-HU: Fizetés érkezéskor | Example: Jelöld be a „Fizetés érkezéskor” opciót később a keresési találatoknál, ha csak azokat a szállodákat szeretnéd látni {city_name} területén, ahol érkezéskor fizethetsz.
- EN: people carrier → hu-HU: többszemélyes autó | Definition: A vehicle designed to transport multiple passengers
- EN: pick up truck → hu-HU: pickup | Definition: A light-duty truck with an enclosed cab and an open cargo area.
- EN: pick-up → hu-HU: átvétel | Definition: The act of collecting a rental vehicle. | Example: Az önkiszolgáló átvétellel nem kell sorban állnod a kulcsok átvételéhez vagy a dokumentumok átadásához.
Ingyenesen lemondhatod legkésőbb 48 órával az átvétel időpontja előttig.
Válaszd ki az átvételi helyet
- EN: Premium → hu-HU: prémium | Definition: A category of rental cars that offer higher-end features and more comfort.
- EN: Premium Economy → hu-HU: prémium turista | Definition: A class of airline service between economy and business class. | Example: Ellenőrizd, milyen különbség van a(z) @@place@@ területéről induló repülőjegyek árai között, ha turista, prémium turista, business vagy első osztályon utazol.
- EN: Price → hu-HU: ár | Definition: The cost of a service or product. | Example: Hasonlítsd össze több száz másik szállodai webhely árait egy helyen.
- EN: Price Alert → hu-HU: árértesítés | Definition: Skyscanner's Price Alert feature notifies users via email or push notification about fluctuations in the prices of plane tickets they're interested in.
- EN: Price Alerts → hu-HU: árértesítések | Definition: Skyscanner's Price Alert feature notifies users via email or push notification about fluctuations in the prices of plane tickets they're interested in. | Example: Ha beállítasz egy árértesítést, figyelemmel követjük a repülőjegyek árát, és e-mailben vagy az alkalmazás értesítésein keresztül jelezzük, ha az árak nőnek vagy csökkennek.
Fogadj árértesítéseket a telefonodon az alkalmazással
Kapcsold be az árértesítéseket, és értesítünk, ha az árak nőnek vagy csökkennek.
- EN: price per night → hu-HU: éjszakánkénti ár | Definition: The cost of accommodation for one night. | Example: Átlagos éjszakánkénti ár
- EN: Privacy Policy → hu-HU: Adatvédelmi szabályzat | Definition: Policy that outlines how Skyscanner handles users' personal information, emphasizing user control and transparency | Example: Beleegyezem a személyes adataim Adatvédelmi szabályzatban foglaltaknak megfelelő gyűjtésébe és felhasználásába.
- EN: private home → hu-HU: privát otthon | Definition: Residential property that is rented out to travelers for short-term stays
- EN: property → hu-HU: szálláshely | Definition: In the travel context, a property refers to a place of lodging, such as a hotel, resort, bed and breakfast, or vacation rental, where travelers can stay during their trip. | Example: Jelöld be az „ingyenes lemondás” opciót, hogy olyan szálláshelyet találj, ahol könnyedén módosíthatod a foglalásodat, ha megváltoznak a terveid.
Egy konkrét szállodában szeretnél megszállni? Csak használd a fenti keresőmezőt, és keress rá a kiválasztott szálláshelyre.
- EN: provider → hu-HU: szolgáltató | Definition: A company or individual offering a service. Car Hire vertical | Example: Autóbérlés: Ez a szolgáltató önkiszolgáló átvételi pontokkal rendelkezik, vagy alkalmazást kínál, amellyel feloldható az autó.

Általános: Miután megtaláltad a legjobb repülőjegyet, autóbérlési vagy szállodaajánlatot, közvetlenül a szolgáltatónál foglalhatsz.
- EN: provider → hu-HU: légitársaság | Definition: A company or individual offering a service. | Example: Repülőjegyek: Ha több mint egy szolgáltatónál foglalsz jegyet csatlakozó járatokra, nincs rá garancia, hogy eléred a következő járatodat, ha az előző járat késik, illetve ha törlik a járatot.

Általános: Miután megtaláltad a legjobb repülőjegyet, autóbérlési vagy szállodaajánlatot, közvetlenül a szolgáltatónál foglalhatsz.
- EN: provider → hu-HU: szolgáltató | Definition: A company or individual offering a service. Hotel vertical | Example: Szállodák: Néha több mint egy szolgáltató kínálja ugyanazt a szobát ugyanazon az áron. Ebben az esetben más szempontok alapján, például aszerint rangsoroljuk őket, hogy mennyire népszerűek az utazóink körében.

Általános: Miután megtaláltad a legjobb repülőjegyet, autóbérlési vagy szállodaajánlatot, közvetlenül a szolgáltatónál foglalhatsz.
- EN: rating → hu-HU: értékelés | Definition: A score or review given to a service or product. | Example: A vendégek értékeléseinek összefoglalása
- EN: Read more → hu-HU: Részletek | Definition: Option to view additional information. | Example: Olvass részletesen a Skyscanner történetéről.
- EN: recent searches → hu-HU: legutóbbi keresések | Definition: A list of previous search queries. | Example: Úti célok a legutóbbi kereséseid alapján
- EN: Recommended Provider → hu-HU: Kiváló szolgáltató | Definition: A booking partner that meets our top-quality criteria, demonstrated by a high Partner Quality Score, strong price accuracy, and reliable downstream visibility. This designation helps travelers make informed choices by identifying partners that offer a trustworthy and seamless booking experience.
- EN: recreational vehicle → hu-HU: szabadidőjármű | Definition: RV, a motor vehicle or trailer equipped with living space and amenities for travel.
- EN: residence → hu-HU: rezidencia | Definition: Fully furnished apartments or suites that are available for short-term or long-term stays or  a private home or villa that is rented out to travelers for short-term stays,
- EN: resort → hu-HU: üdülőhely | Definition: A place that offers a variety of recreational activities and amenities
- EN: result → hu-HU: találat | Definition: An outcome from a search or query. | Example: A 10 legjobb találat távolság szerint rendezve
- EN: return → hu-HU: oda-vissza út | Definition: A flight that includes both the outbound and inbound journeys, completing the round trip. | Example: Keress egyirányú járatokat, vagy válaszd az oda-vissza út lehetőséget
Oda-visszaút már {price} kezdőártól
- EN: return → hu-HU: visszaút | Definition: A flight that returns to the original departure location (1 flight) | Example: Mi a legjobb ár a Szófiába Párizsba tartó visszaútra?
- EN: return → hu-HU: oda-vissza út | Definition: A train journey that includes both the outbound and inbound journeys, completing the round trip. | Example: Vonatjegy foglalása oda-vissza útra.
- EN: return → hu-HU: visszaút | Definition: A train trip to return to the original departure location (1 trip)" | Notes: When it refers to the single return leg of a round trip. | Example: Foglalj jegyet a visszaútra is!
- EN: return date → hu-HU: visszaút dátuma | Definition: The date of the return journey. | Example: Visszaút dátumának kiválasztása
- EN: return flight → hu-HU: oda-vissza járat | Definition: A flight that includes both the outbound and inbound journeys, completing the round trip. | Example: Oda-vissza járatok keresése
Találd meg a legjobb árakat egyirányú vagy oda-vissza járatokra az egész országban.
- EN: return flight → hu-HU: oda-vissza járat | Definition: A flight that returns to the original departure location (1 flight) | Example: Foglalj oda-vissza járatot.
- EN: return trip → hu-HU: oda-vissza utazás | Definition: A journey including both the outbound journey to the destination and the inbound journey back to the starting location.
- EN: Review → hu-HU: értékel | Definition: Verb - Add an evaluation or feedback about a service or product. | Example: Értékeld az utazásodat
- EN: review → hu-HU: értékelés | Definition: Noun - An evaluation or feedback about a service or product. | Example: 1 értékelés
Legjobb értékelésű szállodák és látnivalók
- EN: room → hu-HU: szoba | Definition: A space within a building for accommodation | Example: Szobatípus kiválasztása
Megtaláltad a megfelelő szállodát? Csak kattints, és foglald le a szobát közvetlenül a szállodaszolgáltató oldalán.
- EN: same to same → hu-HU: átvételi tank átadáskor | Definition: Fuel policy where the car must be returned with the same amount of fuel as when picked up.
- EN: Satisfactory → hu-HU: Kielégítő | Definition: Rating indicating acceptable quality or performance, but with some issues.
- EN: Saved → hu-HU: Mentett keresések | Definition: For travellers planning one or more trips, this feature empowers users to save different elements of their travel, so they can compare and monitor prices, book at a time that suits and/or find the perfect option. | Example: Funkció:
Jelentkezz be a mentett kereséseid eléréséhez
Mentett keresések – értesítünk az árak változásairól

Melléknévi igenév:
Mentett repülőjegyek és szállodák
Találtunk egy új árat a mentett értesítéseidhez
- EN: Savvy Search → hu-HU: Mindentudó tervező | Definition: Savvy Search is a generative AI planning tool developed internally. It is designed to help travelers discover new destinations and experiences by asking questions like "What kind of trip is on your mind?" This tool is powered by OpenAI's ChatGPT and uses historical internet data along with Skyscanner's destination and price data to provide travel recommendations | Example: Íme a Mindentudó tervező

A Mindentudó tervezővel eddig elképzelhetetlen helyekre is eljuthatsz.
- EN: search → hu-HU: keresés | Definition: The process of looking for specific travel-related information or options, such as flights, hotels, rental cars | Example: Kezdd el a keresést.
Sajnos nem találtunk a keresésednek megfelelő járatokat.
- EN: search → hu-HU: keres | Definition: To look for information or options. | Example: Keress egyirányú járatokat
Szolgáltatók keresése
- EN: select → hu-HU: kiválaszt | Definition: The act of choosing or picking a specific option from a range of available choices. | Example: Válassz egy úti célt
A szállodában nincs foglalható szoba a kiválasztott dátumokra vagy a vendégek számához
Kiválasztás
- EN: self catering → hu-HU: önellátó | Definition: This type of accommodation may or may not provide guests with kitchen facilities to prepare their own meals. No meals are included in the package
- EN: self-transfer → hu-HU: egyéni átszállás | Definition: When passengers need to transfer between flights on their own without airline assistance. It may be necessary to check in separately for each connecting flight. | Example: Ez az utazás egyéni átszállást tartalmaz.
- EN: sign up → hu-HU: regisztráció | Definition: Option to create a new account. | Example: Jelentkezz be vagy regisztrálj, hogy megoszthatsd a tapasztalataidat másokkal
- EN: solo travellers → hu-HU: egyéni utazók | Definition: Individuals traveling alone.
- EN: sports car → hu-HU: sportautó | Definition: A car designed for high performance and agility, often with a sleek design.
- EN: standard → hu-HU: normál autó | Definition: A category of rental cars that offer a balance between size, comfort, and cost.
- EN: star → hu-HU: csillag | Definition: A hotel star rating is a system used to classify hotels based on their quality, amenities, service, and overall guest experience. | Example: Szállodák:
3 csillagos szállodák már @@hotelPrice@@ kezdőártól

Autóbérlés/partnerek értékelése:
5-ből 4 csillagos 300 értékelés alapján.
- EN: star → hu-HU: csillag | Example: Szállodák:
3 csillagos szállodák már @@hotelPrice@@ kezdőártól

Autóbérlés/partnerek értékelése:
5-ből 4 csillagos 300 értékelés alapján.
- EN: star rating → hu-HU: csillagos értékelés | Definition: A hotel star rating is a system used to classify hotels based on their quality, amenities, service, and overall guest experience.
- EN: stay → hu-HU: szállás | Definition: Period during which a guest resides at an accommodation, such as a hotel.
- EN: stop → hu-HU: átszállás | Definition: Flight connection at other airport before reaching the destination (not direct flights) | Example: Legfeljebb 2 átszállás
A sorrendet az ár, a menetidő és az átszállások száma alapján határozzuk meg
- EN: Suggested for you → hu-HU: Neked ajánljuk | Definition: Personalized recommendations based on your interests or past behavior.
- EN: SUV → hu-HU: SUV | Definition: Sport Utility Vehicle, a larger car often with off-road capability and more passenger/cargo space.
- EN: tax → hu-HU: adó | Definition: Compulsory financial charges imposed by a government. | Example: Minden adót és díjat tartalmaz, kivéve a helyi adót, ha van.
- EN: Terms of Service → hu-HU: szolgáltatási feltételek | Definition: The rules and conditions for using a service. | Example: A folytatással elfogadod a szolgáltatási feltételeinket
- EN: Top Provider → hu-HU: Kiváló szolgáltató | Definition: A booking partner that meets our top-quality criteria, demonstrated by a high Partner Quality Score, strong price accuracy, and reliable downstream visibility. This designation helps travelers make informed choices by identifying partners that offer a trustworthy and seamless booking experience.
- EN: total price → hu-HU: teljes ár | Definition: The complete cost of a service or product. | Example: Teljes ár az összes éjszakára
{partner} parnerünk a szoba teljes árát jelenítheti meg˙nem az éjszakánkénti árat).
- EN: transfer → hu-HU: átszáll OR átirányít OR szállít | Definition: The act of moving travelers from one location to another. | Example: Miután megtaláltad a megfelelő autóbérlési ajánlatot, átirányítunk az autókölcsönzőhöz, hogy közvetlenül náluk foglalhass.
Érkezéskor várni fog valaki, és megmutatja a privát buszt, amivel elszállítanak a szálláshelyedre.
- EN: transfer → hu-HU: átszállás | Definition: Service or act of moving from one mode of transport to another. | Example: Miután megtaláltad a megfelelő autóbérlési ajánlatot, átirányítunk az autókölcsönzőhöz, hogy közvetlenül náluk foglalhass.
Érkezéskor várni fog valaki, és megmutatja a privát buszt, amivel elszállítanak a szálláshelyedre.
- EN: transmission → hu-HU: váltó | Definition: The mechanism by which power is transmitted from the engine to the wheels in a vehicle.
- EN: travel agent → hu-HU: utazási iroda | Definition: A professional who plans and books travel arrangements for clients. | Example: Releváns keresési találatokat mutatunk neked több mint 200 üzleti parnerünk, többek között szállodaüzemeltetők és utazási irodák kínálatából.
- EN: travel Hack → hu-HU: utazási trükk | Definition: Tips and strategies for making travel easier or cheaper. | Example: A legjobb utazási trükk: Utazz bárhová
- EN: travel insurance → hu-HU: utasbiztosítás | Definition: Coverage for risks associated with travel, such as trip cancellations and medical emergencies. | Example: Gondoskodj a megfelelő utasbiztosításról, mielőtt elrepülsz @@destination@@ területére.
- EN: Travel Tuesday → hu-HU: Travel Tuesday | Definition: A marketing initiative on the Tuesday after Thanksgiving, offering significant discounts on travel-related purchases like flights and hotels. | Notes: DNT and please use the same capitalization. | Example: Jövő kedden Travel Tuesday – foglalj most alacsony áron!
- EN: traveller → hu-HU: utazó | Definition: An individual who is traveling. | Example: Folyamatosan fejlesztjük az alkalmazásunkat, hogy még jobbá tegyük a hozzád hasonló utazók számára.
Más utazók értékelései
- EN: trip → hu-HU: utazás | Definition: A journey from one place to another. | Example: A Skyscanner megkönnyíti a következő utazásod megtervezését
Ha nem tudod, melyik hónapban utazz, könnyen megtalálhatod a legolcsóbb hónapot , amikor elrepülhetsz egy adott úti célra.
- EN: Underrated Destinations → hu-HU: Alulértékelt úti célok | Definition: Travel locations that are less popular but worth visiting. | Example: Alulértékelt úti célok: új keresési szűrő
- EN: unique stays → hu-HU: egyedi szálláshelyek | Definition: Accommodations that offer unusual or distinctive experiences.
- EN: unlimited mileage → hu-HU: korlátlan kilométer | Definition: Option allowing unlimited travel distance in a rental vehicle. | Example: Csak a korlátlan kilométert tartalmazó ajánlatok megjelenítése
- EN: van → hu-HU: mikrobusz | Definition: A larger vehicle used for transporting goods or people.
- EN: vehicle → hu-HU: jármű | Definition: A mode of transportation used to move from one place to another.
- EN: Very good → hu-HU: Nagyon jó | Definition: Rating indicating high quality or performance.
- EN: Vibes → hu-HU: Inspirációk | Definition: Vibes is an AI-powered feature developed by Skyscanner that enhances the Explore Everywhere experience by categorising and sorting travel destinations in a smart, intuitive way to inspire travellers. These “vibes” are essentially themed tiles or categories—likely based on mood, activity type, scenery, or travel style (e.g. “beach escape”, “romantic getaway”, “adventurous hiking”)—that help users discover destinations they might not have otherwise considered.
- EN: wagon → hu-HU: kombi | Definition: A car with a longer body and more cargo space, often with a rear hatch door.
- EN: Whole month → hu-HU: Teljes hónap | Definition: Option to view availability and prices for an entire month. | Example: Funkció:
Ha rugalmasak az utazásod dátumai, használd a Skyscanner „Teljes hónap” funkcióját, hogy megtaláld a legocslóbb hónapot vagy akár napot, amikor elrepülhetsz @@place@@ területéről.

Köznévként kisbetűvel:
teljes hónap kiválasztása
- EN: whole month → hu-HU: teljes hónap | Definition: Option to view availability and prices for an entire month. | Example: Funkció:
Ha rugalmasak az utazásod dátumai, használd a Skyscanner „Teljes hónap” funkcióját, hogy megtaláld a legocslóbb hónapot vagy akár napot, amikor elrepülhetsz @@place@@ területéről.

Köznévként kisbetűvel:
teljes hónap kiválasztása
- EN: With honours → hu-HU: Kimagasló | Definition: A high distinction or recognition for excellence.

Draft LQA report to validate and finalize (JSON):

{
  "review_findings": [
    {
      "text": "Ez időkeret lehetővé teszi, hogy a legjobb árakat érd el, miközben rugalmasan tervezheted utazásodat.",
      "issue": "The construction 'Ez időkeret' is an overly formal phrasing that conflicts with the required informal register. The standard modern construction requires a definite article.",
      "type_of_issue": "Compliance",
      "solution": "Add the definite article 'az' between 'Ez' and 'időkeret' to align with the required informal tone and standard grammar.",
      "updated_sentence": "Ez az időkeret lehetővé teszi, hogy a legjobb árakat érd el, miközben rugalmasan tervezheted utazásodat.",
      "severity": "Minor",
      "score_deduction": 1
    }
  ],
  "overall_feedback": {
    "summary": "The text is generally well-written and grammatically correct. The single identified issue relates to a minor compliance failure where a formal grammatical structure was used, which is inconsistent with the project's required friendly and informal register.",
    "action_plan": "Brief translators to consistently use standard, modern grammatical constructions (e.g., 'Ez az...' instead of 'Ez...') to maintain the informal tone specified in the style guide. Formal or archaic phrasing should be avoided."
  }
}

Return only the final JSON object (must include `corrected_content` for the full section body).

2026-09-01 09:54:50,999 - INFO - [HU] Agent 2 window 0-9 (10 batches)
2026-09-01 09:54:51,037 - INFO - AFC is enabled with max remote calls: 10.
2026-09-01 09:54:51,039 - INFO - AFC is enabled with max remote calls: 10.
2026-09-01 09:54:51,040 - INFO - AFC is enabled with max remote calls: 10.
2026-09-01 09:54:51,040 - INFO - AFC is enabled with max remote calls: 10.
2026-09-01 09:54:51,041 - INFO - AFC is enabled with max remote calls: 10.
2026-09-01 09:54:51,042 - INFO - AFC is enabled with max remote calls: 10.
2026-09-01 09:54:51,043 - INFO - AFC is enabled with max remote calls: 10.
2026-09-01 09:54:51,044 - INFO - AFC is enabled with max remote calls: 10.
2026-09-01 09:54:51,045 - INFO - AFC is enabled with max remote calls: 10.
2026-09-01 09:54:51,045 - INFO - AFC is enabled with max remote calls: 10.
2026-09-01 09:55:10,352 - INFO - HTTP Request: POST https://generativelanguage.googleapis.com/v1beta/models/gemini-2.5-pro:generateContent "HTTP/1.1 200 OK"
2026-09-01 09:55:10,980 - INFO - HTTP Request: POST https://generativelanguage.googleapis.com/v1beta/models/gemini-2.5-pro:generateContent "HTTP/1.1 200 OK"
2026-09-01 09:55:13,493 - INFO - HTTP Request: POST https://generativelanguage.googleapis.com/v1beta/models/gemini-2.5-pro:generateContent "HTTP/1.1 200 OK"
2026-09-01 09:55:15,380 - INFO - HTTP Request: POST https://generativelanguage.googleapis.com/v1beta/models/gemini-2.5-pro:generateContent "HTTP/1.1 200 OK"
2026-09-01 09:55:15,387 - INFO - HTTP Request: POST https://generativelanguage.googleapis.com/v1beta/models/gemini-2.5-pro:generateContent "HTTP/1.1 200 OK"
2026-09-01 09:55:16,925 - INFO - HTTP Request: POST https://generativelanguage.googleapis.com/v1beta/models/gemini-2.5-pro:generateContent "HTTP/1.1 200 OK"
2026-09-01 09:55:18,285 - INFO - HTTP Request: POST https://generativelanguage.googleapis.com/v1beta/models/gemini-2.5-pro:generateContent "HTTP/1.1 200 OK"
2026-09-01 09:55:22,512 - INFO - HTTP Request: POST https://generativelanguage.googleapis.com/v1beta/models/gemini-2.5-pro:generateContent "HTTP/1.1 200 OK"
2026-09-01 09:55:24,547 - INFO - HTTP Request: POST https://generativelanguage.googleapis.com/v1beta/models/gemini-2.5-pro:generateContent "HTTP/1.1 200 OK"
2026-09-01 09:55:38,902 - INFO - HTTP Request: POST https://generativelanguage.googleapis.com/v1beta/models/gemini-2.5-pro:generateContent "HTTP/1.1 200 OK"
2026-09-01 09:55:38,914 - INFO - [HU] Waiting 10.0s before next Agent 2 window…
2026-09-01 09:55:48,917 - INFO - [HU] Agent 2 window 10-19 (10 batches)
2026-09-01 09:55:48,990 - INFO - AFC is enabled with max remote calls: 10.
2026-09-01 09:55:48,992 - INFO - AFC is enabled with max remote calls: 10.
2026-09-01 09:55:48,993 - INFO - AFC is enabled with max remote calls: 10.
2026-09-01 09:55:48,994 - INFO - AFC is enabled with max remote calls: 10.
2026-09-01 09:55:48,995 - INFO - AFC is enabled with max remote calls: 10.
2026-09-01 09:55:48,996 - INFO - AFC is enabled with max remote calls: 10.
2026-09-01 09:55:48,997 - INFO - AFC is enabled with max remote calls: 10.
2026-09-01 09:55:48,998 - INFO - AFC is enabled with max remote calls: 10.
2026-09-01 09:55:48,999 - INFO - AFC is enabled with max remote calls: 10.
2026-09-01 09:55:48,999 - INFO - AFC is enabled with max remote calls: 10.
2026-09-01 09:56:03,472 - INFO - HTTP Request: POST https://generativelanguage.googleapis.com/v1beta/models/gemini-2.5-pro:generateContent "HTTP/1.1 200 OK"
2026-09-01 09:56:06,038 - INFO - HTTP Request: POST https://generativelanguage.googleapis.com/v1beta/models/gemini-2.5-pro:generateContent "HTTP/1.1 200 OK"
2026-09-01 09:56:06,251 - INFO - HTTP Request: POST https://generativelanguage.googleapis.com/v1beta/models/gemini-2.5-pro:generateContent "HTTP/1.1 200 OK"
2026-09-01 09:56:06,631 - INFO - HTTP Request: POST https://generativelanguage.googleapis.com/v1beta/models/gemini-2.5-pro:generateContent "HTTP/1.1 200 OK"
2026-09-01 09:56:07,850 - INFO - HTTP Request: POST https://generativelanguage.googleapis.com/v1beta/models/gemini-2.5-pro:generateContent "HTTP/1.1 200 OK"
2026-09-01 09:56:09,872 - INFO - HTTP Request: POST https://generativelanguage.googleapis.com/v1beta/models/gemini-2.5-pro:generateContent "HTTP/1.1 200 OK"
2026-09-01 09:56:12,998 - INFO - HTTP Request: POST https://generativelanguage.googleapis.com/v1beta/models/gemini-2.5-pro:generateContent "HTTP/1.1 200 OK"
2026-09-01 09:56:13,518 - INFO - HTTP Request: POST https://generativelanguage.googleapis.com/v1beta/models/gemini-2.5-pro:generateContent "HTTP/1.1 200 OK"
2026-09-01 09:56:16,419 - INFO - HTTP Request: POST https://generativelanguage.googleapis.com/v1beta/models/gemini-2.5-pro:generateContent "HTTP/1.1 200 OK"
2026-09-01 09:56:43,396 - INFO - HTTP Request: POST https://generativelanguage.googleapis.com/v1beta/models/gemini-2.5-pro:generateContent "HTTP/1.1 200 OK"
2026-09-01 09:56:43,444 - INFO - [HU] Waiting 10.0s before next Agent 2 window…
2026-09-01 09:56:53,447 - INFO - [HU] Agent 2 window 20-29 (10 batches)
2026-09-01 09:56:53,528 - INFO - AFC is enabled with max remote calls: 10.
2026-09-01 09:56:53,531 - INFO - AFC is enabled with max remote calls: 10.
2026-09-01 09:56:53,532 - INFO - AFC is enabled with max remote calls: 10.
2026-09-01 09:56:53,533 - INFO - AFC is enabled with max remote calls: 10.
2026-09-01 09:56:53,533 - INFO - AFC is enabled with max remote calls: 10.
2026-09-01 09:56:53,534 - INFO - AFC is enabled with max remote calls: 10.
2026-09-01 09:56:53,535 - INFO - AFC is enabled with max remote calls: 10.
2026-09-01 09:56:53,536 - INFO - AFC is enabled with max remote calls: 10.
2026-09-01 09:56:53,541 - INFO - AFC is enabled with max remote calls: 10.
2026-09-01 09:56:53,542 - INFO - AFC is enabled with max remote calls: 10.
2026-09-01 09:57:05,707 - INFO - HTTP Request: POST https://generativelanguage.googleapis.com/v1beta/models/gemini-2.5-pro:generateContent "HTTP/1.1 200 OK"
2026-09-01 09:57:09,673 - INFO - HTTP Request: POST https://generativelanguage.googleapis.com/v1beta/models/gemini-2.5-pro:generateContent "HTTP/1.1 200 OK"
2026-09-01 09:57:10,097 - INFO - HTTP Request: POST https://generativelanguage.googleapis.com/v1beta/models/gemini-2.5-pro:generateContent "HTTP/1.1 200 OK"
2026-09-01 09:57:10,375 - INFO - HTTP Request: POST https://generativelanguage.googleapis.com/v1beta/models/gemini-2.5-pro:generateContent "HTTP/1.1 200 OK"
2026-09-01 09:57:10,737 - INFO - HTTP Request: POST https://generativelanguage.googleapis.com/v1beta/models/gemini-2.5-pro:generateContent "HTTP/1.1 200 OK"
2026-09-01 09:57:12,413 - INFO - HTTP Request: POST https://generativelanguage.googleapis.com/v1beta/models/gemini-2.5-pro:generateContent "HTTP/1.1 200 OK"
2026-09-01 09:57:14,877 - INFO - HTTP Request: POST https://generativelanguage.googleapis.com/v1beta/models/gemini-2.5-pro:generateContent "HTTP/1.1 200 OK"
2026-09-01 09:57:15,156 - INFO - HTTP Request: POST https://generativelanguage.googleapis.com/v1beta/models/gemini-2.5-pro:generateContent "HTTP/1.1 200 OK"
2026-09-01 09:57:19,609 - INFO - HTTP Request: POST https://generativelanguage.googleapis.com/v1beta/models/gemini-2.5-pro:generateContent "HTTP/1.1 200 OK"
2026-09-01 09:57:20,368 - INFO - HTTP Request: POST https://generativelanguage.googleapis.com/v1beta/models/gemini-2.5-pro:generateContent "HTTP/1.1 200 OK"
2026-09-01 09:57:20,370 - INFO - [HU] Waiting 10.0s before next Agent 2 window…
2026-09-01 09:57:30,372 - INFO - [HU] Agent 2 window 30-39 (10 batches)
2026-09-01 09:57:30,435 - INFO - AFC is enabled with max remote calls: 10.
2026-09-01 09:57:30,438 - INFO - AFC is enabled with max remote calls: 10.
2026-09-01 09:57:30,439 - INFO - AFC is enabled with max remote calls: 10.
2026-09-01 09:57:30,440 - INFO - AFC is enabled with max remote calls: 10.
2026-09-01 09:57:30,441 - INFO - AFC is enabled with max remote calls: 10.
2026-09-01 09:57:30,442 - INFO - AFC is enabled with max remote calls: 10.
2026-09-01 09:57:30,443 - INFO - AFC is enabled with max remote calls: 10.
2026-09-01 09:57:30,445 - INFO - AFC is enabled with max remote calls: 10.
2026-09-01 09:57:30,447 - INFO - AFC is enabled with max remote calls: 10.
2026-09-01 09:57:30,450 - INFO - AFC is enabled with max remote calls: 10.
2026-09-01 09:57:44,541 - INFO - HTTP Request: POST https://generativelanguage.googleapis.com/v1beta/models/gemini-2.5-pro:generateContent "HTTP/1.1 200 OK"
2026-09-01 09:57:46,468 - INFO - HTTP Request: POST https://generativelanguage.googleapis.com/v1beta/models/gemini-2.5-pro:generateContent "HTTP/1.1 200 OK"
2026-09-01 09:57:46,784 - INFO - HTTP Request: POST https://generativelanguage.googleapis.com/v1beta/models/gemini-2.5-pro:generateContent "HTTP/1.1 200 OK"
2026-09-01 09:57:49,470 - INFO - HTTP Request: POST https://generativelanguage.googleapis.com/v1beta/models/gemini-2.5-pro:generateContent "HTTP/1.1 200 OK"
2026-09-01 09:57:49,832 - INFO - HTTP Request: POST https://generativelanguage.googleapis.com/v1beta/models/gemini-2.5-pro:generateContent "HTTP/1.1 200 OK"
2026-09-01 09:57:51,819 - INFO - HTTP Request: POST https://generativelanguage.googleapis.com/v1beta/models/gemini-2.5-pro:generateContent "HTTP/1.1 200 OK"
2026-09-01 09:57:52,000 - INFO - HTTP Request: POST https://generativelanguage.googleapis.com/v1beta/models/gemini-2.5-pro:generateContent "HTTP/1.1 200 OK"
2026-09-01 09:57:52,957 - INFO - HTTP Request: POST https://generativelanguage.googleapis.com/v1beta/models/gemini-2.5-pro:generateContent "HTTP/1.1 200 OK"
2026-09-01 09:58:00,440 - INFO - HTTP Request: POST https://generativelanguage.googleapis.com/v1beta/models/gemini-2.5-pro:generateContent "HTTP/1.1 200 OK"
2026-09-01 09:58:11,156 - INFO - HTTP Request: POST https://generativelanguage.googleapis.com/v1beta/models/gemini-2.5-pro:generateContent "HTTP/1.1 200 OK"
2026-09-01 09:58:11,168 - INFO - [HU] Waiting 10.0s before next Agent 2 window…
2026-09-01 09:58:21,170 - INFO - [HU] Agent 2 window 40-49 (10 batches)
2026-09-01 09:58:21,219 - INFO - AFC is enabled with max remote calls: 10.
2026-09-01 09:58:21,221 - INFO - AFC is enabled with max remote calls: 10.
2026-09-01 09:58:21,222 - INFO - AFC is enabled with max remote calls: 10.
2026-09-01 09:58:21,223 - INFO - AFC is enabled with max remote calls: 10.
2026-09-01 09:58:21,223 - INFO - AFC is enabled with max remote calls: 10.
2026-09-01 09:58:21,225 - INFO - AFC is enabled with max remote calls: 10.
2026-09-01 09:58:21,227 - INFO - AFC is enabled with max remote calls: 10.
2026-09-01 09:58:21,228 - INFO - AFC is enabled with max remote calls: 10.
2026-09-01 09:58:21,229 - INFO - AFC is enabled with max remote calls: 10.
2026-09-01 09:58:21,230 - INFO - AFC is enabled with max remote calls: 10.
2026-09-01 09:58:37,973 - INFO - HTTP Request: POST https://generativelanguage.googleapis.com/v1beta/models/gemini-2.5-pro:generateContent "HTTP/1.1 200 OK"
2026-09-01 09:58:42,551 - INFO - HTTP Request: POST https://generativelanguage.googleapis.com/v1beta/models/gemini-2.5-pro:generateContent "HTTP/1.1 200 OK"
2026-09-01 09:58:43,402 - INFO - HTTP Request: POST https://generativelanguage.googleapis.com/v1beta/models/gemini-2.5-pro:generateContent "HTTP/1.1 200 OK"
2026-09-01 09:58:43,976 - INFO - HTTP Request: POST https://generativelanguage.googleapis.com/v1beta/models/gemini-2.5-pro:generateContent "HTTP/1.1 200 OK"
2026-09-01 09:58:46,892 - INFO - HTTP Request: POST https://generativelanguage.googleapis.com/v1beta/models/gemini-2.5-pro:generateContent "HTTP/1.1 200 OK"
2026-09-01 09:58:47,483 - INFO - HTTP Request: POST https://generativelanguage.googleapis.com/v1beta/models/gemini-2.5-pro:generateContent "HTTP/1.1 200 OK"
2026-09-01 09:58:51,019 - INFO - HTTP Request: POST https://generativelanguage.googleapis.com/v1beta/models/gemini-2.5-pro:generateContent "HTTP/1.1 200 OK"
2026-09-01 09:58:54,282 - INFO - HTTP Request: POST https://generativelanguage.googleapis.com/v1beta/models/gemini-2.5-pro:generateContent "HTTP/1.1 200 OK"
2026-09-01 09:58:57,637 - INFO - HTTP Request: POST https://generativelanguage.googleapis.com/v1beta/models/gemini-2.5-pro:generateContent "HTTP/1.1 200 OK"
2026-09-01 09:59:10,055 - INFO - HTTP Request: POST https://generativelanguage.googleapis.com/v1beta/models/gemini-2.5-pro:generateContent "HTTP/1.1 200 OK"
2026-09-01 09:59:10,072 - INFO - [HU] Waiting 10.0s before next Agent 2 window…
2026-09-01 09:59:20,075 - INFO - [HU] Agent 2 window 50-59 (10 batches)
2026-09-01 09:59:20,142 - INFO - AFC is enabled with max remote calls: 10.
2026-09-01 09:59:20,144 - INFO - AFC is enabled with max remote calls: 10.
2026-09-01 09:59:20,145 - INFO - AFC is enabled with max remote calls: 10.
2026-09-01 09:59:20,147 - INFO - AFC is enabled with max remote calls: 10.
2026-09-01 09:59:20,148 - INFO - AFC is enabled with max remote calls: 10.
2026-09-01 09:59:20,149 - INFO - AFC is enabled with max remote calls: 10.
2026-09-01 09:59:20,150 - INFO - AFC is enabled with max remote calls: 10.
2026-09-01 09:59:20,151 - INFO - AFC is enabled with max remote calls: 10.
2026-09-01 09:59:20,152 - INFO - AFC is enabled with max remote calls: 10.
2026-09-01 09:59:20,153 - INFO - AFC is enabled with max remote calls: 10.
2026-09-01 09:59:33,043 - INFO - HTTP Request: POST https://generativelanguage.googleapis.com/v1beta/models/gemini-2.5-pro:generateContent "HTTP/1.1 200 OK"
2026-09-01 09:59:35,291 - INFO - HTTP Request: POST https://generativelanguage.googleapis.com/v1beta/models/gemini-2.5-pro:generateContent "HTTP/1.1 200 OK"
2026-09-01 09:59:35,744 - INFO - HTTP Request: POST https://generativelanguage.googleapis.com/v1beta/models/gemini-2.5-pro:generateContent "HTTP/1.1 200 OK"
2026-09-01 09:59:36,668 - INFO - HTTP Request: POST https://generativelanguage.googleapis.com/v1beta/models/gemini-2.5-pro:generateContent "HTTP/1.1 200 OK"
2026-09-01 09:59:37,717 - INFO - HTTP Request: POST https://generativelanguage.googleapis.com/v1beta/models/gemini-2.5-pro:generateContent "HTTP/1.1 200 OK"
2026-09-01 09:59:38,398 - INFO - HTTP Request: POST https://generativelanguage.googleapis.com/v1beta/models/gemini-2.5-pro:generateContent "HTTP/1.1 200 OK"
2026-09-01 09:59:39,611 - INFO - HTTP Request: POST https://generativelanguage.googleapis.com/v1beta/models/gemini-2.5-pro:generateContent "HTTP/1.1 200 OK"
2026-09-01 09:59:39,826 - INFO - HTTP Request: POST https://generativelanguage.googleapis.com/v1beta/models/gemini-2.5-pro:generateContent "HTTP/1.1 200 OK"
2026-09-01 09:59:41,740 - INFO - HTTP Request: POST https://generativelanguage.googleapis.com/v1beta/models/gemini-2.5-pro:generateContent "HTTP/1.1 200 OK"
2026-09-01 10:00:08,573 - INFO - HTTP Request: POST https://generativelanguage.googleapis.com/v1beta/models/gemini-2.5-pro:generateContent "HTTP/1.1 200 OK"
2026-09-01 10:00:08,582 - INFO - [HU] Waiting 10.0s before next Agent 2 window…
2026-09-01 10:00:18,586 - INFO - [HU] Agent 2 window 60-69 (10 batches)
2026-09-01 10:00:18,665 - INFO - AFC is enabled with max remote calls: 10.
2026-09-01 10:00:18,671 - INFO - AFC is enabled with max remote calls: 10.
2026-09-01 10:00:18,673 - INFO - AFC is enabled with max remote calls: 10.
2026-09-01 10:00:18,674 - INFO - AFC is enabled with max remote calls: 10.
2026-09-01 10:00:18,675 - INFO - AFC is enabled with max remote calls: 10.
2026-09-01 10:00:18,677 - INFO - AFC is enabled with max remote calls: 10.
2026-09-01 10:00:18,680 - INFO - AFC is enabled with max remote calls: 10.
2026-09-01 10:00:18,681 - INFO - AFC is enabled with max remote calls: 10.
2026-09-01 10:00:18,682 - INFO - AFC is enabled with max remote calls: 10.
2026-09-01 10:00:18,683 - INFO - AFC is enabled with max remote calls: 10.
2026-09-01 10:00:31,329 - INFO - HTTP Request: POST https://generativelanguage.googleapis.com/v1beta/models/gemini-2.5-pro:generateContent "HTTP/1.1 200 OK"
2026-09-01 10:00:33,643 - INFO - HTTP Request: POST https://generativelanguage.googleapis.com/v1beta/models/gemini-2.5-pro:generateContent "HTTP/1.1 200 OK"
2026-09-01 10:00:33,649 - INFO - HTTP Request: POST https://generativelanguage.googleapis.com/v1beta/models/gemini-2.5-pro:generateContent "HTTP/1.1 200 OK"
2026-09-01 10:00:35,641 - INFO - HTTP Request: POST https://generativelanguage.googleapis.com/v1beta/models/gemini-2.5-pro:generateContent "HTTP/1.1 200 OK"
2026-09-01 10:00:35,890 - INFO - HTTP Request: POST https://generativelanguage.googleapis.com/v1beta/models/gemini-2.5-pro:generateContent "HTTP/1.1 200 OK"
2026-09-01 10:00:36,472 - INFO - HTTP Request: POST https://generativelanguage.googleapis.com/v1beta/models/gemini-2.5-pro:generateContent "HTTP/1.1 200 OK"
2026-09-01 10:00:37,565 - INFO - HTTP Request: POST https://generativelanguage.googleapis.com/v1beta/models/gemini-2.5-pro:generateContent "HTTP/1.1 200 OK"
2026-09-01 10:00:39,235 - INFO - HTTP Request: POST https://generativelanguage.googleapis.com/v1beta/models/gemini-2.5-pro:generateContent "HTTP/1.1 200 OK"
2026-09-01 10:00:43,155 - INFO - HTTP Request: POST https://generativelanguage.googleapis.com/v1beta/models/gemini-2.5-pro:generateContent "HTTP/1.1 200 OK"
2026-09-01 10:00:51,760 - INFO - HTTP Request: POST https://generativelanguage.googleapis.com/v1beta/models/gemini-2.5-pro:generateContent "HTTP/1.1 200 OK"
2026-09-01 10:00:51,768 - INFO - [HU] Waiting 10.0s before next Agent 2 window…
2026-09-01 10:01:01,775 - INFO - [HU] Agent 2 window 70-79 (10 batches)
2026-09-01 10:01:01,858 - INFO - AFC is enabled with max remote calls: 10.
2026-09-01 10:01:01,861 - INFO - AFC is enabled with max remote calls: 10.
2026-09-01 10:01:01,866 - INFO - AFC is enabled with max remote calls: 10.
2026-09-01 10:01:01,870 - INFO - AFC is enabled with max remote calls: 10.
2026-09-01 10:01:01,871 - INFO - AFC is enabled with max remote calls: 10.
2026-09-01 10:01:01,872 - INFO - AFC is enabled with max remote calls: 10.
2026-09-01 10:01:01,874 - INFO - AFC is enabled with max remote calls: 10.
2026-09-01 10:01:01,875 - INFO - AFC is enabled with max remote calls: 10.
2026-09-01 10:01:01,877 - INFO - AFC is enabled with max remote calls: 10.
2026-09-01 10:01:01,879 - INFO - AFC is enabled with max remote calls: 10.
2026-09-01 10:01:18,150 - INFO - HTTP Request: POST https://generativelanguage.googleapis.com/v1beta/models/gemini-2.5-pro:generateContent "HTTP/1.1 200 OK"
2026-09-01 10:01:18,392 - INFO - HTTP Request: POST https://generativelanguage.googleapis.com/v1beta/models/gemini-2.5-pro:generateContent "HTTP/1.1 200 OK"
2026-09-01 10:01:19,200 - INFO - HTTP Request: POST https://generativelanguage.googleapis.com/v1beta/models/gemini-2.5-pro:generateContent "HTTP/1.1 200 OK"
2026-09-01 10:01:20,615 - INFO - HTTP Request: POST https://generativelanguage.googleapis.com/v1beta/models/gemini-2.5-pro:generateContent "HTTP/1.1 200 OK"
2026-09-01 10:01:21,261 - INFO - HTTP Request: POST https://generativelanguage.googleapis.com/v1beta/models/gemini-2.5-pro:generateContent "HTTP/1.1 200 OK"
2026-09-01 10:01:22,800 - INFO - HTTP Request: POST https://generativelanguage.googleapis.com/v1beta/models/gemini-2.5-pro:generateContent "HTTP/1.1 200 OK"
2026-09-01 10:01:24,081 - INFO - HTTP Request: POST https://generativelanguage.googleapis.com/v1beta/models/gemini-2.5-pro:generateContent "HTTP/1.1 200 OK"
2026-09-01 10:01:25,456 - INFO - HTTP Request: POST https://generativelanguage.googleapis.com/v1beta/models/gemini-2.5-pro:generateContent "HTTP/1.1 200 OK"
2026-09-01 10:01:26,592 - INFO - HTTP Request: POST https://generativelanguage.googleapis.com/v1beta/models/gemini-2.5-pro:generateContent "HTTP/1.1 200 OK"
2026-09-01 10:01:31,323 - INFO - HTTP Request: POST https://generativelanguage.googleapis.com/v1beta/models/gemini-2.5-pro:generateContent "HTTP/1.1 200 OK"
2026-09-01 10:01:31,332 - INFO - [HU] Waiting 10.0s before next Agent 2 window…
2026-09-01 10:01:41,336 - INFO - [HU] Agent 2 window 80-89 (10 batches)
2026-09-01 10:01:41,423 - INFO - AFC is enabled with max remote calls: 10.
2026-09-01 10:01:41,431 - INFO - AFC is enabled with max remote calls: 10.
2026-09-01 10:01:41,433 - INFO - AFC is enabled with max remote calls: 10.
2026-09-01 10:01:41,434 - INFO - AFC is enabled with max remote calls: 10.
2026-09-01 10:01:41,435 - INFO - AFC is enabled with max remote calls: 10.
2026-09-01 10:01:41,436 - INFO - AFC is enabled with max remote calls: 10.
2026-09-01 10:01:41,437 - INFO - AFC is enabled with max remote calls: 10.
2026-09-01 10:01:41,437 - INFO - AFC is enabled with max remote calls: 10.
2026-09-01 10:01:41,438 - INFO - AFC is enabled with max remote calls: 10.
2026-09-01 10:01:41,439 - INFO - AFC is enabled with max remote calls: 10.
2026-09-01 10:01:56,147 - INFO - HTTP Request: POST https://generativelanguage.googleapis.com/v1beta/models/gemini-2.5-pro:generateContent "HTTP/1.1 200 OK"
2026-09-01 10:01:57,045 - INFO - HTTP Request: POST https://generativelanguage.googleapis.com/v1beta/models/gemini-2.5-pro:generateContent "HTTP/1.1 200 OK"
2026-09-01 10:01:57,724 - INFO - HTTP Request: POST https://generativelanguage.googleapis.com/v1beta/models/gemini-2.5-pro:generateContent "HTTP/1.1 200 OK"
2026-09-01 10:01:57,910 - INFO - HTTP Request: POST https://generativelanguage.googleapis.com/v1beta/models/gemini-2.5-pro:generateContent "HTTP/1.1 200 OK"
2026-09-01 10:01:57,925 - INFO - HTTP Request: POST https://generativelanguage.googleapis.com/v1beta/models/gemini-2.5-pro:generateContent "HTTP/1.1 200 OK"
2026-09-01 10:01:58,625 - INFO - HTTP Request: POST https://generativelanguage.googleapis.com/v1beta/models/gemini-2.5-pro:generateContent "HTTP/1.1 200 OK"
2026-09-01 10:01:59,282 - INFO - HTTP Request: POST https://generativelanguage.googleapis.com/v1beta/models/gemini-2.5-pro:generateContent "HTTP/1.1 200 OK"
2026-09-01 10:02:00,537 - INFO - HTTP Request: POST https://generativelanguage.googleapis.com/v1beta/models/gemini-2.5-pro:generateContent "HTTP/1.1 200 OK"
2026-09-01 10:02:01,175 - INFO - HTTP Request: POST https://generativelanguage.googleapis.com/v1beta/models/gemini-2.5-pro:generateContent "HTTP/1.1 200 OK"
2026-09-01 10:02:08,227 - INFO - HTTP Request: POST https://generativelanguage.googleapis.com/v1beta/models/gemini-2.5-pro:generateContent "HTTP/1.1 200 OK"
2026-09-01 10:02:08,240 - INFO - [HU] Waiting 10.0s before next Agent 2 window…
2026-09-01 10:02:18,243 - INFO - [HU] Agent 2 window 90-99 (10 batches)
2026-09-01 10:02:18,322 - INFO - AFC is enabled with max remote calls: 10.
2026-09-01 10:02:18,324 - INFO - AFC is enabled with max remote calls: 10.
2026-09-01 10:02:18,326 - INFO - AFC is enabled with max remote calls: 10.
2026-09-01 10:02:18,327 - INFO - AFC is enabled with max remote calls: 10.
2026-09-01 10:02:18,328 - INFO - AFC is enabled with max remote calls: 10.
2026-09-01 10:02:18,330 - INFO - AFC is enabled with max remote calls: 10.
2026-09-01 10:02:18,331 - INFO - AFC is enabled with max remote calls: 10.
2026-09-01 10:02:18,332 - INFO - AFC is enabled with max remote calls: 10.
2026-09-01 10:02:18,333 - INFO - AFC is enabled with max remote calls: 10.
2026-09-01 10:02:18,334 - INFO - AFC is enabled with max remote calls: 10.
2026-09-01 10:02:33,158 - INFO - AFC is enabled with max remote calls: 10.
2026-09-01 10:02:33,205 - INFO - AFC is enabled with max remote calls: 10.
2026-09-01 10:02:33,310 - INFO - AFC is enabled with max remote calls: 10.
2026-09-01 10:02:33,835 - INFO - AFC is enabled with max remote calls: 10.
2026-09-01 10:02:43,363 - INFO - HTTP Request: POST https://generativelanguage.googleapis.com/v1beta/models/gemini-2.5-pro:generateContent "HTTP/1.1 200 OK"
2026-09-01 10:02:43,514 - INFO - HTTP Request: POST https://generativelanguage.googleapis.com/v1beta/models/gemini-2.5-pro:generateContent "HTTP/1.1 200 OK"
2026-09-01 10:02:45,743 - INFO - HTTP Request: POST https://generativelanguage.googleapis.com/v1beta/models/gemini-2.5-pro:generateContent "HTTP/1.1 200 OK"
2026-09-01 10:02:47,745 - INFO - HTTP Request: POST https://generativelanguage.googleapis.com/v1beta/models/gemini-2.5-pro:generateContent "HTTP/1.1 200 OK"
2026-09-01 10:02:50,245 - INFO - HTTP Request: POST https://generativelanguage.googleapis.com/v1beta/models/gemini-2.5-pro:generateContent "HTTP/1.1 200 OK"
2026-09-01 10:02:51,785 - INFO - HTTP Request: POST https://generativelanguage.googleapis.com/v1beta/models/gemini-2.5-pro:generateContent "HTTP/1.1 200 OK"
2026-09-01 10:02:52,028 - INFO - HTTP Request: POST https://generativelanguage.googleapis.com/v1beta/models/gemini-2.5-pro:generateContent "HTTP/1.1 200 OK"
2026-09-01 10:02:53,803 - INFO - HTTP Request: POST https://generativelanguage.googleapis.com/v1beta/models/gemini-2.5-pro:generateContent "HTTP/1.1 200 OK"
2026-09-01 10:02:56,762 - INFO - HTTP Request: POST https://generativelanguage.googleapis.com/v1beta/models/gemini-2.5-pro:generateContent "HTTP/1.1 200 OK"
2026-09-01 10:03:07,017 - INFO - HTTP Request: POST https://generativelanguage.googleapis.com/v1beta/models/gemini-2.5-pro:generateContent "HTTP/1.1 200 OK"
2026-09-01 10:03:07,025 - INFO - [HU] Waiting 10.0s before next Agent 2 window…
2026-09-01 10:03:17,028 - INFO - [HU] Agent 2 window 100-109 (10 batches)
2026-09-01 10:03:17,112 - INFO - AFC is enabled with max remote calls: 10.
2026-09-01 10:03:17,116 - INFO - AFC is enabled with max remote calls: 10.
2026-09-01 10:03:17,117 - INFO - AFC is enabled with max remote calls: 10.
2026-09-01 10:03:17,118 - INFO - AFC is enabled with max remote calls: 10.
2026-09-01 10:03:17,119 - INFO - AFC is enabled with max remote calls: 10.
2026-09-01 10:03:17,121 - INFO - AFC is enabled with max remote calls: 10.
2026-09-01 10:03:17,122 - INFO - AFC is enabled with max remote calls: 10.
2026-09-01 10:03:17,125 - INFO - AFC is enabled with max remote calls: 10.
2026-09-01 10:03:17,127 - INFO - AFC is enabled with max remote calls: 10.
2026-09-01 10:03:17,128 - INFO - AFC is enabled with max remote calls: 10.
2026-09-01 10:03:31,211 - INFO - HTTP Request: POST https://generativelanguage.googleapis.com/v1beta/models/gemini-2.5-pro:generateContent "HTTP/1.1 200 OK"
2026-09-01 10:03:31,679 - INFO - HTTP Request: POST https://generativelanguage.googleapis.com/v1beta/models/gemini-2.5-pro:generateContent "HTTP/1.1 200 OK"
2026-09-01 10:03:32,486 - INFO - HTTP Request: POST https://generativelanguage.googleapis.com/v1beta/models/gemini-2.5-pro:generateContent "HTTP/1.1 200 OK"
2026-09-01 10:03:33,326 - INFO - HTTP Request: POST https://generativelanguage.googleapis.com/v1beta/models/gemini-2.5-pro:generateContent "HTTP/1.1 200 OK"
2026-09-01 10:03:36,527 - INFO - HTTP Request: POST https://generativelanguage.googleapis.com/v1beta/models/gemini-2.5-pro:generateContent "HTTP/1.1 200 OK"
2026-09-01 10:03:39,749 - INFO - HTTP Request: POST https://generativelanguage.googleapis.com/v1beta/models/gemini-2.5-pro:generateContent "HTTP/1.1 200 OK"
2026-09-01 10:03:40,259 - INFO - HTTP Request: POST https://generativelanguage.googleapis.com/v1beta/models/gemini-2.5-pro:generateContent "HTTP/1.1 200 OK"
2026-09-01 10:03:44,247 - INFO - HTTP Request: POST https://generativelanguage.googleapis.com/v1beta/models/gemini-2.5-pro:generateContent "HTTP/1.1 200 OK"
2026-09-01 10:03:47,052 - INFO - HTTP Request: POST https://generativelanguage.googleapis.com/v1beta/models/gemini-2.5-pro:generateContent "HTTP/1.1 200 OK"
2026-09-01 10:03:58,116 - INFO - HTTP Request: POST https://generativelanguage.googleapis.com/v1beta/models/gemini-2.5-pro:generateContent "HTTP/1.1 200 OK"
2026-09-01 10:03:58,138 - INFO - [HU] Waiting 10.0s before next Agent 2 window…
2026-09-01 10:04:08,140 - INFO - [HU] Agent 2 window 110-119 (10 batches)
2026-09-01 10:04:08,203 - INFO - AFC is enabled with max remote calls: 10.
2026-09-01 10:04:08,209 - INFO - AFC is enabled with max remote calls: 10.
2026-09-01 10:04:08,211 - INFO - AFC is enabled with max remote calls: 10.
2026-09-01 10:04:08,213 - INFO - AFC is enabled with max remote calls: 10.
2026-09-01 10:04:08,214 - INFO - AFC is enabled with max remote calls: 10.
2026-09-01 10:04:08,215 - INFO - AFC is enabled with max remote calls: 10.
2026-09-01 10:04:08,217 - INFO - AFC is enabled with max remote calls: 10.
2026-09-01 10:04:08,218 - INFO - AFC is enabled with max remote calls: 10.
2026-09-01 10:04:08,219 - INFO - AFC is enabled with max remote calls: 10.
2026-09-01 10:04:08,220 - INFO - AFC is enabled with max remote calls: 10.
2026-09-01 10:04:24,237 - INFO - HTTP Request: POST https://generativelanguage.googleapis.com/v1beta/models/gemini-2.5-pro:generateContent "HTTP/1.1 200 OK"
2026-09-01 10:04:25,280 - INFO - HTTP Request: POST https://generativelanguage.googleapis.com/v1beta/models/gemini-2.5-pro:generateContent "HTTP/1.1 200 OK"
2026-09-01 10:04:26,977 - INFO - HTTP Request: POST https://generativelanguage.googleapis.com/v1beta/models/gemini-2.5-pro:generateContent "HTTP/1.1 200 OK"
2026-09-01 10:04:29,027 - INFO - HTTP Request: POST https://generativelanguage.googleapis.com/v1beta/models/gemini-2.5-pro:generateContent "HTTP/1.1 200 OK"
2026-09-01 10:04:29,745 - INFO - HTTP Request: POST https://generativelanguage.googleapis.com/v1beta/models/gemini-2.5-pro:generateContent "HTTP/1.1 200 OK"
2026-09-01 10:04:30,127 - INFO - HTTP Request: POST https://generativelanguage.googleapis.com/v1beta/models/gemini-2.5-pro:generateContent "HTTP/1.1 200 OK"
2026-09-01 10:04:30,566 - INFO - HTTP Request: POST https://generativelanguage.googleapis.com/v1beta/models/gemini-2.5-pro:generateContent "HTTP/1.1 200 OK"
2026-09-01 10:04:30,642 - INFO - HTTP Request: POST https://generativelanguage.googleapis.com/v1beta/models/gemini-2.5-pro:generateContent "HTTP/1.1 200 OK"
2026-09-01 10:04:33,782 - INFO - HTTP Request: POST https://generativelanguage.googleapis.com/v1beta/models/gemini-2.5-pro:generateContent "HTTP/1.1 200 OK"
2026-09-01 10:04:39,137 - INFO - HTTP Request: POST https://generativelanguage.googleapis.com/v1beta/models/gemini-2.5-pro:generateContent "HTTP/1.1 200 OK"
2026-09-01 10:04:39,147 - INFO - [HU] Waiting 10.0s before next Agent 2 window…
2026-09-01 10:04:49,150 - INFO - [HU] Agent 2 window 120-129 (10 batches)
2026-09-01 10:04:49,206 - INFO - AFC is enabled with max remote calls: 10.
2026-09-01 10:04:49,209 - INFO - AFC is enabled with max remote calls: 10.
2026-09-01 10:04:49,211 - INFO - AFC is enabled with max remote calls: 10.
2026-09-01 10:04:49,213 - INFO - AFC is enabled with max remote calls: 10.
2026-09-01 10:04:49,215 - INFO - AFC is enabled with max remote calls: 10.
2026-09-01 10:04:49,216 - INFO - AFC is enabled with max remote calls: 10.
2026-09-01 10:04:49,218 - INFO - AFC is enabled with max remote calls: 10.
2026-09-01 10:04:49,219 - INFO - AFC is enabled with max remote calls: 10.
2026-09-01 10:04:49,220 - INFO - AFC is enabled with max remote calls: 10.
2026-09-01 10:04:49,222 - INFO - AFC is enabled with max remote calls: 10.
2026-09-01 10:05:03,611 - INFO - HTTP Request: POST https://generativelanguage.googleapis.com/v1beta/models/gemini-2.5-pro:generateContent "HTTP/1.1 200 OK"
2026-09-01 10:05:05,574 - INFO - HTTP Request: POST https://generativelanguage.googleapis.com/v1beta/models/gemini-2.5-pro:generateContent "HTTP/1.1 200 OK"
2026-09-01 10:05:07,452 - INFO - HTTP Request: POST https://generativelanguage.googleapis.com/v1beta/models/gemini-2.5-pro:generateContent "HTTP/1.1 200 OK"
2026-09-01 10:05:09,208 - INFO - HTTP Request: POST https://generativelanguage.googleapis.com/v1beta/models/gemini-2.5-pro:generateContent "HTTP/1.1 200 OK"
2026-09-01 10:05:09,216 - INFO - HTTP Request: POST https://generativelanguage.googleapis.com/v1beta/models/gemini-2.5-pro:generateContent "HTTP/1.1 200 OK"
2026-09-01 10:05:10,204 - INFO - HTTP Request: POST https://generativelanguage.googleapis.com/v1beta/models/gemini-2.5-pro:generateContent "HTTP/1.1 200 OK"
2026-09-01 10:05:11,548 - INFO - HTTP Request: POST https://generativelanguage.googleapis.com/v1beta/models/gemini-2.5-pro:generateContent "HTTP/1.1 200 OK"
2026-09-01 10:05:15,818 - INFO - HTTP Request: POST https://generativelanguage.googleapis.com/v1beta/models/gemini-2.5-pro:generateContent "HTTP/1.1 200 OK"
2026-09-01 10:05:21,455 - INFO - HTTP Request: POST https://generativelanguage.googleapis.com/v1beta/models/gemini-2.5-pro:generateContent "HTTP/1.1 200 OK"
2026-09-01 10:05:26,965 - INFO - HTTP Request: POST https://generativelanguage.googleapis.com/v1beta/models/gemini-2.5-pro:generateContent "HTTP/1.1 200 OK"
2026-09-01 10:05:26,981 - INFO - [HU] Waiting 10.0s before next Agent 2 window…
2026-09-01 10:05:36,985 - INFO - [HU] Agent 2 window 130-139 (10 batches)
2026-09-01 10:05:37,054 - INFO - AFC is enabled with max remote calls: 10.
2026-09-01 10:05:37,059 - INFO - AFC is enabled with max remote calls: 10.
2026-09-01 10:05:37,061 - INFO - AFC is enabled with max remote calls: 10.
2026-09-01 10:05:37,064 - INFO - AFC is enabled with max remote calls: 10.
2026-09-01 10:05:37,067 - INFO - AFC is enabled with max remote calls: 10.
2026-09-01 10:05:37,068 - INFO - AFC is enabled with max remote calls: 10.
2026-09-01 10:05:37,069 - INFO - AFC is enabled with max remote calls: 10.
2026-09-01 10:05:37,070 - INFO - AFC is enabled with max remote calls: 10.
2026-09-01 10:05:37,071 - INFO - AFC is enabled with max remote calls: 10.
2026-09-01 10:05:37,073 - INFO - AFC is enabled with max remote calls: 10.
2026-09-01 10:05:52,267 - INFO - HTTP Request: POST https://generativelanguage.googleapis.com/v1beta/models/gemini-2.5-pro:generateContent "HTTP/1.1 200 OK"
2026-09-01 10:05:53,120 - INFO - HTTP Request: POST https://generativelanguage.googleapis.com/v1beta/models/gemini-2.5-pro:generateContent "HTTP/1.1 200 OK"
2026-09-01 10:05:54,170 - INFO - HTTP Request: POST https://generativelanguage.googleapis.com/v1beta/models/gemini-2.5-pro:generateContent "HTTP/1.1 200 OK"
2026-09-01 10:05:55,025 - INFO - HTTP Request: POST https://generativelanguage.googleapis.com/v1beta/models/gemini-2.5-pro:generateContent "HTTP/1.1 200 OK"
2026-09-01 10:05:56,075 - INFO - HTTP Request: POST https://generativelanguage.googleapis.com/v1beta/models/gemini-2.5-pro:generateContent "HTTP/1.1 200 OK"
2026-09-01 10:05:57,551 - INFO - HTTP Request: POST https://generativelanguage.googleapis.com/v1beta/models/gemini-2.5-pro:generateContent "HTTP/1.1 200 OK"
2026-09-01 10:05:58,363 - INFO - HTTP Request: POST https://generativelanguage.googleapis.com/v1beta/models/gemini-2.5-pro:generateContent "HTTP/1.1 200 OK"
2026-09-01 10:05:59,034 - INFO - HTTP Request: POST https://generativelanguage.googleapis.com/v1beta/models/gemini-2.5-pro:generateContent "HTTP/1.1 200 OK"
2026-09-01 10:05:59,987 - INFO - HTTP Request: POST https://generativelanguage.googleapis.com/v1beta/models/gemini-2.5-pro:generateContent "HTTP/1.1 200 OK"
2026-09-01 10:06:00,247 - INFO - HTTP Request: POST https://generativelanguage.googleapis.com/v1beta/models/gemini-2.5-pro:generateContent "HTTP/1.1 200 OK"
2026-09-01 10:06:00,252 - INFO - [HU] Waiting 10.0s before next Agent 2 window…
2026-09-01 10:06:10,255 - INFO - [HU] Agent 2 window 140-149 (10 batches)
2026-09-01 10:06:10,352 - INFO - AFC is enabled with max remote calls: 10.
2026-09-01 10:06:10,362 - INFO - AFC is enabled with max remote calls: 10.
2026-09-01 10:06:10,366 - INFO - AFC is enabled with max remote calls: 10.
2026-09-01 10:06:10,369 - INFO - AFC is enabled with max remote calls: 10.
2026-09-01 10:06:10,371 - INFO - AFC is enabled with max remote calls: 10.
2026-09-01 10:06:10,374 - INFO - AFC is enabled with max remote calls: 10.
2026-09-01 10:06:10,376 - INFO - AFC is enabled with max remote calls: 10.
2026-09-01 10:06:10,379 - INFO - AFC is enabled with max remote calls: 10.
2026-09-01 10:06:10,382 - INFO - AFC is enabled with max remote calls: 10.
2026-09-01 10:06:10,386 - INFO - AFC is enabled with max remote calls: 10.
2026-09-01 10:06:22,497 - INFO - HTTP Request: POST https://generativelanguage.googleapis.com/v1beta/models/gemini-2.5-pro:generateContent "HTTP/1.1 200 OK"
2026-09-01 10:06:26,884 - INFO - HTTP Request: POST https://generativelanguage.googleapis.com/v1beta/models/gemini-2.5-pro:generateContent "HTTP/1.1 200 OK"
2026-09-01 10:06:28,382 - INFO - HTTP Request: POST https://generativelanguage.googleapis.com/v1beta/models/gemini-2.5-pro:generateContent "HTTP/1.1 200 OK"
2026-09-01 10:06:28,442 - INFO - HTTP Request: POST https://generativelanguage.googleapis.com/v1beta/models/gemini-2.5-pro:generateContent "HTTP/1.1 200 OK"
2026-09-01 10:06:29,854 - INFO - HTTP Request: POST https://generativelanguage.googleapis.com/v1beta/models/gemini-2.5-pro:generateContent "HTTP/1.1 200 OK"
2026-09-01 10:06:29,863 - INFO - HTTP Request: POST https://generativelanguage.googleapis.com/v1beta/models/gemini-2.5-pro:generateContent "HTTP/1.1 200 OK"
2026-09-01 10:06:30,184 - INFO - HTTP Request: POST https://generativelanguage.googleapis.com/v1beta/models/gemini-2.5-pro:generateContent "HTTP/1.1 200 OK"
2026-09-01 10:06:30,315 - INFO - HTTP Request: POST https://generativelanguage.googleapis.com/v1beta/models/gemini-2.5-pro:generateContent "HTTP/1.1 200 OK"
2026-09-01 10:06:33,540 - INFO - HTTP Request: POST https://generativelanguage.googleapis.com/v1beta/models/gemini-2.5-pro:generateContent "HTTP/1.1 200 OK"
2026-09-01 10:06:34,960 - INFO - HTTP Request: POST https://generativelanguage.googleapis.com/v1beta/models/gemini-2.5-pro:generateContent "HTTP/1.1 200 OK"
2026-09-01 10:06:34,973 - INFO - [HU] Waiting 10.0s before next Agent 2 window…
2026-09-01 10:06:44,976 - INFO - [HU] Agent 2 window 150-159 (10 batches)
2026-09-01 10:06:45,028 - INFO - AFC is enabled with max remote calls: 10.
2026-09-01 10:06:45,031 - INFO - AFC is enabled with max remote calls: 10.
2026-09-01 10:06:45,032 - INFO - AFC is enabled with max remote calls: 10.
2026-09-01 10:06:45,034 - INFO - AFC is enabled with max remote calls: 10.
2026-09-01 10:06:45,035 - INFO - AFC is enabled with max remote calls: 10.
2026-09-01 10:06:45,037 - INFO - AFC is enabled with max remote calls: 10.
2026-09-01 10:06:45,039 - INFO - AFC is enabled with max remote calls: 10.
2026-09-01 10:06:45,041 - INFO - AFC is enabled with max remote calls: 10.
2026-09-01 10:06:45,043 - INFO - AFC is enabled with max remote calls: 10.
2026-09-01 10:06:45,045 - INFO - AFC is enabled with max remote calls: 10.
2026-09-01 10:07:02,156 - INFO - HTTP Request: POST https://generativelanguage.googleapis.com/v1beta/models/gemini-2.5-pro:generateContent "HTTP/1.1 200 OK"
2026-09-01 10:07:02,598 - INFO - HTTP Request: POST https://generativelanguage.googleapis.com/v1beta/models/gemini-2.5-pro:generateContent "HTTP/1.1 200 OK"
2026-09-01 10:07:03,410 - INFO - HTTP Request: POST https://generativelanguage.googleapis.com/v1beta/models/gemini-2.5-pro:generateContent "HTTP/1.1 200 OK"
2026-09-01 10:07:03,919 - INFO - HTTP Request: POST https://generativelanguage.googleapis.com/v1beta/models/gemini-2.5-pro:generateContent "HTTP/1.1 200 OK"
2026-09-01 10:07:05,098 - INFO - HTTP Request: POST https://generativelanguage.googleapis.com/v1beta/models/gemini-2.5-pro:generateContent "HTTP/1.1 200 OK"
2026-09-01 10:07:06,213 - INFO - HTTP Request: POST https://generativelanguage.googleapis.com/v1beta/models/gemini-2.5-pro:generateContent "HTTP/1.1 200 OK"
2026-09-01 10:07:06,517 - INFO - HTTP Request: POST https://generativelanguage.googleapis.com/v1beta/models/gemini-2.5-pro:generateContent "HTTP/1.1 200 OK"
2026-09-01 10:07:06,902 - INFO - HTTP Request: POST https://generativelanguage.googleapis.com/v1beta/models/gemini-2.5-pro:generateContent "HTTP/1.1 200 OK"
2026-09-01 10:07:08,061 - INFO - HTTP Request: POST https://generativelanguage.googleapis.com/v1beta/models/gemini-2.5-pro:generateContent "HTTP/1.1 200 OK"
2026-09-01 10:07:17,476 - INFO - HTTP Request: POST https://generativelanguage.googleapis.com/v1beta/models/gemini-2.5-pro:generateContent "HTTP/1.1 200 OK"
2026-09-01 10:07:17,484 - INFO - [HU] Waiting 10.0s before next Agent 2 window…
2026-09-01 10:07:27,487 - INFO - [HU] Agent 2 window 160-169 (10 batches)
2026-09-01 10:07:27,568 - INFO - AFC is enabled with max remote calls: 10.
2026-09-01 10:07:27,571 - INFO - AFC is enabled with max remote calls: 10.
2026-09-01 10:07:27,572 - INFO - AFC is enabled with max remote calls: 10.
2026-09-01 10:07:27,573 - INFO - AFC is enabled with max remote calls: 10.
2026-09-01 10:07:27,575 - INFO - AFC is enabled with max remote calls: 10.
2026-09-01 10:07:27,577 - INFO - AFC is enabled with max remote calls: 10.
2026-09-01 10:07:27,578 - INFO - AFC is enabled with max remote calls: 10.
2026-09-01 10:07:27,580 - INFO - AFC is enabled with max remote calls: 10.
2026-09-01 10:07:27,581 - INFO - AFC is enabled with max remote calls: 10.
2026-09-01 10:07:27,582 - INFO - AFC is enabled with max remote calls: 10.
2026-09-01 10:07:41,971 - INFO - HTTP Request: POST https://generativelanguage.googleapis.com/v1beta/models/gemini-2.5-pro:generateContent "HTTP/1.1 200 OK"
2026-09-01 10:07:43,298 - INFO - HTTP Request: POST https://generativelanguage.googleapis.com/v1beta/models/gemini-2.5-pro:generateContent "HTTP/1.1 200 OK"
2026-09-01 10:07:45,632 - INFO - HTTP Request: POST https://generativelanguage.googleapis.com/v1beta/models/gemini-2.5-pro:generateContent "HTTP/1.1 200 OK"
2026-09-01 10:07:46,816 - INFO - HTTP Request: POST https://generativelanguage.googleapis.com/v1beta/models/gemini-2.5-pro:generateContent "HTTP/1.1 200 OK"
2026-09-01 10:07:49,444 - INFO - HTTP Request: POST https://generativelanguage.googleapis.com/v1beta/models/gemini-2.5-pro:generateContent "HTTP/1.1 200 OK"
2026-09-01 10:07:49,977 - INFO - HTTP Request: POST https://generativelanguage.googleapis.com/v1beta/models/gemini-2.5-pro:generateContent "HTTP/1.1 200 OK"
2026-09-01 10:07:50,486 - INFO - HTTP Request: POST https://generativelanguage.googleapis.com/v1beta/models/gemini-2.5-pro:generateContent "HTTP/1.1 200 OK"
2026-09-01 10:07:53,590 - INFO - HTTP Request: POST https://generativelanguage.googleapis.com/v1beta/models/gemini-2.5-pro:generateContent "HTTP/1.1 200 OK"
2026-09-01 10:08:02,129 - INFO - HTTP Request: POST https://generativelanguage.googleapis.com/v1beta/models/gemini-2.5-pro:generateContent "HTTP/1.1 200 OK"
2026-09-01 10:08:14,224 - INFO - HTTP Request: POST https://generativelanguage.googleapis.com/v1beta/models/gemini-2.5-pro:generateContent "HTTP/1.1 200 OK"
2026-09-01 10:08:14,241 - INFO - [HU] Waiting 10.0s before next Agent 2 window…
2026-09-01 10:08:24,244 - INFO - [HU] Agent 2 window 170-179 (10 batches)
2026-09-01 10:08:24,349 - INFO - AFC is enabled with max remote calls: 10.
2026-09-01 10:08:24,354 - INFO - AFC is enabled with max remote calls: 10.
2026-09-01 10:08:24,355 - INFO - AFC is enabled with max remote calls: 10.
2026-09-01 10:08:24,357 - INFO - AFC is enabled with max remote calls: 10.
2026-09-01 10:08:24,360 - INFO - AFC is enabled with max remote calls: 10.
2026-09-01 10:08:24,361 - INFO - AFC is enabled with max remote calls: 10.
2026-09-01 10:08:24,363 - INFO - AFC is enabled with max remote calls: 10.
2026-09-01 10:08:24,366 - INFO - AFC is enabled with max remote calls: 10.
2026-09-01 10:08:24,368 - INFO - AFC is enabled with max remote calls: 10.
2026-09-01 10:08:24,370 - INFO - AFC is enabled with max remote calls: 10.
2026-09-01 10:08:38,362 - INFO - HTTP Request: POST https://generativelanguage.googleapis.com/v1beta/models/gemini-2.5-pro:generateContent "HTTP/1.1 200 OK"
2026-09-01 10:08:38,987 - INFO - HTTP Request: POST https://generativelanguage.googleapis.com/v1beta/models/gemini-2.5-pro:generateContent "HTTP/1.1 200 OK"
2026-09-01 10:08:39,840 - INFO - HTTP Request: POST https://generativelanguage.googleapis.com/v1beta/models/gemini-2.5-pro:generateContent "HTTP/1.1 200 OK"
2026-09-01 10:08:42,716 - INFO - HTTP Request: POST https://generativelanguage.googleapis.com/v1beta/models/gemini-2.5-pro:generateContent "HTTP/1.1 200 OK"
2026-09-01 10:08:43,355 - INFO - HTTP Request: POST https://generativelanguage.googleapis.com/v1beta/models/gemini-2.5-pro:generateContent "HTTP/1.1 200 OK"
2026-09-01 10:08:46,132 - INFO - HTTP Request: POST https://generativelanguage.googleapis.com/v1beta/models/gemini-2.5-pro:generateContent "HTTP/1.1 200 OK"
2026-09-01 10:08:46,184 - INFO - HTTP Request: POST https://generativelanguage.googleapis.com/v1beta/models/gemini-2.5-pro:generateContent "HTTP/1.1 200 OK"
2026-09-01 10:08:50,001 - INFO - HTTP Request: POST https://generativelanguage.googleapis.com/v1beta/models/gemini-2.5-pro:generateContent "HTTP/1.1 200 OK"
2026-09-01 10:08:51,381 - INFO - HTTP Request: POST https://generativelanguage.googleapis.com/v1beta/models/gemini-2.5-pro:generateContent "HTTP/1.1 200 OK"
2026-09-01 10:08:56,862 - INFO - HTTP Request: POST https://generativelanguage.googleapis.com/v1beta/models/gemini-2.5-pro:generateContent "HTTP/1.1 200 OK"
2026-09-01 10:08:56,873 - INFO - [HU] Waiting 10.0s before next Agent 2 window…
2026-09-01 10:09:06,876 - INFO - [HU] Agent 2 window 180-189 (10 batches)
2026-09-01 10:09:06,949 - INFO - AFC is enabled with max remote calls: 10.
2026-09-01 10:09:06,952 - INFO - AFC is enabled with max remote calls: 10.
2026-09-01 10:09:06,954 - INFO - AFC is enabled with max remote calls: 10.
2026-09-01 10:09:06,955 - INFO - AFC is enabled with max remote calls: 10.
2026-09-01 10:09:06,959 - INFO - AFC is enabled with max remote calls: 10.
2026-09-01 10:09:06,961 - INFO - AFC is enabled with max remote calls: 10.
2026-09-01 10:09:06,965 - INFO - AFC is enabled with max remote calls: 10.
2026-09-01 10:09:06,966 - INFO - AFC is enabled with max remote calls: 10.
2026-09-01 10:09:06,968 - INFO - AFC is enabled with max remote calls: 10.
2026-09-01 10:09:06,970 - INFO - AFC is enabled with max remote calls: 10.
2026-09-01 10:09:23,344 - INFO - HTTP Request: POST https://generativelanguage.googleapis.com/v1beta/models/gemini-2.5-pro:generateContent "HTTP/1.1 200 OK"
2026-09-01 10:09:24,114 - INFO - HTTP Request: POST https://generativelanguage.googleapis.com/v1beta/models/gemini-2.5-pro:generateContent "HTTP/1.1 200 OK"
2026-09-01 10:09:25,624 - INFO - HTTP Request: POST https://generativelanguage.googleapis.com/v1beta/models/gemini-2.5-pro:generateContent "HTTP/1.1 200 OK"
2026-09-01 10:09:26,807 - INFO - HTTP Request: POST https://generativelanguage.googleapis.com/v1beta/models/gemini-2.5-pro:generateContent "HTTP/1.1 200 OK"
2026-09-01 10:09:28,082 - INFO - HTTP Request: POST https://generativelanguage.googleapis.com/v1beta/models/gemini-2.5-pro:generateContent "HTTP/1.1 200 OK"
2026-09-01 10:09:28,483 - INFO - HTTP Request: POST https://generativelanguage.googleapis.com/v1beta/models/gemini-2.5-pro:generateContent "HTTP/1.1 200 OK"
2026-09-01 10:09:30,184 - INFO - HTTP Request: POST https://generativelanguage.googleapis.com/v1beta/models/gemini-2.5-pro:generateContent "HTTP/1.1 200 OK"
2026-09-01 10:09:30,275 - INFO - HTTP Request: POST https://generativelanguage.googleapis.com/v1beta/models/gemini-2.5-pro:generateContent "HTTP/1.1 200 OK"
2026-09-01 10:09:32,411 - INFO - HTTP Request: POST https://generativelanguage.googleapis.com/v1beta/models/gemini-2.5-pro:generateContent "HTTP/1.1 200 OK"
2026-09-01 10:09:36,785 - INFO - HTTP Request: POST https://generativelanguage.googleapis.com/v1beta/models/gemini-2.5-pro:generateContent "HTTP/1.1 200 OK"
2026-09-01 10:09:36,794 - INFO - [HU] Waiting 10.0s before next Agent 2 window…
2026-09-01 10:09:46,797 - INFO - [HU] Agent 2 window 190-199 (10 batches)
2026-09-01 10:09:46,872 - INFO - AFC is enabled with max remote calls: 10.
2026-09-01 10:09:46,875 - INFO - AFC is enabled with max remote calls: 10.
2026-09-01 10:09:46,878 - INFO - AFC is enabled with max remote calls: 10.
2026-09-01 10:09:46,880 - INFO - AFC is enabled with max remote calls: 10.
2026-09-01 10:09:46,883 - INFO - AFC is enabled with max remote calls: 10.
2026-09-01 10:09:46,884 - INFO - AFC is enabled with max remote calls: 10.
2026-09-01 10:09:46,887 - INFO - AFC is enabled with max remote calls: 10.
2026-09-01 10:09:46,889 - INFO - AFC is enabled with max remote calls: 10.
2026-09-01 10:09:46,892 - INFO - AFC is enabled with max remote calls: 10.
2026-09-01 10:09:46,894 - INFO - AFC is enabled with max remote calls: 10.
2026-09-01 10:10:03,149 - INFO - HTTP Request: POST https://generativelanguage.googleapis.com/v1beta/models/gemini-2.5-pro:generateContent "HTTP/1.1 200 OK"
2026-09-01 10:10:03,335 - INFO - HTTP Request: POST https://generativelanguage.googleapis.com/v1beta/models/gemini-2.5-pro:generateContent "HTTP/1.1 200 OK"
2026-09-01 10:10:05,186 - INFO - HTTP Request: POST https://generativelanguage.googleapis.com/v1beta/models/gemini-2.5-pro:generateContent "HTTP/1.1 200 OK"
2026-09-01 10:10:05,658 - INFO - HTTP Request: POST https://generativelanguage.googleapis.com/v1beta/models/gemini-2.5-pro:generateContent "HTTP/1.1 200 OK"
2026-09-01 10:10:06,339 - INFO - HTTP Request: POST https://generativelanguage.googleapis.com/v1beta/models/gemini-2.5-pro:generateContent "HTTP/1.1 200 OK"
2026-09-01 10:10:08,417 - INFO - HTTP Request: POST https://generativelanguage.googleapis.com/v1beta/models/gemini-2.5-pro:generateContent "HTTP/1.1 200 OK"
2026-09-01 10:10:09,898 - INFO - HTTP Request: POST https://generativelanguage.googleapis.com/v1beta/models/gemini-2.5-pro:generateContent "HTTP/1.1 200 OK"
2026-09-01 10:10:10,813 - INFO - HTTP Request: POST https://generativelanguage.googleapis.com/v1beta/models/gemini-2.5-pro:generateContent "HTTP/1.1 200 OK"
2026-09-01 10:10:11,152 - INFO - HTTP Request: POST https://generativelanguage.googleapis.com/v1beta/models/gemini-2.5-pro:generateContent "HTTP/1.1 200 OK"
2026-09-01 10:10:14,952 - INFO - HTTP Request: POST https://generativelanguage.googleapis.com/v1beta/models/gemini-2.5-pro:generateContent "HTTP/1.1 200 OK"
2026-09-01 10:10:14,961 - INFO - [HU] Waiting 10.0s before next Agent 2 window…
2026-09-01 10:10:24,964 - INFO - [HU] Agent 2 window 200-209 (10 batches)
2026-09-01 10:10:25,028 - INFO - AFC is enabled with max remote calls: 10.
2026-09-01 10:10:25,031 - INFO - AFC is enabled with max remote calls: 10.
2026-09-01 10:10:25,032 - INFO - AFC is enabled with max remote calls: 10.
2026-09-01 10:10:25,033 - INFO - AFC is enabled with max remote calls: 10.
2026-09-01 10:10:25,034 - INFO - AFC is enabled with max remote calls: 10.
2026-09-01 10:10:25,036 - INFO - AFC is enabled with max remote calls: 10.
2026-09-01 10:10:25,037 - INFO - AFC is enabled with max remote calls: 10.
2026-09-01 10:10:25,038 - INFO - AFC is enabled with max remote calls: 10.
2026-09-01 10:10:25,039 - INFO - AFC is enabled with max remote calls: 10.
2026-09-01 10:10:25,040 - INFO - AFC is enabled with max remote calls: 10.
2026-09-01 10:10:40,810 - INFO - HTTP Request: POST https://generativelanguage.googleapis.com/v1beta/models/gemini-2.5-pro:generateContent "HTTP/1.1 200 OK"
2026-09-01 10:10:41,245 - INFO - HTTP Request: POST https://generativelanguage.googleapis.com/v1beta/models/gemini-2.5-pro:generateContent "HTTP/1.1 200 OK"
2026-09-01 10:10:42,606 - INFO - HTTP Request: POST https://generativelanguage.googleapis.com/v1beta/models/gemini-2.5-pro:generateContent "HTTP/1.1 200 OK"
2026-09-01 10:10:43,236 - INFO - HTTP Request: POST https://generativelanguage.googleapis.com/v1beta/models/gemini-2.5-pro:generateContent "HTTP/1.1 200 OK"
2026-09-01 10:10:43,603 - INFO - HTTP Request: POST https://generativelanguage.googleapis.com/v1beta/models/gemini-2.5-pro:generateContent "HTTP/1.1 200 OK"
2026-09-01 10:10:45,684 - INFO - HTTP Request: POST https://generativelanguage.googleapis.com/v1beta/models/gemini-2.5-pro:generateContent "HTTP/1.1 200 OK"
2026-09-01 10:10:45,788 - INFO - HTTP Request: POST https://generativelanguage.googleapis.com/v1beta/models/gemini-2.5-pro:generateContent "HTTP/1.1 200 OK"
2026-09-01 10:10:49,043 - INFO - HTTP Request: POST https://generativelanguage.googleapis.com/v1beta/models/gemini-2.5-pro:generateContent "HTTP/1.1 200 OK"
2026-09-01 10:10:51,540 - INFO - HTTP Request: POST https://generativelanguage.googleapis.com/v1beta/models/gemini-2.5-pro:generateContent "HTTP/1.1 200 OK"
2026-09-01 10:10:59,676 - INFO - HTTP Request: POST https://generativelanguage.googleapis.com/v1beta/models/gemini-2.5-pro:generateContent "HTTP/1.1 200 OK"
2026-09-01 10:10:59,692 - INFO - [HU] Waiting 10.0s before next Agent 2 window…
2026-09-01 10:11:09,698 - INFO - [HU] Agent 2 window 210-219 (10 batches)
2026-09-01 10:11:09,798 - INFO - AFC is enabled with max remote calls: 10.
2026-09-01 10:11:09,802 - INFO - AFC is enabled with max remote calls: 10.
2026-09-01 10:11:09,804 - INFO - AFC is enabled with max remote calls: 10.
2026-09-01 10:11:09,812 - INFO - AFC is enabled with max remote calls: 10.
2026-09-01 10:11:09,814 - INFO - AFC is enabled with max remote calls: 10.
2026-09-01 10:11:09,815 - INFO - AFC is enabled with max remote calls: 10.
2026-09-01 10:11:09,817 - INFO - AFC is enabled with max remote calls: 10.
2026-09-01 10:11:09,819 - INFO - AFC is enabled with max remote calls: 10.
2026-09-01 10:11:09,820 - INFO - AFC is enabled with max remote calls: 10.
2026-09-01 10:11:09,822 - INFO - AFC is enabled with max remote calls: 10.
2026-09-01 10:11:26,418 - INFO - HTTP Request: POST https://generativelanguage.googleapis.com/v1beta/models/gemini-2.5-pro:generateContent "HTTP/1.1 200 OK"
2026-09-01 10:11:30,196 - INFO - HTTP Request: POST https://generativelanguage.googleapis.com/v1beta/models/gemini-2.5-pro:generateContent "HTTP/1.1 200 OK"
2026-09-01 10:11:30,382 - INFO - HTTP Request: POST https://generativelanguage.googleapis.com/v1beta/models/gemini-2.5-pro:generateContent "HTTP/1.1 200 OK"
2026-09-01 10:11:31,111 - INFO - HTTP Request: POST https://generativelanguage.googleapis.com/v1beta/models/gemini-2.5-pro:generateContent "HTTP/1.1 200 OK"
2026-09-01 10:11:31,739 - INFO - HTTP Request: POST https://generativelanguage.googleapis.com/v1beta/models/gemini-2.5-pro:generateContent "HTTP/1.1 200 OK"
2026-09-01 10:11:32,173 - INFO - HTTP Request: POST https://generativelanguage.googleapis.com/v1beta/models/gemini-2.5-pro:generateContent "HTTP/1.1 200 OK"
2026-09-01 10:11:34,229 - INFO - HTTP Request: POST https://generativelanguage.googleapis.com/v1beta/models/gemini-2.5-pro:generateContent "HTTP/1.1 200 OK"
2026-09-01 10:11:35,801 - INFO - HTTP Request: POST https://generativelanguage.googleapis.com/v1beta/models/gemini-2.5-pro:generateContent "HTTP/1.1 200 OK"
2026-09-01 10:11:37,452 - INFO - HTTP Request: POST https://generativelanguage.googleapis.com/v1beta/models/gemini-2.5-pro:generateContent "HTTP/1.1 200 OK"
2026-09-01 10:11:45,926 - INFO - HTTP Request: POST https://generativelanguage.googleapis.com/v1beta/models/gemini-2.5-pro:generateContent "HTTP/1.1 200 OK"
2026-09-01 10:11:45,945 - INFO - [HU] Waiting 10.0s before next Agent 2 window…
2026-09-01 10:11:55,953 - INFO - [HU] Agent 2 window 220-229 (10 batches)
2026-09-01 10:11:56,026 - INFO - AFC is enabled with max remote calls: 10.
2026-09-01 10:11:56,030 - INFO - AFC is enabled with max remote calls: 10.
2026-09-01 10:11:56,031 - INFO - AFC is enabled with max remote calls: 10.
2026-09-01 10:11:56,033 - INFO - AFC is enabled with max remote calls: 10.
2026-09-01 10:11:56,035 - INFO - AFC is enabled with max remote calls: 10.
2026-09-01 10:11:56,036 - INFO - AFC is enabled with max remote calls: 10.
2026-09-01 10:11:56,038 - INFO - AFC is enabled with max remote calls: 10.
2026-09-01 10:11:56,039 - INFO - AFC is enabled with max remote calls: 10.
2026-09-01 10:11:56,041 - INFO - AFC is enabled with max remote calls: 10.
2026-09-01 10:11:56,042 - INFO - AFC is enabled with max remote calls: 10.
2026-09-01 10:12:15,994 - INFO - HTTP Request: POST https://generativelanguage.googleapis.com/v1beta/models/gemini-2.5-pro:generateContent "HTTP/1.1 200 OK"
2026-09-01 10:12:17,017 - INFO - HTTP Request: POST https://generativelanguage.googleapis.com/v1beta/models/gemini-2.5-pro:generateContent "HTTP/1.1 200 OK"
2026-09-01 10:12:17,032 - INFO - HTTP Request: POST https://generativelanguage.googleapis.com/v1beta/models/gemini-2.5-pro:generateContent "HTTP/1.1 200 OK"
2026-09-01 10:12:19,604 - INFO - HTTP Request: POST https://generativelanguage.googleapis.com/v1beta/models/gemini-2.5-pro:generateContent "HTTP/1.1 200 OK"
2026-09-01 10:12:19,911 - INFO - HTTP Request: POST https://generativelanguage.googleapis.com/v1beta/models/gemini-2.5-pro:generateContent "HTTP/1.1 200 OK"
2026-09-01 10:12:20,967 - INFO - HTTP Request: POST https://generativelanguage.googleapis.com/v1beta/models/gemini-2.5-pro:generateContent "HTTP/1.1 200 OK"
2026-09-01 10:12:23,624 - INFO - HTTP Request: POST https://generativelanguage.googleapis.com/v1beta/models/gemini-2.5-pro:generateContent "HTTP/1.1 200 OK"
2026-09-01 10:12:23,629 - INFO - HTTP Request: POST https://generativelanguage.googleapis.com/v1beta/models/gemini-2.5-pro:generateContent "HTTP/1.1 200 OK"
2026-09-01 10:12:23,784 - INFO - HTTP Request: POST https://generativelanguage.googleapis.com/v1beta/models/gemini-2.5-pro:generateContent "HTTP/1.1 200 OK"
2026-09-01 10:12:27,002 - INFO - HTTP Request: POST https://generativelanguage.googleapis.com/v1beta/models/gemini-2.5-pro:generateContent "HTTP/1.1 200 OK"
2026-09-01 10:12:27,010 - INFO - [HU] Waiting 10.0s before next Agent 2 window…
2026-09-01 10:12:37,014 - INFO - [HU] Agent 2 window 230-239 (10 batches)
2026-09-01 10:12:37,080 - INFO - AFC is enabled with max remote calls: 10.
2026-09-01 10:12:37,082 - INFO - AFC is enabled with max remote calls: 10.
2026-09-01 10:12:37,084 - INFO - AFC is enabled with max remote calls: 10.
2026-09-01 10:12:37,087 - INFO - AFC is enabled with max remote calls: 10.
2026-09-01 10:12:37,088 - INFO - AFC is enabled with max remote calls: 10.
2026-09-01 10:12:37,089 - INFO - AFC is enabled with max remote calls: 10.
2026-09-01 10:12:37,091 - INFO - AFC is enabled with max remote calls: 10.
2026-09-01 10:12:37,092 - INFO - AFC is enabled with max remote calls: 10.
2026-09-01 10:12:37,097 - INFO - AFC is enabled with max remote calls: 10.
2026-09-01 10:12:37,099 - INFO - AFC is enabled with max remote calls: 10.
2026-09-01 10:13:04,971 - INFO - HTTP Request: POST https://generativelanguage.googleapis.com/v1beta/models/gemini-2.5-pro:generateContent "HTTP/1.1 200 OK"
2026-09-01 10:13:11,414 - INFO - HTTP Request: POST https://generativelanguage.googleapis.com/v1beta/models/gemini-2.5-pro:generateContent "HTTP/1.1 200 OK"
2026-09-01 10:13:12,114 - INFO - HTTP Request: POST https://generativelanguage.googleapis.com/v1beta/models/gemini-2.5-pro:generateContent "HTTP/1.1 200 OK"
2026-09-01 10:13:17,375 - INFO - HTTP Request: POST https://generativelanguage.googleapis.com/v1beta/models/gemini-2.5-pro:generateContent "HTTP/1.1 200 OK"
2026-09-01 10:13:18,858 - INFO - HTTP Request: POST https://generativelanguage.googleapis.com/v1beta/models/gemini-2.5-pro:generateContent "HTTP/1.1 200 OK"
2026-09-01 10:13:19,414 - INFO - HTTP Request: POST https://generativelanguage.googleapis.com/v1beta/models/gemini-2.5-pro:generateContent "HTTP/1.1 200 OK"
2026-09-01 10:13:19,590 - INFO - HTTP Request: POST https://generativelanguage.googleapis.com/v1beta/models/gemini-2.5-pro:generateContent "HTTP/1.1 200 OK"
2026-09-01 10:13:23,459 - INFO - HTTP Request: POST https://generativelanguage.googleapis.com/v1beta/models/gemini-2.5-pro:generateContent "HTTP/1.1 200 OK"
2026-09-01 10:13:26,562 - INFO - HTTP Request: POST https://generativelanguage.googleapis.com/v1beta/models/gemini-2.5-pro:generateContent "HTTP/1.1 200 OK"
2026-09-01 10:13:26,907 - INFO - HTTP Request: POST https://generativelanguage.googleapis.com/v1beta/models/gemini-2.5-pro:generateContent "HTTP/1.1 200 OK"
2026-09-01 10:13:26,908 - INFO - [HU] Waiting 10.0s before next Agent 2 window…
2026-09-01 10:13:36,915 - INFO - [HU] Agent 2 window 240-249 (10 batches)
2026-09-01 10:13:36,998 - INFO - AFC is enabled with max remote calls: 10.
2026-09-01 10:13:37,000 - INFO - AFC is enabled with max remote calls: 10.
2026-09-01 10:13:37,002 - INFO - AFC is enabled with max remote calls: 10.
2026-09-01 10:13:37,003 - INFO - AFC is enabled with max remote calls: 10.
2026-09-01 10:13:37,005 - INFO - AFC is enabled with max remote calls: 10.
2026-09-01 10:13:37,006 - INFO - AFC is enabled with max remote calls: 10.
2026-09-01 10:13:37,007 - INFO - AFC is enabled with max remote calls: 10.
2026-09-01 10:13:37,008 - INFO - AFC is enabled with max remote calls: 10.
2026-09-01 10:13:37,010 - INFO - AFC is enabled with max remote calls: 10.
2026-09-01 10:13:37,011 - INFO - AFC is enabled with max remote calls: 10.
2026-09-01 10:13:51,765 - INFO - HTTP Request: POST https://generativelanguage.googleapis.com/v1beta/models/gemini-2.5-pro:generateContent "HTTP/1.1 200 OK"
2026-09-01 10:13:53,804 - INFO - HTTP Request: POST https://generativelanguage.googleapis.com/v1beta/models/gemini-2.5-pro:generateContent "HTTP/1.1 200 OK"
2026-09-01 10:13:54,117 - INFO - HTTP Request: POST https://generativelanguage.googleapis.com/v1beta/models/gemini-2.5-pro:generateContent "HTTP/1.1 200 OK"
2026-09-01 10:13:56,615 - INFO - HTTP Request: POST https://generativelanguage.googleapis.com/v1beta/models/gemini-2.5-pro:generateContent "HTTP/1.1 200 OK"
2026-09-01 10:13:59,010 - INFO - HTTP Request: POST https://generativelanguage.googleapis.com/v1beta/models/gemini-2.5-pro:generateContent "HTTP/1.1 200 OK"
2026-09-01 10:14:01,728 - INFO - HTTP Request: POST https://generativelanguage.googleapis.com/v1beta/models/gemini-2.5-pro:generateContent "HTTP/1.1 200 OK"
2026-09-01 10:14:03,063 - INFO - HTTP Request: POST https://generativelanguage.googleapis.com/v1beta/models/gemini-2.5-pro:generateContent "HTTP/1.1 200 OK"
2026-09-01 10:14:07,949 - INFO - HTTP Request: POST https://generativelanguage.googleapis.com/v1beta/models/gemini-2.5-pro:generateContent "HTTP/1.1 200 OK"
2026-09-01 10:14:08,011 - INFO - HTTP Request: POST https://generativelanguage.googleapis.com/v1beta/models/gemini-2.5-pro:generateContent "HTTP/1.1 200 OK"
2026-09-01 10:14:13,029 - INFO - HTTP Request: POST https://generativelanguage.googleapis.com/v1beta/models/gemini-2.5-pro:generateContent "HTTP/1.1 200 OK"
2026-09-01 10:14:13,107 - INFO - [HU] Agent 3 (consolidator) - starting
2026-09-01 10:14:13,108 - INFO - [A3][HU] SYSTEM PROMPT (first batch only):
# AGENT 3 — LANGUAGE‑LEVEL CONSOLIDATOR (SYSTEM PROMPT)

## ROLE & MISSION

You are **Agent 3: Language‑Level Consolidator**. Your mission is to read the **finalized, per‑section issues** (already validated by a prior pass) and produce **one concise, language‑level** `overall_feedback` for the entire corpus.

* You output **only** the `overall_feedback` object: a **Summary** (error patterns) and an **Action Plan** (preventive steps).
* You **must not** add, remove, reclassify, or rescore any issues. You **do not** arbitrate or fact‑check external information.
* Treat the provided issues as the **single source of truth**; identify patterns and prioritize them by impact.


---

## SCOPE — WHAT TO DO / WHAT NOT TO DO

**Do:**

* Consolidate repeated problems into **patterns** (by category, rule, or recurrent surface form).
* **Prioritize** patterns by **impact**: total penalty points (APT) first, then severity mix and frequency.
* Provide **clear, actionable** preventive steps that map to the patterns.
* Optionally include **brief, representative evidence** (≤12 words, paraphrased) to anchor each pattern.

**Do Not:**

* Modify, add, or remove individual issues.
* Change categories, severities, or points.
* Introduce **new** errors not evidenced in the input.
* Perform external fact‑checking or comment on other agents.

---

## INPUTS

* `Lang`: short language code (e.g., FR, DE).
* `Rollup`: machine‑computed aggregation for this language. Example fields:

  ```json
  {
    "ewt": 12345,
    "apt": 78,
    "pwpt": 0.0063,
    "mqm": 93.7,
    "critical_count": 0,
    "severity_counts": {"Minor": 40, "Major": 12, "Critical": 0},
    "category_points": [
      {"category":"Compliance","points":32},
      {"category":"Punctuation/Spelling/Typos","points":21},
      {"category":"Accuracy","points":18}
    ],
    "top_urls_by_points": [
      {"url":"/routes/..1.html","points":9},
      {"url":"/routes/..2.html","points":8}
    ]
  }
  ```
* `Final_issues`: **array** of finalized issues (Agent 2 output), each like:

  ```json
  {
    "url": "/routes/abc/example.html",
    "type_of_issue": "Compliance",
    "severity": "Major",
    "score_deduction": 3,
    "issue": "Metric conversion missing in a metric locale.",
    "text": "…short snippet…",
    "updated_sentence": "…"
  }
  ```

---

## CONSOLIDATION RULES

1. **Pattern mining:** Group by `type_of_issue`, then look for recurring surfaces (e.g., *km/h vs mph*, French NBSP before `:`, brand/proper‑noun casing, headings ending with a period).
2. **Prioritization:** Order the **Summary** bullets by **total category points** (highest first). Within a bullet, you may reference typical triggers (e.g., *mph shown without km/h*).
3. **Evidence:** If helpful, include a minimal parenthetical hint (≤12 words, paraphrased) and/or mention representative URLs with high points (at most two distinct URLs across the whole summary).
4. **Taxonomy fidelity:** Use the existing categories strictly (e.g., currency *what* = **Accuracy**; currency *format/how* = **Compliance**; brand casing = **Compliance**; French NBSP = **Punctuation/Spelling/Typos**).
5. **No new findings:** Do not infer new errors. If a pattern is not supported by the provided issues, omit it.

---

## OUTPUT CONTRACT (RETURN THIS OBJECT ONLY)

Return **only** this JSON object:

```json
{
  "overall_feedback": {
    "summary": [
      "<1 sentence per pattern; highest‑impact first>",
      "<… 2–10 bullets total …>"
    ],
    "action_plan": [
      "<One preventive step per pattern; imperative, testable>",
      "<… 2–10 bullets total …>"
    ]
  }
}
```

**Formatting constraints:**

* 2–10 bullets for **summary**, 2–10 bullets for **action\_plan**.
* Each bullet ≤ 250 characters; avoid duplication; no meta‑commentary.
* No code fences, no extra keys, no trailing text.

---

## STYLE GUIDANCE FOR BULLETS

* **Summary:** `[Category]` + the recurring rule breach + brief impact. Optionally add a short parenthetical cue, e.g., `(FR: NBSP before ':' missing)`.
* **Action plan:** imperative, owner‑agnostic; specify **what to check** and **where** (e.g., *"Add a unit‑conversion linter for metric locales (mph→km/h)."*).

---

## FINAL SELF‑CHECK

1. Did I **only** output the `overall_feedback` object?
2. Are bullets prioritized by **impact** (points → severity → frequency)?
3. Did I avoid inventing new issues or changing any categories/severities?
4. Are bullets concise, objective, and mapped to the observed patterns?



2026-09-01 10:14:13,109 - INFO - [A3][HU] USER PROMPT (first batch only):
Language: HU

Roll‑up (JSON):
{
  "lang": "HU",
  "ewt": 16240,
  "total_findings": 210,
  "severity_counts": {
    "Minor": 174,
    "Major": 36
  },
  "points_by_category": {
    "Grammar": 47,
    "Punctuation/Spelling/Typos": 63,
    "Style": 37,
    "Accuracy": 83,
    "Compliance": 49,
    "AI-issues": 3
  },
  "apt": 282,
  "pwpt": 0.017364532019704434,
  "mqm": 82.63546798029557,
  "top_urls_by_issue_count": [
    {
      "url": "https://www.skyscanner.hu/autokolcsonzes-itt/autokolcsonzes-itt-isztambul/27542903.html",
      "count": 7
    },
    {
      "url": "https://www.skyscanner.hu/autokolcsonzes-itt/autokolcsonzes-itt-toronto/27536640.html",
      "count": 7
    },
    {
      "url": "https://www.skyscanner.hu/autokolcsonzes-itt/autokolcsonzes-itt-gdansk/27541787.html",
      "count": 7
    },
    {
      "url": "https://www.skyscanner.hu/autokolcsonzes-itt/autokolcsonzes-itt-berlin/27547053.html",
      "count": 6
    },
    {
      "url": "https://www.skyscanner.hu/autokolcsonzes-itt/autokolcsonzes-itt-hersonissos/38308313.html",
      "count": 6
    },
    {
      "url": "https://www.skyscanner.hu/autokolcsonzes-itt/autokolcsonzes-itt-malmo/27536188.html",
      "count": 6
    },
    {
      "url": "https://www.skyscanner.hu/autokolcsonzes-itt/autokolcsonzes-itt-split/27547071.html",
      "count": 6
    },
    {
      "url": "https://www.skyscanner.hu/autokolcsonzes-itt/autokolcsonzes-itt-torremolinos/27551021.html",
      "count": 6
    },
    {
      "url": "https://www.skyscanner.hu/autokolcsonzes-itt/autokolcsonzes-itt-glasgow/27541852.html",
      "count": 6
    },
    {
      "url": "https://www.skyscanner.hu/autokolcsonzes-itt/autokolcsonzes-itt-stockholm/27539477.html",
      "count": 6
    }
  ],
  "categories_considered": [
    "Grammar",
    "Compliance",
    "Punctuation/Spelling/Typos",
    "Accuracy",
    "Style",
    "AI-issues"
  ]
}

Final issues (JSON array):
[
  {
    "text": "Ez időkeret lehetővé teszi, hogy a legjobb árakat érd el, miközben rugalmasan tervezheted utazásodat.",
    "issue": "The demonstrative pronoun 'Ez' requires the definite article 'az' before the following noun in standard modern Hungarian.",
    "type_of_issue": "Grammar",
    "solution": "Add the definite article 'az' after 'Ez' for correct grammar.",
    "updated_sentence": "Ez az időkeret lehetővé teszi, hogy a legjobb árakat érd el, miközben rugalmasan tervezheted utazásodat.",
    "severity": "Minor",
    "score_deduction": 1,
    "source_file": "2026-2027-hu-car-hire-city-06.docx",
    "url": "https://www.skyscanner.hu/autokolcsonzes-itt/autokolcsonzes-itt-amszterdam/27536561.html",
    "candidate": "https://www.skyscanner.hu/autokolcsonzes-itt/autokolcsonzes-itt-amszterdam/27536561.html"
  },
  {
    "text": "A város központjában, például Oud-Noordban is számos bérlési lehetőség áll rendelkezésre, noha általában magasabb áron. így könnyen megtalálhatod a számodra legkedvezőbb opciót.",
    "issue": "The sentence incorrectly starts with a lowercase letter following a period.",
    "type_of_issue": "Punctuation/Spelling/Typos",
    "solution": "Capitalize the first letter of the sentence as per standard Hungarian orthography.",
    "updated_sentence": "A város központjában, például Oud-Noordban is számos bérlési lehetőség áll rendelkezésre, noha általában magasabb áron. Így könnyen megtalálhatod a számodra legkedvezőbb opciót.",
    "severity": "Minor",
    "score_deduction": 1,
    "source_file": "2026-2027-hu-car-hire-city-06.docx",
    "url": "https://www.skyscanner.hu/autokolcsonzes-itt/autokolcsonzes-itt-amszterdam/27536561.html",
    "candidate": "https://www.skyscanner.hu/autokolcsonzes-itt/autokolcsonzes-itt-amszterdam/27536561.html"
  },
  {
    "text": "Az autóbérléshez érvényes személyazonosító igazolvány vagy útlevél, valamint érvényes vezetői engedély szükséges, az EU/EGT-n kívüli jogosítványokhoz nem latin betűvel nyomtatva pedig nemzetközi vezetői engedély is kell.",
    "issue": "This complex sentence combines multiple distinct requirements, making it structurally complex and harming scannability.",
    "type_of_issue": "Style",
    "solution": "Split the sentence into two to clearly separate the general requirements from the specific conditional requirement for non-EU/EEA licenses.",
    "updated_sentence": "Az autóbérléshez érvényes személyazonosító igazolvány vagy útlevél, valamint érvényes vezetői engedély szükséges. Az EU/EGT-n kívüli, nem latin betűs jogosítványokhoz nemzetközi vezetői engedély is kell.",
    "severity": "Minor",
    "score_deduction": 1,
    "source_file": "2026-2027-hu-car-hire-city-06.docx",
    "url": "https://www.skyscanner.hu/autokolcsonzes-itt/autokolcsonzes-itt-amszterdam/27536561.html",
    "candidate": "https://www.skyscanner.hu/autokolcsonzes-itt/autokolcsonzes-itt-amszterdam/27536561.html"
  },
  {
    "text": "Autópályákon a sebességhatár 100 km/h, míg autóutakon és vidéki utakon egyaránt 80 km/h a megengedett sebesség. Egyéb utak esetében 50 km/h a korlátozás.",
    "issue": "Hungarian typography requires a non-breaking space between a number and its unit. This pattern repeats for all number-unit pairs in the text (100 km/h, 80 km/h, 50 km/h).",
    "type_of_issue": "Punctuation/Spelling/Typos",
    "solution": "Insert a non-breaking space (NBSP) between the numbers and the 'km/h' unit as per the language style guide.",
    "updated_sentence": "Autópályákon a sebességhatár 100 km/h, míg autóutakon és vidéki utakon egyaránt 80 km/h a megengedett sebesség. Egyéb utak esetében 50 km/h a korlátozás.",
    "severity": "Minor",
    "score_deduction": 1,
    "source_file": "2026-2027-hu-car-hire-city-06.docx",
    "url": "https://www.skyscanner.hu/autokolcsonzes-itt/autokolcsonzes-itt-amszterdam/27536561.html",
    "candidate": "https://www.skyscanner.hu/autokolcsonzes-itt/autokolcsonzes-itt-amszterdam/27536561.html"
  },
  {
    "text": "Az utazásodra megfelelő lehet a kézi váltós Opel Corsa, amelyet az Enterprise kínál napi 10 151 Ft-ért. Az automata BMW 2-Series, a Surprice ajánlatában, szintén népszerű választás, bár kissé drágább, napi 11 158 Ft-ért. Ha a kézi váltós változatot részesíted előnyben, a Toyota Aygo az Alamo-tól 11 364 Ft napidíjjal lehet a jó választás.",
    "issue": "Prices are listed in Hungarian Forint (Ft) for car rentals in Berlin, but the local currency is the Euro (€). This is an accuracy error, as the currency unit does not match the service location.",
    "type_of_issue": "Accuracy",
    "solution": "Replace all prices listed in Ft with the correct amounts in the local currency, Euro (€). Since the correct Euro amounts are not available, placeholders are used in the corrected version.",
    "updated_sentence": "Az utazásodra megfelelő lehet a kézi váltós Opel Corsa, amelyet az Enterprise kínál napi [ÁR] €-ért. Az automata BMW 2-Series, a Surprice ajánlatában, szintén népszerű választás, bár kissé drágább, napi [ÁR] €-ért. Ha a kézi váltós változatot részesíted előnyben, a Toyota Aygo az Alamo-tól [ÁR] € napidíjjal lehet a jó választás.",
    "severity": "Major",
    "score_deduction": 3,
    "source_file": "2026-2027-hu-car-hire-city-06.docx",
    "url": "https://www.skyscanner.hu/autokolcsonzes-itt/autokolcsonzes-itt-berlin/27547053.html",
    "candidate": "https://www.skyscanner.hu/autokolcsonzes-itt/autokolcsonzes-itt-berlin/27547053.html"
  },
  {
    "text": "Ezeket ellentétben Berlini Brandenburg Repülőtéren a költségek magasabbak lehetnek, de a repülőtér közelsége kényelmes alternatívát kínálhat.",
    "issue": "The sentence contains multiple grammatical and spelling errors: incorrect case (\"Ezeket\" instead of \"Ezekkel\"), a missing definite article, incorrect use of an adjectival suffix (\"Berlini\"), and incorrect capitalization of \"Repülőtéren\".",
    "type_of_issue": "Grammar",
    "solution": "Change \"Ezeket\" to \"Ezekkel\", add the definite article \"a\", and correct \"Berlini Brandenburg Repülőtéren\" to \"Berlin Brandenburg repülőtéren\".",
    "updated_sentence": "Ezekkel ellentétben a Berlin Brandenburg repülőtéren a költségek magasabbak lehetnek, de a repülőtér közelsége kényelmes alternatívát kínálhat.",
    "severity": "Major",
    "score_deduction": 3,
    "source_file": "2026-2027-hu-car-hire-city-06.docx",
    "url": "https://www.skyscanner.hu/autokolcsonzes-itt/autokolcsonzes-itt-berlin/27547053.html",
    "candidate": "https://www.skyscanner.hu/autokolcsonzes-itt/autokolcsonzes-itt-berlin/27547053.html"
  },
  {
    "text": "Az Alamo és az Akko Car Rental szintén a vezető szolgáltatók közé tartozik.",
    "issue": "The plural subject ('Az Alamo és az Akko Car Rental') requires a plural verb, but the singular 'tartozik' is used.",
    "type_of_issue": "Grammar",
    "solution": "Change the verb from the singular 'tartozik' to the plural 'tartoznak' to agree with the subject.",
    "updated_sentence": "Az Alamo és az Akko Car Rental szintén a vezető szolgáltatók közé tartoznak.",
    "severity": "Minor",
    "score_deduction": 1,
    "source_file": "2026-2027-hu-car-hire-city-06.docx",
    "url": "https://www.skyscanner.hu/autokolcsonzes-itt/autokolcsonzes-itt-berlin/27547053.html",
    "candidate": "https://www.skyscanner.hu/autokolcsonzes-itt/autokolcsonzes-itt-berlin/27547053.html"
  },
  {
    "text": "Autót vezetni 18 éves kortól lehetséges, míg autót bérelni legalább 21 éves kortól tudsz, de a 25 év alatti sofőrökre sok szolgáltató fiatal sofőr pótdíjat számít fel.",
    "issue": "The compound noun 'fiatalsofőr-pótdíj' (young driver surcharge) is incorrectly written as separate words and is missing a hyphen.",
    "type_of_issue": "Punctuation/Spelling/Typos",
    "solution": "Combine 'fiatalsofőr' and connect it to 'pótdíjat' with a hyphen, forming 'fiatalsofőr-pótdíjat' according to Hungarian orthography rules for multi-word compounds.",
    "updated_sentence": "Autót vezetni 18 éves kortól lehetséges, míg autót bérelni legalább 21 éves kortól tudsz, de a 25 év alatti sofőrökre sok szolgáltató fiatalsofőr-pótdíjat számít fel.",
    "severity": "Minor",
    "score_deduction": 1,
    "source_file": "2026-2027-hu-car-hire-city-06.docx",
    "url": "https://www.skyscanner.hu/autokolcsonzes-itt/autokolcsonzes-itt-berlin/27547053.html",
    "candidate": "https://www.skyscanner.hu/autokolcsonzes-itt/autokolcsonzes-itt-berlin/27547053.html"
  },
  {
    "text": "Autóbérléshez személyazonosító igazolvány vagy érvényes útlevél és vezetői engedély szükséges.",
    "issue": "The compound noun 'személyazonosító igazolvány' is missing a hyphen.",
    "type_of_issue": "Punctuation/Spelling/Typos",
    "solution": "Add a hyphen to form 'személyazonosító-igazolvány' as required by Hungarian orthography rules for compound nouns exceeding six syllables.",
    "updated_sentence": "Autóbérléshez személyazonosító-igazolvány vagy érvényes útlevél és vezetői engedély szükséges.",
    "severity": "Minor",
    "score_deduction": 1,
    "source_file": "2026-2027-hu-car-hire-city-06.docx",
    "url": "https://www.skyscanner.hu/autokolcsonzes-itt/autokolcsonzes-itt-berlin/27547053.html",
    "candidate": "https://www.skyscanner.hu/autokolcsonzes-itt/autokolcsonzes-itt-berlin/27547053.html"
  },
  {
    "text": "Az autópályák személyautók számára díjmentesek, de az 3,5 tonna feletti teherautók és autóbuszok használatáért távolságalapú elektronikus útdíjat (LKW-Maut) kell fizetni, amelyet GPS-rendszeren keresztül követnek.",
    "issue": "The definite article 'az' is used incorrectly before a number ('3,5') that begins with a consonant sound when pronounced ('három'). The correct article is 'a'.",
    "type_of_issue": "Grammar",
    "solution": "Change the definite article from 'az' to 'a'.",
    "updated_sentence": "Az autópályák személyautók számára díjmentesek, de a 3,5 tonna feletti teherautók és autóbuszok használatáért távolságalapú elektronikus útdíjat (LKW-Maut) kell fizetni, amelyet GPS-rendszeren keresztül követnek.",
    "severity": "Minor",
    "score_deduction": 1,
    "source_file": "2026-2027-hu-car-hire-city-06.docx",
    "url": "https://www.skyscanner.hu/autokolcsonzes-itt/autokolcsonzes-itt-berlin/27547053.html",
    "candidate": "https://www.skyscanner.hu/autokolcsonzes-itt/autokolcsonzes-itt-berlin/27547053.html"
  },
  {
    "text": "A legjobb időszak a foglalásra kevesebb mint egy héttel korábban van, így nagyobb eséllyel találhatsz kedvező ajánlatot.",
    "issue": "The phrase \"kevesebb mint egy héttel korábban van\" (is less than a week earlier) is semantically unclear because it does not specify what the booking time is earlier than, which impairs comprehension.",
    "type_of_issue": "Style",
    "solution": "Rephrase the sentence to clarify that the best time to book is less than a week before the trip.",
    "updated_sentence": "A legjobb, ha kevesebb mint egy héttel az utazás előtt foglalsz, így nagyobb eséllyel találhatsz kedvező ajánlatot.",
    "severity": "Major",
    "score_deduction": 3,
    "source_file": "2026-2027-hu-car-hire-city-06.docx",
    "url": "https://www.skyscanner.hu/autokolcsonzes-itt/autokolcsonzes-itt-brusszel/27539565.html",
    "candidate": "https://www.skyscanner.hu/autokolcsonzes-itt/autokolcsonzes-itt-brusszel/27539565.html"
  },
  {
    "text": "Brüsszelben legnépszerűbb autó az Opel Corsa, kisméretű, praktikus és könnyű vele parkolni.",
    "issue": "The definite article 'a' is missing before the superlative adjective 'legnépszerűbb', which is a grammatical requirement in this context.",
    "type_of_issue": "Grammar",
    "solution": "Add the definite article 'a' before 'legnépszerűbb'.",
    "updated_sentence": "Brüsszelben a legnépszerűbb autó az Opel Corsa, kisméretű, praktikus és könnyű vele parkolni.",
    "severity": "Minor",
    "score_deduction": 1,
    "source_file": "2026-2027-hu-car-hire-city-06.docx",
    "url": "https://www.skyscanner.hu/autokolcsonzes-itt/autokolcsonzes-itt-brusszel/27539565.html",
    "candidate": "https://www.skyscanner.hu/autokolcsonzes-itt/autokolcsonzes-itt-brusszel/27539565.html"
  },
  {
    "text": "Az árakat tekintve a belvárosi helyszínek gyakran jobban megéri, mint az olyan repülőterek, mint a Brüsszel National Repülőtér vagy a Brüsszel Charleroi Bru South Repülőtér.",
    "issue": "The verb 'megéri' is in the singular form, but the subject 'a belvárosi helyszínek' is plural, requiring number agreement.",
    "type_of_issue": "Grammar",
    "solution": "Change the verb to its plural form: 'megérik'.",
    "updated_sentence": "Az árakat tekintve a belvárosi helyszínek gyakran jobban megérik, mint az olyan repülőterek, mint a Brüsszel National Repülőtér vagy a Brüsszel Charleroi Bru South Repülőtér.",
    "severity": "Minor",
    "score_deduction": 1,
    "source_file": "2026-2027-hu-car-hire-city-06.docx",
    "url": "https://www.skyscanner.hu/autokolcsonzes-itt/autokolcsonzes-itt-brusszel/27539565.html",
    "candidate": "https://www.skyscanner.hu/autokolcsonzes-itt/autokolcsonzes-itt-brusszel/27539565.html"
  },
  {
    "text": "Bérléskor érvényes személyazonosító igazolványra vagy útlevélre és jogosítványra van szükség, az EU/EGT útlevélhez nem szükséges nemzetközi vezetői engedély, de javasolt egyéb esetekben.",
    "issue": "The text incorrectly states that an International Driving Permit is not required for an EU/EEA passport, when this requirement is tied to the driver's license, not the passport.",
    "type_of_issue": "Accuracy",
    "solution": "Change \"útlevélhez\" (to the passport) to \"jogosítványhoz\" (to the license) to correctly link the requirement to the relevant document.",
    "updated_sentence": "Bérléskor érvényes személyazonosító igazolványra vagy útlevélre és jogosítványra van szükség, az EU/EGT jogosítványhoz nem szükséges nemzetközi vezetői engedély, de javasolt egyéb esetekben.",
    "severity": "Major",
    "score_deduction": 3,
    "source_file": "2026-2027-hu-car-hire-city-06.docx",
    "url": "https://www.skyscanner.hu/autokolcsonzes-itt/autokolcsonzes-itt-brusszel/27539565.html",
    "candidate": "https://www.skyscanner.hu/autokolcsonzes-itt/autokolcsonzes-itt-brusszel/27539565.html"
  },
  {
    "text": "Olcsó autóbérlés Budvában úgy található, ha két héttel korábban foglalsz.",
    "issue": "The passive voice \"úgy található\" (can be found) is inconsistent with the style guide's requirement for a direct and active informal register.",
    "type_of_issue": "Compliance",
    "solution": "Rewrite the sentence using the active voice (\"találhatsz\") to comply with the mandated informal register.",
    "updated_sentence": "Olcsó bérautót Budvában úgy találhatsz, ha két héttel korábban foglalsz.",
    "severity": "Minor",
    "score_deduction": 1,
    "source_file": "2026-2027-hu-car-hire-city-06.docx",
    "url": "https://www.skyscanner.hu/autokolcsonzes-itt/autokolcsonzes-itt-budva/39821995.html",
    "candidate": "https://www.skyscanner.hu/autokolcsonzes-itt/autokolcsonzes-itt-budva/39821995.html"
  },
  {
    "text": "Az addCar kínálatában automata Skoda Scala napi 20 384 Ft-ért érhető el, amely öt férőhellyel és korlátlan kilométerrel rendelkezik.",
    "issue": "The provider name 'addCar' is incorrectly capitalized in lowercase. This error repeats later in the paragraph.",
    "type_of_issue": "Compliance",
    "solution": "Capitalize the provider name to 'AddCar' as it is a proper noun.",
    "updated_sentence": "Az AddCar kínálatában automata Skoda Scala napi 20 384 Ft-ért érhető el, amely öt férőhellyel és korlátlan kilométerrel rendelkezik.",
    "severity": "Minor",
    "score_deduction": 1,
    "source_file": "2026-2027-hu-car-hire-city-06.docx",
    "url": "https://www.skyscanner.hu/autokolcsonzes-itt/autokolcsonzes-itt-budva/39821995.html",
    "candidate": "https://www.skyscanner.hu/autokolcsonzes-itt/autokolcsonzes-itt-budva/39821995.html"
  },
  {
    "text": "A három legnépszerűbb közt találhatók a Localrent, a Surprice és a legnépszerűbb, a driver rent a car.",
    "issue": "The proper name of the car rental company \"driver rent a car\" is written in lowercase, which violates standard capitalization rules for brand names.",
    "type_of_issue": "Compliance",
    "solution": "Capitalize the company name to \"Driver Rent a Car\" as it is a proper noun.",
    "updated_sentence": "A három legnépszerűbb közt találhatók a Localrent, a Surprice és a legnépszerűbb, a Driver Rent a Car.",
    "severity": "Minor",
    "score_deduction": 1,
    "source_file": "2026-2027-hu-car-hire-city-06.docx",
    "url": "https://www.skyscanner.hu/autokolcsonzes-itt/autokolcsonzes-itt-budva/39821995.html",
    "candidate": "https://www.skyscanner.hu/autokolcsonzes-itt/autokolcsonzes-itt-budva/39821995.html"
  },
  {
    "text": "A vidéki utakon 80 km/h a maximális sebesség, míg a többi úton 50 km/h sebességgel közlekedhetsz.",
    "issue": "The sentence inconsistently mixes a neutral third-person statement with the required informal second-person register ('közlekedhetsz'). This register inconsistency occurs throughout the paragraph, violating the style guide.",
    "type_of_issue": "Compliance",
    "solution": "Rewrite the sentence and the paragraph to consistently use the informal second-person ('tegeződés') register.",
    "updated_sentence": "A vidéki utakon 80 km/h-val, a többi úton pedig 50 km/h-val közlekedhetsz.",
    "severity": "Minor",
    "score_deduction": 1,
    "source_file": "2026-2027-hu-car-hire-city-06.docx",
    "url": "https://www.skyscanner.hu/autokolcsonzes-itt/autokolcsonzes-itt-budva/39821995.html",
    "candidate": "https://www.skyscanner.hu/autokolcsonzes-itt/autokolcsonzes-itt-budva/39821995.html"
  },
  {
    "text": "Az autópályákon és a gyorsforgalmi utakon a megengedett sebességhatár 100 km/h.",
    "issue": "There is no space between the number and the unit 'km/h', which is required by Hungarian typographic rules. This pattern repeats for all speed limits mentioned.",
    "type_of_issue": "Punctuation/Spelling/Typos",
    "solution": "Add a space between the number and the unit.",
    "updated_sentence": "Az autópályákon és a gyorsforgalmi utakon a megengedett sebességhatár 100 km/h.",
    "severity": "Minor",
    "score_deduction": 1,
    "source_file": "2026-2027-hu-car-hire-city-06.docx",
    "url": "https://www.skyscanner.hu/autokolcsonzes-itt/autokolcsonzes-itt-budva/39821995.html",
    "candidate": "https://www.skyscanner.hu/autokolcsonzes-itt/autokolcsonzes-itt-budva/39821995.html"
  },
  {
    "text": "Brüsszel Charleroi Bru South Repülőtéren több autóbérlési helyszín áll rendelkezésedre, ahol felveheted a bérelt autót.",
    "issue": "The airport name 'Brüsszel Charleroi Bru South' contains the redundant and incorrect element 'Bru'.",
    "type_of_issue": "Compliance",
    "solution": "Remove the redundant element 'Bru' from the airport name for correctness.",
    "updated_sentence": "Brüsszel Charleroi South Repülőtéren több autóbérlési helyszín áll rendelkezésedre, ahol felveheted a bérelt autót.",
    "severity": "Minor",
    "score_deduction": 1,
    "source_file": "2026-2027-hu-car-hire-city-06.docx",
    "url": "https://www.skyscanner.hu/autokolcsonzes-itt/autokolcsonzes-itt-charleroi/27539919.html",
    "candidate": "https://www.skyscanner.hu/autokolcsonzes-itt/autokolcsonzes-itt-charleroi/27539919.html"
  },
  {
    "text": "A kezdeti árak alapján az árak az ilyen repülőtéri felvétel esetében nagyjából összehasonlíthatók a városközponti átvétellel.",
    "issue": "The sentence is stylistically flawed due to the redundant phrasing 'A kezdeti árak alapján az árak...' (Based on the initial prices, the prices...).",
    "type_of_issue": "Style",
    "solution": "Rephrase the beginning of the sentence to eliminate the tautological repetition of 'árak' (prices).",
    "updated_sentence": "A repülőtéri felvétel kezdeti árai nagyjából összehasonlíthatók a városközponti átvétellel.",
    "severity": "Minor",
    "score_deduction": 1,
    "source_file": "2026-2027-hu-car-hire-city-06.docx",
    "url": "https://www.skyscanner.hu/autokolcsonzes-itt/autokolcsonzes-itt-charleroi/27539919.html",
    "candidate": "https://www.skyscanner.hu/autokolcsonzes-itt/autokolcsonzes-itt-charleroi/27539919.html"
  },
  {
    "text": "Ezen a repülőtéren számos lehetőséged van kényelmesen átvenni az autót, ha a repülőtér környéki átvételre esik a választásod.",
    "issue": "The sentence is tautological because the conditional clause 'if you choose to pick up around the airport' repeats information already present in the main clause.",
    "type_of_issue": "Style",
    "solution": "Remove the redundant conditional clause to make the sentence more direct and clear.",
    "updated_sentence": "Ezen a repülőtéren számos lehetőséged van kényelmesen átvenni az autót.",
    "severity": "Minor",
    "score_deduction": 1,
    "source_file": "2026-2027-hu-car-hire-city-06.docx",
    "url": "https://www.skyscanner.hu/autokolcsonzes-itt/autokolcsonzes-itt-charleroi/27539919.html",
    "candidate": "https://www.skyscanner.hu/autokolcsonzes-itt/autokolcsonzes-itt-charleroi/27539919.html"
  },
  {
    "text": "Charleroi-ban hat autókölcsönző szolgáltató közül választhatsz. A legnépszerűbb szolgáltató a Keddy By Europcar, de a listán szerepel még az Enterprise és a Hertz is. A kölcsönzés minimális életkora 21 év, bár sok szolgáltató fiatal sofőrökre vonatkozó felárat alkalmaz 25 év alatt. A vezetői engedély birtoklása már 18 éves kortól lehetséges. Bérléskor személyazonosító igazolvány vagy útlevél és érvényes vezetői engedély szükséges; EU-s vagy EGT-s jogosítványokhoz nem, de más látogatóknak javasolt a nemzetközi vezetői engedély.",
    "issue": "The single body paragraph combines multiple distinct topics (providers, age limits, documentation), which makes the text dense and difficult to scan.",
    "type_of_issue": "Style",
    "solution": "Split the text into three separate, focused paragraphs based on the topic to improve readability and scannability.",
    "updated_sentence": "Charleroi-ban hat autókölcsönző szolgáltató közül választhatsz. A legnépszerűbb szolgáltató a Keddy By Europcar, de a listán szerepel még az Enterprise és a Hertz is.\n\nA kölcsönzés minimális életkora 21 év, bár sok szolgáltató fiatal sofőrökre vonatkozó felárat alkalmaz 25 év alatt. A vezetői engedély birtoklása már 18 éves kortól lehetséges.\n\nBérléskor személyazonosító igazolvány vagy útlevél és érvényes vezetői engedély szükséges; EU-s vagy EGT-s jogosítványokhoz nem, de más látogatóknak javasolt a nemzetközi vezetői engedély.",
    "severity": "Minor",
    "score_deduction": 1,
    "source_file": "2026-2027-hu-car-hire-city-06.docx",
    "url": "https://www.skyscanner.hu/autokolcsonzes-itt/autokolcsonzes-itt-charleroi/27539919.html",
    "candidate": "https://www.skyscanner.hu/autokolcsonzes-itt/autokolcsonzes-itt-charleroi/27539919.html"
  },
  {
    "text": "Belgiumban általánosan nincsenek útdíjak autókra, fő kivétel a Antwerpen melletti Liefkenshoektunnel, ahol áthaladási díjat kell fizetni.",
    "issue": "The definite article 'a' is used incorrectly before the proper noun 'Antwerpen', which begins with a vowel.",
    "type_of_issue": "Grammar",
    "solution": "Change the definite article from 'a' to 'az' as per Hungarian grammar rules for words starting with a vowel.",
    "updated_sentence": "Belgiumban általánosan nincsenek útdíjak autókra, fő kivétel az Antwerpen melletti Liefkenshoektunnel, ahol áthaladási díjat kell fizetni.",
    "severity": "Minor",
    "score_deduction": 1,
    "source_file": "2026-2027-hu-car-hire-city-06.docx",
    "url": "https://www.skyscanner.hu/autokolcsonzes-itt/autokolcsonzes-itt-charleroi/27539919.html",
    "candidate": "https://www.skyscanner.hu/autokolcsonzes-itt/autokolcsonzes-itt-charleroi/27539919.html"
  },
  {
    "text": "Bécsben autóbérléskor a legalacsonyabb ár jelenleg 4 043 Ft naponta, míg az éves átlagos napi bérleti díj 19 519 Ft körül van.",
    "issue": "Hungarian typography requires a non-breaking space between numbers and their units. This rule was violated in instances like '4 043 Ft', '19 519 Ft', and '4 héttel'.",
    "type_of_issue": "Compliance",
    "solution": "Add a non-breaking space between numbers and their corresponding units or currency symbols.",
    "updated_sentence": "Bécsben autóbérléskor a legalacsonyabb ár jelenleg 4 043 Ft naponta, míg az éves átlagos napi bérleti díj 19 519 Ft körül van.",
    "severity": "Minor",
    "score_deduction": 1,
    "source_file": "2026-2027-hu-car-hire-city-06.docx",
    "url": "https://www.skyscanner.hu/autokolcsonzes-itt/autokolcsonzes-itt-becs/27547395.html",
    "candidate": "https://www.skyscanner.hu/autokolcsonzes-itt/autokolcsonzes-itt-becs/27547395.html"
  },
  {
    "text": "Az itt található autókölcsönzési lehetőségek ára megegyezik több belvárosi helyszínnel, például az Innere Stadt és Leopoldstadt kerületekkel.",
    "issue": "Inconsistent terminology is used for 'car hire'. The text uses 'autókölcsönzési' (derived from 'car hire company') here, while using 'autóbérlési' (derived from 'car hire') elsewhere in the same paragraph.",
    "type_of_issue": "Compliance",
    "solution": "Change 'autókölcsönzési' to 'autóbérlési' to maintain consistency and align with the glossary term 'autóbérlés' (car hire).",
    "updated_sentence": "Az itt található autóbérlési lehetőségek ára megegyezik több belvárosi helyszínnel, például az Innere Stadt és Leopoldstadt kerületekkel.",
    "severity": "Minor",
    "score_deduction": 1,
    "source_file": "2026-2027-hu-car-hire-city-06.docx",
    "url": "https://www.skyscanner.hu/autokolcsonzes-itt/autokolcsonzes-itt-becs/27547395.html",
    "candidate": "https://www.skyscanner.hu/autokolcsonzes-itt/autokolcsonzes-itt-becs/27547395.html"
  },
  {
    "text": "Bécsben összesen hat autókölcsönző szolgáltató érhető el. Közülük a Dryyve a legnépszerűbb, de a Klasswagen.com és az Auto-Union is a népszerűek között található. Az autóbérléshez a minimum korhatár 21 év, de sok szolgáltató plusz díjat számol fel 25 év alatti bérlőknek. Az autóvezetés minimum életkora 17 év. Az autóbérléshez személyazonosító igazolvány vagy érvényes útlevél, valamint jogosítvány szükséges. Az Európai Unión/EEA-n kívül kibocsátott vagy nem latin betűs jogosítványok esetén nemzetközi vezetői engedély is szükséges.",
    "issue": "The single paragraph combines three distinct topics (providers, age requirements, document requirements), which negatively impacts readability and scannability.",
    "type_of_issue": "Style",
    "solution": "Split the text into three separate, focused paragraphs to improve clarity and structure.",
    "updated_sentence": "Bécsben összesen hat autókölcsönző szolgáltató érhető el. Közülük a Dryyve a legnépszerűbb, de a Klasswagen.com és az Auto-Union is a népszerűek között található.\n\nAz autóbérléshez a minimum korhatár 21 év, de sok szolgáltató plusz díjat számol fel 25 év alatti bérlőknek. Az autóvezetés minimum életkora 17 év.\n\nAz autóbérléshez személyazonosító igazolvány vagy érvényes útlevél, valamint jogosítvány szükséges. Az Európai Unión/EEA-n kívül kibocsátott vagy nem latin betűs jogosítványok esetén nemzetközi vezetői engedély is szükséges.",
    "severity": "Minor",
    "score_deduction": 1,
    "source_file": "2026-2027-hu-car-hire-city-06.docx",
    "url": "https://www.skyscanner.hu/autokolcsonzes-itt/autokolcsonzes-itt-becs/27547395.html",
    "candidate": "https://www.skyscanner.hu/autokolcsonzes-itt/autokolcsonzes-itt-becs/27547395.html"
  },
  {
    "text": "Ausztriában a közlekedés a jobb oldalon zajlik. Az autópályákon a megengedett legnagyobb sebesség 130 km/h, az autóutakon pedig 100 km/h. Vidéki utakon szintén 100 km/h a sebességhatár, míg az egyéb utak esetében ez 50 km/h-ra csökken. Az autópályákra és autóutakra érvényes vignetta matricarendszert alkalmaznak, ami lehet fizikai matrica vagy elektronikus (e-vignette) formában. Emellett bizonyos alagutak és alpesi útvonalak külön díjakhoz kötöttek, melyek távolság függvényében kerülnek kiszámításra.",
    "issue": "The paragraph combines multiple distinct topics (driving side, speed limits, and toll systems), which reduces scannability in an article intended to provide tips.",
    "type_of_issue": "Style",
    "solution": "Split the paragraph into two separate paragraphs, one focusing on traffic rules and speed limits, and the other on tolls and vignettes, to improve readability.",
    "updated_sentence": "Ausztriában a közlekedés a jobb oldalon zajlik. Az autópályákon a megengedett legnagyobb sebesség 130 km/h, az autóutakon pedig 100 km/h. Vidéki utakon szintén 100 km/h a sebességhatár, míg az egyéb utak esetében ez 50 km/h-ra csökken.\n\nAz autópályákra és autóutakra érvényes vignetta matricarendszert alkalmaznak, ami lehet fizikai matrica vagy elektronikus (e-vignette) formában. Emellett bizonyos alagutak és alpesi útvonalak külön díjakhoz kötöttek, melyek távolság függvényében kerülnek kiszámításra.",
    "severity": "Minor",
    "score_deduction": 1,
    "source_file": "2026-2027-hu-car-hire-city-06.docx",
    "url": "https://www.skyscanner.hu/autokolcsonzes-itt/autokolcsonzes-itt-becs/27547395.html",
    "candidate": "https://www.skyscanner.hu/autokolcsonzes-itt/autokolcsonzes-itt-becs/27547395.html"
  },
  {
    "text": "Šipčine, Gorica, Montovjerna, Batala és Ploče területeken is van lehetőség autó felvételére, ahol az árak általában alacsonyabbak Dubrovnik óvárosánál és a repülőtérnél.",
    "issue": "The term 'felvételére' is used for car pick-up, which is inconsistent with 'átvétel' used in the first sentence and specified in the glossary for 'pick-up'.",
    "type_of_issue": "Compliance",
    "solution": "Replace 'felvételére' with the correct and consistent glossary term 'átvételére'.",
    "updated_sentence": "Šipčine, Gorica, Montovjerna, Batala és Ploče területeken is van lehetőség autó átvételére, ahol az árak általában alacsonyabbak Dubrovnik óvárosánál és a repülőtérnél.",
    "severity": "Minor",
    "score_deduction": 1,
    "source_file": "2026-2027-hu-car-hire-city-06.docx",
    "url": "https://www.skyscanner.hu/autokolcsonzes-itt/autokolcsonzes-itt-dubrovnik/39377069.html",
    "candidate": "https://www.skyscanner.hu/autokolcsonzes-itt/autokolcsonzes-itt-dubrovnik/39377069.html"
  },
  {
    "text": "Dubrovnikban összesen hat autókölcsönző szolgáltató érhető el. A legnépszerűbb szolgáltató az AVIA Rent, emellett az addCar és a Green Motion is gyakran választott. Az autóbérléshez a minimális életkor 21 év, de sok szolgáltatónál 25 év alatt fiatal vezetői pótdíjat számolnak fel. Vezetni már 18 éves kortól lehet. Szükséges egy érvényes útlevél vagy személyazonosító igazolvány, valamint egy érvényes vezetői engedély. Az EU/EGT-n kívüli jogosítvánnyal rendelkezőknek nemzetközi vezetői engedély is kell.",
    "issue": "The text uses a neutral, formal register instead of the mandated informal, friendly 'tegeződés' register.",
    "type_of_issue": "Compliance",
    "solution": "Rewrite the paragraph to consistently use the informal 'tegeződés' (second-person singular) register for a more direct and friendly tone.",
    "updated_sentence": "Dubrovnikban összesen hat autókölcsönző közül választhatsz. A legnépszerűbb szolgáltató az AVIA Rent, de az addCar és a Green Motion is népszerű választás. Az autóbérléshez legalább 21 évesnek kell lenned, de sok szolgáltatónál 25 éves kor alatt fiatal vezetői pótdíjat számolnak fel. Vezetni már 18 éves kortól lehet. Szükséged lesz egy érvényes útlevélre vagy személyazonosító igazolványra, valamint egy érvényes vezetői engedélyre. Ha az EU/EGT-n kívülről származó jogosítvánnyal rendelkezel, nemzetközi vezetői engedélyre is szükséged lesz.",
    "severity": "Minor",
    "score_deduction": 1,
    "source_file": "2026-2027-hu-car-hire-city-06.docx",
    "url": "https://www.skyscanner.hu/autokolcsonzes-itt/autokolcsonzes-itt-dubrovnik/39377069.html",
    "candidate": "https://www.skyscanner.hu/autokolcsonzes-itt/autokolcsonzes-itt-dubrovnik/39377069.html"
  },
  {
    "text": "Az autópályákon a megengedett legnagyobb sebesség 130 km/h, míg az autóutakon 110 km/h. Országutakon 90 km/h a sebességhatár, egyéb utakon pedig 50 km/h.",
    "issue": "A regular space is used between a number and its unit instead of a non-breaking space, which violates Hungarian typographic rules. This pattern repeats for all speed limits mentioned.",
    "type_of_issue": "Punctuation/Spelling/Typos",
    "solution": "Replace the regular space with a non-breaking space (NBSP) between all numbers and the 'km/h' unit.",
    "updated_sentence": "Az autópályákon a megengedett legnagyobb sebesség 130 km/h, míg az autóutakon 110 km/h. Országutakon 90 km/h a sebességhatár, egyéb utakon pedig 50 km/h.",
    "severity": "Minor",
    "score_deduction": 1,
    "source_file": "2026-2027-hu-car-hire-city-06.docx",
    "url": "https://www.skyscanner.hu/autokolcsonzes-itt/autokolcsonzes-itt-dubrovnik/39377069.html",
    "candidate": "https://www.skyscanner.hu/autokolcsonzes-itt/autokolcsonzes-itt-dubrovnik/39377069.html"
  },
  {
    "text": "Kisebb helyszínek, mint például Dortmund-Körne West, kedvezőbb árat biztosítanak, míg Dortmund Station és Dortmund-Dorstfeld magasabb árkategóriába esik.",
    "issue": "The compound subject 'Dortmund Station és Dortmund-Dorstfeld' is plural, but the verb 'esik' is in the singular form, which is a subject-verb agreement error.",
    "type_of_issue": "Grammar",
    "solution": "Change the verb 'esik' to its plural form, 'esnek', to agree with the plural subject.",
    "updated_sentence": "Kisebb helyszínek, mint például Dortmund-Körne West, kedvezőbb árat biztosítanak, míg Dortmund Station és Dortmund-Dorstfeld magasabb árkategóriába esnek.",
    "severity": "Minor",
    "score_deduction": 1,
    "source_file": "2026-2027-hu-car-hire-city-06.docx",
    "url": "https://www.skyscanner.hu/autokolcsonzes-itt/autokolcsonzes-itt-dortmund/27540819.html",
    "candidate": "https://www.skyscanner.hu/autokolcsonzes-itt/autokolcsonzes-itt-dortmund/27540819.html"
  },
  {
    "text": "Az autóbérlés minimális életkora 21 év, de sok szolgáltató fiatal vezetői felárat számít fel 25 év alatt.",
    "issue": "The required non-breaking space is missing between numbers and the unit 'év'. This pattern repeats with '18 év'.",
    "type_of_issue": "Punctuation/Spelling/Typos",
    "solution": "Add a non-breaking space between the numbers and the unit 'év' according to Hungarian typographic rules.",
    "updated_sentence": "Az autóbérlés minimális életkora 21 év, de sok szolgáltató fiatal vezetői felárat számít fel 25 év alatt.",
    "severity": "Minor",
    "score_deduction": 1,
    "source_file": "2026-2027-hu-car-hire-city-06.docx",
    "url": "https://www.skyscanner.hu/autokolcsonzes-itt/autokolcsonzes-itt-dortmund/27540819.html",
    "candidate": "https://www.skyscanner.hu/autokolcsonzes-itt/autokolcsonzes-itt-dortmund/27540819.html"
  },
  {
    "text": "Nem-EU-s engedélyek esetén, különösen, ha nem angol nyelvűek, nem latin ábécével nyomtatottak, nemzetközi vezetői engedély is szükséges hat hónapos érvényességgel.",
    "issue": "The sentence lists two conditions separated only by a comma, which is grammatically incomplete.",
    "type_of_issue": "Grammar",
    "solution": "Add the conjunction 'és' (and) between the two parallel conditions for grammatical correctness.",
    "updated_sentence": "Nem-EU-s engedélyek esetén, különösen, ha nem angol nyelvűek és nem latin ábécével nyomtatottak, nemzetközi vezetői engedély is szükséges hat hónapos érvényességgel.",
    "severity": "Minor",
    "score_deduction": 1,
    "source_file": "2026-2027-hu-car-hire-city-06.docx",
    "url": "https://www.skyscanner.hu/autokolcsonzes-itt/autokolcsonzes-itt-dortmund/27540819.html",
    "candidate": "https://www.skyscanner.hu/autokolcsonzes-itt/autokolcsonzes-itt-dortmund/27540819.html"
  },
  {
    "text": "Az autópályákon nincs sebességkorlátozás, de az ajánlott sebesség 130 km/h. Az expressz utakon és a közutakon a sebességhatár 100 km/h, míg egyéb utakon 50 km/h a megengedett sebesség. Az autópályák használata autók számára díjmentes, viszont 3,5 tonnánál nehezebb teherautók és buszok útdíjat fizetnek.",
    "issue": "A space is missing between the number and its unit, which violates Hungarian typography rules. Pattern repeats in similar sentences.",
    "type_of_issue": "Punctuation/Spelling/Typos",
    "solution": "Add a space between the number and the unit in all instances (130 km/h, 100 km/h, 50 km/h, 3,5 tonnánál).",
    "updated_sentence": "Az autópályákon nincs sebességkorlátozás, de az ajánlott sebesség 130 km/h. Az expressz utakon és a közutakon a sebességhatár 100 km/h, míg egyéb utakon 50 km/h a megengedett sebesség. Az autópályák használata autók számára díjmentes, viszont 3,5 tonnánál nehezebb teherautók és buszok útdíjat fizetnek.",
    "severity": "Minor",
    "score_deduction": 1,
    "source_file": "2026-2027-hu-car-hire-city-06.docx",
    "url": "https://www.skyscanner.hu/autokolcsonzes-itt/autokolcsonzes-itt-dortmund/27540819.html",
    "candidate": "https://www.skyscanner.hu/autokolcsonzes-itt/autokolcsonzes-itt-dortmund/27540819.html"
  },
  {
    "text": "Hersonissosban a legkedvezőbb autóbérlési lehetőség jelenleg 9 623 Ft naponta, amely jóval az éves átlagár alatt van. Ideális esetben egy héttel korábban érdemes lefoglalni a járművet a legjobb ajánlatok eléréséhez. Az éves átlagár információ nem elérhető, de a korai foglalás segít kedvezőbb áron bérelni autót.",
    "issue": "The text contains a logical contradiction. The first sentence claims a price is 'well below the annual average price,' while a later sentence states that the 'annual average price information is not available.'",
    "type_of_issue": "Accuracy",
    "solution": "Remove the contradictory clause from the first sentence to resolve the logical inconsistency.",
    "updated_sentence": "Hersonissosban a legkedvezőbb autóbérlési lehetőség jelenleg 9 623 Ft naponta. Ideális esetben egy héttel korábban érdemes lefoglalni a járművet a legjobb ajánlatok eléréséhez. Az éves átlagár információ nem elérhető, de a korai foglalás segít kedvezőbb áron bérelni autót.",
    "severity": "Major",
    "score_deduction": 3,
    "source_file": "2026-2027-hu-car-hire-city-06.docx",
    "url": "https://www.skyscanner.hu/autokolcsonzes-itt/autokolcsonzes-itt-hersonissos/38308313.html",
    "candidate": "https://www.skyscanner.hu/autokolcsonzes-itt/autokolcsonzes-itt-hersonissos/38308313.html"
  },
  {
    "text": "Az ABBYCAR kínálja a kézi váltós Hyundai i10-et, melynek kezdőára napi 9 623 Ft, valamint a kézi váltós Suzuki Swiftet 9 746 Ft-os napi áron.",
    "issue": "The brand name 'ABBYCAR' is incorrectly capitalized in all-caps. This pattern repeats.",
    "type_of_issue": "Compliance",
    "solution": "Correct the casing of the brand name to 'AbbyCar' in all instances.",
    "updated_sentence": "Az AbbyCar kínálja a kézi váltós Hyundai i10-et, melynek kezdőára napi 9 623 Ft, valamint a kézi váltós Suzuki Swiftet 9 746 Ft-os napi áron.",
    "severity": "Minor",
    "score_deduction": 1,
    "source_file": "2026-2027-hu-car-hire-city-06.docx",
    "url": "https://www.skyscanner.hu/autokolcsonzes-itt/autokolcsonzes-itt-hersonissos/38308313.html",
    "candidate": "https://www.skyscanner.hu/autokolcsonzes-itt/autokolcsonzes-itt-hersonissos/38308313.html"
  },
  {
    "text": "Az ABBYCAR kínálja a kézi váltós Hyundai i10-et, melynek kezdőára napi 9 623 Ft, valamint a kézi váltós Suzuki Swiftet 9 746 Ft-os napi áron.",
    "issue": "A regular space is used between a number and the currency unit 'Ft' instead of a non-breaking space, as required by Hungarian typographic rules. This pattern repeats for all prices in the text.",
    "type_of_issue": "Compliance",
    "solution": "Replace the standard space with a non-breaking space (U+00A0) between all numbers and the 'Ft' currency unit.",
    "updated_sentence": "Az ABBYCAR kínálja a kézi váltós Hyundai i10-et, melynek kezdőára napi 9 623 Ft, valamint a kézi váltós Suzuki Swiftet 9 746 Ft-os napi áron.",
    "severity": "Minor",
    "score_deduction": 1,
    "source_file": "2026-2027-hu-car-hire-city-06.docx",
    "url": "https://www.skyscanner.hu/autokolcsonzes-itt/autokolcsonzes-itt-hersonissos/38308313.html",
    "candidate": "https://www.skyscanner.hu/autokolcsonzes-itt/autokolcsonzes-itt-hersonissos/38308313.html"
  },
  {
    "text": "Az árak kezdődnek napi 8 577 Ft-tól, és a kölcsönzés itt általában költséghatékonyabb, mint a város központjában.",
    "issue": "The word order is ungrammatical; the verb \"kezdődnek\" (start) should follow the adverbial phrase it governs, not precede it.",
    "type_of_issue": "Grammar",
    "solution": "Change the word order from \"Az árak kezdődnek ...-tól\" to the correct Hungarian structure \"Az árak ...-tól kezdődnek\".",
    "updated_sentence": "Az árak napi 8 577 Ft-tól kezdődnek, és a kölcsönzés itt általában költséghatékonyabb, mint a város központjában.",
    "severity": "Minor",
    "score_deduction": 1,
    "source_file": "2026-2027-hu-car-hire-city-06.docx",
    "url": "https://www.skyscanner.hu/autokolcsonzes-itt/autokolcsonzes-itt-hersonissos/38308313.html",
    "candidate": "https://www.skyscanner.hu/autokolcsonzes-itt/autokolcsonzes-itt-hersonissos/38308313.html"
  },
  {
    "text": "Az EU/EGT, Svájc, Norvégia, Liechtenstein, Izland, az USA, Kanada, Ausztrália és az Egyesült Királyság jogosítványa esetén nincs szükség nemzetközi vezetői engedélyre.",
    "issue": "The noun 'jogosítványa' (driver's license) is in the singular possessive form, which is ambiguous when referring to licenses from a long list of different countries and regions.",
    "type_of_issue": "Grammar",
    "solution": "Change 'jogosítványa' to the plural possessive form 'jogosítványai' for clarity and correct number agreement with the multiple subjects.",
    "updated_sentence": "Az EU/EGT, Svájc, Norvégia, Liechtenstein, Izland, az USA, Kanada, Ausztrália és az Egyesült Királyság jogosítványai esetén nincs szükség nemzetközi vezetői engedélyre.",
    "severity": "Minor",
    "score_deduction": 1,
    "source_file": "2026-2027-hu-car-hire-city-06.docx",
    "url": "https://www.skyscanner.hu/autokolcsonzes-itt/autokolcsonzes-itt-hersonissos/38308313.html",
    "candidate": "https://www.skyscanner.hu/autokolcsonzes-itt/autokolcsonzes-itt-hersonissos/38308313.html"
  },
  {
    "text": "Az autópályákon a megengedett sebesség 120 km/h, míg az expressz- és országutakon 90 km/h.",
    "issue": "A non-breaking space is required between a number and its unit ('km/h') per Hungarian typography rules. This pattern repeats in the subsequent sentence.",
    "type_of_issue": "Punctuation/Spelling/Typos",
    "solution": "Insert a non-breaking space between the numbers and the 'km/h' unit.",
    "updated_sentence": "Az autópályákon a megengedett sebesség 120 km/h, míg az expressz- és országutakon 90 km/h.",
    "severity": "Minor",
    "score_deduction": 1,
    "source_file": "2026-2027-hu-car-hire-city-06.docx",
    "url": "https://www.skyscanner.hu/autokolcsonzes-itt/autokolcsonzes-itt-hersonissos/38308313.html",
    "candidate": "https://www.skyscanner.hu/autokolcsonzes-itt/autokolcsonzes-itt-hersonissos/38308313.html"
  },
  {
    "text": "Isztambul autóbérlésnél a legkedvezőbb ár napi 5 874 Ft, míg az átlagos éves ár napi 22 152 Ft.",
    "issue": "The proper noun 'Isztambul' is used incorrectly as a modifier for 'autóbérlésnél'; it should be in its adjectival form.",
    "type_of_issue": "Grammar",
    "solution": "Change 'Isztambul' to its correct adjectival form, 'isztambuli'.",
    "updated_sentence": "Isztambuli autóbérlésnél a legkedvezőbb ár napi 5 874 Ft, míg az átlagos éves ár napi 22 152 Ft.",
    "severity": "Minor",
    "score_deduction": 1,
    "source_file": "2026-2027-hu-car-hire-city-06.docx",
    "url": "https://www.skyscanner.hu/autokolcsonzes-itt/autokolcsonzes-itt-isztambul/27542903.html",
    "candidate": "https://www.skyscanner.hu/autokolcsonzes-itt/autokolcsonzes-itt-isztambul/27542903.html"
  },
  {
    "text": "Ha mégis automata váltóra vágysz, a Sixt automata váltós BMW 2-Series modellje 5 874 Ft-nál kezdődik.",
    "issue": "The price of the premium BMW model is illogically lower than the prices of the economy models mentioned in the same paragraph, creating an internal contradiction.",
    "type_of_issue": "Accuracy",
    "solution": "Correct the price to a logically higher value, assuming a typo. Change '5 874 Ft' to '15 874 Ft'.",
    "updated_sentence": "Ha mégis automata váltóra vágysz, a Sixt automata váltós BMW 2-Series modellje 15 874 Ft-nál kezdődik.",
    "severity": "Major",
    "score_deduction": 3,
    "source_file": "2026-2027-hu-car-hire-city-06.docx",
    "url": "https://www.skyscanner.hu/autokolcsonzes-itt/autokolcsonzes-itt-isztambul/27542903.html",
    "candidate": "https://www.skyscanner.hu/autokolcsonzes-itt/autokolcsonzes-itt-isztambul/27542903.html"
  },
  {
    "text": "Az isztambuli autóbérlés során a legkedvezőbb áron az Isztambul Repülőtéren veheted át autódat. Emellett a városközpontban, például Sultanahmet és Kumkapi területén is elérhetőek hasonló árú bérlési lehetőségek. A repülőtéren történő autófelvétel általában kedvezőbb árú a városközponti lehetőségekhez képest, így érdemes ezt mérlegelned. A város különböző pontjain számos autóbérlési helyszín található, így rugalmasan választhatod ki a legmegfelelőbb opciót utazásodhoz.",
    "issue": "The single paragraph combines multiple distinct ideas (airport pickup advantages, city center options, general flexibility), which reduces scannability for web content.",
    "type_of_issue": "Style",
    "solution": "Split the text into two shorter, focused paragraphs to improve readability. The first paragraph should focus on the airport, and the second on other available options.",
    "updated_sentence": "Az isztambuli autóbérlés során a legkedvezőbb áron az Isztambul Repülőtéren veheted át autódat. A repülőtéren történő autófelvétel általában kedvezőbb árú a városközponti lehetőségekhez képest, így érdemes ezt mérlegelned.\n\nEmellett a városközpontban, például Sultanahmet és Kumkapi területén is elérhetőek hasonló árú bérlési lehetőségek. A város különböző pontjain számos autóbérlési helyszín található, így rugalmasan választhatod ki a legmegfelelőbb opciót utazásodhoz.",
    "severity": "Minor",
    "score_deduction": 1,
    "source_file": "2026-2027-hu-car-hire-city-06.docx",
    "url": "https://www.skyscanner.hu/autokolcsonzes-itt/autokolcsonzes-itt-isztambul/27542903.html",
    "candidate": "https://www.skyscanner.hu/autokolcsonzes-itt/autokolcsonzes-itt-isztambul/27542903.html"
  },
  {
    "text": "Az autó bérléséhez legalább 21 évesnek kell lenned, azonban a szolgáltatók többsége 25 év alatt fiatal sofőr felárat számláz.",
    "issue": "The compound noun 'autóbérlés' (car rental) is incorrectly written as two separate words.",
    "type_of_issue": "Punctuation/Spelling/Typos",
    "solution": "Combine 'autó bérléséhez' into the single, correctly spelled compound word 'autóbérléshez'.",
    "updated_sentence": "Az autóbérléshez legalább 21 évesnek kell lenned, azonban a szolgáltatók többsége 25 év alatt fiatal sofőr felárat számláz.",
    "severity": "Minor",
    "score_deduction": 1,
    "source_file": "2026-2027-hu-car-hire-city-06.docx",
    "url": "https://www.skyscanner.hu/autokolcsonzes-itt/autokolcsonzes-itt-isztambul/27542903.html",
    "candidate": "https://www.skyscanner.hu/autokolcsonzes-itt/autokolcsonzes-itt-isztambul/27542903.html"
  },
  {
    "text": "Az autó bérléséhez legalább 21 évesnek kell lenned, azonban a szolgáltatók többsége 25 év alatt fiatal sofőr felárat számláz. A szabványos autókat már 18 éves kortól vezetheted.",
    "issue": "The text presents contradictory information, stating the minimum rental age is 21 while also stating that cars can be driven from age 18, which is misleading in a rental context.",
    "type_of_issue": "Accuracy",
    "solution": "Remove the second sentence about driving from age 18 to resolve the internal contradiction regarding the minimum rental age.",
    "updated_sentence": "Az autóbérléshez legalább 21 évesnek kell lenned, azonban a szolgáltatók többsége 25 év alatt fiatal sofőr felárat számláz.",
    "severity": "Major",
    "score_deduction": 3,
    "source_file": "2026-2027-hu-car-hire-city-06.docx",
    "url": "https://www.skyscanner.hu/autokolcsonzes-itt/autokolcsonzes-itt-isztambul/27542903.html",
    "candidate": "https://www.skyscanner.hu/autokolcsonzes-itt/autokolcsonzes-itt-isztambul/27542903.html"
  },
  {
    "text": "Az autópályákon a megengedett sebességhatár 120 km/h, az autóutakon 110 km/h.",
    "issue": "A space is missing between the numerical value and the 'km/h' unit, which is a violation of Hungarian typographic rules. This pattern repeats for all speed limits in the text.",
    "type_of_issue": "Punctuation/Spelling/Typos",
    "solution": "Insert a space between each number and its corresponding 'km/h' unit.",
    "updated_sentence": "Az autópályákon a megengedett sebességhatár 120 km/h, az autóutakon 110 km/h.",
    "severity": "Minor",
    "score_deduction": 1,
    "source_file": "2026-2027-hu-car-hire-city-06.docx",
    "url": "https://www.skyscanner.hu/autokolcsonzes-itt/autokolcsonzes-itt-isztambul/27542903.html",
    "candidate": "https://www.skyscanner.hu/autokolcsonzes-itt/autokolcsonzes-itt-isztambul/27542903.html"
  },
  {
    "text": "Az ország autópályái és hídjai elektronikus útdíj-rendszerrel működnek, HGS-nek nevezik.",
    "issue": "Incorrect sentence structure; a comma splice is used to connect two independent clauses.",
    "type_of_issue": "Grammar",
    "solution": "Restructure the second clause into a relative clause for correct grammatical connection.",
    "updated_sentence": "Az ország autópályái és hídjai elektronikus útdíj-rendszerrel működnek, amelyet HGS-nek neveznek.",
    "severity": "Minor",
    "score_deduction": 1,
    "source_file": "2026-2027-hu-car-hire-city-06.docx",
    "url": "https://www.skyscanner.hu/autokolcsonzes-itt/autokolcsonzes-itt-isztambul/27542903.html",
    "candidate": "https://www.skyscanner.hu/autokolcsonzes-itt/autokolcsonzes-itt-isztambul/27542903.html"
  },
  {
    "text": "A jelenlegi legolcsóbb ajánlat napi 3 611 Ft, ami jóval kevesebb a éves átlagos napi díjnál, ami 18 550 Ft körül van.",
    "issue": "The definite article 'a' is used before 'éves', a word starting with a vowel, which is grammatically incorrect in Hungarian.",
    "type_of_issue": "Grammar",
    "solution": "Change the definite article 'a' to 'az' to correctly precede a word that begins with a vowel.",
    "updated_sentence": "A jelenlegi legolcsóbb ajánlat napi 3 611 Ft, ami jóval kevesebb az éves átlagos napi díjnál, ami 18 550 Ft körül van.",
    "severity": "Minor",
    "score_deduction": 1,
    "source_file": "2026-2027-hu-car-hire-city-07.docx",
    "url": "https://www.skyscanner.hu/autokolcsonzes-itt/autokolcsonzes-itt-kolozsvar/27539829.html",
    "candidate": "https://www.skyscanner.hu/autokolcsonzes-itt/autokolcsonzes-itt-kolozsvar/27539829.html"
  },
  {
    "text": "A kézi váltós Renault Megane a Green Motion-től napi 3 821 Ft-ért légkondival is rendelkezik.",
    "issue": "The term 'légkondival' is used for 'air conditioning', which deviates from the specified glossary term 'klíma'.",
    "type_of_issue": "Compliance",
    "solution": "Replace 'légkondival' with 'klímával' to conform to the project glossary.",
    "updated_sentence": "A kézi váltós Renault Megane a Green Motion-től napi 3 821 Ft-ért klímával is rendelkezik.",
    "severity": "Minor",
    "score_deduction": 1,
    "source_file": "2026-2027-hu-car-hire-city-07.docx",
    "url": "https://www.skyscanner.hu/autokolcsonzes-itt/autokolcsonzes-itt-kolozsvar/27539829.html",
    "candidate": "https://www.skyscanner.hu/autokolcsonzes-itt/autokolcsonzes-itt-kolozsvar/27539829.html"
  },
  {
    "text": "Kolozsvár legnépszerűbb bérelhető autója a Volkswagen Taigo, praktikus kialakítása és kedvező ár/érték aránya miatt. Ha Kolozsváron keresel autót, a kézi váltós Toyota Aygo az addCar-tól napi 3 611 Ft-ért jó lehetőség kisebb utakra. Szintén kézi váltós az Opel Corsa, amit ugyancsak az addCar kínál 3 651 Ft-ért, tökéletes családoknak. A kézi váltós Renault Megane a Green Motion-től napi 3 821 Ft-ért légkondival is rendelkezik. Mindkét lehetőség korlátlan kilométert biztosít.",
    "issue": "A single paragraph is used for multiple distinct car offers, harming scannability. Additionally, the final sentence ('Mindkét lehetőség...') is ambiguous, failing to specify which two cars offer unlimited mileage.",
    "type_of_issue": "Style",
    "solution": "Restructure the content into separate short paragraphs for each offer. Rewrite the ambiguous final sentence to explicitly name the vehicles it applies to.",
    "updated_sentence": "Kolozsvár legnépszerűbb bérelhető autója a Volkswagen Taigo, praktikus kialakítása és kedvező ár/érték aránya miatt.\n\nHa Kolozsváron keresel autót, a kézi váltós Toyota Aygo az addCar-tól napi 3 611 Ft-ért jó lehetőség kisebb utakra.\n\nSzintén kézi váltós az Opel Corsa, amit ugyancsak az addCar kínál 3 651 Ft-ért, tökéletes családoknak.\n\nA kézi váltós Renault Megane a Green Motion-től napi 3 821 Ft-ért légkondival is rendelkezik. Az Opel Corsa és a Renault Megane is korlátlan kilométert biztosít.",
    "severity": "Major",
    "score_deduction": 3,
    "source_file": "2026-2027-hu-car-hire-city-07.docx",
    "url": "https://www.skyscanner.hu/autokolcsonzes-itt/autokolcsonzes-itt-kolozsvar/27539829.html",
    "candidate": "https://www.skyscanner.hu/autokolcsonzes-itt/autokolcsonzes-itt-kolozsvar/27539829.html"
  },
  {
    "text": "Ha az engedélyt az EU-n kívül állították ki, nem latin karaktereket tartalmaz, akkor nemzetközi vezetői engedély is kell.",
    "issue": "The sentence incorrectly links two conditional clauses with a comma, omitting the required conjunction 'és' (and).",
    "type_of_issue": "Grammar",
    "solution": "Add the conjunction 'és' after the comma to correctly link the two conditions.",
    "updated_sentence": "Ha az engedélyt az EU-n kívül állították ki, és nem latin karaktereket tartalmaz, akkor nemzetközi vezetői engedély is kell.",
    "severity": "Minor",
    "score_deduction": 1,
    "source_file": "2026-2027-hu-car-hire-city-07.docx",
    "url": "https://www.skyscanner.hu/autokolcsonzes-itt/autokolcsonzes-itt-kolozsvar/27539829.html",
    "candidate": "https://www.skyscanner.hu/autokolcsonzes-itt/autokolcsonzes-itt-kolozsvar/27539829.html"
  },
  {
    "text": "Ha kézi váltós autót keresel, érdemes megfontolni a Let's Drive kínálatából a kézi váltós Fiat Pandát napi 12 576 Ft-ért vagy a kézi váltós Citroen C3-t napi 14 650 Ft-ért.",
    "issue": "The accusative case suffix attached to the alphanumeric model name 'C3' is grammatically incorrect as it is missing the required linking vowel.",
    "type_of_issue": "Grammar",
    "solution": "Change the suffix '-t' to '-at' to correctly form the accusative case according to Hungarian suffixation rules for words ending in a consonant sound.",
    "updated_sentence": "Ha kézi váltós autót keresel, érdemes megfontolni a Let's Drive kínálatából a kézi váltós Fiat Pandát napi 12 576 Ft-ért vagy a kézi váltós Citroen C3-at napi 14 650 Ft-ért.",
    "severity": "Minor",
    "score_deduction": 1,
    "source_file": "2026-2027-hu-car-hire-city-07.docx",
    "url": "https://www.skyscanner.hu/autokolcsonzes-itt/autokolcsonzes-itt-kalamata/27543900.html",
    "candidate": "https://www.skyscanner.hu/autokolcsonzes-itt/autokolcsonzes-itt-kalamata/27543900.html"
  },
  {
    "text": "Jelenleg a legolcsóbb autóbérlés napi 13 820 Ft, míg az átlagos éves ár 16 651 Ft körül alakul.",
    "issue": "The currency (Ft/HUF) is incorrect for the location (Malmö, Sweden), where the official currency is the Swedish Krona (SEK).",
    "type_of_issue": "Accuracy",
    "solution": "Change the currency from Ft to SEK to match the location.",
    "updated_sentence": "Jelenleg a legolcsóbb autóbérlés napi 13 820 SEK, míg az átlagos éves ár 16 651 SEK körül alakul.",
    "severity": "Major",
    "score_deduction": 3,
    "source_file": "2026-2027-hu-car-hire-city-07.docx",
    "url": "https://www.skyscanner.hu/autokolcsonzes-itt/autokolcsonzes-itt-malmo/27536188.html",
    "candidate": "https://www.skyscanner.hu/autokolcsonzes-itt/autokolcsonzes-itt-malmo/27536188.html"
  },
  {
    "text": "Érdemes figyelembe venni, hogy augusztusban általában alacsonyabbak a bérlési árak, így ebben a hónapban találhatsz a legjobb ajánlatokra.",
    "issue": "The verb 'találhatsz' (you can find) requires its object to be in the accusative case, but 'ajánlatokra' is in the sublative case.",
    "type_of_issue": "Grammar",
    "solution": "Change the word 'ajánlatokra' to its correct accusative form, 'ajánlatokat'.",
    "updated_sentence": "Érdemes figyelembe venni, hogy augusztusban általában alacsonyabbak a bérlési árak, így ebben a hónapban találhatsz a legjobb ajánlatokat.",
    "severity": "Minor",
    "score_deduction": 1,
    "source_file": "2026-2027-hu-car-hire-city-07.docx",
    "url": "https://www.skyscanner.hu/autokolcsonzes-itt/autokolcsonzes-itt-malmo/27536188.html",
    "candidate": "https://www.skyscanner.hu/autokolcsonzes-itt/autokolcsonzes-itt-malmo/27536188.html"
  },
  {
    "text": "A Malmöban legnépszerűbb bérelhető autó a Volvo EX30, mert kényelmes, praktikus és jó az ár/érték aránya.",
    "issue": "The locative suffix '-ban' is incorrect for the foreign noun 'Malmö'. According to Hungarian vowel harmony rules, the front-vowel suffix '-ben' is required.",
    "type_of_issue": "Grammar",
    "solution": "Change 'Malmöban' to 'Malmőben' to follow correct vowel harmony.",
    "updated_sentence": "A Malmőben legnépszerűbb bérelhető autó a Volvo EX30, mert kényelmes, praktikus és jó az ár/érték aránya.",
    "severity": "Minor",
    "score_deduction": 1,
    "source_file": "2026-2027-hu-car-hire-city-07.docx",
    "url": "https://www.skyscanner.hu/autokolcsonzes-itt/autokolcsonzes-itt-malmo/27536188.html",
    "candidate": "https://www.skyscanner.hu/autokolcsonzes-itt/autokolcsonzes-itt-malmo/27536188.html"
  },
  {
    "text": "Ha Hertz-nél bérled az automata Volvo EX30-at, kezdőára 38 143 Ft napi díjat jelent.",
    "issue": "A standard space is used between the number and the currency unit 'Ft'. Hungarian typography requires a non-breaking space in this context. This pattern repeats with other prices in the text.",
    "type_of_issue": "Compliance",
    "solution": "Replace the standard space with a non-breaking space between all numerical values and the 'Ft' currency unit.",
    "updated_sentence": "Ha Hertz-nél bérled az automata Volvo EX30-at, kezdőára 38 143 Ft napi díjat jelent.",
    "severity": "Minor",
    "score_deduction": 1,
    "source_file": "2026-2027-hu-car-hire-city-07.docx",
    "url": "https://www.skyscanner.hu/autokolcsonzes-itt/autokolcsonzes-itt-malmo/27536188.html",
    "candidate": "https://www.skyscanner.hu/autokolcsonzes-itt/autokolcsonzes-itt-malmo/27536188.html"
  },
  {
    "text": "Itt számos szolgáltató kínál bérelhető autókat, és az árak kezdőára napi 34 701 Ft.",
    "issue": "The phrase \"az árak kezdőára\" is redundant, literally meaning \"the starting price of the prices.\"",
    "type_of_issue": "Style",
    "solution": "Remove the redundancy. Change \"az árak kezdőára\" to \"a kezdőár\" for a more direct and clear statement.",
    "updated_sentence": "Itt számos szolgáltató kínál bérelhető autókat, és a kezdőár napi 34 701 Ft.",
    "severity": "Minor",
    "score_deduction": 1,
    "source_file": "2026-2027-hu-car-hire-city-07.docx",
    "url": "https://www.skyscanner.hu/autokolcsonzes-itt/autokolcsonzes-itt-malmo/27536188.html",
    "candidate": "https://www.skyscanner.hu/autokolcsonzes-itt/autokolcsonzes-itt-malmo/27536188.html"
  },
  {
    "text": "Malmö városában hat autókölcsönző szolgáltató közül választhatsz. A legnépszerűbb közülük a Dollar, további jelentős szolgáltatók közé tartozik az Europcar és a Sixt. Az autóbérléshez az alsó korhatár 21 év, bár sok szolgáltató 25 év alatt fiatal vezetői pótdíjat számít fel, míg a vezetéshez legalább 18 évesnek kell lenned. A személyazonosító igazolvány és vezetői engedély mellett, ha az engedélyedet az EU/EGT országain kívül és nem angol, német, francia, svéd, norvég vagy dán nyelven adták ki, nemzetközi vezetői engedély szükséges.",
    "issue": "The single paragraph combines three distinct topics (available providers, age requirements, and license requirements), which negatively impacts readability and scannability.",
    "type_of_issue": "Style",
    "solution": "Split the text into three separate, focused paragraphs to improve structure and make the information easier to scan.",
    "updated_sentence": "Malmö városában hat autókölcsönző szolgáltató közül választhatsz. A legnépszerűbb közülük a Dollar, további jelentős szolgáltatók közé tartozik az Europcar és a Sixt.\n\nAz autóbérléshez az alsó korhatár 21 év, bár sok szolgáltató 25 év alatt fiatal vezetői pótdíjat számít fel, míg a vezetéshez legalább 18 évesnek kell lenned.\n\nA személyazonosító igazolvány és vezetői engedély mellett, ha az engedélyedet az EU/EGT országain kívül és nem angol, német, francia, svéd, norvég vagy dán nyelven adták ki, nemzetközi vezetői engedély szükséges.",
    "severity": "Minor",
    "score_deduction": 1,
    "source_file": "2026-2027-hu-car-hire-city-07.docx",
    "url": "https://www.skyscanner.hu/autokolcsonzes-itt/autokolcsonzes-itt-malmo/27536188.html",
    "candidate": "https://www.skyscanner.hu/autokolcsonzes-itt/autokolcsonzes-itt-malmo/27536188.html"
  },
  {
    "text": "Az ország egyes \"autopista\" jelölésű autópályái díjkötelesek, ezeket AP vagy peaje jelzéssel találod meg.",
    "issue": "The text uses standard English-style double quotes (\"...\") instead of the correct Hungarian quotation marks („...”).",
    "type_of_issue": "Punctuation/Spelling/Typos",
    "solution": "Replace the standard double quotes with the Hungarian-style quotation marks („...”) as required by the style guide.",
    "updated_sentence": "Az ország egyes „autopista” jelölésű autópályái díjkötelesek, ezeket AP vagy peaje jelzéssel találod meg.",
    "severity": "Minor",
    "score_deduction": 1,
    "source_file": "2026-2027-hu-car-hire-city-07.docx",
    "url": "https://www.skyscanner.hu/autokolcsonzes-itt/autokolcsonzes-itt-lanzarote/221968245.html",
    "candidate": "https://www.skyscanner.hu/autokolcsonzes-itt/autokolcsonzes-itt-lanzarote/221968245.html"
  },
  {
    "text": "A jelenleg elérhető legolcsóbb autóbérlés ára Marseille-ben 13 361 Ft. Az éves átlagos ár 15 163 Ft körül alakul.",
    "issue": "A non-breaking space is required between a number and its unit (e.g., currency 'Ft') as per Hungarian typographic rules to prevent line breaks. This pattern repeats.",
    "type_of_issue": "Compliance",
    "solution": "Insert a non-breaking space between the number and the currency unit 'Ft'.",
    "updated_sentence": "A jelenleg elérhető legolcsóbb autóbérlés ára Marseille-ben 13 361 Ft. Az éves átlagos ár 15 163 Ft körül alakul.",
    "severity": "Minor",
    "score_deduction": 1,
    "source_file": "2026-2027-hu-car-hire-city-07.docx",
    "url": "https://www.skyscanner.hu/autokolcsonzes-itt/autokolcsonzes-itt-marseille/32030366.html",
    "candidate": "https://www.skyscanner.hu/autokolcsonzes-itt/autokolcsonzes-itt-marseille/32030366.html"
  },
  {
    "text": "Marseille-ben a legnépszerűbb bérlésre szánt autó típus a Peugeot 208.",
    "issue": "The compound word 'autótípus' (car type) is incorrectly written as two separate words.",
    "type_of_issue": "Punctuation/Spelling/Typos",
    "solution": "Combine 'autó' and 'típus' into the single compound word 'autótípus' according to Hungarian orthography.",
    "updated_sentence": "Marseille-ben a legnépszerűbb bérlésre szánt autótípus a Peugeot 208.",
    "severity": "Minor",
    "score_deduction": 1,
    "source_file": "2026-2027-hu-car-hire-city-07.docx",
    "url": "https://www.skyscanner.hu/autokolcsonzes-itt/autokolcsonzes-itt-marseille/32030366.html",
    "candidate": "https://www.skyscanner.hu/autokolcsonzes-itt/autokolcsonzes-itt-marseille/32030366.html"
  },
  {
    "text": "A kézi váltós Toyota Aygo, melyet szintén a Goldcar kínál, 14 281 Ft-ért elérhető, miáltal a különféle bérleti árak közül is választhatsz saját preferencia szerint.",
    "issue": "The conjunction 'miáltal' (whereby) is used incorrectly, creating a logically flawed and unclear connection between the availability of one car and the general ability to choose from various prices.",
    "type_of_issue": "Style",
    "solution": "Replace the conjunction 'miáltal' with 'így' (so/thus) to establish a clear and logical cause-and-effect relationship.",
    "updated_sentence": "A kézi váltós Toyota Aygo, melyet szintén a Goldcar kínál, 14 281 Ft-ért elérhető, így a különféle bérleti árak közül is választhatsz saját preferencia szerint.",
    "severity": "Minor",
    "score_deduction": 1,
    "source_file": "2026-2027-hu-car-hire-city-07.docx",
    "url": "https://www.skyscanner.hu/autokolcsonzes-itt/autokolcsonzes-itt-marseille/32030366.html",
    "candidate": "https://www.skyscanner.hu/autokolcsonzes-itt/autokolcsonzes-itt-marseille/32030366.html"
  },
  {
    "text": "Marseille autóbérlésnél a legkedveltebb átvételi helyszín a Marseille Repülőtér. Itt az árak megfizethetőbbek, mint például az Aéroport Marseille Provence esetében.",
    "issue": "The text creates a nonsensical price comparison between \"Marseille Repülőtér\" (Marseille Airport) and \"Aéroport Marseille Provence\", as they are two names for the same airport.",
    "type_of_issue": "Accuracy",
    "solution": "Remove the illogical comparison and clarify that both names refer to the same popular pick-up location by merging the two sentences into one correct statement.",
    "updated_sentence": "Marseille autóbérlésnél a legkedveltebb átvételi helyszín a Marseille-i repülőtér (Aéroport Marseille Provence).",
    "severity": "Major",
    "score_deduction": 3,
    "source_file": "2026-2027-hu-car-hire-city-07.docx",
    "url": "https://www.skyscanner.hu/autokolcsonzes-itt/autokolcsonzes-itt-marseille/32030366.html",
    "candidate": "https://www.skyscanner.hu/autokolcsonzes-itt/autokolcsonzes-itt-marseille/32030366.html"
  },
  {
    "text": "A legjobb árú ajánlatokat egy héttel korábban érdemes lefoglalni, mivel ilyenkor a maximálisan elérhető kedvezmények még elérhetők és a kínálat is szélesebb, így könnyebben találod meg a neked megfelelő autót.",
    "issue": "This run-on sentence connects multiple distinct ideas with several conjunctions ('mivel', 'és', 'így'), which makes it convoluted and negatively impacts readability.",
    "type_of_issue": "Style",
    "solution": "Split the long sentence into two separate, clearer sentences to improve the logical flow and structure.",
    "updated_sentence": "A legjobb árú ajánlatokat egy héttel korábban érdemes lefoglalni. Ilyenkor a maximálisan elérhető kedvezmények még elérhetők, és a kínálat is szélesebb, így könnyebben találod meg a neked megfelelő autót.",
    "severity": "Minor",
    "score_deduction": 1,
    "source_file": "2026-2027-hu-car-hire-city-07.docx",
    "url": "https://www.skyscanner.hu/autokolcsonzes-itt/autokolcsonzes-itt-malaga/27547484.html",
    "candidate": "https://www.skyscanner.hu/autokolcsonzes-itt/autokolcsonzes-itt-malaga/27547484.html"
  },
  {
    "text": "Az árak itt általában hasonlóak, mint a Repülőtéren.",
    "issue": "The common noun 'Repülőtéren' (at the airport) is incorrectly capitalized as if it were a proper name, which violates standard orthography.",
    "type_of_issue": "Punctuation/Spelling/Typos",
    "solution": "Change the capitalization of 'Repülőtéren' to lowercase 'repülőtéren' as it is a common noun in this context.",
    "updated_sentence": "Az árak itt általában hasonlóak, mint a repülőtéren.",
    "severity": "Minor",
    "score_deduction": 1,
    "source_file": "2026-2027-hu-car-hire-city-07.docx",
    "url": "https://www.skyscanner.hu/autokolcsonzes-itt/autokolcsonzes-itt-malaga/27547484.html",
    "candidate": "https://www.skyscanner.hu/autokolcsonzes-itt/autokolcsonzes-itt-malaga/27547484.html"
  },
  {
    "text": "A legnépszerűbb köztük a DelPaso, de a Goldcar és a Click and Rent is a kiemelt szolgáltatók közé tartozik.",
    "issue": "The compound subject ('a Goldcar és a Click and Rent') is plural, but the verb ('tartozik') is in the singular form.",
    "type_of_issue": "Grammar",
    "solution": "Change the verb 'tartozik' to its plural form, 'tartoznak', to agree with the plural subject.",
    "updated_sentence": "A legnépszerűbb köztük a DelPaso, de a Goldcar és a Click and Rent is a kiemelt szolgáltatók közé tartoznak.",
    "severity": "Minor",
    "score_deduction": 1,
    "source_file": "2026-2027-hu-car-hire-city-07.docx",
    "url": "https://www.skyscanner.hu/autokolcsonzes-itt/autokolcsonzes-itt-malaga/27547484.html",
    "candidate": "https://www.skyscanner.hu/autokolcsonzes-itt/autokolcsonzes-itt-malaga/27547484.html"
  },
  {
    "text": "Jogosan vezethetsz 18 éves kortól.",
    "issue": "The adverb 'Jogosan' (rightfully, justifiably) is semantically incorrect for stating a legal minimum age, creating an unnatural and inaccurate sentence.",
    "type_of_issue": "Accuracy",
    "solution": "Remove the incorrect adverb 'Jogosan' to state the legal driving age clearly and accurately.",
    "updated_sentence": "18 éves kortól vezethetsz.",
    "severity": "Major",
    "score_deduction": 3,
    "source_file": "2026-2027-hu-car-hire-city-07.docx",
    "url": "https://www.skyscanner.hu/autokolcsonzes-itt/autokolcsonzes-itt-malaga/27547484.html",
    "candidate": "https://www.skyscanner.hu/autokolcsonzes-itt/autokolcsonzes-itt-malaga/27547484.html"
  },
  {
    "text": "A fizetős útszakaszok közé tartoznak az \"autopista\" autópályák, melyeket AP vagy \"peaje\" jelöléssel látnak el.",
    "issue": "Incorrect quotation marks are used. The Hungarian style guide specifies the use of „…” marks.",
    "type_of_issue": "Punctuation/Spelling/Typos",
    "solution": "Replace the standard double quotes (\") with the correct Hungarian opening and closing quotation marks („...”).",
    "updated_sentence": "A fizetős útszakaszok közé tartoznak az „autopista” autópályák, melyeket AP vagy „peaje” jelöléssel látnak el.",
    "severity": "Minor",
    "score_deduction": 1,
    "source_file": "2026-2027-hu-car-hire-city-07.docx",
    "url": "https://www.skyscanner.hu/autokolcsonzes-itt/autokolcsonzes-itt-malaga/27547484.html",
    "candidate": "https://www.skyscanner.hu/autokolcsonzes-itt/autokolcsonzes-itt-malaga/27547484.html"
  },
  {
    "text": "Portóban jelenleg 11 280 Ft a legolcsóbb autóbérlés napi díja, míg az éves átlagár 17 033 Ft.",
    "issue": "The currency for a service in Porto, Portugal, is incorrectly stated in Hungarian Forint (Ft) instead of the local currency, Euro (€).",
    "type_of_issue": "Accuracy",
    "solution": "Change the currency symbol to Euro (€) and replace the Forint amounts with plausible, converted Euro values.",
    "updated_sentence": "Portóban jelenleg 28 € a legolcsóbb autóbérlés napi díja, míg az éves átlagár 43 €.",
    "severity": "Major",
    "score_deduction": 3,
    "source_file": "2026-2027-hu-car-hire-city-07.docx",
    "url": "https://www.skyscanner.hu/autokolcsonzes-itt/autokolcsonzes-itt-porto/33988320.html",
    "candidate": "https://www.skyscanner.hu/autokolcsonzes-itt/autokolcsonzes-itt-porto/33988320.html"
  },
  {
    "text": "Portóban az autóbérlés legkedvezőbb lehetősége a Porto Repülőtér, ahol számos szolgáltató áll rendelkezésre.",
    "issue": "The common noun 'Repülőtér' (airport) is incorrectly capitalized. According to Hungarian orthography, when a proper name is followed by a generic type name, the type name should be in lowercase.",
    "type_of_issue": "Punctuation/Spelling/Typos",
    "solution": "Change 'Repülőtér' to 'repülőtér'.",
    "updated_sentence": "Portóban az autóbérlés legkedvezőbb lehetősége a Porto repülőtér, ahol számos szolgáltató áll rendelkezésre.",
    "severity": "Minor",
    "score_deduction": 1,
    "source_file": "2026-2027-hu-car-hire-city-07.docx",
    "url": "https://www.skyscanner.hu/autokolcsonzes-itt/autokolcsonzes-itt-porto/33988320.html",
    "candidate": "https://www.skyscanner.hu/autokolcsonzes-itt/autokolcsonzes-itt-porto/33988320.html"
  },
  {
    "text": "Azok számára, akiknek a jogosítványa nem latin ábécéval van nyomtatva, egy nemzetközi vezetői engedély is kötelező.",
    "issue": "The instrumental suffix '-val' is incorrect for the word 'ábécé'. Due to Hungarian vowel harmony rules, words ending in front vowels must take the '-vel' suffix.",
    "type_of_issue": "Grammar",
    "solution": "Change 'ábécéval' to 'ábécével' to comply with vowel harmony rules.",
    "updated_sentence": "Azok számára, akiknek a jogosítványa nem latin ábécével van nyomtatva, egy nemzetközi vezetői engedély is kötelező.",
    "severity": "Minor",
    "score_deduction": 1,
    "source_file": "2026-2027-hu-car-hire-city-07.docx",
    "url": "https://www.skyscanner.hu/autokolcsonzes-itt/autokolcsonzes-itt-porto/33988320.html",
    "candidate": "https://www.skyscanner.hu/autokolcsonzes-itt/autokolcsonzes-itt-porto/33988320.html"
  },
  {
    "text": "A díjakat hagyományos kapukon keresztül vagy az elektronikus \"Via Verde\" rendszeren keresztül vonják be, melyhez előre fizetett úthasználati eszköz szükséges; készpénzes fizetési lehetőség nincs.",
    "issue": "The text uses standard English double quotes (\"...\") instead of the required Hungarian quotation marks („...”).",
    "type_of_issue": "Punctuation/Spelling/Typos",
    "solution": "Replace the standard double quotes with the correct Hungarian opening and closing quotation marks („...”) as per the style guide.",
    "updated_sentence": "A díjakat hagyományos kapukon keresztül vagy az elektronikus „Via Verde” rendszeren keresztül vonják be, melyhez előre fizetett úthasználati eszköz szükséges; készpénzes fizetési lehetőség nincs.",
    "severity": "Minor",
    "score_deduction": 1,
    "source_file": "2026-2027-hu-car-hire-city-07.docx",
    "url": "https://www.skyscanner.hu/autokolcsonzes-itt/autokolcsonzes-itt-porto/33988320.html",
    "candidate": "https://www.skyscanner.hu/autokolcsonzes-itt/autokolcsonzes-itt-porto/33988320.html"
  },
  {
    "text": "Salzburgban költséghatékony autóbérlést keresel, akkor érdemes figyelembe venni a különböző hónapok árait.",
    "issue": "The conditional sentence is grammatically incomplete because it is missing the required introductory particle 'Ha' (If).",
    "type_of_issue": "Grammar",
    "solution": "Add 'Ha' to the beginning of the sentence to form a correct conditional clause.",
    "updated_sentence": "Ha Salzburgban költséghatékony autóbérlést keresel, akkor érdemes figyelembe venni a különböző hónapok árait.",
    "severity": "Major",
    "score_deduction": 3,
    "source_file": "2026-2027-hu-car-hire-city-07.docx",
    "url": "https://www.skyscanner.hu/autokolcsonzes-itt/autokolcsonzes-itt-salzburg/27547109.html",
    "candidate": "https://www.skyscanner.hu/autokolcsonzes-itt/autokolcsonzes-itt-salzburg/27547109.html"
  },
  {
    "text": "Salzburg autóbérléskor két fő helyszín közül választhatsz: a városközpontban (Altstadt) vagy a Salzburg Repülőtéren.",
    "issue": "Incorrect capitalization of the common noun 'repülőtér' (airport) when used as part of a place name.",
    "type_of_issue": "Punctuation/Spelling/Typos",
    "solution": "Change 'Repülőtéren' to its lowercase form 'repülőtéren' to follow standard Hungarian orthography.",
    "updated_sentence": "Salzburg autóbérléskor két fő helyszín közül választhatsz: a városközpontban (Altstadt) vagy a Salzburg repülőtéren.",
    "severity": "Minor",
    "score_deduction": 1,
    "source_file": "2026-2027-hu-car-hire-city-07.docx",
    "url": "https://www.skyscanner.hu/autokolcsonzes-itt/autokolcsonzes-itt-salzburg/27547109.html",
    "candidate": "https://www.skyscanner.hu/autokolcsonzes-itt/autokolcsonzes-itt-salzburg/27547109.html"
  },
  {
    "text": "Ha nem az EU/EGT-n belül kiállított jogosítványod van vagy nem latin karakterekkel írták, akkor nemzetközi vezetői engedély is kell.",
    "issue": "A comma is grammatically required before the conjunction 'vagy' when it connects two parallel subordinate clauses.",
    "type_of_issue": "Punctuation/Spelling/Typos",
    "solution": "Add a comma before 'vagy' to correctly separate the two conditional clauses.",
    "updated_sentence": "Ha nem az EU/EGT-n belül kiállított jogosítványod van, vagy nem latin karakterekkel írták, akkor nemzetközi vezetői engedély is kell.",
    "severity": "Minor",
    "score_deduction": 1,
    "source_file": "2026-2027-hu-car-hire-city-07.docx",
    "url": "https://www.skyscanner.hu/autokolcsonzes-itt/autokolcsonzes-itt-salzburg/27547109.html",
    "candidate": "https://www.skyscanner.hu/autokolcsonzes-itt/autokolcsonzes-itt-salzburg/27547109.html"
  },
  {
    "text": "Bizonyos alagutak és alpesi útvonalak esetében külön távolság alapú díjak is érvényesek.",
    "issue": "The compound adjective \"távolság alapú\" (distance-based) is incorrectly written as two separate words instead of one.",
    "type_of_issue": "Punctuation/Spelling/Typos",
    "solution": "Combine \"távolság alapú\" into the single compound word \"távolságalapú\" as required by Hungarian orthography.",
    "updated_sentence": "Bizonyos alagutak és alpesi útvonalak esetében külön távolságalapú díjak is érvényesek.",
    "severity": "Minor",
    "score_deduction": 1,
    "source_file": "2026-2027-hu-car-hire-city-07.docx",
    "url": "https://www.skyscanner.hu/autokolcsonzes-itt/autokolcsonzes-itt-salzburg/27547109.html",
    "candidate": "https://www.skyscanner.hu/autokolcsonzes-itt/autokolcsonzes-itt-salzburg/27547109.html"
  },
  {
    "text": "Ha autót szeretnél bérelni, az Avis cégnél kézi váltós Volkswagen Up! már napi 10 620 Ft-tól elérhető, amely négy ülőhellyel és légkondicionálóval van felszerelve.",
    "issue": "The term 'légkondicionáló' was used for 'air conditioning', but the project glossary specifies the term 'klíma'.",
    "type_of_issue": "Compliance",
    "solution": "Replace 'légkondicionálóval' with the inflected form of the correct glossary term, 'klímával'.",
    "updated_sentence": "Ha autót szeretnél bérelni, az Avis cégnél kézi váltós Volkswagen Up! már napi 10 620 Ft-tól elérhető, amely négy ülőhellyel és klímával van felszerelve.",
    "severity": "Minor",
    "score_deduction": 1,
    "source_file": "2026-2027-hu-car-hire-city-07.docx",
    "url": "https://www.skyscanner.hu/autokolcsonzes-itt/autokolcsonzes-itt-split/27547071.html",
    "candidate": "https://www.skyscanner.hu/autokolcsonzes-itt/autokolcsonzes-itt-split/27547071.html"
  },
  {
    "text": "Split városában autó bérléséhez több lehetőség közül választhatsz.",
    "issue": "The compound noun 'autóbérlés' (car rental) is incorrectly written as two separate words.",
    "type_of_issue": "Punctuation/Spelling/Typos",
    "solution": "Combine 'autó bérléséhez' into the correct compound form 'autóbérléshez' as per standard Hungarian orthography and the provided glossary.",
    "updated_sentence": "Split városában autóbérléshez több lehetőség közül választhatsz.",
    "severity": "Minor",
    "score_deduction": 1,
    "source_file": "2026-2027-hu-car-hire-city-07.docx",
    "url": "https://www.skyscanner.hu/autokolcsonzes-itt/autokolcsonzes-itt-split/27547071.html",
    "candidate": "https://www.skyscanner.hu/autokolcsonzes-itt/autokolcsonzes-itt-split/27547071.html"
  },
  {
    "text": "Alternatív megoldásként a Split Varos negyed is rendelkezésre áll, amely hasonló árkategóriát kínál, így ideális lehet a városnézéshez közeli érkezések esetén.",
    "issue": "The proper name of the district 'Varoš' is misspelled as 'Varos' due to a missing diacritical mark.",
    "type_of_issue": "Punctuation/Spelling/Typos",
    "solution": "Add the required diacritic to the letter 's' to correctly spell the name as 'Varoš'.",
    "updated_sentence": "Alternatív megoldásként a Split Varoš negyed is rendelkezésre áll, amely hasonló árkategóriát kínál, így ideális lehet a városnézéshez közeli érkezések esetén.",
    "severity": "Minor",
    "score_deduction": 1,
    "source_file": "2026-2027-hu-car-hire-city-07.docx",
    "url": "https://www.skyscanner.hu/autokolcsonzes-itt/autokolcsonzes-itt-split/27547071.html",
    "candidate": "https://www.skyscanner.hu/autokolcsonzes-itt/autokolcsonzes-itt-split/27547071.html"
  },
  {
    "text": "Ezek közül a három kiemelkedő szolgáltató az AVIA Rent, az avingo és az Avant Car.",
    "issue": "The brand name \"avingo\" is not capitalized, which is inconsistent with the other proper names in the sentence and violates standard orthography.",
    "type_of_issue": "Compliance",
    "solution": "Capitalize the brand name \"avingo\" to \"Avingo\" for consistency and correctness.",
    "updated_sentence": "Ezek közül a három kiemelkedő szolgáltató az AVIA Rent, az Avingo és az Avant Car.",
    "severity": "Minor",
    "score_deduction": 1,
    "source_file": "2026-2027-hu-car-hire-city-07.docx",
    "url": "https://www.skyscanner.hu/autokolcsonzes-itt/autokolcsonzes-itt-split/27547071.html",
    "candidate": "https://www.skyscanner.hu/autokolcsonzes-itt/autokolcsonzes-itt-split/27547071.html"
  },
  {
    "text": "Autóbérléshez mindig szükséges érvényes személyazonosító igazolvány vagy útlevél és vezetői engedély, továbbá az EU/EEA-n kívüli jogosítványok esetében nem latinbetűs változatoknál nemzetközi vezetői engedély is szükséges.",
    "issue": "The sentence is a run-on that combines multiple distinct requirements, which harms readability. Additionally, the acronym \"EEA\" has not been localized to its Hungarian equivalent, \"EGT\".",
    "type_of_issue": "Style",
    "solution": "Split the sentence into two for improved clarity and localize the acronym \"EEA\" to \"EGT\".",
    "updated_sentence": "Autóbérléshez mindig szükséges érvényes személyazonosító igazolvány vagy útlevél és vezetői engedély. Az EU/EGT-n kívüli, nem latin betűs jogosítványok esetében nemzetközi vezetői engedély is szükséges.",
    "severity": "Minor",
    "score_deduction": 1,
    "source_file": "2026-2027-hu-car-hire-city-07.docx",
    "url": "https://www.skyscanner.hu/autokolcsonzes-itt/autokolcsonzes-itt-split/27547071.html",
    "candidate": "https://www.skyscanner.hu/autokolcsonzes-itt/autokolcsonzes-itt-split/27547071.html"
  },
  {
    "text": "Erre készpénzzel, bankkártyával vagy ENC elektronikus útvonaljeggyel tudsz fizetni, utóbbi gyorsabb haladást és kedvezményeket biztosít.",
    "issue": "Two independent clauses are incorrectly joined with only a comma, creating a run-on sentence.",
    "type_of_issue": "Grammar",
    "solution": "Split the sentence into two separate sentences for grammatical correctness.",
    "updated_sentence": "Erre készpénzzel, bankkártyával vagy ENC elektronikus útvonaljeggyel tudsz fizetni. Az utóbbi gyorsabb haladást és kedvezményeket biztosít.",
    "severity": "Minor",
    "score_deduction": 1,
    "source_file": "2026-2027-hu-car-hire-city-07.docx",
    "url": "https://www.skyscanner.hu/autokolcsonzes-itt/autokolcsonzes-itt-split/27547071.html",
    "candidate": "https://www.skyscanner.hu/autokolcsonzes-itt/autokolcsonzes-itt-split/27547071.html"
  },
  {
    "text": "Szalonikiben a legkedvezőbb autóbérlési díj jelenleg 11 892 Ft, míg az éves átlagos ár 16 378 Ft.",
    "issue": "A standard space is used between the number and the currency unit 'Ft' instead of a non-breaking space, which violates Hungarian typographic rules.",
    "type_of_issue": "Compliance",
    "solution": "Replace the standard space before 'Ft' with a non-breaking space in both instances.",
    "updated_sentence": "Szalonikiben a legkedvezőbb autóbérlési díj jelenleg 11 892 Ft, míg az éves átlagos ár 16 378 Ft.",
    "severity": "Minor",
    "score_deduction": 1,
    "source_file": "2026-2027-hu-car-hire-city-07.docx",
    "url": "https://www.skyscanner.hu/autokolcsonzes-itt/autokolcsonzes-itt-szaloniki/27546367.html",
    "candidate": "https://www.skyscanner.hu/autokolcsonzes-itt/autokolcsonzes-itt-szaloniki/27546367.html"
  },
  {
    "text": "Szalonikiben a bérautódat főként a Szaloniki Repülőtéren vagy a város különböző területein, például Ανάληψη vagy Άνow Τούμπα városrészekben veheted fel.",
    "issue": "The Greek proper name 'Άνω Τούμπα' is misspelled using a Latin 'w' instead of the correct Greek letter 'ω'.",
    "type_of_issue": "Punctuation/Spelling/Typos",
    "solution": "Replace the incorrect Latin character 'w' with the correct Greek character 'ω'.",
    "updated_sentence": "Szalonikiben a bérautódat főként a Szaloniki Repülőtéren vagy a város különböző területein, például Ανάληψη vagy Άνω Τούμπα városrészekben veheted fel.",
    "severity": "Minor",
    "score_deduction": 1,
    "source_file": "2026-2027-hu-car-hire-city-07.docx",
    "url": "https://www.skyscanner.hu/autokolcsonzes-itt/autokolcsonzes-itt-szaloniki/27546367.html",
    "candidate": "https://www.skyscanner.hu/autokolcsonzes-itt/autokolcsonzes-itt-szaloniki/27546367.html"
  },
  {
    "text": "A legnépszerűbb közülük a Green Motion, továbbá a Centauro és az ABBYCAR is kiemelkedő szerepet játszik a piacon.",
    "issue": "The brand name 'ABBYCAR' uses incorrect capitalization.",
    "type_of_issue": "Compliance",
    "solution": "Change 'ABBYCAR' to 'AbbyCar' to match the official brand styling.",
    "updated_sentence": "A legnépszerűbb közülük a Green Motion, továbbá a Centauro és az AbbyCar is kiemelkedő szerepet játszik a piacon.",
    "severity": "Minor",
    "score_deduction": 1,
    "source_file": "2026-2027-hu-car-hire-city-07.docx",
    "url": "https://www.skyscanner.hu/autokolcsonzes-itt/autokolcsonzes-itt-szaloniki/27546367.html",
    "candidate": "https://www.skyscanner.hu/autokolcsonzes-itt/autokolcsonzes-itt-szaloniki/27546367.html"
  },
  {
    "text": "Gyorsforgalmi és országúton is 90 km/h a sebességhatár, míg más utak esetében 50 km/h.",
    "issue": "The parallel structure is incorrect. The adjective 'Gyorsforgalmi' is missing its noun 'úton' to parallel the structure of 'országúton'.",
    "type_of_issue": "Grammar",
    "solution": "Add the noun 'úton' after 'Gyorsforgalmi' to create a grammatically correct parallel structure.",
    "updated_sentence": "Gyorsforgalmi úton és országúton is 90 km/h a sebességhatár, míg más utak esetében 50 km/h.",
    "severity": "Minor",
    "score_deduction": 1,
    "source_file": "2026-2027-hu-car-hire-city-07.docx",
    "url": "https://www.skyscanner.hu/autokolcsonzes-itt/autokolcsonzes-itt-szaloniki/27546367.html",
    "candidate": "https://www.skyscanner.hu/autokolcsonzes-itt/autokolcsonzes-itt-szaloniki/27546367.html"
  },
  {
    "text": "Stavangerben a Volkswagen ID.3 a legnépszerűbb autótípus, mivel kényelmes és praktikus, jó ár/érték aránnyal bír. Az automata váltós Volkswagen ID.3 napi 33 751 Ft kezdőáron bérelhető a Sixttől. Ha hasonló kategóriában keresel autót, a Sixt által kínált automata váltós Toyota Yaris napi 35 940 Ft-ért vagy az automata Toyota bZ4X, amely két bőrönddel tágasabb, napi 39 016 Ft-ért elérhető. Ezek a lehetőségek mind légkondicionáltak és megfelelő választásnak tűnnek a városi közlekedéshez.",
    "issue": "The single paragraph combines information about three different car models, making the text dense and difficult to scan for web readability.",
    "type_of_issue": "Style",
    "solution": "Split the content into shorter, distinct paragraphs, each focusing on one car model or a concluding thought, to improve scannability.",
    "updated_sentence": "Stavangerben a Volkswagen ID.3 a legnépszerűbb autótípus, mivel kényelmes és praktikus, jó ár-érték aránnyal bír. Az automata váltós Volkswagen ID.3 napi 33 751 Ft kezdőáron bérelhető a Sixttől.\n\nHa hasonló kategóriában keresel autót, a Sixt által kínált automata váltós Toyota Yaris napi 35 940 Ft-ért bérelhető.\n\nEgy másik lehetőség az automata Toyota bZ4X, amely két bőrönddel tágasabb, és napi 39 016 Ft-ért elérhető.\n\nEzek a lehetőségek mind légkondicionáltak és megfelelő választásnak tűnnek a városi közlekedéshez.",
    "severity": "Minor",
    "score_deduction": 1,
    "source_file": "2026-2027-hu-car-hire-city-08.docx",
    "url": "https://www.skyscanner.hu/autokolcsonzes-itt/autokolcsonzes-itt-stavanger/27546397.html",
    "candidate": "https://www.skyscanner.hu/autokolcsonzes-itt/autokolcsonzes-itt-stavanger/27546397.html"
  },
  {
    "text": "Az autópályákon a megengedett legnagyobb sebesség 100 km/h.",
    "issue": "A required non-breaking space is missing between the number and the unit 'km/h', which violates Hungarian typographic conventions. This pattern repeats in similar sentences.",
    "type_of_issue": "Punctuation/Spelling/Typos",
    "solution": "Insert a non-breaking space between the number and its unit to adhere to locale-specific typographic rules.",
    "updated_sentence": "Az autópályákon a megengedett legnagyobb sebesség 100 km/h.",
    "severity": "Minor",
    "score_deduction": 1,
    "source_file": "2026-2027-hu-car-hire-city-08.docx",
    "url": "https://www.skyscanner.hu/autokolcsonzes-itt/autokolcsonzes-itt-stavanger/27546397.html",
    "candidate": "https://www.skyscanner.hu/autokolcsonzes-itt/autokolcsonzes-itt-stavanger/27546397.html"
  },
  {
    "text": "A legolcsóbb kölcsönzési díj 5 859 Ft napi áron érhető el, míg az éves átlagos ár 28 615 Ft.",
    "issue": "The text uses the Hungarian Forint (Ft) currency for car rental prices in Toronto, Canada, which is incorrect. The local currency is the Canadian Dollar (CAD).",
    "type_of_issue": "Accuracy",
    "solution": "Replace the currency symbol 'Ft' with 'CAD' to match the location (Toronto).",
    "updated_sentence": "A legolcsóbb kölcsönzési díj 5 859 CAD napi áron érhető el, míg az éves átlagos ár 28 615 CAD.",
    "severity": "Major",
    "score_deduction": 3,
    "source_file": "2026-2027-hu-car-hire-city-08.docx",
    "url": "https://www.skyscanner.hu/autokolcsonzes-itt/autokolcsonzes-itt-toronto/27536640.html",
    "candidate": "https://www.skyscanner.hu/autokolcsonzes-itt/autokolcsonzes-itt-toronto/27536640.html"
  },
  {
    "text": "Így a legkedvezőbb árat fizetheted a kézi váltós autó kölcsönzéséért.",
    "issue": "The conclusion illogically specifies that the general pricing advice applies only to 'manual transmission cars', which is not supported by the preceding general statements.",
    "type_of_issue": "Accuracy",
    "solution": "Generalize the statement to refer to car rental as a whole by removing the specific mention of 'kézi váltós autó' (manual transmission car).",
    "updated_sentence": "Így a legkedvezőbb árat fizetheted az autó kölcsönzéséért.",
    "severity": "Major",
    "score_deduction": 3,
    "source_file": "2026-2027-hu-car-hire-city-08.docx",
    "url": "https://www.skyscanner.hu/autokolcsonzes-itt/autokolcsonzes-itt-toronto/27536640.html",
    "candidate": "https://www.skyscanner.hu/autokolcsonzes-itt/autokolcsonzes-itt-toronto/27536640.html"
  },
  {
    "text": "Ha automata váltós autót keresel, a Routes Car Rental-nél bérelhetsz Dodge Sprinter 2500 Cargo-t napi 5 859 Ft-ért vagy Ford E-350 Cargo-t napi 7 430 Ft-ért. Ha olcsóbb opcióra van szükséged, a Thrifty-nál a Chevrolet Spark napi 9 681 Ft-ért érhető el.",
    "issue": "The currency is Hungarian Forint (Ft) but the service is in Toronto, Canada. The correct local currency is the Canadian Dollar (CAD).",
    "type_of_issue": "Accuracy",
    "solution": "Change all instances of the currency symbol from \"Ft\" to \"CAD\" to reflect the correct local currency.",
    "updated_sentence": "Ha automata váltós autót keresel, a Routes Car Rental-nél bérelhetsz Dodge Sprinter 2500 Cargo-t napi 5 859 CAD-ért vagy Ford E-350 Cargo-t napi 7 430 CAD-ért. Ha olcsóbb opcióra van szükséged, a Thrifty-nál a Chevrolet Spark napi 9 681 CAD-ért érhető el.",
    "severity": "Major",
    "score_deduction": 3,
    "source_file": "2026-2027-hu-car-hire-city-08.docx",
    "url": "https://www.skyscanner.hu/autokolcsonzes-itt/autokolcsonzes-itt-toronto/27536640.html",
    "candidate": "https://www.skyscanner.hu/autokolcsonzes-itt/autokolcsonzes-itt-toronto/27536640.html"
  },
  {
    "text": "Ezek az autók automata váltóval és légkondicionálóval felszereltek.",
    "issue": "The term 'légkondicionálóval' is used, but the glossary specifies the preferred term 'klíma' for 'air conditioning'.",
    "type_of_issue": "Compliance",
    "solution": "Replace 'légkondicionálóval' with the glossary-compliant term 'klímával'.",
    "updated_sentence": "Ezek az autók automata váltóval és klímával felszereltek.",
    "severity": "Minor",
    "score_deduction": 1,
    "source_file": "2026-2027-hu-car-hire-city-08.docx",
    "url": "https://www.skyscanner.hu/autokolcsonzes-itt/autokolcsonzes-itt-toronto/27536640.html",
    "candidate": "https://www.skyscanner.hu/autokolcsonzes-itt/autokolcsonzes-itt-toronto/27536640.html"
  },
  {
    "text": "Az autó bérléséhez szükséges minimum életkor 21 év, bár sok szolgáltató fiatal vezetői díjat számít fel 25 év alatt.",
    "issue": "The compound noun \"autóbérlés\" (car rental) is incorrectly written as two separate words.",
    "type_of_issue": "Punctuation/Spelling/Typos",
    "solution": "Combine \"autó\" and \"bérléséhez\" into the correct compound form \"autóbérléshez\".",
    "updated_sentence": "Az autóbérléshez szükséges minimum életkor 21 év, bár sok szolgáltató fiatal vezetői díjat számít fel 25 év alatt.",
    "severity": "Minor",
    "score_deduction": 1,
    "source_file": "2026-2027-hu-car-hire-city-08.docx",
    "url": "https://www.skyscanner.hu/autokolcsonzes-itt/autokolcsonzes-itt-toronto/27536640.html",
    "candidate": "https://www.skyscanner.hu/autokolcsonzes-itt/autokolcsonzes-itt-toronto/27536640.html"
  },
  {
    "text": "A jogosítvány megszerzéséhez az életkor tartomány tartományi eltéréseket mutat.",
    "issue": "The redundant phrasing \"tartomány tartományi\" (range/province provincial) makes the sentence's meaning unclear and objectively difficult to parse.",
    "type_of_issue": "Style",
    "solution": "Rephrase the sentence for clarity to state that the minimum age for a driver's license varies by province.",
    "updated_sentence": "A jogosítvány megszerzéséhez szükséges korhatár tartományonként eltérő.",
    "severity": "Major",
    "score_deduction": 3,
    "source_file": "2026-2027-hu-car-hire-city-08.docx",
    "url": "https://www.skyscanner.hu/autokolcsonzes-itt/autokolcsonzes-itt-toronto/27536640.html",
    "candidate": "https://www.skyscanner.hu/autokolcsonzes-itt/autokolcsonzes-itt-toronto/27536640.html"
  },
  {
    "text": "Más utak esetén a sebességhatár 30–50 km/h-tól terjed.",
    "issue": "The suffix '-tól' and the verb 'terjed' (ranges) are used redundantly and ungrammatically with a pre-defined range (30–50 km/h).",
    "type_of_issue": "Grammar",
    "solution": "Remove the redundant phrase '-tól terjed' to create a grammatically correct and concise sentence.",
    "updated_sentence": "Más utak esetén a sebességhatár 30–50 km/h.",
    "severity": "Minor",
    "score_deduction": 1,
    "source_file": "2026-2027-hu-car-hire-city-08.docx",
    "url": "https://www.skyscanner.hu/autokolcsonzes-itt/autokolcsonzes-itt-toronto/27536640.html",
    "candidate": "https://www.skyscanner.hu/autokolcsonzes-itt/autokolcsonzes-itt-toronto/27536640.html"
  },
  {
    "text": "Malaga Repülőtér kínál kedvezőbb kezdőárakat az autóbérléshez Torremolinosban, ahol több területen is elérhetőek az autóbérlési helyszínek.",
    "issue": "The proper noun 'Malaga' is misspelled without the required acute accent on the first 'a'. The correct spelling is 'Málaga'.",
    "type_of_issue": "Compliance",
    "solution": "Add the acute accent to 'a' in 'Malaga' to spell the proper noun correctly as 'Málaga'.",
    "updated_sentence": "Málaga Repülőtér kínál kedvezőbb kezdőárakat az autóbérléshez Torremolinosban, ahol több területen is elérhetőek az autóbérlési helyszínek.",
    "severity": "Minor",
    "score_deduction": 1,
    "source_file": "2026-2027-hu-car-hire-city-08.docx",
    "url": "https://www.skyscanner.hu/autokolcsonzes-itt/autokolcsonzes-itt-torremolinos/27551021.html",
    "candidate": "https://www.skyscanner.hu/autokolcsonzes-itt/autokolcsonzes-itt-torremolinos/27551021.html"
  },
  {
    "text": "Alternatív lehetőségként a Malaga C.a is szóba jöhet, amely szintén kedvező árat kínál az autóbérléshez.",
    "issue": "The location 'Malaga C.a' is an incorrect and unidentifiable place name, likely a malformed abbreviation, which makes the information inaccurate and impairs comprehension.",
    "type_of_issue": "Accuracy",
    "solution": "Replace the incorrect 'Malaga C.a' with a clear and correct location, such as 'Málaga vasútállomás' (Málaga train station), and correct the spelling of 'Málaga'.",
    "updated_sentence": "Alternatív lehetőségként a Málaga vasútállomás is szóba jöhet, amely szintén kedvező árat kínál az autóbérléshez.",
    "severity": "Major",
    "score_deduction": 3,
    "source_file": "2026-2027-hu-car-hire-city-08.docx",
    "url": "https://www.skyscanner.hu/autokolcsonzes-itt/autokolcsonzes-itt-torremolinos/27551021.html",
    "candidate": "https://www.skyscanner.hu/autokolcsonzes-itt/autokolcsonzes-itt-torremolinos/27551021.html"
  },
  {
    "text": "Torremolinosban összesen hat autókölcsönző szolgáltató érhető el.",
    "issue": "The phrase \"autókölcsönző szolgáltató\" is redundant, as \"autókölcsönző\" already means \"car rental provider/company\".",
    "type_of_issue": "Style",
    "solution": "Remove the redundant word \"szolgáltató\" for better conciseness.",
    "updated_sentence": "Torremolinosban összesen hat autókölcsönző érhető el.",
    "severity": "Minor",
    "score_deduction": 1,
    "source_file": "2026-2027-hu-car-hire-city-08.docx",
    "url": "https://www.skyscanner.hu/autokolcsonzes-itt/autokolcsonzes-itt-torremolinos/27551021.html",
    "candidate": "https://www.skyscanner.hu/autokolcsonzes-itt/autokolcsonzes-itt-torremolinos/27551021.html"
  },
  {
    "text": "Vezetési minimum életkor 18 év.",
    "issue": "This is a grammatically incomplete sentence fragment that lacks a verb.",
    "type_of_issue": "Grammar",
    "solution": "Rewrite the fragment into a complete, grammatically correct sentence.",
    "updated_sentence": "A vezetéshez előírt minimális életkor 18 év.",
    "severity": "Minor",
    "score_deduction": 1,
    "source_file": "2026-2027-hu-car-hire-city-08.docx",
    "url": "https://www.skyscanner.hu/autokolcsonzes-itt/autokolcsonzes-itt-torremolinos/27551021.html",
    "candidate": "https://www.skyscanner.hu/autokolcsonzes-itt/autokolcsonzes-itt-torremolinos/27551021.html"
  },
  {
    "text": "Az autópályákon a sebességhatár 120 km/h, az autóutakon 100 km/h, a vidéki utakon 90 km/h, míg más utakon 50 km/h.",
    "issue": "A regular space is used between numbers and the 'km/h' unit, but Hungarian typographic rules require a non-breaking space. This pattern repeats for all speed limits in the sentence.",
    "type_of_issue": "Punctuation/Spelling/Typos",
    "solution": "Replace the regular spaces with non-breaking spaces between all numbers and the 'km/h' unit.",
    "updated_sentence": "Az autópályákon a sebességhatár 120 km/h, az autóutakon 100 km/h, a vidéki utakon 90 km/h, míg más utakon 50 km/h.",
    "severity": "Minor",
    "score_deduction": 1,
    "source_file": "2026-2027-hu-car-hire-city-08.docx",
    "url": "https://www.skyscanner.hu/autokolcsonzes-itt/autokolcsonzes-itt-torremolinos/27551021.html",
    "candidate": "https://www.skyscanner.hu/autokolcsonzes-itt/autokolcsonzes-itt-torremolinos/27551021.html"
  },
  {
    "text": "A \"peaje\" vagy \"AP\" jelzéssel ellátott autópályák fizetősek, ahol a díjat készpénzzel, kártyával vagy a Via-T transzponder segítségével lehet kiegyenlíteni.",
    "issue": "Standard ASCII quotation marks (\") are used instead of the required Hungarian quotation marks („...”).",
    "type_of_issue": "Punctuation/Spelling/Typos",
    "solution": "Replace the standard quotation marks with the correct Hungarian format: opening „ and closing ”.",
    "updated_sentence": "A „peaje” vagy „AP” jelzéssel ellátott autópályák fizetősek, ahol a díjat készpénzzel, kártyával vagy a Via-T transzponder segítségével lehet kiegyenlíteni.",
    "severity": "Minor",
    "score_deduction": 1,
    "source_file": "2026-2027-hu-car-hire-city-08.docx",
    "url": "https://www.skyscanner.hu/autokolcsonzes-itt/autokolcsonzes-itt-torremolinos/27551021.html",
    "candidate": "https://www.skyscanner.hu/autokolcsonzes-itt/autokolcsonzes-itt-torremolinos/27551021.html"
  },
  {
    "text": "Tropeában a gépkocsibérlés legolcsóbb napi díja 13 987 Ft körül alakul.",
    "issue": "The term 'gépkocsibérlés' is a more formal synonym for 'car hire', while the glossary specifies using the more common and informal term 'autóbérlés'.",
    "type_of_issue": "Compliance",
    "solution": "Replace 'gépkocsibérlés' with the glossary term 'autóbérlés' and update the preceding definite article from 'a' to 'az' for correct grammar.",
    "updated_sentence": "Tropeában az autóbérlés legolcsóbb napi díja 13 987 Ft körül alakul.",
    "severity": "Minor",
    "score_deduction": 1,
    "source_file": "2026-2027-hu-car-hire-city-08.docx",
    "url": "https://www.skyscanner.hu/autokolcsonzes-itt/autokolcsonzes-itt-tropea/30450164.html",
    "candidate": "https://www.skyscanner.hu/autokolcsonzes-itt/autokolcsonzes-itt-tropea/30450164.html"
  },
  {
    "text": "A Noleggiare kínálatában található kézi váltós Fiat Panda napi 13 987 Ft-tól bérelhető.",
    "issue": "A standard space is used between the number and the currency unit 'Ft' instead of a non-breaking space, which is required by Hungarian typography. This pattern repeats for all prices in the paragraph.",
    "type_of_issue": "Compliance",
    "solution": "Replace the standard space with a non-breaking space between the number and the currency unit.",
    "updated_sentence": "A Noleggiare kínálatában található kézi váltós Fiat Panda napi 13 987 Ft-tól bérelhető.",
    "severity": "Minor",
    "score_deduction": 1,
    "source_file": "2026-2027-hu-car-hire-city-08.docx",
    "url": "https://www.skyscanner.hu/autokolcsonzes-itt/autokolcsonzes-itt-tropea/30450164.html",
    "candidate": "https://www.skyscanner.hu/autokolcsonzes-itt/autokolcsonzes-itt-tropea/30450164.html"
  },
  {
    "text": "Tropeában autóbérlés esetén a fő átvételi helyszín a Lamezia Terme Repülőtér, ahol számos szolgáltató közül választhatsz.",
    "issue": "The generic noun 'Repülőtér' (airport) following the proper name 'Lamezia Terme' should be in lowercase according to Hungarian orthography.",
    "type_of_issue": "Punctuation/Spelling/Typos",
    "solution": "Change 'Repülőtér' to 'repülőtér'.",
    "updated_sentence": "Tropeában autóbérlés esetén a fő átvételi helyszín a Lamezia Terme repülőtér, ahol számos szolgáltató közül választhatsz.",
    "severity": "Minor",
    "score_deduction": 1,
    "source_file": "2026-2027-hu-car-hire-city-08.docx",
    "url": "https://www.skyscanner.hu/autokolcsonzes-itt/autokolcsonzes-itt-tropea/30450164.html",
    "candidate": "https://www.skyscanner.hu/autokolcsonzes-itt/autokolcsonzes-itt-tropea/30450164.html"
  },
  {
    "text": "Tropea városában összesen öt autókölcsönző szolgáltató érhető el. A legnépszerűbb közülük a Noleggiare, mellette a Drivalia és a Target szintén kiemelkedő szolgáltatók. Az autókölcsönzés alsó korhatára 21 év, bár sokan 25 év alatt pótdíjat számítanak fel. Az autóvezetéshez szükséges minimális életkor 18 év. Érvényes személyazonosító igazolvány vagy útlevél és érvényes jogosítvány mindenképpen szükséges az autókölcsönzéshez. Az Európai Unión vagy az Európai Gazdasági Térségen kívül kiállított jogosítványokhoz nemzetközi vezetői engedély is szükséges.",
    "issue": "The single paragraph combines three distinct topics (providers, age requirements, and documentation requirements), which makes the information difficult to scan.",
    "type_of_issue": "Style",
    "solution": "Split the text into three separate, shorter paragraphs, each focusing on a single topic to improve readability.",
    "updated_sentence": "Tropea városában összesen öt autókölcsönző szolgáltató érhető el. A legnépszerűbb közülük a Noleggiare, mellette a Drivalia és a Target szintén kiemelkedő szolgáltatók.\n\nAz autókölcsönzés alsó korhatára 21 év, bár sokan 25 év alatt pótdíjat számítanak fel. Az autóvezetéshez szükséges minimális életkor 18 év.\n\nÉrvényes személyazonosító igazolvány vagy útlevél és érvényes jogosítvány mindenképpen szükséges az autókölcsönzéshez. Az Európai Unión vagy az Európai Gazdasági Térségen kívül kiállított jogosítványokhoz nemzetközi vezetői engedély is szükséges.",
    "severity": "Minor",
    "score_deduction": 1,
    "source_file": "2026-2027-hu-car-hire-city-08.docx",
    "url": "https://www.skyscanner.hu/autokolcsonzes-itt/autokolcsonzes-itt-tropea/30450164.html",
    "candidate": "https://www.skyscanner.hu/autokolcsonzes-itt/autokolcsonzes-itt-tropea/30450164.html"
  },
  {
    "text": "Az autópályákon a megengedett sebesség 130 km/h, míg az autóutakon 110 km/h a maximális sebesség.",
    "issue": "A non-breaking space is required between a number and its unit (km/h) per Hungarian typography rules. This pattern repeats in the next sentence.",
    "type_of_issue": "Punctuation/Spelling/Typos",
    "solution": "Replace the regular space with a non-breaking space before each 'km/h' unit.",
    "updated_sentence": "Az autópályákon a megengedett sebesség 130 km/h, míg az autóutakon 110 km/h a maximális sebesség.",
    "severity": "Minor",
    "score_deduction": 1,
    "source_file": "2026-2027-hu-car-hire-city-08.docx",
    "url": "https://www.skyscanner.hu/autokolcsonzes-itt/autokolcsonzes-itt-tropea/30450164.html",
    "candidate": "https://www.skyscanner.hu/autokolcsonzes-itt/autokolcsonzes-itt-tropea/30450164.html"
  },
  {
    "text": "Várnában a legalacsonyabb autóbérlési díj napi 10 250 Ft, míg az éves átlagár 12 203 Ft körül alakul.",
    "issue": "The text incorrectly uses the Hungarian Forint (Ft) as the currency for Varna, which is in Bulgaria, where the official currency is the Bulgarian Lev (BGN).",
    "type_of_issue": "Accuracy",
    "solution": "Replace the currency 'Ft' with the correct currency for Bulgaria, 'BGN'.",
    "updated_sentence": "Várnában a legalacsonyabb autóbérlési díj napi 10 250 BGN, míg az éves átlagár 12 203 BGN körül alakul.",
    "severity": "Major",
    "score_deduction": 3,
    "source_file": "2026-2027-hu-car-hire-city-08.docx",
    "url": "https://www.skyscanner.hu/autokolcsonzes-itt/autokolcsonzes-itt-varna/27547366.html",
    "candidate": "https://www.skyscanner.hu/autokolcsonzes-itt/autokolcsonzes-itt-varna/27547366.html"
  },
  {
    "text": "Várnában a Renault Clio a legnépszerűbb autó, kis méretének és praktikusságának köszönhetően, valamit a könnyű parkolás is előny.",
    "issue": "The word 'valamit' (something) is a typo for the required conjunction 'valamint' (as well as), creating a nonsensical clause.",
    "type_of_issue": "Punctuation/Spelling/Typos",
    "solution": "Change the misspelled word 'valamit' to the correct conjunction 'valamint'.",
    "updated_sentence": "Várnában a Renault Clio a legnépszerűbb autó, kis méretének és praktikusságának köszönhetően, valamint a könnyű parkolás is előny.",
    "severity": "Minor",
    "score_deduction": 1,
    "source_file": "2026-2027-hu-car-hire-city-08.docx",
    "url": "https://www.skyscanner.hu/autokolcsonzes-itt/autokolcsonzes-itt-varna/27547366.html",
    "candidate": "https://www.skyscanner.hu/autokolcsonzes-itt/autokolcsonzes-itt-varna/27547366.html"
  },
  {
    "text": "Alternatívaként, az Opel Grandland automata váltóval a Top Rent a Car-nál napi 17 610 Ft.",
    "issue": "This sentence is grammatically incomplete because it lacks a main verb, making it a sentence fragment.",
    "type_of_issue": "Grammar",
    "solution": "Add a verb, such as 'bérelhető' (can be rented), to make the sentence grammatically complete.",
    "updated_sentence": "Alternatívaként, az Opel Grandland automata váltóval a Top Rent a Car-nál napi 17 610 Ft-ért bérelhető.",
    "severity": "Minor",
    "score_deduction": 1,
    "source_file": "2026-2027-hu-car-hire-city-08.docx",
    "url": "https://www.skyscanner.hu/autokolcsonzes-itt/autokolcsonzes-itt-varna/27547366.html",
    "candidate": "https://www.skyscanner.hu/autokolcsonzes-itt/autokolcsonzes-itt-varna/27547366.html"
  },
  {
    "text": "További jelentős szolgáltatók a Top Rent a Car és a Localrent.",
    "issue": "The casing of the brand name 'Top Rent a Car' is incorrect.",
    "type_of_issue": "Compliance",
    "solution": "Correct the casing to 'Top Rent A Car' to match the official brand name.",
    "updated_sentence": "További jelentős szolgáltatók a Top Rent A Car és a Localrent.",
    "severity": "Minor",
    "score_deduction": 1,
    "source_file": "2026-2027-hu-car-hire-city-08.docx",
    "url": "https://www.skyscanner.hu/autokolcsonzes-itt/autokolcsonzes-itt-varna/27547366.html",
    "candidate": "https://www.skyscanner.hu/autokolcsonzes-itt/autokolcsonzes-itt-varna/27547366.html"
  },
  {
    "text": "Ha más opciókat keresel, a Rentscape kínálatában kézi váltós Renault Cliót találsz, napi 15 388 Ft-ért.",
    "issue": "A required space is missing between the number and the currency code 'Ft', which violates Hungarian typographic rules. This formatting error repeats for all prices in the text.",
    "type_of_issue": "Compliance",
    "solution": "Insert a space between the number and the currency code 'Ft'.",
    "updated_sentence": "Ha más opciókat keresel, a Rentscape kínálatában kézi váltós Renault Cliót találsz, napi 15 388 Ft-ért.",
    "severity": "Minor",
    "score_deduction": 1,
    "source_file": "2026-2027-hu-car-hire-city-08.docx",
    "url": "https://www.skyscanner.hu/autokolcsonzes-itt/autokolcsonzes-itt-bordeaux/27539513.html",
    "candidate": "https://www.skyscanner.hu/autokolcsonzes-itt/autokolcsonzes-itt-bordeaux/27539513.html"
  },
  {
    "text": "Még egy lehetőség az Enterprise-tól a kézi váltós Ford Tourneo Custom, melynek ára napi 16 481 Ft.",
    "issue": "The suffix '-tól' used for the proper name 'Enterprise' violates Hungarian vowel harmony rules. The correct front-vowel suffix '-től' is required and was used inconsistently in the preceding sentence.",
    "type_of_issue": "Grammar",
    "solution": "Change the suffix from '-tól' to '-től' to apply correct vowel harmony.",
    "updated_sentence": "Még egy lehetőség az Enterprise-től a kézi váltós Ford Tourneo Custom, melynek ára napi 16 481 Ft.",
    "severity": "Minor",
    "score_deduction": 1,
    "source_file": "2026-2027-hu-car-hire-city-08.docx",
    "url": "https://www.skyscanner.hu/autokolcsonzes-itt/autokolcsonzes-itt-bordeaux/27539513.html",
    "candidate": "https://www.skyscanner.hu/autokolcsonzes-itt/autokolcsonzes-itt-bordeaux/27539513.html"
  },
  {
    "text": "Néhány útszakaszon ingyenes tolldíjfizetés nélküli közlekedés is elérhető.",
    "issue": "The phrase 'ingyenes tolldíjfizetés nélküli' (free without toll payment) is redundant, as both terms convey the same meaning in this context, harming conciseness.",
    "type_of_issue": "Style",
    "solution": "Remove the redundant term 'ingyenes' to make the sentence more concise and clear.",
    "updated_sentence": "Néhány útszakaszon tolldíjfizetés nélküli közlekedés is elérhető.",
    "severity": "Minor",
    "score_deduction": 1,
    "source_file": "2026-2027-hu-car-hire-city-08.docx",
    "url": "https://www.skyscanner.hu/autokolcsonzes-itt/autokolcsonzes-itt-bordeaux/27539513.html",
    "candidate": "https://www.skyscanner.hu/autokolcsonzes-itt/autokolcsonzes-itt-bordeaux/27539513.html"
  },
  {
    "text": "Bázelben kedvező áron lehet autót bérelni, a jelenleg elérhető legalacsonyabb ár 13 314 Ft. Az éves átlagos bérlési költség 17 753 Ft körül mozog.",
    "issue": "Hungarian typography requires non-breaking spaces (NBSPs) for thousands separators and between a number and its currency symbol, but regular spaces were used.",
    "type_of_issue": "Punctuation/Spelling/Typos",
    "solution": "Replace the regular spaces with non-breaking spaces in '13 314 Ft' and '17 753 Ft'.",
    "updated_sentence": "Bázelben kedvező áron lehet autót bérelni, a jelenleg elérhető legalacsonyabb ár 13 314 Ft. Az éves átlagos bérlési költség 17 753 Ft körül mozog.",
    "severity": "Minor",
    "score_deduction": 1,
    "source_file": "2026-2027-hu-car-hire-city-08.docx",
    "url": "https://www.skyscanner.hu/autokolcsonzes-itt/autokolcsonzes-itt-bazel/33735926.html",
    "candidate": "https://www.skyscanner.hu/autokolcsonzes-itt/autokolcsonzes-itt-bazel/33735926.html"
  },
  {
    "text": "Az autópályákon a sebességhatár 120 km/h, az autóutakon 100 km/h. Országúton legfeljebb 80 km/h-val haladhatsz, míg egyéb utakon a sebességhatár 50 km/h.",
    "issue": "Hungarian typography requires a non-breaking space between a number and its unit. This rule was not followed for any of the speed limits mentioned.",
    "type_of_issue": "Punctuation/Spelling/Typos",
    "solution": "Insert a non-breaking space between the number and the unit 'km/h' in all instances.",
    "updated_sentence": "Az autópályákon a sebességhatár 120 km/h, az autóutakon 100 km/h. Országúton legfeljebb 80 km/h-val haladhatsz, míg egyéb utakon a sebességhatár 50 km/h.",
    "severity": "Minor",
    "score_deduction": 1,
    "source_file": "2026-2027-hu-car-hire-city-08.docx",
    "url": "https://www.skyscanner.hu/autokolcsonzes-itt/autokolcsonzes-itt-bazel/33735926.html",
    "candidate": "https://www.skyscanner.hu/autokolcsonzes-itt/autokolcsonzes-itt-bazel/33735926.html"
  },
  {
    "text": "Ha kézi váltós autót keresel, az addCar kínálatában találhatsz egy kézi váltós Peugeot e-208-at, napi 15 196 Ft-ért.",
    "issue": "The currency is incorrectly set to Hungarian Forint (Ft) for a service in Burgas, Bulgaria. The correct currency is Bulgarian Lev (BGN). This error pattern repeats for all prices in the text.",
    "type_of_issue": "Accuracy",
    "solution": "Change the currency from 'Ft' to 'BGN' to match the location (Bulgaria).",
    "updated_sentence": "Ha kézi váltós autót keresel, az addCar kínálatában találhatsz egy kézi váltós Peugeot e-208-at, napi 15 196 BGN-ért.",
    "severity": "Major",
    "score_deduction": 3,
    "source_file": "2026-2027-hu-car-hire-city-08.docx",
    "url": "https://www.skyscanner.hu/autokolcsonzes-itt/autokolcsonzes-itt-burgasz/27539518.html",
    "candidate": "https://www.skyscanner.hu/autokolcsonzes-itt/autokolcsonzes-itt-burgasz/27539518.html"
  },
  {
    "text": "A repülőtéri felvétel árban nagyjából összehasonlítható a városközponti átvétellel, például a Burgas Központi Vasútállomáson, bár ott kissé drágább.",
    "issue": "The spelling of the city name 'Burgas' is inconsistent with 'Burgasz', which is used earlier in the text and in the topic name.",
    "type_of_issue": "Punctuation/Spelling/Typos",
    "solution": "Change 'Burgas' to 'Burgasz' to maintain consistency with the established Hungarian spelling used in the text.",
    "updated_sentence": "A repülőtéri felvétel árban nagyjából összehasonlítható a városközponti átvétellel, például a Burgasz Központi Vasútállomáson, bár ott kissé drágább.",
    "severity": "Minor",
    "score_deduction": 1,
    "source_file": "2026-2027-hu-car-hire-city-08.docx",
    "url": "https://www.skyscanner.hu/autokolcsonzes-itt/autokolcsonzes-itt-burgasz/27539518.html",
    "candidate": "https://www.skyscanner.hu/autokolcsonzes-itt/autokolcsonzes-itt-burgasz/27539518.html"
  },
  {
    "text": "A három legnépszerűbb szolgáltató közé tartozik a Green Rent A Car, a Flex To Go, és a Car Rent.",
    "issue": "An unnecessary comma is used before the conjunction \"és\" (and) in a simple list, which is incorrect in Hungarian punctuation.",
    "type_of_issue": "Punctuation/Spelling/Typos",
    "solution": "Remove the comma before the conjunction \"és\".",
    "updated_sentence": "A három legnépszerűbb szolgáltató közé tartozik a Green Rent A Car, a Flex To Go és a Car Rent.",
    "severity": "Minor",
    "score_deduction": 1,
    "source_file": "2026-2027-hu-car-hire-city-08.docx",
    "url": "https://www.skyscanner.hu/autokolcsonzes-itt/autokolcsonzes-itt-burgasz/27539518.html",
    "candidate": "https://www.skyscanner.hu/autokolcsonzes-itt/autokolcsonzes-itt-burgasz/27539518.html"
  },
  {
    "text": "Személyazonosító igazolvány vagy érvényes útlevél és vezetői engedély szükséges az autóbérléshez.",
    "issue": "The sentence structure \"A vagy B és C\" (ID card or passport and driver's license) is structurally ambiguous, making it unclear whether the driver's license is required in all cases or only with the passport.",
    "type_of_issue": "Style",
    "solution": "Rephrase the sentence using \"valamint\" to clarify that a driver's license is required in addition to either an ID card or a passport.",
    "updated_sentence": "Az autóbérléshez személyazonosító igazolványra vagy érvényes útlevélre, valamint vezetői engedélyre van szükség.",
    "severity": "Minor",
    "score_deduction": 1,
    "source_file": "2026-2027-hu-car-hire-city-08.docx",
    "url": "https://www.skyscanner.hu/autokolcsonzes-itt/autokolcsonzes-itt-burgasz/27539518.html",
    "candidate": "https://www.skyscanner.hu/autokolcsonzes-itt/autokolcsonzes-itt-burgasz/27539518.html"
  },
  {
    "text": "Gyorsforgalmi és országúton egyaránt 90 km/h a sebességhatár.",
    "issue": "The compound adverbial phrase lacks parallelism. The adjective 'Gyorsforgalmi' should be followed by 'úton' to match the structure of the second element, 'országúton'.",
    "type_of_issue": "Grammar",
    "solution": "Add the noun 'úton' after the adjective 'Gyorsforgalmi' to create a grammatically correct parallel structure.",
    "updated_sentence": "Gyorsforgalmi úton és országúton egyaránt 90 km/h a sebességhatár.",
    "severity": "Minor",
    "score_deduction": 1,
    "source_file": "2026-2027-hu-car-hire-city-08.docx",
    "url": "https://www.skyscanner.hu/autokolcsonzes-itt/autokolcsonzes-itt-burgasz/27539518.html",
    "candidate": "https://www.skyscanner.hu/autokolcsonzes-itt/autokolcsonzes-itt-burgasz/27539518.html"
  },
  {
    "text": "A legnépszerűbb szolgáltató a U-Save, de a Centauro és ecovia is népszerű lehetőségek.",
    "issue": "The brand name 'ecovia' is not capitalized correctly as a proper noun.",
    "type_of_issue": "Compliance",
    "solution": "Capitalize the brand name to 'Ecovia'. The preceding definite article must also be changed from 'a' to 'az' to agree with the vowel-initial word.",
    "updated_sentence": "A legnépszerűbb szolgáltató a U-Save, de a Centauro és az Ecovia is népszerű lehetőségek.",
    "severity": "Minor",
    "score_deduction": 1,
    "source_file": "2026-2027-hu-car-hire-city-08.docx",
    "url": "https://www.skyscanner.hu/autokolcsonzes-itt/autokolcsonzes-itt-firenze/27541640.html",
    "candidate": "https://www.skyscanner.hu/autokolcsonzes-itt/autokolcsonzes-itt-firenze/27541640.html"
  },
  {
    "text": "Az autópályákon a megengedett sebesség 130 km/h, míg a gyorsforgalmi utakon 110 km/h.",
    "issue": "A non-breaking space is missing between the number and the unit 'km/h', which is required by Hungarian typographical rules. This pattern repeats for all speed limits mentioned.",
    "type_of_issue": "Punctuation/Spelling/Typos",
    "solution": "Insert a non-breaking space between the numerical value and its unit (e.g., '130 km/h').",
    "updated_sentence": "Az autópályákon a megengedett sebesség 130 km/h, míg a gyorsforgalmi utakon 110 km/h.",
    "severity": "Minor",
    "score_deduction": 1,
    "source_file": "2026-2027-hu-car-hire-city-08.docx",
    "url": "https://www.skyscanner.hu/autokolcsonzes-itt/autokolcsonzes-itt-firenze/27541640.html",
    "candidate": "https://www.skyscanner.hu/autokolcsonzes-itt/autokolcsonzes-itt-firenze/27541640.html"
  },
  {
    "text": "Faro városában a legolcsóbb autóbérlés ára jelenleg 4 944 Ft. Az éves átlagár 25 914 Ft körül mozog, így érdemes körültekintően időzíteni a bérlést.",
    "issue": "A regular space is used between numbers and the currency unit 'Ft', but Hungarian typography requires a non-breaking space in this context.",
    "type_of_issue": "Compliance",
    "solution": "Replace the regular space with a non-breaking space (NBSP) between the numbers and the 'Ft' currency unit.",
    "updated_sentence": "Faro városában a legolcsóbb autóbérlés ára jelenleg 4 944 Ft. Az éves átlagár 25 914 Ft körül mozog, így érdemes körültekintően időzíteni a bérlést.",
    "severity": "Minor",
    "score_deduction": 1,
    "source_file": "2026-2027-hu-car-hire-city-08.docx",
    "url": "https://www.skyscanner.hu/autokolcsonzes-itt/autokolcsonzes-itt-faro/27541630.html",
    "candidate": "https://www.skyscanner.hu/autokolcsonzes-itt/autokolcsonzes-itt-faro/27541630.html"
  },
  {
    "text": "Ha automatát keresel, a Klasswagen.com SEAT Leon modellje kínál napi 6 453 Ft-ért kényelmet, minden extrával.",
    "issue": "The brand name 'Klass Wagen' is incorrectly written as 'Klasswagen.com', combining two words and adding a top-level domain suffix.",
    "type_of_issue": "Compliance",
    "solution": "Correct the brand name to 'Klass Wagen' by separating the words and removing the '.com' suffix.",
    "updated_sentence": "Ha automatát keresel, a Klass Wagen SEAT Leon modellje kínál napi 6 453 Ft-ért kényelmet, minden extrával.",
    "severity": "Minor",
    "score_deduction": 1,
    "source_file": "2026-2027-hu-car-hire-city-08.docx",
    "url": "https://www.skyscanner.hu/autokolcsonzes-itt/autokolcsonzes-itt-faro/27541630.html",
    "candidate": "https://www.skyscanner.hu/autokolcsonzes-itt/autokolcsonzes-itt-faro/27541630.html"
  },
  {
    "text": "Az olcsóbb repülőtéri lehetőség mellet népszerű még a Faro és környéke a városközpontban, ahol több szolgáltató is rendelkezésre áll.",
    "issue": "The sentence contains a typo ('mellet' instead of 'mellett') and is logically confusing, as 'Faro and its surroundings' cannot be located 'in the city center', which severely impairs comprehension.",
    "type_of_issue": "Style",
    "solution": "Correct the typo to 'mellett' and rephrase the sentence to clarify that the city center is another popular car hire location.",
    "updated_sentence": "Az olcsóbb repülőtéri lehetőség mellett a városközpont is népszerű Faróban, ahol több szolgáltató is rendelkezésre áll.",
    "severity": "Major",
    "score_deduction": 3,
    "source_file": "2026-2027-hu-car-hire-city-08.docx",
    "url": "https://www.skyscanner.hu/autokolcsonzes-itt/autokolcsonzes-itt-faro/27541630.html",
    "candidate": "https://www.skyscanner.hu/autokolcsonzes-itt/autokolcsonzes-itt-faro/27541630.html"
  },
  {
    "text": "Az ország számos útszakaszon útdíjat vet ki, amelyek közül néhányon hagyományos fizetőkapuk találhatók, míg a \"Via Verde\" elektronikus útdíjakat kamerákkal és előre fizetett transzponderekkel szabják ki, így nincs készpénzes fizetési lehetőség.",
    "issue": "The text uses standard straight quotation marks (\"...\") instead of the correct Hungarian quotation marks („...”).",
    "type_of_issue": "Punctuation/Spelling/Typos",
    "solution": "Replace the standard straight quotes with the locale-specific Hungarian quotation marks („...”) as required by the style guide.",
    "updated_sentence": "Az ország számos útszakaszon útdíjat vet ki, amelyek közül néhányon hagyományos fizetőkapuk találhatók, míg a „Via Verde” elektronikus útdíjakat kamerákkal és előre fizetett transzponderekkel szabják ki, így nincs készpénzes fizetési lehetőség.",
    "severity": "Minor",
    "score_deduction": 1,
    "source_file": "2026-2027-hu-car-hire-city-08.docx",
    "url": "https://www.skyscanner.hu/autokolcsonzes-itt/autokolcsonzes-itt-faro/27541630.html",
    "candidate": "https://www.skyscanner.hu/autokolcsonzes-itt/autokolcsonzes-itt-faro/27541630.html"
  },
  {
    "text": "Az optimális szerződéskötés érdekében érdemes négy héttel korábban foglalást kezdeményezni.",
    "issue": "The phrase 'foglalást kezdeményezni' (to initiate a booking) is overly formal and not concise, which contradicts the style guide's requirement for a direct and informal tone.",
    "type_of_issue": "Compliance",
    "solution": "Replace the formal phrase with the simpler, more direct verb 'foglalni' (to book) to align with the required informal register.",
    "updated_sentence": "Az optimális szerződéskötés érdekében érdemes négy héttel korábban foglalni.",
    "severity": "Minor",
    "score_deduction": 1,
    "source_file": "2026-2027-hu-car-hire-city-09.docx",
    "url": "https://www.skyscanner.hu/autokolcsonzes-itt/autokolcsonzes-itt-genf/33735985.html",
    "candidate": "https://www.skyscanner.hu/autokolcsonzes-itt/autokolcsonzes-itt-genf/33735985.html"
  },
  {
    "text": "Az igényekhez igazodva a kézi váltós Ford KA a Dollar kínálatában 15 971 Ft értől bérelhető, míg a kézi váltós Skoda Scala szintén 15 971 Ft-ért elérhető.",
    "issue": "The currency is incorrect for the location (HUF instead of CHF for Geneva). This error repeats in the text. Additionally, a related grammatical suffix is incorrectly formatted.",
    "type_of_issue": "Accuracy",
    "solution": "Replace all instances of 'Ft' with 'CHF' and ensure suffixes are correctly hyphenated to the currency symbol.",
    "updated_sentence": "Az igényekhez igazodva a kézi váltós Ford KA a Dollar kínálatában 15 971 CHF-től bérelhető, míg a kézi váltós Skoda Scala szintén 15 971 CHF-ért elérhető.",
    "severity": "Major",
    "score_deduction": 3,
    "source_file": "2026-2027-hu-car-hire-city-09.docx",
    "url": "https://www.skyscanner.hu/autokolcsonzes-itt/autokolcsonzes-itt-genf/33735985.html",
    "candidate": "https://www.skyscanner.hu/autokolcsonzes-itt/autokolcsonzes-itt-genf/33735985.html"
  },
  {
    "text": "Az országban nincsenek hagyományos útdíjak, de az autópályák használatához éves matricát vagy e-matricát kell vásárolnod és fel kell ragasztanod.",
    "issue": "The instruction to affix the vignette (\"fel kell ragasztanod\") is incorrectly applied to the e-vignette (\"e-matrica\"), which is a digital product and cannot be physically affixed.",
    "type_of_issue": "Accuracy",
    "solution": "Remove the action \"és fel kell ragasztanod\" as it does not apply to both the physical and electronic options. The corrected sentence simply states that one of the two must be purchased.",
    "updated_sentence": "Az országban nincsenek hagyományos útdíjak, de az autópályák használatához éves matricát vagy e-matricát kell vásárolnod.",
    "severity": "Major",
    "score_deduction": 3,
    "source_file": "2026-2027-hu-car-hire-city-09.docx",
    "url": "https://www.skyscanner.hu/autokolcsonzes-itt/autokolcsonzes-itt-genf/33735985.html",
    "candidate": "https://www.skyscanner.hu/autokolcsonzes-itt/autokolcsonzes-itt-genf/33735985.html"
  },
  {
    "text": "A jelenleg elérhető legolcsóbb bérlet napi 9 977 Ft.",
    "issue": "The word 'bérlet' means 'pass' or 'season ticket', which is incorrect in the context of a car rental. The correct term for 'rental' or 'rental fee' should be used.",
    "type_of_issue": "Accuracy",
    "solution": "Replace 'bérlet' (pass) with 'bérlés' (rental) for clarity and correctness.",
    "updated_sentence": "A jelenleg elérhető legolcsóbb bérlés napi 9 977 Ft.",
    "severity": "Major",
    "score_deduction": 3,
    "source_file": "2026-2027-hu-car-hire-city-09.docx",
    "url": "https://www.skyscanner.hu/autokolcsonzes-itt/autokolcsonzes-itt-genova/27541884.html",
    "candidate": "https://www.skyscanner.hu/autokolcsonzes-itt/autokolcsonzes-itt-genova/27541884.html"
  },
  {
    "text": "Az ecovia kézi váltós Opel Astrája öt fő számára kínál helyet, napi 10 627 Ft-ért.",
    "issue": "The brand name \"ecovia\" is a proper noun and should be capitalized.",
    "type_of_issue": "Compliance",
    "solution": "Capitalize the brand name \"ecovia\" to \"Ecovia\".",
    "updated_sentence": "Az Ecovia kézi váltós Opel Astrája öt fő számára kínál helyet, napi 10 627 Ft-ért.",
    "severity": "Minor",
    "score_deduction": 1,
    "source_file": "2026-2027-hu-car-hire-city-09.docx",
    "url": "https://www.skyscanner.hu/autokolcsonzes-itt/autokolcsonzes-itt-genova/27541884.html",
    "candidate": "https://www.skyscanner.hu/autokolcsonzes-itt/autokolcsonzes-itt-genova/27541884.html"
  },
  {
    "text": "Ha inkább a városközpontot részesíted előnyben, Genoa Brignole is elérhető opciót kínál.",
    "issue": "The spelling of the city name 'Genoa' is inconsistent with 'Genova', which is used elsewhere in the text and in the topic title.",
    "type_of_issue": "Compliance",
    "solution": "Change 'Genoa' to 'Genova' to ensure consistency with the rest of the text.",
    "updated_sentence": "Ha inkább a városközpontot részesíted előnyben, Genova Brignole is elérhető opciót kínál.",
    "severity": "Minor",
    "score_deduction": 1,
    "source_file": "2026-2027-hu-car-hire-city-09.docx",
    "url": "https://www.skyscanner.hu/autokolcsonzes-itt/autokolcsonzes-itt-genova/27541884.html",
    "candidate": "https://www.skyscanner.hu/autokolcsonzes-itt/autokolcsonzes-itt-genova/27541884.html"
  },
  {
    "text": "A legnépszerűbb szolgáltató az ecovia, emellett a Noleggiare és a Budget is a vezető szolgáltatók közé tartozik.",
    "issue": "The brand name 'ecovia' is not capitalized, which is inconsistent with other capitalized brand names in the same sentence and violates standard rules for proper nouns.",
    "type_of_issue": "Compliance",
    "solution": "Capitalize the brand name 'ecovia' to 'Ecovia' for consistency and correctness.",
    "updated_sentence": "A legnépszerűbb szolgáltató az Ecovia, emellett a Noleggiare és a Budget is a vezető szolgáltatók közé tartozik.",
    "severity": "Minor",
    "score_deduction": 1,
    "source_file": "2026-2027-hu-car-hire-city-09.docx",
    "url": "https://www.skyscanner.hu/autokolcsonzes-itt/autokolcsonzes-itt-genova/27541884.html",
    "candidate": "https://www.skyscanner.hu/autokolcsonzes-itt/autokolcsonzes-itt-genova/27541884.html"
  },
  {
    "text": "Az autópályákon a megengedett legnagyobb sebesség 130 km/h, míg a gyorsforgalmi utakon 110 km/h a maximum.",
    "issue": "Hungarian typography requires a non-breaking space between a number and its unit. This pattern repeats with other speed limits in the text.",
    "type_of_issue": "Punctuation/Spelling/Typos",
    "solution": "Replace the standard space with a non-breaking space between the number and 'km/h'.",
    "updated_sentence": "Az autópályákon a megengedett legnagyobb sebesség 130 km/h, míg a gyorsforgalmi utakon 110 km/h a maximum.",
    "severity": "Minor",
    "score_deduction": 1,
    "source_file": "2026-2027-hu-car-hire-city-09.docx",
    "url": "https://www.skyscanner.hu/autokolcsonzes-itt/autokolcsonzes-itt-genova/27541884.html",
    "candidate": "https://www.skyscanner.hu/autokolcsonzes-itt/autokolcsonzes-itt-genova/27541884.html"
  },
  {
    "text": "Ha kézi váltós autót keresel, a Green Motion-nél bérelhetsz kézi váltós SEAT Mii-t napi 10 929 Ft-ért, amely légkondicionálóval is rendelkezik.",
    "issue": "The currency is incorrectly listed as Hungarian Forint (Ft) for a car rental in Glasgow (UK). The correct currency is British Pound (£). This pattern repeats for all prices in the text.",
    "type_of_issue": "Accuracy",
    "solution": "Change the currency from Ft to £ and place the symbol before the number. Apply this correction to all prices mentioned.",
    "updated_sentence": "Ha kézi váltós autót keresel, a Green Motion-nél bérelhetsz kézi váltós SEAT Mii-t napi £10 929-ért, amely légkondicionálóval is rendelkezik.",
    "severity": "Major",
    "score_deduction": 3,
    "source_file": "2026-2027-hu-car-hire-city-09.docx",
    "url": "https://www.skyscanner.hu/autokolcsonzes-itt/autokolcsonzes-itt-glasgow/27541852.html",
    "candidate": "https://www.skyscanner.hu/autokolcsonzes-itt/autokolcsonzes-itt-glasgow/27541852.html"
  },
  {
    "text": "Ha kézi váltós autót keresel, a Green Motion-nél bérelhetsz kézi váltós SEAT Mii-t napi 10 929 Ft-ért, amely légkondicionálóval is rendelkezik.",
    "issue": "The term 'légkondicionálóval' is used instead of the glossary-recommended and more informal term 'klímával'.",
    "type_of_issue": "Compliance",
    "solution": "Replace 'légkondicionálóval' with 'klímával' to align with the glossary and the informal register.",
    "updated_sentence": "Ha kézi váltós autót keresel, a Green Motion-nél bérelhetsz kézi váltós SEAT Mii-t napi 10 929 Ft-ért, amely klímával is rendelkezik.",
    "severity": "Minor",
    "score_deduction": 1,
    "source_file": "2026-2027-hu-car-hire-city-09.docx",
    "url": "https://www.skyscanner.hu/autokolcsonzes-itt/autokolcsonzes-itt-glasgow/27541852.html",
    "candidate": "https://www.skyscanner.hu/autokolcsonzes-itt/autokolcsonzes-itt-glasgow/27541852.html"
  },
  {
    "text": "Glasgowban autóbérléskor a fő átvételi helyszín a város központi részei, mint például Blythswood Hill vagy Merchant City, ahol számos szolgáltató áll rendelkezésre.",
    "issue": "Incorrect number agreement between the subject 'helyszín' (singular) and the predicate noun 'részei' (plural).",
    "type_of_issue": "Grammar",
    "solution": "Change the subject 'helyszín' to its plural form 'helyszínek' to agree with the plural predicate noun 'részei'.",
    "updated_sentence": "Glasgowban autóbérléskor a fő átvételi helyszínek a város központi részei, mint például Blythswood Hill vagy Merchant City, ahol számos szolgáltató áll rendelkezésre.",
    "severity": "Minor",
    "score_deduction": 1,
    "source_file": "2026-2027-hu-car-hire-city-09.docx",
    "url": "https://www.skyscanner.hu/autokolcsonzes-itt/autokolcsonzes-itt-glasgow/27541852.html",
    "candidate": "https://www.skyscanner.hu/autokolcsonzes-itt/autokolcsonzes-itt-glasgow/27541852.html"
  },
  {
    "text": "Ha a jogosítvány nem angol nyelven íródott, szükség van Nemzetközi Vezetői Engedélyre is.",
    "issue": "The document name 'Nemzetközi Vezetői Engedély' (International Driving Permit) is incorrectly capitalized. In Hungarian, this is a generic document type and should be treated as a common noun, written in lowercase.",
    "type_of_issue": "Punctuation/Spelling/Typos",
    "solution": "Change the capitalization of 'Nemzetközi Vezetői Engedélyre' to lowercase 'nemzetközi vezetői engedélyre'.",
    "updated_sentence": "Ha a jogosítvány nem angol nyelven íródott, szükség van nemzetközi vezetői engedélyre is.",
    "severity": "Minor",
    "score_deduction": 1,
    "source_file": "2026-2027-hu-car-hire-city-09.docx",
    "url": "https://www.skyscanner.hu/autokolcsonzes-itt/autokolcsonzes-itt-glasgow/27541852.html",
    "candidate": "https://www.skyscanner.hu/autokolcsonzes-itt/autokolcsonzes-itt-glasgow/27541852.html"
  },
  {
    "text": "Az autópályákon és gyorsforgalmi utakon a sebességhatár 112 km/h, a vidéki utakon pedig 96 km/h.",
    "issue": "For UK driving guidance, speed limits are provided only in km/h, but UK road signs exclusively use miles per hour (mph), which can cause confusion and safety issues.",
    "type_of_issue": "Compliance",
    "solution": "Add the original speed limits in mph in parentheses for clarity and user safety.",
    "updated_sentence": "Az autópályákon és gyorsforgalmi utakon a sebességhatár 112 km/h (70 mph), a vidéki utakon pedig 96 km/h (60 mph).",
    "severity": "Major",
    "score_deduction": 3,
    "source_file": "2026-2027-hu-car-hire-city-09.docx",
    "url": "https://www.skyscanner.hu/autokolcsonzes-itt/autokolcsonzes-itt-glasgow/27541852.html",
    "candidate": "https://www.skyscanner.hu/autokolcsonzes-itt/autokolcsonzes-itt-glasgow/27541852.html"
  },
  {
    "text": "Más utakon, azaz lakott területeken a sebességhatár 32-48 km/h között változhat.",
    "issue": "For UK driving guidance, speed limits are provided only in km/h, omitting the required mph values. Additionally, a hyphen is used for a numeric range instead of the correct en-dash.",
    "type_of_issue": "Compliance",
    "solution": "Add the speed limits in mph in parentheses and replace the hyphen with an en-dash as per typographic rules.",
    "updated_sentence": "Más utakon, azaz lakott területeken a sebességhatár 32–48 km/h (20–30 mph) között változhat.",
    "severity": "Major",
    "score_deduction": 3,
    "source_file": "2026-2027-hu-car-hire-city-09.docx",
    "url": "https://www.skyscanner.hu/autokolcsonzes-itt/autokolcsonzes-itt-glasgow/27541852.html",
    "candidate": "https://www.skyscanner.hu/autokolcsonzes-itt/autokolcsonzes-itt-glasgow/27541852.html"
  },
  {
    "text": "A Wheego bérelhető járművei között szerepel a kézi váltós Renault Twingo, amely napi 15 199 Ft-tól érhető el, vagy akár a kézi váltós Opel Astra is, 19 799 Ft-os kezdőáron.",
    "issue": "An unnecessary comma is placed after the word 'is', incorrectly separating it from the adverbial phrase of price.",
    "type_of_issue": "Punctuation/Spelling/Typos",
    "solution": "Remove the comma after 'is' for correct grammatical structure.",
    "updated_sentence": "A Wheego bérelhető járművei között szerepel a kézi váltós Renault Twingo, amely napi 15 199 Ft-tól érhető el, vagy akár a kézi váltós Opel Astra is 19 799 Ft-os kezdőáron.",
    "severity": "Minor",
    "score_deduction": 1,
    "source_file": "2026-2027-hu-car-hire-city-09.docx",
    "url": "https://www.skyscanner.hu/autokolcsonzes-itt/autokolcsonzes-itt-laganas/38354118.html",
    "candidate": "https://www.skyscanner.hu/autokolcsonzes-itt/autokolcsonzes-itt-laganas/38354118.html"
  },
  {
    "text": "Ez kedvezőbb árat kínál, mint a városközpontban található alternatíva, Katakolo. Több autókölcsönzési lehetőség elérhető a repülőtér területén, ami megkönnyíti a reptéren érkezők számára a gépjármű átvételét. Katakolo kicsit drágább opció, azonban a városközpont vonzereje miatt vonzó lehetőség lehet azoknak, akik a Laganas-i tartózkodásuk alatt a központi elhelyezkedést részesítik előnyben.",
    "issue": "The text presents Katakolo, a port on the Greek mainland, as a city-center car rental alternative for Laganas on the island of Zakynthos. This is a geographically impossible and misleading factual error.",
    "type_of_issue": "AI-issues",
    "solution": "Remove the incorrect location 'Katakolo' and replace it with a generic reference to city-center rental options.",
    "updated_sentence": "Ez kedvezőbb árat kínál, mint a városközponti bérlés. Több autókölcsönzési lehetőség elérhető a repülőtér területén, ami megkönnyíti a reptéren érkezők számára a gépjármű átvételét. A városközponti átvétel kicsit drágább opció, azonban a városközpont vonzereje miatt vonzó lehetőség lehet azoknak, akik a Laganas-i tartózkodásuk alatt a központi elhelyezkedést részesítik előnyben.",
    "severity": "Major",
    "score_deduction": 3,
    "source_file": "2026-2027-hu-car-hire-city-09.docx",
    "url": "https://www.skyscanner.hu/autokolcsonzes-itt/autokolcsonzes-itt-laganas/38354118.html",
    "candidate": "https://www.skyscanner.hu/autokolcsonzes-itt/autokolcsonzes-itt-laganas/38354118.html"
  },
  {
    "text": "Ezek közül a legnépszerűbb az H-Lead, amely mellett a Thrifty és az Auto-Union is jelentős szereppel bír.",
    "issue": "The definite article 'az' is used incorrectly before a word beginning with a consonant sound ('H').",
    "type_of_issue": "Grammar",
    "solution": "Change the definite article from 'az' to 'a' to follow Hungarian grammar rules.",
    "updated_sentence": "Ezek közül a legnépszerűbb a H-Lead, amely mellett a Thrifty és az Auto-Union is jelentős szereppel bír.",
    "severity": "Minor",
    "score_deduction": 1,
    "source_file": "2026-2027-hu-car-hire-city-09.docx",
    "url": "https://www.skyscanner.hu/autokolcsonzes-itt/autokolcsonzes-itt-laganas/38354118.html",
    "candidate": "https://www.skyscanner.hu/autokolcsonzes-itt/autokolcsonzes-itt-laganas/38354118.html"
  },
  {
    "text": "Nemzetközi Vezetői Engedély általában nem kell az EU/EGT, Svájc, Norvégia, Liechtenstein, Izland, USA, Kanada, Ausztrália vagy az Egyesült Királyság állampolgárainak.",
    "issue": "The common noun phrase 'Vezetői Engedély' (driving license) is capitalized incorrectly as if it were a proper name.",
    "type_of_issue": "Punctuation/Spelling/Typos",
    "solution": "Change 'Vezetői Engedély' to lowercase 'vezetői engedély' to align with standard Hungarian capitalization rules for common nouns.",
    "updated_sentence": "Nemzetközi vezetői engedély általában nem kell az EU/EGT, Svájc, Norvégia, Liechtenstein, Izland, USA, Kanada, Ausztrália vagy az Egyesült Királyság állampolgárainak.",
    "severity": "Minor",
    "score_deduction": 1,
    "source_file": "2026-2027-hu-car-hire-city-09.docx",
    "url": "https://www.skyscanner.hu/autokolcsonzes-itt/autokolcsonzes-itt-laganas/38354118.html",
    "candidate": "https://www.skyscanner.hu/autokolcsonzes-itt/autokolcsonzes-itt-laganas/38354118.html"
  },
  {
    "text": "Az autópályákon a megengedett legnagyobb sebesség 120 km/h, az autóutakon és a vidéki utakon 90 km/h, míg más utakon általában 50 km/h.",
    "issue": "A non-breaking space is required between a number and its unit according to Hungarian typographical rules. This pattern repeats.",
    "type_of_issue": "Compliance",
    "solution": "Insert a space between the numbers and the 'km/h' unit.",
    "updated_sentence": "Az autópályákon a megengedett legnagyobb sebesség 120 km/h, az autóutakon és a vidéki utakon 90 km/h, míg más utakon általában 50 km/h.",
    "severity": "Minor",
    "score_deduction": 1,
    "source_file": "2026-2027-hu-car-hire-city-09.docx",
    "url": "https://www.skyscanner.hu/autokolcsonzes-itt/autokolcsonzes-itt-laganas/38354118.html",
    "candidate": "https://www.skyscanner.hu/autokolcsonzes-itt/autokolcsonzes-itt-laganas/38354118.html"
  },
  {
    "text": "Ha kézi váltós autót keresel, a WIBER kínálatában megfontolhatod a kézi váltós Skoda Scala modellt kezdőárban, napi 10 220 Ft-ért.",
    "issue": "The word 'kezdőárban' uses an incorrect case suffix (-ban) which is unidiomatic in this context and inconsistent with 'kezdőáron' used later in the paragraph.",
    "type_of_issue": "Grammar",
    "solution": "Change the case suffix to '-on' to form the correct and idiomatic 'kezdőáron' (at a starting price).",
    "updated_sentence": "Ha kézi váltós autót keresel, a WIBER kínálatában megfontolhatod a kézi váltós Skoda Scala modellt kezdőáron, napi 10 220 Ft-ért.",
    "severity": "Minor",
    "score_deduction": 1,
    "source_file": "2026-2027-hu-car-hire-city-09.docx",
    "url": "https://www.skyscanner.hu/autokolcsonzes-itt/autokolcsonzes-itt-ibiza/27542788.html",
    "candidate": "https://www.skyscanner.hu/autokolcsonzes-itt/autokolcsonzes-itt-ibiza/27542788.html"
  },
  {
    "text": "Ibizán az autóbérlési lehetőségek középpontjában az Ibiza Repülőtér áll, ahol autókat vehetsz fel napi 10 220 Ft kezdőártól.",
    "issue": "A standard space is used between the number and the currency unit instead of a non-breaking space, which is required by Hungarian typography rules.",
    "type_of_issue": "Punctuation/Spelling/Typos",
    "solution": "Replace the standard space between '10 220' and 'Ft' with a non-breaking space to prevent incorrect line wrapping.",
    "updated_sentence": "Ibizán az autóbérlési lehetőségek középpontjában az Ibiza Repülőtér áll, ahol autókat vehetsz fel napi 10 220 Ft kezdőártól.",
    "severity": "Minor",
    "score_deduction": 1,
    "source_file": "2026-2027-hu-car-hire-city-09.docx",
    "url": "https://www.skyscanner.hu/autokolcsonzes-itt/autokolcsonzes-itt-ibiza/27542788.html",
    "candidate": "https://www.skyscanner.hu/autokolcsonzes-itt/autokolcsonzes-itt-ibiza/27542788.html"
  },
  {
    "text": "Az autóbérlési helyszínek számát tekintve, a repülőtér egy kényelmes kiindulópontot nyújt.",
    "issue": "An unnecessary comma is used after the introductory adverbial phrase ('tekintve'), which violates standard Hungarian punctuation rules.",
    "type_of_issue": "Punctuation/Spelling/Typos",
    "solution": "Remove the comma after the word 'tekintve' for correct punctuation.",
    "updated_sentence": "Az autóbérlési helyszínek számát tekintve a repülőtér egy kényelmes kiindulópontot nyújt.",
    "severity": "Minor",
    "score_deduction": 1,
    "source_file": "2026-2027-hu-car-hire-city-09.docx",
    "url": "https://www.skyscanner.hu/autokolcsonzes-itt/autokolcsonzes-itt-ibiza/27542788.html",
    "candidate": "https://www.skyscanner.hu/autokolcsonzes-itt/autokolcsonzes-itt-ibiza/27542788.html"
  },
  {
    "text": "Az autópályákon a megengedett legnagyobb sebesség 120 km/h, az expressz utak esetében 100 km/h, vidéki utakon pedig 90 km/h.",
    "issue": "A non-breaking space is required between a number and its unit (km/h) as per Hungarian typographical rules. This pattern repeats with '50 km/h' in the following sentence.",
    "type_of_issue": "Punctuation/Spelling/Typos",
    "solution": "Insert a non-breaking space between the numbers and the 'km/h' unit.",
    "updated_sentence": "Az autópályákon a megengedett legnagyobb sebesség 120 km/h, az expressz utak esetében 100 km/h, vidéki utakon pedig 90 km/h.",
    "severity": "Minor",
    "score_deduction": 1,
    "source_file": "2026-2027-hu-car-hire-city-09.docx",
    "url": "https://www.skyscanner.hu/autokolcsonzes-itt/autokolcsonzes-itt-ibiza/27542788.html",
    "candidate": "https://www.skyscanner.hu/autokolcsonzes-itt/autokolcsonzes-itt-ibiza/27542788.html"
  },
  {
    "text": "Az országban néhány \"autopista\" autópálya díjköteles, ezeket az AP jel vagy a \"peaje\" jelzés mutatja.",
    "issue": "Incorrect quotation marks were used. Hungarian typography requires the „…” style instead of the standard \"...\" style.",
    "type_of_issue": "Punctuation/Spelling/Typos",
    "solution": "Replace the standard double quotes with the correct Hungarian opening („) and closing (”) quotation marks.",
    "updated_sentence": "Az országban néhány „autopista” autópálya díjköteles, ezeket az AP jel vagy a „peaje” jelzés mutatja.",
    "severity": "Minor",
    "score_deduction": 1,
    "source_file": "2026-2027-hu-car-hire-city-09.docx",
    "url": "https://www.skyscanner.hu/autokolcsonzes-itt/autokolcsonzes-itt-ibiza/27542788.html",
    "candidate": "https://www.skyscanner.hu/autokolcsonzes-itt/autokolcsonzes-itt-ibiza/27542788.html"
  },
  {
    "text": "Az Oslo központjában és annak környékén található több autóbérlési helyszín alternatívaként szolgálhat, de árban nem érhetők el a repülőtéri opcióhoz képest.",
    "issue": "The phrase \"nem érhetők el\" (are not available/reachable) is semantically incorrect for a price comparison, which materially impairs the reader's understanding of the sentence.",
    "type_of_issue": "Accuracy",
    "solution": "Replace the phrase with one that correctly expresses a price comparison, such as \"nem olyan kedvezőek, mint\" (are not as favorable as).",
    "updated_sentence": "Az Oslo központjában és annak környékén található több autóbérlési helyszín alternatívaként szolgálhat, de árban nem olyan kedvezőek, mint a repülőtéri opció.",
    "severity": "Major",
    "score_deduction": 3,
    "source_file": "2026-2027-hu-car-hire-city-09.docx",
    "url": "https://www.skyscanner.hu/autokolcsonzes-itt/autokolcsonzes-itt-oslo/27538634.html",
    "candidate": "https://www.skyscanner.hu/autokolcsonzes-itt/autokolcsonzes-itt-oslo/27538634.html"
  },
  {
    "text": "Oslóban összesen hat autóbérlési szolgáltató közül választhatsz, a legnépszerűbb ezek közül a Hertz. A Hertz mellett a Sixt és a Budget is a legkeresettebb szolgáltatók közé tartozik. Autóbérléshez legalább 21 évesnek kell lenned, és sok szolgáltató fiatal vezetői pótdíjat alkalmaz, ha 25 év alatti vagy. Vezetni 18 éves kortól lehet. Autóbérléshez mindig szükség van érvényes személyazonosító igazolványra vagy útlevélre és érvényes vezetői engedélyre. Nem szükséges nemzetközi vezetői engedély az EU/EGT engedélyekhez, de szükség van rá, ha nem EU/EGT vezetői engedélyed nem angol vagy skandináv nyelvű.",
    "issue": "The single paragraph combines multiple distinct topics (providers, age limits, document requirements), which makes the text difficult to scan.",
    "type_of_issue": "Style",
    "solution": "Split the text into three separate, focused paragraphs to improve readability and scannability.",
    "updated_sentence": "Oslóban összesen hat autóbérlési szolgáltató közül választhatsz, a legnépszerűbb ezek közül a Hertz. A Hertz mellett a Sixt és a Budget is a legkeresettebb szolgáltatók közé tartozik.\n\nAutóbérléshez legalább 21 évesnek kell lenned, és sok szolgáltató fiatal vezetői pótdíjat alkalmaz, ha 25 év alatti vagy. Vezetni 18 éves kortól lehet.\n\nAutóbérléshez mindig szükség van érvényes személyazonosító igazolványra vagy útlevélre és érvényes vezetői engedélyre. Nem szükséges nemzetközi vezetői engedély az EU/EGT engedélyekhez, de szükség van rá, ha nem EU/EGT vezetői engedélyed nem angol vagy skandináv nyelvű.",
    "severity": "Minor",
    "score_deduction": 1,
    "source_file": "2026-2027-hu-car-hire-city-09.docx",
    "url": "https://www.skyscanner.hu/autokolcsonzes-itt/autokolcsonzes-itt-oslo/27538634.html",
    "candidate": "https://www.skyscanner.hu/autokolcsonzes-itt/autokolcsonzes-itt-oslo/27538634.html"
  },
  {
    "text": "Nem szükséges nemzetközi vezetői engedély az EU/EGT engedélyekhez, de szükség van rá, ha nem EU/EGT vezetői engedélyed nem angol vagy skandináv nyelvű.",
    "issue": "The phrase \"nem EU/EGT vezetői engedélyed\" is a grammatically incorrect and unnatural construction in Hungarian.",
    "type_of_issue": "Grammar",
    "solution": "Rephrase to the grammatically correct and natural form \"az EU/EGT-n kívüli vezetői engedélyed\".",
    "updated_sentence": "Nem szükséges nemzetközi vezetői engedély az EU/EGT engedélyekhez, de szükség van rá, ha az EU/EGT-n kívüli vezetői engedélyed nem angol vagy skandináv nyelvű.",
    "severity": "Minor",
    "score_deduction": 1,
    "source_file": "2026-2027-hu-car-hire-city-09.docx",
    "url": "https://www.skyscanner.hu/autokolcsonzes-itt/autokolcsonzes-itt-oslo/27538634.html",
    "candidate": "https://www.skyscanner.hu/autokolcsonzes-itt/autokolcsonzes-itt-oslo/27538634.html"
  },
  {
    "text": "Viszonylag alacsonyabb árakkal rendelkezik, mint a város központjának különböző pontjai, például Wichit vagy Kathu.",
    "issue": "The compound noun 'városközpont' (city center) is incorrectly written as two separate words.",
    "type_of_issue": "Punctuation/Spelling/Typos",
    "solution": "Combine 'város központjának' into the correct single word form, 'városközpontjának'.",
    "updated_sentence": "Viszonylag alacsonyabb árakkal rendelkezik, mint a városközpontjának különböző pontjai, például Wichit vagy Kathu.",
    "severity": "Minor",
    "score_deduction": 1,
    "source_file": "2026-2027-hu-car-hire-city-09.docx",
    "url": "https://www.skyscanner.hu/autokolcsonzes-itt/autokolcsonzes-itt-phuket/27542069.html",
    "candidate": "https://www.skyscanner.hu/autokolcsonzes-itt/autokolcsonzes-itt-phuket/27542069.html"
  },
  {
    "text": "Az autópályákon a megengedett legnagyobb sebesség 120 km/h, míg az expresszutakon és az országutakon 90 km/h.",
    "issue": "A space is missing between the number and the 'km/h' unit, which is required by Hungarian typography rules. This pattern repeats for all speed limits mentioned.",
    "type_of_issue": "Punctuation/Spelling/Typos",
    "solution": "Insert a space between the number and the unit symbol in all instances.",
    "updated_sentence": "Az autópályákon a megengedett legnagyobb sebesség 120 km/h, míg az expresszutakon és az országutakon 90 km/h.",
    "severity": "Minor",
    "score_deduction": 1,
    "source_file": "2026-2027-hu-car-hire-city-09.docx",
    "url": "https://www.skyscanner.hu/autokolcsonzes-itt/autokolcsonzes-itt-phuket/27542069.html",
    "candidate": "https://www.skyscanner.hu/autokolcsonzes-itt/autokolcsonzes-itt-phuket/27542069.html"
  },
  {
    "text": "Az ideális időpont a foglalásra kevesebb mint egy héttel korábban, ezzel biztosítható a legjobb ár elérése.",
    "issue": "The sentence contains a comma splice, where two independent clauses are incorrectly joined by a comma.",
    "type_of_issue": "Grammar",
    "solution": "Split the sentence into two separate, complete sentences to correct the grammatical structure. Add the omitted verb 'van' (is) to the first clause for clarity.",
    "updated_sentence": "Az ideális időpont a foglalásra kevesebb mint egy héttel korábban van. Ezzel biztosítható a legjobb ár elérése.",
    "severity": "Minor",
    "score_deduction": 1,
    "source_file": "2026-2027-hu-car-hire-city-09.docx",
    "url": "https://www.skyscanner.hu/autokolcsonzes-itt/autokolcsonzes-itt-munchen/27545034.html",
    "candidate": "https://www.skyscanner.hu/autokolcsonzes-itt/autokolcsonzes-itt-munchen/27545034.html"
  },
  {
    "text": "Az automata Toyota Corolla, szintén a Flex To Go-tól, három csomagot képes szállítani napi 9 811 Ft-ért.",
    "issue": "The term 'csomagot' (packages) is imprecise in this context; 'poggyászt' (luggage) is the standard and more accurate term for vehicle capacity.",
    "type_of_issue": "Accuracy",
    "solution": "Replace 'csomagot' with the more precise term 'poggyászt'.",
    "updated_sentence": "Az automata Toyota Corolla, szintén a Flex To Go-tól, három poggyászt képes szállítani napi 9 811 Ft-ért.",
    "severity": "Minor",
    "score_deduction": 1,
    "source_file": "2026-2027-hu-car-hire-city-09.docx",
    "url": "https://www.skyscanner.hu/autokolcsonzes-itt/autokolcsonzes-itt-munchen/27545034.html",
    "candidate": "https://www.skyscanner.hu/autokolcsonzes-itt/autokolcsonzes-itt-munchen/27545034.html"
  },
  {
    "text": "Az árak kedvezőbbek lehetnek itt, mint például a München Repülőtéren.",
    "issue": "Incorrect grammatical form and capitalization for the place name 'Munich Airport'. The standard Hungarian construction requires the adjectival form 'Müncheni', and the following common noun 'repülőtéren' should be in lowercase, consistent with 'Müncheni főpályaudvar' used in the first sentence.",
    "type_of_issue": "Grammar",
    "solution": "Change 'München Repülőtéren' to the correct form 'Müncheni repülőtéren'.",
    "updated_sentence": "Az árak kedvezőbbek lehetnek itt, mint például a Müncheni repülőtéren.",
    "severity": "Minor",
    "score_deduction": 1,
    "source_file": "2026-2027-hu-car-hire-city-09.docx",
    "url": "https://www.skyscanner.hu/autokolcsonzes-itt/autokolcsonzes-itt-munchen/27545034.html",
    "candidate": "https://www.skyscanner.hu/autokolcsonzes-itt/autokolcsonzes-itt-munchen/27545034.html"
  },
  {
    "text": "Az autópályákon nincs sebességkorlátozás, de az ajánlott utazósebesség 130 km/h.",
    "issue": "A non-breaking space is required between a number and its unit according to Hungarian typographic rules. This pattern repeats with '100 km/h', '50 km/h', and '3,5 tonnát'.",
    "type_of_issue": "Punctuation/Spelling/Typos",
    "solution": "Insert a non-breaking space between the number and the unit.",
    "updated_sentence": "Az autópályákon nincs sebességkorlátozás, de az ajánlott utazósebesség 130 km/h.",
    "severity": "Minor",
    "score_deduction": 1,
    "source_file": "2026-2027-hu-car-hire-city-09.docx",
    "url": "https://www.skyscanner.hu/autokolcsonzes-itt/autokolcsonzes-itt-munchen/27545034.html",
    "candidate": "https://www.skyscanner.hu/autokolcsonzes-itt/autokolcsonzes-itt-munchen/27545034.html"
  },
  {
    "text": "Torrevieja városában a legolcsóbb autóbérlés napi 9 732 Ft. Az éves átlagár napi 17 398 Ft körül alakul, így lehetőséged van kedvező ajánlatokra találni, különösen az év egyes időszakaiban. December az a hónap, amikor rendszerint a legalacsonyabb árak érhetők el, ezért ilyenkor érdemes autót bérelni. Arra is figyelni kell, hogy az ideális foglalási időpont kevesebb mint egy héttel korábban van, így jobb eséllyel találhatsz kedvező díjakat.",
    "issue": "The paragraph combines multiple distinct tips (price context, best month, best booking window) into a single block of text, which makes it dense and hard to scan.",
    "type_of_issue": "Style",
    "solution": "Split the paragraph into shorter, separate paragraphs, each focusing on a single idea to improve scannability and readability.",
    "updated_sentence": "Torrevieja városában a legolcsóbb autóbérlés napi 9 732 Ft. Az éves átlagár napi 17 398 Ft körül alakul, így lehetőséged van kedvező ajánlatokra találni, különösen az év egyes időszakaiban.\n\nDecember az a hónap, amikor rendszerint a legalacsonyabb árak érhetők el, ezért ilyenkor érdemes autót bérelni.\n\nArra is figyelni kell, hogy az ideális foglalási időpont kevesebb mint egy héttel korábban van, így jobb eséllyel találhatsz kedvező díjakat.",
    "severity": "Minor",
    "score_deduction": 1,
    "source_file": "2026-2027-hu-car-hire-city-09.docx",
    "url": "https://www.skyscanner.hu/autokolcsonzes-itt/autokolcsonzes-itt-torrevieja/29485447.html",
    "candidate": "https://www.skyscanner.hu/autokolcsonzes-itt/autokolcsonzes-itt-torrevieja/29485447.html"
  },
  {
    "text": "Az átvétel itt általában olcsóbb, mint a városi központok mélyen.",
    "issue": "The adverb „mélyen” (deeply) is used incorrectly to express location. The noun requires a locative suffix (-ban/-ben) instead.",
    "type_of_issue": "Grammar",
    "solution": "Replace the incorrect phrase „városi központok mélyen” with the grammatically correct „városközpontokban” (in the city centers).",
    "updated_sentence": "Az átvétel itt általában olcsóbb, mint a városközpontokban.",
    "severity": "Minor",
    "score_deduction": 1,
    "source_file": "2026-2027-hu-car-hire-city-09.docx",
    "url": "https://www.skyscanner.hu/autokolcsonzes-itt/autokolcsonzes-itt-torrevieja/29485447.html",
    "candidate": "https://www.skyscanner.hu/autokolcsonzes-itt/autokolcsonzes-itt-torrevieja/29485447.html"
  },
  {
    "text": "Autó bérléséhez minden esetben érvényes személyazonosító igazolvány vagy útlevél, valamint érvényes vezetői engedély szükséges.",
    "issue": "The compound noun 'autóbérlés' (car hire) is incorrectly written as two separate words.",
    "type_of_issue": "Punctuation/Spelling/Typos",
    "solution": "Combine 'Autó bérléséhez' into the correct single compound word 'Autóbérléshez'.",
    "updated_sentence": "Autóbérléshez minden esetben érvényes személyazonosító igazolvány vagy útlevél, valamint érvényes vezetői engedély szükséges.",
    "severity": "Minor",
    "score_deduction": 1,
    "source_file": "2026-2027-hu-car-hire-city-09.docx",
    "url": "https://www.skyscanner.hu/autokolcsonzes-itt/autokolcsonzes-itt-torrevieja/29485447.html",
    "candidate": "https://www.skyscanner.hu/autokolcsonzes-itt/autokolcsonzes-itt-torrevieja/29485447.html"
  },
  {
    "text": "Az optimális foglalási időpont kevesebb mint egy héttel korábban van az utazás előtt, így biztosítani tudod a lehető legjobb ajánlatot.",
    "issue": "The use of \"korábban\" (earlier) and \"előtt\" (before) together is redundant and makes the sentence structure awkward.",
    "type_of_issue": "Style",
    "solution": "Remove the redundant word \"korábban\" to improve clarity and create a more natural sentence flow.",
    "updated_sentence": "Az optimális foglalási időpont kevesebb mint egy héttel van az utazás előtt, így biztosítani tudod a lehető legjobb ajánlatot.",
    "severity": "Minor",
    "score_deduction": 1,
    "source_file": "2026-2027-hu-car-hire-city-09.docx",
    "url": "https://www.skyscanner.hu/autokolcsonzes-itt/autokolcsonzes-itt-salerno/27546115.html",
    "candidate": "https://www.skyscanner.hu/autokolcsonzes-itt/autokolcsonzes-itt-salerno/27546115.html"
  },
  {
    "text": "A Salerno Costa d'Amalfi Repülőtér mellett érdemes lehet a Nápoly Naples International Repülőtér mellett dönteni, mivel az ára még versenyképesebb.",
    "issue": "The airport name is redundant as it includes both the Hungarian (\"Nápoly\") and English (\"Naples\") names for the same city.",
    "type_of_issue": "Accuracy",
    "solution": "Remove the redundant Hungarian city name \"Nápoly\" for clarity and correctness.",
    "updated_sentence": "A Salerno Costa d'Amalfi Repülőtér mellett érdemes lehet a Naples International Repülőtér mellett dönteni, mivel az ára még versenyképesebb.",
    "severity": "Minor",
    "score_deduction": 1,
    "source_file": "2026-2027-hu-car-hire-city-09.docx",
    "url": "https://www.skyscanner.hu/autokolcsonzes-itt/autokolcsonzes-itt-salerno/27546115.html",
    "candidate": "https://www.skyscanner.hu/autokolcsonzes-itt/autokolcsonzes-itt-salerno/27546115.html"
  },
  {
    "text": "Az árak változatosak, figyelembe véve a konkrét bérlési helyszínt, szállítók számát és az elérhető járművek választékát.",
    "issue": "The term 'szállítók' violates the glossary, which mandates 'szolgáltatók' for 'provider' in the car hire context.",
    "type_of_issue": "Compliance",
    "solution": "Replace 'szállítók' with the mandated glossary term 'szolgáltatók'.",
    "updated_sentence": "Az árak változatosak, figyelembe véve a konkrét bérlési helyszínt, szolgáltatók számát és az elérhető járművek választékát.",
    "severity": "Minor",
    "score_deduction": 1,
    "source_file": "2026-2027-hu-car-hire-city-09.docx",
    "url": "https://www.skyscanner.hu/autokolcsonzes-itt/autokolcsonzes-itt-salerno/27546115.html",
    "candidate": "https://www.skyscanner.hu/autokolcsonzes-itt/autokolcsonzes-itt-salerno/27546115.html"
  },
  {
    "text": "Az ország autópályahálózata zárt jegyrendszert alkalmaz: a járművezetők a belépéskor jegyet vesznek, és a megtett távolság alapon fizetnek a kilépéskor, készpénz, bankkártya vagy a Telepass transzponder segítségével.",
    "issue": "The nouns in the list of payment methods ('készpénz', 'bankkártya') are in the nominative case, but the context of paying with something requires the instrumental case.",
    "type_of_issue": "Grammar",
    "solution": "Change 'készpénz' to 'készpénzzel' and 'bankkártya' to 'bankkártyával' to use the correct instrumental case (-val/-vel) consistent with the structure of the list.",
    "updated_sentence": "Az ország autópályahálózata zárt jegyrendszert alkalmaz: a járművezetők a belépéskor jegyet vesznek, és a megtett távolság alapon fizetnek a kilépéskor, készpénzzel, bankkártyával vagy a Telepass transzponder segítségével.",
    "severity": "Minor",
    "score_deduction": 1,
    "source_file": "2026-2027-hu-car-hire-city-09.docx",
    "url": "https://www.skyscanner.hu/autokolcsonzes-itt/autokolcsonzes-itt-salerno/27546115.html",
    "candidate": "https://www.skyscanner.hu/autokolcsonzes-itt/autokolcsonzes-itt-salerno/27546115.html"
  },
  {
    "text": "Stockholmban a legolcsóbb autóbérlés ára jelenleg 1 886 Ft. Az éves átlagár 17 439 Ft, ami jelentős eltéréshez vezethet az árszintek között.",
    "issue": "The currency for a Swedish location (Stockholm) is presented in Hungarian Forint (Ft) without clarification, which is misleading as the local currency is the Swedish Krona (SEK).",
    "type_of_issue": "Accuracy",
    "solution": "Add 'kb.' (approximately) before each HUF amount to clarify that it is a converted price for user reference.",
    "updated_sentence": "Stockholmban a legolcsóbb autóbérlés ára jelenleg kb. 1 886 Ft. Az éves átlagár kb. 17 439 Ft, ami jelentős eltéréshez vezethet az árszintek között.",
    "severity": "Major",
    "score_deduction": 3,
    "source_file": "2026-2027-hu-car-hire-city-10.docx",
    "url": "https://www.skyscanner.hu/autokolcsonzes-itt/autokolcsonzes-itt-stockholm/27539477.html",
    "candidate": "https://www.skyscanner.hu/autokolcsonzes-itt/autokolcsonzes-itt-stockholm/27539477.html"
  },
  {
    "text": "Az Europcar egy automata SEAT Arona-t kínál napi 18 174 Ft-ért, korlátlan kilométerrel és ingyenes lemondással.",
    "issue": "According to Hungarian orthography, the accusative suffix should be appended directly to a foreign proper name ending in a pronounced vowel, without a hyphen.",
    "type_of_issue": "Grammar",
    "solution": "Remove the hyphen in 'Arona-t' and attach the suffix directly, resulting in 'Aronát'.",
    "updated_sentence": "Az Europcar egy automata SEAT Aronát kínál napi 18 174 Ft-ért, korlátlan kilométerrel és ingyenes lemondással.",
    "severity": "Minor",
    "score_deduction": 1,
    "source_file": "2026-2027-hu-car-hire-city-10.docx",
    "url": "https://www.skyscanner.hu/autokolcsonzes-itt/autokolcsonzes-itt-stockholm/27539477.html",
    "candidate": "https://www.skyscanner.hu/autokolcsonzes-itt/autokolcsonzes-itt-stockholm/27539477.html"
  },
  {
    "text": "Az Sixt pedig egy automata Audi A4 Avant modellnél kezdődő áron 1 886 Ft-ért indít.",
    "issue": "The sentence contains multiple errors: an incorrect article ('Az' instead of 'A'), an implausibly low price that contradicts other figures in the text, and a convoluted sentence structure that hinders clarity.",
    "type_of_issue": "Accuracy",
    "solution": "Change the article to 'A', correct the price to a plausible '18 860 Ft' based on context, and rephrase the sentence to be clear and direct.",
    "updated_sentence": "A Sixt pedig egy automata Audi A4 Avant modellt kínál 18 860 Ft kezdőártól.",
    "severity": "Major",
    "score_deduction": 3,
    "source_file": "2026-2027-hu-car-hire-city-10.docx",
    "url": "https://www.skyscanner.hu/autokolcsonzes-itt/autokolcsonzes-itt-stockholm/27539477.html",
    "candidate": "https://www.skyscanner.hu/autokolcsonzes-itt/autokolcsonzes-itt-stockholm/27539477.html"
  },
  {
    "text": "A kezdőárak ezekben a helyszínekben megegyeznek, és általában kedvezőbbek, mint a Stockholm Arlanda Repülőtéren vagy a belvárosi helyszíneken.",
    "issue": "The inessive case ('-ben') is used for 'helyszínek', but the superessive case ('-en') is required in this context.",
    "type_of_issue": "Grammar",
    "solution": "Change 'helyszínekben' to 'helyszíneken' for correct grammatical case usage.",
    "updated_sentence": "A kezdőárak ezeken a helyszíneken megegyeznek, és általában kedvezőbbek, mint a Stockholm Arlanda Repülőtéren vagy a belvárosi helyszíneken.",
    "severity": "Minor",
    "score_deduction": 1,
    "source_file": "2026-2027-hu-car-hire-city-10.docx",
    "url": "https://www.skyscanner.hu/autokolcsonzes-itt/autokolcsonzes-itt-stockholm/27539477.html",
    "candidate": "https://www.skyscanner.hu/autokolcsonzes-itt/autokolcsonzes-itt-stockholm/27539477.html"
  },
  {
    "text": "A minimum vezetési életkor 18 év.",
    "issue": "The word 'minimum' is incorrectly used as an adjective. The correct Hungarian form, 'minimális', was used in a previous sentence, creating an inconsistency.",
    "type_of_issue": "Grammar",
    "solution": "Replace 'minimum' with the correct adjective 'minimális' to ensure grammatical correctness and consistency.",
    "updated_sentence": "A minimális vezetési életkor 18 év.",
    "severity": "Minor",
    "score_deduction": 1,
    "source_file": "2026-2027-hu-car-hire-city-10.docx",
    "url": "https://www.skyscanner.hu/autokolcsonzes-itt/autokolcsonzes-itt-stockholm/27539477.html",
    "candidate": "https://www.skyscanner.hu/autokolcsonzes-itt/autokolcsonzes-itt-stockholm/27539477.html"
  },
  {
    "text": "Az autópályákon a sebességhatár 120 km/h, míg a gyorsforgalmi utakon 90 km/h.",
    "issue": "A non-breaking space is required between a number and its unit (km/h) to prevent improper line breaks, as per Hungarian typographic rules. Pattern repeats in similar sentences.",
    "type_of_issue": "Punctuation/Spelling/Typos",
    "solution": "Replace the regular space with a non-breaking space (NBSP) between the numbers and the 'km/h' unit.",
    "updated_sentence": "Az autópályákon a sebességhatár 120 km/h, míg a gyorsforgalmi utakon 90 km/h.",
    "severity": "Minor",
    "score_deduction": 1,
    "source_file": "2026-2027-hu-car-hire-city-10.docx",
    "url": "https://www.skyscanner.hu/autokolcsonzes-itt/autokolcsonzes-itt-stockholm/27539477.html",
    "candidate": "https://www.skyscanner.hu/autokolcsonzes-itt/autokolcsonzes-itt-stockholm/27539477.html"
  },
  {
    "text": "éS a varsói úticél így is kiváló kiindulópont az autós kirándulásokhoz.",
    "issue": "The first word of the sentence, \"éS\", is incorrectly capitalized with a lowercase accented letter followed by an uppercase letter.",
    "type_of_issue": "Punctuation/Spelling/Typos",
    "solution": "Correct the capitalization of the first word to \"És\" to properly start the sentence.",
    "updated_sentence": "És a varsói úticél így is kiváló kiindulópont az autós kirándulásokhoz.",
    "severity": "Minor",
    "score_deduction": 1,
    "source_file": "2026-2027-hu-car-hire-city-10.docx",
    "url": "https://www.skyscanner.hu/autokolcsonzes-itt/autokolcsonzes-itt-varso/27547454.html",
    "candidate": "https://www.skyscanner.hu/autokolcsonzes-itt/autokolcsonzes-itt-varso/27547454.html"
  },
  {
    "text": "Ha több csomagod van, a Carwiz kézi váltós SEAT Leon-ja kínálja a legtöbb csomagtért, napi 6 479 Ft áron.",
    "issue": "The possessive suffix '-ja' is incorrectly attached with a hyphen to the proper name 'Leon', which ends in a consonant that is pronounced the same as it is written.",
    "type_of_issue": "Punctuation/Spelling/Typos",
    "solution": "According to Hungarian orthography (AkH. 216. a)), the suffix should be attached directly to the name without a hyphen. Change 'Leon-ja' to 'Leonja'.",
    "updated_sentence": "Ha több csomagod van, a Carwiz kézi váltós SEAT Leonja kínálja a legtöbb csomagtért, napi 6 479 Ft áron.",
    "severity": "Minor",
    "score_deduction": 1,
    "source_file": "2026-2027-hu-car-hire-city-10.docx",
    "url": "https://www.skyscanner.hu/autokolcsonzes-itt/autokolcsonzes-itt-varso/27547454.html",
    "candidate": "https://www.skyscanner.hu/autokolcsonzes-itt/autokolcsonzes-itt-varso/27547454.html"
  },
  {
    "text": "A városi pickup pontok, például Śródmieście Południowe, szintén elérhető opciók.",
    "issue": "The English term 'pickup' was used instead of its Hungarian equivalent 'átvételi', which is derived from the glossary term for 'pick-up' ('átvétel').",
    "type_of_issue": "Compliance",
    "solution": "Replace the unlocalized term 'pickup' with the correct Hungarian adjectival form 'átvételi' to align with the glossary.",
    "updated_sentence": "A városi átvételi pontok, például Śródmieście Południowe, szintén elérhető opciók.",
    "severity": "Minor",
    "score_deduction": 1,
    "source_file": "2026-2027-hu-car-hire-city-10.docx",
    "url": "https://www.skyscanner.hu/autokolcsonzes-itt/autokolcsonzes-itt-varso/27547454.html",
    "candidate": "https://www.skyscanner.hu/autokolcsonzes-itt/autokolcsonzes-itt-varso/27547454.html"
  },
  {
    "text": "Katowice-ban a Volkswagen Polo a legnépszerűbb autó kis mérete és praktikus parkolhatósága miatt.",
    "issue": "The locative suffix '-ban' is incorrect for the city name 'Katowice' due to Hungarian vowel harmony rules. The correct suffix is '-ben'.",
    "type_of_issue": "Grammar",
    "solution": "Change 'Katowice-ban' to 'Katowicében' to apply the correct grammatical suffix.",
    "updated_sentence": "Katowicében a Volkswagen Polo a legnépszerűbb autó kis mérete és praktikus parkolhatósága miatt.",
    "severity": "Minor",
    "score_deduction": 1,
    "source_file": "2026-2027-hu-car-hire-city-10.docx",
    "url": "https://www.skyscanner.hu/autokolcsonzes-itt/autokolcsonzes-itt-katowice/27543914.html",
    "candidate": "https://www.skyscanner.hu/autokolcsonzes-itt/autokolcsonzes-itt-katowice/27543914.html"
  },
  {
    "text": "A Wheego kézi váltós Kia Picanto modellje is rendelkezésre áll, napi 5 329 Ft-tól, azoknak, akik kisebb saját autóra vágynak alacsony áron.",
    "issue": "The word 'saját' (own) is semantically incorrect in the context of renting a car, as it suggests a desire for ownership rather than temporary use.",
    "type_of_issue": "Accuracy",
    "solution": "Remove the word 'saját' to accurately reflect that the user is looking to rent a car, not own one.",
    "updated_sentence": "A Wheego kézi váltós Kia Picanto modellje is rendelkezésre áll, napi 5 329 Ft-tól, azoknak, akik kisebb autóra vágynak alacsony áron.",
    "severity": "Major",
    "score_deduction": 3,
    "source_file": "2026-2027-hu-car-hire-city-10.docx",
    "url": "https://www.skyscanner.hu/autokolcsonzes-itt/autokolcsonzes-itt-katowice/27543914.html",
    "candidate": "https://www.skyscanner.hu/autokolcsonzes-itt/autokolcsonzes-itt-katowice/27543914.html"
  },
  {
    "text": "A Katowice Repülőtér számos szolgáltatót biztosít, és azok 35 területen érhetők el.",
    "issue": "The claim that car rental providers are available in \"35 areas\" at the airport is nonsensical and factually incorrect within the context, severely impairing comprehension.",
    "type_of_issue": "Accuracy",
    "solution": "Remove the inaccurate and confusing numerical detail to state simply that many providers are available.",
    "updated_sentence": "A Katowice Repülőtéren számos szolgáltató érhető el.",
    "severity": "Major",
    "score_deduction": 3,
    "source_file": "2026-2027-hu-car-hire-city-10.docx",
    "url": "https://www.skyscanner.hu/autokolcsonzes-itt/autokolcsonzes-itt-katowice/27543914.html",
    "candidate": "https://www.skyscanner.hu/autokolcsonzes-itt/autokolcsonzes-itt-katowice/27543914.html"
  },
  {
    "text": "Az autópályákon a legnagyobb sebesség 140 km/h, míg a gyorsforgalmi utakon 120 km/h a megengedett. Vidéki utakon 90 km/h, a többi úton pedig 50 km/h a sebességhatár.",
    "issue": "Hungarian typography requires a non-breaking space between a number and its unit, but a regular space was used. The pattern repeats for all speed limits.",
    "type_of_issue": "Punctuation/Spelling/Typos",
    "solution": "Replace the regular space with a non-breaking space between the numbers and the 'km/h' unit in all instances.",
    "updated_sentence": "Az autópályákon a legnagyobb sebesség 140 km/h, míg a gyorsforgalmi utakon 120 km/h a megengedett. Vidéki utakon 90 km/h, a többi úton pedig 50 km/h a sebességhatár.",
    "severity": "Minor",
    "score_deduction": 1,
    "source_file": "2026-2027-hu-car-hire-city-10.docx",
    "url": "https://www.skyscanner.hu/autokolcsonzes-itt/autokolcsonzes-itt-katowice/27543914.html",
    "candidate": "https://www.skyscanner.hu/autokolcsonzes-itt/autokolcsonzes-itt-katowice/27543914.html"
  },
  {
    "text": "Krakkóban az autóbérlés legolcsóbb ára 6 165 Ft körül mozog, míg az éves átlagár körülbelül 16 382 Ft.",
    "issue": "The currency used is Hungarian Forint (Ft) for a service in Krakow, Poland, where the local currency is the Polish Złoty (PLN).",
    "type_of_issue": "Accuracy",
    "solution": "Change the currency symbol from \"Ft\" to \"PLN\" to match the service location.",
    "updated_sentence": "Krakkóban az autóbérlés legolcsóbb ára 6 165 PLN körül mozog, míg az éves átlagár körülbelül 16 382 PLN.",
    "severity": "Major",
    "score_deduction": 3,
    "source_file": "2026-2027-hu-car-hire-city-10.docx",
    "url": "https://www.skyscanner.hu/autokolcsonzes-itt/autokolcsonzes-itt-krakko/27543787.html",
    "candidate": "https://www.skyscanner.hu/autokolcsonzes-itt/autokolcsonzes-itt-krakko/27543787.html"
  },
  {
    "text": "Az autó átvétele a Krakkó Repülőtér közelében is megoldható, itt versenyképes áron férhetsz hozzá bérautóhoz.",
    "issue": "The proper noun 'Krakkó Repülőtér' uses incorrect capitalization and structure; Hungarian orthography requires the lowercase adjectival form 'krakkói repülőtér'.",
    "type_of_issue": "Compliance",
    "solution": "Change 'Krakkó Repülőtér' to 'krakkói repülőtér' to follow standard Hungarian naming conventions.",
    "updated_sentence": "Az autó átvétele a krakkói repülőtér közelében is megoldható, itt versenyképes áron férhetsz hozzá bérautóhoz.",
    "severity": "Minor",
    "score_deduction": 1,
    "source_file": "2026-2027-hu-car-hire-city-10.docx",
    "url": "https://www.skyscanner.hu/autokolcsonzes-itt/autokolcsonzes-itt-krakko/27543787.html",
    "candidate": "https://www.skyscanner.hu/autokolcsonzes-itt/autokolcsonzes-itt-krakko/27543787.html"
  },
  {
    "text": "Krakkóban összesen hat autókölcsönző szolgáltató közül választhatsz. A legnépszerűbb szolgáltató a Wheego, de jelentős kínálattal rendelkezik a CARFREE és a Flex To Go is. Legalább 21 évesnek kell lenned autókölcsönzéshez, és sok szolgáltató 25 éves korig fiatal vezető felárat számol fel. A vezetéshez minimálisan 18 éves életkor szükséges. Autóbérléshez mindig szükséges érvényes személyazonosító igazolvány vagy útlevél, és érvényes vezetői engedély. Az EU/EEA-n kívülről érkező jogosítványok esetén nemzetközi vezetői engedély is szükséges.",
    "issue": "The single paragraph contains multiple distinct topics (providers, age requirements, document requirements), which makes the text difficult to scan.",
    "type_of_issue": "Style",
    "solution": "Split the paragraph into three smaller paragraphs, each focusing on a single topic, to improve readability and structure.",
    "updated_sentence": "Krakkóban összesen hat autókölcsönző szolgáltató közül választhatsz. A legnépszerűbb szolgáltató a Wheego, de jelentős kínálattal rendelkezik a CARFREE és a Flex To Go is.\n\nLegalább 21 évesnek kell lenned autókölcsönzéshez, és sok szolgáltató 25 éves korig fiatal vezető felárat számol fel. A vezetéshez minimálisan 18 éves életkor szükséges.\n\nAutóbérléshez mindig szükséges érvényes személyazonosító igazolvány vagy útlevél, és érvényes vezetői engedély. Az EU/EEA-n kívülről érkező jogosítványok esetén nemzetközi vezetői engedély is szükséges.",
    "severity": "Minor",
    "score_deduction": 1,
    "source_file": "2026-2027-hu-car-hire-city-10.docx",
    "url": "https://www.skyscanner.hu/autokolcsonzes-itt/autokolcsonzes-itt-krakko/27543787.html",
    "candidate": "https://www.skyscanner.hu/autokolcsonzes-itt/autokolcsonzes-itt-krakko/27543787.html"
  },
  {
    "text": "Az autópályákon a megengedett sebesség 140 km/h, az autóutakon 120 km/h-t ér el. Az országutakon 90 km/h-val lehet közlekedni, míg más utakon a sebességkorlátozás 50 km/h.",
    "issue": "The sentences listing speed limits use multiple non-parallel grammatical structures, which impairs readability.",
    "type_of_issue": "Style",
    "solution": "Combine the sentences and rewrite them to use a single, consistent parallel structure for the list of speed limits.",
    "updated_sentence": "Az autópályákon a megengedett sebesség 140 km/h, az autóutakon 120 km/h, az országutakon 90 km/h, míg más utakon 50 km/h.",
    "severity": "Minor",
    "score_deduction": 1,
    "source_file": "2026-2027-hu-car-hire-city-10.docx",
    "url": "https://www.skyscanner.hu/autokolcsonzes-itt/autokolcsonzes-itt-krakko/27543787.html",
    "candidate": "https://www.skyscanner.hu/autokolcsonzes-itt/autokolcsonzes-itt-krakko/27543787.html"
  },
  {
    "text": "Ha SUV vagy nagyobb autó helyett inkább a kompakt, hétköznapi vezetésre alkalmas modelleket részesíted előnyben, a Volkswagent hasonló modellek is jó választás lehetnek.",
    "issue": "The noun 'Volkswagent' is in the incorrect grammatical case. The adjective 'hasonló' (similar) requires the dative case ('-hez'), but the accusative case ('-t') was used.",
    "type_of_issue": "Grammar",
    "solution": "Change 'Volkswagent' to 'Volkswagenhez' to match the grammatical requirements of the adjective 'hasonló'.",
    "updated_sentence": "Ha SUV vagy nagyobb autó helyett inkább a kompakt, hétköznapi vezetésre alkalmas modelleket részesíted előnyben, a Volkswagenhez hasonló modellek is jó választás lehetnek.",
    "severity": "Minor",
    "score_deduction": 1,
    "source_file": "2026-2027-hu-car-hire-city-10.docx",
    "url": "https://www.skyscanner.hu/autokolcsonzes-itt/autokolcsonzes-itt-poznan/27546015.html",
    "candidate": "https://www.skyscanner.hu/autokolcsonzes-itt/autokolcsonzes-itt-poznan/27546015.html"
  },
  {
    "text": "Poznańban autót bérelhetsz a város főbb pontjain, például a Poznan Główny állomásnál vagy a Poznan Repülőtéren.",
    "issue": "The proper name 'Poznań' is misspelled as 'Poznan' in two instances, lacking the required diacritic.",
    "type_of_issue": "Punctuation/Spelling/Typos",
    "solution": "Correct the spelling to 'Poznań' in both cases for consistency and accuracy.",
    "updated_sentence": "Poznańban autót bérelhetsz a város főbb pontjain, például a Poznań Główny állomásnál vagy a Poznań Repülőtéren.",
    "severity": "Minor",
    "score_deduction": 1,
    "source_file": "2026-2027-hu-car-hire-city-10.docx",
    "url": "https://www.skyscanner.hu/autokolcsonzes-itt/autokolcsonzes-itt-poznan/27546015.html",
    "candidate": "https://www.skyscanner.hu/autokolcsonzes-itt/autokolcsonzes-itt-poznan/27546015.html"
  },
  {
    "text": "Míg Poznan Główny állomásnál 31 területen kínálnak bérlési lehetőséget, a repülőtéren 36 területen tehetjük ezt meg.",
    "issue": "This sentence contains multiple errors: 'Poznan' is misspelled, the definite article 'a' is missing before 'Poznań Główny állomásnál', and the verb form shifts to first-person plural ('tehetjük'), which is inconsistent with the established second-person singular register.",
    "type_of_issue": "Grammar",
    "solution": "Correct the spelling to 'Poznań', add the definite article 'a', and change the verb to the second-person singular 'teheted' to maintain register consistency.",
    "updated_sentence": "Míg a Poznań Główny állomásnál 31 területen kínálnak bérlési lehetőséget, a repülőtéren 36 területen teheted ezt meg.",
    "severity": "Minor",
    "score_deduction": 1,
    "source_file": "2026-2027-hu-car-hire-city-10.docx",
    "url": "https://www.skyscanner.hu/autokolcsonzes-itt/autokolcsonzes-itt-poznan/27546015.html",
    "candidate": "https://www.skyscanner.hu/autokolcsonzes-itt/autokolcsonzes-itt-poznan/27546015.html"
  },
  {
    "text": "A sebességhatárok változóak: az autópályákon 140 km/h, az expressz utakon 120 km/h, a vidéki utakon 90 km/h, míg más utakon 50 km/h a megengedett maximum.",
    "issue": "A standard space is used between numbers and the 'km/h' unit, where a non-breaking space is required by Hungarian typographic rules. This pattern repeats throughout the sentence.",
    "type_of_issue": "Punctuation/Spelling/Typos",
    "solution": "Replace the standard spaces with non-breaking spaces (NBSP) before each 'km/h' unit to prevent improper line breaks.",
    "updated_sentence": "A sebességhatárok változóak: az autópályákon 140 km/h, az expressz utakon 120 km/h, a vidéki utakon 90 km/h, míg más utakon 50 km/h a megengedett maximum.",
    "severity": "Minor",
    "score_deduction": 1,
    "source_file": "2026-2027-hu-car-hire-city-10.docx",
    "url": "https://www.skyscanner.hu/autokolcsonzes-itt/autokolcsonzes-itt-poznan/27546015.html",
    "candidate": "https://www.skyscanner.hu/autokolcsonzes-itt/autokolcsonzes-itt-poznan/27546015.html"
  },
  {
    "text": "Az autókölcsönzésre a legmegfelelőbb időpont foglalás szempontjából három héttel korábban van, így érdemes előre tervezni az utazásokat.",
    "issue": "The sentence structure is convoluted and unnecessarily complex, which slightly impairs readability.",
    "type_of_issue": "Style",
    "solution": "Rephrase the sentence to be more direct and grammatically standard for better clarity.",
    "updated_sentence": "A bérautó lefoglalására a legmegfelelőbb időpont három héttel az utazás előtt van, így érdemes előre tervezni az utazásokat.",
    "severity": "Minor",
    "score_deduction": 1,
    "source_file": "2026-2027-hu-car-hire-city-10.docx",
    "url": "https://www.skyscanner.hu/autokolcsonzes-itt/autokolcsonzes-itt-wroc%C5%82aw/27536248.html",
    "candidate": "https://www.skyscanner.hu/autokolcsonzes-itt/autokolcsonzes-itt-wroc%C5%82aw/27536248.html"
  },
  {
    "text": "A Sixt kínálatában, kézi váltós Toyota Yarist napi 7 210 Ft-ért lehet bérelni, ami légkondicionálóval is felszerelt.",
    "issue": "An unnecessary comma is placed after the introductory adverbial phrase, which is not standard Hungarian punctuation for this sentence structure.",
    "type_of_issue": "Punctuation/Spelling/Typos",
    "solution": "Remove the comma after 'kínálatában' for correct punctuation.",
    "updated_sentence": "A Sixt kínálatában kézi váltós Toyota Yarist napi 7 210 Ft-ért lehet bérelni, ami légkondicionálóval is felszerelt.",
    "severity": "Minor",
    "score_deduction": 1,
    "source_file": "2026-2027-hu-car-hire-city-10.docx",
    "url": "https://www.skyscanner.hu/autokolcsonzes-itt/autokolcsonzes-itt-wroc%C5%82aw/27536248.html",
    "candidate": "https://www.skyscanner.hu/autokolcsonzes-itt/autokolcsonzes-itt-wroc%C5%82aw/27536248.html"
  },
  {
    "text": "A vonattal érkezők számára az egyik lehetőség a Wroclaw Glowny Station, ahol több területen elérhető az autóbérlés.",
    "issue": "The proper name 'Wrocław' is misspelled as 'Wroclaw', missing the required diacritic and creating an inconsistency with its usage elsewhere in the text.",
    "type_of_issue": "Punctuation/Spelling/Typos",
    "solution": "Correct the spelling of the city name to 'Wrocław' to ensure consistency.",
    "updated_sentence": "A vonattal érkezők számára az egyik lehetőség a Wrocław Glowny Station, ahol több területen elérhető az autóbérlés.",
    "severity": "Minor",
    "score_deduction": 1,
    "source_file": "2026-2027-hu-car-hire-city-10.docx",
    "url": "https://www.skyscanner.hu/autokolcsonzes-itt/autokolcsonzes-itt-wroc%C5%82aw/27536248.html",
    "candidate": "https://www.skyscanner.hu/autokolcsonzes-itt/autokolcsonzes-itt-wroc%C5%82aw/27536248.html"
  },
  {
    "text": "A legnépszerűbb közülük a Flex To Go, míg a további jelentős szolgáltatók közé tartozik az Express és a kaizen rent.",
    "issue": "The brand name \"kaizen rent\" is written in lowercase, which is inconsistent with the capitalization of other proper nouns in the sentence.",
    "type_of_issue": "Compliance",
    "solution": "Capitalize the brand name to \"Kaizen Rent\" for consistency with standard proper noun capitalization.",
    "updated_sentence": "A legnépszerűbb közülük a Flex To Go, míg a további jelentős szolgáltatók közé tartozik az Express és a Kaizen Rent.",
    "severity": "Minor",
    "score_deduction": 1,
    "source_file": "2026-2027-hu-car-hire-city-10.docx",
    "url": "https://www.skyscanner.hu/autokolcsonzes-itt/autokolcsonzes-itt-wroc%C5%82aw/27536248.html",
    "candidate": "https://www.skyscanner.hu/autokolcsonzes-itt/autokolcsonzes-itt-wroc%C5%82aw/27536248.html"
  },
  {
    "text": "Szintén a CARFREE-től választhatod a kézi váltós SEAT Arona-t napi 14 518 Ft-ért.",
    "issue": "The accusative suffix '-t' is incorrectly attached with a hyphen to the proper name 'Arona', which ends in a vowel. Per Hungarian orthography, the suffix should be attached directly.",
    "type_of_issue": "Grammar",
    "solution": "Remove the hyphen and attach the suffix directly to the proper name, changing 'Arona-t' to 'Aronát'.",
    "updated_sentence": "Szintén a CARFREE-től választhatod a kézi váltós SEAT Aronát napi 14 518 Ft-ért.",
    "severity": "Minor",
    "score_deduction": 1,
    "source_file": "2026-2027-hu-car-hire-city-10.docx",
    "url": "https://www.skyscanner.hu/autokolcsonzes-itt/autokolcsonzes-itt-%C5%82odz/27544001.html",
    "candidate": "https://www.skyscanner.hu/autokolcsonzes-itt/autokolcsonzes-itt-%C5%82odz/27544001.html"
  },
  {
    "text": "Łódź autóbérlési lehetőségei közül a Lodz Repülőtér az egyik fő helyszín, ahol a kezdőárak alacsonyabbak.",
    "issue": "The proper name 'Łódź' is spelled inconsistently within the same sentence, first with the correct diacritic ('Łódź') and then without it ('Lodz').",
    "type_of_issue": "Compliance",
    "solution": "Correct the spelling of 'Lodz' to 'Łódź' to ensure consistent and accurate spelling of the proper noun.",
    "updated_sentence": "Łódź autóbérlési lehetőségei közül a Łódź Repülőtér az egyik fő helyszín, ahol a kezdőárak alacsonyabbak.",
    "severity": "Minor",
    "score_deduction": 1,
    "source_file": "2026-2027-hu-car-hire-city-10.docx",
    "url": "https://www.skyscanner.hu/autokolcsonzes-itt/autokolcsonzes-itt-%C5%82odz/27544001.html",
    "candidate": "https://www.skyscanner.hu/autokolcsonzes-itt/autokolcsonzes-itt-%C5%82odz/27544001.html"
  },
  {
    "text": "Az autópályákon a megengedett sebesség 140 km/h, míg a gyorsforgalmi utakon 120 km/h.",
    "issue": "A regular space was used between numbers and the 'km/h' unit, but Hungarian typographic rules require a non-breaking space. This pattern repeats throughout the text.",
    "type_of_issue": "Punctuation/Spelling/Typos",
    "solution": "Replace the regular space with a non-breaking space (U+00A0) between the numbers and the 'km/h' unit in all instances.",
    "updated_sentence": "Az autópályákon a megengedett sebesség 140 km/h, míg a gyorsforgalmi utakon 120 km/h.",
    "severity": "Minor",
    "score_deduction": 1,
    "source_file": "2026-2027-hu-car-hire-city-10.docx",
    "url": "https://www.skyscanner.hu/autokolcsonzes-itt/autokolcsonzes-itt-%C5%82odz/27544001.html",
    "candidate": "https://www.skyscanner.hu/autokolcsonzes-itt/autokolcsonzes-itt-%C5%82odz/27544001.html"
  },
  {
    "text": "A korai foglalás nem szükséges a legjobb ajánlatok megszerzéséhez, különösen, ha az egy hetes szempontot figyelembe veszed.",
    "issue": "The compound adjective \"egy hetes\" (one-week) is incorrectly written as two separate words instead of one.",
    "type_of_issue": "Punctuation/Spelling/Typos",
    "solution": "According to Hungarian orthography, compound adjectives formed from a number and a noun should be written as a single word. Change \"egy hetes\" to \"egyhetes\".",
    "updated_sentence": "A korai foglalás nem szükséges a legjobb ajánlatok megszerzéséhez, különösen, ha az egyhetes szempontot figyelembe veszed.",
    "severity": "Minor",
    "score_deduction": 1,
    "source_file": "2026-2027-hu-car-hire-city-10.docx",
    "url": "https://www.skyscanner.hu/autokolcsonzes-itt/autokolcsonzes-itt-gdansk/27541787.html",
    "candidate": "https://www.skyscanner.hu/autokolcsonzes-itt/autokolcsonzes-itt-gdansk/27541787.html"
  },
  {
    "text": "A városban többek között a kézi váltós Toyota Aygo napi 6 742 Ft-ért vagy a Volkswagen Polo ugyanilyen váltóval napi 6 900 Ft-ért is elérhető a Flex To Go-tól. Ha egy kicsit tágasabb autóra van szükség, érdekes lehetőség lehet a kézi váltós Skoda Octavia a Sixt kínálatából, napi 10 772 Ft-ért.",
    "issue": "The currency is specified in Hungarian Forint (Ft) for car rentals in Gdańsk, Poland, but the local currency is Polish Złoty (PLN). This pattern repeats.",
    "type_of_issue": "Accuracy",
    "solution": "Replace the currency \"Ft\" with \"PLN\" in all instances to match the service location.",
    "updated_sentence": "A városban többek között a kézi váltós Toyota Aygo napi 6 742 PLN-ért vagy a Volkswagen Polo ugyanilyen váltóval napi 6 900 PLN-ért is elérhető a Flex To Go-tól. Ha egy kicsit tágasabb autóra van szükség, érdekes lehetőség lehet a kézi váltós Skoda Octavia a Sixt kínálatából, napi 10 772 PLN-ért.",
    "severity": "Major",
    "score_deduction": 3,
    "source_file": "2026-2027-hu-car-hire-city-10.docx",
    "url": "https://www.skyscanner.hu/autokolcsonzes-itt/autokolcsonzes-itt-gdansk/27541787.html",
    "candidate": "https://www.skyscanner.hu/autokolcsonzes-itt/autokolcsonzes-itt-gdansk/27541787.html"
  },
  {
    "text": "Gdańskban az autóbérlés fő helyszíne a Gdansk Repülőtér.",
    "issue": "The proper name 'Gdańsk' is misspelled as 'Gdansk' without the required diacritic, creating an inconsistency with 'Gdańskban' in the same sentence.",
    "type_of_issue": "Punctuation/Spelling/Typos",
    "solution": "Add the 'ń' diacritic to correct the spelling to 'Gdańsk' for consistency.",
    "updated_sentence": "Gdańskban az autóbérlés fő helyszíne a Gdańsk Repülőtér.",
    "severity": "Minor",
    "score_deduction": 1,
    "source_file": "2026-2027-hu-car-hire-city-10.docx",
    "url": "https://www.skyscanner.hu/autokolcsonzes-itt/autokolcsonzes-itt-gdansk/27541787.html",
    "candidate": "https://www.skyscanner.hu/autokolcsonzes-itt/autokolcsonzes-itt-gdansk/27541787.html"
  },
  {
    "text": "Az árak tekintetében a repülőtéri bérlés gyakran kedvezőbbnek bizonyul, mint a belvárosi pick-up.",
    "issue": "The English term 'pick-up' is used instead of its mandated Hungarian equivalent from the glossary.",
    "type_of_issue": "Compliance",
    "solution": "Replace 'pick-up' with the glossary term 'átvétel'.",
    "updated_sentence": "Az árak tekintetében a repülőtéri bérlés gyakran kedvezőbbnek bizonyul, mint a belvárosi átvétel.",
    "severity": "Minor",
    "score_deduction": 1,
    "source_file": "2026-2027-hu-car-hire-city-10.docx",
    "url": "https://www.skyscanner.hu/autokolcsonzes-itt/autokolcsonzes-itt-gdansk/27541787.html",
    "candidate": "https://www.skyscanner.hu/autokolcsonzes-itt/autokolcsonzes-itt-gdansk/27541787.html"
  },
  {
    "text": "További opciók közé tartozik a Gdansk Glowny Vasútállomás, ahol a napi árak kissé magasabbak lehetnek.",
    "issue": "The proper name 'Gdańsk Główny' is misspelled as 'Gdansk Glowny', missing required diacritics.",
    "type_of_issue": "Punctuation/Spelling/Typos",
    "solution": "Correct the spelling by adding the required diacritics to 'Gdańsk Główny'.",
    "updated_sentence": "További opciók közé tartozik a Gdańsk Główny Vasútállomás, ahol a napi árak kissé magasabbak lehetnek.",
    "severity": "Minor",
    "score_deduction": 1,
    "source_file": "2026-2027-hu-car-hire-city-10.docx",
    "url": "https://www.skyscanner.hu/autokolcsonzes-itt/autokolcsonzes-itt-gdansk/27541787.html",
    "candidate": "https://www.skyscanner.hu/autokolcsonzes-itt/autokolcsonzes-itt-gdansk/27541787.html"
  },
  {
    "text": "A legnépszerűbbek közé tartozik a Flex To Go, a CARFREE és a Carwiz, de Flex To Go a legnépszerűbb mind közül.",
    "issue": "The sentence is repetitive, first listing a provider as 'among the most popular' and then immediately restating that it is 'the most popular', which is stylistically awkward.",
    "type_of_issue": "Style",
    "solution": "Rephrase the sentence to be more concise and logical, for example by using a relative clause.",
    "updated_sentence": "A legnépszerűbbek közé tartozik a Flex To Go, a CARFREE és a Carwiz, amelyek közül a Flex To Go a legnépszerűbb.",
    "severity": "Minor",
    "score_deduction": 1,
    "source_file": "2026-2027-hu-car-hire-city-10.docx",
    "url": "https://www.skyscanner.hu/autokolcsonzes-itt/autokolcsonzes-itt-gdansk/27541787.html",
    "candidate": "https://www.skyscanner.hu/autokolcsonzes-itt/autokolcsonzes-itt-gdansk/27541787.html"
  },
  {
    "text": "Az autópályákon a megengedett legnagyobb sebesség 140 km/h, az autóutakon 120 km/h, a vidéki utakon 90 km/h, és a terepúton 50 km/h.",
    "issue": "According to Hungarian typographical rules, a non-breaking space is required between a number and its unit. The error is repeated for all four speed limits mentioned.",
    "type_of_issue": "Punctuation/Spelling/Typos",
    "solution": "Insert a non-breaking space between each number and the 'km/h' unit.",
    "updated_sentence": "Az autópályákon a megengedett legnagyobb sebesség 140 km/h, az autóutakon 120 km/h, a vidéki utakon 90 km/h, és a terepúton 50 km/h.",
    "severity": "Minor",
    "score_deduction": 1,
    "source_file": "2026-2027-hu-car-hire-city-10.docx",
    "url": "https://www.skyscanner.hu/autokolcsonzes-itt/autokolcsonzes-itt-gdansk/27541787.html",
    "candidate": "https://www.skyscanner.hu/autokolcsonzes-itt/autokolcsonzes-itt-gdansk/27541787.html"
  },
  {
    "text": "Ez a típus Flex To Go ajánlatai között található napi 6 345 Ft-ért.",
    "issue": "A regular space is used instead of a required non-breaking space between the number and the currency unit 'Ft'. This pattern repeats throughout the text.",
    "type_of_issue": "Compliance",
    "solution": "Replace the regular space with a non-breaking space (NBSP) before 'Ft' in all instances.",
    "updated_sentence": "Ez a típus Flex To Go ajánlatai között található napi 6 345 Ft-ért.",
    "severity": "Minor",
    "score_deduction": 1,
    "source_file": "2026-2027-hu-car-hire-city-10.docx",
    "url": "https://www.skyscanner.hu/autokolcsonzes-itt/autokolcsonzes-itt-rzeszow/27546237.html",
    "candidate": "https://www.skyscanner.hu/autokolcsonzes-itt/autokolcsonzes-itt-rzeszow/27546237.html"
  },
  {
    "text": "A belvárosban, a Town Centre területén az autóbérlés kezdőára megközelíti a Rzeszow Repülőtér árainak szintjét, így az árak tekintetében hasonló alternatíva lehet.",
    "issue": "The proper name 'Rzeszów' is misspelled as 'Rzeszow' without the required diacritic, which is inconsistent with its correct use in the first sentence.",
    "type_of_issue": "Compliance",
    "solution": "Add the acute accent to the letter 'o' to spell the city name correctly as 'Rzeszów'.",
    "updated_sentence": "A belvárosban, a Town Centre területén az autóbérlés kezdőára megközelíti a Rzeszów Repülőtér árainak szintjét, így az árak tekintetében hasonló alternatíva lehet.",
    "severity": "Minor",
    "score_deduction": 1,
    "source_file": "2026-2027-hu-car-hire-city-10.docx",
    "url": "https://www.skyscanner.hu/autokolcsonzes-itt/autokolcsonzes-itt-rzeszow/27546237.html",
    "candidate": "https://www.skyscanner.hu/autokolcsonzes-itt/autokolcsonzes-itt-rzeszow/27546237.html"
  },
  {
    "text": "A reptéri felvételi pontok így mind kényelmes lehetőséget nyújtanak, legyen szó a városba, vagy a környező területekre utazásról.",
    "issue": "An unnecessary comma is placed before the conjunction 'vagy' in a simple two-part list.",
    "type_of_issue": "Punctuation/Spelling/Typos",
    "solution": "Remove the comma before 'vagy' to follow standard Hungarian punctuation rules.",
    "updated_sentence": "A reptéri felvételi pontok így mind kényelmes lehetőséget nyújtanak, legyen szó a városba vagy a környező területekre utazásról.",
    "severity": "Minor",
    "score_deduction": 1,
    "source_file": "2026-2027-hu-car-hire-city-10.docx",
    "url": "https://www.skyscanner.hu/autokolcsonzes-itt/autokolcsonzes-itt-rzeszow/27546237.html",
    "candidate": "https://www.skyscanner.hu/autokolcsonzes-itt/autokolcsonzes-itt-rzeszow/27546237.html"
  },
  {
    "text": "Az autóbérléshez a minimális életkor 21 év, bár több szolgáltató is extra díjat számít fel a 25 év alatti vezetőknek.",
    "issue": "The term 'extra díjat' is used instead of the glossary-specified term 'felárat'.",
    "type_of_issue": "Compliance",
    "solution": "Replace 'extra díjat' with the correct glossary term 'felárat'.",
    "updated_sentence": "Az autóbérléshez a minimális életkor 21 év, bár több szolgáltató is felárat számít fel a 25 év alatti vezetőknek.",
    "severity": "Minor",
    "score_deduction": 1,
    "source_file": "2026-2027-hu-car-hire-city-10.docx",
    "url": "https://www.skyscanner.hu/autokolcsonzes-itt/autokolcsonzes-itt-rzeszow/27546237.html",
    "candidate": "https://www.skyscanner.hu/autokolcsonzes-itt/autokolcsonzes-itt-rzeszow/27546237.html"
  },
  {
    "text": "Az autóbérléshez mindig szükség van érvényes személyazonosító igazolványra vagy útlevélre és érvényes vezetői engedélyre, az EU/EGT-n kívülről származó vezetői engedély esetén pedig nemzetközi vezetői engedélyre is.",
    "issue": "This long, complex sentence combines multiple distinct requirements, which harms readability.",
    "type_of_issue": "Style",
    "solution": "Split the run-on sentence into two separate sentences for clarity.",
    "updated_sentence": "Az autóbérléshez mindig szükség van érvényes személyazonosító igazolványra vagy útlevélre, valamint érvényes vezetői engedélyre. Az EU/EGT-n kívülről származó vezetői engedély esetén pedig nemzetközi vezetői engedélyre is szükség van.",
    "severity": "Minor",
    "score_deduction": 1,
    "source_file": "2026-2027-hu-car-hire-city-10.docx",
    "url": "https://www.skyscanner.hu/autokolcsonzes-itt/autokolcsonzes-itt-rzeszow/27546237.html",
    "candidate": "https://www.skyscanner.hu/autokolcsonzes-itt/autokolcsonzes-itt-rzeszow/27546237.html"
  },
  {
    "text": "Jelenleg a legolcsóbb napi díj 3 158 Ft, míg az átlagos éves költség 11 440 Ft.",
    "issue": "A price for a service in Dubai is stated in Hungarian Forints (Ft) as an exact figure, which is misleading as the local currency is UAE Dirham (AED). The HUF value is a conversion and should be marked as approximate.",
    "type_of_issue": "Accuracy",
    "solution": "Prefix the HUF amounts with 'kb.' (kb. = körülbelül, 'approximately') to indicate they are converted estimates.",
    "updated_sentence": "Jelenleg a legolcsóbb napi díj kb. 3 158 Ft, míg az átlagos éves költség kb. 11 440 Ft.",
    "severity": "Major",
    "score_deduction": 3,
    "source_file": "2026-2027-hu-car-hire-city-10.docx",
    "url": "https://www.skyscanner.hu/autokolcsonzes-itt/autokolcsonzes-itt-dubaj/27540839.html",
    "candidate": "https://www.skyscanner.hu/autokolcsonzes-itt/autokolcsonzes-itt-dubaj/27540839.html"
  },
  {
    "text": "Az autókölcsönzés ára itt hasonló a Dubaj Repülőtéren található bérlési lehetőségekhez, ahol szintén széles a választék. Más repülőterek, mint például a Dubai Al Maktoum nemzetközi Repülőtér és a Sharjah Repülőtér, költségesebb opciókat kínálnak.",
    "issue": "The common noun 'repülőtér' (airport) is incorrectly capitalized within proper names, which violates Hungarian orthography rules. This error pattern occurs multiple times.",
    "type_of_issue": "Punctuation/Spelling/Typos",
    "solution": "Change the capitalized word 'Repülőtér(en)' to its lowercase form, 'repülőtér(en)', in all instances.",
    "updated_sentence": "Az autókölcsönzés ára itt hasonló a Dubaj repülőtéren található bérlési lehetőségekhez, ahol szintén széles a választék. Más repülőterek, mint például a Dubai Al Maktoum nemzetközi repülőtér és a Sharjah repülőtér, költségesebb opciókat kínálnak.",
    "severity": "Minor",
    "score_deduction": 1,
    "source_file": "2026-2027-hu-car-hire-city-10.docx",
    "url": "https://www.skyscanner.hu/autokolcsonzes-itt/autokolcsonzes-itt-dubaj/27540839.html",
    "candidate": "https://www.skyscanner.hu/autokolcsonzes-itt/autokolcsonzes-itt-dubaj/27540839.html"
  },
  {
    "text": "A legnépszerűbb közülük a VIP Cars, mellette a drivus és a Quick Drive is kedvelt.",
    "issue": "The brand name 'drivus' is incorrectly written in lowercase.",
    "type_of_issue": "Compliance",
    "solution": "Capitalize the brand name 'Drivus' as it is a proper noun.",
    "updated_sentence": "A legnépszerűbb közülük a VIP Cars, mellette a Drivus és a Quick Drive is kedvelt.",
    "severity": "Minor",
    "score_deduction": 1,
    "source_file": "2026-2027-hu-car-hire-city-10.docx",
    "url": "https://www.skyscanner.hu/autokolcsonzes-itt/autokolcsonzes-itt-dubaj/27540839.html",
    "candidate": "https://www.skyscanner.hu/autokolcsonzes-itt/autokolcsonzes-itt-dubaj/27540839.html"
  }
]

Return ONLY the JSON object for overall_feedback as specified in the system prompt.

2026-09-01 10:14:13,155 - INFO - AFC is enabled with max remote calls: 10.
2026-09-01 10:14:38,192 - INFO - HTTP Request: POST https://generativelanguage.googleapis.com/v1beta/models/gemini-2.5-pro:generateContent "HTTP/1.1 200 OK"
2026-09-01 10:14:38,322 - INFO - [HU] Wrote report → /Users/apple/Desktop/aurix/skyscanner-AI-Writer-IMWT/output/HU/LQA_Report_HU_20260901_081438.xlsx
2026-09-01 10:14:38,325 - INFO - [HU] Saved raw JSON → /Users/apple/Desktop/aurix/skyscanner-AI-Writer-IMWT/output/HU/LQA_Report_HU_20260901_081438_final.json
2026-09-01 10:14:38,396 - INFO - Wrote edited DOCX → /Users/apple/Desktop/aurix/skyscanner-AI-Writer-IMWT/output/HU/Edited_HU_2026-2027-hu-car-hire-city-06_20260901_081438.docx
2026-09-01 10:14:38,455 - INFO - Wrote edited DOCX → /Users/apple/Desktop/aurix/skyscanner-AI-Writer-IMWT/output/HU/Edited_HU_2026-2027-hu-car-hire-city-07_20260901_081438.docx
2026-09-01 10:14:38,524 - INFO - Wrote edited DOCX → /Users/apple/Desktop/aurix/skyscanner-AI-Writer-IMWT/output/HU/Edited_HU_2026-2027-hu-car-hire-city-08_20260901_081438.docx
2026-09-01 10:14:38,583 - INFO - Wrote edited DOCX → /Users/apple/Desktop/aurix/skyscanner-AI-Writer-IMWT/output/HU/Edited_HU_2026-2027-hu-car-hire-city-09_20260901_081438.docx
2026-09-01 10:14:38,655 - INFO - Wrote edited DOCX → /Users/apple/Desktop/aurix/skyscanner-AI-Writer-IMWT/output/HU/Edited_HU_2026-2027-hu-car-hire-city-10_20260901_081438.docx
2026-09-01 10:14:38,655 - INFO - [HU] Completed all three agents.

2026-09-01 10:14:38,655 - INFO - LQA pipeline finished successfully (3-agent).
2026-09-01 10:14:38,655 - INFO - Full run log saved to /Users/apple/Desktop/aurix/skyscanner-AI-Writer-IMWT/output/lqa_run_HU_20260901_073344.log
