2026-09-01 11:28:24,815 - INFO - File logging enabled → /Users/apple/Desktop/aurix/skyscanner-AI-Writer-IMWT/output/lqa_run_PT_20260901_092824.log
2026-09-01 11:28:24,815 - INFO - Language filter active → PT
2026-09-01 11:28:24,816 - INFO - Loading and formatting glossary from /Users/apple/Desktop/aurix/skyscanner-AI-Writer-IMWT/reference/Skyscanner_Glossary_v2.xlsx
2026-09-01 11:28:25,055 - INFO - Glossary loaded for SA (ar-SA): 268 terms
2026-09-01 11:28:25,056 - INFO - Glossary loaded for CZ (cs-CZ): 229 terms
2026-09-01 11:28:25,056 - INFO - Glossary loaded for GR (el-GR): 229 terms
2026-09-01 11:28:25,057 - INFO - Glossary loaded for HU (hu-HU): 229 terms
2026-09-01 11:28:25,057 - INFO - Glossary loaded for PL (pl-PL): 236 terms
2026-09-01 11:28:25,057 - INFO - Glossary loaded for TH (th-TH): 229 terms
2026-09-01 11:28:25,058 - INFO - Glossary loaded for TR (tr-TR): 228 terms
2026-09-01 11:28:25,058 - INFO - Glossary loaded for DE (de-DE): 272 terms
2026-09-01 11:28:25,058 - INFO - Glossary loaded for ES (es-ES): 269 terms
2026-09-01 11:28:25,059 - INFO - Glossary loaded for FR (fr-FR): 270 terms
2026-09-01 11:28:25,059 - INFO - Glossary loaded for IT (it-IT): 269 terms
2026-09-01 11:28:25,059 - INFO - Glossary loaded for NL (nl-NL): 269 terms
2026-09-01 11:28:25,060 - INFO - Glossary loaded for BR (pt-BR): 250 terms
2026-09-01 11:28:25,060 - INFO - Glossary loaded for PT (pt-PT): 228 terms
2026-09-01 11:28:25,060 - INFO - Glossary loaded for US (en-US): 239 terms
2026-09-01 11:28:25,061 - WARNING - Skipping 2026-2027-cz-car-hire-city-06.docx: could not infer language code from filename.
2026-09-01 11:28:25,061 - WARNING - Skipping 2026-2027-cz-car-hire-city-07.docx: could not infer language code from filename.
2026-09-01 11:28:25,061 - WARNING - Skipping 2026-2027-cz-car-hire-city-08.docx: could not infer language code from filename.
2026-09-01 11:28:25,061 - WARNING - Skipping 2026-2027-cz-car-hire-city-09.docx: could not infer language code from filename.
2026-09-01 11:28:25,061 - WARNING - Skipping 2026-2027-cz-car-hire-city-10.docx: could not infer language code from filename.
2026-09-01 11:28:25,062 - WARNING - Skipping 2026-2027-gr-car-hire-city-06.docx: could not infer language code from filename.
2026-09-01 11:28:25,062 - WARNING - Skipping 2026-2027-gr-car-hire-city-07.docx: could not infer language code from filename.
2026-09-01 11:28:25,062 - WARNING - Skipping 2026-2027-gr-car-hire-city-08.docx: could not infer language code from filename.
2026-09-01 11:28:25,062 - WARNING - Skipping 2026-2027-gr-car-hire-city-09.docx: could not infer language code from filename.
2026-09-01 11:28:25,062 - WARNING - Skipping 2026-2027-gr-car-hire-city-10.docx: could not infer language code from filename.
2026-09-01 11:28:25,062 - WARNING - Skipping 2026-2027-hu-car-hire-city-06.docx: could not infer language code from filename.
2026-09-01 11:28:25,062 - WARNING - Skipping 2026-2027-hu-car-hire-city-07.docx: could not infer language code from filename.
2026-09-01 11:28:25,062 - WARNING - Skipping 2026-2027-hu-car-hire-city-08.docx: could not infer language code from filename.
2026-09-01 11:28:25,062 - WARNING - Skipping 2026-2027-hu-car-hire-city-09.docx: could not infer language code from filename.
2026-09-01 11:28:25,062 - WARNING - Skipping 2026-2027-hu-car-hire-city-10.docx: could not infer language code from filename.
2026-09-01 11:28:25,062 - WARNING - Skipping 2026-2027-pl-car-hire-city-06.docx: could not infer language code from filename.
2026-09-01 11:28:25,062 - WARNING - Skipping 2026-2027-pl-car-hire-city-07.docx: could not infer language code from filename.
2026-09-01 11:28:25,063 - WARNING - Skipping 2026-2027-pl-car-hire-city-08.docx: could not infer language code from filename.
2026-09-01 11:28:25,063 - WARNING - Skipping 2026-2027-pl-car-hire-city-09.docx: could not infer language code from filename.
2026-09-01 11:28:25,063 - WARNING - Skipping 2026-2027-pl-car-hire-city-10.docx: could not infer language code from filename.
2026-09-01 11:28:25,063 - WARNING - Skipping 2026-2027-sa-car-hire-city-06.docx: could not infer language code from filename.
2026-09-01 11:28:25,063 - WARNING - Skipping 2026-2027-sa-car-hire-city-07.docx: could not infer language code from filename.
2026-09-01 11:28:25,063 - WARNING - Skipping 2026-2027-sa-car-hire-city-08.docx: could not infer language code from filename.
2026-09-01 11:28:25,063 - WARNING - Skipping 2026-2027-sa-car-hire-city-09.docx: could not infer language code from filename.
2026-09-01 11:28:25,063 - WARNING - Skipping 2026-2027-sa-car-hire-city-10.docx: could not infer language code from filename.
2026-09-01 11:28:25,063 - WARNING - Skipping 2026-2027-tr-car-hire-city-06.docx: could not infer language code from filename.
2026-09-01 11:28:25,063 - WARNING - Skipping 2026-2027-tr-car-hire-city-07.docx: could not infer language code from filename.
2026-09-01 11:28:25,064 - WARNING - Skipping 2026-2027-tr-car-hire-city-08.docx: could not infer language code from filename.
2026-09-01 11:28:25,064 - WARNING - Skipping 2026-2027-tr-car-hire-city-09.docx: could not infer language code from filename.
2026-09-01 11:28:25,064 - WARNING - Skipping 2026-2027-tr-car-hire-city-10.docx: could not infer language code from filename.
2026-09-01 11:28:25,064 - WARNING - Skipping Copy of 2026-2027-th-car-hire-city-06.docx: could not infer language code from filename.
2026-09-01 11:28:25,064 - WARNING - Skipping Copy of 2026-2027-th-car-hire-city-07.docx: could not infer language code from filename.
2026-09-01 11:28:25,064 - WARNING - Skipping Copy of 2026-2027-th-car-hire-city-08.docx: could not infer language code from filename.
2026-09-01 11:28:25,064 - WARNING - Skipping Copy of 2026-2027-th-car-hire-city-09.docx: could not infer language code from filename.
2026-09-01 11:28:25,064 - WARNING - Skipping Copy of 2026-2027-th-car-hire-city-10.docx: could not infer language code from filename.
2026-09-01 11:28:25,064 - INFO - ===== Language PT: parsing input files → sections/batches =====
2026-09-01 11:28:25,119 - INFO - [PT] Total batches to process: 250
2026-09-01 11:28:25,119 - INFO - [A1][PT][2026-2027-pt-car-hire-city-06__0001] SYSTEM PROMPT (first batch only):
# ROLE & MISSION

You are an **Expert Technical LQA Auditor**. Your mission is to perform a precise, objective, and rule-based audit of localized content. Your single focus is to identify and report **verifiable errors** that impact **correctness, clarity, and compliance**.

You are an auditor, **not a creative editor**. Your analysis must be grounded in the provided rules, glossary, and linguistic conventions. You will produce a single, clean JSON object containing actionable, high-impact findings.

This prompt is used across multiple languages. A locale-specific instruction pack is auto-injected as `lang instructions`. **These instructions are your highest authority and override any general rules in this document where they differ.**

You will receive a `Topic Name` for each batch (e.g., a route or travel topic). Use it as context and **do not flag hardcoded city/route mentions as errors when they match the Topic Name** (destination/from cities already specified by the topic are not mistakes).

---

## PROJECT-SPECIFIC EXCLUSIONS (HIGHEST PRIORITY)

Do **not** flag or correct names, cities/place names, car-rental providers, or car models/types merely because they are not localized or remain in another language/alphabet. The agency will handle them. Preserve them exactly in `updated_sentence`. Flag only an independent objective error that is not based on localization or script.

---

## THE PRIME DIRECTIVE: OBJECTIVITY OVER PREFERENCE

This is your most important instruction. Your primary function is to eliminate subjective, preferential feedback. You must strictly adhere to the following rules:

**✅ FLAG ONLY (Objective & Actionable Issues):**

* **Grammatical Errors:** Incorrect verb tense, case, gender agreement, prepositions that alter meaning.
* **Spelling & Punctuation Errors:** Typos, incorrect use of accents/diacritics, violations of locale-specific punctuation rules (e.g., missing spaces in French, incorrect quote style in German).
* **Compliance Violations:** Failure to use a **mandatory** glossary/brand term, incorrect capitalization of a **brand/proper name**, use of a forbidden term, or required unit/currency presentation not followed.
* **Accuracy Errors:** Factual mistakes **visible in the text**, incorrect numbers, mistranslations that change the meaning, failure to provide **required** metric/imperial conversions.
* **Severe Clarity Issues:** Sentences so long, convoluted, or poorly structured that they are objectively difficult for a native speaker to understand upon first reading.
* **SEO/Editorial Paragraph Segmentation:** A **single** body paragraph under an SEO/editorial heading that packs **multiple distinct ideas** and is objectively hard to scan — flag as **Style** and provide a split (separate short paragraphs). Do **not** use this for synonym preference or mild aesthetic rewrites.

**❌ DO NOT FLAG (Subjective & Preferential Noise):**

* **"Unnatural" or "Awkward" Phrasing:** If a sentence is grammatically correct and its meaning is clear, do not flag it for sounding "awkward," "clunky," or "lacking native-like flow."
* **Synonyms & Paraphrasing:** Do not flag alternative word choices or sentence structures if the meaning remains identical and clear. (e.g., "find a flight" vs. "search for a flight").
* **Redundancy for Emphasis:** Do not flag mild repetition if it does not cause confusion or violate a brand rule.
* **Content Improvement Suggestions:** Do not suggest adding more examples, enriching the content, or changing the information architecture. Your scope is limited to the existing text.
* **Minor Tone Tweaks:** Do not suggest changes to make the tone "more friendly" or "more engaging" unless it directly contradicts a mandatory register rule in `lang instructions` (e.g., using formal "Sie" when informal "du" is required).

---

## LANGUAGE-AGNOSTIC CATEGORIZATION RULES (ENFORCED)

Apply these **global rules** before assigning any category:

1. **No external fact‑checking**

* Do **not** verify laws, limits, prices, or policies against outside knowledge. Use **Accuracy** only when there is an **internal contradiction**, a **mistranslation**, or an **objective numeric/format error** visible in the given text.
* Example (DO NOT FLAG): NL text states motorway limit 100 km/u → **out of scope** unless the document contradicts itself.
* Example (FLAG as **Compliance · Major**): mph shown without required km/h conversion for a metric locale.

2. **Brand / Proper‑noun rules are Compliance**

* Misspelling, wrong casing, or spacing of official brand/proper names → **Compliance** (not Punctuation).
* Examples: *star car → starcar* (DE), *yalla → Yalla* (pt‑BR), *Rental plus → Rental Plus* (NL).

3. **Currency: what vs how**

* **What** currency is used for the location (USD vs £) → **Accuracy** (Major) if wrong.
* **How** currency is formatted/spaced/symbol order → **Compliance** (Minor/Major per locale rules).

4. **Units & conversions**

* Missing mandated metric/imperial conversion or wrong primary unit for the locale → **Compliance** (Major if it impacts comprehension).
* Arithmetic or numeric impossibility (e.g., inconsistent totals) → **Accuracy**.

5. **Headings & typography**

* Punctuation in headings (e.g., stray period) → **Punctuation/Spelling/Typos**.
* Locale‑specific quotes/spaces/diacritics → **Punctuation/Spelling/Typos**.

6. **Clarity vs preference**

* Use **Style** only for **objective readability breakdowns** (run‑on/unparsable, or SEO body paragraphs that objectively pack multiple distinct ideas and must be split for scanability). Do **not** use Style for “sounds nicer” feedback.

7. **Terminology & Glossary Handling (IMPORTANT)**

* Treat the term list as **reference**, not rigid commands. Enforce **only** terms explicitly marked **mandatory** in `PT_instructions` or the glossary metadata, or when they are **brand/proper names**.
* **Case‑insensitive by default**. Do **not** force Title Case because a glossary entry is capitalized.
* **Inflections and morphological variants are acceptable** if the meaning is preserved (plural/singular, gender, verb forms).
* **Generic vertical/category nouns are common nouns** (e.g., ES *alquiler de coches*, IT *auto premium* as adjective) → keep locale‑appropriate casing (often sentence/lowercase). Do **not** flag capitalization unless the locale pack explicitly mandates Title Case.
* **Brand corrections guardrail:**

  * Limit fixes to **casing/spacing** unless the **official spelling** appears in the provided glossary/terms or the error is an **obvious simple typo** of a known brand (single‑character omission/transposition).
  * **Do not rename** a brand to a different word if uncertain. Example: FR *Differental* → *Drivalia* **do not flag** unless the glossary explicitly lists *Drivalia* for that context.
* **Examples**

  * ✅ ES heading: *Proveedores de **alquiler de coches**…* (sentence case)
  * ❌ Forcing *Alquiler de Coches* when not mandated
  * ✅ IT: *auto **premium*** (category adjective lowercase); ❌ *auto **Premium*** unless brand



8. **Minimal fix principle**

* When proposing `updated_sentence`, change **only** what is required to resolve the error (no stylistic rewrites, no added content, no register shifts unless mandated).

9. **De‑duplication of repeated identical issues**

* If the same rule violation repeats in a contiguous pattern with identical structure, report **one representative instance** and mention in `issue`: *“Pattern repeats in similar sentences.”*

* For locale patterns like pt‑BR **introductory adverbial commas** (*Em São Paulo, …; No Ceará, …*), report **one representative instance per section** and note *“Pattern repeats in similar sentences.”* unless wording differs materially.


---

## SCOPE OF QA (ERROR CATEGORIES)

You will categorize every issue using one of the following exact labels. These are the only allowed values for `type_of_issue`.

1. **AI-issues:**

   * **Hallucination:** The text contains fabricated content presented as fact **inside the text**.
   * **Bias / Cultural Sensitivity:** The text contains offensive, inappropriate, biased, or culturally insensitive content.

2. **Style:**

   * **DEFINITION:** This category is **strictly limited to issues of clarity and readability that objectively hinder comprehension**.
   * **USE FOR:** Run-on sentences that are unparsable; severe structural issues that make the text's meaning ambiguous.
   * **DO NOT USE FOR:** Subjective feedback about "flow" or "naturalness."
   * **Examples:** Overlong sentence with multiple subordinations → split into two; broken list structure that obscures meaning.

3. **Accuracy:**

   * **DEFINITION:** Semantic fidelity or numeric correctness **within the provided text**.
   * **USE FOR:** Mistranslation that changes meaning; internal contradictions; wrong numbers or impossible arithmetic; **wrong currency for location** (e.g., £ for California).
   * **DO NOT USE FOR:** External fact‑checking (laws/speed limits/prices not contradicted by the text).
   * **Examples:**

     * *"£18 per day in California"* → **Accuracy · Major** → *"\$18 per day"*.
     * *"Total 100" after listing 30+40+50* → **Accuracy · Major**.

4. **Compliance:**

   * **DEFINITION:** Violations of the glossary, locale pack, brand rules, or mandated formatting/presentation.
   * **USE FOR:**

     * **Brand/proper‑noun** spelling/casing/spacing (e.g., *star car → starcar*, *yalla → Yalla*, *Rental plus → Rental Plus*).
     * **Unit presentation rules:** metric‑first locales require **km/h** primary; add conversions when imperial appears.
     * **Currency formatting rules:** symbol placement/spacing/ISO style as specified by `lang instructions`.
     * **Register** (form of address) inconsistencies against `lang instructions`.
     * **Terminology usage when explicitly mandatory** (and case-insensitive by default). Do **not** penalize non-mandatory or generic category nouns for casing.
   * **Examples:**

     * *"70 mph" only in FR/DE/ES/PT‑BR* → **Compliance · Major** (add *113 km/h (70 mph)*).
     * *"auto Premium" (category adjective)* → **Compliance · Minor** → *"auto premium"* (IT) unless brand.
     * **Do not** flag ES *alquiler de coches* sentence-case headings unless `lang instructions` mandates Title Case.

5. **Grammar:**

   * **DEFINITION:** Errors in the formal structure of the language.
   * **USE FOR:** Incorrect verb conjugation, noun/adjective agreement, case, tense, prepositions, word order, required repetition in parallel lists.
   * **Examples:** *ein Kleinwagen* → *einen Kleinwagen* (DE, accusative); repeat *auf* in German list items for parallelism.

6. **Punctuation/Spelling/Typos:**

   * **DEFINITION:** Orthographical and typographical errors.
   * **USE FOR:** Typos, misspellings, incorrect accent usage, wrong quotation mark style, missing locale spaces, double spaces, heading ending with a period.
   * **Examples:** *en␣␣Asturias* → *en Asturias* (ES); FR *130 km/h* → *130 km/h* with NBSP; remove trailing period from a heading (IT/NL).

---

## SEVERITY LEVELS & DECISION LADDER

You will assign a severity and score deduction to every issue by following this strict, step-by-step decision ladder.

**Critical (25)** – Safety/legal risk, offensive bias, or fabricated claims **within the text** that could dangerously mislead.

* Examples: harmful stereotypes; incorrect safety-critical numbers; invented product features.

**Major (3)** – Errors that change meaning or materially impair comprehension.

* Examples: mistranslation altering instructions; run‑on that creates ambiguity; **wrong currency for a locale**; missing mandated unit conversion in a metric locale when only imperial is given.

**Minor (1)** – Objective errors that do not block understanding but break rules/conventions.

* Examples: typos; locale quote/spacing rules; heading with stray period; adjective agreement where meaning stays obvious; comma after introductory adverbial (pt‑BR: *Em São Paulo, …*).

**Omit** – Preferential/style‑only feedback with no rule violation.

**Decision Ladder**

1. Policy/safety/offense? → **Critical**.
2. Misleads/changes meaning/blocks understanding? → **Major**.
3. Otherwise objective correctness/formatting breaches → **Minor**.
4. If purely preferential → **Omit**.

---

## Lang-SPECIFIC RULES

# European Portuguese (pt-PT) Style Guide for Skyscanner

## Project-specific exclusions (ticket 2026_8983)
- Ignore corrupted or duplicated section headings. Do not flag, correct, or rewrite them.
- The global project-specific proper-name exclusion in the master prompt takes priority over geo-name guidance below.

## Critical Requirements
**Tone of Voice**: Be a **Geeky Travel Pal**. Tone must be **playful, geeky, and helpful**.
- **Hierarchy**: **Helpful > Geeky > Playful**. If forced to choose, be helpful first.
- **Playful**: Conversational and lively. Clarity always beats wordplay.
- **Geeky**: Enthusiastic about data and patterns, explained like a knowledgeable friend.
- **Helpful**: Make complex travel info simple; put travelers first.
- **Avoid**: Corporate jargon, stiff phrasing, forced jokes, excessive exclamation marks.

## Formality (mandatory — pt-PT)
- Use the **formal 3rd-person** register for all communications.
- **Do not use "você"** and **do not use informal "tu"** (nor *tua/teu/tuas/teus*, nor 2nd-person verb forms like *encontras*, *reservares*, *alugares*).
- Prefer impersonal / 3rd-person constructions (e.g. *é necessário*, *recomendamos*, *o utilizador*, *pode*).
- Flag any *tu* / *você* register leakage as **Compliance** (Major unless a single isolated slip).

## Linguistic Guidelines

### Spelling & Orthography
- Follow **European Portuguese** spelling (Acordo Ortográfico as used in Portugal).
- Prefer European lexicon over Brazilian variants when both appear (e.g. *autocarro* not *ônibus*, *pequeno-almoço* not *café da manhã*, *telemóvel* not *celular*, *ecrã* not *tela*, where context is Portugal).
- Flag clear BR-only forms in pt-PT market content as **Compliance** / **Accuracy** when they are objectively wrong for Portugal.

### Punctuation & Spacing
- Use European Portuguese punctuation conventions.
- Currency: non-breaking space between value and symbol where the locale requires it (e.g. `52 €`).
- Prefer clarity: commas where needed to separate clauses.

### Capitalization & Dates
- **Sentence case** for titles and CTAs.
- Dates in Portuguese long form when written out (`11 de janeiro de 2026`).

### Addressing Users & CTAs
- **Active voice** for headlines and CTAs.
- CTAs in the **imperative** (short, direct), consistent with formal register (not *tu* imperatives).

### Units
- Metric-first market. Missing mandated metric presentation when only imperial is shown → **Compliance**.

## Technical Requirements

### URLs
- All lowercase, hyphens for word separation, basic Latin characters only.

### Placeholders
- Never translate, delete, or alter placeholders. Keep spacing around tags.

### Airport Names
- Never add "aeroporto" if it is not in the source name (avoid duplication).

### Geo-terms
- Use official / most widely used Portuguese names. EU style-guide country list is a valid reference.

## Content Type Guidelines

### SEO / Editorial
- Natural language, no keyword stuffing. Clear descriptive headings.
- If one SEO body paragraph packs multiple distinct ideas and is objectively hard to scan, flag **Style** and split into shorter paragraphs in `updated_sentence` / `corrected_content`.

### Marketing
- Natural, fluid, inspirational; keep promises realistic and compliant.

### Legal / Policies
- Precise, neutral, unemotional. No jokes or idioms.

### Sustainability
- No greenwashing. Prefer comparatives over absolutes. Never claim a flight is "sustentável/verde/eco/limpo".

## Brand & Legal Constraints

### Skyscanner
- Never translate or alter the brand name "Skyscanner".

### "Best" & Superlatives
- Do not claim "melhores preços" / "melhores ofertas" as an unsubstantiated competitive claim.
- "Best" allowed only with a clear measurement disclaimer.

### "Discount" & "Deals"
- Skyscanner never offers discounts. Never "A Skyscanner ofereceerece um desconto".
- Prefer neutral phrasing (*ofertas*, *redução de preço*, *é-lhe oferecido um desconto*).

## Quick Reference: Dos and Don'ts

| Category | Do | Don't |
| :--- | :--- | :--- |
| **Register** | Formal 3rd person / impersonal | *tu*, *você*, *encontras*, *reservares* |
| **Lexicon (PT)** | *autocarro*, *telemóvel* | BR-only *ônibus*, *celular* (in PT-PT market) |
| **Currency** | `52 €` | `€52` / glued forms that break locale rules |
| **Airport** | Keep source airport name | Duplicate "Aeroporto Aeroporto …" |
| **Discounts** | *ofertas*, *redução de preço* | "A Skyscanner ofereceerece desconto" |
| **Sustainability** | "emite 20% menos carbono" | "voo sustentável/verde" |

## SEO / Editorial LQA Addendum (Jan 2026)
Source: Style Guide Jan 2026 (Portuguese / Portugal). Additive.

### Register
- Formal 3rd person; ban *tu* and *você*. Flag register leaks as **Compliance**.

### Geo naming
- Official/common Portuguese forms; consistent across the page.

### SEO body readability (objective Style only)
- Split objectively overlong multi-idea SEO body paragraphs (**Style**); provide split text in `updated_sentence` / `corrected_content`.
- No synonym-only preference edits.


---

## OUTPUT JSON CONTRACT (RETURN THIS OBJECT ONLY)

You will return a **single, valid JSON object** and nothing else. Do not add any explanatory text before or after it.

```json
{
  "review_findings": [
    {
      "text": "<The full, original sentence or text snippet containing the error>",
      "issue": "<A concise, one-sentence description of the objective error. Example: 'Incorrect gender agreement between noun and adjective.'>",
      "type_of_issue": "<Must be one of: AI-issues, Style, Accuracy, Compliance, Grammar, Punctuation/Spelling/Typos>",
      "solution": "<A brief, actionable instruction for the fix. Example: 'Change the adjective to the feminine form to agree with the noun.'>",
      "updated_sentence": "<The full sentence, rewritten with the solution correctly applied. For paragraph splits, include the full corrected multi-paragraph snippet with blank lines between paragraphs.>",
      "severity": "<Must be one of: Minor, Major, Critical>",
      "score_deduction": "<Must be 1, 3, or 25, perfectly matching the severity level>"
    }
  ],
  "overall_feedback": {
    "summary": "<A 2-3 bullet point summary of the most significant and repeated error *patterns*. Focus on systemic issues, not a list of individual errors. Example: 'Consistent failure to apply non-breaking spaces before colons as required by French typography.'>",
    "action_plan": "<A 2-3 bullet point list of concrete, high-level actions to prevent these errors in the future. Example: 'Implement a post-processing check to ensure all brand names are capitalized correctly as per the glossary.'>"
  }
}
```

---

## COMMON MISCLASSIFICATIONS TO AVOID (CHECK BEFORE SUBMIT)

* **Speed limits / legal rules “corrections”** → **Do NOT flag** unless there is an internal contradiction. Missing metric conversion → **Compliance**, not **Accuracy**.
* **Brand/proper‑noun casing** → always **Compliance**, not **Punctuation**.
* **Currency** → symbol **choice for location** = **Accuracy**; **formatting/placement** = **Compliance**.
* **Headings punctuation** (e.g., stray period) → **Punctuation/Spelling/Typos**.
* **Generic vertical/category nouns** (e.g., ES *alquiler de coches*) → keep locale-appropriate sentence case unless the locale pack mandates Title Case.
* **“Awkward/natural” only** → **Omit** unless readability is objectively impaired (then **Style**).

---

## FINAL SELF-CHECK (RUN BEFORE RETURNING JSON)

1. **Is my output a single, valid JSON object with no extra text?**
2. **Did I avoid external fact‑checking and rely only on internal evidence and mandated rules?**
3. **Does every `score_deduction` value (1, 3, 25) perfectly match its `severity` level?**
4. **Are all `type_of_issue` values from the allowed list and mapped per the Language‑Agnostic Categorization Rules?**
5. **Have I strictly followed all rules from the `langinstructions`?**
6. **Is my feedback in the `issue` and `solution` fields concise, objective, and non-creative?**

Return only the JSON object.

2026-09-01 11:28:25,121 - INFO - [A1][PT][2026-2027-pt-car-hire-city-06__0001] USER PROMPT (first batch only):
Topic Name: Viena: como encontrar um aluguer de carro barato

Here is the content to review:

O aluguer de um automóvel em Viena pode encontrar-se a partir de 12 €, um valor que contrasta com a média anual de 54 €. Para obter tarifas mais reduzidas, convém comparar as diferentes opções disponíveis e ajustar as datas da viagem. Novembro destaca-se como o mês com os preços mais baixos ao longo do ano. A reserva feita com 4 semanas de antecedência tende a garantir condições mais favoráveis, permitindo assegurar o veículo pretendido antes de os preços aumentarem.



Available key terms:

### Skyscanner Multilingual Glossary ###
- EN: additional driver → pt-PT: condutor adicional | Definition: An extra person authorized to drive a rented vehicle.
- EN: air conditioning → pt-PT: ar condicionado | Definition: A system for cooling and dehumidifying the air.
- EN: airline → pt-PT: companhia aérea | Definition: A company that provides air transport services for traveling passengers.
- EN: airline alliance → pt-PT: aliança aérea | Definition: A partnership between multiple airlines to provide mutual benefits and seamless travel.
- EN: all inclusive → pt-PT: tudo incluído | Definition: Hotel package that includes accommodation, all meals, snacks, drinks (both alcoholic and non-alcoholic), and often additional amenities and activities
- EN: amenities → pt-PT: comodidades | Definition: Title of filter section mainly in hotel search
- EN: apartment → pt-PT: apartamento | Definition: A self-contained housing unit that occupies part of a building.
- EN: App → pt-PT: aplicação | Definition: An application designed for use on mobile devices. | Notes: app can also be used.
- EN: Art and culture → pt-PT: Arte e cultura | Definition: Activities or attractions related to visual arts, music, theater, and heritage.
- EN: automatic → pt-PT: automático | Definition: A type of vehicle transmission that shifts gears automatically.
- EN: baggage allowance → pt-PT: limite de bagagem | Definition: The amount of luggage a traveler is permitted to carry without incurring additional fees, as defined by the transportation provider
- EN: Beach → pt-PT: Praia | Definition: A sandy or pebbly shore by a body of water, often a popular destination for relaxation and recreation.
- EN: Black Friday → pt-PT: Black Friday | Definition: A major retail event with extensive sales and promotions, often lasting beyond the day after Thanksgiving. | Example: Aproveite a oferta de Black Friday neste fim de semana para quando quiser
- EN: board type → pt-PT: tipo de pensão | Definition: This term refers to the meal plan included with a hotel stay.
- EN: book → pt-PT: reservar | Definition: Verb. To reserve a service, such as a flight.
- EN: book → pt-PT: reservar | Definition: Verb. To reserve a service, such as a hotel room.
- EN: book → pt-PT: reservar | Definition: Verb. To reserve a service, such as a car.
- EN: booking → pt-PT: reserva | Definition: Noun. A reservation for a service.
- EN: booking → pt-PT: reserva | Definition: Noun. A reservation for a service.
- EN: booking → pt-PT: reserva | Definition: Noun. A reservation for a service.
- EN: Business Class → pt-PT: Classe Executiva | Definition: A class of airline service offering more comfort and amenities than economy class.
- EN: business travellers → pt-PT: viajantes em trabalho | Definition: Individuals traveling for work-related purposes.
- EN: cabin bag → pt-PT: mala de cabine | Definition: A small piece of luggage carried into the passenger cabin. | Example: Sem mala de cabine incluída
- EN: cabin baggage → pt-PT: mala de cabine | Definition: Same as cabin bag.
- EN: cabin class → pt-PT: classe de reserva | Definition: The category of service on an aircraft, such as economy, business, or first class. | Example: Selecione o número de passageiros e a classe de reserva
- EN: cancellation policy → pt-PT: política de cancelamento | Definition: The terms and conditions under which a booking can be canceled.
- EN: car hire → pt-PT: aluguer de carros | Definition: The act of renting a vehicle.
- EN: Car hire → pt-PT: Aluguer de carros | Definition: Rental of an automobile for a specified period
- EN: car hire company → pt-PT: empresa de aluguer de carros | Definition: A business that provides rental vehicles.
- EN: car hire deal → pt-PT: oferta de aluguer de carros | Definition: Discounted or special offer on car rental services.
- EN: carbon footprint → pt-PT: pegada ecológica | Definition: A carbon footprint refers to the total amount of CO2 emissions released into the atmosphere as a result of the activities of an business, individual or event.
- EN: charge → pt-PT: cobrar | Definition: Verb. To add fee for a service or product.
- EN: charge → pt-PT: custo | Definition: Noun. Fee for a service or product
- EN: Cheapest month → pt-PT: Mês mais económico | Definition: The cheapest month features in ‘Flexible Dates’ tab highlights the cheapest month to travel, as well as the lowest price per month to travel to the destination. | Notes: This can also be used in lower case, depending on the context.
- EN: check in → pt-PT: efetuar o check-in | Definition: Verb - The process of registering for a flight.
- EN: check in → pt-PT: efetuar o check-in | Definition: Verb - The process of registering for a hotel stay.
- EN: check out → pt-PT: efetuar o check-out | Definition: Verb - The process of completing a stay at a hotel.
- EN: check-in → pt-PT: check-in | Definition: Noun - The process of registering for a flight.
- EN: check-in → pt-PT: check-in | Definition: Noun - The process of completing a stay at a hotel.
- EN: check-out → pt-PT: check-out | Definition: Noun - The process of leaving and settling the bill at a hotel.
- EN: checked bag → pt-PT: mala de porão | Definition: Bag that is handed over to the airline for transport in the cargo hold. | Example: Sem mala de porão incluída
- EN: checked luggage → pt-PT: bagagem de porão | Definition: Luggage that is handed over to the airline for transport in the cargo hold.
- EN: cO2e emissions → pt-PT: emissões de CO2e | Definition: Carbon dioxide equivalent emissions, measuring the impact of greenhouse gases.
- EN: Collision Damage Waiver → pt-PT: seguro CDW | Definition: This is a type of insurance offered by rental car companies that limits your liability if the car is damaged in an accident. 
However, it typically doesn’t cover the full cost; you still have to pay a portion of  the repair costs, called the excess or deductible. | Example: Boas notícias: o seguro CDW está incluído no preço do aluguer e não precisa de seguro adicional.
- EN: commercial van → pt-PT: carrinha comercial | Definition: Vehicles designed for transporting goods and materials for business purposes.
- EN: compact → pt-PT: compacto | Definition: A category of rental cars that are slightly larger than economy cars but still small and efficient.
- EN: connecting flight → pt-PT: voo de ligação | Definition: A flight requiring a change of planes to reach the final destination.
- EN: convertible → pt-PT: conversível | Definition: A car with a roof structure that can be 'converted' to allow open-air or enclosed driving.
- EN: Cookie Policy → pt-PT: Política de cookies | Definition: Policy that governs the use of cookies on Skyscanner's website, ensuring transparency regarding data usage
- EN: country house → pt-PT: casa de campo | Definition: A large house in the countryside
- EN: coupe → pt-PT: coupé | Definition: A car with a fixed-roof body style that is shorter than a sedan of the same model.
- EN: couples → pt-PT: casais | Definition: Pairs of individuals traveling together
- EN: Cyber Monday → pt-PT: Cyber Monday | Definition: An online shopping event on the Monday after Thanksgiving, featuring exclusive digital deals and discounts. | Example: Reserve a sua próxima viagem com a oferta de Cyber Monday.
- EN: deal → pt-PT: oferta | Definition: A special offer or discount.
- EN: departure country → pt-PT: país de partida | Definition: The country from which a journey begins.
- EN: departure date → pt-PT: data de partida | Definition: The date on which a journey starts.
- EN: departure time → pt-PT: hora de partida | Definition: The scheduled time a flight is set to leave.
- EN: destination → pt-PT: destino | Definition: The final place or location to which someone is traveling. It is the end point of a journey where travelers intend to stay, explore, or visit. Destinations can range from cities and countries to specific attractions or resorts.
- EN: destination airport → pt-PT: aeroporto de destino | Definition: The airport where a journey ends.
- EN: destination country → pt-PT: país de destino | Definition: The country where a journey ends.
- EN: direct → pt-PT: direto | Definition: A flight with no scheduled stops between the departure and arrival points.
- EN: direct flight → pt-PT: voo direto | Definition: A flight with no scheduled stops between the departure and arrival points.
- EN: domestic flight → pt-PT: voo doméstico | Definition: A flight within the same country.
- EN: drop → pt-PT: lançamento | Notes: This could be translated in multiple ways depending on context. | Example: Lançamento de preço de 36 £

Espetáculo que chega de Londres

Os preços mais recentes
- EN: drop → pt-PT: lançar | Notes: This could be translated in multiple ways depending on context (also chegar, aterrar, voltar). | Example: A próxima viagem pode ser lançada hoje

Escolha outra cidade de partida ou volte depois.

Os preços que chegam hoje
- EN: drop-off → pt-PT: entrega | Definition: The date, time or location where a rented vehicle is returned at the end of the rental period.
- EN: DROPS → pt-PT: DROPS | Definition: Feature name.

DROPS is a new “sub-brand” of Skyscanner. It is an app-exclusive product only available for logged-in users that helps travelers spot flight deals that have dropped by more than 20% and that are available for only 24h. | Notes: Follow the source capitalization.

Feature name. To be left in English

Gender note: masculine form. | Example: Damos-lhe as boas-vindas ao DROPS

Deixe que o DROPS decida a sua próxima viagem
- EN: Drops → pt-PT: Drops | Definition: Feature name.

Drops is a new “sub-brand” of Skyscanner. It is an app-exclusive product only available for logged-in users that helps travelers spot flight deals that have dropped by more than 20% and that are available for only 24h. | Notes: Follow the source capitalization.

Feature name. To be left in English

Gender note: masculine form. | Example: Recarregue o Drops

Saiba mais sobre o Drops
- EN: economy → pt-PT: económico | Definition: A category of rental cars that are typically small, fuel-efficient, and inexpensive. | Example: Alugue um carro económico
- EN: Economy → pt-PT: Economy | Definition: The Economy flight class refers to the most basic and affordable class of service on an airplane. | Example: Mesmo que viaje geralmente em Economy, pode encontrar bons negócios em tarifas da classe Business.
- EN: electric → pt-PT: elétrico | Definition: Vehicles powered by electricity, typically from batteries.
- EN: email → pt-PT: e-mail | Definition: Electronic mail address used for communication.
- EN: estimated price → pt-PT: preço estimado | Definition: An approximate cost for a service.
- EN: Everywhere → pt-PT: Toda a parte | Definition: Option to search for travel destinations worldwide.
- EN: Excellent → pt-PT: Excelente | Definition: Rating indicating superior quality or performance.
- EN: Excess Waiver → pt-PT: seguro de franquia | Definition: This is an additional insurance that covers the excess amount not covered by the CDW. If you buy an excess waiver, you won’t have to pay  anything in the event of a claim, as it "waives" your responsibility for the excess 
portion. So, the CDW reduces your liability for damage, while the excess waiver eliminates your out-of-pocket costs for the excess amount. | Example: Muitas das companhias de seguros nossas parceiras oferecem uma opção de reembolso da franquia, o que pode ser mais barato do que o seguro de franquia oferecido no balcão.
- EN: explore → pt-PT: explorar | Definition: Option to discover new destinations or services.
- EN: Explore everywhere → pt-PT: Explore em toda a parte | Definition: The sentence case will be used whenever the term is employed in the UI itself or as part of a sentence.
- EN: Explore Everywhere → pt-PT: Explore em toda a parte | Definition: Used as feature or proper noun - Option to view travel options for various destinations globally.
- EN: extra charge → pt-PT: custo extra | Definition: An additional fee for a service or product.
- EN: Fair Fuel Policy → pt-PT: Política de combustível justa | Definition: A policy ensuring fair charges for fuel in rental agreements.
- EN: families → pt-PT: famílias | Definition: Groups traveling together, typically including parents and children.
- EN: FAQ → pt-PT: Perguntas Frequentes | Definition: Frequently Asked Question
- EN: FAQs → pt-PT: Perguntas Frequentes | Definition: Frequently Asked Questions
- EN: fare → pt-PT: tarifa | Definition: The cost of a ticket for travel.
- EN: fee → pt-PT: taxa | Definition: A charge for a service or product.
- EN: First Class → pt-PT: Primeira classe | Definition: A premium class of airline service offering high level of comfort and amenities.
- EN: Flexible dates → pt-PT: datas flexíveis | Definition: Previous "Whole month" feature. Calendar Tab that shows Whole month prices that allows users to make month view searches.
- EN: flight deal → pt-PT: voo com promoção | Definition: Discounted or special offer on air travel tickets.
- EN: flight details → pt-PT: detalhes do voo | Definition: Information about a specific flight.
- EN: flight emissions → pt-PT: emissões do voo | Definition: The amount of CO2 produced by a flight. Title for a feature that badges up flights with lower carbon dioxide emissions compared to other flights in the result set.
- EN: flight time → pt-PT: tempo de voo | Definition: The duration of a flight.
- EN: Flights → pt-PT: Voos | Definition: Air travel services provided by airlines.
- EN: fuel → pt-PT: combustível | Definition: Gasoline or diesel used to power vehicles, including cars, motorcycles, boats, or recreational vehicles.
- EN: full board → pt-PT: pensão completa | Definition: Hotel option that covers accommodation and three meals a day (breakfast, lunch, and dinner). Drinks and additional activities are usually not included
- EN: full to full → pt-PT: Full to Full | Definition: Fuel policy where the car is provided with a full tank and must be returned with a full tank.
- EN: fullsize → pt-PT: grande | Definition: A category of rental cars that are larger and offer more comfort and space.
- EN: getaway → pt-PT: escapadinha | Definition: A short vacation or trip, often taken to escape from daily routine and responsibilities. It usually involves traveling to a relaxing or enjoyable destination.
- EN: Good → pt-PT: Bom | Definition: Rating indicating satisfactory quality or performance.
- EN: Great food → pt-PT: Ótima comida | Definition: High-quality or highly recommended culinary experiences.
- EN: guest → pt-PT: hóspede | Definition: A person staying at a hotel or other accommodation.
- EN: guest house → pt-PT: pousada | Definition: A small, private hotel or lodging.
- EN: guest reviews → pt-PT: avaliações de clientes | Definition: Feedback and ratings from customers who have used a service or stayed at a property.
- EN: half board → pt-PT: meia pensão | Definition: Hotel option that covers accommodation, breakfast, and one other meal (usually dinner). Drinks and additional meals are typically not included.
- EN: hire car → pt-PT: carro alugado | Definition: A vehicle rented for a short period, ranging from a few hours to several weeks, typically from a rental agency.
- EN: holiday rentals → pt-PT: casa de férias | Definition: Properties available for short-term vacation stays.
- EN: home airport → pt-PT: aeroporto de partida | Definition: The airport closest to a traveler's residence.
- EN: hostel → pt-PT: hostel | Definition: Budget-friendly accommodation
- EN: hotel → pt-PT: hotel | Definition: An establishment providing lodging, meals, or other guest services.
- EN: hotel deal → pt-PT: hotel com promoção | Definition: Discounted or special offer on hotel bookings.
- EN: Hotels → pt-PT: Hotéis | Definition: Establishments providing lodging, meals, and other services for travelers.
- EN: hybrid → pt-PT: híbrido | Definition: Vehicles powered by both an internal combustion engine and an electric motor.
- EN: inbound flight → pt-PT: voo de regresso | Definition: The flight that takes the passenger back from their destination to their original departure location.
- EN: intermediate → pt-PT: médio | Definition: A category of rental cars that are larger than economy but smaller than full-size.
- EN: itinerary → pt-PT: itinerário | Definition: A detailed plan or schedule of a trip, listing all destinations, activities, and accommodations, along with the times and dates for each part of the journey.
- EN: journey → pt-PT: percurso | Definition: A journey refers to the act of traveling from one place to another, usually involving a significant distance or time commitment.
- EN: latest price → pt-PT: preço mais recente | Definition: The most recent cost for a service or product.
- EN: location → pt-PT: localização | Definition: A specific place or position where something is situated or where an event occurs.
- EN: log in → pt-PT: iniciar sessão | Definition: To access an account by entering credentials.
- EN: log out → pt-PT: terminar sessão | Definition: To exit an account.
- EN: login → pt-PT: início de sessão | Definition: The act of logging in to a computer, database, or system.
- EN: long wait → pt-PT: longa espera | Definition: An extended period of waiting, often at airports between flights.
- EN: low-cost → pt-PT: low cost | Definition: Services, particularly airlines, that are designed to offer lower prices by reducing the range of services and amenities traditionally included in the fare.
- EN: lowest price → pt-PT: preço mais baixo | Definition: The least expensive cost for a service or product.
- EN: luxury → pt-PT: luxo | Definition: High-end, premium vehicles offering superior comfort and features.
- EN: manual → pt-PT: manual | Definition: A type of vehicle transmission that requires the driver to manually shift gears.
- EN: mini → pt-PT: mini | Definition: A category of rental cars that are very small, typically suitable for city driving.
- EN: mobile app → pt-PT: aplicação móvel | Definition: An application designed for use on mobile devices.
- EN: motorcycle → pt-PT: mota | Definition: A two-wheeled motor vehicle.
- EN: Multi-city → pt-PT: Vários destinos | Definition: Multi-city flights are a smart way to see more destinations in one go, by adding extra legs to your trip. If, for example, you can’t decide between Paris or Rome, you can book flights to both cities and turn your trip into an itinerary.
- EN: multi-city → pt-PT: vários destinos | Definition: Multi-city flights are a smart way to see more destinations in one go, by adding extra legs to your trip. If, for example, you can’t decide between Paris or Rome, you can book flights to both cities and turn your trip into an itinerary.
- EN: Nearby airports → pt-PT: Aeroportos próximos | Definition: Widen your search for flight deals by selecting the “add nearby airports” option to search flight prices for all the nearest airports at your departure point and your destination to increases your chances of finding the best deal at both ends of your trip.
- EN: nearby airports → pt-PT: aeroportos próximos | Definition: Widen your search for flight deals by selecting the “add nearby airports” option to search flight prices for all the nearest airports at your departure point and your destination to increases your chances of finding the best deal at both ends of your trip.
- EN: Nightlife and entertainment → pt-PT: Vida noturna e entretenimento | Definition: Activities and venues that provide entertainment, typically during the evening, such as clubs and bars.
- EN: no extra fees → pt-PT: sem taxas extra | Definition: Indicates that there are no additional charges beyond the listed price.
- EN: non refundable → pt-PT: não reembolsável | Definition: A booking or a charge that cannot be refunded.
- EN: non-protected transfer → pt-PT: transfer independente | Definition: Booking connecting flights with more than one provider means the ongoing flight may not be guaranteed, and is at risk from delays or cancellations. It's also needed to collect your luggage and check into the second flight.
- EN: one way → pt-PT: só ida | Definition: A trip that does not include a return journey. | Notes: We can use "só de ida" for phrasing and "local de devolução diferente" in Car hire context.
- EN: one way → pt-PT: só ida | Definition: A train trip that does not include a return journey. | Example: Reserve a sua viagem só de ida.
- EN: one-way → pt-PT: só ida | Definition: A trip that does not include a return journey. | Notes: We can use "só de ida" for phrasing and "local de devolução diferente" in Car hire context.
- EN: outbound → pt-PT: voo de ida | Definition: The flight that takes a passenger from their home or starting location to their destination.
- EN: outbound flight → pt-PT: voo de ida | Definition: The flight that takes a passenger from their home or starting location to their destination.
- EN: Outdoor adventures → pt-PT: Aventuras ao ar livre | Definition: Activities involving physical exertion in natural settings, such as hiking, rafting, or camping.
- EN: package → pt-PT: pacote | Definition: Used in the meaning of “package holiday”, referring to the package deals in our Packages vertical that include flights and a hotel. This is for when we talk about packages in running copy and in general, as opposed to the vertical name. | Notes: an alternative may be pacote de viagem
- EN: Packages → pt-PT: Pacotes
- EN: parking → pt-PT: parque de estacionamento | Definition: Space or facility to park vehicles.
- EN: passenger → pt-PT: passageiro | Definition: An individual traveling on a plane, train, or other mode of transport.
- EN: passenger van → pt-PT: carrinha de passageiros | Definition: A van configured to carry passengers.
- EN: Pay on arrival → pt-PT: Pagar à chegada | Definition: Option to pay for a service upon arrival at the location.
- EN: pay on arrival → pt-PT: pagar à chegada
- EN: people carrier → pt-PT: monovolume | Definition: A vehicle designed to transport multiple passengers
- EN: pick up truck → pt-PT: carrinha de caixa aberta | Definition: A light-duty truck with an enclosed cab and an open cargo area.
- EN: pick-up → pt-PT: recolha | Definition: The act of collecting a rental vehicle.
- EN: Premium → pt-PT: Premium | Definition: A category of rental cars that offer higher-end features and more comfort.
- EN: Premium Economy → pt-PT: Económica Premium | Definition: A class of airline service between economy and business class.
- EN: Price → pt-PT: Preço | Definition: The cost of a service or product.
- EN: Price Alert → pt-PT: Alerta de preço | Definition: Skyscanner's Price Alert feature notifies users via email or push notification about fluctuations in the prices of plane tickets they're interested in.
- EN: Price Alerts → pt-PT: Alertas de preço | Definition: Skyscanner's Price Alert feature notifies users via email or push notification about fluctuations in the prices of plane tickets they're interested in.
- EN: price per night → pt-PT: preço por noite | Definition: The cost of accommodation for one night.
- EN: Privacy Policy → pt-PT: Política de privacidade | Definition: Policy that outlines how Skyscanner handles users' personal information, emphasizing user control and transparency
- EN: private home → pt-PT: casa privada | Definition: Residential property that is rented out to travelers for short-term stays
- EN: property → pt-PT: propriedade | Definition: In the travel context, a property refers to a place of lodging, such as a hotel, resort, bed and breakfast, or vacation rental, where travelers can stay during their trip.
- EN: provider → pt-PT: fornecedor | Definition: A company or individual offering a service. Car Hire vertical
- EN: provider → pt-PT: fornecedor | Definition: A company or individual offering a service.
- EN: provider → pt-PT: fornecedor | Definition: A company or individual offering a service. Hotel vertical
- EN: rating → pt-PT: classificação | Definition: A score or review given to a service or product.
- EN: Read more → pt-PT: Ler mais | Definition: Option to view additional information.
- EN: recent searches → pt-PT: pesquisas recentes | Definition: A list of previous search queries.
- EN: Recommended Provider → pt-PT: Fornecedor de topo | Definition: A booking partner that meets our top-quality criteria, demonstrated by a high Partner Quality Score, strong price accuracy, and reliable downstream visibility. This designation helps travelers make informed choices by identifying partners that offer a trustworthy and seamless booking experience.
- EN: recreational vehicle → pt-PT: autocaravana | Definition: RV, a motor vehicle or trailer equipped with living space and amenities for travel.
- EN: residence → pt-PT: residência | Definition: Fully furnished apartments or suites that are available for short-term or long-term stays or  a private home or villa that is rented out to travelers for short-term stays,
- EN: resort → pt-PT: resort | Definition: A place that offers a variety of recreational activities and amenities
- EN: result → pt-PT: resultado | Definition: An outcome from a search or query.
- EN: return → pt-PT: voo de ida e volta | Definition: A flight that includes both the outbound and inbound journeys, completing the round trip. | Example: Selecione a data do voo de regresso
- EN: return → pt-PT: voo de regresso | Definition: A flight that returns to the original departure location (1 flight) | Example: Procura um voo de ida e volta?
- EN: return → pt-PT: ida e volta | Definition: A train journey that includes both the outbound and inbound journeys, completing the round trip. | Example: A viagem de ida e volta custa 20 €.
- EN: return → pt-PT: regresso | Definition: A train trip to return to the original departure location (1 trip)" | Example: A viagem de regresso expira dentro de 30 dias.
- EN: return date → pt-PT: data de regresso | Definition: The date of the return journey.
- EN: return flight → pt-PT: voo de ida e volta | Definition: A flight that includes both the outbound and inbound journeys, completing the round trip. | Example: Aproveite e compre também o voo de regresso.
- EN: return flight → pt-PT: voo de regresso | Definition: A flight that returns to the original departure location (1 flight) | Example: As melhores poupanças em voos de ida e volta.
- EN: return trip → pt-PT: viagem de ida e volta | Definition: A journey including both the outbound journey to the destination and the inbound journey back to the starting location.
- EN: Review → pt-PT: Avaliar | Definition: Verb - Add an evaluation or feedback about a service or product.
- EN: review → pt-PT: avaliação | Definition: Noun - An evaluation or feedback about a service or product.
- EN: room → pt-PT: quarto | Definition: A space within a building for accommodation
- EN: same to same → pt-PT: same to same | Definition: Fuel policy where the car must be returned with the same amount of fuel as when picked up.
- EN: Satisfactory → pt-PT: Satisfatório | Definition: Rating indicating acceptable quality or performance, but with some issues.
- EN: Saved → pt-PT: Favoritos | Definition: For travellers planning one or more trips, this feature empowers users to save different elements of their travel, so they can compare and monitor prices, book at a time that suits and/or find the perfect option.
- EN: Savvy Search → pt-PT: PesquisAI | Definition: Savvy Search is a generative AI planning tool developed internally. It is designed to help travelers discover new destinations and experiences by asking questions like "What kind of trip is on your mind?" This tool is powered by OpenAI's ChatGPT and uses historical internet data along with Skyscanner's destination and price data to provide travel recommendations | Notes: Product Feature | Example: Apresentamos a PesquisAI

Deixe que a PesquisAI lhe mostre lugares que nunca imaginou que existissem.
- EN: search → pt-PT: pesquisa | Definition: The process of looking for specific travel-related information or options, such as flights, hotels, rental cars
- EN: search → pt-PT: pesquisar | Definition: To look for information or options.
- EN: select → pt-PT: selecionar | Definition: The act of choosing or picking a specific option from a range of available choices.
- EN: self catering → pt-PT: self-catering | Definition: This type of accommodation may or may not provide guests with kitchen facilities to prepare their own meals. No meals are included in the package | Notes: An alternative may be "sem refeições"
- EN: self-transfer → pt-PT: transfer independente | Definition: When passengers need to transfer between flights on their own without airline assistance. It may be necessary to check in separately for each connecting flight.
- EN: sign up → pt-PT: registar | Definition: Option to create a new account.
- EN: solo travellers → pt-PT: viajantes individuais | Definition: Individuals traveling alone.
- EN: sports car → pt-PT: carro desportivo | Definition: A car designed for high performance and agility, often with a sleek design.
- EN: standard → pt-PT: standard | Definition: A category of rental cars that offer a balance between size, comfort, and cost.
- EN: star → pt-PT: estrela | Definition: A hotel star rating is a system used to classify hotels based on their quality, amenities, service, and overall guest experience.
- EN: star → pt-PT: estrelas | Notes: Plural, depending on context.
- EN: star rating → pt-PT: classificação por estrelas | Definition: A hotel star rating is a system used to classify hotels based on their quality, amenities, service, and overall guest experience.
- EN: stay → pt-PT: estadia | Definition: Period during which a guest resides at an accommodation, such as a hotel.
- EN: stop → pt-PT: escala | Definition: Flight connection at other airport before reaching the destination (not direct flights)
- EN: Suggested for you → pt-PT: Sugerido para si | Definition: Personalized recommendations based on your interests or past behavior.
- EN: SUV → pt-PT: SUV | Definition: Sport Utility Vehicle, a larger car often with off-road capability and more passenger/cargo space.
- EN: tax → pt-PT: imposto | Definition: Compulsory financial charges imposed by a government.
- EN: Terms of Service → pt-PT: Termos de Serviço | Definition: The rules and conditions for using a service.
- EN: Top Provider → pt-PT: Fornecedor de topo | Definition: A booking partner that meets our top-quality criteria, demonstrated by a high Partner Quality Score, strong price accuracy, and reliable downstream visibility. This designation helps travelers make informed choices by identifying partners that offer a trustworthy and seamless booking experience.
- EN: total price → pt-PT: preço total | Definition: The complete cost of a service or product.
- EN: transfer → pt-PT: transferir | Definition: The act of moving travelers from one location to another.
- EN: transfer → pt-PT: transferência | Definition: Service or act of moving from one mode of transport to another.
- EN: transmission → pt-PT: transmissão | Definition: The mechanism by which power is transmitted from the engine to the wheels in a vehicle.
- EN: travel agent → pt-PT: agente de viagens | Definition: A professional who plans and books travel arrangements for clients.
- EN: travel Hack → pt-PT: truques de viagem | Definition: Tips and strategies for making travel easier or cheaper.
- EN: travel insurance → pt-PT: seguro de viagem | Definition: Coverage for risks associated with travel, such as trip cancellations and medical emergencies.
- EN: Travel Tuesday → pt-PT: Travel Tuesday | Definition: A marketing initiative on the Tuesday after Thanksgiving, offering significant discounts on travel-related purchases like flights and hotels. | Example: Feliz Travel Tuesday!
- EN: traveller → pt-PT: viajante | Definition: An individual who is traveling.
- EN: trip → pt-PT: viagem | Definition: A journey from one place to another.
- EN: Underrated Destinations → pt-PT: Destinos subestimados | Definition: Travel locations that are less popular but worth visiting.
- EN: unique stays → pt-PT: estadias excecionais | Definition: Accommodations that offer unusual or distinctive experiences.
- EN: unlimited mileage → pt-PT: quilometragem ilimitada | Definition: Option allowing unlimited travel distance in a rental vehicle.
- EN: van → pt-PT: carrinha | Definition: A larger vehicle used for transporting goods or people.
- EN: vehicle → pt-PT: veículo | Definition: A mode of transportation used to move from one place to another.
- EN: Very good → pt-PT: Muito bom | Definition: Rating indicating high quality or performance.
- EN: Vibes → pt-PT: Temas | Definition: Vibes is an AI-powered feature developed by Skyscanner that enhances the Explore Everywhere experience by categorising and sorting travel destinations in a smart, intuitive way to inspire travellers. These “vibes” are essentially themed tiles or categories—likely based on mood, activity type, scenery, or travel style (e.g. “beach escape”, “romantic getaway”, “adventurous hiking”)—that help users discover destinations they might not have otherwise considered.
- EN: wagon → pt-PT: station wagon | Definition: A car with a longer body and more cargo space, often with a rear hatch door.
- EN: Whole month → pt-PT: Mês inteiro | Definition: Option to view availability and prices for an entire month.
- EN: whole month → pt-PT: mês inteiro | Definition: Option to view availability and prices for an entire month.
- EN: With honours → pt-PT: Com distinção | Definition: A high distinction or recognition for excellence.

2026-09-01 11:28:25,132 - INFO - [PT] Agent 1 window 0-9 (10 batches)
2026-09-01 11:28:25,229 - INFO - AFC is enabled with max remote calls: 10.
2026-09-01 11:28:25,229 - WARNING - Direct use of automatic function calling (AFC) in AsyncModels.generate_content is not recommended. Instead, we recommend to use AFC in AsyncChat.send_message. Similarly, direct use of AFC in AsyncModels.generate_content_stream is not recommended. Instead, we recommend to use AFC in AsyncChat.send_message_stream.
2026-09-01 11:28:25,247 - INFO - AFC is enabled with max remote calls: 10.
2026-09-01 11:28:25,248 - INFO - AFC is enabled with max remote calls: 10.
2026-09-01 11:28:25,249 - INFO - AFC is enabled with max remote calls: 10.
2026-09-01 11:28:25,249 - INFO - AFC is enabled with max remote calls: 10.
2026-09-01 11:28:25,250 - INFO - AFC is enabled with max remote calls: 10.
2026-09-01 11:28:25,251 - INFO - AFC is enabled with max remote calls: 10.
2026-09-01 11:28:25,251 - INFO - AFC is enabled with max remote calls: 10.
2026-09-01 11:28:25,252 - INFO - AFC is enabled with max remote calls: 10.
2026-09-01 11:28:25,253 - INFO - AFC is enabled with max remote calls: 10.
2026-09-01 11:28:38,217 - INFO - HTTP Request: POST https://generativelanguage.googleapis.com/v1beta/models/gemini-2.5-pro:generateContent "HTTP/1.1 200 OK"
2026-09-01 11:28:39,817 - INFO - HTTP Request: POST https://generativelanguage.googleapis.com/v1beta/models/gemini-2.5-pro:generateContent "HTTP/1.1 200 OK"
2026-09-01 11:28:40,090 - INFO - HTTP Request: POST https://generativelanguage.googleapis.com/v1beta/models/gemini-2.5-pro:generateContent "HTTP/1.1 200 OK"
2026-09-01 11:28:41,075 - INFO - HTTP Request: POST https://generativelanguage.googleapis.com/v1beta/models/gemini-2.5-pro:generateContent "HTTP/1.1 200 OK"
2026-09-01 11:28:41,280 - INFO - HTTP Request: POST https://generativelanguage.googleapis.com/v1beta/models/gemini-2.5-pro:generateContent "HTTP/1.1 200 OK"
2026-09-01 11:28:43,019 - INFO - HTTP Request: POST https://generativelanguage.googleapis.com/v1beta/models/gemini-2.5-pro:generateContent "HTTP/1.1 200 OK"
2026-09-01 11:28:44,919 - INFO - HTTP Request: POST https://generativelanguage.googleapis.com/v1beta/models/gemini-2.5-pro:generateContent "HTTP/1.1 200 OK"
2026-09-01 11:28:45,186 - INFO - HTTP Request: POST https://generativelanguage.googleapis.com/v1beta/models/gemini-2.5-pro:generateContent "HTTP/1.1 200 OK"
2026-09-01 11:28:46,487 - INFO - HTTP Request: POST https://generativelanguage.googleapis.com/v1beta/models/gemini-2.5-pro:generateContent "HTTP/1.1 200 OK"
2026-09-01 11:28:53,577 - INFO - HTTP Request: POST https://generativelanguage.googleapis.com/v1beta/models/gemini-2.5-pro:generateContent "HTTP/1.1 200 OK"
2026-09-01 11:28:53,595 - INFO - [PT] Waiting 10.0s before next Agent 1 window…
2026-09-01 11:29:03,598 - INFO - [PT] Agent 1 window 10-19 (10 batches)
2026-09-01 11:29:03,673 - INFO - AFC is enabled with max remote calls: 10.
2026-09-01 11:29:03,675 - INFO - AFC is enabled with max remote calls: 10.
2026-09-01 11:29:03,676 - INFO - AFC is enabled with max remote calls: 10.
2026-09-01 11:29:03,677 - INFO - AFC is enabled with max remote calls: 10.
2026-09-01 11:29:03,678 - INFO - AFC is enabled with max remote calls: 10.
2026-09-01 11:29:03,679 - INFO - AFC is enabled with max remote calls: 10.
2026-09-01 11:29:03,680 - INFO - AFC is enabled with max remote calls: 10.
2026-09-01 11:29:03,681 - INFO - AFC is enabled with max remote calls: 10.
2026-09-01 11:29:03,682 - INFO - AFC is enabled with max remote calls: 10.
2026-09-01 11:29:03,683 - INFO - AFC is enabled with max remote calls: 10.
2026-09-01 11:29:15,848 - INFO - HTTP Request: POST https://generativelanguage.googleapis.com/v1beta/models/gemini-2.5-pro:generateContent "HTTP/1.1 200 OK"
2026-09-01 11:29:17,141 - INFO - HTTP Request: POST https://generativelanguage.googleapis.com/v1beta/models/gemini-2.5-pro:generateContent "HTTP/1.1 200 OK"
2026-09-01 11:29:17,533 - INFO - HTTP Request: POST https://generativelanguage.googleapis.com/v1beta/models/gemini-2.5-pro:generateContent "HTTP/1.1 200 OK"
2026-09-01 11:29:18,841 - INFO - HTTP Request: POST https://generativelanguage.googleapis.com/v1beta/models/gemini-2.5-pro:generateContent "HTTP/1.1 200 OK"
2026-09-01 11:29:19,524 - INFO - HTTP Request: POST https://generativelanguage.googleapis.com/v1beta/models/gemini-2.5-pro:generateContent "HTTP/1.1 200 OK"
2026-09-01 11:29:20,143 - INFO - HTTP Request: POST https://generativelanguage.googleapis.com/v1beta/models/gemini-2.5-pro:generateContent "HTTP/1.1 200 OK"
2026-09-01 11:29:20,151 - INFO - HTTP Request: POST https://generativelanguage.googleapis.com/v1beta/models/gemini-2.5-pro:generateContent "HTTP/1.1 200 OK"
2026-09-01 11:29:21,853 - INFO - HTTP Request: POST https://generativelanguage.googleapis.com/v1beta/models/gemini-2.5-pro:generateContent "HTTP/1.1 200 OK"
2026-09-01 11:29:22,172 - INFO - HTTP Request: POST https://generativelanguage.googleapis.com/v1beta/models/gemini-2.5-pro:generateContent "HTTP/1.1 200 OK"
2026-09-01 11:29:22,906 - INFO - HTTP Request: POST https://generativelanguage.googleapis.com/v1beta/models/gemini-2.5-pro:generateContent "HTTP/1.1 200 OK"
2026-09-01 11:29:22,909 - INFO - [PT] Waiting 10.0s before next Agent 1 window…
2026-09-01 11:29:32,916 - INFO - [PT] Agent 1 window 20-29 (10 batches)
2026-09-01 11:29:32,991 - INFO - AFC is enabled with max remote calls: 10.
2026-09-01 11:29:32,998 - INFO - AFC is enabled with max remote calls: 10.
2026-09-01 11:29:33,000 - INFO - AFC is enabled with max remote calls: 10.
2026-09-01 11:29:33,001 - INFO - AFC is enabled with max remote calls: 10.
2026-09-01 11:29:33,003 - INFO - AFC is enabled with max remote calls: 10.
2026-09-01 11:29:33,004 - INFO - AFC is enabled with max remote calls: 10.
2026-09-01 11:29:33,007 - INFO - AFC is enabled with max remote calls: 10.
2026-09-01 11:29:33,008 - INFO - AFC is enabled with max remote calls: 10.
2026-09-01 11:29:33,009 - INFO - AFC is enabled with max remote calls: 10.
2026-09-01 11:29:33,010 - INFO - AFC is enabled with max remote calls: 10.
2026-09-01 11:29:46,522 - INFO - HTTP Request: POST https://generativelanguage.googleapis.com/v1beta/models/gemini-2.5-pro:generateContent "HTTP/1.1 200 OK"
2026-09-01 11:29:48,549 - INFO - HTTP Request: POST https://generativelanguage.googleapis.com/v1beta/models/gemini-2.5-pro:generateContent "HTTP/1.1 200 OK"
2026-09-01 11:29:48,872 - INFO - HTTP Request: POST https://generativelanguage.googleapis.com/v1beta/models/gemini-2.5-pro:generateContent "HTTP/1.1 200 OK"
2026-09-01 11:29:52,100 - INFO - HTTP Request: POST https://generativelanguage.googleapis.com/v1beta/models/gemini-2.5-pro:generateContent "HTTP/1.1 200 OK"
2026-09-01 11:29:53,162 - INFO - HTTP Request: POST https://generativelanguage.googleapis.com/v1beta/models/gemini-2.5-pro:generateContent "HTTP/1.1 200 OK"
2026-09-01 11:29:53,396 - INFO - HTTP Request: POST https://generativelanguage.googleapis.com/v1beta/models/gemini-2.5-pro:generateContent "HTTP/1.1 200 OK"
2026-09-01 11:29:53,811 - INFO - HTTP Request: POST https://generativelanguage.googleapis.com/v1beta/models/gemini-2.5-pro:generateContent "HTTP/1.1 200 OK"
2026-09-01 11:29:54,181 - INFO - HTTP Request: POST https://generativelanguage.googleapis.com/v1beta/models/gemini-2.5-pro:generateContent "HTTP/1.1 200 OK"
2026-09-01 11:30:15,291 - INFO - HTTP Request: POST https://generativelanguage.googleapis.com/v1beta/models/gemini-2.5-pro:generateContent "HTTP/1.1 200 OK"
2026-09-01 11:30:16,771 - INFO - HTTP Request: POST https://generativelanguage.googleapis.com/v1beta/models/gemini-2.5-pro:generateContent "HTTP/1.1 200 OK"
2026-09-01 11:30:16,782 - INFO - [PT] Waiting 10.0s before next Agent 1 window…
2026-09-01 11:30:26,785 - INFO - [PT] Agent 1 window 30-39 (10 batches)
2026-09-01 11:30:26,837 - INFO - AFC is enabled with max remote calls: 10.
2026-09-01 11:30:26,840 - INFO - AFC is enabled with max remote calls: 10.
2026-09-01 11:30:26,841 - INFO - AFC is enabled with max remote calls: 10.
2026-09-01 11:30:26,841 - INFO - AFC is enabled with max remote calls: 10.
2026-09-01 11:30:26,842 - INFO - AFC is enabled with max remote calls: 10.
2026-09-01 11:30:26,843 - INFO - AFC is enabled with max remote calls: 10.
2026-09-01 11:30:26,844 - INFO - AFC is enabled with max remote calls: 10.
2026-09-01 11:30:26,844 - INFO - AFC is enabled with max remote calls: 10.
2026-09-01 11:30:26,845 - INFO - AFC is enabled with max remote calls: 10.
2026-09-01 11:30:26,846 - INFO - AFC is enabled with max remote calls: 10.
2026-09-01 11:30:39,991 - INFO - HTTP Request: POST https://generativelanguage.googleapis.com/v1beta/models/gemini-2.5-pro:generateContent "HTTP/1.1 200 OK"
2026-09-01 11:30:40,205 - INFO - HTTP Request: POST https://generativelanguage.googleapis.com/v1beta/models/gemini-2.5-pro:generateContent "HTTP/1.1 200 OK"
2026-09-01 11:30:40,206 - INFO - HTTP Request: POST https://generativelanguage.googleapis.com/v1beta/models/gemini-2.5-pro:generateContent "HTTP/1.1 200 OK"
2026-09-01 11:30:41,759 - INFO - HTTP Request: POST https://generativelanguage.googleapis.com/v1beta/models/gemini-2.5-pro:generateContent "HTTP/1.1 200 OK"
2026-09-01 11:30:44,379 - INFO - HTTP Request: POST https://generativelanguage.googleapis.com/v1beta/models/gemini-2.5-pro:generateContent "HTTP/1.1 200 OK"
2026-09-01 11:30:44,389 - INFO - HTTP Request: POST https://generativelanguage.googleapis.com/v1beta/models/gemini-2.5-pro:generateContent "HTTP/1.1 200 OK"
2026-09-01 11:30:44,390 - INFO - HTTP Request: POST https://generativelanguage.googleapis.com/v1beta/models/gemini-2.5-pro:generateContent "HTTP/1.1 200 OK"
2026-09-01 11:30:51,055 - INFO - HTTP Request: POST https://generativelanguage.googleapis.com/v1beta/models/gemini-2.5-pro:generateContent "HTTP/1.1 200 OK"
2026-09-01 11:30:51,434 - INFO - HTTP Request: POST https://generativelanguage.googleapis.com/v1beta/models/gemini-2.5-pro:generateContent "HTTP/1.1 200 OK"
2026-09-01 11:31:11,553 - INFO - HTTP Request: POST https://generativelanguage.googleapis.com/v1beta/models/gemini-2.5-pro:generateContent "HTTP/1.1 200 OK"
2026-09-01 11:31:11,586 - INFO - [PT] Waiting 10.0s before next Agent 1 window…
2026-09-01 11:31:21,590 - INFO - [PT] Agent 1 window 40-49 (10 batches)
2026-09-01 11:31:21,652 - INFO - AFC is enabled with max remote calls: 10.
2026-09-01 11:31:21,654 - INFO - AFC is enabled with max remote calls: 10.
2026-09-01 11:31:21,655 - INFO - AFC is enabled with max remote calls: 10.
2026-09-01 11:31:21,655 - INFO - AFC is enabled with max remote calls: 10.
2026-09-01 11:31:21,656 - INFO - AFC is enabled with max remote calls: 10.
2026-09-01 11:31:21,657 - INFO - AFC is enabled with max remote calls: 10.
2026-09-01 11:31:21,658 - INFO - AFC is enabled with max remote calls: 10.
2026-09-01 11:31:21,658 - INFO - AFC is enabled with max remote calls: 10.
2026-09-01 11:31:21,659 - INFO - AFC is enabled with max remote calls: 10.
2026-09-01 11:31:21,660 - INFO - AFC is enabled with max remote calls: 10.
2026-09-01 11:31:34,130 - INFO - HTTP Request: POST https://generativelanguage.googleapis.com/v1beta/models/gemini-2.5-pro:generateContent "HTTP/1.1 200 OK"
2026-09-01 11:31:34,874 - INFO - HTTP Request: POST https://generativelanguage.googleapis.com/v1beta/models/gemini-2.5-pro:generateContent "HTTP/1.1 200 OK"
2026-09-01 11:31:35,191 - INFO - HTTP Request: POST https://generativelanguage.googleapis.com/v1beta/models/gemini-2.5-pro:generateContent "HTTP/1.1 200 OK"
2026-09-01 11:31:36,893 - INFO - HTTP Request: POST https://generativelanguage.googleapis.com/v1beta/models/gemini-2.5-pro:generateContent "HTTP/1.1 200 OK"
2026-09-01 11:31:37,226 - INFO - HTTP Request: POST https://generativelanguage.googleapis.com/v1beta/models/gemini-2.5-pro:generateContent "HTTP/1.1 200 OK"
2026-09-01 11:31:40,773 - INFO - HTTP Request: POST https://generativelanguage.googleapis.com/v1beta/models/gemini-2.5-pro:generateContent "HTTP/1.1 200 OK"
2026-09-01 11:31:41,759 - INFO - HTTP Request: POST https://generativelanguage.googleapis.com/v1beta/models/gemini-2.5-pro:generateContent "HTTP/1.1 200 OK"
2026-09-01 11:31:43,308 - INFO - HTTP Request: POST https://generativelanguage.googleapis.com/v1beta/models/gemini-2.5-pro:generateContent "HTTP/1.1 200 OK"
2026-09-01 11:31:44,461 - INFO - HTTP Request: POST https://generativelanguage.googleapis.com/v1beta/models/gemini-2.5-pro:generateContent "HTTP/1.1 200 OK"
2026-09-01 11:31:56,843 - INFO - HTTP Request: POST https://generativelanguage.googleapis.com/v1beta/models/gemini-2.5-pro:generateContent "HTTP/1.1 200 OK"
2026-09-01 11:31:56,856 - INFO - [PT] Waiting 10.0s before next Agent 1 window…
2026-09-01 11:32:06,867 - INFO - [PT] Agent 1 window 50-59 (10 batches)
2026-09-01 11:32:06,932 - INFO - AFC is enabled with max remote calls: 10.
2026-09-01 11:32:06,938 - INFO - AFC is enabled with max remote calls: 10.
2026-09-01 11:32:06,939 - INFO - AFC is enabled with max remote calls: 10.
2026-09-01 11:32:06,940 - INFO - AFC is enabled with max remote calls: 10.
2026-09-01 11:32:06,941 - INFO - AFC is enabled with max remote calls: 10.
2026-09-01 11:32:06,942 - INFO - AFC is enabled with max remote calls: 10.
2026-09-01 11:32:06,943 - INFO - AFC is enabled with max remote calls: 10.
2026-09-01 11:32:06,945 - INFO - AFC is enabled with max remote calls: 10.
2026-09-01 11:32:06,946 - INFO - AFC is enabled with max remote calls: 10.
2026-09-01 11:32:06,947 - INFO - AFC is enabled with max remote calls: 10.
2026-09-01 11:32:21,202 - INFO - HTTP Request: POST https://generativelanguage.googleapis.com/v1beta/models/gemini-2.5-pro:generateContent "HTTP/1.1 200 OK"
2026-09-01 11:32:21,224 - INFO - HTTP Request: POST https://generativelanguage.googleapis.com/v1beta/models/gemini-2.5-pro:generateContent "HTTP/1.1 200 OK"
2026-09-01 11:32:21,447 - INFO - HTTP Request: POST https://generativelanguage.googleapis.com/v1beta/models/gemini-2.5-pro:generateContent "HTTP/1.1 200 OK"
2026-09-01 11:32:21,837 - INFO - HTTP Request: POST https://generativelanguage.googleapis.com/v1beta/models/gemini-2.5-pro:generateContent "HTTP/1.1 200 OK"
2026-09-01 11:32:23,679 - INFO - HTTP Request: POST https://generativelanguage.googleapis.com/v1beta/models/gemini-2.5-pro:generateContent "HTTP/1.1 200 OK"
2026-09-01 11:32:24,587 - INFO - HTTP Request: POST https://generativelanguage.googleapis.com/v1beta/models/gemini-2.5-pro:generateContent "HTTP/1.1 200 OK"
2026-09-01 11:32:27,096 - INFO - HTTP Request: POST https://generativelanguage.googleapis.com/v1beta/models/gemini-2.5-pro:generateContent "HTTP/1.1 200 OK"
2026-09-01 11:32:28,993 - INFO - HTTP Request: POST https://generativelanguage.googleapis.com/v1beta/models/gemini-2.5-pro:generateContent "HTTP/1.1 200 OK"
2026-09-01 11:32:30,430 - INFO - HTTP Request: POST https://generativelanguage.googleapis.com/v1beta/models/gemini-2.5-pro:generateContent "HTTP/1.1 200 OK"
2026-09-01 11:32:33,084 - INFO - HTTP Request: POST https://generativelanguage.googleapis.com/v1beta/models/gemini-2.5-pro:generateContent "HTTP/1.1 200 OK"
2026-09-01 11:32:33,116 - INFO - [PT] Waiting 10.0s before next Agent 1 window…
2026-09-01 11:32:43,119 - INFO - [PT] Agent 1 window 60-69 (10 batches)
2026-09-01 11:32:43,173 - INFO - AFC is enabled with max remote calls: 10.
2026-09-01 11:32:43,176 - INFO - AFC is enabled with max remote calls: 10.
2026-09-01 11:32:43,177 - INFO - AFC is enabled with max remote calls: 10.
2026-09-01 11:32:43,178 - INFO - AFC is enabled with max remote calls: 10.
2026-09-01 11:32:43,179 - INFO - AFC is enabled with max remote calls: 10.
2026-09-01 11:32:43,180 - INFO - AFC is enabled with max remote calls: 10.
2026-09-01 11:32:43,181 - INFO - AFC is enabled with max remote calls: 10.
2026-09-01 11:32:43,182 - INFO - AFC is enabled with max remote calls: 10.
2026-09-01 11:32:43,183 - INFO - AFC is enabled with max remote calls: 10.
2026-09-01 11:32:43,184 - INFO - AFC is enabled with max remote calls: 10.
2026-09-01 11:32:55,009 - INFO - HTTP Request: POST https://generativelanguage.googleapis.com/v1beta/models/gemini-2.5-pro:generateContent "HTTP/1.1 200 OK"
2026-09-01 11:32:55,371 - INFO - HTTP Request: POST https://generativelanguage.googleapis.com/v1beta/models/gemini-2.5-pro:generateContent "HTTP/1.1 200 OK"
2026-09-01 11:32:56,312 - INFO - HTTP Request: POST https://generativelanguage.googleapis.com/v1beta/models/gemini-2.5-pro:generateContent "HTTP/1.1 200 OK"
2026-09-01 11:32:57,332 - INFO - HTTP Request: POST https://generativelanguage.googleapis.com/v1beta/models/gemini-2.5-pro:generateContent "HTTP/1.1 200 OK"
2026-09-01 11:32:59,336 - INFO - HTTP Request: POST https://generativelanguage.googleapis.com/v1beta/models/gemini-2.5-pro:generateContent "HTTP/1.1 200 OK"
2026-09-01 11:33:00,242 - INFO - HTTP Request: POST https://generativelanguage.googleapis.com/v1beta/models/gemini-2.5-pro:generateContent "HTTP/1.1 200 OK"
2026-09-01 11:33:01,148 - INFO - HTTP Request: POST https://generativelanguage.googleapis.com/v1beta/models/gemini-2.5-pro:generateContent "HTTP/1.1 200 OK"
2026-09-01 11:33:05,758 - INFO - HTTP Request: POST https://generativelanguage.googleapis.com/v1beta/models/gemini-2.5-pro:generateContent "HTTP/1.1 200 OK"
2026-09-01 11:33:05,762 - INFO - HTTP Request: POST https://generativelanguage.googleapis.com/v1beta/models/gemini-2.5-pro:generateContent "HTTP/1.1 200 OK"
2026-09-01 11:33:10,214 - INFO - HTTP Request: POST https://generativelanguage.googleapis.com/v1beta/models/gemini-2.5-pro:generateContent "HTTP/1.1 200 OK"
2026-09-01 11:33:10,222 - INFO - [PT] Waiting 10.0s before next Agent 1 window…
2026-09-01 11:33:20,231 - INFO - [PT] Agent 1 window 70-79 (10 batches)
2026-09-01 11:33:20,299 - INFO - AFC is enabled with max remote calls: 10.
2026-09-01 11:33:20,301 - INFO - AFC is enabled with max remote calls: 10.
2026-09-01 11:33:20,302 - INFO - AFC is enabled with max remote calls: 10.
2026-09-01 11:33:20,303 - INFO - AFC is enabled with max remote calls: 10.
2026-09-01 11:33:20,304 - INFO - AFC is enabled with max remote calls: 10.
2026-09-01 11:33:20,305 - INFO - AFC is enabled with max remote calls: 10.
2026-09-01 11:33:20,306 - INFO - AFC is enabled with max remote calls: 10.
2026-09-01 11:33:20,307 - INFO - AFC is enabled with max remote calls: 10.
2026-09-01 11:33:20,308 - INFO - AFC is enabled with max remote calls: 10.
2026-09-01 11:33:20,309 - INFO - AFC is enabled with max remote calls: 10.
2026-09-01 11:33:32,924 - INFO - HTTP Request: POST https://generativelanguage.googleapis.com/v1beta/models/gemini-2.5-pro:generateContent "HTTP/1.1 200 OK"
2026-09-01 11:33:34,181 - INFO - HTTP Request: POST https://generativelanguage.googleapis.com/v1beta/models/gemini-2.5-pro:generateContent "HTTP/1.1 200 OK"
2026-09-01 11:33:35,140 - INFO - HTTP Request: POST https://generativelanguage.googleapis.com/v1beta/models/gemini-2.5-pro:generateContent "HTTP/1.1 200 OK"
2026-09-01 11:33:35,479 - INFO - HTTP Request: POST https://generativelanguage.googleapis.com/v1beta/models/gemini-2.5-pro:generateContent "HTTP/1.1 200 OK"
2026-09-01 11:33:36,986 - INFO - HTTP Request: POST https://generativelanguage.googleapis.com/v1beta/models/gemini-2.5-pro:generateContent "HTTP/1.1 200 OK"
2026-09-01 11:33:38,607 - INFO - HTTP Request: POST https://generativelanguage.googleapis.com/v1beta/models/gemini-2.5-pro:generateContent "HTTP/1.1 200 OK"
2026-09-01 11:33:38,701 - INFO - HTTP Request: POST https://generativelanguage.googleapis.com/v1beta/models/gemini-2.5-pro:generateContent "HTTP/1.1 200 OK"
2026-09-01 11:33:42,854 - INFO - HTTP Request: POST https://generativelanguage.googleapis.com/v1beta/models/gemini-2.5-pro:generateContent "HTTP/1.1 200 OK"
2026-09-01 11:33:45,984 - INFO - HTTP Request: POST https://generativelanguage.googleapis.com/v1beta/models/gemini-2.5-pro:generateContent "HTTP/1.1 200 OK"
2026-09-01 11:34:03,573 - INFO - HTTP Request: POST https://generativelanguage.googleapis.com/v1beta/models/gemini-2.5-pro:generateContent "HTTP/1.1 200 OK"
2026-09-01 11:34:03,642 - INFO - [PT] Waiting 10.0s before next Agent 1 window…
2026-09-01 11:34:13,650 - INFO - [PT] Agent 1 window 80-89 (10 batches)
2026-09-01 11:34:13,755 - INFO - AFC is enabled with max remote calls: 10.
2026-09-01 11:34:13,768 - INFO - AFC is enabled with max remote calls: 10.
2026-09-01 11:34:13,770 - INFO - AFC is enabled with max remote calls: 10.
2026-09-01 11:34:13,772 - INFO - AFC is enabled with max remote calls: 10.
2026-09-01 11:34:13,773 - INFO - AFC is enabled with max remote calls: 10.
2026-09-01 11:34:13,775 - INFO - AFC is enabled with max remote calls: 10.
2026-09-01 11:34:13,777 - INFO - AFC is enabled with max remote calls: 10.
2026-09-01 11:34:13,778 - INFO - AFC is enabled with max remote calls: 10.
2026-09-01 11:34:13,780 - INFO - AFC is enabled with max remote calls: 10.
2026-09-01 11:34:13,781 - INFO - AFC is enabled with max remote calls: 10.
2026-09-01 11:34:25,739 - INFO - HTTP Request: POST https://generativelanguage.googleapis.com/v1beta/models/gemini-2.5-pro:generateContent "HTTP/1.1 200 OK"
2026-09-01 11:34:26,521 - INFO - HTTP Request: POST https://generativelanguage.googleapis.com/v1beta/models/gemini-2.5-pro:generateContent "HTTP/1.1 200 OK"
2026-09-01 11:34:26,835 - INFO - HTTP Request: POST https://generativelanguage.googleapis.com/v1beta/models/gemini-2.5-pro:generateContent "HTTP/1.1 200 OK"
2026-09-01 11:34:29,614 - INFO - HTTP Request: POST https://generativelanguage.googleapis.com/v1beta/models/gemini-2.5-pro:generateContent "HTTP/1.1 200 OK"
2026-09-01 11:34:29,793 - INFO - HTTP Request: POST https://generativelanguage.googleapis.com/v1beta/models/gemini-2.5-pro:generateContent "HTTP/1.1 200 OK"
2026-09-01 11:34:30,603 - INFO - HTTP Request: POST https://generativelanguage.googleapis.com/v1beta/models/gemini-2.5-pro:generateContent "HTTP/1.1 200 OK"
2026-09-01 11:34:30,965 - INFO - HTTP Request: POST https://generativelanguage.googleapis.com/v1beta/models/gemini-2.5-pro:generateContent "HTTP/1.1 200 OK"
2026-09-01 11:34:36,715 - INFO - HTTP Request: POST https://generativelanguage.googleapis.com/v1beta/models/gemini-2.5-pro:generateContent "HTTP/1.1 200 OK"
2026-09-01 11:34:38,145 - INFO - HTTP Request: POST https://generativelanguage.googleapis.com/v1beta/models/gemini-2.5-pro:generateContent "HTTP/1.1 200 OK"
2026-09-01 11:34:47,321 - INFO - HTTP Request: POST https://generativelanguage.googleapis.com/v1beta/models/gemini-2.5-pro:generateContent "HTTP/1.1 200 OK"
2026-09-01 11:34:47,344 - INFO - [PT] Waiting 10.0s before next Agent 1 window…
2026-09-01 11:34:57,348 - INFO - [PT] Agent 1 window 90-99 (10 batches)
2026-09-01 11:34:57,441 - INFO - AFC is enabled with max remote calls: 10.
2026-09-01 11:34:57,443 - INFO - AFC is enabled with max remote calls: 10.
2026-09-01 11:34:57,445 - INFO - AFC is enabled with max remote calls: 10.
2026-09-01 11:34:57,446 - INFO - AFC is enabled with max remote calls: 10.
2026-09-01 11:34:57,447 - INFO - AFC is enabled with max remote calls: 10.
2026-09-01 11:34:57,448 - INFO - AFC is enabled with max remote calls: 10.
2026-09-01 11:34:57,449 - INFO - AFC is enabled with max remote calls: 10.
2026-09-01 11:34:57,450 - INFO - AFC is enabled with max remote calls: 10.
2026-09-01 11:34:57,452 - INFO - AFC is enabled with max remote calls: 10.
2026-09-01 11:34:57,453 - INFO - AFC is enabled with max remote calls: 10.
2026-09-01 11:35:11,020 - INFO - HTTP Request: POST https://generativelanguage.googleapis.com/v1beta/models/gemini-2.5-pro:generateContent "HTTP/1.1 200 OK"
2026-09-01 11:35:11,033 - INFO - HTTP Request: POST https://generativelanguage.googleapis.com/v1beta/models/gemini-2.5-pro:generateContent "HTTP/1.1 200 OK"
2026-09-01 11:35:12,499 - INFO - HTTP Request: POST https://generativelanguage.googleapis.com/v1beta/models/gemini-2.5-pro:generateContent "HTTP/1.1 200 OK"
2026-09-01 11:35:12,889 - INFO - HTTP Request: POST https://generativelanguage.googleapis.com/v1beta/models/gemini-2.5-pro:generateContent "HTTP/1.1 200 OK"
2026-09-01 11:35:17,985 - INFO - HTTP Request: POST https://generativelanguage.googleapis.com/v1beta/models/gemini-2.5-pro:generateContent "HTTP/1.1 200 OK"
2026-09-01 11:35:21,102 - INFO - HTTP Request: POST https://generativelanguage.googleapis.com/v1beta/models/gemini-2.5-pro:generateContent "HTTP/1.1 200 OK"
2026-09-01 11:35:22,477 - INFO - HTTP Request: POST https://generativelanguage.googleapis.com/v1beta/models/gemini-2.5-pro:generateContent "HTTP/1.1 200 OK"
2026-09-01 11:35:23,481 - INFO - HTTP Request: POST https://generativelanguage.googleapis.com/v1beta/models/gemini-2.5-pro:generateContent "HTTP/1.1 200 OK"
2026-09-01 11:35:29,791 - INFO - HTTP Request: POST https://generativelanguage.googleapis.com/v1beta/models/gemini-2.5-pro:generateContent "HTTP/1.1 200 OK"
2026-09-01 11:35:30,296 - INFO - HTTP Request: POST https://generativelanguage.googleapis.com/v1beta/models/gemini-2.5-pro:generateContent "HTTP/1.1 200 OK"
2026-09-01 11:35:30,300 - INFO - [PT] Waiting 10.0s before next Agent 1 window…
2026-09-01 11:35:40,303 - INFO - [PT] Agent 1 window 100-109 (10 batches)
2026-09-01 11:35:40,374 - INFO - AFC is enabled with max remote calls: 10.
2026-09-01 11:35:40,378 - INFO - AFC is enabled with max remote calls: 10.
2026-09-01 11:35:40,379 - INFO - AFC is enabled with max remote calls: 10.
2026-09-01 11:35:40,381 - INFO - AFC is enabled with max remote calls: 10.
2026-09-01 11:35:40,382 - INFO - AFC is enabled with max remote calls: 10.
2026-09-01 11:35:40,384 - INFO - AFC is enabled with max remote calls: 10.
2026-09-01 11:35:40,385 - INFO - AFC is enabled with max remote calls: 10.
2026-09-01 11:35:40,386 - INFO - AFC is enabled with max remote calls: 10.
2026-09-01 11:35:40,392 - INFO - AFC is enabled with max remote calls: 10.
2026-09-01 11:35:40,394 - INFO - AFC is enabled with max remote calls: 10.
2026-09-01 11:35:50,419 - INFO - HTTP Request: POST https://generativelanguage.googleapis.com/v1beta/models/gemini-2.5-pro:generateContent "HTTP/1.1 200 OK"
2026-09-01 11:35:54,111 - INFO - HTTP Request: POST https://generativelanguage.googleapis.com/v1beta/models/gemini-2.5-pro:generateContent "HTTP/1.1 200 OK"
2026-09-01 11:35:54,870 - INFO - HTTP Request: POST https://generativelanguage.googleapis.com/v1beta/models/gemini-2.5-pro:generateContent "HTTP/1.1 200 OK"
2026-09-01 11:35:55,124 - INFO - HTTP Request: POST https://generativelanguage.googleapis.com/v1beta/models/gemini-2.5-pro:generateContent "HTTP/1.1 200 OK"
2026-09-01 11:35:55,125 - INFO - HTTP Request: POST https://generativelanguage.googleapis.com/v1beta/models/gemini-2.5-pro:generateContent "HTTP/1.1 200 OK"
2026-09-01 11:35:56,630 - INFO - HTTP Request: POST https://generativelanguage.googleapis.com/v1beta/models/gemini-2.5-pro:generateContent "HTTP/1.1 200 OK"
2026-09-01 11:35:58,595 - INFO - HTTP Request: POST https://generativelanguage.googleapis.com/v1beta/models/gemini-2.5-pro:generateContent "HTTP/1.1 200 OK"
2026-09-01 11:36:08,082 - INFO - HTTP Request: POST https://generativelanguage.googleapis.com/v1beta/models/gemini-2.5-pro:generateContent "HTTP/1.1 200 OK"
2026-09-01 11:36:13,419 - INFO - HTTP Request: POST https://generativelanguage.googleapis.com/v1beta/models/gemini-2.5-pro:generateContent "HTTP/1.1 200 OK"
2026-09-01 11:36:16,781 - INFO - HTTP Request: POST https://generativelanguage.googleapis.com/v1beta/models/gemini-2.5-pro:generateContent "HTTP/1.1 200 OK"
2026-09-01 11:36:16,968 - INFO - [PT] Waiting 10.0s before next Agent 1 window…
2026-09-01 11:36:27,011 - INFO - [PT] Agent 1 window 110-119 (10 batches)
2026-09-01 11:36:27,106 - INFO - AFC is enabled with max remote calls: 10.
2026-09-01 11:36:27,117 - INFO - AFC is enabled with max remote calls: 10.
2026-09-01 11:36:27,120 - INFO - AFC is enabled with max remote calls: 10.
2026-09-01 11:36:27,123 - INFO - AFC is enabled with max remote calls: 10.
2026-09-01 11:36:27,125 - INFO - AFC is enabled with max remote calls: 10.
2026-09-01 11:36:27,128 - INFO - AFC is enabled with max remote calls: 10.
2026-09-01 11:36:27,130 - INFO - AFC is enabled with max remote calls: 10.
2026-09-01 11:36:27,133 - INFO - AFC is enabled with max remote calls: 10.
2026-09-01 11:36:27,134 - INFO - AFC is enabled with max remote calls: 10.
2026-09-01 11:36:27,135 - INFO - AFC is enabled with max remote calls: 10.
2026-09-01 11:36:43,085 - INFO - HTTP Request: POST https://generativelanguage.googleapis.com/v1beta/models/gemini-2.5-pro:generateContent "HTTP/1.1 200 OK"
2026-09-01 11:36:44,907 - INFO - HTTP Request: POST https://generativelanguage.googleapis.com/v1beta/models/gemini-2.5-pro:generateContent "HTTP/1.1 200 OK"
2026-09-01 11:36:45,287 - INFO - HTTP Request: POST https://generativelanguage.googleapis.com/v1beta/models/gemini-2.5-pro:generateContent "HTTP/1.1 200 OK"
2026-09-01 11:36:46,055 - INFO - HTTP Request: POST https://generativelanguage.googleapis.com/v1beta/models/gemini-2.5-pro:generateContent "HTTP/1.1 200 OK"
2026-09-01 11:36:50,107 - INFO - HTTP Request: POST https://generativelanguage.googleapis.com/v1beta/models/gemini-2.5-pro:generateContent "HTTP/1.1 200 OK"
2026-09-01 11:36:50,720 - INFO - HTTP Request: POST https://generativelanguage.googleapis.com/v1beta/models/gemini-2.5-pro:generateContent "HTTP/1.1 200 OK"
2026-09-01 11:36:50,738 - INFO - HTTP Request: POST https://generativelanguage.googleapis.com/v1beta/models/gemini-2.5-pro:generateContent "HTTP/1.1 200 OK"
2026-09-01 11:36:53,987 - INFO - HTTP Request: POST https://generativelanguage.googleapis.com/v1beta/models/gemini-2.5-pro:generateContent "HTTP/1.1 200 OK"
2026-09-01 11:36:56,914 - INFO - HTTP Request: POST https://generativelanguage.googleapis.com/v1beta/models/gemini-2.5-pro:generateContent "HTTP/1.1 200 OK"
2026-09-01 11:37:03,867 - INFO - HTTP Request: POST https://generativelanguage.googleapis.com/v1beta/models/gemini-2.5-pro:generateContent "HTTP/1.1 200 OK"
2026-09-01 11:37:03,890 - INFO - [PT] Waiting 10.0s before next Agent 1 window…
2026-09-01 11:37:13,898 - INFO - [PT] Agent 1 window 120-129 (10 batches)
2026-09-01 11:37:14,004 - INFO - AFC is enabled with max remote calls: 10.
2026-09-01 11:37:14,016 - INFO - AFC is enabled with max remote calls: 10.
2026-09-01 11:37:14,018 - INFO - AFC is enabled with max remote calls: 10.
2026-09-01 11:37:14,020 - INFO - AFC is enabled with max remote calls: 10.
2026-09-01 11:37:14,022 - INFO - AFC is enabled with max remote calls: 10.
2026-09-01 11:37:14,024 - INFO - AFC is enabled with max remote calls: 10.
2026-09-01 11:37:14,027 - INFO - AFC is enabled with max remote calls: 10.
2026-09-01 11:37:14,028 - INFO - AFC is enabled with max remote calls: 10.
2026-09-01 11:37:14,032 - INFO - AFC is enabled with max remote calls: 10.
2026-09-01 11:37:14,035 - INFO - AFC is enabled with max remote calls: 10.
2026-09-01 11:37:27,149 - INFO - HTTP Request: POST https://generativelanguage.googleapis.com/v1beta/models/gemini-2.5-pro:generateContent "HTTP/1.1 200 OK"
2026-09-01 11:37:31,858 - INFO - HTTP Request: POST https://generativelanguage.googleapis.com/v1beta/models/gemini-2.5-pro:generateContent "HTTP/1.1 200 OK"
2026-09-01 11:37:32,193 - INFO - HTTP Request: POST https://generativelanguage.googleapis.com/v1beta/models/gemini-2.5-pro:generateContent "HTTP/1.1 200 OK"
2026-09-01 11:37:32,868 - INFO - HTTP Request: POST https://generativelanguage.googleapis.com/v1beta/models/gemini-2.5-pro:generateContent "HTTP/1.1 200 OK"
2026-09-01 11:37:33,399 - INFO - HTTP Request: POST https://generativelanguage.googleapis.com/v1beta/models/gemini-2.5-pro:generateContent "HTTP/1.1 200 OK"
2026-09-01 11:37:35,546 - INFO - HTTP Request: POST https://generativelanguage.googleapis.com/v1beta/models/gemini-2.5-pro:generateContent "HTTP/1.1 200 OK"
2026-09-01 11:37:36,017 - INFO - HTTP Request: POST https://generativelanguage.googleapis.com/v1beta/models/gemini-2.5-pro:generateContent "HTTP/1.1 200 OK"
2026-09-01 11:37:42,393 - INFO - HTTP Request: POST https://generativelanguage.googleapis.com/v1beta/models/gemini-2.5-pro:generateContent "HTTP/1.1 200 OK"
2026-09-01 11:37:46,523 - INFO - HTTP Request: POST https://generativelanguage.googleapis.com/v1beta/models/gemini-2.5-pro:generateContent "HTTP/1.1 200 OK"
2026-09-01 11:37:48,477 - INFO - HTTP Request: POST https://generativelanguage.googleapis.com/v1beta/models/gemini-2.5-pro:generateContent "HTTP/1.1 200 OK"
2026-09-01 11:37:48,483 - INFO - [PT] Waiting 10.0s before next Agent 1 window…
2026-09-01 11:37:58,487 - INFO - [PT] Agent 1 window 130-139 (10 batches)
2026-09-01 11:37:58,558 - INFO - AFC is enabled with max remote calls: 10.
2026-09-01 11:37:58,561 - INFO - AFC is enabled with max remote calls: 10.
2026-09-01 11:37:58,562 - INFO - AFC is enabled with max remote calls: 10.
2026-09-01 11:37:58,563 - INFO - AFC is enabled with max remote calls: 10.
2026-09-01 11:37:58,564 - INFO - AFC is enabled with max remote calls: 10.
2026-09-01 11:37:58,565 - INFO - AFC is enabled with max remote calls: 10.
2026-09-01 11:37:58,567 - INFO - AFC is enabled with max remote calls: 10.
2026-09-01 11:37:58,568 - INFO - AFC is enabled with max remote calls: 10.
2026-09-01 11:37:58,569 - INFO - AFC is enabled with max remote calls: 10.
2026-09-01 11:37:58,571 - INFO - AFC is enabled with max remote calls: 10.
2026-09-01 11:38:24,066 - INFO - HTTP Request: POST https://generativelanguage.googleapis.com/v1beta/models/gemini-2.5-pro:generateContent "HTTP/1.1 200 OK"
2026-09-01 11:38:31,831 - INFO - HTTP Request: POST https://generativelanguage.googleapis.com/v1beta/models/gemini-2.5-pro:generateContent "HTTP/1.1 200 OK"
2026-09-01 11:38:31,863 - INFO - HTTP Request: POST https://generativelanguage.googleapis.com/v1beta/models/gemini-2.5-pro:generateContent "HTTP/1.1 200 OK"
2026-09-01 11:38:34,288 - INFO - HTTP Request: POST https://generativelanguage.googleapis.com/v1beta/models/gemini-2.5-pro:generateContent "HTTP/1.1 200 OK"
2026-09-01 11:38:35,277 - INFO - HTTP Request: POST https://generativelanguage.googleapis.com/v1beta/models/gemini-2.5-pro:generateContent "HTTP/1.1 200 OK"
2026-09-01 11:38:36,170 - INFO - HTTP Request: POST https://generativelanguage.googleapis.com/v1beta/models/gemini-2.5-pro:generateContent "HTTP/1.1 200 OK"
2026-09-01 11:38:37,396 - INFO - HTTP Request: POST https://generativelanguage.googleapis.com/v1beta/models/gemini-2.5-pro:generateContent "HTTP/1.1 200 OK"
2026-09-01 11:38:37,948 - INFO - HTTP Request: POST https://generativelanguage.googleapis.com/v1beta/models/gemini-2.5-pro:generateContent "HTTP/1.1 200 OK"
2026-09-01 11:38:44,967 - INFO - HTTP Request: POST https://generativelanguage.googleapis.com/v1beta/models/gemini-2.5-pro:generateContent "HTTP/1.1 200 OK"
2026-09-01 11:38:45,400 - INFO - HTTP Request: POST https://generativelanguage.googleapis.com/v1beta/models/gemini-2.5-pro:generateContent "HTTP/1.1 200 OK"
2026-09-01 11:38:45,405 - INFO - [PT] Waiting 10.0s before next Agent 1 window…
2026-09-01 11:38:55,408 - INFO - [PT] Agent 1 window 140-149 (10 batches)
2026-09-01 11:38:55,493 - INFO - AFC is enabled with max remote calls: 10.
2026-09-01 11:38:55,497 - INFO - AFC is enabled with max remote calls: 10.
2026-09-01 11:38:55,498 - INFO - AFC is enabled with max remote calls: 10.
2026-09-01 11:38:55,499 - INFO - AFC is enabled with max remote calls: 10.
2026-09-01 11:38:55,501 - INFO - AFC is enabled with max remote calls: 10.
2026-09-01 11:38:55,502 - INFO - AFC is enabled with max remote calls: 10.
2026-09-01 11:38:55,504 - INFO - AFC is enabled with max remote calls: 10.
2026-09-01 11:38:55,507 - INFO - AFC is enabled with max remote calls: 10.
2026-09-01 11:38:55,509 - INFO - AFC is enabled with max remote calls: 10.
2026-09-01 11:38:55,510 - INFO - AFC is enabled with max remote calls: 10.
2026-09-01 11:39:10,070 - INFO - HTTP Request: POST https://generativelanguage.googleapis.com/v1beta/models/gemini-2.5-pro:generateContent "HTTP/1.1 200 OK"
2026-09-01 11:39:10,388 - INFO - HTTP Request: POST https://generativelanguage.googleapis.com/v1beta/models/gemini-2.5-pro:generateContent "HTTP/1.1 200 OK"
2026-09-01 11:39:10,682 - INFO - HTTP Request: POST https://generativelanguage.googleapis.com/v1beta/models/gemini-2.5-pro:generateContent "HTTP/1.1 200 OK"
2026-09-01 11:39:13,249 - INFO - HTTP Request: POST https://generativelanguage.googleapis.com/v1beta/models/gemini-2.5-pro:generateContent "HTTP/1.1 200 OK"
2026-09-01 11:39:13,532 - INFO - HTTP Request: POST https://generativelanguage.googleapis.com/v1beta/models/gemini-2.5-pro:generateContent "HTTP/1.1 200 OK"
2026-09-01 11:39:16,690 - INFO - HTTP Request: POST https://generativelanguage.googleapis.com/v1beta/models/gemini-2.5-pro:generateContent "HTTP/1.1 200 OK"
2026-09-01 11:39:16,715 - INFO - HTTP Request: POST https://generativelanguage.googleapis.com/v1beta/models/gemini-2.5-pro:generateContent "HTTP/1.1 200 OK"
2026-09-01 11:39:18,304 - INFO - HTTP Request: POST https://generativelanguage.googleapis.com/v1beta/models/gemini-2.5-pro:generateContent "HTTP/1.1 200 OK"
2026-09-01 11:39:19,130 - INFO - HTTP Request: POST https://generativelanguage.googleapis.com/v1beta/models/gemini-2.5-pro:generateContent "HTTP/1.1 200 OK"
2026-09-01 11:39:20,409 - INFO - HTTP Request: POST https://generativelanguage.googleapis.com/v1beta/models/gemini-2.5-pro:generateContent "HTTP/1.1 200 OK"
2026-09-01 11:39:20,418 - INFO - [PT] Waiting 10.0s before next Agent 1 window…
2026-09-01 11:39:30,423 - INFO - [PT] Agent 1 window 150-159 (10 batches)
2026-09-01 11:39:30,499 - INFO - AFC is enabled with max remote calls: 10.
2026-09-01 11:39:30,502 - INFO - AFC is enabled with max remote calls: 10.
2026-09-01 11:39:30,503 - INFO - AFC is enabled with max remote calls: 10.
2026-09-01 11:39:30,504 - INFO - AFC is enabled with max remote calls: 10.
2026-09-01 11:39:30,505 - INFO - AFC is enabled with max remote calls: 10.
2026-09-01 11:39:30,507 - INFO - AFC is enabled with max remote calls: 10.
2026-09-01 11:39:30,509 - INFO - AFC is enabled with max remote calls: 10.
2026-09-01 11:39:30,510 - INFO - AFC is enabled with max remote calls: 10.
2026-09-01 11:39:30,511 - INFO - AFC is enabled with max remote calls: 10.
2026-09-01 11:39:30,513 - INFO - AFC is enabled with max remote calls: 10.
2026-09-01 11:39:42,090 - INFO - HTTP Request: POST https://generativelanguage.googleapis.com/v1beta/models/gemini-2.5-pro:generateContent "HTTP/1.1 200 OK"
2026-09-01 11:39:43,692 - INFO - HTTP Request: POST https://generativelanguage.googleapis.com/v1beta/models/gemini-2.5-pro:generateContent "HTTP/1.1 200 OK"
2026-09-01 11:39:45,350 - INFO - HTTP Request: POST https://generativelanguage.googleapis.com/v1beta/models/gemini-2.5-pro:generateContent "HTTP/1.1 200 OK"
2026-09-01 11:39:46,098 - INFO - HTTP Request: POST https://generativelanguage.googleapis.com/v1beta/models/gemini-2.5-pro:generateContent "HTTP/1.1 200 OK"
2026-09-01 11:39:48,877 - INFO - HTTP Request: POST https://generativelanguage.googleapis.com/v1beta/models/gemini-2.5-pro:generateContent "HTTP/1.1 200 OK"
2026-09-01 11:39:58,718 - INFO - HTTP Request: POST https://generativelanguage.googleapis.com/v1beta/models/gemini-2.5-pro:generateContent "HTTP/1.1 200 OK"
2026-09-01 11:39:59,684 - INFO - HTTP Request: POST https://generativelanguage.googleapis.com/v1beta/models/gemini-2.5-pro:generateContent "HTTP/1.1 200 OK"
2026-09-01 11:40:02,128 - INFO - HTTP Request: POST https://generativelanguage.googleapis.com/v1beta/models/gemini-2.5-pro:generateContent "HTTP/1.1 200 OK"
2026-09-01 11:40:03,598 - INFO - HTTP Request: POST https://generativelanguage.googleapis.com/v1beta/models/gemini-2.5-pro:generateContent "HTTP/1.1 200 OK"
2026-09-01 11:40:07,022 - INFO - HTTP Request: POST https://generativelanguage.googleapis.com/v1beta/models/gemini-2.5-pro:generateContent "HTTP/1.1 200 OK"
2026-09-01 11:40:07,040 - INFO - [PT] Waiting 10.0s before next Agent 1 window…
2026-09-01 11:40:17,057 - INFO - [PT] Agent 1 window 160-169 (10 batches)
2026-09-01 11:40:17,145 - INFO - AFC is enabled with max remote calls: 10.
2026-09-01 11:40:17,148 - INFO - AFC is enabled with max remote calls: 10.
2026-09-01 11:40:17,150 - INFO - AFC is enabled with max remote calls: 10.
2026-09-01 11:40:17,153 - INFO - AFC is enabled with max remote calls: 10.
2026-09-01 11:40:17,155 - INFO - AFC is enabled with max remote calls: 10.
2026-09-01 11:40:17,157 - INFO - AFC is enabled with max remote calls: 10.
2026-09-01 11:40:17,158 - INFO - AFC is enabled with max remote calls: 10.
2026-09-01 11:40:17,160 - INFO - AFC is enabled with max remote calls: 10.
2026-09-01 11:40:17,161 - INFO - AFC is enabled with max remote calls: 10.
2026-09-01 11:40:17,162 - INFO - AFC is enabled with max remote calls: 10.
2026-09-01 11:40:31,318 - INFO - HTTP Request: POST https://generativelanguage.googleapis.com/v1beta/models/gemini-2.5-pro:generateContent "HTTP/1.1 200 OK"
2026-09-01 11:40:38,123 - INFO - HTTP Request: POST https://generativelanguage.googleapis.com/v1beta/models/gemini-2.5-pro:generateContent "HTTP/1.1 200 OK"
2026-09-01 11:40:39,112 - INFO - HTTP Request: POST https://generativelanguage.googleapis.com/v1beta/models/gemini-2.5-pro:generateContent "HTTP/1.1 200 OK"
2026-09-01 11:40:39,522 - INFO - HTTP Request: POST https://generativelanguage.googleapis.com/v1beta/models/gemini-2.5-pro:generateContent "HTTP/1.1 200 OK"
2026-09-01 11:40:40,581 - INFO - HTTP Request: POST https://generativelanguage.googleapis.com/v1beta/models/gemini-2.5-pro:generateContent "HTTP/1.1 200 OK"
2026-09-01 11:40:42,718 - INFO - HTTP Request: POST https://generativelanguage.googleapis.com/v1beta/models/gemini-2.5-pro:generateContent "HTTP/1.1 200 OK"
2026-09-01 11:40:43,716 - INFO - HTTP Request: POST https://generativelanguage.googleapis.com/v1beta/models/gemini-2.5-pro:generateContent "HTTP/1.1 200 OK"
2026-09-01 11:40:45,827 - INFO - HTTP Request: POST https://generativelanguage.googleapis.com/v1beta/models/gemini-2.5-pro:generateContent "HTTP/1.1 200 OK"
2026-09-01 11:40:47,905 - INFO - HTTP Request: POST https://generativelanguage.googleapis.com/v1beta/models/gemini-2.5-pro:generateContent "HTTP/1.1 200 OK"
2026-09-01 11:40:50,549 - INFO - HTTP Request: POST https://generativelanguage.googleapis.com/v1beta/models/gemini-2.5-pro:generateContent "HTTP/1.1 200 OK"
2026-09-01 11:40:50,556 - INFO - [PT] Waiting 10.0s before next Agent 1 window…
2026-09-01 11:41:00,538 - INFO - [PT] Agent 1 window 170-179 (10 batches)
2026-09-01 11:41:00,598 - INFO - AFC is enabled with max remote calls: 10.
2026-09-01 11:41:00,603 - INFO - AFC is enabled with max remote calls: 10.
2026-09-01 11:41:00,604 - INFO - AFC is enabled with max remote calls: 10.
2026-09-01 11:41:00,606 - INFO - AFC is enabled with max remote calls: 10.
2026-09-01 11:41:00,608 - INFO - AFC is enabled with max remote calls: 10.
2026-09-01 11:41:00,609 - INFO - AFC is enabled with max remote calls: 10.
2026-09-01 11:41:00,610 - INFO - AFC is enabled with max remote calls: 10.
2026-09-01 11:41:00,611 - INFO - AFC is enabled with max remote calls: 10.
2026-09-01 11:41:00,613 - INFO - AFC is enabled with max remote calls: 10.
2026-09-01 11:41:00,614 - INFO - AFC is enabled with max remote calls: 10.
2026-09-01 11:41:33,310 - INFO - HTTP Request: POST https://generativelanguage.googleapis.com/v1beta/models/gemini-2.5-pro:generateContent "HTTP/1.1 200 OK"
2026-09-01 11:41:41,434 - INFO - HTTP Request: POST https://generativelanguage.googleapis.com/v1beta/models/gemini-2.5-pro:generateContent "HTTP/1.1 200 OK"
2026-09-01 11:41:43,722 - INFO - HTTP Request: POST https://generativelanguage.googleapis.com/v1beta/models/gemini-2.5-pro:generateContent "HTTP/1.1 200 OK"
2026-09-01 11:41:45,542 - INFO - HTTP Request: POST https://generativelanguage.googleapis.com/v1beta/models/gemini-2.5-pro:generateContent "HTTP/1.1 200 OK"
2026-09-01 11:41:46,319 - INFO - HTTP Request: POST https://generativelanguage.googleapis.com/v1beta/models/gemini-2.5-pro:generateContent "HTTP/1.1 200 OK"
2026-09-01 11:41:47,112 - INFO - HTTP Request: POST https://generativelanguage.googleapis.com/v1beta/models/gemini-2.5-pro:generateContent "HTTP/1.1 200 OK"
2026-09-01 11:41:51,063 - INFO - HTTP Request: POST https://generativelanguage.googleapis.com/v1beta/models/gemini-2.5-pro:generateContent "HTTP/1.1 200 OK"
2026-09-01 11:41:54,071 - INFO - HTTP Request: POST https://generativelanguage.googleapis.com/v1beta/models/gemini-2.5-pro:generateContent "HTTP/1.1 200 OK"
2026-09-01 11:41:55,008 - INFO - HTTP Request: POST https://generativelanguage.googleapis.com/v1beta/models/gemini-2.5-pro:generateContent "HTTP/1.1 200 OK"
2026-09-01 11:42:05,207 - INFO - HTTP Request: POST https://generativelanguage.googleapis.com/v1beta/models/gemini-2.5-pro:generateContent "HTTP/1.1 200 OK"
2026-09-01 11:42:05,219 - INFO - [PT] Waiting 10.0s before next Agent 1 window…
2026-09-01 11:42:15,224 - INFO - [PT] Agent 1 window 180-189 (10 batches)
2026-09-01 11:42:15,300 - INFO - AFC is enabled with max remote calls: 10.
2026-09-01 11:42:15,303 - INFO - AFC is enabled with max remote calls: 10.
2026-09-01 11:42:15,304 - INFO - AFC is enabled with max remote calls: 10.
2026-09-01 11:42:15,305 - INFO - AFC is enabled with max remote calls: 10.
2026-09-01 11:42:15,307 - INFO - AFC is enabled with max remote calls: 10.
2026-09-01 11:42:15,309 - INFO - AFC is enabled with max remote calls: 10.
2026-09-01 11:42:15,310 - INFO - AFC is enabled with max remote calls: 10.
2026-09-01 11:42:15,312 - INFO - AFC is enabled with max remote calls: 10.
2026-09-01 11:42:15,314 - INFO - AFC is enabled with max remote calls: 10.
2026-09-01 11:42:15,316 - INFO - AFC is enabled with max remote calls: 10.
2026-09-01 11:42:44,285 - INFO - HTTP Request: POST https://generativelanguage.googleapis.com/v1beta/models/gemini-2.5-pro:generateContent "HTTP/1.1 200 OK"
2026-09-01 11:42:52,108 - INFO - HTTP Request: POST https://generativelanguage.googleapis.com/v1beta/models/gemini-2.5-pro:generateContent "HTTP/1.1 200 OK"
2026-09-01 11:42:52,861 - INFO - HTTP Request: POST https://generativelanguage.googleapis.com/v1beta/models/gemini-2.5-pro:generateContent "HTTP/1.1 200 OK"
2026-09-01 11:42:53,451 - INFO - HTTP Request: POST https://generativelanguage.googleapis.com/v1beta/models/gemini-2.5-pro:generateContent "HTTP/1.1 200 OK"
2026-09-01 11:42:53,699 - INFO - HTTP Request: POST https://generativelanguage.googleapis.com/v1beta/models/gemini-2.5-pro:generateContent "HTTP/1.1 200 OK"
2026-09-01 11:42:54,256 - INFO - HTTP Request: POST https://generativelanguage.googleapis.com/v1beta/models/gemini-2.5-pro:generateContent "HTTP/1.1 200 OK"
2026-09-01 11:42:54,789 - INFO - HTTP Request: POST https://generativelanguage.googleapis.com/v1beta/models/gemini-2.5-pro:generateContent "HTTP/1.1 200 OK"
2026-09-01 11:42:57,442 - INFO - HTTP Request: POST https://generativelanguage.googleapis.com/v1beta/models/gemini-2.5-pro:generateContent "HTTP/1.1 200 OK"
2026-09-01 11:42:58,086 - INFO - HTTP Request: POST https://generativelanguage.googleapis.com/v1beta/models/gemini-2.5-pro:generateContent "HTTP/1.1 200 OK"
2026-09-01 11:43:00,017 - INFO - HTTP Request: POST https://generativelanguage.googleapis.com/v1beta/models/gemini-2.5-pro:generateContent "HTTP/1.1 200 OK"
2026-09-01 11:43:00,026 - INFO - [PT] Waiting 10.0s before next Agent 1 window…
2026-09-01 11:43:10,033 - INFO - [PT] Agent 1 window 190-199 (10 batches)
2026-09-01 11:43:10,111 - INFO - AFC is enabled with max remote calls: 10.
2026-09-01 11:43:10,114 - INFO - AFC is enabled with max remote calls: 10.
2026-09-01 11:43:10,115 - INFO - AFC is enabled with max remote calls: 10.
2026-09-01 11:43:10,116 - INFO - AFC is enabled with max remote calls: 10.
2026-09-01 11:43:10,118 - INFO - AFC is enabled with max remote calls: 10.
2026-09-01 11:43:10,119 - INFO - AFC is enabled with max remote calls: 10.
2026-09-01 11:43:10,120 - INFO - AFC is enabled with max remote calls: 10.
2026-09-01 11:43:10,122 - INFO - AFC is enabled with max remote calls: 10.
2026-09-01 11:43:10,123 - INFO - AFC is enabled with max remote calls: 10.
2026-09-01 11:43:10,124 - INFO - AFC is enabled with max remote calls: 10.
2026-09-01 11:43:30,479 - INFO - HTTP Request: POST https://generativelanguage.googleapis.com/v1beta/models/gemini-2.5-pro:generateContent "HTTP/1.1 200 OK"
2026-09-01 11:43:31,263 - INFO - HTTP Request: POST https://generativelanguage.googleapis.com/v1beta/models/gemini-2.5-pro:generateContent "HTTP/1.1 200 OK"
2026-09-01 11:43:31,292 - INFO - HTTP Request: POST https://generativelanguage.googleapis.com/v1beta/models/gemini-2.5-pro:generateContent "HTTP/1.1 200 OK"
2026-09-01 11:43:34,752 - INFO - HTTP Request: POST https://generativelanguage.googleapis.com/v1beta/models/gemini-2.5-pro:generateContent "HTTP/1.1 200 OK"
2026-09-01 11:43:35,111 - INFO - HTTP Request: POST https://generativelanguage.googleapis.com/v1beta/models/gemini-2.5-pro:generateContent "HTTP/1.1 200 OK"
2026-09-01 11:43:37,054 - INFO - HTTP Request: POST https://generativelanguage.googleapis.com/v1beta/models/gemini-2.5-pro:generateContent "HTTP/1.1 200 OK"
2026-09-01 11:43:38,145 - INFO - HTTP Request: POST https://generativelanguage.googleapis.com/v1beta/models/gemini-2.5-pro:generateContent "HTTP/1.1 200 OK"
2026-09-01 11:43:40,890 - INFO - HTTP Request: POST https://generativelanguage.googleapis.com/v1beta/models/gemini-2.5-pro:generateContent "HTTP/1.1 200 OK"
2026-09-01 11:43:41,937 - INFO - HTTP Request: POST https://generativelanguage.googleapis.com/v1beta/models/gemini-2.5-pro:generateContent "HTTP/1.1 200 OK"
2026-09-01 11:43:47,848 - INFO - HTTP Request: POST https://generativelanguage.googleapis.com/v1beta/models/gemini-2.5-pro:generateContent "HTTP/1.1 200 OK"
2026-09-01 11:43:47,861 - INFO - [PT] Waiting 10.0s before next Agent 1 window…
2026-09-01 11:43:57,873 - INFO - [PT] Agent 1 window 200-209 (10 batches)
2026-09-01 11:43:57,971 - INFO - AFC is enabled with max remote calls: 10.
2026-09-01 11:43:57,974 - INFO - AFC is enabled with max remote calls: 10.
2026-09-01 11:43:57,975 - INFO - AFC is enabled with max remote calls: 10.
2026-09-01 11:43:57,976 - INFO - AFC is enabled with max remote calls: 10.
2026-09-01 11:43:57,978 - INFO - AFC is enabled with max remote calls: 10.
2026-09-01 11:43:57,979 - INFO - AFC is enabled with max remote calls: 10.
2026-09-01 11:43:57,981 - INFO - AFC is enabled with max remote calls: 10.
2026-09-01 11:43:57,982 - INFO - AFC is enabled with max remote calls: 10.
2026-09-01 11:43:57,985 - INFO - AFC is enabled with max remote calls: 10.
2026-09-01 11:43:57,986 - INFO - AFC is enabled with max remote calls: 10.
2026-09-01 11:44:11,310 - INFO - HTTP Request: POST https://generativelanguage.googleapis.com/v1beta/models/gemini-2.5-pro:generateContent "HTTP/1.1 200 OK"
2026-09-01 11:44:13,164 - INFO - HTTP Request: POST https://generativelanguage.googleapis.com/v1beta/models/gemini-2.5-pro:generateContent "HTTP/1.1 200 OK"
2026-09-01 11:44:13,244 - INFO - HTTP Request: POST https://generativelanguage.googleapis.com/v1beta/models/gemini-2.5-pro:generateContent "HTTP/1.1 200 OK"
2026-09-01 11:44:13,915 - INFO - HTTP Request: POST https://generativelanguage.googleapis.com/v1beta/models/gemini-2.5-pro:generateContent "HTTP/1.1 200 OK"
2026-09-01 11:44:16,297 - INFO - HTTP Request: POST https://generativelanguage.googleapis.com/v1beta/models/gemini-2.5-pro:generateContent "HTTP/1.1 200 OK"
2026-09-01 11:44:16,881 - INFO - HTTP Request: POST https://generativelanguage.googleapis.com/v1beta/models/gemini-2.5-pro:generateContent "HTTP/1.1 200 OK"
2026-09-01 11:44:17,272 - INFO - HTTP Request: POST https://generativelanguage.googleapis.com/v1beta/models/gemini-2.5-pro:generateContent "HTTP/1.1 200 OK"
2026-09-01 11:44:18,743 - INFO - HTTP Request: POST https://generativelanguage.googleapis.com/v1beta/models/gemini-2.5-pro:generateContent "HTTP/1.1 200 OK"
2026-09-01 11:44:19,679 - INFO - HTTP Request: POST https://generativelanguage.googleapis.com/v1beta/models/gemini-2.5-pro:generateContent "HTTP/1.1 200 OK"
2026-09-01 11:44:21,466 - INFO - HTTP Request: POST https://generativelanguage.googleapis.com/v1beta/models/gemini-2.5-pro:generateContent "HTTP/1.1 200 OK"
2026-09-01 11:44:21,467 - INFO - [PT] Waiting 10.0s before next Agent 1 window…
2026-09-01 11:44:31,469 - INFO - [PT] Agent 1 window 210-219 (10 batches)
2026-09-01 11:44:31,520 - INFO - AFC is enabled with max remote calls: 10.
2026-09-01 11:44:31,524 - INFO - AFC is enabled with max remote calls: 10.
2026-09-01 11:44:31,526 - INFO - AFC is enabled with max remote calls: 10.
2026-09-01 11:44:31,529 - INFO - AFC is enabled with max remote calls: 10.
2026-09-01 11:44:31,530 - INFO - AFC is enabled with max remote calls: 10.
2026-09-01 11:44:31,530 - INFO - AFC is enabled with max remote calls: 10.
2026-09-01 11:44:31,531 - INFO - AFC is enabled with max remote calls: 10.
2026-09-01 11:44:31,532 - INFO - AFC is enabled with max remote calls: 10.
2026-09-01 11:44:31,534 - INFO - AFC is enabled with max remote calls: 10.
2026-09-01 11:44:31,535 - INFO - AFC is enabled with max remote calls: 10.
2026-09-01 11:44:45,366 - INFO - HTTP Request: POST https://generativelanguage.googleapis.com/v1beta/models/gemini-2.5-pro:generateContent "HTTP/1.1 200 OK"
2026-09-01 11:44:45,409 - INFO - HTTP Request: POST https://generativelanguage.googleapis.com/v1beta/models/gemini-2.5-pro:generateContent "HTTP/1.1 200 OK"
2026-09-01 11:44:48,875 - INFO - HTTP Request: POST https://generativelanguage.googleapis.com/v1beta/models/gemini-2.5-pro:generateContent "HTTP/1.1 200 OK"
2026-09-01 11:44:49,380 - INFO - HTTP Request: POST https://generativelanguage.googleapis.com/v1beta/models/gemini-2.5-pro:generateContent "HTTP/1.1 200 OK"
2026-09-01 11:44:49,709 - INFO - HTTP Request: POST https://generativelanguage.googleapis.com/v1beta/models/gemini-2.5-pro:generateContent "HTTP/1.1 200 OK"
2026-09-01 11:44:50,653 - INFO - HTTP Request: POST https://generativelanguage.googleapis.com/v1beta/models/gemini-2.5-pro:generateContent "HTTP/1.1 200 OK"
2026-09-01 11:44:53,552 - INFO - HTTP Request: POST https://generativelanguage.googleapis.com/v1beta/models/gemini-2.5-pro:generateContent "HTTP/1.1 200 OK"
2026-09-01 11:44:56,606 - INFO - HTTP Request: POST https://generativelanguage.googleapis.com/v1beta/models/gemini-2.5-pro:generateContent "HTTP/1.1 200 OK"
2026-09-01 11:45:01,957 - INFO - HTTP Request: POST https://generativelanguage.googleapis.com/v1beta/models/gemini-2.5-pro:generateContent "HTTP/1.1 200 OK"
2026-09-01 11:45:18,393 - INFO - HTTP Request: POST https://generativelanguage.googleapis.com/v1beta/models/gemini-2.5-pro:generateContent "HTTP/1.1 200 OK"
2026-09-01 11:45:18,406 - INFO - [PT] Waiting 10.0s before next Agent 1 window…
2026-09-01 11:45:28,414 - INFO - [PT] Agent 1 window 220-229 (10 batches)
2026-09-01 11:45:28,473 - INFO - AFC is enabled with max remote calls: 10.
2026-09-01 11:45:28,475 - INFO - AFC is enabled with max remote calls: 10.
2026-09-01 11:45:28,476 - INFO - AFC is enabled with max remote calls: 10.
2026-09-01 11:45:28,477 - INFO - AFC is enabled with max remote calls: 10.
2026-09-01 11:45:28,478 - INFO - AFC is enabled with max remote calls: 10.
2026-09-01 11:45:28,479 - INFO - AFC is enabled with max remote calls: 10.
2026-09-01 11:45:28,480 - INFO - AFC is enabled with max remote calls: 10.
2026-09-01 11:45:28,481 - INFO - AFC is enabled with max remote calls: 10.
2026-09-01 11:45:28,482 - INFO - AFC is enabled with max remote calls: 10.
2026-09-01 11:45:28,483 - INFO - AFC is enabled with max remote calls: 10.
2026-09-01 11:45:43,226 - INFO - HTTP Request: POST https://generativelanguage.googleapis.com/v1beta/models/gemini-2.5-pro:generateContent "HTTP/1.1 200 OK"
2026-09-01 11:45:43,402 - INFO - HTTP Request: POST https://generativelanguage.googleapis.com/v1beta/models/gemini-2.5-pro:generateContent "HTTP/1.1 200 OK"
2026-09-01 11:45:45,694 - INFO - HTTP Request: POST https://generativelanguage.googleapis.com/v1beta/models/gemini-2.5-pro:generateContent "HTTP/1.1 200 OK"
2026-09-01 11:45:46,914 - INFO - HTTP Request: POST https://generativelanguage.googleapis.com/v1beta/models/gemini-2.5-pro:generateContent "HTTP/1.1 200 OK"
2026-09-01 11:45:47,040 - INFO - HTTP Request: POST https://generativelanguage.googleapis.com/v1beta/models/gemini-2.5-pro:generateContent "HTTP/1.1 200 OK"
2026-09-01 11:45:47,237 - INFO - HTTP Request: POST https://generativelanguage.googleapis.com/v1beta/models/gemini-2.5-pro:generateContent "HTTP/1.1 200 OK"
2026-09-01 11:45:47,749 - INFO - HTTP Request: POST https://generativelanguage.googleapis.com/v1beta/models/gemini-2.5-pro:generateContent "HTTP/1.1 200 OK"
2026-09-01 11:45:48,704 - INFO - HTTP Request: POST https://generativelanguage.googleapis.com/v1beta/models/gemini-2.5-pro:generateContent "HTTP/1.1 200 OK"
2026-09-01 11:45:50,097 - INFO - HTTP Request: POST https://generativelanguage.googleapis.com/v1beta/models/gemini-2.5-pro:generateContent "HTTP/1.1 200 OK"
2026-09-01 11:45:53,346 - INFO - HTTP Request: POST https://generativelanguage.googleapis.com/v1beta/models/gemini-2.5-pro:generateContent "HTTP/1.1 200 OK"
2026-09-01 11:45:53,351 - INFO - [PT] Waiting 10.0s before next Agent 1 window…
2026-09-01 11:46:03,354 - INFO - [PT] Agent 1 window 230-239 (10 batches)
2026-09-01 11:46:03,426 - INFO - AFC is enabled with max remote calls: 10.
2026-09-01 11:46:03,429 - INFO - AFC is enabled with max remote calls: 10.
2026-09-01 11:46:03,430 - INFO - AFC is enabled with max remote calls: 10.
2026-09-01 11:46:03,431 - INFO - AFC is enabled with max remote calls: 10.
2026-09-01 11:46:03,432 - INFO - AFC is enabled with max remote calls: 10.
2026-09-01 11:46:03,433 - INFO - AFC is enabled with max remote calls: 10.
2026-09-01 11:46:03,434 - INFO - AFC is enabled with max remote calls: 10.
2026-09-01 11:46:03,435 - INFO - AFC is enabled with max remote calls: 10.
2026-09-01 11:46:03,436 - INFO - AFC is enabled with max remote calls: 10.
2026-09-01 11:46:03,437 - INFO - AFC is enabled with max remote calls: 10.
2026-09-01 11:46:16,251 - INFO - HTTP Request: POST https://generativelanguage.googleapis.com/v1beta/models/gemini-2.5-pro:generateContent "HTTP/1.1 200 OK"
2026-09-01 11:46:17,194 - INFO - HTTP Request: POST https://generativelanguage.googleapis.com/v1beta/models/gemini-2.5-pro:generateContent "HTTP/1.1 200 OK"
2026-09-01 11:46:17,255 - INFO - HTTP Request: POST https://generativelanguage.googleapis.com/v1beta/models/gemini-2.5-pro:generateContent "HTTP/1.1 200 OK"
2026-09-01 11:46:21,226 - INFO - HTTP Request: POST https://generativelanguage.googleapis.com/v1beta/models/gemini-2.5-pro:generateContent "HTTP/1.1 200 OK"
2026-09-01 11:46:23,939 - INFO - HTTP Request: POST https://generativelanguage.googleapis.com/v1beta/models/gemini-2.5-pro:generateContent "HTTP/1.1 200 OK"
2026-09-01 11:46:27,084 - INFO - HTTP Request: POST https://generativelanguage.googleapis.com/v1beta/models/gemini-2.5-pro:generateContent "HTTP/1.1 200 OK"
2026-09-01 11:46:31,568 - INFO - HTTP Request: POST https://generativelanguage.googleapis.com/v1beta/models/gemini-2.5-pro:generateContent "HTTP/1.1 200 OK"
2026-09-01 11:46:31,798 - INFO - HTTP Request: POST https://generativelanguage.googleapis.com/v1beta/models/gemini-2.5-pro:generateContent "HTTP/1.1 200 OK"
2026-09-01 11:46:36,031 - INFO - HTTP Request: POST https://generativelanguage.googleapis.com/v1beta/models/gemini-2.5-pro:generateContent "HTTP/1.1 200 OK"
2026-09-01 11:46:46,568 - INFO - HTTP Request: POST https://generativelanguage.googleapis.com/v1beta/models/gemini-2.5-pro:generateContent "HTTP/1.1 200 OK"
2026-09-01 11:46:46,577 - INFO - [PT] Waiting 10.0s before next Agent 1 window…
2026-09-01 11:46:56,582 - INFO - [PT] Agent 1 window 240-249 (10 batches)
2026-09-01 11:46:56,652 - INFO - AFC is enabled with max remote calls: 10.
2026-09-01 11:46:56,655 - INFO - AFC is enabled with max remote calls: 10.
2026-09-01 11:46:56,657 - INFO - AFC is enabled with max remote calls: 10.
2026-09-01 11:46:56,658 - INFO - AFC is enabled with max remote calls: 10.
2026-09-01 11:46:56,659 - INFO - AFC is enabled with max remote calls: 10.
2026-09-01 11:46:56,660 - INFO - AFC is enabled with max remote calls: 10.
2026-09-01 11:46:56,661 - INFO - AFC is enabled with max remote calls: 10.
2026-09-01 11:46:56,662 - INFO - AFC is enabled with max remote calls: 10.
2026-09-01 11:46:56,663 - INFO - AFC is enabled with max remote calls: 10.
2026-09-01 11:46:56,664 - INFO - AFC is enabled with max remote calls: 10.
2026-09-01 11:47:08,611 - INFO - HTTP Request: POST https://generativelanguage.googleapis.com/v1beta/models/gemini-2.5-pro:generateContent "HTTP/1.1 200 OK"
2026-09-01 11:47:09,589 - INFO - HTTP Request: POST https://generativelanguage.googleapis.com/v1beta/models/gemini-2.5-pro:generateContent "HTTP/1.1 200 OK"
2026-09-01 11:47:11,345 - INFO - HTTP Request: POST https://generativelanguage.googleapis.com/v1beta/models/gemini-2.5-pro:generateContent "HTTP/1.1 200 OK"
2026-09-01 11:47:11,978 - INFO - HTTP Request: POST https://generativelanguage.googleapis.com/v1beta/models/gemini-2.5-pro:generateContent "HTTP/1.1 200 OK"
2026-09-01 11:47:12,410 - INFO - HTTP Request: POST https://generativelanguage.googleapis.com/v1beta/models/gemini-2.5-pro:generateContent "HTTP/1.1 200 OK"
2026-09-01 11:47:12,492 - INFO - HTTP Request: POST https://generativelanguage.googleapis.com/v1beta/models/gemini-2.5-pro:generateContent "HTTP/1.1 200 OK"
2026-09-01 11:47:16,038 - INFO - HTTP Request: POST https://generativelanguage.googleapis.com/v1beta/models/gemini-2.5-pro:generateContent "HTTP/1.1 200 OK"
2026-09-01 11:47:18,979 - INFO - HTTP Request: POST https://generativelanguage.googleapis.com/v1beta/models/gemini-2.5-pro:generateContent "HTTP/1.1 200 OK"
2026-09-01 11:47:25,133 - INFO - HTTP Request: POST https://generativelanguage.googleapis.com/v1beta/models/gemini-2.5-pro:generateContent "HTTP/1.1 200 OK"
2026-09-01 11:47:26,403 - INFO - HTTP Request: POST https://generativelanguage.googleapis.com/v1beta/models/gemini-2.5-pro:generateContent "HTTP/1.1 200 OK"
2026-09-01 11:47:26,420 - INFO - [A2][PT][2026-2027-pt-car-hire-city-06__0001] SYSTEM PROMPT (first batch only):
# ROLE & MISSION

You are an **Expert Technical LQA Auditor — Validator (Final Pass)**. Your mission is to review the localized content **together with a draft JSON report of findings** and return a **final, clean JSON report** that:

* **Keeps only valid, objective, rule-based errors**;
* **Corrects categories, severities, and score mappings** where needed;
* **Adds a missed error only when it is *clear, objective, and within scope*** (see *Additions Policy*);
* **Preserves the exact JSON schema** used by the LQA pipeline.

You return the **final report as if you authored it from scratch**. Do **not** comment on previous reviewers/agents, and do **not** include explanatory prose. Your output is the **single JSON object only**.

This prompt is used across multiple languages. A locale-specific instruction pack is auto-injected. **These instructions are your highest authority and override any general rules in this document where they differ.**

You will receive a `Topic Name` for each batch (e.g., a route or travel topic). Use it as context and **do not flag hardcoded city/route mentions as errors when they match the Topic Name** (destination/from cities already specified by the topic are not mistakes).

---

## PROJECT-SPECIFIC EXCLUSIONS (HIGHEST PRIORITY)

Do **not** keep, add, or correct findings about names, cities/place names, car-rental providers, or car models/types merely because they are not localized or remain in another language/alphabet. The agency will handle them. Preserve them exactly in `updated_sentence` and `corrected_content`. Keep only an independent objective error that is not based on localization or script.

---

## THE PRIME DIRECTIVE: OBJECTIVITY OVER PREFERENCE

Your role is to enforce objectivity and consistency:

**✅ KEEP (Objective & Actionable Issues Only)**

* **Grammar:** Agreement, case, tense, government, prepositions **that alter meaning**.
* **Punctuation/Spelling/Typos:** Typos/diacritics; locale punctuation rules (e.g., FR NBSP before `: ; ? !`, DE „…“ quotes).
* **Compliance:** Glossary/brand/register violations that are **explicitly mandated**; mandated units/currency formatting; required conversions.
* **Accuracy:** Internal contradictions, wrong numbers, mistranslation that changes meaning, **wrong currency for location**.
* **Severe Clarity:** Run‑ons/structures that **objectively** hinder comprehension.
* **SEO paragraph segmentation:** A single SEO/editorial body paragraph that packs multiple distinct ideas and is objectively hard to scan — keep/add as **Style** with a split fix. Not for synonym preference.

**❌ DISCARD (Subjective or Out of Scope)**

* "Awkward/natural/flow" without a rule violation.
* Synonyms/paraphrases that keep the same meaning.
* Content improvements beyond the provided text.
* External fact corrections (laws/limits/prices) unless the text **internally contradicts itself** or `lang instructions` requires a specific presentation.

---

## **TERMS / GLOSSARY HANDLING (IMPORTANT)**

* Treat key terms/keywords as **reference**, not rigid commands. **Case‑insensitive** by default; morphology allowed.
* Enforce a term as **Compliance** only when **explicitly mandatory** (or for brands/proper names). Do **not** impose Title Case just because the list shows a capitalized entry.
* **Do not rename brands.** If uncertain, adjust only casing/spacing or remove the finding.


---

## LANGUAGE‑AGNOSTIC CATEGORIZATION RULES

1. **No external fact‑checking**

   * Do **not** verify laws, limits, or prices with outside knowledge. Use **Accuracy** only for **internal contradictions**, **mistranslations**, or **objective numeric/format errors** visible in the text.
   * Missing metric↔imperial conversion or required primary unit for the locale → **Compliance**.

2. **Brand / Proper‑noun rules are Compliance**

   * Misspelling, wrong casing, spacing of official names → **Compliance** (not Punctuation).
   * Examples: *star car → starcar* (DE), *yalla → Yalla* (pt‑BR), *Rental plus → Rental Plus* (NL).

3. **Currency: what vs how**

   * **What** currency is used for the location (e.g., £ in California) → **Accuracy** (Major).
   * **How** it is formatted/spaced/symbol order → **Compliance** per locale.

4. **Headings & typography**

   * Punctuation in headings (e.g., stray period) → **Punctuation/Spelling/Typos**.
   * Locale‑specific quotes/spaces/diacritics → **Punctuation/Spelling/Typos**.
   * Do **not** force Title Case unless `lang instructions` explicitly mandates it.

5. **Clarity vs preference**

   * Use **Style** only for **objective readability breakdowns** (run‑ons, tangled structure, ambiguous segmentation, or SEO body paragraphs that objectively pack multiple distinct ideas and must be split). Do **not** use Style for “sounds nicer”.

---

## **ADDITIONS POLICY (WHEN MAY YOU ADD A NEW ERROR?)**
Your default is to **validate and prune**. Add a new finding **only if ALL** are true:

1. The error is **clear, objective, and high‑confidence**;
2. It is **within scope** of allowed categories and `PT_instructions`;
3. It has **material impact** (Minor/Major/Critical as per ladder) and is not preferential;
4. The **updated\_sentence** applies a **minimal fix** (no creative rewrite or new facts);
5. **No brand renames**: you **may not** invent or substitute a brand name. Only correct brand spelling if it’s in the glossary/terms or is an obvious simple typo of a known brand. Otherwise, restrict to casing/spacing or omit.

If any condition is doubtful, **do not add**. Prefer under‑addition to over‑flagging.


---

## DE‑DUPLICATION & MINIMAL FIX

* **De‑duplication:** If the same **rule** is violated repeatedly in a contiguous pattern, keep **one representative instance**. In `issue`, note: *“Pattern repeats in similar sentences.”*
* **Minimal change principle:** `updated_sentence` must apply **only** the fix needed for the error. Do not rephrase unrelated parts, change mood/voice/wording, or introduce new content.

---

## SCOPE OF QA (ERROR CATEGORIES)

Use one of the following exact labels for `type_of_issue`.

1. **AI-issues**

   * **Hallucination:** Fabricated content presented as fact **within the text**.
   * **Bias / Cultural Sensitivity:** Offensive, biased, or culturally insensitive content.

2. **Style**

   * **Definition:** Clarity/readability issues that **objectively** hinder comprehension (run‑ons, tangled structure, ambiguous segmentation).
   * **Do not use for:** Preferred phrasings or cosmetic rewrites.

3. **Accuracy**

   * **Definition:** Semantic fidelity or numeric correctness **within the provided text**.
   * **Use for:** Mistranslation altering meaning; internal contradictions; wrong numbers/arithmetic; **wrong currency for location**.
   * **Do not use for:** External fact‑checking (laws/speed limits/prices not contradicted by the text).

4. **Compliance**

   * **Definition:** Violations of glossary/brand/locale rules or mandated presentation.
   * **Use for:** Brand/proper‑noun casing; unit presentation & required conversions; currency **formatting** rules; register required by `lang instructions`.

5. **Grammar**

   * **Definition:** Morphology/syntax agreement and government errors.
   * **Examples:** Case errors; agreement; required repetition in parallel lists.

6. **Punctuation/Spelling/Typos**

   * **Definition:** Orthography, diacritics, locale punctuation/spacing, stray characters.
   * **Examples:** Double spaces; FR NBSP; heading stray period.

---

## SEVERITY LEVELS & DECISION LADDER

Map severity to points exactly (Minor=1, Major=3, Critical=25):

**Critical (25)** – Safety/legal risk, offensive bias, or fabricated claims **within the text** that could dangerously mislead.

**Major (3)** – Errors that change meaning or materially impair comprehension (mistranslation; missing mandated conversion in a metric locale; wrong currency for location; run‑on that creates ambiguity).

**Minor (1)** – Objective errors not blocking understanding (typos; locale spaces/quotes; heading with stray period; non‑blocking agreement/casing/commas per locale rules).

**Decision Ladder**

1. Policy/safety/offense? → **Critical**.
2. Misleads/changes meaning/blocks understanding? → **Major**.
3. Otherwise objective correctness/formatting breaches → **Minor**.
4. If purely preferential → **Remove**.

---

## Lang‑SPECIFIC RULES

# European Portuguese (pt-PT) Style Guide for Skyscanner

## Project-specific exclusions (ticket 2026_8983)
- Ignore corrupted or duplicated section headings. Do not flag, correct, or rewrite them.
- The global project-specific proper-name exclusion in the master prompt takes priority over geo-name guidance below.

## Critical Requirements
**Tone of Voice**: Be a **Geeky Travel Pal**. Tone must be **playful, geeky, and helpful**.
- **Hierarchy**: **Helpful > Geeky > Playful**. If forced to choose, be helpful first.
- **Playful**: Conversational and lively. Clarity always beats wordplay.
- **Geeky**: Enthusiastic about data and patterns, explained like a knowledgeable friend.
- **Helpful**: Make complex travel info simple; put travelers first.
- **Avoid**: Corporate jargon, stiff phrasing, forced jokes, excessive exclamation marks.

## Formality (mandatory — pt-PT)
- Use the **formal 3rd-person** register for all communications.
- **Do not use "você"** and **do not use informal "tu"** (nor *tua/teu/tuas/teus*, nor 2nd-person verb forms like *encontras*, *reservares*, *alugares*).
- Prefer impersonal / 3rd-person constructions (e.g. *é necessário*, *recomendamos*, *o utilizador*, *pode*).
- Flag any *tu* / *você* register leakage as **Compliance** (Major unless a single isolated slip).

## Linguistic Guidelines

### Spelling & Orthography
- Follow **European Portuguese** spelling (Acordo Ortográfico as used in Portugal).
- Prefer European lexicon over Brazilian variants when both appear (e.g. *autocarro* not *ônibus*, *pequeno-almoço* not *café da manhã*, *telemóvel* not *celular*, *ecrã* not *tela*, where context is Portugal).
- Flag clear BR-only forms in pt-PT market content as **Compliance** / **Accuracy** when they are objectively wrong for Portugal.

### Punctuation & Spacing
- Use European Portuguese punctuation conventions.
- Currency: non-breaking space between value and symbol where the locale requires it (e.g. `52 €`).
- Prefer clarity: commas where needed to separate clauses.

### Capitalization & Dates
- **Sentence case** for titles and CTAs.
- Dates in Portuguese long form when written out (`11 de janeiro de 2026`).

### Addressing Users & CTAs
- **Active voice** for headlines and CTAs.
- CTAs in the **imperative** (short, direct), consistent with formal register (not *tu* imperatives).

### Units
- Metric-first market. Missing mandated metric presentation when only imperial is shown → **Compliance**.

## Technical Requirements

### URLs
- All lowercase, hyphens for word separation, basic Latin characters only.

### Placeholders
- Never translate, delete, or alter placeholders. Keep spacing around tags.

### Airport Names
- Never add "aeroporto" if it is not in the source name (avoid duplication).

### Geo-terms
- Use official / most widely used Portuguese names. EU style-guide country list is a valid reference.

## Content Type Guidelines

### SEO / Editorial
- Natural language, no keyword stuffing. Clear descriptive headings.
- If one SEO body paragraph packs multiple distinct ideas and is objectively hard to scan, flag **Style** and split into shorter paragraphs in `updated_sentence` / `corrected_content`.

### Marketing
- Natural, fluid, inspirational; keep promises realistic and compliant.

### Legal / Policies
- Precise, neutral, unemotional. No jokes or idioms.

### Sustainability
- No greenwashing. Prefer comparatives over absolutes. Never claim a flight is "sustentável/verde/eco/limpo".

## Brand & Legal Constraints

### Skyscanner
- Never translate or alter the brand name "Skyscanner".

### "Best" & Superlatives
- Do not claim "melhores preços" / "melhores ofertas" as an unsubstantiated competitive claim.
- "Best" allowed only with a clear measurement disclaimer.

### "Discount" & "Deals"
- Skyscanner never offers discounts. Never "A Skyscanner ofereceerece um desconto".
- Prefer neutral phrasing (*ofertas*, *redução de preço*, *é-lhe oferecido um desconto*).

## Quick Reference: Dos and Don'ts

| Category | Do | Don't |
| :--- | :--- | :--- |
| **Register** | Formal 3rd person / impersonal | *tu*, *você*, *encontras*, *reservares* |
| **Lexicon (PT)** | *autocarro*, *telemóvel* | BR-only *ônibus*, *celular* (in PT-PT market) |
| **Currency** | `52 €` | `€52` / glued forms that break locale rules |
| **Airport** | Keep source airport name | Duplicate "Aeroporto Aeroporto …" |
| **Discounts** | *ofertas*, *redução de preço* | "A Skyscanner ofereceerece desconto" |
| **Sustainability** | "emite 20% menos carbono" | "voo sustentável/verde" |

## SEO / Editorial LQA Addendum (Jan 2026)
Source: Style Guide Jan 2026 (Portuguese / Portugal). Additive.

### Register
- Formal 3rd person; ban *tu* and *você*. Flag register leaks as **Compliance**.

### Geo naming
- Official/common Portuguese forms; consistent across the page.

### SEO body readability (objective Style only)
- Split objectively overlong multi-idea SEO body paragraphs (**Style**); provide split text in `updated_sentence` / `corrected_content`.
- No synonym-only preference edits.


---

## OUTPUT JSON CONTRACT (RETURN THIS OBJECT ONLY)

Return a **single, valid JSON object** using the exact schema below. Do **not** add any explanatory text.

```json
{
  "review_findings": [
    {
      "text": "<The full, original sentence or text snippet containing the error>",
      "issue": "<A concise, one-sentence description of the objective error.>",
      "type_of_issue": "<Must be one of: AI-issues, Style, Accuracy, Compliance, Grammar, Punctuation/Spelling/Typos>",
      "solution": "<A brief, actionable instruction for the fix.>",
      "updated_sentence": "<The full sentence, rewritten with the solution correctly applied. For paragraph splits, include blank lines between paragraphs.>",
      "severity": "<Must be one of: Minor, Major, Critical>",
      "score_deduction": "<Must be 1, 3, or 25, matching the severity>"
    }
  ],
  "corrected_content": "<REQUIRED: the full corrected body text for THIS batch/section after applying all kept fixes. Preserve meaning. Use blank lines between paragraphs when splitting for readability. If no findings, return the original content unchanged.>",
  "overall_feedback": {
    "summary": "<2–3 bullet points on systemic error patterns found in THIS final report>",
    "action_plan": "<2–3 concrete, high-level preventive actions consistent with THIS final report>"
  }
}
```

**`corrected_content` rules**

* Always include `corrected_content` for the **entire section body** you were given (not just one sentence).
* Apply every kept finding’s fix; do not introduce new facts, brands, or creative rewrites.
* When splitting paragraphs, separate them with a blank line (`\\n\\n`).
* If there are no findings, set `corrected_content` to the original `$content` unchanged.

---

## COMMON MISCLASSIFICATIONS TO AVOID (CHECK BEFORE SUBMIT)

* **External fact corrections** (laws, limits, prices) → **Remove** unless contradicted internally. Missing metric conversion → **Compliance**, not **Accuracy**.
* **Brand/proper‑noun casing** → **Compliance**, not **Punctuation**.
* **Currency** → **what** currency for the location = **Accuracy**; **how** it’s formatted = **Compliance**.
* **Generic vertical nouns** (e.g., ES *alquiler de coches*) → keep in **sentence case** unless locale pack mandates Title Case.
* **Headings punctuation** (stray period) → **Punctuation/Spelling/Typos**.
* **“Awkward/natural” only** → **Remove** unless readability is objectively impaired (then **Style**).

---

## FINAL SELF‑CHECK (RUN BEFORE RETURNING JSON)

1. **Did I return exactly one JSON object with the correct schema, including `corrected_content`?**
2. **Did I eliminate preferential or externally fact‑checked items?**
3. **Did I add a new error only if it was *clear, objective, and within scope*?**
4. **Are categories normalized and severities mapped to 1/3/25 correctly?**
5. **Do terms/keywords follow the reference‑not‑mandatory rule (unless explicitly mandated)?**
6. **Are issue/solution concise and minimal, and do updated sentences apply only the fix?**
7. **Does `corrected_content` reflect the full section body with all kept fixes applied?**

Return only the JSON object.

2026-09-01 11:47:26,430 - INFO - [A2][PT][2026-2027-pt-car-hire-city-06__0001] USER PROMPT (first batch only):
Topic Name: Viena: como encontrar um aluguer de carro barato

Here is the content to review:

O aluguer de um automóvel em Viena pode encontrar-se a partir de 12 €, um valor que contrasta com a média anual de 54 €. Para obter tarifas mais reduzidas, convém comparar as diferentes opções disponíveis e ajustar as datas da viagem. Novembro destaca-se como o mês com os preços mais baixos ao longo do ano. A reserva feita com 4 semanas de antecedência tende a garantir condições mais favoráveis, permitindo assegurar o veículo pretendido antes de os preços aumentarem.

Available key terms:

### Skyscanner Multilingual Glossary ###
- EN: additional driver → pt-PT: condutor adicional | Definition: An extra person authorized to drive a rented vehicle.
- EN: air conditioning → pt-PT: ar condicionado | Definition: A system for cooling and dehumidifying the air.
- EN: airline → pt-PT: companhia aérea | Definition: A company that provides air transport services for traveling passengers.
- EN: airline alliance → pt-PT: aliança aérea | Definition: A partnership between multiple airlines to provide mutual benefits and seamless travel.
- EN: all inclusive → pt-PT: tudo incluído | Definition: Hotel package that includes accommodation, all meals, snacks, drinks (both alcoholic and non-alcoholic), and often additional amenities and activities
- EN: amenities → pt-PT: comodidades | Definition: Title of filter section mainly in hotel search
- EN: apartment → pt-PT: apartamento | Definition: A self-contained housing unit that occupies part of a building.
- EN: App → pt-PT: aplicação | Definition: An application designed for use on mobile devices. | Notes: app can also be used.
- EN: Art and culture → pt-PT: Arte e cultura | Definition: Activities or attractions related to visual arts, music, theater, and heritage.
- EN: automatic → pt-PT: automático | Definition: A type of vehicle transmission that shifts gears automatically.
- EN: baggage allowance → pt-PT: limite de bagagem | Definition: The amount of luggage a traveler is permitted to carry without incurring additional fees, as defined by the transportation provider
- EN: Beach → pt-PT: Praia | Definition: A sandy or pebbly shore by a body of water, often a popular destination for relaxation and recreation.
- EN: Black Friday → pt-PT: Black Friday | Definition: A major retail event with extensive sales and promotions, often lasting beyond the day after Thanksgiving. | Example: Aproveite a oferta de Black Friday neste fim de semana para quando quiser
- EN: board type → pt-PT: tipo de pensão | Definition: This term refers to the meal plan included with a hotel stay.
- EN: book → pt-PT: reservar | Definition: Verb. To reserve a service, such as a flight.
- EN: book → pt-PT: reservar | Definition: Verb. To reserve a service, such as a hotel room.
- EN: book → pt-PT: reservar | Definition: Verb. To reserve a service, such as a car.
- EN: booking → pt-PT: reserva | Definition: Noun. A reservation for a service.
- EN: booking → pt-PT: reserva | Definition: Noun. A reservation for a service.
- EN: booking → pt-PT: reserva | Definition: Noun. A reservation for a service.
- EN: Business Class → pt-PT: Classe Executiva | Definition: A class of airline service offering more comfort and amenities than economy class.
- EN: business travellers → pt-PT: viajantes em trabalho | Definition: Individuals traveling for work-related purposes.
- EN: cabin bag → pt-PT: mala de cabine | Definition: A small piece of luggage carried into the passenger cabin. | Example: Sem mala de cabine incluída
- EN: cabin baggage → pt-PT: mala de cabine | Definition: Same as cabin bag.
- EN: cabin class → pt-PT: classe de reserva | Definition: The category of service on an aircraft, such as economy, business, or first class. | Example: Selecione o número de passageiros e a classe de reserva
- EN: cancellation policy → pt-PT: política de cancelamento | Definition: The terms and conditions under which a booking can be canceled.
- EN: car hire → pt-PT: aluguer de carros | Definition: The act of renting a vehicle.
- EN: Car hire → pt-PT: Aluguer de carros | Definition: Rental of an automobile for a specified period
- EN: car hire company → pt-PT: empresa de aluguer de carros | Definition: A business that provides rental vehicles.
- EN: car hire deal → pt-PT: oferta de aluguer de carros | Definition: Discounted or special offer on car rental services.
- EN: carbon footprint → pt-PT: pegada ecológica | Definition: A carbon footprint refers to the total amount of CO2 emissions released into the atmosphere as a result of the activities of an business, individual or event.
- EN: charge → pt-PT: cobrar | Definition: Verb. To add fee for a service or product.
- EN: charge → pt-PT: custo | Definition: Noun. Fee for a service or product
- EN: Cheapest month → pt-PT: Mês mais económico | Definition: The cheapest month features in ‘Flexible Dates’ tab highlights the cheapest month to travel, as well as the lowest price per month to travel to the destination. | Notes: This can also be used in lower case, depending on the context.
- EN: check in → pt-PT: efetuar o check-in | Definition: Verb - The process of registering for a flight.
- EN: check in → pt-PT: efetuar o check-in | Definition: Verb - The process of registering for a hotel stay.
- EN: check out → pt-PT: efetuar o check-out | Definition: Verb - The process of completing a stay at a hotel.
- EN: check-in → pt-PT: check-in | Definition: Noun - The process of registering for a flight.
- EN: check-in → pt-PT: check-in | Definition: Noun - The process of completing a stay at a hotel.
- EN: check-out → pt-PT: check-out | Definition: Noun - The process of leaving and settling the bill at a hotel.
- EN: checked bag → pt-PT: mala de porão | Definition: Bag that is handed over to the airline for transport in the cargo hold. | Example: Sem mala de porão incluída
- EN: checked luggage → pt-PT: bagagem de porão | Definition: Luggage that is handed over to the airline for transport in the cargo hold.
- EN: cO2e emissions → pt-PT: emissões de CO2e | Definition: Carbon dioxide equivalent emissions, measuring the impact of greenhouse gases.
- EN: Collision Damage Waiver → pt-PT: seguro CDW | Definition: This is a type of insurance offered by rental car companies that limits your liability if the car is damaged in an accident. 
However, it typically doesn’t cover the full cost; you still have to pay a portion of  the repair costs, called the excess or deductible. | Example: Boas notícias: o seguro CDW está incluído no preço do aluguer e não precisa de seguro adicional.
- EN: commercial van → pt-PT: carrinha comercial | Definition: Vehicles designed for transporting goods and materials for business purposes.
- EN: compact → pt-PT: compacto | Definition: A category of rental cars that are slightly larger than economy cars but still small and efficient.
- EN: connecting flight → pt-PT: voo de ligação | Definition: A flight requiring a change of planes to reach the final destination.
- EN: convertible → pt-PT: conversível | Definition: A car with a roof structure that can be 'converted' to allow open-air or enclosed driving.
- EN: Cookie Policy → pt-PT: Política de cookies | Definition: Policy that governs the use of cookies on Skyscanner's website, ensuring transparency regarding data usage
- EN: country house → pt-PT: casa de campo | Definition: A large house in the countryside
- EN: coupe → pt-PT: coupé | Definition: A car with a fixed-roof body style that is shorter than a sedan of the same model.
- EN: couples → pt-PT: casais | Definition: Pairs of individuals traveling together
- EN: Cyber Monday → pt-PT: Cyber Monday | Definition: An online shopping event on the Monday after Thanksgiving, featuring exclusive digital deals and discounts. | Example: Reserve a sua próxima viagem com a oferta de Cyber Monday.
- EN: deal → pt-PT: oferta | Definition: A special offer or discount.
- EN: departure country → pt-PT: país de partida | Definition: The country from which a journey begins.
- EN: departure date → pt-PT: data de partida | Definition: The date on which a journey starts.
- EN: departure time → pt-PT: hora de partida | Definition: The scheduled time a flight is set to leave.
- EN: destination → pt-PT: destino | Definition: The final place or location to which someone is traveling. It is the end point of a journey where travelers intend to stay, explore, or visit. Destinations can range from cities and countries to specific attractions or resorts.
- EN: destination airport → pt-PT: aeroporto de destino | Definition: The airport where a journey ends.
- EN: destination country → pt-PT: país de destino | Definition: The country where a journey ends.
- EN: direct → pt-PT: direto | Definition: A flight with no scheduled stops between the departure and arrival points.
- EN: direct flight → pt-PT: voo direto | Definition: A flight with no scheduled stops between the departure and arrival points.
- EN: domestic flight → pt-PT: voo doméstico | Definition: A flight within the same country.
- EN: drop → pt-PT: lançamento | Notes: This could be translated in multiple ways depending on context. | Example: Lançamento de preço de 36 £

Espetáculo que chega de Londres

Os preços mais recentes
- EN: drop → pt-PT: lançar | Notes: This could be translated in multiple ways depending on context (also chegar, aterrar, voltar). | Example: A próxima viagem pode ser lançada hoje

Escolha outra cidade de partida ou volte depois.

Os preços que chegam hoje
- EN: drop-off → pt-PT: entrega | Definition: The date, time or location where a rented vehicle is returned at the end of the rental period.
- EN: DROPS → pt-PT: DROPS | Definition: Feature name.

DROPS is a new “sub-brand” of Skyscanner. It is an app-exclusive product only available for logged-in users that helps travelers spot flight deals that have dropped by more than 20% and that are available for only 24h. | Notes: Follow the source capitalization.

Feature name. To be left in English

Gender note: masculine form. | Example: Damos-lhe as boas-vindas ao DROPS

Deixe que o DROPS decida a sua próxima viagem
- EN: Drops → pt-PT: Drops | Definition: Feature name.

Drops is a new “sub-brand” of Skyscanner. It is an app-exclusive product only available for logged-in users that helps travelers spot flight deals that have dropped by more than 20% and that are available for only 24h. | Notes: Follow the source capitalization.

Feature name. To be left in English

Gender note: masculine form. | Example: Recarregue o Drops

Saiba mais sobre o Drops
- EN: economy → pt-PT: económico | Definition: A category of rental cars that are typically small, fuel-efficient, and inexpensive. | Example: Alugue um carro económico
- EN: Economy → pt-PT: Economy | Definition: The Economy flight class refers to the most basic and affordable class of service on an airplane. | Example: Mesmo que viaje geralmente em Economy, pode encontrar bons negócios em tarifas da classe Business.
- EN: electric → pt-PT: elétrico | Definition: Vehicles powered by electricity, typically from batteries.
- EN: email → pt-PT: e-mail | Definition: Electronic mail address used for communication.
- EN: estimated price → pt-PT: preço estimado | Definition: An approximate cost for a service.
- EN: Everywhere → pt-PT: Toda a parte | Definition: Option to search for travel destinations worldwide.
- EN: Excellent → pt-PT: Excelente | Definition: Rating indicating superior quality or performance.
- EN: Excess Waiver → pt-PT: seguro de franquia | Definition: This is an additional insurance that covers the excess amount not covered by the CDW. If you buy an excess waiver, you won’t have to pay  anything in the event of a claim, as it "waives" your responsibility for the excess 
portion. So, the CDW reduces your liability for damage, while the excess waiver eliminates your out-of-pocket costs for the excess amount. | Example: Muitas das companhias de seguros nossas parceiras oferecem uma opção de reembolso da franquia, o que pode ser mais barato do que o seguro de franquia oferecido no balcão.
- EN: explore → pt-PT: explorar | Definition: Option to discover new destinations or services.
- EN: Explore everywhere → pt-PT: Explore em toda a parte | Definition: The sentence case will be used whenever the term is employed in the UI itself or as part of a sentence.
- EN: Explore Everywhere → pt-PT: Explore em toda a parte | Definition: Used as feature or proper noun - Option to view travel options for various destinations globally.
- EN: extra charge → pt-PT: custo extra | Definition: An additional fee for a service or product.
- EN: Fair Fuel Policy → pt-PT: Política de combustível justa | Definition: A policy ensuring fair charges for fuel in rental agreements.
- EN: families → pt-PT: famílias | Definition: Groups traveling together, typically including parents and children.
- EN: FAQ → pt-PT: Perguntas Frequentes | Definition: Frequently Asked Question
- EN: FAQs → pt-PT: Perguntas Frequentes | Definition: Frequently Asked Questions
- EN: fare → pt-PT: tarifa | Definition: The cost of a ticket for travel.
- EN: fee → pt-PT: taxa | Definition: A charge for a service or product.
- EN: First Class → pt-PT: Primeira classe | Definition: A premium class of airline service offering high level of comfort and amenities.
- EN: Flexible dates → pt-PT: datas flexíveis | Definition: Previous "Whole month" feature. Calendar Tab that shows Whole month prices that allows users to make month view searches.
- EN: flight deal → pt-PT: voo com promoção | Definition: Discounted or special offer on air travel tickets.
- EN: flight details → pt-PT: detalhes do voo | Definition: Information about a specific flight.
- EN: flight emissions → pt-PT: emissões do voo | Definition: The amount of CO2 produced by a flight. Title for a feature that badges up flights with lower carbon dioxide emissions compared to other flights in the result set.
- EN: flight time → pt-PT: tempo de voo | Definition: The duration of a flight.
- EN: Flights → pt-PT: Voos | Definition: Air travel services provided by airlines.
- EN: fuel → pt-PT: combustível | Definition: Gasoline or diesel used to power vehicles, including cars, motorcycles, boats, or recreational vehicles.
- EN: full board → pt-PT: pensão completa | Definition: Hotel option that covers accommodation and three meals a day (breakfast, lunch, and dinner). Drinks and additional activities are usually not included
- EN: full to full → pt-PT: Full to Full | Definition: Fuel policy where the car is provided with a full tank and must be returned with a full tank.
- EN: fullsize → pt-PT: grande | Definition: A category of rental cars that are larger and offer more comfort and space.
- EN: getaway → pt-PT: escapadinha | Definition: A short vacation or trip, often taken to escape from daily routine and responsibilities. It usually involves traveling to a relaxing or enjoyable destination.
- EN: Good → pt-PT: Bom | Definition: Rating indicating satisfactory quality or performance.
- EN: Great food → pt-PT: Ótima comida | Definition: High-quality or highly recommended culinary experiences.
- EN: guest → pt-PT: hóspede | Definition: A person staying at a hotel or other accommodation.
- EN: guest house → pt-PT: pousada | Definition: A small, private hotel or lodging.
- EN: guest reviews → pt-PT: avaliações de clientes | Definition: Feedback and ratings from customers who have used a service or stayed at a property.
- EN: half board → pt-PT: meia pensão | Definition: Hotel option that covers accommodation, breakfast, and one other meal (usually dinner). Drinks and additional meals are typically not included.
- EN: hire car → pt-PT: carro alugado | Definition: A vehicle rented for a short period, ranging from a few hours to several weeks, typically from a rental agency.
- EN: holiday rentals → pt-PT: casa de férias | Definition: Properties available for short-term vacation stays.
- EN: home airport → pt-PT: aeroporto de partida | Definition: The airport closest to a traveler's residence.
- EN: hostel → pt-PT: hostel | Definition: Budget-friendly accommodation
- EN: hotel → pt-PT: hotel | Definition: An establishment providing lodging, meals, or other guest services.
- EN: hotel deal → pt-PT: hotel com promoção | Definition: Discounted or special offer on hotel bookings.
- EN: Hotels → pt-PT: Hotéis | Definition: Establishments providing lodging, meals, and other services for travelers.
- EN: hybrid → pt-PT: híbrido | Definition: Vehicles powered by both an internal combustion engine and an electric motor.
- EN: inbound flight → pt-PT: voo de regresso | Definition: The flight that takes the passenger back from their destination to their original departure location.
- EN: intermediate → pt-PT: médio | Definition: A category of rental cars that are larger than economy but smaller than full-size.
- EN: itinerary → pt-PT: itinerário | Definition: A detailed plan or schedule of a trip, listing all destinations, activities, and accommodations, along with the times and dates for each part of the journey.
- EN: journey → pt-PT: percurso | Definition: A journey refers to the act of traveling from one place to another, usually involving a significant distance or time commitment.
- EN: latest price → pt-PT: preço mais recente | Definition: The most recent cost for a service or product.
- EN: location → pt-PT: localização | Definition: A specific place or position where something is situated or where an event occurs.
- EN: log in → pt-PT: iniciar sessão | Definition: To access an account by entering credentials.
- EN: log out → pt-PT: terminar sessão | Definition: To exit an account.
- EN: login → pt-PT: início de sessão | Definition: The act of logging in to a computer, database, or system.
- EN: long wait → pt-PT: longa espera | Definition: An extended period of waiting, often at airports between flights.
- EN: low-cost → pt-PT: low cost | Definition: Services, particularly airlines, that are designed to offer lower prices by reducing the range of services and amenities traditionally included in the fare.
- EN: lowest price → pt-PT: preço mais baixo | Definition: The least expensive cost for a service or product.
- EN: luxury → pt-PT: luxo | Definition: High-end, premium vehicles offering superior comfort and features.
- EN: manual → pt-PT: manual | Definition: A type of vehicle transmission that requires the driver to manually shift gears.
- EN: mini → pt-PT: mini | Definition: A category of rental cars that are very small, typically suitable for city driving.
- EN: mobile app → pt-PT: aplicação móvel | Definition: An application designed for use on mobile devices.
- EN: motorcycle → pt-PT: mota | Definition: A two-wheeled motor vehicle.
- EN: Multi-city → pt-PT: Vários destinos | Definition: Multi-city flights are a smart way to see more destinations in one go, by adding extra legs to your trip. If, for example, you can’t decide between Paris or Rome, you can book flights to both cities and turn your trip into an itinerary.
- EN: multi-city → pt-PT: vários destinos | Definition: Multi-city flights are a smart way to see more destinations in one go, by adding extra legs to your trip. If, for example, you can’t decide between Paris or Rome, you can book flights to both cities and turn your trip into an itinerary.
- EN: Nearby airports → pt-PT: Aeroportos próximos | Definition: Widen your search for flight deals by selecting the “add nearby airports” option to search flight prices for all the nearest airports at your departure point and your destination to increases your chances of finding the best deal at both ends of your trip.
- EN: nearby airports → pt-PT: aeroportos próximos | Definition: Widen your search for flight deals by selecting the “add nearby airports” option to search flight prices for all the nearest airports at your departure point and your destination to increases your chances of finding the best deal at both ends of your trip.
- EN: Nightlife and entertainment → pt-PT: Vida noturna e entretenimento | Definition: Activities and venues that provide entertainment, typically during the evening, such as clubs and bars.
- EN: no extra fees → pt-PT: sem taxas extra | Definition: Indicates that there are no additional charges beyond the listed price.
- EN: non refundable → pt-PT: não reembolsável | Definition: A booking or a charge that cannot be refunded.
- EN: non-protected transfer → pt-PT: transfer independente | Definition: Booking connecting flights with more than one provider means the ongoing flight may not be guaranteed, and is at risk from delays or cancellations. It's also needed to collect your luggage and check into the second flight.
- EN: one way → pt-PT: só ida | Definition: A trip that does not include a return journey. | Notes: We can use "só de ida" for phrasing and "local de devolução diferente" in Car hire context.
- EN: one way → pt-PT: só ida | Definition: A train trip that does not include a return journey. | Example: Reserve a sua viagem só de ida.
- EN: one-way → pt-PT: só ida | Definition: A trip that does not include a return journey. | Notes: We can use "só de ida" for phrasing and "local de devolução diferente" in Car hire context.
- EN: outbound → pt-PT: voo de ida | Definition: The flight that takes a passenger from their home or starting location to their destination.
- EN: outbound flight → pt-PT: voo de ida | Definition: The flight that takes a passenger from their home or starting location to their destination.
- EN: Outdoor adventures → pt-PT: Aventuras ao ar livre | Definition: Activities involving physical exertion in natural settings, such as hiking, rafting, or camping.
- EN: package → pt-PT: pacote | Definition: Used in the meaning of “package holiday”, referring to the package deals in our Packages vertical that include flights and a hotel. This is for when we talk about packages in running copy and in general, as opposed to the vertical name. | Notes: an alternative may be pacote de viagem
- EN: Packages → pt-PT: Pacotes
- EN: parking → pt-PT: parque de estacionamento | Definition: Space or facility to park vehicles.
- EN: passenger → pt-PT: passageiro | Definition: An individual traveling on a plane, train, or other mode of transport.
- EN: passenger van → pt-PT: carrinha de passageiros | Definition: A van configured to carry passengers.
- EN: Pay on arrival → pt-PT: Pagar à chegada | Definition: Option to pay for a service upon arrival at the location.
- EN: pay on arrival → pt-PT: pagar à chegada
- EN: people carrier → pt-PT: monovolume | Definition: A vehicle designed to transport multiple passengers
- EN: pick up truck → pt-PT: carrinha de caixa aberta | Definition: A light-duty truck with an enclosed cab and an open cargo area.
- EN: pick-up → pt-PT: recolha | Definition: The act of collecting a rental vehicle.
- EN: Premium → pt-PT: Premium | Definition: A category of rental cars that offer higher-end features and more comfort.
- EN: Premium Economy → pt-PT: Económica Premium | Definition: A class of airline service between economy and business class.
- EN: Price → pt-PT: Preço | Definition: The cost of a service or product.
- EN: Price Alert → pt-PT: Alerta de preço | Definition: Skyscanner's Price Alert feature notifies users via email or push notification about fluctuations in the prices of plane tickets they're interested in.
- EN: Price Alerts → pt-PT: Alertas de preço | Definition: Skyscanner's Price Alert feature notifies users via email or push notification about fluctuations in the prices of plane tickets they're interested in.
- EN: price per night → pt-PT: preço por noite | Definition: The cost of accommodation for one night.
- EN: Privacy Policy → pt-PT: Política de privacidade | Definition: Policy that outlines how Skyscanner handles users' personal information, emphasizing user control and transparency
- EN: private home → pt-PT: casa privada | Definition: Residential property that is rented out to travelers for short-term stays
- EN: property → pt-PT: propriedade | Definition: In the travel context, a property refers to a place of lodging, such as a hotel, resort, bed and breakfast, or vacation rental, where travelers can stay during their trip.
- EN: provider → pt-PT: fornecedor | Definition: A company or individual offering a service. Car Hire vertical
- EN: provider → pt-PT: fornecedor | Definition: A company or individual offering a service.
- EN: provider → pt-PT: fornecedor | Definition: A company or individual offering a service. Hotel vertical
- EN: rating → pt-PT: classificação | Definition: A score or review given to a service or product.
- EN: Read more → pt-PT: Ler mais | Definition: Option to view additional information.
- EN: recent searches → pt-PT: pesquisas recentes | Definition: A list of previous search queries.
- EN: Recommended Provider → pt-PT: Fornecedor de topo | Definition: A booking partner that meets our top-quality criteria, demonstrated by a high Partner Quality Score, strong price accuracy, and reliable downstream visibility. This designation helps travelers make informed choices by identifying partners that offer a trustworthy and seamless booking experience.
- EN: recreational vehicle → pt-PT: autocaravana | Definition: RV, a motor vehicle or trailer equipped with living space and amenities for travel.
- EN: residence → pt-PT: residência | Definition: Fully furnished apartments or suites that are available for short-term or long-term stays or  a private home or villa that is rented out to travelers for short-term stays,
- EN: resort → pt-PT: resort | Definition: A place that offers a variety of recreational activities and amenities
- EN: result → pt-PT: resultado | Definition: An outcome from a search or query.
- EN: return → pt-PT: voo de ida e volta | Definition: A flight that includes both the outbound and inbound journeys, completing the round trip. | Example: Selecione a data do voo de regresso
- EN: return → pt-PT: voo de regresso | Definition: A flight that returns to the original departure location (1 flight) | Example: Procura um voo de ida e volta?
- EN: return → pt-PT: ida e volta | Definition: A train journey that includes both the outbound and inbound journeys, completing the round trip. | Example: A viagem de ida e volta custa 20 €.
- EN: return → pt-PT: regresso | Definition: A train trip to return to the original departure location (1 trip)" | Example: A viagem de regresso expira dentro de 30 dias.
- EN: return date → pt-PT: data de regresso | Definition: The date of the return journey.
- EN: return flight → pt-PT: voo de ida e volta | Definition: A flight that includes both the outbound and inbound journeys, completing the round trip. | Example: Aproveite e compre também o voo de regresso.
- EN: return flight → pt-PT: voo de regresso | Definition: A flight that returns to the original departure location (1 flight) | Example: As melhores poupanças em voos de ida e volta.
- EN: return trip → pt-PT: viagem de ida e volta | Definition: A journey including both the outbound journey to the destination and the inbound journey back to the starting location.
- EN: Review → pt-PT: Avaliar | Definition: Verb - Add an evaluation or feedback about a service or product.
- EN: review → pt-PT: avaliação | Definition: Noun - An evaluation or feedback about a service or product.
- EN: room → pt-PT: quarto | Definition: A space within a building for accommodation
- EN: same to same → pt-PT: same to same | Definition: Fuel policy where the car must be returned with the same amount of fuel as when picked up.
- EN: Satisfactory → pt-PT: Satisfatório | Definition: Rating indicating acceptable quality or performance, but with some issues.
- EN: Saved → pt-PT: Favoritos | Definition: For travellers planning one or more trips, this feature empowers users to save different elements of their travel, so they can compare and monitor prices, book at a time that suits and/or find the perfect option.
- EN: Savvy Search → pt-PT: PesquisAI | Definition: Savvy Search is a generative AI planning tool developed internally. It is designed to help travelers discover new destinations and experiences by asking questions like "What kind of trip is on your mind?" This tool is powered by OpenAI's ChatGPT and uses historical internet data along with Skyscanner's destination and price data to provide travel recommendations | Notes: Product Feature | Example: Apresentamos a PesquisAI

Deixe que a PesquisAI lhe mostre lugares que nunca imaginou que existissem.
- EN: search → pt-PT: pesquisa | Definition: The process of looking for specific travel-related information or options, such as flights, hotels, rental cars
- EN: search → pt-PT: pesquisar | Definition: To look for information or options.
- EN: select → pt-PT: selecionar | Definition: The act of choosing or picking a specific option from a range of available choices.
- EN: self catering → pt-PT: self-catering | Definition: This type of accommodation may or may not provide guests with kitchen facilities to prepare their own meals. No meals are included in the package | Notes: An alternative may be "sem refeições"
- EN: self-transfer → pt-PT: transfer independente | Definition: When passengers need to transfer between flights on their own without airline assistance. It may be necessary to check in separately for each connecting flight.
- EN: sign up → pt-PT: registar | Definition: Option to create a new account.
- EN: solo travellers → pt-PT: viajantes individuais | Definition: Individuals traveling alone.
- EN: sports car → pt-PT: carro desportivo | Definition: A car designed for high performance and agility, often with a sleek design.
- EN: standard → pt-PT: standard | Definition: A category of rental cars that offer a balance between size, comfort, and cost.
- EN: star → pt-PT: estrela | Definition: A hotel star rating is a system used to classify hotels based on their quality, amenities, service, and overall guest experience.
- EN: star → pt-PT: estrelas | Notes: Plural, depending on context.
- EN: star rating → pt-PT: classificação por estrelas | Definition: A hotel star rating is a system used to classify hotels based on their quality, amenities, service, and overall guest experience.
- EN: stay → pt-PT: estadia | Definition: Period during which a guest resides at an accommodation, such as a hotel.
- EN: stop → pt-PT: escala | Definition: Flight connection at other airport before reaching the destination (not direct flights)
- EN: Suggested for you → pt-PT: Sugerido para si | Definition: Personalized recommendations based on your interests or past behavior.
- EN: SUV → pt-PT: SUV | Definition: Sport Utility Vehicle, a larger car often with off-road capability and more passenger/cargo space.
- EN: tax → pt-PT: imposto | Definition: Compulsory financial charges imposed by a government.
- EN: Terms of Service → pt-PT: Termos de Serviço | Definition: The rules and conditions for using a service.
- EN: Top Provider → pt-PT: Fornecedor de topo | Definition: A booking partner that meets our top-quality criteria, demonstrated by a high Partner Quality Score, strong price accuracy, and reliable downstream visibility. This designation helps travelers make informed choices by identifying partners that offer a trustworthy and seamless booking experience.
- EN: total price → pt-PT: preço total | Definition: The complete cost of a service or product.
- EN: transfer → pt-PT: transferir | Definition: The act of moving travelers from one location to another.
- EN: transfer → pt-PT: transferência | Definition: Service or act of moving from one mode of transport to another.
- EN: transmission → pt-PT: transmissão | Definition: The mechanism by which power is transmitted from the engine to the wheels in a vehicle.
- EN: travel agent → pt-PT: agente de viagens | Definition: A professional who plans and books travel arrangements for clients.
- EN: travel Hack → pt-PT: truques de viagem | Definition: Tips and strategies for making travel easier or cheaper.
- EN: travel insurance → pt-PT: seguro de viagem | Definition: Coverage for risks associated with travel, such as trip cancellations and medical emergencies.
- EN: Travel Tuesday → pt-PT: Travel Tuesday | Definition: A marketing initiative on the Tuesday after Thanksgiving, offering significant discounts on travel-related purchases like flights and hotels. | Example: Feliz Travel Tuesday!
- EN: traveller → pt-PT: viajante | Definition: An individual who is traveling.
- EN: trip → pt-PT: viagem | Definition: A journey from one place to another.
- EN: Underrated Destinations → pt-PT: Destinos subestimados | Definition: Travel locations that are less popular but worth visiting.
- EN: unique stays → pt-PT: estadias excecionais | Definition: Accommodations that offer unusual or distinctive experiences.
- EN: unlimited mileage → pt-PT: quilometragem ilimitada | Definition: Option allowing unlimited travel distance in a rental vehicle.
- EN: van → pt-PT: carrinha | Definition: A larger vehicle used for transporting goods or people.
- EN: vehicle → pt-PT: veículo | Definition: A mode of transportation used to move from one place to another.
- EN: Very good → pt-PT: Muito bom | Definition: Rating indicating high quality or performance.
- EN: Vibes → pt-PT: Temas | Definition: Vibes is an AI-powered feature developed by Skyscanner that enhances the Explore Everywhere experience by categorising and sorting travel destinations in a smart, intuitive way to inspire travellers. These “vibes” are essentially themed tiles or categories—likely based on mood, activity type, scenery, or travel style (e.g. “beach escape”, “romantic getaway”, “adventurous hiking”)—that help users discover destinations they might not have otherwise considered.
- EN: wagon → pt-PT: station wagon | Definition: A car with a longer body and more cargo space, often with a rear hatch door.
- EN: Whole month → pt-PT: Mês inteiro | Definition: Option to view availability and prices for an entire month.
- EN: whole month → pt-PT: mês inteiro | Definition: Option to view availability and prices for an entire month.
- EN: With honours → pt-PT: Com distinção | Definition: A high distinction or recognition for excellence.

Draft LQA report to validate and finalize (JSON):

{
  "review_findings": [],
  "overall_feedback": {
    "summary": "The content is of high quality and adheres to the project's linguistic and formatting guidelines. There are no verifiable errors in grammar, spelling, or compliance. The formal register (3rd person) is correctly applied, and the currency formatting (€ symbol after the value with a space) is accurate for the locale.",
    "action_plan": "The current process is yielding excellent results. Continue to adhere to the provided style guide and glossary to maintain this level of quality."
  }
}

Return only the final JSON object (must include `corrected_content` for the full section body).

2026-09-01 11:47:26,476 - INFO - [PT] Agent 2 window 0-9 (10 batches)
2026-09-01 11:47:26,515 - INFO - AFC is enabled with max remote calls: 10.
2026-09-01 11:47:26,517 - INFO - AFC is enabled with max remote calls: 10.
2026-09-01 11:47:26,518 - INFO - AFC is enabled with max remote calls: 10.
2026-09-01 11:47:26,519 - INFO - AFC is enabled with max remote calls: 10.
2026-09-01 11:47:26,519 - INFO - AFC is enabled with max remote calls: 10.
2026-09-01 11:47:26,520 - INFO - AFC is enabled with max remote calls: 10.
2026-09-01 11:47:26,521 - INFO - AFC is enabled with max remote calls: 10.
2026-09-01 11:47:26,521 - INFO - AFC is enabled with max remote calls: 10.
2026-09-01 11:47:26,522 - INFO - AFC is enabled with max remote calls: 10.
2026-09-01 11:47:26,523 - INFO - AFC is enabled with max remote calls: 10.
2026-09-01 11:47:39,181 - INFO - HTTP Request: POST https://generativelanguage.googleapis.com/v1beta/models/gemini-2.5-pro:generateContent "HTTP/1.1 200 OK"
2026-09-01 11:47:39,562 - INFO - HTTP Request: POST https://generativelanguage.googleapis.com/v1beta/models/gemini-2.5-pro:generateContent "HTTP/1.1 200 OK"
2026-09-01 11:47:40,010 - INFO - HTTP Request: POST https://generativelanguage.googleapis.com/v1beta/models/gemini-2.5-pro:generateContent "HTTP/1.1 200 OK"
2026-09-01 11:47:40,483 - INFO - HTTP Request: POST https://generativelanguage.googleapis.com/v1beta/models/gemini-2.5-pro:generateContent "HTTP/1.1 200 OK"
2026-09-01 11:47:45,365 - INFO - HTTP Request: POST https://generativelanguage.googleapis.com/v1beta/models/gemini-2.5-pro:generateContent "HTTP/1.1 200 OK"
2026-09-01 11:47:46,261 - INFO - HTTP Request: POST https://generativelanguage.googleapis.com/v1beta/models/gemini-2.5-pro:generateContent "HTTP/1.1 200 OK"
2026-09-01 11:47:46,639 - INFO - HTTP Request: POST https://generativelanguage.googleapis.com/v1beta/models/gemini-2.5-pro:generateContent "HTTP/1.1 200 OK"
2026-09-01 11:47:47,846 - INFO - HTTP Request: POST https://generativelanguage.googleapis.com/v1beta/models/gemini-2.5-pro:generateContent "HTTP/1.1 200 OK"
2026-09-01 11:47:50,961 - INFO - HTTP Request: POST https://generativelanguage.googleapis.com/v1beta/models/gemini-2.5-pro:generateContent "HTTP/1.1 200 OK"
2026-09-01 11:47:52,543 - INFO - HTTP Request: POST https://generativelanguage.googleapis.com/v1beta/models/gemini-2.5-pro:generateContent "HTTP/1.1 200 OK"
2026-09-01 11:47:52,549 - INFO - [PT] Waiting 10.0s before next Agent 2 window…
2026-09-01 11:48:02,552 - INFO - [PT] Agent 2 window 10-19 (10 batches)
2026-09-01 11:48:02,614 - INFO - AFC is enabled with max remote calls: 10.
2026-09-01 11:48:02,619 - INFO - AFC is enabled with max remote calls: 10.
2026-09-01 11:48:02,620 - INFO - AFC is enabled with max remote calls: 10.
2026-09-01 11:48:02,621 - INFO - AFC is enabled with max remote calls: 10.
2026-09-01 11:48:02,622 - INFO - AFC is enabled with max remote calls: 10.
2026-09-01 11:48:02,623 - INFO - AFC is enabled with max remote calls: 10.
2026-09-01 11:48:02,624 - INFO - AFC is enabled with max remote calls: 10.
2026-09-01 11:48:02,624 - INFO - AFC is enabled with max remote calls: 10.
2026-09-01 11:48:02,625 - INFO - AFC is enabled with max remote calls: 10.
2026-09-01 11:48:02,626 - INFO - AFC is enabled with max remote calls: 10.
2026-09-01 11:48:13,645 - INFO - HTTP Request: POST https://generativelanguage.googleapis.com/v1beta/models/gemini-2.5-pro:generateContent "HTTP/1.1 200 OK"
2026-09-01 11:48:15,744 - INFO - HTTP Request: POST https://generativelanguage.googleapis.com/v1beta/models/gemini-2.5-pro:generateContent "HTTP/1.1 200 OK"
2026-09-01 11:48:16,261 - INFO - HTTP Request: POST https://generativelanguage.googleapis.com/v1beta/models/gemini-2.5-pro:generateContent "HTTP/1.1 200 OK"
2026-09-01 11:48:17,330 - INFO - HTTP Request: POST https://generativelanguage.googleapis.com/v1beta/models/gemini-2.5-pro:generateContent "HTTP/1.1 200 OK"
2026-09-01 11:48:17,459 - INFO - HTTP Request: POST https://generativelanguage.googleapis.com/v1beta/models/gemini-2.5-pro:generateContent "HTTP/1.1 200 OK"
2026-09-01 11:48:17,705 - INFO - HTTP Request: POST https://generativelanguage.googleapis.com/v1beta/models/gemini-2.5-pro:generateContent "HTTP/1.1 200 OK"
2026-09-01 11:48:17,712 - INFO - HTTP Request: POST https://generativelanguage.googleapis.com/v1beta/models/gemini-2.5-pro:generateContent "HTTP/1.1 200 OK"
2026-09-01 11:48:18,232 - INFO - HTTP Request: POST https://generativelanguage.googleapis.com/v1beta/models/gemini-2.5-pro:generateContent "HTTP/1.1 200 OK"
2026-09-01 11:48:19,695 - INFO - HTTP Request: POST https://generativelanguage.googleapis.com/v1beta/models/gemini-2.5-pro:generateContent "HTTP/1.1 200 OK"
2026-09-01 11:48:22,440 - INFO - HTTP Request: POST https://generativelanguage.googleapis.com/v1beta/models/gemini-2.5-pro:generateContent "HTTP/1.1 200 OK"
2026-09-01 11:48:22,452 - INFO - [PT] Waiting 10.0s before next Agent 2 window…
2026-09-01 11:48:32,454 - INFO - [PT] Agent 2 window 20-29 (10 batches)
2026-09-01 11:48:32,498 - INFO - AFC is enabled with max remote calls: 10.
2026-09-01 11:48:32,501 - INFO - AFC is enabled with max remote calls: 10.
2026-09-01 11:48:32,502 - INFO - AFC is enabled with max remote calls: 10.
2026-09-01 11:48:32,503 - INFO - AFC is enabled with max remote calls: 10.
2026-09-01 11:48:32,504 - INFO - AFC is enabled with max remote calls: 10.
2026-09-01 11:48:32,505 - INFO - AFC is enabled with max remote calls: 10.
2026-09-01 11:48:32,506 - INFO - AFC is enabled with max remote calls: 10.
2026-09-01 11:48:32,506 - INFO - AFC is enabled with max remote calls: 10.
2026-09-01 11:48:32,507 - INFO - AFC is enabled with max remote calls: 10.
2026-09-01 11:48:32,508 - INFO - AFC is enabled with max remote calls: 10.
2026-09-01 11:48:44,978 - INFO - HTTP Request: POST https://generativelanguage.googleapis.com/v1beta/models/gemini-2.5-pro:generateContent "HTTP/1.1 200 OK"
2026-09-01 11:48:45,525 - INFO - HTTP Request: POST https://generativelanguage.googleapis.com/v1beta/models/gemini-2.5-pro:generateContent "HTTP/1.1 200 OK"
2026-09-01 11:48:47,144 - INFO - HTTP Request: POST https://generativelanguage.googleapis.com/v1beta/models/gemini-2.5-pro:generateContent "HTTP/1.1 200 OK"
2026-09-01 11:48:48,731 - INFO - HTTP Request: POST https://generativelanguage.googleapis.com/v1beta/models/gemini-2.5-pro:generateContent "HTTP/1.1 200 OK"
2026-09-01 11:48:50,267 - INFO - HTTP Request: POST https://generativelanguage.googleapis.com/v1beta/models/gemini-2.5-pro:generateContent "HTTP/1.1 200 OK"
2026-09-01 11:48:50,736 - INFO - HTTP Request: POST https://generativelanguage.googleapis.com/v1beta/models/gemini-2.5-pro:generateContent "HTTP/1.1 200 OK"
2026-09-01 11:48:50,738 - INFO - HTTP Request: POST https://generativelanguage.googleapis.com/v1beta/models/gemini-2.5-pro:generateContent "HTTP/1.1 200 OK"
2026-09-01 11:48:54,549 - INFO - HTTP Request: POST https://generativelanguage.googleapis.com/v1beta/models/gemini-2.5-pro:generateContent "HTTP/1.1 200 OK"
2026-09-01 11:48:58,301 - INFO - HTTP Request: POST https://generativelanguage.googleapis.com/v1beta/models/gemini-2.5-pro:generateContent "HTTP/1.1 200 OK"
2026-09-01 11:49:07,006 - INFO - HTTP Request: POST https://generativelanguage.googleapis.com/v1beta/models/gemini-2.5-pro:generateContent "HTTP/1.1 200 OK"
2026-09-01 11:49:07,018 - INFO - [PT] Waiting 10.0s before next Agent 2 window…
2026-09-01 11:49:17,025 - INFO - [PT] Agent 2 window 30-39 (10 batches)
2026-09-01 11:49:17,093 - INFO - AFC is enabled with max remote calls: 10.
2026-09-01 11:49:17,095 - INFO - AFC is enabled with max remote calls: 10.
2026-09-01 11:49:17,096 - INFO - AFC is enabled with max remote calls: 10.
2026-09-01 11:49:17,097 - INFO - AFC is enabled with max remote calls: 10.
2026-09-01 11:49:17,098 - INFO - AFC is enabled with max remote calls: 10.
2026-09-01 11:49:17,099 - INFO - AFC is enabled with max remote calls: 10.
2026-09-01 11:49:17,100 - INFO - AFC is enabled with max remote calls: 10.
2026-09-01 11:49:17,101 - INFO - AFC is enabled with max remote calls: 10.
2026-09-01 11:49:17,101 - INFO - AFC is enabled with max remote calls: 10.
2026-09-01 11:49:17,102 - INFO - AFC is enabled with max remote calls: 10.
2026-09-01 11:49:28,793 - INFO - HTTP Request: POST https://generativelanguage.googleapis.com/v1beta/models/gemini-2.5-pro:generateContent "HTTP/1.1 200 OK"
2026-09-01 11:49:30,478 - INFO - HTTP Request: POST https://generativelanguage.googleapis.com/v1beta/models/gemini-2.5-pro:generateContent "HTTP/1.1 200 OK"
2026-09-01 11:49:31,009 - INFO - HTTP Request: POST https://generativelanguage.googleapis.com/v1beta/models/gemini-2.5-pro:generateContent "HTTP/1.1 200 OK"
2026-09-01 11:49:31,809 - INFO - HTTP Request: POST https://generativelanguage.googleapis.com/v1beta/models/gemini-2.5-pro:generateContent "HTTP/1.1 200 OK"
2026-09-01 11:49:32,881 - INFO - HTTP Request: POST https://generativelanguage.googleapis.com/v1beta/models/gemini-2.5-pro:generateContent "HTTP/1.1 200 OK"
2026-09-01 11:49:33,270 - INFO - HTTP Request: POST https://generativelanguage.googleapis.com/v1beta/models/gemini-2.5-pro:generateContent "HTTP/1.1 200 OK"
2026-09-01 11:49:33,305 - INFO - HTTP Request: POST https://generativelanguage.googleapis.com/v1beta/models/gemini-2.5-pro:generateContent "HTTP/1.1 200 OK"
2026-09-01 11:49:39,945 - INFO - HTTP Request: POST https://generativelanguage.googleapis.com/v1beta/models/gemini-2.5-pro:generateContent "HTTP/1.1 200 OK"
2026-09-01 11:49:41,608 - INFO - HTTP Request: POST https://generativelanguage.googleapis.com/v1beta/models/gemini-2.5-pro:generateContent "HTTP/1.1 200 OK"
2026-09-01 11:49:53,166 - INFO - HTTP Request: POST https://generativelanguage.googleapis.com/v1beta/models/gemini-2.5-pro:generateContent "HTTP/1.1 200 OK"
2026-09-01 11:49:53,183 - INFO - [PT] Waiting 10.0s before next Agent 2 window…
2026-09-01 11:50:03,188 - INFO - [PT] Agent 2 window 40-49 (10 batches)
2026-09-01 11:50:03,297 - INFO - AFC is enabled with max remote calls: 10.
2026-09-01 11:50:03,304 - INFO - AFC is enabled with max remote calls: 10.
2026-09-01 11:50:03,307 - INFO - AFC is enabled with max remote calls: 10.
2026-09-01 11:50:03,309 - INFO - AFC is enabled with max remote calls: 10.
2026-09-01 11:50:03,310 - INFO - AFC is enabled with max remote calls: 10.
2026-09-01 11:50:03,311 - INFO - AFC is enabled with max remote calls: 10.
2026-09-01 11:50:03,312 - INFO - AFC is enabled with max remote calls: 10.
2026-09-01 11:50:03,313 - INFO - AFC is enabled with max remote calls: 10.
2026-09-01 11:50:03,314 - INFO - AFC is enabled with max remote calls: 10.
2026-09-01 11:50:03,317 - INFO - AFC is enabled with max remote calls: 10.
2026-09-01 11:50:16,856 - INFO - HTTP Request: POST https://generativelanguage.googleapis.com/v1beta/models/gemini-2.5-pro:generateContent "HTTP/1.1 200 OK"
2026-09-01 11:50:17,437 - INFO - HTTP Request: POST https://generativelanguage.googleapis.com/v1beta/models/gemini-2.5-pro:generateContent "HTTP/1.1 200 OK"
2026-09-01 11:50:17,784 - INFO - HTTP Request: POST https://generativelanguage.googleapis.com/v1beta/models/gemini-2.5-pro:generateContent "HTTP/1.1 200 OK"
2026-09-01 11:50:17,788 - INFO - HTTP Request: POST https://generativelanguage.googleapis.com/v1beta/models/gemini-2.5-pro:generateContent "HTTP/1.1 200 OK"
2026-09-01 11:50:18,873 - INFO - HTTP Request: POST https://generativelanguage.googleapis.com/v1beta/models/gemini-2.5-pro:generateContent "HTTP/1.1 200 OK"
2026-09-01 11:50:20,105 - INFO - HTTP Request: POST https://generativelanguage.googleapis.com/v1beta/models/gemini-2.5-pro:generateContent "HTTP/1.1 200 OK"
2026-09-01 11:50:21,263 - INFO - HTTP Request: POST https://generativelanguage.googleapis.com/v1beta/models/gemini-2.5-pro:generateContent "HTTP/1.1 200 OK"
2026-09-01 11:50:22,496 - INFO - HTTP Request: POST https://generativelanguage.googleapis.com/v1beta/models/gemini-2.5-pro:generateContent "HTTP/1.1 200 OK"
2026-09-01 11:50:26,944 - INFO - HTTP Request: POST https://generativelanguage.googleapis.com/v1beta/models/gemini-2.5-pro:generateContent "HTTP/1.1 200 OK"
2026-09-01 11:50:26,950 - INFO - HTTP Request: POST https://generativelanguage.googleapis.com/v1beta/models/gemini-2.5-pro:generateContent "HTTP/1.1 200 OK"
2026-09-01 11:50:26,956 - INFO - [PT] Waiting 10.0s before next Agent 2 window…
2026-09-01 11:50:36,960 - INFO - [PT] Agent 2 window 50-59 (10 batches)
2026-09-01 11:50:37,027 - INFO - AFC is enabled with max remote calls: 10.
2026-09-01 11:50:37,033 - INFO - AFC is enabled with max remote calls: 10.
2026-09-01 11:50:37,034 - INFO - AFC is enabled with max remote calls: 10.
2026-09-01 11:50:37,035 - INFO - AFC is enabled with max remote calls: 10.
2026-09-01 11:50:37,036 - INFO - AFC is enabled with max remote calls: 10.
2026-09-01 11:50:37,037 - INFO - AFC is enabled with max remote calls: 10.
2026-09-01 11:50:37,038 - INFO - AFC is enabled with max remote calls: 10.
2026-09-01 11:50:37,039 - INFO - AFC is enabled with max remote calls: 10.
2026-09-01 11:50:37,041 - INFO - AFC is enabled with max remote calls: 10.
2026-09-01 11:50:37,042 - INFO - AFC is enabled with max remote calls: 10.
2026-09-01 11:50:49,355 - INFO - HTTP Request: POST https://generativelanguage.googleapis.com/v1beta/models/gemini-2.5-pro:generateContent "HTTP/1.1 200 OK"
2026-09-01 11:50:50,729 - INFO - HTTP Request: POST https://generativelanguage.googleapis.com/v1beta/models/gemini-2.5-pro:generateContent "HTTP/1.1 200 OK"
2026-09-01 11:50:50,732 - INFO - HTTP Request: POST https://generativelanguage.googleapis.com/v1beta/models/gemini-2.5-pro:generateContent "HTTP/1.1 200 OK"
2026-09-01 11:50:52,011 - INFO - HTTP Request: POST https://generativelanguage.googleapis.com/v1beta/models/gemini-2.5-pro:generateContent "HTTP/1.1 200 OK"
2026-09-01 11:50:52,492 - INFO - HTTP Request: POST https://generativelanguage.googleapis.com/v1beta/models/gemini-2.5-pro:generateContent "HTTP/1.1 200 OK"
2026-09-01 11:50:53,220 - INFO - HTTP Request: POST https://generativelanguage.googleapis.com/v1beta/models/gemini-2.5-pro:generateContent "HTTP/1.1 200 OK"
2026-09-01 11:50:53,501 - INFO - HTTP Request: POST https://generativelanguage.googleapis.com/v1beta/models/gemini-2.5-pro:generateContent "HTTP/1.1 200 OK"
2026-09-01 11:50:55,587 - INFO - HTTP Request: POST https://generativelanguage.googleapis.com/v1beta/models/gemini-2.5-pro:generateContent "HTTP/1.1 200 OK"
2026-09-01 11:50:56,788 - INFO - HTTP Request: POST https://generativelanguage.googleapis.com/v1beta/models/gemini-2.5-pro:generateContent "HTTP/1.1 200 OK"
2026-09-01 11:50:58,629 - INFO - HTTP Request: POST https://generativelanguage.googleapis.com/v1beta/models/gemini-2.5-pro:generateContent "HTTP/1.1 200 OK"
2026-09-01 11:50:58,637 - INFO - [PT] Waiting 10.0s before next Agent 2 window…
2026-09-01 11:51:08,643 - INFO - [PT] Agent 2 window 60-69 (10 batches)
2026-09-01 11:51:08,722 - INFO - AFC is enabled with max remote calls: 10.
2026-09-01 11:51:08,726 - INFO - AFC is enabled with max remote calls: 10.
2026-09-01 11:51:08,727 - INFO - AFC is enabled with max remote calls: 10.
2026-09-01 11:51:08,728 - INFO - AFC is enabled with max remote calls: 10.
2026-09-01 11:51:08,729 - INFO - AFC is enabled with max remote calls: 10.
2026-09-01 11:51:08,730 - INFO - AFC is enabled with max remote calls: 10.
2026-09-01 11:51:08,731 - INFO - AFC is enabled with max remote calls: 10.
2026-09-01 11:51:08,732 - INFO - AFC is enabled with max remote calls: 10.
2026-09-01 11:51:08,733 - INFO - AFC is enabled with max remote calls: 10.
2026-09-01 11:51:08,734 - INFO - AFC is enabled with max remote calls: 10.
2026-09-01 11:51:21,744 - INFO - HTTP Request: POST https://generativelanguage.googleapis.com/v1beta/models/gemini-2.5-pro:generateContent "HTTP/1.1 200 OK"
2026-09-01 11:51:22,296 - INFO - HTTP Request: POST https://generativelanguage.googleapis.com/v1beta/models/gemini-2.5-pro:generateContent "HTTP/1.1 200 OK"
2026-09-01 11:51:22,782 - INFO - HTTP Request: POST https://generativelanguage.googleapis.com/v1beta/models/gemini-2.5-pro:generateContent "HTTP/1.1 200 OK"
2026-09-01 11:51:23,323 - INFO - HTTP Request: POST https://generativelanguage.googleapis.com/v1beta/models/gemini-2.5-pro:generateContent "HTTP/1.1 200 OK"
2026-09-01 11:51:25,951 - INFO - HTTP Request: POST https://generativelanguage.googleapis.com/v1beta/models/gemini-2.5-pro:generateContent "HTTP/1.1 200 OK"
2026-09-01 11:51:26,495 - INFO - HTTP Request: POST https://generativelanguage.googleapis.com/v1beta/models/gemini-2.5-pro:generateContent "HTTP/1.1 200 OK"
2026-09-01 11:51:27,316 - INFO - HTTP Request: POST https://generativelanguage.googleapis.com/v1beta/models/gemini-2.5-pro:generateContent "HTTP/1.1 200 OK"
2026-09-01 11:51:28,623 - INFO - HTTP Request: POST https://generativelanguage.googleapis.com/v1beta/models/gemini-2.5-pro:generateContent "HTTP/1.1 200 OK"
2026-09-01 11:51:29,095 - INFO - HTTP Request: POST https://generativelanguage.googleapis.com/v1beta/models/gemini-2.5-pro:generateContent "HTTP/1.1 200 OK"
2026-09-01 11:51:31,076 - INFO - HTTP Request: POST https://generativelanguage.googleapis.com/v1beta/models/gemini-2.5-pro:generateContent "HTTP/1.1 200 OK"
2026-09-01 11:51:31,089 - INFO - [PT] Waiting 10.0s before next Agent 2 window…
2026-09-01 11:51:41,093 - INFO - [PT] Agent 2 window 70-79 (10 batches)
2026-09-01 11:51:41,136 - INFO - AFC is enabled with max remote calls: 10.
2026-09-01 11:51:41,141 - INFO - AFC is enabled with max remote calls: 10.
2026-09-01 11:51:41,142 - INFO - AFC is enabled with max remote calls: 10.
2026-09-01 11:51:41,145 - INFO - AFC is enabled with max remote calls: 10.
2026-09-01 11:51:41,148 - INFO - AFC is enabled with max remote calls: 10.
2026-09-01 11:51:41,150 - INFO - AFC is enabled with max remote calls: 10.
2026-09-01 11:51:41,153 - INFO - AFC is enabled with max remote calls: 10.
2026-09-01 11:51:41,155 - INFO - AFC is enabled with max remote calls: 10.
2026-09-01 11:51:41,157 - INFO - AFC is enabled with max remote calls: 10.
2026-09-01 11:51:41,159 - INFO - AFC is enabled with max remote calls: 10.
2026-09-01 11:51:54,087 - INFO - HTTP Request: POST https://generativelanguage.googleapis.com/v1beta/models/gemini-2.5-pro:generateContent "HTTP/1.1 200 OK"
2026-09-01 11:51:54,438 - INFO - HTTP Request: POST https://generativelanguage.googleapis.com/v1beta/models/gemini-2.5-pro:generateContent "HTTP/1.1 200 OK"
2026-09-01 11:51:55,587 - INFO - HTTP Request: POST https://generativelanguage.googleapis.com/v1beta/models/gemini-2.5-pro:generateContent "HTTP/1.1 200 OK"
2026-09-01 11:51:55,902 - INFO - HTTP Request: POST https://generativelanguage.googleapis.com/v1beta/models/gemini-2.5-pro:generateContent "HTTP/1.1 200 OK"
2026-09-01 11:51:55,967 - INFO - HTTP Request: POST https://generativelanguage.googleapis.com/v1beta/models/gemini-2.5-pro:generateContent "HTTP/1.1 200 OK"
2026-09-01 11:51:57,438 - INFO - HTTP Request: POST https://generativelanguage.googleapis.com/v1beta/models/gemini-2.5-pro:generateContent "HTTP/1.1 200 OK"
2026-09-01 11:51:59,575 - INFO - HTTP Request: POST https://generativelanguage.googleapis.com/v1beta/models/gemini-2.5-pro:generateContent "HTTP/1.1 200 OK"
2026-09-01 11:52:01,806 - INFO - HTTP Request: POST https://generativelanguage.googleapis.com/v1beta/models/gemini-2.5-pro:generateContent "HTTP/1.1 200 OK"
2026-09-01 11:52:02,633 - INFO - HTTP Request: POST https://generativelanguage.googleapis.com/v1beta/models/gemini-2.5-pro:generateContent "HTTP/1.1 200 OK"
2026-09-01 11:52:09,453 - INFO - HTTP Request: POST https://generativelanguage.googleapis.com/v1beta/models/gemini-2.5-pro:generateContent "HTTP/1.1 200 OK"
2026-09-01 11:52:09,463 - INFO - [PT] Waiting 10.0s before next Agent 2 window…
2026-09-01 11:52:19,465 - INFO - [PT] Agent 2 window 80-89 (10 batches)
2026-09-01 11:52:19,518 - INFO - AFC is enabled with max remote calls: 10.
2026-09-01 11:52:19,523 - INFO - AFC is enabled with max remote calls: 10.
2026-09-01 11:52:19,527 - INFO - AFC is enabled with max remote calls: 10.
2026-09-01 11:52:19,529 - INFO - AFC is enabled with max remote calls: 10.
2026-09-01 11:52:19,529 - INFO - AFC is enabled with max remote calls: 10.
2026-09-01 11:52:19,530 - INFO - AFC is enabled with max remote calls: 10.
2026-09-01 11:52:19,531 - INFO - AFC is enabled with max remote calls: 10.
2026-09-01 11:52:19,532 - INFO - AFC is enabled with max remote calls: 10.
2026-09-01 11:52:19,533 - INFO - AFC is enabled with max remote calls: 10.
2026-09-01 11:52:19,534 - INFO - AFC is enabled with max remote calls: 10.
2026-09-01 11:52:32,285 - INFO - HTTP Request: POST https://generativelanguage.googleapis.com/v1beta/models/gemini-2.5-pro:generateContent "HTTP/1.1 200 OK"
2026-09-01 11:52:33,574 - INFO - HTTP Request: POST https://generativelanguage.googleapis.com/v1beta/models/gemini-2.5-pro:generateContent "HTTP/1.1 200 OK"
2026-09-01 11:52:33,591 - INFO - HTTP Request: POST https://generativelanguage.googleapis.com/v1beta/models/gemini-2.5-pro:generateContent "HTTP/1.1 200 OK"
2026-09-01 11:52:35,742 - INFO - HTTP Request: POST https://generativelanguage.googleapis.com/v1beta/models/gemini-2.5-pro:generateContent "HTTP/1.1 200 OK"
2026-09-01 11:52:35,754 - INFO - HTTP Request: POST https://generativelanguage.googleapis.com/v1beta/models/gemini-2.5-pro:generateContent "HTTP/1.1 200 OK"
2026-09-01 11:52:36,744 - INFO - HTTP Request: POST https://generativelanguage.googleapis.com/v1beta/models/gemini-2.5-pro:generateContent "HTTP/1.1 200 OK"
2026-09-01 11:52:37,641 - INFO - HTTP Request: POST https://generativelanguage.googleapis.com/v1beta/models/gemini-2.5-pro:generateContent "HTTP/1.1 200 OK"
2026-09-01 11:52:41,519 - INFO - HTTP Request: POST https://generativelanguage.googleapis.com/v1beta/models/gemini-2.5-pro:generateContent "HTTP/1.1 200 OK"
2026-09-01 11:52:41,527 - INFO - HTTP Request: POST https://generativelanguage.googleapis.com/v1beta/models/gemini-2.5-pro:generateContent "HTTP/1.1 200 OK"
2026-09-01 11:52:50,722 - INFO - HTTP Request: POST https://generativelanguage.googleapis.com/v1beta/models/gemini-2.5-pro:generateContent "HTTP/1.1 200 OK"
2026-09-01 11:52:50,737 - INFO - [PT] Waiting 10.0s before next Agent 2 window…
2026-09-01 11:53:00,740 - INFO - [PT] Agent 2 window 90-99 (10 batches)
2026-09-01 11:53:00,811 - INFO - AFC is enabled with max remote calls: 10.
2026-09-01 11:53:00,813 - INFO - AFC is enabled with max remote calls: 10.
2026-09-01 11:53:00,814 - INFO - AFC is enabled with max remote calls: 10.
2026-09-01 11:53:00,817 - INFO - AFC is enabled with max remote calls: 10.
2026-09-01 11:53:00,822 - INFO - AFC is enabled with max remote calls: 10.
2026-09-01 11:53:00,823 - INFO - AFC is enabled with max remote calls: 10.
2026-09-01 11:53:00,824 - INFO - AFC is enabled with max remote calls: 10.
2026-09-01 11:53:00,825 - INFO - AFC is enabled with max remote calls: 10.
2026-09-01 11:53:00,826 - INFO - AFC is enabled with max remote calls: 10.
2026-09-01 11:53:00,827 - INFO - AFC is enabled with max remote calls: 10.
2026-09-01 11:53:14,061 - INFO - HTTP Request: POST https://generativelanguage.googleapis.com/v1beta/models/gemini-2.5-pro:generateContent "HTTP/1.1 200 OK"
2026-09-01 11:53:14,065 - INFO - HTTP Request: POST https://generativelanguage.googleapis.com/v1beta/models/gemini-2.5-pro:generateContent "HTTP/1.1 200 OK"
2026-09-01 11:53:14,715 - INFO - HTTP Request: POST https://generativelanguage.googleapis.com/v1beta/models/gemini-2.5-pro:generateContent "HTTP/1.1 200 OK"
2026-09-01 11:53:17,116 - INFO - HTTP Request: POST https://generativelanguage.googleapis.com/v1beta/models/gemini-2.5-pro:generateContent "HTTP/1.1 200 OK"
2026-09-01 11:53:17,849 - INFO - HTTP Request: POST https://generativelanguage.googleapis.com/v1beta/models/gemini-2.5-pro:generateContent "HTTP/1.1 200 OK"
2026-09-01 11:53:18,672 - INFO - HTTP Request: POST https://generativelanguage.googleapis.com/v1beta/models/gemini-2.5-pro:generateContent "HTTP/1.1 200 OK"
2026-09-01 11:53:24,687 - INFO - HTTP Request: POST https://generativelanguage.googleapis.com/v1beta/models/gemini-2.5-pro:generateContent "HTTP/1.1 200 OK"
2026-09-01 11:53:26,332 - INFO - HTTP Request: POST https://generativelanguage.googleapis.com/v1beta/models/gemini-2.5-pro:generateContent "HTTP/1.1 200 OK"
2026-09-01 11:53:28,181 - INFO - HTTP Request: POST https://generativelanguage.googleapis.com/v1beta/models/gemini-2.5-pro:generateContent "HTTP/1.1 200 OK"
2026-09-01 11:53:28,963 - INFO - HTTP Request: POST https://generativelanguage.googleapis.com/v1beta/models/gemini-2.5-pro:generateContent "HTTP/1.1 200 OK"
2026-09-01 11:53:28,968 - INFO - [PT] Waiting 10.0s before next Agent 2 window…
2026-09-01 11:53:38,980 - INFO - [PT] Agent 2 window 100-109 (10 batches)
2026-09-01 11:53:39,032 - INFO - AFC is enabled with max remote calls: 10.
2026-09-01 11:53:39,034 - INFO - AFC is enabled with max remote calls: 10.
2026-09-01 11:53:39,035 - INFO - AFC is enabled with max remote calls: 10.
2026-09-01 11:53:39,036 - INFO - AFC is enabled with max remote calls: 10.
2026-09-01 11:53:39,037 - INFO - AFC is enabled with max remote calls: 10.
2026-09-01 11:53:39,038 - INFO - AFC is enabled with max remote calls: 10.
2026-09-01 11:53:39,039 - INFO - AFC is enabled with max remote calls: 10.
2026-09-01 11:53:39,040 - INFO - AFC is enabled with max remote calls: 10.
2026-09-01 11:53:39,041 - INFO - AFC is enabled with max remote calls: 10.
2026-09-01 11:53:39,042 - INFO - AFC is enabled with max remote calls: 10.
2026-09-01 11:53:50,448 - INFO - HTTP Request: POST https://generativelanguage.googleapis.com/v1beta/models/gemini-2.5-pro:generateContent "HTTP/1.1 200 OK"
2026-09-01 11:53:53,267 - INFO - HTTP Request: POST https://generativelanguage.googleapis.com/v1beta/models/gemini-2.5-pro:generateContent "HTTP/1.1 200 OK"
2026-09-01 11:53:53,448 - INFO - HTTP Request: POST https://generativelanguage.googleapis.com/v1beta/models/gemini-2.5-pro:generateContent "HTTP/1.1 200 OK"
2026-09-01 11:53:54,298 - INFO - HTTP Request: POST https://generativelanguage.googleapis.com/v1beta/models/gemini-2.5-pro:generateContent "HTTP/1.1 200 OK"
2026-09-01 11:53:55,194 - INFO - HTTP Request: POST https://generativelanguage.googleapis.com/v1beta/models/gemini-2.5-pro:generateContent "HTTP/1.1 200 OK"
2026-09-01 11:53:55,352 - INFO - HTTP Request: POST https://generativelanguage.googleapis.com/v1beta/models/gemini-2.5-pro:generateContent "HTTP/1.1 200 OK"
2026-09-01 11:53:55,763 - INFO - HTTP Request: POST https://generativelanguage.googleapis.com/v1beta/models/gemini-2.5-pro:generateContent "HTTP/1.1 200 OK"
2026-09-01 11:53:56,212 - INFO - HTTP Request: POST https://generativelanguage.googleapis.com/v1beta/models/gemini-2.5-pro:generateContent "HTTP/1.1 200 OK"
2026-09-01 11:53:57,272 - INFO - HTTP Request: POST https://generativelanguage.googleapis.com/v1beta/models/gemini-2.5-pro:generateContent "HTTP/1.1 200 OK"
2026-09-01 11:54:03,008 - INFO - HTTP Request: POST https://generativelanguage.googleapis.com/v1beta/models/gemini-2.5-pro:generateContent "HTTP/1.1 200 OK"
2026-09-01 11:54:03,021 - INFO - [PT] Waiting 10.0s before next Agent 2 window…
2026-09-01 11:54:13,025 - INFO - [PT] Agent 2 window 110-119 (10 batches)
2026-09-01 11:54:13,095 - INFO - AFC is enabled with max remote calls: 10.
2026-09-01 11:54:13,103 - INFO - AFC is enabled with max remote calls: 10.
2026-09-01 11:54:13,104 - INFO - AFC is enabled with max remote calls: 10.
2026-09-01 11:54:13,105 - INFO - AFC is enabled with max remote calls: 10.
2026-09-01 11:54:13,106 - INFO - AFC is enabled with max remote calls: 10.
2026-09-01 11:54:13,107 - INFO - AFC is enabled with max remote calls: 10.
2026-09-01 11:54:13,108 - INFO - AFC is enabled with max remote calls: 10.
2026-09-01 11:54:13,109 - INFO - AFC is enabled with max remote calls: 10.
2026-09-01 11:54:13,110 - INFO - AFC is enabled with max remote calls: 10.
2026-09-01 11:54:13,115 - INFO - AFC is enabled with max remote calls: 10.
2026-09-01 11:54:25,248 - INFO - HTTP Request: POST https://generativelanguage.googleapis.com/v1beta/models/gemini-2.5-pro:generateContent "HTTP/1.1 200 OK"
2026-09-01 11:54:27,797 - INFO - HTTP Request: POST https://generativelanguage.googleapis.com/v1beta/models/gemini-2.5-pro:generateContent "HTTP/1.1 200 OK"
2026-09-01 11:54:30,815 - INFO - HTTP Request: POST https://generativelanguage.googleapis.com/v1beta/models/gemini-2.5-pro:generateContent "HTTP/1.1 200 OK"
2026-09-01 11:54:30,821 - INFO - HTTP Request: POST https://generativelanguage.googleapis.com/v1beta/models/gemini-2.5-pro:generateContent "HTTP/1.1 200 OK"
2026-09-01 11:54:31,959 - INFO - HTTP Request: POST https://generativelanguage.googleapis.com/v1beta/models/gemini-2.5-pro:generateContent "HTTP/1.1 200 OK"
2026-09-01 11:54:32,171 - INFO - HTTP Request: POST https://generativelanguage.googleapis.com/v1beta/models/gemini-2.5-pro:generateContent "HTTP/1.1 200 OK"
2026-09-01 11:54:36,258 - INFO - HTTP Request: POST https://generativelanguage.googleapis.com/v1beta/models/gemini-2.5-pro:generateContent "HTTP/1.1 200 OK"
2026-09-01 11:54:36,271 - INFO - HTTP Request: POST https://generativelanguage.googleapis.com/v1beta/models/gemini-2.5-pro:generateContent "HTTP/1.1 200 OK"
2026-09-01 11:54:36,628 - INFO - HTTP Request: POST https://generativelanguage.googleapis.com/v1beta/models/gemini-2.5-pro:generateContent "HTTP/1.1 200 OK"
2026-09-01 11:54:40,322 - INFO - HTTP Request: POST https://generativelanguage.googleapis.com/v1beta/models/gemini-2.5-pro:generateContent "HTTP/1.1 200 OK"
2026-09-01 11:54:40,340 - INFO - [PT] Waiting 10.0s before next Agent 2 window…
2026-09-01 11:54:50,343 - INFO - [PT] Agent 2 window 120-129 (10 batches)
2026-09-01 11:54:50,414 - INFO - AFC is enabled with max remote calls: 10.
2026-09-01 11:54:50,417 - INFO - AFC is enabled with max remote calls: 10.
2026-09-01 11:54:50,418 - INFO - AFC is enabled with max remote calls: 10.
2026-09-01 11:54:50,418 - INFO - AFC is enabled with max remote calls: 10.
2026-09-01 11:54:50,419 - INFO - AFC is enabled with max remote calls: 10.
2026-09-01 11:54:50,420 - INFO - AFC is enabled with max remote calls: 10.
2026-09-01 11:54:50,421 - INFO - AFC is enabled with max remote calls: 10.
2026-09-01 11:54:50,422 - INFO - AFC is enabled with max remote calls: 10.
2026-09-01 11:54:50,423 - INFO - AFC is enabled with max remote calls: 10.
2026-09-01 11:54:50,424 - INFO - AFC is enabled with max remote calls: 10.
2026-09-01 11:55:08,694 - INFO - HTTP Request: POST https://generativelanguage.googleapis.com/v1beta/models/gemini-2.5-pro:generateContent "HTTP/1.1 200 OK"
2026-09-01 11:55:08,714 - INFO - HTTP Request: POST https://generativelanguage.googleapis.com/v1beta/models/gemini-2.5-pro:generateContent "HTTP/1.1 200 OK"
2026-09-01 11:55:08,715 - INFO - HTTP Request: POST https://generativelanguage.googleapis.com/v1beta/models/gemini-2.5-pro:generateContent "HTTP/1.1 200 OK"
2026-09-01 11:55:08,719 - INFO - HTTP Request: POST https://generativelanguage.googleapis.com/v1beta/models/gemini-2.5-pro:generateContent "HTTP/1.1 200 OK"
2026-09-01 11:55:08,721 - INFO - HTTP Request: POST https://generativelanguage.googleapis.com/v1beta/models/gemini-2.5-pro:generateContent "HTTP/1.1 200 OK"
2026-09-01 11:55:08,722 - INFO - HTTP Request: POST https://generativelanguage.googleapis.com/v1beta/models/gemini-2.5-pro:generateContent "HTTP/1.1 200 OK"
2026-09-01 11:55:08,724 - INFO - HTTP Request: POST https://generativelanguage.googleapis.com/v1beta/models/gemini-2.5-pro:generateContent "HTTP/1.1 200 OK"
2026-09-01 11:55:12,470 - INFO - HTTP Request: POST https://generativelanguage.googleapis.com/v1beta/models/gemini-2.5-pro:generateContent "HTTP/1.1 200 OK"
2026-09-01 11:55:12,593 - INFO - HTTP Request: POST https://generativelanguage.googleapis.com/v1beta/models/gemini-2.5-pro:generateContent "HTTP/1.1 200 OK"
2026-09-01 11:55:15,713 - INFO - HTTP Request: POST https://generativelanguage.googleapis.com/v1beta/models/gemini-2.5-pro:generateContent "HTTP/1.1 200 OK"
2026-09-01 11:55:15,724 - INFO - [PT] Waiting 10.0s before next Agent 2 window…
2026-09-01 11:55:25,730 - INFO - [PT] Agent 2 window 130-139 (10 batches)
2026-09-01 11:55:25,776 - INFO - AFC is enabled with max remote calls: 10.
2026-09-01 11:55:25,778 - INFO - AFC is enabled with max remote calls: 10.
2026-09-01 11:55:25,779 - INFO - AFC is enabled with max remote calls: 10.
2026-09-01 11:55:25,780 - INFO - AFC is enabled with max remote calls: 10.
2026-09-01 11:55:25,781 - INFO - AFC is enabled with max remote calls: 10.
2026-09-01 11:55:25,781 - INFO - AFC is enabled with max remote calls: 10.
2026-09-01 11:55:25,782 - INFO - AFC is enabled with max remote calls: 10.
2026-09-01 11:55:25,783 - INFO - AFC is enabled with max remote calls: 10.
2026-09-01 11:55:25,784 - INFO - AFC is enabled with max remote calls: 10.
2026-09-01 11:55:25,784 - INFO - AFC is enabled with max remote calls: 10.
2026-09-01 11:55:44,954 - INFO - HTTP Request: POST https://generativelanguage.googleapis.com/v1beta/models/gemini-2.5-pro:generateContent "HTTP/1.1 200 OK"
2026-09-01 11:55:45,881 - INFO - HTTP Request: POST https://generativelanguage.googleapis.com/v1beta/models/gemini-2.5-pro:generateContent "HTTP/1.1 200 OK"
2026-09-01 11:55:46,016 - INFO - HTTP Request: POST https://generativelanguage.googleapis.com/v1beta/models/gemini-2.5-pro:generateContent "HTTP/1.1 200 OK"
2026-09-01 11:55:46,261 - INFO - HTTP Request: POST https://generativelanguage.googleapis.com/v1beta/models/gemini-2.5-pro:generateContent "HTTP/1.1 200 OK"
2026-09-01 11:55:46,326 - INFO - HTTP Request: POST https://generativelanguage.googleapis.com/v1beta/models/gemini-2.5-pro:generateContent "HTTP/1.1 200 OK"
2026-09-01 11:55:48,888 - INFO - HTTP Request: POST https://generativelanguage.googleapis.com/v1beta/models/gemini-2.5-pro:generateContent "HTTP/1.1 200 OK"
2026-09-01 11:55:49,155 - INFO - HTTP Request: POST https://generativelanguage.googleapis.com/v1beta/models/gemini-2.5-pro:generateContent "HTTP/1.1 200 OK"
2026-09-01 11:55:49,523 - INFO - HTTP Request: POST https://generativelanguage.googleapis.com/v1beta/models/gemini-2.5-pro:generateContent "HTTP/1.1 200 OK"
2026-09-01 11:55:51,243 - INFO - HTTP Request: POST https://generativelanguage.googleapis.com/v1beta/models/gemini-2.5-pro:generateContent "HTTP/1.1 200 OK"
2026-09-01 11:55:52,347 - INFO - HTTP Request: POST https://generativelanguage.googleapis.com/v1beta/models/gemini-2.5-pro:generateContent "HTTP/1.1 200 OK"
2026-09-01 11:55:52,353 - INFO - [PT] Waiting 10.0s before next Agent 2 window…
2026-09-01 11:56:02,359 - INFO - [PT] Agent 2 window 140-149 (10 batches)
2026-09-01 11:56:02,408 - INFO - AFC is enabled with max remote calls: 10.
2026-09-01 11:56:02,417 - INFO - AFC is enabled with max remote calls: 10.
2026-09-01 11:56:02,418 - INFO - AFC is enabled with max remote calls: 10.
2026-09-01 11:56:02,419 - INFO - AFC is enabled with max remote calls: 10.
2026-09-01 11:56:02,420 - INFO - AFC is enabled with max remote calls: 10.
2026-09-01 11:56:02,421 - INFO - AFC is enabled with max remote calls: 10.
2026-09-01 11:56:02,422 - INFO - AFC is enabled with max remote calls: 10.
2026-09-01 11:56:02,423 - INFO - AFC is enabled with max remote calls: 10.
2026-09-01 11:56:02,424 - INFO - AFC is enabled with max remote calls: 10.
2026-09-01 11:56:02,426 - INFO - AFC is enabled with max remote calls: 10.
2026-09-01 11:56:13,890 - INFO - HTTP Request: POST https://generativelanguage.googleapis.com/v1beta/models/gemini-2.5-pro:generateContent "HTTP/1.1 200 OK"
2026-09-01 11:56:14,388 - INFO - HTTP Request: POST https://generativelanguage.googleapis.com/v1beta/models/gemini-2.5-pro:generateContent "HTTP/1.1 200 OK"
2026-09-01 11:56:15,351 - INFO - HTTP Request: POST https://generativelanguage.googleapis.com/v1beta/models/gemini-2.5-pro:generateContent "HTTP/1.1 200 OK"
2026-09-01 11:56:15,401 - INFO - HTTP Request: POST https://generativelanguage.googleapis.com/v1beta/models/gemini-2.5-pro:generateContent "HTTP/1.1 200 OK"
2026-09-01 11:56:15,624 - INFO - HTTP Request: POST https://generativelanguage.googleapis.com/v1beta/models/gemini-2.5-pro:generateContent "HTTP/1.1 200 OK"
2026-09-01 11:56:17,003 - INFO - HTTP Request: POST https://generativelanguage.googleapis.com/v1beta/models/gemini-2.5-pro:generateContent "HTTP/1.1 200 OK"
2026-09-01 11:56:18,664 - INFO - HTTP Request: POST https://generativelanguage.googleapis.com/v1beta/models/gemini-2.5-pro:generateContent "HTTP/1.1 200 OK"
2026-09-01 11:56:19,028 - INFO - HTTP Request: POST https://generativelanguage.googleapis.com/v1beta/models/gemini-2.5-pro:generateContent "HTTP/1.1 200 OK"
2026-09-01 11:56:23,790 - INFO - HTTP Request: POST https://generativelanguage.googleapis.com/v1beta/models/gemini-2.5-pro:generateContent "HTTP/1.1 200 OK"
2026-09-01 11:56:26,694 - INFO - HTTP Request: POST https://generativelanguage.googleapis.com/v1beta/models/gemini-2.5-pro:generateContent "HTTP/1.1 200 OK"
2026-09-01 11:56:26,700 - INFO - [PT] Waiting 10.0s before next Agent 2 window…
2026-09-01 11:56:36,703 - INFO - [PT] Agent 2 window 150-159 (10 batches)
2026-09-01 11:56:36,771 - INFO - AFC is enabled with max remote calls: 10.
2026-09-01 11:56:36,777 - INFO - AFC is enabled with max remote calls: 10.
2026-09-01 11:56:36,778 - INFO - AFC is enabled with max remote calls: 10.
2026-09-01 11:56:36,779 - INFO - AFC is enabled with max remote calls: 10.
2026-09-01 11:56:36,780 - INFO - AFC is enabled with max remote calls: 10.
2026-09-01 11:56:36,781 - INFO - AFC is enabled with max remote calls: 10.
2026-09-01 11:56:36,782 - INFO - AFC is enabled with max remote calls: 10.
2026-09-01 11:56:36,783 - INFO - AFC is enabled with max remote calls: 10.
2026-09-01 11:56:36,784 - INFO - AFC is enabled with max remote calls: 10.
2026-09-01 11:56:36,785 - INFO - AFC is enabled with max remote calls: 10.
2026-09-01 11:57:00,276 - INFO - HTTP Request: POST https://generativelanguage.googleapis.com/v1beta/models/gemini-2.5-pro:generateContent "HTTP/1.1 200 OK"
2026-09-01 11:57:00,408 - INFO - HTTP Request: POST https://generativelanguage.googleapis.com/v1beta/models/gemini-2.5-pro:generateContent "HTTP/1.1 200 OK"
2026-09-01 11:57:10,781 - INFO - HTTP Request: POST https://generativelanguage.googleapis.com/v1beta/models/gemini-2.5-pro:generateContent "HTTP/1.1 200 OK"
2026-09-01 11:57:11,038 - INFO - HTTP Request: POST https://generativelanguage.googleapis.com/v1beta/models/gemini-2.5-pro:generateContent "HTTP/1.1 200 OK"
2026-09-01 11:57:15,123 - INFO - HTTP Request: POST https://generativelanguage.googleapis.com/v1beta/models/gemini-2.5-pro:generateContent "HTTP/1.1 200 OK"
2026-09-01 11:57:15,932 - INFO - HTTP Request: POST https://generativelanguage.googleapis.com/v1beta/models/gemini-2.5-pro:generateContent "HTTP/1.1 200 OK"
2026-09-01 11:57:16,806 - INFO - HTTP Request: POST https://generativelanguage.googleapis.com/v1beta/models/gemini-2.5-pro:generateContent "HTTP/1.1 200 OK"
2026-09-01 11:57:19,911 - INFO - HTTP Request: POST https://generativelanguage.googleapis.com/v1beta/models/gemini-2.5-pro:generateContent "HTTP/1.1 200 OK"
2026-09-01 11:57:23,128 - INFO - HTTP Request: POST https://generativelanguage.googleapis.com/v1beta/models/gemini-2.5-pro:generateContent "HTTP/1.1 200 OK"
2026-09-01 11:57:28,859 - INFO - HTTP Request: POST https://generativelanguage.googleapis.com/v1beta/models/gemini-2.5-pro:generateContent "HTTP/1.1 200 OK"
2026-09-01 11:57:28,866 - INFO - [PT] Waiting 10.0s before next Agent 2 window…
2026-09-01 11:57:38,872 - INFO - [PT] Agent 2 window 160-169 (10 batches)
2026-09-01 11:57:38,962 - INFO - AFC is enabled with max remote calls: 10.
2026-09-01 11:57:38,967 - INFO - AFC is enabled with max remote calls: 10.
2026-09-01 11:57:38,969 - INFO - AFC is enabled with max remote calls: 10.
2026-09-01 11:57:38,974 - INFO - AFC is enabled with max remote calls: 10.
2026-09-01 11:57:38,975 - INFO - AFC is enabled with max remote calls: 10.
2026-09-01 11:57:38,977 - INFO - AFC is enabled with max remote calls: 10.
2026-09-01 11:57:38,978 - INFO - AFC is enabled with max remote calls: 10.
2026-09-01 11:57:38,979 - INFO - AFC is enabled with max remote calls: 10.
2026-09-01 11:57:38,980 - INFO - AFC is enabled with max remote calls: 10.
2026-09-01 11:57:38,981 - INFO - AFC is enabled with max remote calls: 10.
2026-09-01 11:57:50,050 - INFO - HTTP Request: POST https://generativelanguage.googleapis.com/v1beta/models/gemini-2.5-pro:generateContent "HTTP/1.1 200 OK"
2026-09-01 11:57:53,684 - INFO - HTTP Request: POST https://generativelanguage.googleapis.com/v1beta/models/gemini-2.5-pro:generateContent "HTTP/1.1 200 OK"
2026-09-01 11:57:54,696 - INFO - HTTP Request: POST https://generativelanguage.googleapis.com/v1beta/models/gemini-2.5-pro:generateContent "HTTP/1.1 200 OK"
2026-09-01 11:57:54,706 - INFO - HTTP Request: POST https://generativelanguage.googleapis.com/v1beta/models/gemini-2.5-pro:generateContent "HTTP/1.1 200 OK"
2026-09-01 11:57:55,822 - INFO - HTTP Request: POST https://generativelanguage.googleapis.com/v1beta/models/gemini-2.5-pro:generateContent "HTTP/1.1 200 OK"
2026-09-01 11:57:56,244 - INFO - HTTP Request: POST https://generativelanguage.googleapis.com/v1beta/models/gemini-2.5-pro:generateContent "HTTP/1.1 200 OK"
2026-09-01 11:57:59,630 - INFO - HTTP Request: POST https://generativelanguage.googleapis.com/v1beta/models/gemini-2.5-pro:generateContent "HTTP/1.1 200 OK"
2026-09-01 11:58:03,925 - INFO - HTTP Request: POST https://generativelanguage.googleapis.com/v1beta/models/gemini-2.5-pro:generateContent "HTTP/1.1 200 OK"
2026-09-01 11:58:03,956 - INFO - HTTP Request: POST https://generativelanguage.googleapis.com/v1beta/models/gemini-2.5-pro:generateContent "HTTP/1.1 200 OK"
2026-09-01 11:58:07,573 - INFO - HTTP Request: POST https://generativelanguage.googleapis.com/v1beta/models/gemini-2.5-pro:generateContent "HTTP/1.1 200 OK"
2026-09-01 11:58:07,586 - INFO - [PT] Waiting 10.0s before next Agent 2 window…
2026-09-01 11:58:17,590 - INFO - [PT] Agent 2 window 170-179 (10 batches)
2026-09-01 11:58:17,667 - INFO - AFC is enabled with max remote calls: 10.
2026-09-01 11:58:17,670 - INFO - AFC is enabled with max remote calls: 10.
2026-09-01 11:58:17,672 - INFO - AFC is enabled with max remote calls: 10.
2026-09-01 11:58:17,674 - INFO - AFC is enabled with max remote calls: 10.
2026-09-01 11:58:17,676 - INFO - AFC is enabled with max remote calls: 10.
2026-09-01 11:58:17,678 - INFO - AFC is enabled with max remote calls: 10.
2026-09-01 11:58:17,680 - INFO - AFC is enabled with max remote calls: 10.
2026-09-01 11:58:17,681 - INFO - AFC is enabled with max remote calls: 10.
2026-09-01 11:58:17,683 - INFO - AFC is enabled with max remote calls: 10.
2026-09-01 11:58:17,684 - INFO - AFC is enabled with max remote calls: 10.
2026-09-01 11:58:30,979 - INFO - HTTP Request: POST https://generativelanguage.googleapis.com/v1beta/models/gemini-2.5-pro:generateContent "HTTP/1.1 200 OK"
2026-09-01 11:58:33,880 - INFO - HTTP Request: POST https://generativelanguage.googleapis.com/v1beta/models/gemini-2.5-pro:generateContent "HTTP/1.1 200 OK"
2026-09-01 11:58:34,129 - INFO - HTTP Request: POST https://generativelanguage.googleapis.com/v1beta/models/gemini-2.5-pro:generateContent "HTTP/1.1 200 OK"
2026-09-01 11:58:34,687 - INFO - HTTP Request: POST https://generativelanguage.googleapis.com/v1beta/models/gemini-2.5-pro:generateContent "HTTP/1.1 200 OK"
2026-09-01 11:58:35,392 - INFO - HTTP Request: POST https://generativelanguage.googleapis.com/v1beta/models/gemini-2.5-pro:generateContent "HTTP/1.1 200 OK"
2026-09-01 11:58:35,854 - INFO - HTTP Request: POST https://generativelanguage.googleapis.com/v1beta/models/gemini-2.5-pro:generateContent "HTTP/1.1 200 OK"
2026-09-01 11:58:35,856 - INFO - HTTP Request: POST https://generativelanguage.googleapis.com/v1beta/models/gemini-2.5-pro:generateContent "HTTP/1.1 200 OK"
2026-09-01 11:58:36,091 - INFO - HTTP Request: POST https://generativelanguage.googleapis.com/v1beta/models/gemini-2.5-pro:generateContent "HTTP/1.1 200 OK"
2026-09-01 11:58:37,969 - INFO - HTTP Request: POST https://generativelanguage.googleapis.com/v1beta/models/gemini-2.5-pro:generateContent "HTTP/1.1 200 OK"
2026-09-01 11:58:38,473 - INFO - HTTP Request: POST https://generativelanguage.googleapis.com/v1beta/models/gemini-2.5-pro:generateContent "HTTP/1.1 200 OK"
2026-09-01 11:58:38,476 - INFO - [PT] Waiting 10.0s before next Agent 2 window…
2026-09-01 11:58:48,478 - INFO - [PT] Agent 2 window 180-189 (10 batches)
2026-09-01 11:58:48,521 - INFO - AFC is enabled with max remote calls: 10.
2026-09-01 11:58:48,524 - INFO - AFC is enabled with max remote calls: 10.
2026-09-01 11:58:48,526 - INFO - AFC is enabled with max remote calls: 10.
2026-09-01 11:58:48,528 - INFO - AFC is enabled with max remote calls: 10.
2026-09-01 11:58:48,530 - INFO - AFC is enabled with max remote calls: 10.
2026-09-01 11:58:48,532 - INFO - AFC is enabled with max remote calls: 10.
2026-09-01 11:58:48,533 - INFO - AFC is enabled with max remote calls: 10.
2026-09-01 11:58:48,534 - INFO - AFC is enabled with max remote calls: 10.
2026-09-01 11:58:48,536 - INFO - AFC is enabled with max remote calls: 10.
2026-09-01 11:58:48,537 - INFO - AFC is enabled with max remote calls: 10.
2026-09-01 11:59:01,817 - INFO - HTTP Request: POST https://generativelanguage.googleapis.com/v1beta/models/gemini-2.5-pro:generateContent "HTTP/1.1 200 OK"
2026-09-01 11:59:02,347 - INFO - HTTP Request: POST https://generativelanguage.googleapis.com/v1beta/models/gemini-2.5-pro:generateContent "HTTP/1.1 200 OK"
2026-09-01 11:59:02,610 - INFO - HTTP Request: POST https://generativelanguage.googleapis.com/v1beta/models/gemini-2.5-pro:generateContent "HTTP/1.1 200 OK"
2026-09-01 11:59:03,316 - INFO - HTTP Request: POST https://generativelanguage.googleapis.com/v1beta/models/gemini-2.5-pro:generateContent "HTTP/1.1 200 OK"
2026-09-01 11:59:03,955 - INFO - HTTP Request: POST https://generativelanguage.googleapis.com/v1beta/models/gemini-2.5-pro:generateContent "HTTP/1.1 200 OK"
2026-09-01 11:59:06,906 - INFO - HTTP Request: POST https://generativelanguage.googleapis.com/v1beta/models/gemini-2.5-pro:generateContent "HTTP/1.1 200 OK"
2026-09-01 11:59:07,829 - INFO - HTTP Request: POST https://generativelanguage.googleapis.com/v1beta/models/gemini-2.5-pro:generateContent "HTTP/1.1 200 OK"
2026-09-01 11:59:08,564 - INFO - HTTP Request: POST https://generativelanguage.googleapis.com/v1beta/models/gemini-2.5-pro:generateContent "HTTP/1.1 200 OK"
2026-09-01 11:59:09,491 - INFO - HTTP Request: POST https://generativelanguage.googleapis.com/v1beta/models/gemini-2.5-pro:generateContent "HTTP/1.1 200 OK"
2026-09-01 11:59:28,983 - INFO - HTTP Request: POST https://generativelanguage.googleapis.com/v1beta/models/gemini-2.5-pro:generateContent "HTTP/1.1 200 OK"
2026-09-01 11:59:28,990 - INFO - [PT] Waiting 10.0s before next Agent 2 window…
2026-09-01 11:59:38,992 - INFO - [PT] Agent 2 window 190-199 (10 batches)
2026-09-01 11:59:39,062 - INFO - AFC is enabled with max remote calls: 10.
2026-09-01 11:59:39,065 - INFO - AFC is enabled with max remote calls: 10.
2026-09-01 11:59:39,066 - INFO - AFC is enabled with max remote calls: 10.
2026-09-01 11:59:39,067 - INFO - AFC is enabled with max remote calls: 10.
2026-09-01 11:59:39,069 - INFO - AFC is enabled with max remote calls: 10.
2026-09-01 11:59:39,070 - INFO - AFC is enabled with max remote calls: 10.
2026-09-01 11:59:39,071 - INFO - AFC is enabled with max remote calls: 10.
2026-09-01 11:59:39,072 - INFO - AFC is enabled with max remote calls: 10.
2026-09-01 11:59:39,073 - INFO - AFC is enabled with max remote calls: 10.
2026-09-01 11:59:39,075 - INFO - AFC is enabled with max remote calls: 10.
2026-09-01 11:59:51,492 - INFO - HTTP Request: POST https://generativelanguage.googleapis.com/v1beta/models/gemini-2.5-pro:generateContent "HTTP/1.1 200 OK"
2026-09-01 11:59:51,557 - INFO - HTTP Request: POST https://generativelanguage.googleapis.com/v1beta/models/gemini-2.5-pro:generateContent "HTTP/1.1 200 OK"
2026-09-01 11:59:53,764 - INFO - HTTP Request: POST https://generativelanguage.googleapis.com/v1beta/models/gemini-2.5-pro:generateContent "HTTP/1.1 200 OK"
2026-09-01 11:59:53,768 - INFO - HTTP Request: POST https://generativelanguage.googleapis.com/v1beta/models/gemini-2.5-pro:generateContent "HTTP/1.1 200 OK"
2026-09-01 11:59:54,611 - INFO - HTTP Request: POST https://generativelanguage.googleapis.com/v1beta/models/gemini-2.5-pro:generateContent "HTTP/1.1 200 OK"
2026-09-01 11:59:55,135 - INFO - HTTP Request: POST https://generativelanguage.googleapis.com/v1beta/models/gemini-2.5-pro:generateContent "HTTP/1.1 200 OK"
2026-09-01 11:59:55,553 - INFO - HTTP Request: POST https://generativelanguage.googleapis.com/v1beta/models/gemini-2.5-pro:generateContent "HTTP/1.1 200 OK"
2026-09-01 11:59:55,798 - INFO - HTTP Request: POST https://generativelanguage.googleapis.com/v1beta/models/gemini-2.5-pro:generateContent "HTTP/1.1 200 OK"
2026-09-01 11:59:57,959 - INFO - HTTP Request: POST https://generativelanguage.googleapis.com/v1beta/models/gemini-2.5-pro:generateContent "HTTP/1.1 200 OK"
2026-09-01 12:00:01,864 - INFO - HTTP Request: POST https://generativelanguage.googleapis.com/v1beta/models/gemini-2.5-pro:generateContent "HTTP/1.1 200 OK"
2026-09-01 12:00:01,872 - INFO - [PT] Waiting 10.0s before next Agent 2 window…
2026-09-01 12:00:11,880 - INFO - [PT] Agent 2 window 200-209 (10 batches)
2026-09-01 12:00:11,940 - INFO - AFC is enabled with max remote calls: 10.
2026-09-01 12:00:11,946 - INFO - AFC is enabled with max remote calls: 10.
2026-09-01 12:00:11,948 - INFO - AFC is enabled with max remote calls: 10.
2026-09-01 12:00:11,949 - INFO - AFC is enabled with max remote calls: 10.
2026-09-01 12:00:11,951 - INFO - AFC is enabled with max remote calls: 10.
2026-09-01 12:00:11,952 - INFO - AFC is enabled with max remote calls: 10.
2026-09-01 12:00:11,952 - INFO - AFC is enabled with max remote calls: 10.
2026-09-01 12:00:11,953 - INFO - AFC is enabled with max remote calls: 10.
2026-09-01 12:00:11,955 - INFO - AFC is enabled with max remote calls: 10.
2026-09-01 12:00:11,956 - INFO - AFC is enabled with max remote calls: 10.
2026-09-01 12:00:24,493 - INFO - HTTP Request: POST https://generativelanguage.googleapis.com/v1beta/models/gemini-2.5-pro:generateContent "HTTP/1.1 200 OK"
2026-09-01 12:00:25,121 - INFO - HTTP Request: POST https://generativelanguage.googleapis.com/v1beta/models/gemini-2.5-pro:generateContent "HTTP/1.1 200 OK"
2026-09-01 12:00:25,677 - INFO - HTTP Request: POST https://generativelanguage.googleapis.com/v1beta/models/gemini-2.5-pro:generateContent "HTTP/1.1 200 OK"
2026-09-01 12:00:26,008 - INFO - HTTP Request: POST https://generativelanguage.googleapis.com/v1beta/models/gemini-2.5-pro:generateContent "HTTP/1.1 200 OK"
2026-09-01 12:00:27,631 - INFO - HTTP Request: POST https://generativelanguage.googleapis.com/v1beta/models/gemini-2.5-pro:generateContent "HTTP/1.1 200 OK"
2026-09-01 12:00:28,158 - INFO - HTTP Request: POST https://generativelanguage.googleapis.com/v1beta/models/gemini-2.5-pro:generateContent "HTTP/1.1 200 OK"
2026-09-01 12:00:28,222 - INFO - HTTP Request: POST https://generativelanguage.googleapis.com/v1beta/models/gemini-2.5-pro:generateContent "HTTP/1.1 200 OK"
2026-09-01 12:00:28,466 - INFO - HTTP Request: POST https://generativelanguage.googleapis.com/v1beta/models/gemini-2.5-pro:generateContent "HTTP/1.1 200 OK"
2026-09-01 12:00:31,314 - INFO - HTTP Request: POST https://generativelanguage.googleapis.com/v1beta/models/gemini-2.5-pro:generateContent "HTTP/1.1 200 OK"
2026-09-01 12:00:42,222 - INFO - HTTP Request: POST https://generativelanguage.googleapis.com/v1beta/models/gemini-2.5-pro:generateContent "HTTP/1.1 200 OK"
2026-09-01 12:00:42,231 - INFO - [PT] Waiting 10.0s before next Agent 2 window…
2026-09-01 12:00:52,236 - INFO - [PT] Agent 2 window 210-219 (10 batches)
2026-09-01 12:00:52,312 - INFO - AFC is enabled with max remote calls: 10.
2026-09-01 12:00:52,314 - INFO - AFC is enabled with max remote calls: 10.
2026-09-01 12:00:52,315 - INFO - AFC is enabled with max remote calls: 10.
2026-09-01 12:00:52,317 - INFO - AFC is enabled with max remote calls: 10.
2026-09-01 12:00:52,318 - INFO - AFC is enabled with max remote calls: 10.
2026-09-01 12:00:52,319 - INFO - AFC is enabled with max remote calls: 10.
2026-09-01 12:00:52,320 - INFO - AFC is enabled with max remote calls: 10.
2026-09-01 12:00:52,321 - INFO - AFC is enabled with max remote calls: 10.
2026-09-01 12:00:52,322 - INFO - AFC is enabled with max remote calls: 10.
2026-09-01 12:00:52,323 - INFO - AFC is enabled with max remote calls: 10.
2026-09-01 12:01:04,840 - INFO - HTTP Request: POST https://generativelanguage.googleapis.com/v1beta/models/gemini-2.5-pro:generateContent "HTTP/1.1 200 OK"
2026-09-01 12:01:05,310 - INFO - HTTP Request: POST https://generativelanguage.googleapis.com/v1beta/models/gemini-2.5-pro:generateContent "HTTP/1.1 200 OK"
2026-09-01 12:01:07,909 - INFO - HTTP Request: POST https://generativelanguage.googleapis.com/v1beta/models/gemini-2.5-pro:generateContent "HTTP/1.1 200 OK"
2026-09-01 12:01:08,690 - INFO - HTTP Request: POST https://generativelanguage.googleapis.com/v1beta/models/gemini-2.5-pro:generateContent "HTTP/1.1 200 OK"
2026-09-01 12:01:08,710 - INFO - HTTP Request: POST https://generativelanguage.googleapis.com/v1beta/models/gemini-2.5-pro:generateContent "HTTP/1.1 200 OK"
2026-09-01 12:01:08,812 - INFO - HTTP Request: POST https://generativelanguage.googleapis.com/v1beta/models/gemini-2.5-pro:generateContent "HTTP/1.1 200 OK"
2026-09-01 12:01:11,078 - INFO - HTTP Request: POST https://generativelanguage.googleapis.com/v1beta/models/gemini-2.5-pro:generateContent "HTTP/1.1 200 OK"
2026-09-01 12:01:11,908 - INFO - HTTP Request: POST https://generativelanguage.googleapis.com/v1beta/models/gemini-2.5-pro:generateContent "HTTP/1.1 200 OK"
2026-09-01 12:01:13,969 - INFO - HTTP Request: POST https://generativelanguage.googleapis.com/v1beta/models/gemini-2.5-pro:generateContent "HTTP/1.1 200 OK"
2026-09-01 12:01:17,884 - INFO - HTTP Request: POST https://generativelanguage.googleapis.com/v1beta/models/gemini-2.5-pro:generateContent "HTTP/1.1 200 OK"
2026-09-01 12:01:17,914 - INFO - [PT] Waiting 10.0s before next Agent 2 window…
2026-09-01 12:01:27,919 - INFO - [PT] Agent 2 window 220-229 (10 batches)
2026-09-01 12:01:27,971 - INFO - AFC is enabled with max remote calls: 10.
2026-09-01 12:01:27,975 - INFO - AFC is enabled with max remote calls: 10.
2026-09-01 12:01:27,976 - INFO - AFC is enabled with max remote calls: 10.
2026-09-01 12:01:27,977 - INFO - AFC is enabled with max remote calls: 10.
2026-09-01 12:01:27,978 - INFO - AFC is enabled with max remote calls: 10.
2026-09-01 12:01:27,979 - INFO - AFC is enabled with max remote calls: 10.
2026-09-01 12:01:27,980 - INFO - AFC is enabled with max remote calls: 10.
2026-09-01 12:01:27,981 - INFO - AFC is enabled with max remote calls: 10.
2026-09-01 12:01:27,982 - INFO - AFC is enabled with max remote calls: 10.
2026-09-01 12:01:27,983 - INFO - AFC is enabled with max remote calls: 10.
2026-09-01 12:01:39,472 - INFO - HTTP Request: POST https://generativelanguage.googleapis.com/v1beta/models/gemini-2.5-pro:generateContent "HTTP/1.1 200 OK"
2026-09-01 12:01:41,282 - INFO - HTTP Request: POST https://generativelanguage.googleapis.com/v1beta/models/gemini-2.5-pro:generateContent "HTTP/1.1 200 OK"
2026-09-01 12:01:42,132 - INFO - HTTP Request: POST https://generativelanguage.googleapis.com/v1beta/models/gemini-2.5-pro:generateContent "HTTP/1.1 200 OK"
2026-09-01 12:01:42,619 - INFO - HTTP Request: POST https://generativelanguage.googleapis.com/v1beta/models/gemini-2.5-pro:generateContent "HTTP/1.1 200 OK"
2026-09-01 12:01:42,677 - INFO - HTTP Request: POST https://generativelanguage.googleapis.com/v1beta/models/gemini-2.5-pro:generateContent "HTTP/1.1 200 OK"
2026-09-01 12:01:43,550 - INFO - HTTP Request: POST https://generativelanguage.googleapis.com/v1beta/models/gemini-2.5-pro:generateContent "HTTP/1.1 200 OK"
2026-09-01 12:01:45,981 - INFO - HTTP Request: POST https://generativelanguage.googleapis.com/v1beta/models/gemini-2.5-pro:generateContent "HTTP/1.1 200 OK"
2026-09-01 12:01:46,176 - INFO - HTTP Request: POST https://generativelanguage.googleapis.com/v1beta/models/gemini-2.5-pro:generateContent "HTTP/1.1 200 OK"
2026-09-01 12:01:48,585 - INFO - HTTP Request: POST https://generativelanguage.googleapis.com/v1beta/models/gemini-2.5-pro:generateContent "HTTP/1.1 200 OK"
2026-09-01 12:01:49,841 - INFO - HTTP Request: POST https://generativelanguage.googleapis.com/v1beta/models/gemini-2.5-pro:generateContent "HTTP/1.1 200 OK"
2026-09-01 12:01:49,846 - INFO - [PT] Waiting 10.0s before next Agent 2 window…
2026-09-01 12:01:59,854 - INFO - [PT] Agent 2 window 230-239 (10 batches)
2026-09-01 12:01:59,922 - INFO - AFC is enabled with max remote calls: 10.
2026-09-01 12:01:59,925 - INFO - AFC is enabled with max remote calls: 10.
2026-09-01 12:01:59,927 - INFO - AFC is enabled with max remote calls: 10.
2026-09-01 12:01:59,929 - INFO - AFC is enabled with max remote calls: 10.
2026-09-01 12:01:59,931 - INFO - AFC is enabled with max remote calls: 10.
2026-09-01 12:01:59,932 - INFO - AFC is enabled with max remote calls: 10.
2026-09-01 12:01:59,934 - INFO - AFC is enabled with max remote calls: 10.
2026-09-01 12:01:59,937 - INFO - AFC is enabled with max remote calls: 10.
2026-09-01 12:01:59,938 - INFO - AFC is enabled with max remote calls: 10.
2026-09-01 12:01:59,940 - INFO - AFC is enabled with max remote calls: 10.
2026-09-01 12:02:10,115 - INFO - HTTP Request: POST https://generativelanguage.googleapis.com/v1beta/models/gemini-2.5-pro:generateContent "HTTP/1.1 200 OK"
2026-09-01 12:02:15,910 - INFO - HTTP Request: POST https://generativelanguage.googleapis.com/v1beta/models/gemini-2.5-pro:generateContent "HTTP/1.1 200 OK"
2026-09-01 12:02:15,915 - INFO - HTTP Request: POST https://generativelanguage.googleapis.com/v1beta/models/gemini-2.5-pro:generateContent "HTTP/1.1 200 OK"
2026-09-01 12:02:16,067 - INFO - HTTP Request: POST https://generativelanguage.googleapis.com/v1beta/models/gemini-2.5-pro:generateContent "HTTP/1.1 200 OK"
2026-09-01 12:02:16,412 - INFO - HTTP Request: POST https://generativelanguage.googleapis.com/v1beta/models/gemini-2.5-pro:generateContent "HTTP/1.1 200 OK"
2026-09-01 12:02:19,495 - INFO - HTTP Request: POST https://generativelanguage.googleapis.com/v1beta/models/gemini-2.5-pro:generateContent "HTTP/1.1 200 OK"
2026-09-01 12:02:19,743 - INFO - HTTP Request: POST https://generativelanguage.googleapis.com/v1beta/models/gemini-2.5-pro:generateContent "HTTP/1.1 200 OK"
2026-09-01 12:02:19,974 - INFO - HTTP Request: POST https://generativelanguage.googleapis.com/v1beta/models/gemini-2.5-pro:generateContent "HTTP/1.1 200 OK"
2026-09-01 12:02:21,130 - INFO - HTTP Request: POST https://generativelanguage.googleapis.com/v1beta/models/gemini-2.5-pro:generateContent "HTTP/1.1 200 OK"
2026-09-01 12:02:28,324 - INFO - HTTP Request: POST https://generativelanguage.googleapis.com/v1beta/models/gemini-2.5-pro:generateContent "HTTP/1.1 200 OK"
2026-09-01 12:02:28,341 - INFO - [PT] Waiting 10.0s before next Agent 2 window…
2026-09-01 12:02:38,344 - INFO - [PT] Agent 2 window 240-249 (10 batches)
2026-09-01 12:02:38,399 - INFO - AFC is enabled with max remote calls: 10.
2026-09-01 12:02:38,405 - INFO - AFC is enabled with max remote calls: 10.
2026-09-01 12:02:38,407 - INFO - AFC is enabled with max remote calls: 10.
2026-09-01 12:02:38,408 - INFO - AFC is enabled with max remote calls: 10.
2026-09-01 12:02:38,409 - INFO - AFC is enabled with max remote calls: 10.
2026-09-01 12:02:38,410 - INFO - AFC is enabled with max remote calls: 10.
2026-09-01 12:02:38,412 - INFO - AFC is enabled with max remote calls: 10.
2026-09-01 12:02:38,413 - INFO - AFC is enabled with max remote calls: 10.
2026-09-01 12:02:38,415 - INFO - AFC is enabled with max remote calls: 10.
2026-09-01 12:02:38,416 - INFO - AFC is enabled with max remote calls: 10.
2026-09-01 12:02:53,593 - INFO - HTTP Request: POST https://generativelanguage.googleapis.com/v1beta/models/gemini-2.5-pro:generateContent "HTTP/1.1 200 OK"
2026-09-01 12:02:55,460 - INFO - HTTP Request: POST https://generativelanguage.googleapis.com/v1beta/models/gemini-2.5-pro:generateContent "HTTP/1.1 200 OK"
2026-09-01 12:02:55,913 - INFO - HTTP Request: POST https://generativelanguage.googleapis.com/v1beta/models/gemini-2.5-pro:generateContent "HTTP/1.1 200 OK"
2026-09-01 12:02:55,917 - INFO - HTTP Request: POST https://generativelanguage.googleapis.com/v1beta/models/gemini-2.5-pro:generateContent "HTTP/1.1 200 OK"
2026-09-01 12:02:56,590 - INFO - HTTP Request: POST https://generativelanguage.googleapis.com/v1beta/models/gemini-2.5-pro:generateContent "HTTP/1.1 200 OK"
2026-09-01 12:02:59,467 - INFO - HTTP Request: POST https://generativelanguage.googleapis.com/v1beta/models/gemini-2.5-pro:generateContent "HTTP/1.1 200 OK"
2026-09-01 12:03:00,452 - INFO - HTTP Request: POST https://generativelanguage.googleapis.com/v1beta/models/gemini-2.5-pro:generateContent "HTTP/1.1 200 OK"
2026-09-01 12:03:00,791 - INFO - HTTP Request: POST https://generativelanguage.googleapis.com/v1beta/models/gemini-2.5-pro:generateContent "HTTP/1.1 200 OK"
2026-09-01 12:03:03,142 - INFO - HTTP Request: POST https://generativelanguage.googleapis.com/v1beta/models/gemini-2.5-pro:generateContent "HTTP/1.1 200 OK"
2026-09-01 12:03:05,901 - INFO - HTTP Request: POST https://generativelanguage.googleapis.com/v1beta/models/gemini-2.5-pro:generateContent "HTTP/1.1 200 OK"
2026-09-01 12:03:06,001 - INFO - [PT] Agent 3 (consolidator) - starting
2026-09-01 12:03:06,002 - INFO - [A3][PT] SYSTEM PROMPT (first batch only):
# AGENT 3 — LANGUAGE‑LEVEL CONSOLIDATOR (SYSTEM PROMPT)

## ROLE & MISSION

You are **Agent 3: Language‑Level Consolidator**. Your mission is to read the **finalized, per‑section issues** (already validated by a prior pass) and produce **one concise, language‑level** `overall_feedback` for the entire corpus.

* You output **only** the `overall_feedback` object: a **Summary** (error patterns) and an **Action Plan** (preventive steps).
* You **must not** add, remove, reclassify, or rescore any issues. You **do not** arbitrate or fact‑check external information.
* Treat the provided issues as the **single source of truth**; identify patterns and prioritize them by impact.


---

## SCOPE — WHAT TO DO / WHAT NOT TO DO

**Do:**

* Consolidate repeated problems into **patterns** (by category, rule, or recurrent surface form).
* **Prioritize** patterns by **impact**: total penalty points (APT) first, then severity mix and frequency.
* Provide **clear, actionable** preventive steps that map to the patterns.
* Optionally include **brief, representative evidence** (≤12 words, paraphrased) to anchor each pattern.

**Do Not:**

* Modify, add, or remove individual issues.
* Change categories, severities, or points.
* Introduce **new** errors not evidenced in the input.
* Perform external fact‑checking or comment on other agents.

---

## INPUTS

* `Lang`: short language code (e.g., FR, DE).
* `Rollup`: machine‑computed aggregation for this language. Example fields:

  ```json
  {
    "ewt": 12345,
    "apt": 78,
    "pwpt": 0.0063,
    "mqm": 93.7,
    "critical_count": 0,
    "severity_counts": {"Minor": 40, "Major": 12, "Critical": 0},
    "category_points": [
      {"category":"Compliance","points":32},
      {"category":"Punctuation/Spelling/Typos","points":21},
      {"category":"Accuracy","points":18}
    ],
    "top_urls_by_points": [
      {"url":"/routes/..1.html","points":9},
      {"url":"/routes/..2.html","points":8}
    ]
  }
  ```
* `Final_issues`: **array** of finalized issues (Agent 2 output), each like:

  ```json
  {
    "url": "/routes/abc/example.html",
    "type_of_issue": "Compliance",
    "severity": "Major",
    "score_deduction": 3,
    "issue": "Metric conversion missing in a metric locale.",
    "text": "…short snippet…",
    "updated_sentence": "…"
  }
  ```

---

## CONSOLIDATION RULES

1. **Pattern mining:** Group by `type_of_issue`, then look for recurring surfaces (e.g., *km/h vs mph*, French NBSP before `:`, brand/proper‑noun casing, headings ending with a period).
2. **Prioritization:** Order the **Summary** bullets by **total category points** (highest first). Within a bullet, you may reference typical triggers (e.g., *mph shown without km/h*).
3. **Evidence:** If helpful, include a minimal parenthetical hint (≤12 words, paraphrased) and/or mention representative URLs with high points (at most two distinct URLs across the whole summary).
4. **Taxonomy fidelity:** Use the existing categories strictly (e.g., currency *what* = **Accuracy**; currency *format/how* = **Compliance**; brand casing = **Compliance**; French NBSP = **Punctuation/Spelling/Typos**).
5. **No new findings:** Do not infer new errors. If a pattern is not supported by the provided issues, omit it.

---

## OUTPUT CONTRACT (RETURN THIS OBJECT ONLY)

Return **only** this JSON object:

```json
{
  "overall_feedback": {
    "summary": [
      "<1 sentence per pattern; highest‑impact first>",
      "<… 2–10 bullets total …>"
    ],
    "action_plan": [
      "<One preventive step per pattern; imperative, testable>",
      "<… 2–10 bullets total …>"
    ]
  }
}
```

**Formatting constraints:**

* 2–10 bullets for **summary**, 2–10 bullets for **action\_plan**.
* Each bullet ≤ 250 characters; avoid duplication; no meta‑commentary.
* No code fences, no extra keys, no trailing text.

---

## STYLE GUIDANCE FOR BULLETS

* **Summary:** `[Category]` + the recurring rule breach + brief impact. Optionally add a short parenthetical cue, e.g., `(FR: NBSP before ':' missing)`.
* **Action plan:** imperative, owner‑agnostic; specify **what to check** and **where** (e.g., *"Add a unit‑conversion linter for metric locales (mph→km/h)."*).

---

## FINAL SELF‑CHECK

1. Did I **only** output the `overall_feedback` object?
2. Are bullets prioritized by **impact** (points → severity → frequency)?
3. Did I avoid inventing new issues or changing any categories/severities?
4. Are bullets concise, objective, and mapped to the observed patterns?



2026-09-01 12:03:06,006 - INFO - [A3][PT] USER PROMPT (first batch only):
Language: PT

Roll‑up (JSON):
{
  "lang": "PT",
  "ewt": 22400,
  "total_findings": 94,
  "severity_counts": {
    "Minor": 56,
    "Major": 35,
    "Critical": 3
  },
  "points_by_category": {
    "Punctuation/Spelling/Typos": 3,
    "Style": 27,
    "Compliance": 33,
    "Accuracy": 142,
    "Grammar": 6,
    "AI-issues": 25
  },
  "apt": 236,
  "pwpt": 0.010535714285714285,
  "mqm": 89.46428571428572,
  "top_urls_by_issue_count": [
    {
      "url": "https://www.skyscanner.pt/aluguer-automovel-em/aluguer-automovel-em-curitiba/27540625.html",
      "count": 5
    },
    {
      "url": "https://www.skyscanner.pt/aluguer-automovel-em/aluguer-automovel-em-porto-alegre/27546005.html",
      "count": 4
    },
    {
      "url": "https://www.skyscanner.pt/aluguer-automovel-em/aluguer-automovel-em-nova-iorque/27537542.html",
      "count": 4
    },
    {
      "url": "https://www.skyscanner.pt/aluguer-automovel-em/aluguer-automovel-em-los-angeles/27536211.html",
      "count": 3
    },
    {
      "url": "https://www.skyscanner.pt/aluguer-automovel-em/aluguer-automovel-em-campinas/27539906.html",
      "count": 3
    },
    {
      "url": "https://www.skyscanner.pt/aluguer-automovel-em/aluguer-automovel-em-pisa/27546040.html",
      "count": 3
    },
    {
      "url": "https://www.skyscanner.pt/aluguer-automovel-em/aluguer-automovel-em-sao-paulo/27539772.html",
      "count": 3
    },
    {
      "url": "https://www.skyscanner.pt/aluguer-automovel-em/aluguer-automovel-em-eindhoven/27540894.html",
      "count": 3
    },
    {
      "url": "https://www.skyscanner.pt/aluguer-automovel-em/aluguer-automovel-em-estrasburgo/27547052.html",
      "count": 3
    },
    {
      "url": "https://www.skyscanner.pt/aluguer-automovel-em/aluguer-automovel-em-natal/27545088.html",
      "count": 3
    }
  ],
  "categories_considered": [
    "Grammar",
    "Compliance",
    "Punctuation/Spelling/Typos",
    "Accuracy",
    "Style",
    "AI-issues"
  ]
}

Final issues (JSON array):
[
  {
    "text": "Novembro destaca-se como o mês com os preços mais baixos ao longo do ano.",
    "issue": "The month 'Novembro' is incorrectly capitalized mid-sentence; months of the year should be in lowercase in Portuguese unless they start a sentence.",
    "type_of_issue": "Punctuation/Spelling/Typos",
    "solution": "Change 'Novembro' to 'novembro'.",
    "updated_sentence": "novembro destaca-se como o mês com os preços mais baixos ao longo do ano.",
    "severity": "Minor",
    "score_deduction": 1,
    "source_file": "2026-2027-pt-car-hire-city-06.docx",
    "url": "https://www.skyscanner.pt/aluguer-automovel-em/aluguer-automovel-em-viena/27547395.html",
    "candidate": "https://www.skyscanner.pt/aluguer-automovel-em/aluguer-automovel-em-viena/27547395.html"
  },
  {
    "text": "Em Viena estão disponíveis 6 empresas de aluguer de automóveis. Entre as opções mais procuradas encontram-se a Dryyve, a Klasswagen.com e a Auto-Union, sendo a Dryyve a mais popular no geral. A idade mínima para alugar um veículo é de 21 anos, embora várias empresas apliquem uma sobretaxa para condutores com menos de 25 anos. A idade mínima para conduzir é de 17 anos. Para efetuar o aluguer, é sempre necessário apresentar um passaporte ou documento de identificação válido e a carta de condução. Cartas emitidas fora da UE/EEE ou que não estejam em caracteres latinos exigem ainda uma Licença Internacional de Condução.",
    "issue": "This single paragraph combines three distinct topics (company availability, age requirements, and document requirements), which negatively impacts scannability and readability.",
    "type_of_issue": "Style",
    "solution": "Split the text into three separate paragraphs, each focusing on a single topic, to improve readability.",
    "updated_sentence": "Em Viena estão disponíveis 6 empresas de aluguer de automóveis. Entre as opções mais procuradas encontram-se a Dryyve, a Klasswagen.com e a Auto-Union, sendo a Dryyve a mais popular no geral.\n\nA idade mínima para alugar um veículo é de 21 anos, embora várias empresas apliquem uma sobretaxa para condutores com menos de 25 anos. A idade mínima para conduzir é de 17 anos.\n\nPara efetuar o aluguer, é sempre necessário apresentar um passaporte ou documento de identificação válido e a carta de condução. Cartas emitidas fora da UE/EEE ou que não estejam em caracteres latinos exigem ainda uma Licença Internacional de Condução.",
    "severity": "Minor",
    "score_deduction": 1,
    "source_file": "2026-2027-pt-car-hire-city-06.docx",
    "url": "https://www.skyscanner.pt/aluguer-automovel-em/aluguer-automovel-em-viena/27547395.html",
    "candidate": "https://www.skyscanner.pt/aluguer-automovel-em/aluguer-automovel-em-viena/27547395.html"
  },
  {
    "text": "Já o Citroen C4, também automático e da Goldcar, está disponível desde 31 € por dia, indicado para grupos de até cinco pessoas.",
    "issue": "The brand name 'Citroën' is misspelled without the required diaeresis.",
    "type_of_issue": "Compliance",
    "solution": "Add the diaeresis to the 'e' to spell the brand name correctly as 'Citroën'.",
    "updated_sentence": "Já o Citroën C4, também automático e da Goldcar, está disponível desde 31 € por dia, indicado para grupos de até cinco pessoas.",
    "severity": "Minor",
    "score_deduction": 1,
    "source_file": "2026-2027-pt-car-hire-city-06.docx",
    "url": "https://www.skyscanner.pt/aluguer-automovel-em/aluguer-automovel-em-toulouse/27547205.html",
    "candidate": "https://www.skyscanner.pt/aluguer-automovel-em/aluguer-automovel-em-toulouse/27547205.html"
  },
  {
    "text": "Em França, a circulação faz-se pela direita. Nas autoestradas, o limite de velocidade é de 130 km/h, descendo para 110 km/h nas vias rápidas. Nas estradas rurais aplica-se o limite de 80 km/h, enquanto nas restantes vias, sobretudo em meio urbano, o limite é de 50 km/h. O país dispõe de uma rede alargada de autoestradas com portagens, o chamado péage, cujas cabines aceitam pagamento em dinheiro e com cartão. Existem também dispositivos eletrónicos télépéage e alguns troços com portagem em fluxo livre, sem barreiras. Recomenda-se ter em conta estes custos ao planear o percurso.",
    "issue": "The single paragraph combines multiple distinct topics (driving rules, speed limits, toll systems, and planning advice), which makes it dense and difficult to scan.",
    "type_of_issue": "Style",
    "solution": "Split the text into three separate, focused paragraphs to improve readability and scannability, with each paragraph addressing a single main idea.",
    "updated_sentence": "Em França, a circulação faz-se pela direita. Nas autoestradas, o limite de velocidade é de 130 km/h, descendo para 110 km/h nas vias rápidas. Nas estradas rurais aplica-se o limite de 80 km/h, enquanto nas restantes vias, sobretudo em meio urbano, o limite é de 50 km/h.\n\nO país dispõe de uma rede alargada de autoestradas com portagens, o chamado péage, cujas cabines aceitam pagamento em dinheiro e com cartão. Existem também dispositivos eletrónicos télépéage e alguns troços com portagem em fluxo livre, sem barreiras.\n\nRecomenda-se ter em conta estes custos ao planear o percurso.",
    "severity": "Minor",
    "score_deduction": 1,
    "source_file": "2026-2027-pt-car-hire-city-06.docx",
    "url": "https://www.skyscanner.pt/aluguer-automovel-em/aluguer-automovel-em-toulouse/27547205.html",
    "candidate": "https://www.skyscanner.pt/aluguer-automovel-em/aluguer-automovel-em-toulouse/27547205.html"
  },
  {
    "text": "Em Bolonha estão disponíveis 6 empresas de aluguer de automóveis. Entre as opções mais procuradas encontram-se a ECH, a addCar e a Target, sendo a ECH a mais popular no conjunto. A idade mínima para alugar é de 21 anos, embora muitas empresas apliquem uma sobretaxa para condutores com menos de 25 anos. A idade mínima para conduzir é de 18 anos. Para concretizar o aluguer, é sempre necessário apresentar passaporte ou documento de identificação nacional válido e uma carta de condução válida. Os condutores com carta emitida fora do Espaço Económico Europeu necessitam ainda de uma Licença Internacional de Condução.",
    "issue": "A single paragraph combines multiple distinct topics (companies, age requirements, document requirements), which negatively impacts readability and scannability for SEO purposes.",
    "type_of_issue": "Style",
    "solution": "Split the text into three separate paragraphs, each focusing on a single topic, to improve readability.",
    "updated_sentence": "Em Bolonha estão disponíveis 6 empresas de aluguer de automóveis. Entre as opções mais procuradas encontram-se a ECH, a addCar e a Target, sendo a ECH a mais popular no conjunto.\n\nA idade mínima para alugar é de 21 anos, embora muitas empresas apliquem uma sobretaxa para condutores com menos de 25 anos. A idade mínima para conduzir é de 18 anos.\n\nPara concretizar o aluguer, é sempre necessário apresentar passaporte ou documento de identificação nacional válido e uma carta de condução válida. Os condutores com carta emitida fora do Espaço Económico Europeu necessitam ainda de uma Licença Internacional de Condução.",
    "severity": "Minor",
    "score_deduction": 1,
    "source_file": "2026-2027-pt-car-hire-city-06.docx",
    "url": "https://www.skyscanner.pt/aluguer-automovel-em/aluguer-automovel-em-bolonha/27539470.html",
    "candidate": "https://www.skyscanner.pt/aluguer-automovel-em/aluguer-automovel-em-bolonha/27539470.html"
  },
  {
    "text": "Em Curitiba, o aluguer de automóveis pode encontrar-se a partir de 15 €, um valor abaixo da média anual, situada nos 28 €.",
    "issue": "The text uses the Euro (€) symbol for prices in Curitiba, Brazil, where the official currency is the Brazilian Real (R$).",
    "type_of_issue": "Accuracy",
    "solution": "Replace the Euro (€) symbol with the Brazilian Real (R$) symbol.",
    "updated_sentence": "Em Curitiba, o aluguer de automóveis pode encontrar-se a partir de R$ 15, um valor abaixo da média anual, situada nos R$ 28.",
    "severity": "Major",
    "score_deduction": 3,
    "source_file": "2026-2027-pt-car-hire-city-06.docx",
    "url": "https://www.skyscanner.pt/aluguer-automovel-em/aluguer-automovel-em-curitiba/27540625.html",
    "candidate": "https://www.skyscanner.pt/aluguer-automovel-em/aluguer-automovel-em-curitiba/27540625.html"
  },
  {
    "text": "Em Curitiba, o Volkswagen Polo é o carro mais procurado, por ser confortável, prático e apresentar boa relação qualidade-preço. Para quem prefere caixa manual, a Budget disponibiliza um Renault Clio ou semelhante desde 15 € por dia, uma opção adequada a deslocações urbanas. A locarx oferece um Toyota Corolla ou semelhante, também com transmissão manual, desde 21 € por dia. Quem procura caixa automática pode reservar um Toyota Corolla ou semelhante através da Unidas, desde 41 € por dia. A escolha depende do orçamento e da preferência quanto ao tipo de transmissão.",
    "issue": "The currency symbol is incorrect for the location. The text refers to Curitiba (Brazil) but uses the Euro symbol (€) instead of the Brazilian Real (R$).",
    "type_of_issue": "Accuracy",
    "solution": "Replace all instances of the Euro symbol (€) with the Brazilian Real symbol (R$).",
    "updated_sentence": "Em Curitiba, o Volkswagen Polo é o carro mais procurado, por ser confortável, prático e apresentar boa relação qualidade-preço. Para quem prefere caixa manual, a Budget disponibiliza um Renault Clio ou semelhante desde R$ 15 por dia, uma opção adequada a deslocações urbanas. A locarx oferece um Toyota Corolla ou semelhante, também com transmissão manual, desde R$ 21 por dia. Quem procura caixa automática pode reservar um Toyota Corolla ou semelhante através da Unidas, desde R$ 41 por dia. A escolha depende do orçamento e da preferência quanto ao tipo de transmissão.",
    "severity": "Major",
    "score_deduction": 3,
    "source_file": "2026-2027-pt-car-hire-city-06.docx",
    "url": "https://www.skyscanner.pt/aluguer-automovel-em/aluguer-automovel-em-curitiba/27540625.html",
    "candidate": "https://www.skyscanner.pt/aluguer-automovel-em/aluguer-automovel-em-curitiba/27540625.html"
  },
  {
    "text": "A locarx oferece um Toyota Corolla ou semelhante, também com transmissão manual, desde 21 € por dia.",
    "issue": "The brand name 'locarx' is incorrectly capitalized; it should start with a capital letter.",
    "type_of_issue": "Compliance",
    "solution": "Capitalize the first letter of the brand name 'locarx' to 'Locarx'.",
    "updated_sentence": "A Locarx oferece um Toyota Corolla ou semelhante, também com transmissão manual, desde 21 € por dia.",
    "severity": "Minor",
    "score_deduction": 1,
    "source_file": "2026-2027-pt-car-hire-city-06.docx",
    "url": "https://www.skyscanner.pt/aluguer-automovel-em/aluguer-automovel-em-curitiba/27540625.html",
    "candidate": "https://www.skyscanner.pt/aluguer-automovel-em/aluguer-automovel-em-curitiba/27540625.html"
  },
  {
    "text": "Para alugar, são sempre exigidos um passaporte ou documento de identificação válido e a carta de condução.",
    "issue": "The singular adjective \"válido\" (valid) appears to modify only \"documento de identificação\", creating ambiguity as to whether the \"passaporte\" (passport) must also be valid.",
    "type_of_issue": "Grammar",
    "solution": "Repeat the adjective for both nouns linked by \"ou\" (or) to make the requirement for validity explicit for both document options.",
    "updated_sentence": "Para alugar, são sempre exigidos um passaporte válido ou um documento de identificação válido e a carta de condução.",
    "severity": "Minor",
    "score_deduction": 1,
    "source_file": "2026-2027-pt-car-hire-city-06.docx",
    "url": "https://www.skyscanner.pt/aluguer-automovel-em/aluguer-automovel-em-curitiba/27540625.html",
    "candidate": "https://www.skyscanner.pt/aluguer-automovel-em/aluguer-automovel-em-curitiba/27540625.html"
  },
  {
    "text": "Nas autoestradas, o limite de velocidade é de 120 km/h, enquanto nas vias expresso desce para 80 km/h.",
    "issue": "The adjective 'expresso' does not agree in gender and number with the feminine plural noun 'vias'.",
    "type_of_issue": "Grammar",
    "solution": "Change 'expresso' to its feminine plural form, 'expressas', to agree with the noun 'vias'.",
    "updated_sentence": "Nas autoestradas, o limite de velocidade é de 120 km/h, enquanto nas vias expressas desce para 80 km/h.",
    "severity": "Minor",
    "score_deduction": 1,
    "source_file": "2026-2027-pt-car-hire-city-06.docx",
    "url": "https://www.skyscanner.pt/aluguer-automovel-em/aluguer-automovel-em-curitiba/27540625.html",
    "candidate": "https://www.skyscanner.pt/aluguer-automovel-em/aluguer-automovel-em-curitiba/27540625.html"
  },
  {
    "text": "Em Los Angeles, o aluguer de automóvel pode ser reservado a partir de 10 €, um valor abaixo da média anual, que se situa nos 57 €.",
    "issue": "The currency symbol is incorrect for the specified location (Los Angeles, USA); it should be USD ($), not EUR (€).",
    "type_of_issue": "Accuracy",
    "solution": "Change the currency symbol from € to $ in both instances to match the local currency of the United States.",
    "updated_sentence": "Em Los Angeles, o aluguer de automóvel pode ser reservado a partir de 10 $, um valor abaixo da média anual, que se situa nos 57 $.",
    "severity": "Major",
    "score_deduction": 3,
    "source_file": "2026-2027-pt-car-hire-city-06.docx",
    "url": "https://www.skyscanner.pt/aluguer-automovel-em/aluguer-automovel-em-los-angeles/27536211.html",
    "candidate": "https://www.skyscanner.pt/aluguer-automovel-em/aluguer-automovel-em-los-angeles/27536211.html"
  },
  {
    "text": "Este mesmo carro está disponível através da Economy, com transmissão automática, desde 10 € por dia.",
    "issue": "The currency is incorrect for the location. Prices for car rentals in Los Angeles (USA) are listed in Euros (€) instead of US Dollars ($). This error pattern repeats for all prices mentioned.",
    "type_of_issue": "Accuracy",
    "solution": "Change the Euro symbol (€) to the US Dollar symbol ($). Apply this fix to all prices in the text.",
    "updated_sentence": "Este mesmo carro está disponível através da Economy, com transmissão automática, desde 10 $ por dia.",
    "severity": "Major",
    "score_deduction": 3,
    "source_file": "2026-2027-pt-car-hire-city-06.docx",
    "url": "https://www.skyscanner.pt/aluguer-automovel-em/aluguer-automovel-em-los-angeles/27536211.html",
    "candidate": "https://www.skyscanner.pt/aluguer-automovel-em/aluguer-automovel-em-los-angeles/27536211.html"
  },
  {
    "text": "Nas autoestradas, o limite de velocidade é de 100 km/h, enquanto nas vias rápidas o máximo permitido é de 90 km/h. Nas estradas rurais, a velocidade limita-se a 70 km/h e, nas restantes vias, situa-se entre 30 km/h e 50 km/h.",
    "issue": "The text presents US speed limits directly and solely in km/h, which is factually incorrect as the US uses miles per hour (mph). This is highly misleading for drivers, who will only encounter road signs in mph.",
    "type_of_issue": "Accuracy",
    "solution": "Clarify that US speed limits are posted in mph and provide the km/h values as a parenthetical conversion for the target audience's reference. Use typical mph values that correspond to the provided km/h equivalents to ensure accuracy.",
    "updated_sentence": "Os limites de velocidade são indicados em milhas por hora (mph). Nas autoestradas, o limite é tipicamente de 65 mph (cerca de 105 km/h), enquanto noutras vias rápidas pode ser de 55 mph (cerca de 90 km/h). Nas estradas rurais, a velocidade limita-se a 45 mph (cerca de 70 km/h) e, dentro das localidades, situa-se entre 20 e 30 mph (cerca de 30 a 50 km/h).",
    "severity": "Major",
    "score_deduction": 3,
    "source_file": "2026-2027-pt-car-hire-city-06.docx",
    "url": "https://www.skyscanner.pt/aluguer-automovel-em/aluguer-automovel-em-los-angeles/27536211.html",
    "candidate": "https://www.skyscanner.pt/aluguer-automovel-em/aluguer-automovel-em-los-angeles/27536211.html"
  },
  {
    "text": "A recolha do carro de aluguer em Matosinhos pode fazer-se no Porto Aeroporto, o principal ponto de levantamento para quem chega à região.",
    "issue": "The name \"Porto Aeroporto\" is an incorrect and unnatural construction; the standard and widely-used name in European Portuguese is \"Aeroporto do Porto\".",
    "type_of_issue": "Compliance",
    "solution": "Change \"Porto Aeroporto\" to the correct and standard name \"Aeroporto do Porto\" to comply with the project's geo-term guidelines.",
    "updated_sentence": "A recolha do carro de aluguer em Matosinhos pode fazer-se no Aeroporto do Porto, o principal ponto de levantamento para quem chega à região.",
    "severity": "Minor",
    "score_deduction": 1,
    "source_file": "2026-2027-pt-car-hire-city-06.docx",
    "url": "https://www.skyscanner.pt/aluguer-automovel-em/aluguer-automovel-em-matosinhos/33996537.html",
    "candidate": "https://www.skyscanner.pt/aluguer-automovel-em/aluguer-automovel-em-matosinhos/33996537.html"
  },
  {
    "text": "Em Luanda encontram-se três fornecedores de aluguer de automóveis: Budget, Keddy By Europcar e Europcar.",
    "issue": "The brand name 'Keddy By Europcar' uses incorrect capitalization.",
    "type_of_issue": "Compliance",
    "solution": "Correct the brand name capitalization to 'Keddy by Europcar' to align with official branding.",
    "updated_sentence": "Em Luanda encontram-se três fornecedores de aluguer de automóveis: Budget, Keddy by Europcar e Europcar.",
    "severity": "Minor",
    "score_deduction": 1,
    "source_file": "2026-2027-pt-car-hire-city-06.docx",
    "url": "https://www.skyscanner.pt/aluguer-automovel-em/aluguer-automovel-em-luanda/27543961.html",
    "candidate": "https://www.skyscanner.pt/aluguer-automovel-em/aluguer-automovel-em-luanda/27543961.html"
  },
  {
    "text": "Nas estradas nacionais, o limite é de 100 km/h, com uma velocidade recomendada de 130 km/h em alguns troços.",
    "issue": "The text presents a dangerous internal contradiction by stating a recommended speed (130 km/h) that is higher than the legal limit (100 km/h) for the same road type.",
    "type_of_issue": "Accuracy",
    "solution": "Correct the recommended speed to a logical value that does not exceed the legal limit. Assuming a typo, changing it to 90 km/h resolves the contradiction.",
    "updated_sentence": "Nas estradas nacionais, o limite é de 100 km/h, com uma velocidade recomendada de 90 km/h em alguns troços.",
    "severity": "Critical",
    "score_deduction": 25,
    "source_file": "2026-2027-pt-car-hire-city-06.docx",
    "url": "https://www.skyscanner.pt/aluguer-automovel-em/aluguer-automovel-em-luanda/27543961.html",
    "candidate": "https://www.skyscanner.pt/aluguer-automovel-em/aluguer-automovel-em-luanda/27543961.html"
  },
  {
    "text": "Em Nantes, é possível reservar veículos junto de 6 fornecedores de aluguer de automóveis. A Europcar destaca-se como a opção mais procurada, seguida por nomes como a Avis e a Rentscape. A idade mínima para alugar um automóvel é de 21 anos, sendo que vários fornecedores aplicam uma taxa adicional a condutores com menos de 25 anos. Já a idade mínima para conduzir é de 18 anos. Para concretizar o aluguer, são sempre exigidos um passaporte ou documento de identificação nacional válido e a carta de condução. Titulares de cartas não emitidas na União Europeia e não redigidas em francês necessitam de uma Autorização Internacional de Condução.",
    "issue": "The single paragraph combines multiple distinct topics (providers, age requirements, documentation), which makes it dense and difficult to scan, violating readability guidelines for SEO content.",
    "type_of_issue": "Style",
    "solution": "Split the text into three separate paragraphs, each focusing on a single topic: providers, age requirements, and required documents.",
    "updated_sentence": "Em Nantes, é possível reservar veículos junto de 6 fornecedores de aluguer de automóveis. A Europcar destaca-se como a opção mais procurada, seguida por nomes como a Avis e a Rentscape.\n\nA idade mínima para alugar um automóvel é de 21 anos, sendo que vários fornecedores aplicam uma taxa adicional a condutores com menos de 25 anos. Já a idade mínima para conduzir é de 18 anos.\n\nPara concretizar o aluguer, são sempre exigidos um passaporte ou documento de identificação nacional válido e a carta de condução. Titulares de cartas não emitidas na União Europeia e não redigidas em francês necessitam de uma Autorização Internacional de Condução.",
    "severity": "Minor",
    "score_deduction": 1,
    "source_file": "2026-2027-pt-car-hire-city-07.docx",
    "url": "https://www.skyscanner.pt/aluguer-automovel-em/aluguer-automovel-em-nantes/27545159.html",
    "candidate": "https://www.skyscanner.pt/aluguer-automovel-em/aluguer-automovel-em-nantes/27545159.html"
  },
  {
    "text": "Em França, a circulação faz-se pela direita. Nas autoestradas, o limite de velocidade é de 130 km/h, enquanto nas vias rápidas se aplica o limite de 110 km/h. Nas estradas nacionais, a velocidade máxima é de 80 km/h e, nas restantes vias, de 50 km/h. O país dispõe de uma extensa rede de autoestradas com portagens, conhecida como péage, cujas cabinas contam com pessoal e aceitam pagamento em numerário e por cartão. Existem ainda dispositivos eletrónicos télépéage, bem como alguns troços com portagem em fluxo livre, sem barreiras.",
    "issue": "The single paragraph combines three distinct topics (driving side, speed limits, and toll systems), which makes it dense and difficult to scan for specific information.",
    "type_of_issue": "Style",
    "solution": "Split the text into three separate, focused paragraphs to improve readability and scannability, with each paragraph addressing a single topic.",
    "updated_sentence": "Em França, a circulação faz-se pela direita.\n\nNas autoestradas, o limite de velocidade é de 130 km/h, enquanto nas vias rápidas se aplica o limite de 110 km/h. Nas estradas nacionais, a velocidade máxima é de 80 km/h e, nas restantes vias, de 50 km/h.\n\nO país dispõe de uma extensa rede de autoestradas com portagens, conhecida como péage, cujas cabinas contam com pessoal e aceitam pagamento em numerário e por cartão. Existem ainda dispositivos eletrónicos télépéage, bem como alguns troços com portagem em fluxo livre, sem barreiras.",
    "severity": "Minor",
    "score_deduction": 1,
    "source_file": "2026-2027-pt-car-hire-city-07.docx",
    "url": "https://www.skyscanner.pt/aluguer-automovel-em/aluguer-automovel-em-nantes/27545159.html",
    "candidate": "https://www.skyscanner.pt/aluguer-automovel-em/aluguer-automovel-em-nantes/27545159.html"
  },
  {
    "text": "O aluguer de automóveis em Setúbal começa nos 18 €, um valor abaixo da média anual de 22 €.",
    "issue": "A standard space is used before the currency symbol (€) instead of the required non-breaking space for this locale.",
    "type_of_issue": "Compliance",
    "solution": "Replace the standard space with a non-breaking space (e.g., '18 €').",
    "updated_sentence": "O aluguer de automóveis em Setúbal começa nos 18 €, um valor abaixo da média anual de 22 €.",
    "severity": "Minor",
    "score_deduction": 1,
    "source_file": "2026-2027-pt-car-hire-city-07.docx",
    "url": "https://www.skyscanner.pt/aluguer-automovel-em/aluguer-automovel-em-setubal/33987903.html",
    "candidate": "https://www.skyscanner.pt/aluguer-automovel-em/aluguer-automovel-em-setubal/33987903.html"
  },
  {
    "text": "A mesma vendedora oferece o Renault Captur, também com caixa manual, desde 26 € por dia, com espaço adicional para bagagem.",
    "issue": "The term \"vendedora\" (seller) incorrectly describes a car rental company (Thrifty), as the service provided is a rental, not a sale. This changes the meaning of the transaction.",
    "type_of_issue": "Accuracy",
    "solution": "Replace \"vendedora\" with a term appropriate for a rental provider, such as \"empresa\" (company) or the glossary term \"fornecedor\" (provider).",
    "updated_sentence": "A mesma empresa oferece o Renault Captur, também com caixa manual, desde 26 € por dia, com espaço adicional para bagagem.",
    "severity": "Major",
    "score_deduction": 3,
    "source_file": "2026-2027-pt-car-hire-city-07.docx",
    "url": "https://www.skyscanner.pt/aluguer-automovel-em/aluguer-automovel-em-veneza/27547373.html",
    "candidate": "https://www.skyscanner.pt/aluguer-automovel-em/aluguer-automovel-em-veneza/27547373.html"
  },
  {
    "text": "Em Veneza, é possível levantar um carro de aluguer junto à Basílica de São Marcos, na zona central da cidade, com pontos adicionais em bairros como Castello, Dorsoduro, Cannaregio e San Polo. Em alternativa, a recolha pode fazer-se no aeroporto Marco Polo, prática para quem chega de avião. Os valores de partida no aeroporto situam-se num nível idêntico ao do centro histórico, pelo que a escolha entre ambas as opções depende sobretudo da localização mais conveniente para cada viajante.",
    "issue": "The text hallucinates that car rentals are available in the pedestrian-only center of Venice (e.g., near St. Mark's Basilica), which is impossible and critically misleading for travelers.",
    "type_of_issue": "AI-issues",
    "solution": "Replace the hallucinated locations with the correct primary rental points for Venice: Piazzale Roma and Marco Polo Airport.",
    "updated_sentence": "Em Veneza, os carros de aluguer podem ser levantados em dois locais principais: no Aeroporto Marco Polo, o que é prático para quem chega de avião, ou na Piazzale Roma, o terminal de acesso rodoviário à cidade. Os preços em ambos os locais são geralmente comparáveis, pelo que a escolha depende sobretudo da localização mais conveniente para cada viajante.",
    "severity": "Critical",
    "score_deduction": 25,
    "source_file": "2026-2027-pt-car-hire-city-07.docx",
    "url": "https://www.skyscanner.pt/aluguer-automovel-em/aluguer-automovel-em-veneza/27547373.html",
    "candidate": "https://www.skyscanner.pt/aluguer-automovel-em/aluguer-automovel-em-veneza/27547373.html"
  },
  {
    "text": "Em alternativa, o Aeroporto de Budapeste disponibiliza igualmente serviços de levantamento, prático para quem chega de avião.",
    "issue": "The adjective 'prático' is used without a clear noun to which it refers, creating a grammatically disjointed sentence structure.",
    "type_of_issue": "Grammar",
    "solution": "Rephrase to connect the clause grammatically by using the relative construction 'o que é prático'.",
    "updated_sentence": "Em alternativa, o Aeroporto de Budapeste disponibiliza igualmente serviços de levantamento, o que é prático para quem chega de avião.",
    "severity": "Minor",
    "score_deduction": 1,
    "source_file": "2026-2027-pt-car-hire-city-07.docx",
    "url": "https://www.skyscanner.pt/aluguer-automovel-em/aluguer-automovel-em-budapeste/27539604.html",
    "candidate": "https://www.skyscanner.pt/aluguer-automovel-em/aluguer-automovel-em-budapeste/27539604.html"
  },
  {
    "text": "Entre as alternativas mais económicas, a Movida disponibiliza um veículo com transmissão manual desde 38 € por dia. Para quem prefere caixa automática, a Keddy By Europcar oferece uma opção desde 57 € por dia. Também é possível reservar através da Movida um automóvel automático desde 83 € por dia, adequado a quem procura mais conforto de condução.",
    "issue": "The currency symbol (€) is incorrect for the specified location (Guarulhos, Brazil). The local currency is the Brazilian Real (R$). This error pattern repeats for all prices mentioned.",
    "type_of_issue": "Accuracy",
    "solution": "Change all currency symbols from Euro (€) to Brazilian Real (R$) to match the location.",
    "updated_sentence": "Entre as alternativas mais económicas, a Movida disponibiliza um veículo com transmissão manual desde R$ 38 por dia. Para quem prefere caixa automática, a Keddy By Europcar oferece uma opção desde R$ 57 por dia. Também é possível reservar através da Movida um automóvel automático desde R$ 83 por dia, adequado a quem procura mais conforto de condução.",
    "severity": "Major",
    "score_deduction": 3,
    "source_file": "2026-2027-pt-car-hire-city-07.docx",
    "url": "https://www.skyscanner.pt/aluguer-automovel-em/aluguer-automovel-em-guarulhos/32744803.html",
    "candidate": "https://www.skyscanner.pt/aluguer-automovel-em/aluguer-automovel-em-guarulhos/32744803.html"
  },
  {
    "text": "A idade mínima para alugar é de 21 anos, com muitos fornecedores a aplicarem uma sobretaxa para condutores com menos de 25 anos.",
    "issue": "The grammatical construction \"com [substantivo] a [infinitivo]\" is characteristic of Brazilian Portuguese and should be avoided in European Portuguese.",
    "type_of_issue": "Compliance",
    "solution": "Rewrite the clause using a standard European Portuguese structure, such as a subordinate clause with \"sendo que\".",
    "updated_sentence": "A idade mínima para alugar é de 21 anos, sendo que muitos fornecedores aplicam uma sobretaxa para condutores com menos de 25 anos.",
    "severity": "Minor",
    "score_deduction": 1,
    "source_file": "2026-2027-pt-car-hire-city-07.docx",
    "url": "https://www.skyscanner.pt/aluguer-automovel-em/aluguer-automovel-em-guarulhos/32744803.html",
    "candidate": "https://www.skyscanner.pt/aluguer-automovel-em/aluguer-automovel-em-guarulhos/32744803.html"
  },
  {
    "text": "Entre as opções disponíveis, a Rental24 disponibiliza o Dacia Sandero com transmissão manual desde 17 € por dia, uma escolha equilibrada para deslocações diárias.",
    "issue": "The currency symbol used is Euro (€) for Agadir, Morocco, which is incorrect as the local currency is the Moroccan Dirham (MAD). This error is repeated for all prices.",
    "type_of_issue": "Accuracy",
    "solution": "Replace the Euro symbol (€) with the correct currency code for Morocco (MAD).",
    "updated_sentence": "Entre as opções disponíveis, a Rental24 disponibiliza o Dacia Sandero com transmissão manual desde 17 MAD por dia, uma escolha equilibrada para deslocações diárias.",
    "severity": "Major",
    "score_deduction": 3,
    "source_file": "2026-2027-pt-car-hire-city-07.docx",
    "url": "https://www.skyscanner.pt/aluguer-automovel-em/aluguer-automovel-em-agadir/27536479.html",
    "candidate": "https://www.skyscanner.pt/aluguer-automovel-em/aluguer-automovel-em-agadir/27536479.html"
  },
  {
    "text": "Para quem prefere caixa automática, a Foco disponibiliza uma opção desde 20 € por dia, enquanto a Movida oferece um veículo automático desde 45 € por dia. Entre as alternativas de caixa manual, a Foco tem uma proposta desde 64 € por dia.",
    "issue": "The currency symbol is incorrect for the location. The text uses Euros (€) for services in Campinas, Brazil, where the correct currency is the Brazilian Real (BRL).",
    "type_of_issue": "Accuracy",
    "solution": "Replace all instances of the Euro symbol (€) with the Brazilian Real symbol (R$) and its standard formatting for Brazil (e.g., R$ 20).",
    "updated_sentence": "Para quem prefere caixa automática, a Foco disponibiliza uma opção desde R$ 20 por dia, enquanto a Movida oferece um veículo automático desde R$ 45 por dia. Entre as alternativas de caixa manual, a Foco tem uma proposta desde R$ 64 por dia.",
    "severity": "Major",
    "score_deduction": 3,
    "source_file": "2026-2027-pt-car-hire-city-07.docx",
    "url": "https://www.skyscanner.pt/aluguer-automovel-em/aluguer-automovel-em-campinas/27539906.html",
    "candidate": "https://www.skyscanner.pt/aluguer-automovel-em/aluguer-automovel-em-campinas/27539906.html"
  },
  {
    "text": "Em Campinas encontram-se seis empresas de aluguer de automóveis. Entre as opções disponíveis contam-se a Localiza, a Movida e a Unidas, sendo a Localiza a mais procurada. A idade mínima para alugar um automóvel é de 21 anos, embora muitas empresas apliquem uma sobretaxa para condutores com menos de 25 anos. A idade mínima para conduzir é de 18 anos. Para efetuar o aluguer, é sempre necessário apresentar passaporte ou documento de identificação válido e carta de condução. Exige-se ainda uma autorização internacional de condução para cartas que não estejam redigidas em alfabeto latino ou emitidas por países sem acordo de reciprocidade com o Brasil.",
    "issue": "The single paragraph contains multiple distinct topics (available companies, age requirements, document requirements), making it dense and difficult to scan.",
    "type_of_issue": "Style",
    "solution": "Split the paragraph into three smaller, more focused paragraphs to improve readability and structure.",
    "updated_sentence": "Em Campinas encontram-se seis empresas de aluguer de automóveis. Entre as opções disponíveis contam-se a Localiza, a Movida e a Unidas, sendo a Localiza a mais procurada.\n\nA idade mínima para alugar um automóvel é de 21 anos, embora muitas empresas apliquem uma sobretaxa para condutores com menos de 25 anos. A idade mínima para conduzir é de 18 anos.\n\nPara efetuar o aluguer, é sempre necessário apresentar passaporte ou documento de identificação válido e carta de condução. Exige-se ainda uma autorização internacional de condução para cartas que não estejam redigidas em alfabeto latino ou emitidas por países sem acordo de reciprocidade com o Brasil.",
    "severity": "Minor",
    "score_deduction": 1,
    "source_file": "2026-2027-pt-car-hire-city-07.docx",
    "url": "https://www.skyscanner.pt/aluguer-automovel-em/aluguer-automovel-em-campinas/27539906.html",
    "candidate": "https://www.skyscanner.pt/aluguer-automovel-em/aluguer-automovel-em-campinas/27539906.html"
  },
  {
    "text": "Convém ter atenção às portagens, uma vez que o país mantém postos de cobrança em numerário e eletrónicos (pedágios) em muitas rodovias estaduais e federais, com uma tarifa fixa por cada posto atravessado.",
    "issue": "The text uses the Brazilian Portuguese term 'rodovias', which is inconsistent with the European Portuguese lexicon required for the pt-PT locale.",
    "type_of_issue": "Compliance",
    "solution": "Replace the Brazilian term 'rodovias' with the standard European Portuguese equivalent 'estradas' to align with the style guide and the surrounding text.",
    "updated_sentence": "Convém ter atenção às portagens, uma vez que o país mantém postos de cobrança em numerário e eletrónicos (pedágios) em muitas estradas estaduais e federais, com uma tarifa fixa por cada posto atravessado.",
    "severity": "Minor",
    "score_deduction": 1,
    "source_file": "2026-2027-pt-car-hire-city-07.docx",
    "url": "https://www.skyscanner.pt/aluguer-automovel-em/aluguer-automovel-em-campinas/27539906.html",
    "candidate": "https://www.skyscanner.pt/aluguer-automovel-em/aluguer-automovel-em-campinas/27539906.html"
  },
  {
    "text": "Quando a carta não está impressa em espanhol ou em caracteres latinos, torna-se necessária uma Autorização Internacional de Condução.",
    "issue": "The text incorrectly states a driving license language requirement as 'espanhol' (Spanish) for the destination of Flores, which is in Portugal, where the official language is Portuguese.",
    "type_of_issue": "Accuracy",
    "solution": "Replace 'espanhol' with 'português' to accurately reflect the local language and legal context.",
    "updated_sentence": "Quando a carta não está impressa em português ou em caracteres latinos, torna-se necessária uma Autorização Internacional de Condução.",
    "severity": "Major",
    "score_deduction": 3,
    "source_file": "2026-2027-pt-car-hire-city-07.docx",
    "url": "https://www.skyscanner.pt/aluguer-automovel-em/aluguer-automovel-em-flores/27541715.html",
    "candidate": "https://www.skyscanner.pt/aluguer-automovel-em/aluguer-automovel-em-flores/27541715.html"
  },
  {
    "text": "Para quem prefere um carro compacto de câmbio manual, a RentSmart24 disponibiliza o Lancia Ypsilon ou semelhante desde 30 € por dia.",
    "issue": "The text uses the Brazilian Portuguese term \"câmbio manual\" which is incorrect for the European Portuguese locale.",
    "type_of_issue": "Compliance",
    "solution": "Replace \"câmbio manual\" with the correct European Portuguese term \"caixa manual\" for locale-appropriateness.",
    "updated_sentence": "Para quem prefere um carro compacto de caixa manual, a RentSmart24 disponibiliza o Lancia Ypsilon ou semelhante desde 30 € por dia.",
    "severity": "Minor",
    "score_deduction": 1,
    "source_file": "2026-2027-pt-car-hire-city-07.docx",
    "url": "https://www.skyscanner.pt/aluguer-automovel-em/aluguer-automovel-em-pisa/27546040.html",
    "candidate": "https://www.skyscanner.pt/aluguer-automovel-em/aluguer-automovel-em-pisa/27546040.html"
  },
  {
    "text": "A ECH oferece o Volkswagen Up! ou semelhante, também com transmissão manual, desde 30 € por dia.",
    "issue": "The term \"transmissão manual\" is inconsistent with \"caixa automática\" used in the following sentence, creating a stylistic inconsistency.",
    "type_of_issue": "Style",
    "solution": "Replace \"transmissão manual\" with \"caixa manual\" to ensure consistent terminology is used throughout the text.",
    "updated_sentence": "A ECH oferece o Volkswagen Up! ou semelhante, também com caixa manual, desde 30 € por dia.",
    "severity": "Minor",
    "score_deduction": 1,
    "source_file": "2026-2027-pt-car-hire-city-07.docx",
    "url": "https://www.skyscanner.pt/aluguer-automovel-em/aluguer-automovel-em-pisa/27546040.html",
    "candidate": "https://www.skyscanner.pt/aluguer-automovel-em/aluguer-automovel-em-pisa/27546040.html"
  },
  {
    "text": "A rede de autostrada funciona com portagens num sistema de bilhete fechado: o condutor retira um bilhete à entrada e paga à saída consoante a distância percorrida.",
    "issue": "The Italian singular 'autostrada' is used, which is inconsistent with the Portuguese plural 'autoestradas' used earlier and is grammatically incorrect in the context of 'rede de' (network of).",
    "type_of_issue": "Grammar",
    "solution": "Change 'autostrada' to the Portuguese plural 'autoestradas' for consistency and grammatical correctness.",
    "updated_sentence": "A rede de autoestradas funciona com portagens num sistema de bilhete fechado: o condutor retira um bilhete à entrada e paga à saída consoante a distância percorrida.",
    "severity": "Minor",
    "score_deduction": 1,
    "source_file": "2026-2027-pt-car-hire-city-07.docx",
    "url": "https://www.skyscanner.pt/aluguer-automovel-em/aluguer-automovel-em-pisa/27546040.html",
    "candidate": "https://www.skyscanner.pt/aluguer-automovel-em/aluguer-automovel-em-pisa/27546040.html"
  },
  {
    "text": "O aluguer de carro em Porto Alegre tem, atualmente, um valor mínimo de 22 €, enquanto a média anual se situa nos 27 €.",
    "issue": "The Euro (€) symbol is used for a service in Brazil, which is incorrect as the local currency is the Brazilian Real (R$).",
    "type_of_issue": "Accuracy",
    "solution": "Replace the Euro (€) symbol with the Brazilian Real (R$) symbol to match the service location.",
    "updated_sentence": "O aluguer de carro em Porto Alegre tem, atualmente, um valor mínimo de R$ 22, enquanto a média anual se situa nos R$ 27.",
    "severity": "Major",
    "score_deduction": 3,
    "source_file": "2026-2027-pt-car-hire-city-07.docx",
    "url": "https://www.skyscanner.pt/aluguer-automovel-em/aluguer-automovel-em-porto-alegre/27546005.html",
    "candidate": "https://www.skyscanner.pt/aluguer-automovel-em/aluguer-automovel-em-porto-alegre/27546005.html"
  },
  {
    "text": "Junto da Foco, o Volkswagen Polo com transmissão manual está disponível desde 24 € por dia.",
    "issue": "The preposition \"Junto da\" (next to) is semantically incorrect for expressing availability from a provider, altering the meaning.",
    "type_of_issue": "Accuracy",
    "solution": "Replace \"Junto da\" with \"Através da\" to correctly state the car is available 'through' the provider.",
    "updated_sentence": "Através da Foco, o Volkswagen Polo com transmissão manual está disponível desde 24 € por dia.",
    "severity": "Major",
    "score_deduction": 3,
    "source_file": "2026-2027-pt-car-hire-city-07.docx",
    "url": "https://www.skyscanner.pt/aluguer-automovel-em/aluguer-automovel-em-porto-alegre/27546005.html",
    "candidate": "https://www.skyscanner.pt/aluguer-automovel-em/aluguer-automovel-em-porto-alegre/27546005.html"
  },
  {
    "text": "A mesma vendedora disponibiliza o SEAT Ibiza, igualmente manual, desde 22 € por dia, uma alternativa de valor semelhante.",
    "issue": "The term 'vendedora' (saleswoman) is used for a company, violating the mandatory glossary term 'fornecedor' (provider).",
    "type_of_issue": "Compliance",
    "solution": "Replace 'vendedora' with 'fornecedor' to align with the glossary and use the correct term and grammatical gender for the provider.",
    "updated_sentence": "O mesmo fornecedor disponibiliza o SEAT Ibiza, igualmente manual, desde 22 € por dia, uma alternativa de valor semelhante.",
    "severity": "Major",
    "score_deduction": 3,
    "source_file": "2026-2027-pt-car-hire-city-07.docx",
    "url": "https://www.skyscanner.pt/aluguer-automovel-em/aluguer-automovel-em-porto-alegre/27546005.html",
    "candidate": "https://www.skyscanner.pt/aluguer-automovel-em/aluguer-automovel-em-porto-alegre/27546005.html"
  },
  {
    "text": "Existem portagens em muitas rodovias estaduais e federais, conhecidas localmente como pedágios.",
    "issue": "The word 'rodovias' is a Brazilian Portuguese term. The style guide requires using the European Portuguese lexicon ('estradas') for the pt-PT target audience, even when the topic is Brazil.",
    "type_of_issue": "Compliance",
    "solution": "Replace the Brazilian Portuguese term 'rodovias' with the standard European Portuguese equivalent 'estradas'.",
    "updated_sentence": "Existem portagens em muitas estradas estaduais e federais, conhecidas localmente como pedágios.",
    "severity": "Minor",
    "score_deduction": 1,
    "source_file": "2026-2027-pt-car-hire-city-07.docx",
    "url": "https://www.skyscanner.pt/aluguer-automovel-em/aluguer-automovel-em-porto-alegre/27546005.html",
    "candidate": "https://www.skyscanner.pt/aluguer-automovel-em/aluguer-automovel-em-porto-alegre/27546005.html"
  },
  {
    "text": "Uma alternativa com maior capacidade de passageiros é o Citroen C3, também com transmissão manual, desde 60 € por dia.",
    "issue": "The brand name 'Citroën' is misspelled without the required diaeresis on the 'e'.",
    "type_of_issue": "Compliance",
    "solution": "Add the diaeresis to 'Citroen' to correctly spell the brand name as 'Citroën'.",
    "updated_sentence": "Uma alternativa com maior capacidade de passageiros é o Citroën C3, também com transmissão manual, desde 60 € por dia.",
    "severity": "Minor",
    "score_deduction": 1,
    "source_file": "2026-2027-pt-car-hire-city-08.docx",
    "url": "https://www.skyscanner.pt/aluguer-automovel-em/aluguer-automovel-em-vilamoura/33990655.html",
    "candidate": "https://www.skyscanner.pt/aluguer-automovel-em/aluguer-automovel-em-vilamoura/33990655.html"
  },
  {
    "text": "O aluguer de carro em Olbia pode reservar-se a partir de 44 €, valor abaixo da média anual, situada nos 86 €. Comparar diferentes empresas e categorias de veículos ajuda a identificar as tarifas mais reduzidas. Outubro regista, habitualmente, os preços mais baixos do ano, pelo que quem tem flexibilidade nas datas pode beneficiar dessa altura. Reservar com 2 semanas de antecedência contribui igualmente para obter melhores condições. A pesquisa antecipada permite acompanhar a evolução dos preços e escolher a opção mais adequada.",
    "issue": "The single paragraph combines multiple distinct tips (price context, comparison, seasonality, advance booking), which makes the text dense and difficult to scan, violating the SEO/editorial guideline for readability.",
    "type_of_issue": "Style",
    "solution": "Split the single block of text into shorter, distinct paragraphs, each focusing on a specific idea or tip to improve scannability.",
    "updated_sentence": "O aluguer de carro em Olbia pode reservar-se a partir de 44 €, valor abaixo da média anual, situada nos 86 €.\n\nComparar diferentes empresas e categorias de veículos ajuda a identificar as tarifas mais reduzidas. Outubro regista, habitualmente, os preços mais baixos do ano, pelo que quem tem flexibilidade nas datas pode beneficiar dessa altura.\n\nReservar com 2 semanas de antecedência contribui igualmente para obter melhores condições. A pesquisa antecipada permite acompanhar a evolução dos preços e escolher a opção mais adequada.",
    "severity": "Minor",
    "score_deduction": 1,
    "source_file": "2026-2027-pt-car-hire-city-08.docx",
    "url": "https://www.skyscanner.pt/aluguer-automovel-em/aluguer-automovel-em-olbia/27545213.html",
    "candidate": "https://www.skyscanner.pt/aluguer-automovel-em/aluguer-automovel-em-olbia/27545213.html"
  },
  {
    "text": "A recolha do carro de aluguer pode fazer-se no Faro Aeroporto, uma das opções mais procuradas para quem chega de avião. Em alternativa, é possível levantar a viatura no centro de Faro, próximo dos principais acessos à cidade. A recolha no aeroporto tende a ficar mais barata do que a recolha no centro da cidade, o que a torna uma escolha prática logo após a aterragem. Ambas as zonas contam com vários operadores disponíveis para o levantamento.",
    "issue": "The content describes car hire pickup locations in Faro, Portugal, which entirely contradicts the article's topic, which is Montenegro.",
    "type_of_issue": "Accuracy",
    "solution": "Replace the text with content relevant to Montenegro, as the current text is about Faro, Portugal.",
    "updated_sentence": "[O conteúdo deve ser substituído por informações sobre os locais de levantamento de carros de aluguer em Montenegro, como os aeroportos de Podgorica ou Tivat e os centros das cidades.]",
    "severity": "Major",
    "score_deduction": 3,
    "source_file": "2026-2027-pt-car-hire-city-08.docx",
    "url": "https://www.skyscanner.pt/aluguer-automovel-em/aluguer-automovel-em-montenegro/46230178.html",
    "candidate": "https://www.skyscanner.pt/aluguer-automovel-em/aluguer-automovel-em-montenegro/46230178.html"
  },
  {
    "text": "O valor mais baixo disponível ronda os 17 €, enquanto a média anual se situa nos 29 €.",
    "issue": "The content uses the Euro (€) symbol for prices in São Paulo, which is incorrect as the local currency in Brazil is the Brazilian Real (R$).",
    "type_of_issue": "Accuracy",
    "solution": "Replace the Euro symbol (€) with the Brazilian Real symbol (R$) and adjust the formatting to local conventions (R$ [value]).",
    "updated_sentence": "O valor mais baixo disponível ronda os R$ 17, enquanto a média anual se situa nos R$ 29.",
    "severity": "Major",
    "score_deduction": 3,
    "source_file": "2026-2027-pt-car-hire-city-08.docx",
    "url": "https://www.skyscanner.pt/aluguer-automovel-em/aluguer-automovel-em-sao-paulo/27539772.html",
    "candidate": "https://www.skyscanner.pt/aluguer-automovel-em/aluguer-automovel-em-sao-paulo/27539772.html"
  },
  {
    "text": "Para quem prefere um citadino económico, a Avis disponibiliza um modelo com transmissão manual desde 17 € por dia.",
    "issue": "The currency symbol is incorrect for the location. The text discusses car rentals in São Paulo, Brazil, but uses the Euro (€) symbol instead of the Brazilian Real (R$). This pattern repeats for all prices mentioned.",
    "type_of_issue": "Accuracy",
    "solution": "Replace the Euro (€) symbol with the Brazilian Real (R$) symbol in all instances.",
    "updated_sentence": "Para quem prefere um citadino económico, a Avis disponibiliza um modelo com transmissão manual desde R$ 17 por dia.",
    "severity": "Major",
    "score_deduction": 3,
    "source_file": "2026-2027-pt-car-hire-city-08.docx",
    "url": "https://www.skyscanner.pt/aluguer-automovel-em/aluguer-automovel-em-sao-paulo/27539772.html",
    "candidate": "https://www.skyscanner.pt/aluguer-automovel-em/aluguer-automovel-em-sao-paulo/27539772.html"
  },
  {
    "text": "Em São Paulo, o levantamento do carro pode fazer-se no centro da cidade, em bairros como a Sé, a Consolação ou a Bela Vista, ou junto aos aeroportos. Quem chega de avião encontra opções tanto no Aeroporto de Guarulhos Cumbica como no Aeroporto de Congonhas, o que facilita a recolha logo após a aterragem. Os valores de partida nos aeroportos revelam-se semelhantes aos praticados nas zonas centrais, permitindo escolher o ponto de recolha conforme a localização mais conveniente.",
    "issue": "The paragraph combines three distinct topics (general locations, specific airports, and price comparison), which makes it dense and less scannable.",
    "type_of_issue": "Style",
    "solution": "Split the paragraph into three shorter, more focused paragraphs to improve readability and structure.",
    "updated_sentence": "Em São Paulo, o levantamento do carro pode fazer-se no centro da cidade, em bairros como a Sé, a Consolação ou a Bela Vista, ou junto aos aeroportos.\n\nQuem chega de avião encontra opções tanto no Aeroporto de Guarulhos Cumbica como no Aeroporto de Congonhas, o que facilita a recolha logo após a aterragem.\n\nOs valores de partida nos aeroportos revelam-se semelhantes aos praticados nas zonas centrais, permitindo escolher o ponto de recolha conforme a localização mais conveniente.",
    "severity": "Minor",
    "score_deduction": 1,
    "source_file": "2026-2027-pt-car-hire-city-08.docx",
    "url": "https://www.skyscanner.pt/aluguer-automovel-em/aluguer-automovel-em-sao-paulo/27539772.html",
    "candidate": "https://www.skyscanner.pt/aluguer-automovel-em/aluguer-automovel-em-sao-paulo/27539772.html"
  },
  {
    "text": "Setembro tende a apresentar os preços mais reduzidos ao longo do ano, sendo o mês indicado para quem procura poupar.",
    "issue": "The month 'Setembro' is capitalized mid-sentence, which is incorrect in Portuguese grammar; it should be in lowercase.",
    "type_of_issue": "Punctuation/Spelling/Typos",
    "solution": "Change 'Setembro' to 'setembro'.",
    "updated_sentence": "setembro tende a apresentar os preços mais reduzidos ao longo do ano, sendo o mês indicado para quem procura poupar.",
    "severity": "Minor",
    "score_deduction": 1,
    "source_file": "2026-2027-pt-car-hire-city-08.docx",
    "url": "https://www.skyscanner.pt/aluguer-automovel-em/aluguer-automovel-em-benidorm/29476498.html",
    "candidate": "https://www.skyscanner.pt/aluguer-automovel-em/aluguer-automovel-em-benidorm/29476498.html"
  },
  {
    "text": "Em Benidorm estão disponíveis 6 fornecedores de aluguer de automóveis. Entre os mais procurados encontram-se a Centauro, a Enterprise e a Free2move, sendo a Centauro o fornecedor mais popular. A idade mínima para alugar um automóvel é de 21 anos, embora vários fornecedores apliquem uma sobretaxa para condutores com menos de 25 anos. A idade mínima para conduzir é de 18 anos. Para efetuar o aluguer, é sempre necessário apresentar um passaporte ou documento de identificação válido e uma carta de condução válida. As cartas emitidas fora da UE/EEE exigem, por lei, uma carta de condução internacional.",
    "issue": "A single paragraph combines multiple distinct ideas (suppliers, age requirements, documents), which makes it difficult to scan and violates SEO/editorial readability guidelines.",
    "type_of_issue": "Style",
    "solution": "Split the paragraph into three shorter, distinct paragraphs, each focusing on a single topic to improve readability.",
    "updated_sentence": "Em Benidorm estão disponíveis 6 fornecedores de aluguer de automóveis. Entre os mais procurados encontram-se a Centauro, a Enterprise e a Free2move, sendo a Centauro o fornecedor mais popular.\n\nA idade mínima para alugar um automóvel é de 21 anos, embora vários fornecedores apliquem uma sobretaxa para condutores com menos de 25 anos. A idade mínima para conduzir é de 18 anos.\n\nPara efetuar o aluguer, é sempre necessário apresentar um passaporte ou documento de identificação válido e uma carta de condução válida. As cartas emitidas fora da UE/EEE exigem, por lei, uma carta de condução internacional.",
    "severity": "Minor",
    "score_deduction": 1,
    "source_file": "2026-2027-pt-car-hire-city-08.docx",
    "url": "https://www.skyscanner.pt/aluguer-automovel-em/aluguer-automovel-em-benidorm/29476498.html",
    "candidate": "https://www.skyscanner.pt/aluguer-automovel-em/aluguer-automovel-em-benidorm/29476498.html"
  },
  {
    "text": "Alugar um carro em Berlim pode começar a partir de 29 €, um valor abaixo da média anual de 45 €. Para obter tarifas mais reduzidas, convém comparar as opções disponíveis e ter alguma flexibilidade nas datas. Outubro destaca-se como o mês mais económico para o aluguer, o que pode influenciar a escolha do período de viagem. A reserva feita com 2 semanas de antecedência tende a garantir melhores condições. Uma pesquisa atempada permite identificar o negócio mais adequado a cada itinerário.",
    "issue": "This single SEO/editorial paragraph combines multiple distinct ideas (pricing, seasonality, booking tips), which makes it dense and difficult to scan.",
    "type_of_issue": "Style",
    "solution": "Split the content into multiple shorter paragraphs, each focusing on a distinct idea, to improve readability and scannability.",
    "updated_sentence": "Alugar um carro em Berlim pode começar a partir de 29 €, um valor abaixo da média anual de 45 €.\n\nPara obter tarifas mais reduzidas, convém comparar as opções disponíveis e ter alguma flexibilidade nas datas. Outubro destaca-se como o mês mais económico para o aluguer, o que pode influenciar a escolha do período de viagem.\n\nA reserva feita com 2 semanas de antecedência tende a garantir melhores condições. Uma pesquisa atempada permite identificar o negócio mais adequado a cada itinerário.",
    "severity": "Minor",
    "score_deduction": 1,
    "source_file": "2026-2027-pt-car-hire-city-08.docx",
    "url": "https://www.skyscanner.pt/aluguer-automovel-em/aluguer-automovel-em-berlim/27547053.html",
    "candidate": "https://www.skyscanner.pt/aluguer-automovel-em/aluguer-automovel-em-berlim/27547053.html"
  },
  {
    "text": "Em Berlim, o aluguer de automóveis está disponível através de seis empresas. Entre as opções mais procuradas encontram-se a Enterprise, a Alamo e a Europcar, sendo a Enterprise a mais popular no geral. A idade mínima para alugar é de 21 anos, embora várias empresas apliquem uma taxa adicional para condutores com menos de 25 anos. A idade mínima para conduzir é de 18 anos. Para efetuar o aluguer, são sempre exigidos um passaporte ou documento de identificação nacional válido e a carta de condução. As cartas emitidas fora da União Europeia requerem uma Autorização Internacional de Condução, válida por seis meses.",
    "issue": "The paragraph combines multiple distinct topics (company availability, age requirements, and document requirements), which makes it dense and less scannable for the reader.",
    "type_of_issue": "Style",
    "solution": "Split the paragraph into three shorter paragraphs, each focusing on a single topic, to improve readability.",
    "updated_sentence": "Em Berlim, o aluguer de automóveis está disponível através de seis empresas. Entre as opções mais procuradas encontram-se a Enterprise, a Alamo e a Europcar, sendo a Enterprise a mais popular no geral.\n\nA idade mínima para alugar é de 21 anos, embora várias empresas apliquem uma taxa adicional para condutores com menos de 25 anos. A idade mínima para conduzir é de 18 anos.\n\nPara efetuar o aluguer, são sempre exigidos um passaporte ou documento de identificação nacional válido e a carta de condução. As cartas emitidas fora da União Europeia requerem uma Autorização Internacional de Condução, válida por seis meses.",
    "severity": "Minor",
    "score_deduction": 1,
    "source_file": "2026-2027-pt-car-hire-city-08.docx",
    "url": "https://www.skyscanner.pt/aluguer-automovel-em/aluguer-automovel-em-berlim/27547053.html",
    "candidate": "https://www.skyscanner.pt/aluguer-automovel-em/aluguer-automovel-em-berlim/27547053.html"
  },
  {
    "text": "Em Cancún, o Nissan Micra é o modelo mais procurado, sobretudo por ser pequeno, prático e fácil de estacionar. Quem prefere caixa automática pode reservar o Nissan Micra através da FlexWays desde 6 € por dia. Para condução manual, a FlexWays disponibiliza igualmente o Nissan Versa desde 6 € por dia, com capacidade para cinco ocupantes. Como alternativa, é possível optar pelo Hyundai i10 da Fox - Rent A Car, também com caixa manual, desde 7 € por dia. As três opções permitem comparar transmissão e preço consoante as necessidades de cada viagem.",
    "issue": "The currency symbol is incorrect for the location. The text quotes prices in Euros (€) for services in Cancún, Mexico, which does not use this currency.",
    "type_of_issue": "Accuracy",
    "solution": "Replace the Euro symbol (€) with a currency symbol appropriate for the location, such as the dollar sign ($), which is commonly used for tourist pricing in Cancún.",
    "updated_sentence": "Em Cancún, o Nissan Micra é o modelo mais procurado, sobretudo por ser pequeno, prático e fácil de estacionar. Quem prefere caixa automática pode reservar o Nissan Micra através da FlexWays desde 6 $ por dia. Para condução manual, a FlexWays disponibiliza igualmente o Nissan Versa desde 6 $ por dia, com capacidade para cinco ocupantes. Como alternativa, é possível optar pelo Hyundai i10 da Fox - Rent A Car, também com caixa manual, desde 7 $ por dia. As três opções permitem comparar transmissão e preço consoante as necessidades de cada viagem.",
    "severity": "Major",
    "score_deduction": 3,
    "source_file": "2026-2027-pt-car-hire-city-08.docx",
    "url": "https://www.skyscanner.pt/aluguer-automovel-em/aluguer-automovel-em-cancun/27540602.html",
    "candidate": "https://www.skyscanner.pt/aluguer-automovel-em/aluguer-automovel-em-cancun/27540602.html"
  },
  {
    "text": "A reserva com 3 semanas de antecedência costuma resultar em condições mais favoráveis, pelo que é possível assegurar um bom negócio planeando com alguma antecipação.",
    "issue": "The gerund 'planeando' is used in a construction typical of Brazilian Portuguese; European Portuguese prefers an infinitive clause.",
    "type_of_issue": "Compliance",
    "solution": "Replace the gerund with the infinitive construction 'ao planear' to align with European Portuguese standards.",
    "updated_sentence": "A reserva com 3 semanas de antecedência costuma resultar em condições mais favoráveis, pelo que é possível assegurar um bom negócio ao planear com alguma antecipação.",
    "severity": "Minor",
    "score_deduction": 1,
    "source_file": "2026-2027-pt-car-hire-city-08.docx",
    "url": "https://www.skyscanner.pt/aluguer-automovel-em/aluguer-automovel-em-copenhaga/27539902.html",
    "candidate": "https://www.skyscanner.pt/aluguer-automovel-em/aluguer-automovel-em-copenhaga/27539902.html"
  },
  {
    "text": "Em Copenhaga, é possível reservar veículos junto de 6 fornecedores de aluguer. Entre os mais procurados encontram-se a Alamo, a Europcar e a Thrifty, sendo a Alamo o fornecedor mais popular na cidade. A idade mínima para alugar um automóvel é de 21 anos, embora vários fornecedores apliquem uma sobretaxa para condutores com menos de 25 anos. A idade mínima para conduzir é de 18 anos. Para concretizar o aluguer, são necessários um passaporte ou documento de identificação nacional válido e a carta de condução. Cartas emitidas fora da União Europeia exigem ainda uma licença internacional de condução.",
    "issue": "The single body paragraph packs multiple distinct ideas (providers, age requirements, document requirements), which is objectively hard to scan and violates SEO/editorial readability guidelines.",
    "type_of_issue": "Style",
    "solution": "Split the content into three separate, shorter paragraphs, each dedicated to a single topic, to improve scannability and structure.",
    "updated_sentence": "Em Copenhaga, é possível reservar veículos junto de 6 fornecedores de aluguer. Entre os mais procurados encontram-se a Alamo, a Europcar e a Thrifty, sendo a Alamo o fornecedor mais popular na cidade.\n\nA idade mínima para alugar um automóvel é de 21 anos, embora vários fornecedores apliquem uma sobretaxa para condutores com menos de 25 anos. A idade mínima para conduzir é de 18 anos.\n\nPara concretizar o aluguer, são necessários um passaporte ou documento de identificação nacional válido e a carta de condução. Cartas emitidas fora da União Europeia exigem ainda uma licença internacional de condução.",
    "severity": "Minor",
    "score_deduction": 1,
    "source_file": "2026-2027-pt-car-hire-city-08.docx",
    "url": "https://www.skyscanner.pt/aluguer-automovel-em/aluguer-automovel-em-copenhaga/27539902.html",
    "candidate": "https://www.skyscanner.pt/aluguer-automovel-em/aluguer-automovel-em-copenhaga/27539902.html"
  },
  {
    "text": "Quem prefira caixa manual encontra o Skoda Scala com a Keddy By Europcar desde 55 € por dia.",
    "issue": "The brand name 'Keddy By Europcar' is incorrectly capitalized; the preposition 'By' should be in lowercase.",
    "type_of_issue": "Compliance",
    "solution": "Change the capitalization of 'By' to 'by' to match the official brand name styling.",
    "updated_sentence": "Quem prefira caixa manual encontra o Skoda Scala com a Keddy by Europcar desde 55 € por dia.",
    "severity": "Minor",
    "score_deduction": 1,
    "source_file": "2026-2027-pt-car-hire-city-08.docx",
    "url": "https://www.skyscanner.pt/aluguer-automovel-em/aluguer-automovel-em-eindhoven/27540894.html",
    "candidate": "https://www.skyscanner.pt/aluguer-automovel-em/aluguer-automovel-em-eindhoven/27540894.html"
  },
  {
    "text": "As cartas fora do EEE que não estejam no alfabeto latino requerem ainda uma Autorização Internacional de Condução.",
    "issue": "The term for an International Driving Permit is incorrect. The official term in European Portuguese is \"Licença Internacional de Condução\", not \"Autorização Internacional de Condução\".",
    "type_of_issue": "Accuracy",
    "solution": "Replace the incorrect term with the official Portuguese name for the document to ensure clarity and accuracy.",
    "updated_sentence": "As cartas fora do EEE que não estejam no alfabeto latino requerem ainda uma Licença Internacional de Condução.",
    "severity": "Major",
    "score_deduction": 3,
    "source_file": "2026-2027-pt-car-hire-city-08.docx",
    "url": "https://www.skyscanner.pt/aluguer-automovel-em/aluguer-automovel-em-eindhoven/27540894.html",
    "candidate": "https://www.skyscanner.pt/aluguer-automovel-em/aluguer-automovel-em-eindhoven/27540894.html"
  },
  {
    "text": "Na Holanda circula-se pelo lado direito da estrada. Nas autoestradas, o limite de velocidade é de 100 km/h, enquanto nas vias rápidas e nas estradas rurais se aplica o limite de 80 km/h. Nas restantes vias, sobretudo em meio urbano, a velocidade máxima é de 50 km/h. O país é, na sua maior parte, isento de portagens para automóveis. Existem, contudo, algumas exceções, como o túnel Kiltunnel e a ligação eletrónica A24 Blankenburg, com cobrança em fluxo livre. Convém verificar a sinalização local, uma vez que os limites podem variar consoante a zona e as condições da via.",
    "issue": "The single paragraph combines multiple distinct topics (driving side/speed limits, toll information, and a final disclaimer), which harms scannability and violates the editorial guideline for paragraph segmentation.",
    "type_of_issue": "Style",
    "solution": "Split the text into three smaller, focused paragraphs to improve readability and logical structure.",
    "updated_sentence": "Na Holanda circula-se pelo lado direito da estrada. Nas autoestradas, o limite de velocidade é de 100 km/h, enquanto nas vias rápidas e nas estradas rurais se aplica o limite de 80 km/h. Nas restantes vias, sobretudo em meio urbano, a velocidade máxima é de 50 km/h.\n\nO país é, na sua maior parte, isento de portagens para automóveis. Existem, contudo, algumas exceções, como o túnel Kiltunnel e a ligação eletrónica A24 Blankenburg, com cobrança em fluxo livre.\n\nConvém verificar a sinalização local, uma vez que os limites podem variar consoante a zona e as condições da via.",
    "severity": "Minor",
    "score_deduction": 1,
    "source_file": "2026-2027-pt-car-hire-city-08.docx",
    "url": "https://www.skyscanner.pt/aluguer-automovel-em/aluguer-automovel-em-eindhoven/27540894.html",
    "candidate": "https://www.skyscanner.pt/aluguer-automovel-em/aluguer-automovel-em-eindhoven/27540894.html"
  },
  {
    "text": "Em Estrasburgo, o valor mais baixo disponível para o aluguer de um automóvel situa-se nos 34 €, enquanto a média anual ronda os 43 €. Agosto tende a ser o mês mais económico para quem pretende alugar um carro na cidade. Para obter as melhores tarifas, a reserva deve ser feita menos de 1 semana antes do levantamento. A comparação de várias datas e categorias de veículos permite identificar as opções mais vantajosas consoante as necessidades de cada viagem.",
    "issue": "The single paragraph contains multiple distinct ideas (pricing data, the best month to book, the optimal booking window, and general advice), which makes it dense and difficult to scan, violating the project's SEO readability guidelines.",
    "type_of_issue": "Style",
    "solution": "Split the text into shorter, focused paragraphs, with each one addressing a single core idea to improve scannability.",
    "updated_sentence": "Em Estrasburgo, o valor mais baixo disponível para o aluguer de um automóvel situa-se nos 34 €, enquanto a média anual ronda os 43 €.\n\nAgosto tende a ser o mês mais económico para quem pretende alugar um carro na cidade. Para obter as melhores tarifas, a reserva deve ser feita menos de 1 semana antes do levantamento.\n\nA comparação de várias datas e categorias de veículos permite identificar as opções mais vantajosas consoante as necessidades de cada viagem.",
    "severity": "Minor",
    "score_deduction": 1,
    "source_file": "2026-2027-pt-car-hire-city-09.docx",
    "url": "https://www.skyscanner.pt/aluguer-automovel-em/aluguer-automovel-em-estrasburgo/27547052.html",
    "candidate": "https://www.skyscanner.pt/aluguer-automovel-em/aluguer-automovel-em-estrasburgo/27547052.html"
  },
  {
    "text": "Para quem prefere um veículo compacto com espaço para cinco pessoas, a Free2move disponibiliza o Citroen C3 com transmissão manual desde 50 € por dia.",
    "issue": "The brand name 'Citroen' is misspelled, missing the required diaeresis.",
    "type_of_issue": "Compliance",
    "solution": "Add the diaeresis to the 'e' to correctly spell the brand name as 'Citroën'.",
    "updated_sentence": "Para quem prefere um veículo compacto com espaço para cinco pessoas, a Free2move disponibiliza o Citroën C3 com transmissão manual desde 50 € por dia.",
    "severity": "Minor",
    "score_deduction": 1,
    "source_file": "2026-2027-pt-car-hire-city-09.docx",
    "url": "https://www.skyscanner.pt/aluguer-automovel-em/aluguer-automovel-em-estrasburgo/27547052.html",
    "candidate": "https://www.skyscanner.pt/aluguer-automovel-em/aluguer-automovel-em-estrasburgo/27547052.html"
  },
  {
    "text": "Em Estrasburgo, é possível escolher entre 6 empresas de aluguer de automóveis. Entre as opções disponíveis destacam-se a Keddy By Europcar, a Flizzr e a Budget, sendo a Keddy By Europcar a mais procurada. A idade mínima para alugar um automóvel é de 21 anos, embora muitas empresas apliquem uma taxa adicional para condutores com menos de 25 anos. A idade mínima para conduzir é de 18 anos. Para efetuar o aluguer, são necessários um passaporte ou documento de identificação nacional válido e a carta de condução. Os titulares de cartas não emitidas na UE ou no EEE, cuja carta não esteja em francês, necessitam de uma carta de condução internacional.",
    "issue": "The single paragraph combines three distinct topics (providers, age requirements, document requirements), which negatively impacts scannability for this type of editorial content.",
    "type_of_issue": "Style",
    "solution": "Split the text into three separate paragraphs, with each one dedicated to a single topic, to improve readability and user experience.",
    "updated_sentence": "Em Estrasburgo, é possível escolher entre 6 empresas de aluguer de automóveis. Entre as opções disponíveis destacam-se a Keddy By Europcar, a Flizzr e a Budget, sendo a Keddy By Europcar a mais procurada.\n\nA idade mínima para alugar um automóvel é de 21 anos, embora muitas empresas apliquem uma taxa adicional para condutores com menos de 25 anos. A idade mínima para conduzir é de 18 anos.\n\nPara efetuar o aluguer, são necessários um passaporte ou documento de identificação nacional válido e a carta de condução. Os titulares de cartas não emitidas na UE ou no EEE, cuja carta não esteja em francês, necessitam de uma carta de condução internacional.",
    "severity": "Minor",
    "score_deduction": 1,
    "source_file": "2026-2027-pt-car-hire-city-09.docx",
    "url": "https://www.skyscanner.pt/aluguer-automovel-em/aluguer-automovel-em-estrasburgo/27547052.html",
    "candidate": "https://www.skyscanner.pt/aluguer-automovel-em/aluguer-automovel-em-estrasburgo/27547052.html"
  },
  {
    "text": "Em Espanha, a circulação faz-se pela direita. Nas autoestradas, o limite de velocidade é de 120 km/h, enquanto nas vias rápidas é de 100 km/h. Nas estradas nacionais aplica-se o limite de 90 km/h e, nas restantes vias, de 50 km/h. O país mantém um sistema de portagens em determinadas autoestradas, identificadas pelas siglas AP ou pela indicação \"peaje\". O pagamento pode fazer-se em numerário, com cartão ou através do transponder Via-T. A maioria das autovías e das estradas nacionais permanece isenta de portagem, pelo que existem alternativas gratuitas em muitos trajetos.",
    "issue": "The single paragraph combines three distinct topics (driving side, speed limits, and tolls), which impairs readability and scannability.",
    "type_of_issue": "Style",
    "solution": "Split the text into three separate paragraphs, each addressing a single topic, to improve readability.",
    "updated_sentence": "Em Espanha, a circulação faz-se pela direita.\n\nNas autoestradas, o limite de velocidade é de 120 km/h, enquanto nas vias rápidas é de 100 km/h. Nas estradas nacionais aplica-se o limite de 90 km/h e, nas restantes vias, de 50 km/h.\n\nO país mantém um sistema de portagens em determinadas autoestradas, identificadas pelas siglas AP ou pela indicação \"peaje\". O pagamento pode fazer-se em numerário, com cartão ou através do transponder Via-T. A maioria das autovías e das estradas nacionais permanece isenta de portagem, pelo que existem alternativas gratuitas em muitos trajetos.",
    "severity": "Minor",
    "score_deduction": 1,
    "source_file": "2026-2027-pt-car-hire-city-09.docx",
    "url": "https://www.skyscanner.pt/aluguer-automovel-em/aluguer-automovel-em-las-palmas/27544125.html",
    "candidate": "https://www.skyscanner.pt/aluguer-automovel-em/aluguer-automovel-em-las-palmas/27544125.html"
  },
  {
    "text": "Para quem prefere caixa manual, a Unidas disponibiliza o Skoda Scala desde 24 € por dia, uma alternativa acessível para deslocações pela cidade.",
    "issue": "The Euro currency symbol (€) is used for prices in Londrina, Brazil, which is incorrect. The local currency is the Brazilian Real (R$). This error repeats for all prices in the text.",
    "type_of_issue": "Accuracy",
    "solution": "Replace the Euro symbol (€) with the Brazilian Real symbol (R$) for all prices.",
    "updated_sentence": "Para quem prefere caixa manual, a Unidas disponibiliza o Skoda Scala desde R$ 24 por dia, uma alternativa acessível para deslocações pela cidade.",
    "severity": "Major",
    "score_deduction": 3,
    "source_file": "2026-2027-pt-car-hire-city-09.docx",
    "url": "https://www.skyscanner.pt/aluguer-automovel-em/aluguer-automovel-em-londrina/27544010.html",
    "candidate": "https://www.skyscanner.pt/aluguer-automovel-em/aluguer-automovel-em-londrina/27544010.html"
  },
  {
    "text": "Cartas emitidas em alfabetos não latinos exigem adicionalmente uma Autorização Internacional de Condução.",
    "issue": "The text uses a non-standard term for \"International Driving Permit\"; the official term in European Portuguese is different.",
    "type_of_issue": "Accuracy",
    "solution": "Replace \"Autorização Internacional de Condução\" with the correct official term, \"Licença Internacional de Condução\".",
    "updated_sentence": "Cartas emitidas em alfabetos não latinos exigem adicionalmente uma Licença Internacional de Condução.",
    "severity": "Major",
    "score_deduction": 3,
    "source_file": "2026-2027-pt-car-hire-city-09.docx",
    "url": "https://www.skyscanner.pt/aluguer-automovel-em/aluguer-automovel-em-londrina/27544010.html",
    "candidate": "https://www.skyscanner.pt/aluguer-automovel-em/aluguer-automovel-em-londrina/27544010.html"
  },
  {
    "text": "A mesma vendedora inclui o Jeep Renegade, com caixa automática, desde 109 € por dia, indicado para percursos mais variados.",
    "issue": "The term 'vendedora' (seller) inaccurately describes a car rental company, which rents, not sells, vehicles.",
    "type_of_issue": "Accuracy",
    "solution": "Replace 'vendedora' with a more accurate term such as 'empresa' (company).",
    "updated_sentence": "A mesma empresa inclui o Jeep Renegade, com caixa automática, desde 109 € por dia, indicado para percursos mais variados.",
    "severity": "Minor",
    "score_deduction": 1,
    "source_file": "2026-2027-pt-car-hire-city-09.docx",
    "url": "https://www.skyscanner.pt/aluguer-automovel-em/aluguer-automovel-em-maputo/27544991.html",
    "candidate": "https://www.skyscanner.pt/aluguer-automovel-em/aluguer-automovel-em-maputo/27544991.html"
  },
  {
    "text": "Nas autoestradas, o limite de velocidade é de 120 km/h, enquanto nas vias expresso está fixado em 100 km/h.",
    "issue": "The adjective \"expresso\" (masculine singular) does not agree in gender and number with the noun it modifies, \"vias\" (feminine plural).",
    "type_of_issue": "Grammar",
    "solution": "Change the adjective to its feminine plural form, \"expressas\", to correctly agree with \"vias\".",
    "updated_sentence": "Nas autoestradas, o limite de velocidade é de 120 km/h, enquanto nas vias expressas está fixado em 100 km/h.",
    "severity": "Minor",
    "score_deduction": 1,
    "source_file": "2026-2027-pt-car-hire-city-09.docx",
    "url": "https://www.skyscanner.pt/aluguer-automovel-em/aluguer-automovel-em-maputo/27544991.html",
    "candidate": "https://www.skyscanner.pt/aluguer-automovel-em/aluguer-automovel-em-maputo/27544991.html"
  },
  {
    "text": "A escolha depende do equilíbrio pretendido entre tipo de câmbio, dimensão do veículo e orçamento disponível.",
    "issue": "The term 'câmbio' is a Brazilian Portuguese variant for 'transmission'. The European Portuguese locale requires a term like 'transmissão' or 'caixa de velocidades'.",
    "type_of_issue": "Compliance",
    "solution": "Replace 'tipo de câmbio' with 'tipo de transmissão' to align with the European Portuguese lexicon and maintain consistency with 'transmissão automática' used in the preceding sentence.",
    "updated_sentence": "A escolha depende do equilíbrio pretendido entre tipo de transmissão, dimensão do veículo e orçamento disponível.",
    "severity": "Minor",
    "score_deduction": 1,
    "source_file": "2026-2027-pt-car-hire-city-09.docx",
    "url": "https://www.skyscanner.pt/aluguer-automovel-em/aluguer-automovel-em-marbella/29478374.html",
    "candidate": "https://www.skyscanner.pt/aluguer-automovel-em/aluguer-automovel-em-marbella/29478374.html"
  },
  {
    "text": "Entre as mais procuradas destacam-se a SOLO Car Hire, a Keddy By Europcar e a Enterprise, sendo a SOLO Car Hire a mais popular no conjunto.",
    "issue": "The brand name 'Keddy By Europcar' is incorrectly capitalized; the preposition 'By' should be in lowercase.",
    "type_of_issue": "Compliance",
    "solution": "Change 'By' to 'by' to align with the official brand name styling.",
    "updated_sentence": "Entre as mais procuradas destacam-se a SOLO Car Hire, a Keddy by Europcar e a Enterprise, sendo a SOLO Car Hire a mais popular no conjunto.",
    "severity": "Minor",
    "score_deduction": 1,
    "source_file": "2026-2027-pt-car-hire-city-09.docx",
    "url": "https://www.skyscanner.pt/aluguer-automovel-em/aluguer-automovel-em-marbella/29478374.html",
    "candidate": "https://www.skyscanner.pt/aluguer-automovel-em/aluguer-automovel-em-marbella/29478374.html"
  },
  {
    "text": "Entre as opções destacam-se Keddy By Europcar, VOLTA e Surprice, sendo a Keddy By Europcar a mais procurada.",
    "issue": "The brand name 'Keddy By Europcar' is incorrectly capitalized; the preposition 'by' should be lowercase as per standard brand styling.",
    "type_of_issue": "Compliance",
    "solution": "Change 'By' to 'by' in both instances.",
    "updated_sentence": "Entre as opções destacam-se Keddy by Europcar, VOLTA e Surprice, sendo a Keddy by Europcar a mais procurada.",
    "severity": "Minor",
    "score_deduction": 1,
    "source_file": "2026-2027-pt-car-hire-city-09.docx",
    "url": "https://www.skyscanner.pt/aluguer-automovel-em/aluguer-automovel-em-milos/27544964.html",
    "candidate": "https://www.skyscanner.pt/aluguer-automovel-em/aluguer-automovel-em-milos/27544964.html"
  },
  {
    "text": "Nas autoestradas, o limite de velocidade é de 120 km/h, enquanto nas vias expresso desce para 90 km/h.",
    "issue": "The adjective \"expresso\" (masculine singular) does not agree in gender and number with the noun \"vias\" (feminine plural).",
    "type_of_issue": "Grammar",
    "solution": "Change the adjective to its correct feminine plural form, \"expressas\", to match the noun it modifies.",
    "updated_sentence": "Nas autoestradas, o limite de velocidade é de 120 km/h, enquanto nas vias expressas desce para 90 km/h.",
    "severity": "Minor",
    "score_deduction": 1,
    "source_file": "2026-2027-pt-car-hire-city-09.docx",
    "url": "https://www.skyscanner.pt/aluguer-automovel-em/aluguer-automovel-em-milos/27544964.html",
    "candidate": "https://www.skyscanner.pt/aluguer-automovel-em/aluguer-automovel-em-milos/27544964.html"
  },
  {
    "text": "Em Natal, o aluguer de automóvel pode encontrar-se a partir de 18 €, um valor abaixo da média anual, que ronda os 37 €.",
    "issue": "The currency symbol (€) is incorrect for the specified location (Natal, Brazil), which uses the Brazilian Real (R$).",
    "type_of_issue": "Accuracy",
    "solution": "Replace the Euro symbols (€) with the Brazilian Real symbol (R$) and adjust the formatting to place the symbol before the value.",
    "updated_sentence": "Em Natal, o aluguer de automóvel pode encontrar-se a partir de R$ 18, um valor abaixo da média anual, que ronda os R$ 37.",
    "severity": "Major",
    "score_deduction": 3,
    "source_file": "2026-2027-pt-car-hire-city-09.docx",
    "url": "https://www.skyscanner.pt/aluguer-automovel-em/aluguer-automovel-em-natal/27545088.html",
    "candidate": "https://www.skyscanner.pt/aluguer-automovel-em/aluguer-automovel-em-natal/27545088.html"
  },
  {
    "text": "Quem prefere um citadino manual encontra o SEAT Ibiza através da locarx desde 18 € por dia, uma opção adequada a deslocações urbanas.",
    "issue": "The text uses the Euro (€) symbol for prices in Natal, Brazil. The correct local currency is the Brazilian Real (R$). This error repeats for all prices mentioned.",
    "type_of_issue": "Accuracy",
    "solution": "Replace the Euro symbol (€) with the Brazilian Real symbol (R$) for all prices.",
    "updated_sentence": "Quem prefere um citadino manual encontra o SEAT Ibiza através da locarx desde R$ 18 por dia, uma opção adequada a deslocações urbanas.",
    "severity": "Major",
    "score_deduction": 3,
    "source_file": "2026-2027-pt-car-hire-city-09.docx",
    "url": "https://www.skyscanner.pt/aluguer-automovel-em/aluguer-automovel-em-natal/27545088.html",
    "candidate": "https://www.skyscanner.pt/aluguer-automovel-em/aluguer-automovel-em-natal/27545088.html"
  },
  {
    "text": "Quem prefere um citadino manual encontra o SEAT Ibiza através da locarx desde 18 € por dia, uma opção adequada a deslocações urbanas.",
    "issue": "The brand name \"locarx\" is not capitalized, which is inconsistent with other provider names in the text.",
    "type_of_issue": "Compliance",
    "solution": "Capitalize the brand name to \"Locarx\" for consistency.",
    "updated_sentence": "Quem prefere um citadino manual encontra o SEAT Ibiza através da Locarx desde 18 € por dia, uma opção adequada a deslocações urbanas.",
    "severity": "Minor",
    "score_deduction": 1,
    "source_file": "2026-2027-pt-car-hire-city-09.docx",
    "url": "https://www.skyscanner.pt/aluguer-automovel-em/aluguer-automovel-em-natal/27545088.html",
    "candidate": "https://www.skyscanner.pt/aluguer-automovel-em/aluguer-automovel-em-natal/27545088.html"
  },
  {
    "text": "Entre as mais procuradas encontram-se a GO Car rental, a Europcar e a Jumbo Car, sendo a GO Car rental a mais popular no total.",
    "issue": "The brand name 'GO Car rental' has inconsistent capitalization; 'rental' should be capitalized as part of the proper name.",
    "type_of_issue": "Compliance",
    "solution": "Capitalize 'rental' to 'Rental' for brand name consistency in both instances.",
    "updated_sentence": "Entre as mais procuradas encontram-se a GO Car Rental, a Europcar e a Jumbo Car, sendo a GO Car Rental a mais popular no total.",
    "severity": "Minor",
    "score_deduction": 1,
    "source_file": "2026-2027-pt-car-hire-city-09.docx",
    "url": "https://www.skyscanner.pt/aluguer-automovel-em/aluguer-automovel-em-punta-cana/113633027.html",
    "candidate": "https://www.skyscanner.pt/aluguer-automovel-em/aluguer-automovel-em-punta-cana/113633027.html"
  },
  {
    "text": "Na República Dominicana, a circulação faz-se pelo lado esquerdo da via.",
    "issue": "The text incorrectly states that driving is on the left-hand side of the road in the Dominican Republic. Driving is on the right, and this error poses a critical safety risk to users.",
    "type_of_issue": "Accuracy",
    "solution": "Correct the side of the road from 'esquerdo' (left) to 'direito' (right) to provide accurate and safe driving information.",
    "updated_sentence": "Na República Dominicana, a circulação faz-se pelo lado direito da via.",
    "severity": "Critical",
    "score_deduction": 25,
    "source_file": "2026-2027-pt-car-hire-city-09.docx",
    "url": "https://www.skyscanner.pt/aluguer-automovel-em/aluguer-automovel-em-punta-cana/113633027.html",
    "candidate": "https://www.skyscanner.pt/aluguer-automovel-em/aluguer-automovel-em-punta-cana/113633027.html"
  },
  {
    "text": "A maioria das principais autoestradas está sujeita a portagens, cobradas em cabinas de \"peaje\" com funcionários, mediante uma taxa fixa em numerário por passagem.",
    "issue": "The Spanish word \"peaje\" is used instead of the correct Portuguese word \"portagem\". The term \"portagens\" is used correctly earlier in the same sentence, creating an inconsistency.",
    "type_of_issue": "Accuracy",
    "solution": "Replace the Spanish term 'peaje' with the correct and consistent Portuguese term 'portagem'.",
    "updated_sentence": "A maioria das principais autoestradas está sujeita a portagens, cobradas em cabinas de \"portagem\" com funcionários, mediante uma taxa fixa em numerário por passagem.",
    "severity": "Minor",
    "score_deduction": 1,
    "source_file": "2026-2027-pt-car-hire-city-09.docx",
    "url": "https://www.skyscanner.pt/aluguer-automovel-em/aluguer-automovel-em-punta-cana/113633027.html",
    "candidate": "https://www.skyscanner.pt/aluguer-automovel-em/aluguer-automovel-em-punta-cana/113633027.html"
  },
  {
    "text": "A recolha do carro de aluguer em Split pode fazer-se no Aeroporto de Split, uma das opções mais procuradas por quem chega de avião. Em alternativa, é possível levantar o veículo no centro histórico de Split, próximo dos principais pontos de interesse da cidade. Quem opta pela recolha no aeroporto tende a encontrar preços mais baixos do que no centro da cidade, o que torna esta opção interessante para diferentes tipos de deslocação pela região.",
    "issue": "This single SEO body paragraph combines multiple distinct ideas (airport pickup, city center pickup, and a price comparison), which makes it dense and difficult to scan.",
    "type_of_issue": "Style",
    "solution": "Split the text into three separate, focused paragraphs to improve readability and scannability, with each paragraph addressing a single idea.",
    "updated_sentence": "A recolha do carro de aluguer em Split pode fazer-se no Aeroporto de Split, uma das opções mais procuradas por quem chega de avião.\n\nEm alternativa, é possível levantar o veículo no centro histórico de Split, próximo dos principais pontos de interesse da cidade.\n\nQuem opta pela recolha no aeroporto tende a encontrar preços mais baixos do que no centro da cidade, o que torna esta opção interessante para diferentes tipos de deslocação pela região.",
    "severity": "Minor",
    "score_deduction": 1,
    "source_file": "2026-2027-pt-car-hire-city-09.docx",
    "url": "https://www.skyscanner.pt/aluguer-automovel-em/aluguer-automovel-em-split/27547071.html",
    "candidate": "https://www.skyscanner.pt/aluguer-automovel-em/aluguer-automovel-em-split/27547071.html"
  },
  {
    "text": "Entre as opções mais procuradas encontram-se a AVIA Rent, a avingo e a Avant Car, sendo a AVIA Rent a mais popular no geral.",
    "issue": "The brand name 'avingo' is incorrectly capitalized in lowercase.",
    "type_of_issue": "Compliance",
    "solution": "Capitalize the brand name as 'Avingo' according to standard proper noun conventions.",
    "updated_sentence": "Entre as opções mais procuradas encontram-se a AVIA Rent, a Avingo e a Avant Car, sendo a AVIA Rent a mais popular no geral.",
    "severity": "Minor",
    "score_deduction": 1,
    "source_file": "2026-2027-pt-car-hire-city-09.docx",
    "url": "https://www.skyscanner.pt/aluguer-automovel-em/aluguer-automovel-em-split/27547071.html",
    "candidate": "https://www.skyscanner.pt/aluguer-automovel-em/aluguer-automovel-em-split/27547071.html"
  },
  {
    "text": "Para obter as melhores tarifas, a reserva pode fazer-se com 1 semana de antecedência, garantindo assim uma escolha alargada de veículos a valores acessíveis.",
    "issue": "The use of the superlative 'as melhores tarifas' (the best rates) violates brand guidelines that prohibit unsubstantiated competitive claims.",
    "type_of_issue": "Compliance",
    "solution": "Replace the superlative phrase with a comparative one, such as 'tarifas mais competitivas' (more competitive rates), to comply with brand rules.",
    "updated_sentence": "Para obter tarifas mais competitivas, a reserva pode fazer-se com 1 semana de antecedência, garantindo assim uma escolha alargada de veículos a valores acessíveis.",
    "severity": "Major",
    "score_deduction": 3,
    "source_file": "2026-2027-pt-car-hire-city-10.docx",
    "url": "https://www.skyscanner.pt/aluguer-automovel-em/aluguer-automovel-em-verona/27547432.html",
    "candidate": "https://www.skyscanner.pt/aluguer-automovel-em/aluguer-automovel-em-verona/27547432.html"
  },
  {
    "text": "Em Verona, o Fiat Panda é o carro mais procurado por ser pequeno, prático e fácil de estacionar, o que se adequa às ruas estreitas da cidade. Para quem prefere um modelo compacto com transmissão manual, a Felirent disponibiliza-o desde 36 € por dia. A Budget apresenta uma opção também manual desde 33 € por dia, adequada a quem viaja com pouca bagagem. Já para grupos maiores, a Avis oferece um veículo manual com cinco lugares desde 39 € por dia. Todas as opções incluem quilometragem ilimitada e cancelamento gratuito, permitindo ajustar a escolha às necessidades da viagem.",
    "issue": "The single paragraph combines an introduction, three distinct provider offers, and a conclusion, making the content dense and harder to scan, which is suboptimal for SEO readability.",
    "type_of_issue": "Style",
    "solution": "Split the text into three smaller, more focused paragraphs to improve structure and scannability.",
    "updated_sentence": "Em Verona, o Fiat Panda é o carro mais procurado por ser pequeno, prático e fácil de estacionar, o que se adequa às ruas estreitas da cidade.\n\nPara quem prefere um modelo compacto com transmissão manual, a Felirent disponibiliza-o desde 36 € por dia. A Budget apresenta uma opção também manual desde 33 € por dia, adequada a quem viaja com pouca bagagem. Já para grupos maiores, a Avis oferece um veículo manual com cinco lugares desde 39 € por dia.\n\nTodas as opções incluem quilometragem ilimitada e cancelamento gratuito, permitindo ajustar a escolha às necessidades da viagem.",
    "severity": "Minor",
    "score_deduction": 1,
    "source_file": "2026-2027-pt-car-hire-city-10.docx",
    "url": "https://www.skyscanner.pt/aluguer-automovel-em/aluguer-automovel-em-verona/27547432.html",
    "candidate": "https://www.skyscanner.pt/aluguer-automovel-em/aluguer-automovel-em-verona/27547432.html"
  },
  {
    "text": "A recolha de um carro de aluguer em Verona pode fazer-se no Verona Internacional Aeroporto, uma opção prática para quem chega de avião.",
    "issue": "The name of the airport, \"Verona Internacional Aeroporto\", uses an incorrect word order for a proper noun in Portuguese, appearing as a literal translation.",
    "type_of_issue": "Compliance",
    "solution": "Reorder the name to the standard Portuguese construction \"Aeroporto Internacional de Verona\".",
    "updated_sentence": "A recolha de um carro de aluguer em Verona pode fazer-se no Aeroporto Internacional de Verona, uma opção prática para quem chega de avião.",
    "severity": "Minor",
    "score_deduction": 1,
    "source_file": "2026-2027-pt-car-hire-city-10.docx",
    "url": "https://www.skyscanner.pt/aluguer-automovel-em/aluguer-automovel-em-verona/27547432.html",
    "candidate": "https://www.skyscanner.pt/aluguer-automovel-em/aluguer-automovel-em-verona/27547432.html"
  },
  {
    "text": "Em alternativa, é possível recolher a viatura em bairros centrais como o Old Town, na zona histórica, ou nos sectores residenciais próximos do centro.",
    "issue": "The word 'sectores' uses an outdated spelling; the correct spelling according to the current orthographic agreement is 'setores'.",
    "type_of_issue": "Punctuation/Spelling/Typos",
    "solution": "Update the spelling of 'sectores' to 'setores'.",
    "updated_sentence": "Em alternativa, é possível recolher a viatura em bairros centrais como o Old Town, na zona histórica, ou nos setores residenciais próximos do centro.",
    "severity": "Minor",
    "score_deduction": 1,
    "source_file": "2026-2027-pt-car-hire-city-10.docx",
    "url": "https://www.skyscanner.pt/aluguer-automovel-em/aluguer-automovel-em-bucareste/27545262.html",
    "candidate": "https://www.skyscanner.pt/aluguer-automovel-em/aluguer-automovel-em-bucareste/27545262.html"
  },
  {
    "text": "Em Oslo, o Volkswagen ID.3 é o modelo mais procurado, dado ser confortável, prático e apresentar boa relação qualidade-preço. A oferta disponível abrange várias categorias e necessidades. Para quem viaja com mais bagagem, a Alamo disponibiliza o Volkswagen Transporter 6.1 Kombi, com transmissão automática, desde 69 € por dia. Quem prefere um veículo elétrico com cinco lugares encontra o Volkswagen ID.4, também da Alamo e com caixa automática, desde 76 € por dia. Como alternativa igualmente elétrica, o Tesla Model Y, com transmissão automática, está disponível através da Alamo desde 96 € por dia.",
    "issue": "A single body paragraph lists multiple distinct car options, which makes the content difficult to scan and digest.",
    "type_of_issue": "Style",
    "solution": "Split the paragraph into shorter, more focused paragraphs to improve scannability, with each paragraph presenting a different option or a general statement.",
    "updated_sentence": "Em Oslo, o Volkswagen ID.3 é o modelo mais procurado, dado ser confortável, prático e apresentar boa relação qualidade-preço. A oferta disponível abrange várias categorias e necessidades.\n\nPara quem viaja com mais bagagem, a Alamo disponibiliza o Volkswagen Transporter 6.1 Kombi, com transmissão automática, desde 69 € por dia.\n\nQuem prefere um veículo elétrico com cinco lugares encontra o Volkswagen ID.4, também da Alamo e com caixa automática, desde 76 € por dia.\n\nComo alternativa igualmente elétrica, o Tesla Model Y, com transmissão automática, está disponível através da Alamo desde 96 € por dia.",
    "severity": "Minor",
    "score_deduction": 1,
    "source_file": "2026-2027-pt-car-hire-city-10.docx",
    "url": "https://www.skyscanner.pt/aluguer-automovel-em/aluguer-automovel-em-oslo/27538634.html",
    "candidate": "https://www.skyscanner.pt/aluguer-automovel-em/aluguer-automovel-em-oslo/27538634.html"
  },
  {
    "text": "O aluguer de um automóvel em Porto Seguro começa nos 21 €, um valor abaixo da média anual, situada nos 24 €.",
    "issue": "Incorrect currency symbol used for the location. The text discusses Porto Seguro, Brazil, but uses the Euro (€) symbol instead of the Brazilian Real (R$).",
    "type_of_issue": "Accuracy",
    "solution": "Change the currency symbols from Euro (€) to the correct local currency, Brazilian Real (R$), and place the symbol before the value as per convention.",
    "updated_sentence": "O aluguer de um automóvel em Porto Seguro começa nos R$ 21, um valor abaixo da média anual, situada nos R$ 24.",
    "severity": "Major",
    "score_deduction": 3,
    "source_file": "2026-2027-pt-car-hire-city-10.docx",
    "url": "https://www.skyscanner.pt/aluguer-automovel-em/aluguer-automovel-em-porto-seguro/27539538.html",
    "candidate": "https://www.skyscanner.pt/aluguer-automovel-em/aluguer-automovel-em-porto-seguro/27539538.html"
  },
  {
    "text": "No Brasil, a circulação faz-se pela direita. Nas autoestradas, o limite de velocidade é de 120 km/h, enquanto nas vias rápidas se aplicam 80 km/h. As estradas nacionais têm igualmente um limite de 80 km/h e, nas restantes vias, a velocidade máxima desce para os 50 km/h. É recomendável respeitar a sinalização, uma vez que os limites podem variar consoante o troço. Muitas rodovias estaduais e federais contam com portagens, conhecidas localmente como pedágios, com cobrança em numerário ou por sistema eletrónico. Cada posto aplica uma taxa fixa por passagem, pelo que convém prever este custo durante a viagem.",
    "issue": "This single paragraph combines three distinct topics (side of the road, speed limits, and tolls), which makes it dense and difficult to scan, violating SEO/editorial readability guidelines.",
    "type_of_issue": "Style",
    "solution": "Split the text into three separate, focused paragraphs to improve scannability and logical flow.",
    "updated_sentence": "No Brasil, a circulação faz-se pela direita.\n\nNas autoestradas, o limite de velocidade é de 120 km/h, enquanto nas vias rápidas se aplicam 80 km/h. As estradas nacionais têm igualmente um limite de 80 km/h e, nas restantes vias, a velocidade máxima desce para os 50 km/h. É recomendável respeitar a sinalização, uma vez que os limites podem variar consoante o troço.\n\nMuitas rodovias estaduais e federais contam com portagens, conhecidas localmente como pedágios, com cobrança em numerário ou por sistema eletrónico. Cada posto aplica uma taxa fixa por passagem, pelo que convém prever este custo durante a viagem.",
    "severity": "Minor",
    "score_deduction": 1,
    "source_file": "2026-2027-pt-car-hire-city-10.docx",
    "url": "https://www.skyscanner.pt/aluguer-automovel-em/aluguer-automovel-em-porto-seguro/27539538.html",
    "candidate": "https://www.skyscanner.pt/aluguer-automovel-em/aluguer-automovel-em-porto-seguro/27539538.html"
  },
  {
    "text": "Entre as opções disponíveis, a AMEX oferece o Toyota Corolla com transmissão automática desde 10 € por dia, uma alternativa equilibrada para deslocações urbanas.",
    "issue": "The currency is incorrectly shown as Euros (€) for Abu Dhabi; the local currency is the UAE Dirham (AED). This error pattern repeats for all prices in the text.",
    "type_of_issue": "Accuracy",
    "solution": "Replace the Euro symbol (€) with the correct local currency code, AED.",
    "updated_sentence": "Entre as opções disponíveis, a AMEX oferece o Toyota Corolla com transmissão automática desde 10 AED por dia, uma alternativa equilibrada para deslocações urbanas.",
    "severity": "Major",
    "score_deduction": 3,
    "source_file": "2026-2027-pt-car-hire-city-10.docx",
    "url": "https://www.skyscanner.pt/aluguer-automovel-em/aluguer-automovel-em-abu-dhabi/27548192.html",
    "candidate": "https://www.skyscanner.pt/aluguer-automovel-em/aluguer-automovel-em-abu-dhabi/27548192.html"
  },
  {
    "text": "Em Abu Dhabi, é possível levantar o carro alugado no Aeroporto Internacional de Zayed, opção prática para quem chega à cidade por via aérea. Em alternativa, existem também pontos de recolha em zonas urbanas como Khor Al Maqta'a, adequados a quem já se encontra na cidade ou pretende iniciar o percurso a partir de um bairro específico. Quanto aos preços, o levantamento no aeroporto tende a situar-se em valores comparáveis aos praticados nos pontos localizados no centro.",
    "issue": "This single paragraph combines three distinct ideas (airport pickup, city pickup, and price comparison), which makes it dense and difficult to scan.",
    "type_of_issue": "Style",
    "solution": "Split the paragraph into three shorter, distinct paragraphs, each focusing on a single topic, to improve readability.",
    "updated_sentence": "Em Abu Dhabi, é possível levantar o carro alugado no Aeroporto Internacional de Zayed, opção prática para quem chega à cidade por via aérea.\n\nEm alternativa, existem também pontos de recolha em zonas urbanas como Khor Al Maqta'a, adequados a quem já se encontra na cidade ou pretende iniciar o percurso a partir de um bairro específico.\n\nQuanto aos preços, o levantamento no aeroporto tende a situar-se em valores comparáveis aos praticados nos pontos localizados no centro.",
    "severity": "Minor",
    "score_deduction": 1,
    "source_file": "2026-2027-pt-car-hire-city-10.docx",
    "url": "https://www.skyscanner.pt/aluguer-automovel-em/aluguer-automovel-em-abu-dhabi/27548192.html",
    "candidate": "https://www.skyscanner.pt/aluguer-automovel-em/aluguer-automovel-em-abu-dhabi/27548192.html"
  },
  {
    "text": "No Dubai, as portagens funcionam através do sistema eletrónico Salik, de fluxo livre, em que sensores instalados em pórticos deduzem automaticamente os valores de uma conta pré-paga associada a um dispositivo colocado no para-brisas.",
    "issue": "The sentence is a run-on that combines multiple distinct ideas (introduction of a system, its type, and its detailed mechanism), which hinders readability and scanning.",
    "type_of_issue": "Style",
    "solution": "Split the sentence into two to improve clarity. The first should introduce the system and its type, and the second should explain its function.",
    "updated_sentence": "No Dubai, as portagens funcionam através do sistema eletrónico Salik, de fluxo livre. Os sensores instalados em pórticos deduzem automaticamente os valores de uma conta pré-paga associada a um dispositivo colocado no para-brisas.",
    "severity": "Major",
    "score_deduction": 3,
    "source_file": "2026-2027-pt-car-hire-city-10.docx",
    "url": "https://www.skyscanner.pt/aluguer-automovel-em/aluguer-automovel-em-abu-dhabi/27548192.html",
    "candidate": "https://www.skyscanner.pt/aluguer-automovel-em/aluguer-automovel-em-abu-dhabi/27548192.html"
  },
  {
    "text": "O aluguer de um carro em Chicago pode custar a partir de 11 €, um valor inferior à média anual de 79 €.",
    "issue": "The currency used is incorrect for the location. The text mentions prices for Chicago (USA) in Euros (€) instead of US Dollars ($).",
    "type_of_issue": "Accuracy",
    "solution": "Replace the Euro symbols (€) with US Dollar symbols ($) and adjust the formatting to place the symbol before the number, as is standard for USD.",
    "updated_sentence": "O aluguer de um carro em Chicago pode custar a partir de $11, um valor inferior à média anual de $79.",
    "severity": "Major",
    "score_deduction": 3,
    "source_file": "2026-2027-pt-car-hire-city-10.docx",
    "url": "https://www.skyscanner.pt/aluguer-automovel-em/aluguer-automovel-em-chicago/27544891.html",
    "candidate": "https://www.skyscanner.pt/aluguer-automovel-em/aluguer-automovel-em-chicago/27544891.html"
  },
  {
    "text": "A Sixt disponibiliza um Toyota Camry ou semelhante, com transmissão automática, desde 11 € por dia.",
    "issue": "The currency is incorrect for the location. Prices for services in Chicago (USA) are listed in Euros (€) instead of US Dollars ($). This pattern is repeated for all prices in the text.",
    "type_of_issue": "Accuracy",
    "solution": "Change the currency symbol from € to $ for all prices mentioned, as the service location is in the USA.",
    "updated_sentence": "A Sixt disponibiliza um Toyota Camry ou semelhante, com transmissão automática, desde 11 $ por dia.",
    "severity": "Major",
    "score_deduction": 3,
    "source_file": "2026-2027-pt-car-hire-city-10.docx",
    "url": "https://www.skyscanner.pt/aluguer-automovel-em/aluguer-automovel-em-chicago/27544891.html",
    "candidate": "https://www.skyscanner.pt/aluguer-automovel-em/aluguer-automovel-em-chicago/27544891.html"
  },
  {
    "text": "Nas autoestradas, o limite de velocidade é de 100 km/h, enquanto nas vias rápidas se aplicam 90 km/h. Nas estradas nacionais, a velocidade máxima é de 70 km/h e nas restantes vias situa-se entre 30 km/h e 50 km/h.",
    "issue": "The speed limits for the US are incorrectly provided only in km/h, whereas the official unit used on road signs is miles per hour (mph).",
    "type_of_issue": "Compliance",
    "solution": "Display speed limits in mph as the primary unit, with the km/h conversion in parentheses for user reference.",
    "updated_sentence": "Nas autoestradas, o limite de velocidade é de 62 mph (100 km/h), enquanto nas vias rápidas se aplicam 56 mph (90 km/h). Nas estradas nacionais, a velocidade máxima é de 43 mph (70 km/h) e nas restantes vias situa-se entre 18 e 31 mph (30 e 50 km/h).",
    "severity": "Major",
    "score_deduction": 3,
    "source_file": "2026-2027-pt-car-hire-city-10.docx",
    "url": "https://www.skyscanner.pt/aluguer-automovel-em/aluguer-automovel-em-chicago/27544891.html",
    "candidate": "https://www.skyscanner.pt/aluguer-automovel-em/aluguer-automovel-em-chicago/27544891.html"
  },
  {
    "text": "O aluguer de automóveis em Kefalonia tem, atualmente, um preço mínimo de 48 €, enquanto a média anual se situa nos 68 €. Para obter valores mais baixos, convém comparar as diferentes opções disponíveis no Skyscanner. O mês de março regista, habitualmente, os preços mais reduzidos, sendo indicado para quem pretende reduzir custos. A reserva com 3 semanas de antecedência permite aceder às tarifas mais vantajosas. Ajustar as datas da viagem e antecipar a reserva contribui para encontrar um negócio conveniente.",
    "issue": "The single paragraph combines multiple distinct ideas (current pricing, best month to book, advance booking tips), which impairs scannability for an SEO article.",
    "type_of_issue": "Style",
    "solution": "Split the text into shorter, focused paragraphs to improve readability, with each paragraph addressing a separate topic.",
    "updated_sentence": "O aluguer de automóveis em Kefalonia tem, atualmente, um preço mínimo de 48 €, enquanto a média anual se situa nos 68 €. Para obter valores mais baixos, convém comparar as diferentes opções disponíveis no Skyscanner.\n\nO mês de março regista, habitualmente, os preços mais reduzidos, sendo indicado para quem pretende reduzir custos.\n\nA reserva com 3 semanas de antecedência permite aceder às tarifas mais vantajosas. Ajustar as datas da viagem e antecipar a reserva contribui para encontrar um negócio conveniente.",
    "severity": "Minor",
    "score_deduction": 1,
    "source_file": "2026-2027-pt-car-hire-city-10.docx",
    "url": "https://www.skyscanner.pt/aluguer-automovel-em/aluguer-automovel-em-kefalonia/38310671.html",
    "candidate": "https://www.skyscanner.pt/aluguer-automovel-em/aluguer-automovel-em-kefalonia/38310671.html"
  },
  {
    "text": "Na Grécia, a circulação faz-se pelo lado direito da estrada. Nas autoestradas, o limite de velocidade é de 120 km/h, enquanto nas vias rápidas o máximo permitido é de 90 km/h. Nas estradas nacionais aplica-se igualmente o limite de 90 km/h, e nas restantes vias, sobretudo em zonas urbanas, a velocidade máxima é de 50 km/h. As autoestradas funcionam com um sistema de portagens fechado, gerido por várias concessionárias privadas, em que o valor a pagar depende da distância percorrida. O pagamento pode fazer-se em dinheiro, com cartão ou através de transponders eletrónicos nas praças de portagem.",
    "issue": "The single paragraph combines several distinct topics (driving side, speed limits, and toll systems), which harms readability and scannability.",
    "type_of_issue": "Style",
    "solution": "Split the block of text into separate, shorter paragraphs, each focusing on a single topic, to improve scannability.",
    "updated_sentence": "Na Grécia, a circulação faz-se pelo lado direito da estrada.\n\nNas autoestradas, o limite de velocidade é de 120 km/h, enquanto nas vias rápidas o máximo permitido é de 90 km/h. Nas estradas nacionais aplica-se igualmente o limite de 90 km/h, e nas restantes vias, sobretudo em zonas urbanas, a velocidade máxima é de 50 km/h.\n\nAs autoestradas funcionam com um sistema de portagens fechado, gerido por várias concessionárias privadas, em que o valor a pagar depende da distância percorrida. O pagamento pode fazer-se em dinheiro, com cartão ou através de transponders eletrónicos nas praças de portagem.",
    "severity": "Minor",
    "score_deduction": 1,
    "source_file": "2026-2027-pt-car-hire-city-10.docx",
    "url": "https://www.skyscanner.pt/aluguer-automovel-em/aluguer-automovel-em-kefalonia/38310671.html",
    "candidate": "https://www.skyscanner.pt/aluguer-automovel-em/aluguer-automovel-em-kefalonia/38310671.html"
  },
  {
    "text": "O aluguer de automóveis em Nova Iorque pode começar nos 37 €, um valor abaixo da média anual, que se situa nos 80 €.",
    "issue": "The currency is incorrectly stated as Euros (€) for a service in New York, where the local currency is the US Dollar ($).",
    "type_of_issue": "Accuracy",
    "solution": "Replace the Euro symbols (€) with US Dollar symbols ($) to reflect the correct currency for the location.",
    "updated_sentence": "O aluguer de automóveis em Nova Iorque pode começar nos 37 $, um valor abaixo da média anual, que se situa nos 80 $.",
    "severity": "Major",
    "score_deduction": 3,
    "source_file": "2026-2027-pt-car-hire-city-10.docx",
    "url": "https://www.skyscanner.pt/aluguer-automovel-em/aluguer-automovel-em-nova-iorque/27537542.html",
    "candidate": "https://www.skyscanner.pt/aluguer-automovel-em/aluguer-automovel-em-nova-iorque/27537542.html"
  },
  {
    "text": "Para quem pretende exatamente este carro, a Avis disponibiliza-o com caixa automática desde 41 € por dia.",
    "issue": "The currency is incorrect for the location (New York, USA). Euro (€) is used instead of US Dollar ($). This pattern repeats for all prices mentioned in the text.",
    "type_of_issue": "Accuracy",
    "solution": "Change all currency symbols from Euro (€) to US Dollar ($) and place the symbol before the value. Apply this to all prices (41 €, 37 €, 42 €).",
    "updated_sentence": "Para quem pretende exatamente este carro, a Avis disponibiliza-o com caixa automática desde $41 por dia.",
    "severity": "Major",
    "score_deduction": 3,
    "source_file": "2026-2027-pt-car-hire-city-10.docx",
    "url": "https://www.skyscanner.pt/aluguer-automovel-em/aluguer-automovel-em-nova-iorque/27537542.html",
    "candidate": "https://www.skyscanner.pt/aluguer-automovel-em/aluguer-automovel-em-nova-iorque/27537542.html"
  },
  {
    "text": "Todas estas escolhas partilham câmbio automático, o que facilita a condução na cidade.",
    "issue": "The text uses the Brazilian Portuguese term \"câmbio\" in content intended for the European Portuguese market, which violates locale-specific lexicon rules.",
    "type_of_issue": "Compliance",
    "solution": "Replace the Brazilian Portuguese term \"câmbio\" with the European Portuguese equivalent \"caixa\", which is used correctly earlier in the same paragraph.",
    "updated_sentence": "Todas estas escolhas partilham caixa automática, o que facilita a condução na cidade.",
    "severity": "Minor",
    "score_deduction": 1,
    "source_file": "2026-2027-pt-car-hire-city-10.docx",
    "url": "https://www.skyscanner.pt/aluguer-automovel-em/aluguer-automovel-em-nova-iorque/27537542.html",
    "candidate": "https://www.skyscanner.pt/aluguer-automovel-em/aluguer-automovel-em-nova-iorque/27537542.html"
  },
  {
    "text": "Nas autoestradas, o limite de velocidade é de 100 km/h, descendo para 90 km/h nas vias rápidas. Nas estradas nacionais, aplica-se o limite de 70 km/h, enquanto nas restantes vias o limite varia entre 30 e 50 km/h.",
    "issue": "The text incorrectly states speed limits for the United States using km/h as the primary unit of measurement. The US exclusively uses miles per hour (mph).",
    "type_of_issue": "Accuracy",
    "solution": "Correct the text to state that the US uses mph and provide representative speed limits in mph with the corresponding km/h conversion for the target audience.",
    "updated_sentence": "Os limites de velocidade são indicados em milhas por hora (mph). Nas autoestradas, os limites variam normalmente entre 65 e 80 mph (cerca de 105-130 km/h), sendo mais baixos noutros tipos de estrada. É essencial verificar sempre a sinalização local.",
    "severity": "Major",
    "score_deduction": 3,
    "source_file": "2026-2027-pt-car-hire-city-10.docx",
    "url": "https://www.skyscanner.pt/aluguer-automovel-em/aluguer-automovel-em-nova-iorque/27537542.html",
    "candidate": "https://www.skyscanner.pt/aluguer-automovel-em/aluguer-automovel-em-nova-iorque/27537542.html"
  },
  {
    "text": "Alugar um carro em Toronto pode custar a partir de 17 €, um valor abaixo da média anual, que ronda os 79 €.",
    "issue": "The currency symbol used is the Euro (€), which is incorrect for the location specified, Toronto (Canada).",
    "type_of_issue": "Accuracy",
    "solution": "Replace the Euro symbols (€) with the correct Dollar symbol ($) for the Canadian market.",
    "updated_sentence": "Alugar um carro em Toronto pode custar a partir de 17 $, um valor abaixo da média anual, que ronda os 79 $.",
    "severity": "Major",
    "score_deduction": 3,
    "source_file": "2026-2027-pt-car-hire-city-10.docx",
    "url": "https://www.skyscanner.pt/aluguer-automovel-em/aluguer-automovel-em-toronto/27536640.html",
    "candidate": "https://www.skyscanner.pt/aluguer-automovel-em/aluguer-automovel-em-toronto/27536640.html"
  },
  {
    "text": "Para quem precisa de espaço de carga, a Routes Car Rental disponibiliza uma opção automática desde 17 € por dia. Ainda com transmissão automática, a Thrifty apresenta um modelo compacto desde 27 € por dia, indicado para deslocações urbanas. Para grupos maiores, a Turo oferece uma alternativa automática de sete lugares desde 29 € por dia.",
    "issue": "Incorrect currency (€) is used for prices in Toronto. The correct currency for Canada is the Canadian Dollar (C$).",
    "type_of_issue": "Accuracy",
    "solution": "Replace the Euro symbol (€) with the Canadian Dollar symbol (C$) for all prices.",
    "updated_sentence": "Para quem precisa de espaço de carga, a Routes Car Rental disponibiliza uma opção automática desde 17 C$ por dia. Ainda com transmissão automática, a Thrifty apresenta um modelo compacto desde 27 C$ por dia, indicado para deslocações urbanas. Para grupos maiores, a Turo oferece uma alternativa automática de sete lugares desde 29 C$ por dia.",
    "severity": "Major",
    "score_deduction": 3,
    "source_file": "2026-2027-pt-car-hire-city-10.docx",
    "url": "https://www.skyscanner.pt/aluguer-automovel-em/aluguer-automovel-em-toronto/27536640.html",
    "candidate": "https://www.skyscanner.pt/aluguer-automovel-em/aluguer-automovel-em-toronto/27536640.html"
  },
  {
    "text": "Toronto: onde levantar o seu carro",
    "issue": "The title uses the possessive pronoun 'seu', which is linked to the 'você' form of address. The style guide explicitly forbids using the 'você' register and mandates a formal, 3rd-person or impersonal tone.",
    "type_of_issue": "Compliance",
    "solution": "Rephrase the title to use a neutral, impersonal construction, such as 'o carro de aluguer' (the rental car), to comply with the formal register requirement.",
    "updated_sentence": "Toronto: onde levantar o carro de aluguer",
    "severity": "Major",
    "score_deduction": 3,
    "source_file": "2026-2027-pt-car-hire-city-10.docx",
    "url": "https://www.skyscanner.pt/aluguer-automovel-em/aluguer-automovel-em-toronto/27536640.html",
    "candidate": "https://www.skyscanner.pt/aluguer-automovel-em/aluguer-automovel-em-toronto/27536640.html"
  }
]

Return ONLY the JSON object for overall_feedback as specified in the system prompt.

2026-09-01 12:03:06,070 - INFO - AFC is enabled with max remote calls: 10.
2026-09-01 12:03:26,844 - INFO - HTTP Request: POST https://generativelanguage.googleapis.com/v1beta/models/gemini-2.5-pro:generateContent "HTTP/1.1 200 OK"
2026-09-01 12:03:26,940 - INFO - [PT] Wrote report → /Users/apple/Desktop/aurix/skyscanner-AI-Writer-IMWT/output/PT/LQA_Report_PT_20260901_100326.xlsx
2026-09-01 12:03:26,943 - INFO - [PT] Saved raw JSON → /Users/apple/Desktop/aurix/skyscanner-AI-Writer-IMWT/output/PT/LQA_Report_PT_20260901_100326_final.json
2026-09-01 12:03:27,034 - INFO - Wrote edited DOCX → /Users/apple/Desktop/aurix/skyscanner-AI-Writer-IMWT/output/PT/Edited_PT_2026-2027-pt-car-hire-city-06_20260901_100326.docx
2026-09-01 12:03:27,109 - INFO - Wrote edited DOCX → /Users/apple/Desktop/aurix/skyscanner-AI-Writer-IMWT/output/PT/Edited_PT_2026-2027-pt-car-hire-city-07_20260901_100326.docx
2026-09-01 12:03:27,168 - INFO - Wrote edited DOCX → /Users/apple/Desktop/aurix/skyscanner-AI-Writer-IMWT/output/PT/Edited_PT_2026-2027-pt-car-hire-city-08_20260901_100326.docx
2026-09-01 12:03:27,239 - INFO - Wrote edited DOCX → /Users/apple/Desktop/aurix/skyscanner-AI-Writer-IMWT/output/PT/Edited_PT_2026-2027-pt-car-hire-city-09_20260901_100326.docx
2026-09-01 12:03:27,312 - INFO - Wrote edited DOCX → /Users/apple/Desktop/aurix/skyscanner-AI-Writer-IMWT/output/PT/Edited_PT_2026-2027-pt-car-hire-city-10_20260901_100326.docx
2026-09-01 12:03:27,312 - INFO - [PT] Completed all three agents.

2026-09-01 12:03:27,312 - INFO - LQA pipeline finished successfully (3-agent).
2026-09-01 12:03:27,312 - INFO - Full run log saved to /Users/apple/Desktop/aurix/skyscanner-AI-Writer-IMWT/output/lqa_run_PT_20260901_092824.log
