2026-09-01 16:09:51,094 - INFO - File logging enabled → /Users/apple/Desktop/aurix/skyscanner-AI-Writer-IMWT/output/lqa_run_TH_20260901_140951.log
2026-09-01 16:09:51,094 - INFO - Language filter active → TH
2026-09-01 16:09:51,095 - INFO - Loading and formatting glossary from /Users/apple/Desktop/aurix/skyscanner-AI-Writer-IMWT/reference/Skyscanner_Glossary_v2.xlsx
2026-09-01 16:09:51,326 - INFO - Glossary loaded for SA (ar-SA): 268 terms
2026-09-01 16:09:51,326 - INFO - Glossary loaded for CZ (cs-CZ): 229 terms
2026-09-01 16:09:51,327 - INFO - Glossary loaded for GR (el-GR): 229 terms
2026-09-01 16:09:51,327 - INFO - Glossary loaded for HU (hu-HU): 229 terms
2026-09-01 16:09:51,327 - INFO - Glossary loaded for PL (pl-PL): 236 terms
2026-09-01 16:09:51,328 - INFO - Glossary loaded for TH (th-TH): 229 terms
2026-09-01 16:09:51,328 - INFO - Glossary loaded for TR (tr-TR): 228 terms
2026-09-01 16:09:51,329 - INFO - Glossary loaded for DE (de-DE): 272 terms
2026-09-01 16:09:51,329 - INFO - Glossary loaded for ES (es-ES): 269 terms
2026-09-01 16:09:51,329 - INFO - Glossary loaded for FR (fr-FR): 270 terms
2026-09-01 16:09:51,330 - INFO - Glossary loaded for IT (it-IT): 269 terms
2026-09-01 16:09:51,330 - INFO - Glossary loaded for NL (nl-NL): 269 terms
2026-09-01 16:09:51,331 - INFO - Glossary loaded for BR (pt-BR): 250 terms
2026-09-01 16:09:51,331 - INFO - Glossary loaded for PT (pt-PT): 228 terms
2026-09-01 16:09:51,331 - INFO - Glossary loaded for US (en-US): 239 terms
2026-09-01 16:09:51,332 - INFO - ===== Language TH: parsing input files → sections/batches =====
2026-09-01 16:09:51,386 - INFO - [TH] Total batches to process: 250
2026-09-01 16:09:51,386 - INFO - [A1][TH][Copy of 2026-2027-th-car-hire-city-06__0001] SYSTEM PROMPT (first batch only):
# ROLE & MISSION

You are an **Expert Technical LQA Auditor**. Your mission is to perform a precise, objective, and rule-based audit of localized content. Your single focus is to identify and report **verifiable errors** that impact **correctness, clarity, and compliance**.

You are an auditor, **not a creative editor**. Your analysis must be grounded in the provided rules, glossary, and linguistic conventions. You will produce a single, clean JSON object containing actionable, high-impact findings.

This prompt is used across multiple languages. A locale-specific instruction pack is auto-injected as `lang instructions`. **These instructions are your highest authority and override any general rules in this document where they differ.**

You will receive a `Topic Name` for each batch (e.g., a route or travel topic). Use it as context and **do not flag hardcoded city/route mentions as errors when they match the Topic Name** (destination/from cities already specified by the topic are not mistakes).

---

## PROJECT-SPECIFIC EXCLUSIONS (HIGHEST PRIORITY)

Do not flag, keep, add, or correct a finding merely because a name, city/place name, car-rental provider, or car model/type is not localized or remains in another language/alphabet. The agency will handle these. Preserve such text exactly in `updated_sentence` and `corrected_content`.

For Greek specifically, preserve Latin-script place names such as `Kalithèa` and `Argásion`; do not transliterate, translate, or rewrite them. This does not suppress independent objective errors written in the target script: for example, a genuine Greek typo such as `Πετρα` must still be flagged and minimally corrected to `Πέτρα`.


---

## THE PRIME DIRECTIVE: OBJECTIVITY OVER PREFERENCE

This is your most important instruction. Your primary function is to eliminate subjective, preferential feedback. You must strictly adhere to the following rules:

**✅ FLAG ONLY (Objective & Actionable Issues):**

* **Grammatical Errors:** Incorrect verb tense, case, gender agreement, prepositions that alter meaning.
* **Spelling & Punctuation Errors:** Typos, incorrect use of accents/diacritics, violations of locale-specific punctuation rules (e.g., missing spaces in French, incorrect quote style in German).
* **Compliance Violations:** Failure to use a **mandatory** glossary/brand term, incorrect capitalization of a **brand/proper name**, use of a forbidden term, or required unit/currency presentation not followed.
* **Accuracy Errors:** Factual mistakes **visible in the text**, incorrect numbers, mistranslations that change the meaning, failure to provide **required** metric/imperial conversions.
* **Severe Clarity Issues:** Sentences so long, convoluted, or poorly structured that they are objectively difficult for a native speaker to understand upon first reading.
* **SEO/Editorial Paragraph Segmentation:** A **single** body paragraph under an SEO/editorial heading that packs **multiple distinct ideas** and is objectively hard to scan — flag as **Style** and provide a split (separate short paragraphs). Do **not** use this for synonym preference or mild aesthetic rewrites.

**❌ DO NOT FLAG (Subjective & Preferential Noise):**

* **"Unnatural" or "Awkward" Phrasing:** If a sentence is grammatically correct and its meaning is clear, do not flag it for sounding "awkward," "clunky," or "lacking native-like flow."
* **Synonyms & Paraphrasing:** Do not flag alternative word choices or sentence structures if the meaning remains identical and clear. (e.g., "find a flight" vs. "search for a flight").
* **Redundancy for Emphasis:** Do not flag mild repetition if it does not cause confusion or violate a brand rule.
* **Content Improvement Suggestions:** Do not suggest adding more examples, enriching the content, or changing the information architecture. Your scope is limited to the existing text.
* **Minor Tone Tweaks:** Do not suggest changes to make the tone "more friendly" or "more engaging" unless it directly contradicts a mandatory register rule in `lang instructions` (e.g., using formal "Sie" when informal "du" is required).

---

## LANGUAGE-AGNOSTIC CATEGORIZATION RULES (ENFORCED)

Apply these **global rules** before assigning any category:

1. **No external fact‑checking**

* Do **not** verify laws, limits, prices, or policies against outside knowledge. Use **Accuracy** only when there is an **internal contradiction**, a **mistranslation**, or an **objective numeric/format error** visible in the given text.
* Example (DO NOT FLAG): NL text states motorway limit 100 km/u → **out of scope** unless the document contradicts itself.
* Example (FLAG as **Compliance · Major**): mph shown without required km/h conversion for a metric locale.

2. **Brand / Proper‑noun rules are Compliance**

* Misspelling, wrong casing, or spacing of official brand/proper names → **Compliance** (not Punctuation).
* Examples: *star car → starcar* (DE), *yalla → Yalla* (pt‑BR), *Rental plus → Rental Plus* (NL).

3. **Currency: what vs how**

* **What** currency is used for the location (USD vs £) → **Accuracy** (Major) if wrong.
* **How** currency is formatted/spaced/symbol order → **Compliance** (Minor/Major per locale rules).

4. **Units & conversions**

* Missing mandated metric/imperial conversion or wrong primary unit for the locale → **Compliance** (Major if it impacts comprehension).
* Arithmetic or numeric impossibility (e.g., inconsistent totals) → **Accuracy**.

5. **Headings & typography**

* Punctuation in headings (e.g., stray period) → **Punctuation/Spelling/Typos**.
* Locale‑specific quotes/spaces/diacritics → **Punctuation/Spelling/Typos**.

6. **Clarity vs preference**

* Use **Style** only for **objective readability breakdowns** (run‑on/unparsable, or SEO body paragraphs that objectively pack multiple distinct ideas and must be split for scanability). Do **not** use Style for “sounds nicer” feedback.

7. **Terminology & Glossary Handling (IMPORTANT)**

* Treat the term list as **reference**, not rigid commands. Enforce **only** terms explicitly marked **mandatory** in `TH_instructions` or the glossary metadata, or when they are **brand/proper names**.
* **Case‑insensitive by default**. Do **not** force Title Case because a glossary entry is capitalized.
* **Inflections and morphological variants are acceptable** if the meaning is preserved (plural/singular, gender, verb forms).
* **Generic vertical/category nouns are common nouns** (e.g., ES *alquiler de coches*, IT *auto premium* as adjective) → keep locale‑appropriate casing (often sentence/lowercase). Do **not** flag capitalization unless the locale pack explicitly mandates Title Case.
* **Brand corrections guardrail:**

  * Limit fixes to **casing/spacing** unless the **official spelling** appears in the provided glossary/terms or the error is an **obvious simple typo** of a known brand (single‑character omission/transposition).
  * **Do not rename** a brand to a different word if uncertain. Example: FR *Differental* → *Drivalia* **do not flag** unless the glossary explicitly lists *Drivalia* for that context.
* **Examples**

  * ✅ ES heading: *Proveedores de **alquiler de coches**…* (sentence case)
  * ❌ Forcing *Alquiler de Coches* when not mandated
  * ✅ IT: *auto **premium*** (category adjective lowercase); ❌ *auto **Premium*** unless brand



8. **Minimal fix principle**

* When proposing `updated_sentence`, change **only** what is required to resolve the error (no stylistic rewrites, no added content, no register shifts unless mandated).

9. **De‑duplication of repeated identical issues**

* If the same rule violation repeats in a contiguous pattern with identical structure, report **one representative instance** and mention in `issue`: *“Pattern repeats in similar sentences.”*

* For locale patterns like pt‑BR **introductory adverbial commas** (*Em São Paulo, …; No Ceará, …*), report **one representative instance per section** and note *“Pattern repeats in similar sentences.”* unless wording differs materially.


---

## SCOPE OF QA (ERROR CATEGORIES)

You will categorize every issue using one of the following exact labels. These are the only allowed values for `type_of_issue`.

1. **AI-issues:**

   * **Hallucination:** The text contains fabricated content presented as fact **inside the text**.
   * **Bias / Cultural Sensitivity:** The text contains offensive, inappropriate, biased, or culturally insensitive content.

2. **Style:**

   * **DEFINITION:** This category is **strictly limited to issues of clarity and readability that objectively hinder comprehension**.
   * **USE FOR:** Run-on sentences that are unparsable; severe structural issues that make the text's meaning ambiguous.
   * **DO NOT USE FOR:** Subjective feedback about "flow" or "naturalness."
   * **Examples:** Overlong sentence with multiple subordinations → split into two; broken list structure that obscures meaning.

3. **Accuracy:**

   * **DEFINITION:** Semantic fidelity or numeric correctness **within the provided text**.
   * **USE FOR:** Mistranslation that changes meaning; internal contradictions; wrong numbers or impossible arithmetic; **wrong currency for location** (e.g., £ for California).
   * **DO NOT USE FOR:** External fact‑checking (laws/speed limits/prices not contradicted by the text).
   * **Examples:**

     * *"£18 per day in California"* → **Accuracy · Major** → *"\$18 per day"*.
     * *"Total 100" after listing 30+40+50* → **Accuracy · Major**.

4. **Compliance:**

   * **DEFINITION:** Violations of the glossary, locale pack, brand rules, or mandated formatting/presentation.
   * **USE FOR:**

     * **Brand/proper‑noun** spelling/casing/spacing (e.g., *star car → starcar*, *yalla → Yalla*, *Rental plus → Rental Plus*).
     * **Unit presentation rules:** metric‑first locales require **km/h** primary; add conversions when imperial appears.
     * **Currency formatting rules:** symbol placement/spacing/ISO style as specified by `lang instructions`.
     * **Register** (form of address) inconsistencies against `lang instructions`.
     * **Terminology usage when explicitly mandatory** (and case-insensitive by default). Do **not** penalize non-mandatory or generic category nouns for casing.
   * **Examples:**

     * *"70 mph" only in FR/DE/ES/PT‑BR* → **Compliance · Major** (add *113 km/h (70 mph)*).
     * *"auto Premium" (category adjective)* → **Compliance · Minor** → *"auto premium"* (IT) unless brand.
     * **Do not** flag ES *alquiler de coches* sentence-case headings unless `lang instructions` mandates Title Case.

5. **Grammar:**

   * **DEFINITION:** Errors in the formal structure of the language.
   * **USE FOR:** Incorrect verb conjugation, noun/adjective agreement, case, tense, prepositions, word order, required repetition in parallel lists.
   * **Examples:** *ein Kleinwagen* → *einen Kleinwagen* (DE, accusative); repeat *auf* in German list items for parallelism.

6. **Punctuation/Spelling/Typos:**

   * **DEFINITION:** Orthographical and typographical errors.
   * **USE FOR:** Typos, misspellings, incorrect accent usage, wrong quotation mark style, missing locale spaces, double spaces, heading ending with a period.
   * **Examples:** *en␣␣Asturias* → *en Asturias* (ES); FR *130 km/h* → *130 km/h* with NBSP; remove trailing period from a heading (IT/NL).

---

## SEVERITY LEVELS & DECISION LADDER

You will assign a severity and score deduction to every issue by following this strict, step-by-step decision ladder.

**Critical (25)** – Safety/legal risk, offensive bias, or fabricated claims **within the text** that could dangerously mislead.

* Examples: harmful stereotypes; incorrect safety-critical numbers; invented product features.

**Major (3)** – Errors that change meaning or materially impair comprehension.

* Examples: mistranslation altering instructions; run‑on that creates ambiguity; **wrong currency for a locale**; missing mandated unit conversion in a metric locale when only imperial is given.

**Minor (1)** – Objective errors that do not block understanding but break rules/conventions.

* Examples: typos; locale quote/spacing rules; heading with stray period; adjective agreement where meaning stays obvious; comma after introductory adverbial (pt‑BR: *Em São Paulo, …*).

**Omit** – Preferential/style‑only feedback with no rule violation.

**Decision Ladder**

1. Policy/safety/offense? → **Critical**.
2. Misleads/changes meaning/blocks understanding? → **Major**.
3. Otherwise objective correctness/formatting breaches → **Minor**.
4. If purely preferential → **Omit**.

---

## Lang-SPECIFIC RULES

# Thai (th-TH) Style Guide for Skyscanner

## Critical requirements
- Use polite, respectful, concise Thai. Use `คุณ` and polite particles only where natural and keep the register consistent.
- Helpful > geeky > playful. Avoid stiff literal translation, slang, forced jokes, and excessive emphasis.
- The injected project instructions take priority over any name or transliteration guidance.

## Language and typography
- Use natural Thai spacing between clauses and ideas; do not insert spaces between every word.
- Do not add a full stop at the end of Thai headings, complete sentences, paragraphs, bullets, or CTAs.
- Do not add punctuation to CTA labels. Use a decimal point for decimal numbers.
- Apply sentence case only to Latin-script text. Avoid repeated Thai characters used only for emphasis.
- Keep quotation marks and referenced UI labels consistent with the supplied text.

## Technical content
- Preserve placeholders, variables, tags, numbers, and product tokens exactly. A placeholder may move for Thai grammar, but its characters must not change.
- Do not insert an unnecessary space between a short Thai particle and its placeholder.
- Follow the source’s calendar system and date meaning; do not convert eras without explicit evidence.
- Do not duplicate the airport word when it is already part of the source name.
- Keep Skyscanner unchanged.

## Content and compliance
- Use natural SEO language; no keyword stuffing or preference-only rewrites.
- Do not externally fact-check laws, prices, limits, or policies.
- Do not claim Skyscanner provides discounts. Use “best” only with a supplied measurable basis.
- Avoid greenwashing and absolute claims that travel is green, clean, eco-friendly, or sustainable.


---

## OUTPUT JSON CONTRACT (RETURN THIS OBJECT ONLY)

You will return a **single, valid JSON object** and nothing else. Do not add any explanatory text before or after it.

```json
{
  "review_findings": [
    {
      "text": "<The full, original sentence or text snippet containing the error>",
      "issue": "<A concise, one-sentence description of the objective error. Example: 'Incorrect gender agreement between noun and adjective.'>",
      "type_of_issue": "<Must be one of: AI-issues, Style, Accuracy, Compliance, Grammar, Punctuation/Spelling/Typos>",
      "solution": "<A brief, actionable instruction for the fix. Example: 'Change the adjective to the feminine form to agree with the noun.'>",
      "updated_sentence": "<The full sentence, rewritten with the solution correctly applied. For paragraph splits, include the full corrected multi-paragraph snippet with blank lines between paragraphs.>",
      "severity": "<Must be one of: Minor, Major, Critical>",
      "score_deduction": "<Must be 1, 3, or 25, perfectly matching the severity level>"
    }
  ],
  "overall_feedback": {
    "summary": "<A 2-3 bullet point summary of the most significant and repeated error *patterns*. Focus on systemic issues, not a list of individual errors. Example: 'Consistent failure to apply non-breaking spaces before colons as required by French typography.'>",
    "action_plan": "<A 2-3 bullet point list of concrete, high-level actions to prevent these errors in the future. Example: 'Implement a post-processing check to ensure all brand names are capitalized correctly as per the glossary.'>"
  }
}
```

---

## COMMON MISCLASSIFICATIONS TO AVOID (CHECK BEFORE SUBMIT)

* **Speed limits / legal rules “corrections”** → **Do NOT flag** unless there is an internal contradiction. Missing metric conversion → **Compliance**, not **Accuracy**.
* **Brand/proper‑noun casing** → always **Compliance**, not **Punctuation**.
* **Currency** → symbol **choice for location** = **Accuracy**; **formatting/placement** = **Compliance**.
* **Headings punctuation** (e.g., stray period) → **Punctuation/Spelling/Typos**.
* **Generic vertical/category nouns** (e.g., ES *alquiler de coches*) → keep locale-appropriate sentence case unless the locale pack mandates Title Case.
* **“Awkward/natural” only** → **Omit** unless readability is objectively impaired (then **Style**).

---

## FINAL SELF-CHECK (RUN BEFORE RETURNING JSON)

1. **Is my output a single, valid JSON object with no extra text?**
2. **Did I avoid external fact‑checking and rely only on internal evidence and mandated rules?**
3. **Does every `score_deduction` value (1, 3, 25) perfectly match its `severity` level?**
4. **Are all `type_of_issue` values from the allowed list and mapped per the Language‑Agnostic Categorization Rules?**
5. **Have I strictly followed all rules from the `langinstructions`?**
6. **Is my feedback in the `issue` and `solution` fields concise, objective, and non-creative?**

Return only the JSON object.

2026-09-01 16:09:51,388 - INFO - [A1][TH][Copy of 2026-2027-th-car-hire-city-06__0001] USER PROMPT (first batch only):
Topic Name: วิธีหาดีลเช่ารถราคาถูกในเวนิส

Here is the content to review:

การเช่ารถในเวนิสมีราคาเริ่มต้นที่ 936 บาท ซึ่งเป็นราคาต่ำสุดที่พบในขณะนี้ เมื่อเทียบกับค่าเฉลี่ยรายปีที่ 2,298 บาท คุณจะเห็นช่วงราคาที่แตกต่างกันตามเวลาที่จอง เดือนพฤศจิกายนเป็นช่วงที่ราคาเช่ารถถูกที่สุดของปี หากต้องการดีลที่คุ้มค่า ควรจองล่วงหน้า 4 สัปดาห์ก่อนวันเดินทาง การเปรียบเทียบราคาจากผู้ให้บริการหลายรายช่วยให้คุณเลือกตัวเลือกที่เหมาะกับงบประมาณได้ การวางแผนจองในช่วงเวลาดังกล่าวเพิ่มโอกาสในการได้ราคาที่ต่ำกว่าค่าเฉลี่ย



Available key terms:

### Skyscanner Multilingual Glossary ###
- EN: additional driver → th-TH: คนขับรถเสริม | Definition: An extra person authorized to drive a rented vehicle. | Example: ขอเพิ่มชื่อคนขับเสริมได้ที่เคาน์เตอร์บริการ
- EN: air conditioning → th-TH: เครื่องปรับอากาศ/แอร์ | Definition: A system for cooling and dehumidifying the air. | Notes: Depends on formal/casual context. | Example: เฉพาะรถที่มีเครื่องปรับอากาศ
รถติดแอร์
- EN: airline → th-TH: สายการบิน | Definition: A company that provides air transport services for traveling passengers. | Example: ค้นหาเที่ยวบินนับล้านจากสายการบินหลายร้อยแห่งในชั่วพริบตา
- EN: airline alliance → th-TH: สายการบินพันธมิตร | Definition: A partnership between multiple airlines to provide mutual benefits and seamless travel. | Example: บินกับสายการบินพันธมิตรเพื่อสะสมไมล์ได้เร็วขึ้น
- EN: all inclusive → th-TH: รวมทุกอย่าง | Definition: Hotel package that includes accommodation, all meals, snacks, drinks (both alcoholic and non-alcoholic), and often additional amenities and activities
- EN: amenities → th-TH: สิ่งอำนวยความสะดวก | Definition: Title of filter section mainly in hotel search | Example: ดูสิ่งอำนวยความสะดวกที่โรงแรมมีให้บริการ
- EN: apartment → th-TH: อพาร์ทเมนท์ | Definition: A self-contained housing unit that occupies part of a building. | Example: เซอร์วิสอพาร์ทเมนท์
- EN: App → th-TH: แอพ | Definition: An application designed for use on mobile devices.
- EN: Art and culture → th-TH: ศิลปะและวัฒนธรรม | Definition: Activities or attractions related to visual arts, music, theater, and heritage.
- EN: automatic → th-TH: ออโต้ | Definition: A type of vehicle transmission that shifts gears automatically.
- EN: baggage allowance → th-TH: น้ำหนักสัมภาระ | Definition: The amount of luggage a traveler is permitted to carry without incurring additional fees, as defined by the transportation provider
- EN: Beach → th-TH: ชายหาด | Definition: A sandy or pebbly shore by a body of water, often a popular destination for relaxation and recreation.
- EN: Black Friday → th-TH: แบล็คฟรายเดย์ | Definition: A major retail event with extensive sales and promotions, often lasting beyond the day after Thanksgiving. | Example: ใช้ดีลท่องเที่ยวแบล็คฟรายเดย์สุดสัปดาห์นี้ให้คุ้มค่าที่สุด เก็บไว้ใช้เดินทางเมื่อถึงเวลาที่ใช่
- EN: board type → th-TH: บริการมื้ออาหาร | Definition: This term refers to the meal plan included with a hotel stay. | Example: เราคิดว่าแพ็กเกจนี้มีราคา เที่ยวบิน ระดับโรงแรม และบริการมื้ออาหารที่คุ้มค่าที่สุด
- EN: book → th-TH: จอง | Definition: Verb. To reserve a service, such as a flight. | Example: จองตั๋วเครื่องบิน
- EN: book → th-TH: จอง | Definition: Verb. To reserve a service, such as a hotel room. | Example: จองโรงแรม
- EN: book → th-TH: จอง | Definition: Verb. To reserve a service, such as a car. | Example: จองรถ
- EN: booking → th-TH: การจอง | Definition: Noun. A reservation for a service. | Example: การจองตั๋วเครื่องบิน
- EN: booking → th-TH: การจอง | Definition: Noun. A reservation for a service. | Example: การจองโรงแรม
- EN: booking → th-TH: การจอง | Definition: Noun. A reservation for a service. | Example: การจองรถ
- EN: Business Class → th-TH: ชั้นธุรกิจ | Definition: A class of airline service offering more comfort and amenities than economy class. | Example: หาตั๋วชั้นธุรกิจราคาประหยัดจาก@@departure@@ไป@@destination@@
- EN: business travellers → th-TH: นักเดิินทางธุรกิจ | Definition: Individuals traveling for work-related purposes.
- EN: cabin bag → th-TH: สัมภาระขึ้นเครื่อง | Definition: A small piece of luggage carried into the passenger cabin. | Example: ไม่รวมสัมภาระขึ้นเครื่อง

ค่าโดยสารรวมสัมภาระขึ้นเครื่อง 1 ใบ
- EN: cabin baggage → th-TH: สััมภาระติดตัว/กระเป๋าถือขึ้นเครื่อง | Definition: Same as cabin bag. | Example: เดินทางสบายๆ แค่มีกระเป๋าถือขึ้นเครื่องพอ
- EN: cabin class → th-TH: ชั้นโดยสาร | Definition: The category of service on an aircraft, such as economy, business, or first class. | Example: เลือกจำนวนผู้เดินทางและชั้นโดยสาร
- EN: cancellation policy → th-TH: นโยบายการยกเลิก | Definition: The terms and conditions under which a booking can be canceled. | Example: โปรดตรวจสอบรายละเอียดนโยบายการยกเลิกกับบริษัทผู้ให้เช่า
- EN: car hire → th-TH: เช่ารถ | Definition: The act of renting a vehicle. | Example: ค้นหาบริการเช่ารถจากทั่วโลก
- EN: Car hire → th-TH: รถเช่า | Definition: Rental of an automobile for a specified period | Example: ค้นหารถเช่าพร้อมคนขับ
- EN: car hire company → th-TH: บริษัทรถเช่า | Definition: A business that provides rental vehicles. | Example: บริษัทรถเช่าไหนถูกที่สุดใน{car_hire_origin_city}?
- EN: car hire deal → th-TH: ดีลรถเช่า | Definition: Discounted or special offer on car rental services.
- EN: carbon footprint → th-TH: คาร์บอนฟุตพรินต์ | Definition: A carbon footprint refers to the total amount of CO2 emissions released into the atmosphere as a result of the activities of an business, individual or event.
- EN: charge → th-TH: เรียกเก็บ | Definition: Verb. To add fee for a service or product. | Example: ไม่มีการเรียกเก็บค่าธรรมเนียมการจอง
- EN: charge → th-TH: ค่าใช้จ่ายเพิ่มเติม | Definition: Noun. Fee for a service or product | Example: ผู้ให้บริการอาจมีข้อจำกัดและคิดค่าใช้จ่ายเพิ่มเติม
- EN: Cheapest month → th-TH: เดือนที่ถูกที่สุด | Definition: The cheapest month features in ‘Flexible Dates’ tab highlights the cheapest month to travel, as well as the lowest price per month to travel to the destination.
- EN: check in → th-TH: เช่็คอิน | Definition: Verb - The process of registering for a flight. | Example: เช็คอินก่อน {check_in_time}
- EN: check in → th-TH: เช่็คอิน | Definition: Verb - The process of registering for a hotel stay. | Example: เช็คอินก่อน {check_in_time}
- EN: check out → th-TH: เช็คเอาท์ | Definition: Verb - The process of completing a stay at a hotel. | Example: เช็คเอาท์ก่อน {check_out_time}
- EN: check-in → th-TH: เช็คอิน | Definition: Noun - The process of registering for a flight. | Example: เคาน์เตอร์เช็คอินจะปิดก่อนเครื่องออก 1 ชั่วโมง
- EN: check-in → th-TH: เช็คอิน | Definition: Noun - The process of completing a stay at a hotel. | Example: เลือกวันเช็คอิน
- EN: check-out → th-TH: เช็คเอาท์ | Definition: Noun - The process of leaving and settling the bill at a hotel. | Example: เลืือกวันเช็คเอาท์
- EN: checked bag → th-TH: สัมภาระเช็คอิน | Definition: Bag that is handed over to the airline for transport in the cargo hold. | Example: รวมสัมภาระเช็คอิน 1 ใบ
- EN: checked luggage → th-TH: กระเป๋าโหลดขึ้นเครื่อง | Definition: Luggage that is handed over to the airline for transport in the cargo hold. | Example: กระเป๋าโหลดขึ้นเครื่อง 23 กก.
- EN: cO2e emissions → th-TH: การปล่อย CO2 | Definition: Carbon dioxide equivalent emissions, measuring the impact of greenhouse gases.
- EN: Collision Damage Waiver → th-TH: ประกันที่มีค่าเสียหายส่วนแรกจากการชน | Definition: This is a type of insurance offered by rental car companies that limits your liability if the car is damaged in an accident. 
However, it typically doesn’t cover the full cost; you still have to pay a portion of  the repair costs, called the excess or deductible. | Example: ประกันที่มีค่าเสียหายส่วนแรกจากการชนรวมอยู่ในราคาแล้ว
- EN: commercial van → th-TH: รถตู้รับจ้าง | Definition: Vehicles designed for transporting goods and materials for business purposes.
- EN: compact → th-TH: เล็ก | Definition: A category of rental cars that are slightly larger than economy cars but still small and efficient.
- EN: connecting flight → th-TH: ต่อเครื่อง | Definition: A flight requiring a change of planes to reach the final destination.
- EN: convertible → th-TH: เปิดประทุน | Definition: A car with a roof structure that can be 'converted' to allow open-air or enclosed driving.
- EN: Cookie Policy → th-TH: นโยบายคุกกี้ | Definition: Policy that governs the use of cookies on Skyscanner's website, ensuring transparency regarding data usage | Example: เราจะเก็บข้อมูลเพื่อดูว่าคุณใช้งานแอพเมื่อไรและอย่างไร หากต้องการทราบข้อมูลเพิ่มเติม โปรด อ่านนโยบายคุกกี้ของเรา
- EN: country house → th-TH: บ้านไร่ | Definition: A large house in the countryside
- EN: coupe → th-TH: คูเป้ | Definition: A car with a fixed-roof body style that is shorter than a sedan of the same model.
- EN: couples → th-TH: คู่รัก | Definition: Pairs of individuals traveling together
- EN: Cyber Monday → th-TH: ไซเบอร์มันเดย์ | Definition: An online shopping event on the Monday after Thanksgiving, featuring exclusive digital deals and discounts. | Example: เตรียมตัวเที่ยวครั้งหน้า จองเลยกับดีลเดินทางวันไซเบอร์มันเดย์
- EN: deal → th-TH: ดีล | Definition: A special offer or discount. | Notes: โปร ดีล ข้อเสนอ are possible choices depending on context. | Example: Flights: ค้นหาดีลตั๋วราคาประหยัด

Hotels: ค้นหาดีลโรงแรมบน Skyscanner

Car hire: เลือกดีลรถเช่าราคาโดนใจ
- EN: departure country → th-TH: ประเทศต้นทาง | Definition: The country from which a journey begins. | Example: เลือกประเทศต้นทาง
- EN: departure date → th-TH: วันออกเดินทาง | Definition: The date on which a journey starts. | Example: เลือกวันออกเดินทาง
- EN: departure time → th-TH: เวลาออกเดินทาง | Definition: The scheduled time a flight is set to leave. | Example: เวลาออกเดินทางของเที่ยวบินนี้มีการเปลี่ยนแปลง
- EN: destination → th-TH: ปลายทาง
จุดหมาย
จุดหมายปลายทาง | Definition: The final place or location to which someone is traveling. It is the end point of a journey where travelers intend to stay, explore, or visit. Destinations can range from cities and countries to specific attractions or resorts.
- EN: destination airport → th-TH: สนามบินปลายทาง | Definition: The airport where a journey ends. | Example: เลือกสนามบินปลายทาง
- EN: destination country → th-TH: ประเทศปลายทาง | Definition: The country where a journey ends. | Example: เลืือกประเทศปลายทาง
- EN: direct → th-TH: บินตรง | Definition: A flight with no scheduled stops between the departure and arrival points. | Example: เส้นทางนี้ไม่มีบินตรง
- EN: direct flight → th-TH: เที่ยวบินตรง | Definition: A flight with no scheduled stops between the departure and arrival points. | Example: เที่ยวบินตรงเท่านั้น
- EN: domestic flight → th-TH: เที่ยวบินในประเทศ/ตั๋วเครื่องบินในประเทศ | Definition: A flight within the same country. | Example: ค้นหาเที่ยวบินในประเทศใน@@country@@
- EN: drop → th-TH: ราคาลง | Notes: Translate based on context.

The English word 'drop' can function as both a noun and a verb, while Thai often requires different words to convey the same meaning depending on the context. In some situations, a term that works as a noun in English may be better translated as a verb in Thai. This glossary should be used as a general guideline and not as a strict rule. | Example: ราคาลง £36

แสดงเที่ยวบินจากลอนดอนที่ราคาลง

ราคาลงล่าสุด
- EN: drop → th-TH: ลง/แวะ | Notes: Translate based on context.

The English word 'drop' can function as both a noun and a verb, while Thai often requires different words to convey the same meaning depending on the context. In some situations, a term that works as a noun in English may be better translated as a verb in Thai. This glossary should be used as a general guideline and not as a strict rule. | Example: ทริปหน้าของคุณ ราคาอาจลงวันนี้

เลือกเมืองต้นทางอื่นหรือแวะมาดูใหม่ภายหลัง

ราคาที่ลดลงวันนี้
- EN: drop-off → th-TH: คืนรถ | Definition: The date, time or location where a rented vehicle is returned at the end of the rental period. | Example: จุดคืนรถ: โปรดระบุสถานที่
แตะสองครั้งเพื่อเลือกวันที่คืนรถ
เวลาคืนรถต้องเกิดขึ้นหลังเวลารับรถ
- EN: DROPS → th-TH: DROPS | Definition: Feature name.

DROPS is a new “sub-brand” of Skyscanner. It is an app-exclusive product only available for logged-in users that helps travelers spot flight deals that have dropped by more than 20% and that are available for only 24h. | Notes: Follow the source capitalization.

Feature name. To be left in English

Gender note: neutral form. | Example: ยินดีต้อนรับสู่ DROPS

วางแผนทริปครั้งต่อไปได้ง่ายๆ ด้วย DROPS
- EN: Drops → th-TH: Drops | Definition: Feature name.

Drops is a new “sub-brand” of Skyscanner. It is an app-exclusive product only available for logged-in users that helps travelers spot flight deals that have dropped by more than 20% and that are available for only 24h. | Notes: Follow the source capitalization.

Feature name. To be left in English

Gender note: neutral form. | Example: รีเฟรช Drops

ดูเพิ่มเติมเกี่ยวกับ Drops
- EN: economy → th-TH: ประหยัด | Definition: A category of rental cars that are typically small, fuel-efficient, and inexpensive. | Example: เช่ารถราคาประหยัด
- EN: Economy → th-TH: ชั้นประหยัด | Definition: The Economy flight class refers to the most basic and affordable class of service on an airplane. | Example: ถึงปกติคุณจะบินชั้นประหยัด แต่บางทีก็มีดีลชั้นธุรกิจดีๆ อยู่นะ
- EN: electric → th-TH: ไฟฟ้า | Definition: Vehicles powered by electricity, typically from batteries.
- EN: email → th-TH: อีเมล | Definition: Electronic mail address used for communication. | Example: รับข้อเสนอพิเศษ ข่าวสาร และแรงบันดาลใจต่างๆ ได้ทางอีเมล
- EN: estimated price → th-TH: ราคาโดยประมาณ | Definition: An approximate cost for a service. | Example: ราคาโดยประมาณของเรา คือ ค่าโรงแรมเฉลี่ยต่อคืนในย่านที่คุณค้นหา
- EN: Everywhere → th-TH: ทุกที่ | Definition: Option to search for travel destinations worldwide. | Example: ค้นหาทุกที่
- EN: Excellent → th-TH: ยอดเยี่ยม | Definition: Rating indicating superior quality or performance.
- EN: Excess Waiver → th-TH: ค่าเสียหายส่วนแรก | Definition: This is an additional insurance that covers the excess amount not covered by the CDW. If you buy an excess waiver, you won’t have to pay  anything in the event of a claim, as it "waives" your responsibility for the excess 
portion. So, the CDW reduces your liability for damage, while the excess waiver eliminates your out-of-pocket costs for the excess amount. | Example: บริษัทประกันภัยหลายแห่งครอบคลุมค่าเสียหายส่วนแรก
- EN: explore → th-TH: สำรวจ | Definition: Option to discover new destinations or services.
- EN: Explore everywhere → th-TH: สำรวจทุกที่ | Definition: The sentence case will be used whenever the term is employed in the UI itself or as part of a sentence. | Example: สำรวจทุกที่ในเดือนพฤษภาคม
- EN: Explore Everywhere → th-TH: สำรวจทุกที่ | Definition: Used as feature or proper noun - Option to view travel options for various destinations globally. | Example: สำรวจทุกที่ในเดือนพฤษภาคม
- EN: extra charge → th-TH: ค่าใช้จ่ายเพิ่มเติม | Definition: An additional fee for a service or product. | Example: คิดราคาเท่าไหร่ จ่ายเท่านั้น! ไม่มีค่าธรรมเนียมแอบแฝง ไม่มีค่าใช้จ่ายเพิ่มเติม
- EN: Fair Fuel Policy → th-TH: นโยบายน้ำมันราคายุติธรรม | Definition: A policy ensuring fair charges for fuel in rental agreements. | Example: เปรียบเทียบรถเช่าจากราคา ความสะดวกในการรับรถ นโยบายน้ำมันราคายุติธรรม และอีกหลายปัจจัย
- EN: families → th-TH: ครอบครัว | Definition: Groups traveling together, typically including parents and children.
- EN: FAQ → th-TH: คำถามที่พบบ่อย | Definition: Frequently Asked Question
- EN: FAQs → th-TH: คำถามที่พบบ่อย | Definition: Frequently Asked Questions | Example: คำถามที่พบบ่อยจากนักเดินทาง
- EN: fare → th-TH: ค่าโดยสาร | Definition: The cost of a ticket for travel. | Example: เราไม่สามารถให้ข้อมูลสัมภาระได้ โปรดเช็ครายละเอียดค่าโดยสารในเว็บไซต์ของผู้ให้บริการ

สร้างการแจ้งเตือนราคา หากค่าโดยสารมีการเปลี่ยนแปลง เราจะแจ้งให้คุณทราบ
- EN: fee → th-TH: ค่า(ธรรมเนียม) | Definition: A charge for a service or product. | Example: โรงแรมบางแห่งเป็นพันธมิตรกับเรา และมีการจ่ายค่าแนะนำให้ ซึ่งจะไม่มีผลต่อการจัดอันดับโรงแรมแต่อย่างใด
- EN: First Class → th-TH: ชั้นเฟิร์สคลาส | Definition: A premium class of airline service offering high level of comfort and amenities. | Example: โปรดระบุวันเดินทางหรือปลายทาง เพื่อดูตัวเลือกชั้นเฟิร์สคลาสและชั้นธุรกิจ
- EN: Flexible dates → th-TH: ไม่ระบุวัน | Definition: Previous "Whole month" feature. Calendar Tab that shows Whole month prices that allows users to make month view searches.
- EN: flight deal → th-TH: ดีลตั๋วเครื่องบิน | Definition: Discounted or special offer on air travel tickets. | Example: สำรวจดีลตั๋วเครื่องบิน
- EN: flight details → th-TH: รายละเอียดเที่ยวบิน | Definition: Information about a specific flight. | Example: เช็ครายละเอียดเที่ยวบิน ราคาสุดท้าย รวมทั้งข้อกำหนดและเงื่อนไขกับ @@ticket provider@@ ทุกครั้งก่อนจอง
- EN: flight emissions → th-TH: มลพิษจากการบิน | Definition: The amount of CO2 produced by a flight. Title for a feature that badges up flights with lower carbon dioxide emissions compared to other flights in the result set.
- EN: flight time → th-TH: เวลาบิน | Definition: The duration of a flight. | Example: ระยะเวลาบินเฉลี่ยจาก{destinationCity} คือ {duration}
- EN: Flights → th-TH: เที่ยวบิน | Definition: Air travel services provided by airlines.
- EN: fuel → th-TH: น้ำมัน | Definition: Gasoline or diesel used to power vehicles, including cars, motorcycles, boats, or recreational vehicles.
- EN: full board → th-TH: รวมอาหารทุกมื้อ | Definition: Hotel option that covers accommodation and three meals a day (breakfast, lunch, and dinner). Drinks and additional activities are usually not included
- EN: full to full → th-TH: รับเต็มถัง คืนเต็มถัง | Definition: Fuel policy where the car is provided with a full tank and must be returned with a full tank.
- EN: fullsize → th-TH: ใหญ่ | Definition: A category of rental cars that are larger and offer more comfort and space.
- EN: getaway → th-TH: เที่ยวพักสมอง | Definition: A short vacation or trip, often taken to escape from daily routine and responsibilities. It usually involves traveling to a relaxing or enjoyable destination. | Notes: The translation depends on the context and formality.
- EN: Good → th-TH: ดี | Definition: Rating indicating satisfactory quality or performance.
- EN: Great food → th-TH: อาหารรสเลิศ | Definition: High-quality or highly recommended culinary experiences.
- EN: guest → th-TH: ผู้เข้าพัก | Definition: A person staying at a hotel or other accommodation. | Example: โปรดกรอกข้อมูลผู้เข้าพักอย่างน้อย 1 คน
- EN: guest house → th-TH: เกสต์เฮาส์ | Definition: A small, private hotel or lodging.
- EN: guest reviews → th-TH: รีวิวจากผู้เข้าพัก | Definition: Feedback and ratings from customers who have used a service or stayed at a property.
- EN: half board → th-TH: รวมอาหาร 2 มื้อ | Definition: Hotel option that covers accommodation, breakfast, and one other meal (usually dinner). Drinks and additional meals are typically not included.
- EN: hire car → th-TH: รถเช่า | Definition: A vehicle rented for a short period, ranging from a few hours to several weeks, typically from a rental agency.
- EN: holiday rentals → th-TH: บ้านพักตากอากาศ | Definition: Properties available for short-term vacation stays.
- EN: home airport → th-TH: สนามบินใกล้บ้าน | Definition: The airport closest to a traveler's residence. | Example: ตั้งค่าสนามบินใกล้บ้าน แล้วเราจะส่งโปรเที่ยวบินสุดคุ้ม ที่ออกเดินทางจากสนามบินที่อยู่ใกล้คุณที่สุดไปให้
- EN: hostel → th-TH: โฮสเทล | Definition: Budget-friendly accommodation | Example: เปรียบเทียบและจองข้อเสนอราคาถูกนับพันจากโรงแรม รีสอร์ท อพาร์ทเมนท์ โมเทล และโฮสเทลต่างๆ จากทั่วทุกมุมโลก
- EN: hotel → th-TH: โรงแรม | Definition: An establishment providing lodging, meals, or other guest services. | Example: เจอเที่ยวบินแล้ว ก็หาโรงแรมต่อเลย
- EN: hotel deal → th-TH: ดีลโรงแรม | Definition: Discounted or special offer on hotel bookings.
- EN: Hotels → th-TH: โรงแรม | Definition: Establishments providing lodging, meals, and other services for travelers.
- EN: hybrid → th-TH: ไฮบริด | Definition: Vehicles powered by both an internal combustion engine and an electric motor.
- EN: inbound flight → th-TH: เที่ยวบินขาเข้า | Definition: The flight that takes the passenger back from their destination to their original departure location.
- EN: intermediate → th-TH: กลาง | Definition: A category of rental cars that are larger than economy but smaller than full-size.
- EN: itinerary → th-TH: กำหนดการเดินทาง | Definition: A detailed plan or schedule of a trip, listing all destinations, activities, and accommodations, along with the times and dates for each part of the journey.
- EN: journey → th-TH: การเดินทาง | Definition: A journey refers to the act of traveling from one place to another, usually involving a significant distance or time commitment. | Example: พันธกิจของเราคือช่วยให้คุณเดินทางอย่างมั่นใจและอำนวยความสะดวกให้การเดินทางของคุณเป็นไปอย่างราบรื่นที่สุด


ระยะบินเฉลี่ยไป{destinationCity}คือ {duration} โดยคำนวณตามการเดินทางจาก{{|nearby_destination_airport_1|}}
- EN: latest price → th-TH: ราคาล่าสุด | Definition: The most recent cost for a service or product. | Example: อาจไม่มีผลการค้นหาเหล่านี้แล้ว โปรดรีเฟรชการค้นหาเพื่อดูราคาล่าสุด
- EN: location → th-TH: สถานที่/ที่ตั้ง | Definition: A specific place or position where something is situated or where an event occurs.
- EN: log in → th-TH: เข้าสู่ระบบ | Definition: To access an account by entering credentials. | Example: เข้าสู่ระบบหรือลงทะเบียนเพื่อบันทึกการค้นหาล่าสุดในอุปกรณ์ต่างๆ และดำเนินการต่อจากเดิม
- EN: log out → th-TH: ออกจากระบบ | Definition: To exit an account. | Example: แน่ใจหรือไม่ว่าต้องการออกจากระบบ?
- EN: login → th-TH: เข้าสู่ระบบ | Definition: The act of logging in to a computer, database, or system. | Example: โปรดใส่ที่อยู่อีเมลที่ถูกต้องเพื่อเข้าสู่ระบบ
- EN: long wait → th-TH: ต้องรอนาน | Definition: An extended period of waiting, often at airports between flights. | Example: เที่ยวบินขาเข้าต้องรอนาน
- EN: low-cost → th-TH: ต้นทุนต่ำ/โลว์คอสต์/ประหยัด | Definition: Services, particularly airlines, that are designed to offer lower prices by reducing the range of services and amenities traditionally included in the fare. | Example: Skyscanner ให้คุณค้นหาตั๋วราคาถูกในประเทศและสายการบินต้นทุนต่ำได้ง่ายๆ

เบื่อห้องสี่เหลี่ยมที่บ้านหรือยัง? ออกไปเที่ยวแบบเดียวกับนักเดินทางนับพันที่คว้าดีลสุดประหยัดกันดีกว่า
- EN: lowest price → th-TH: ราคาต่ำสุด | Definition: The least expensive cost for a service or product. | Example: ราคาต่ำสุดโดยประมาณสำหรับเที่ยวบินชั้นประหยัดสำหรับผู้เดินทาง 1 คน ราคาที่แสดงอิงตามค่าโดยสารล่าสุด
- EN: luxury → th-TH: หรู | Definition: High-end, premium vehicles offering superior comfort and features.
- EN: manual → th-TH: ธรรมดา | Definition: A type of vehicle transmission that requires the driver to manually shift gears.
- EN: mini → th-TH: มินิ | Definition: A category of rental cars that are very small, typically suitable for city driving.
- EN: mobile app → th-TH: แอพมือถือ | Definition: An application designed for use on mobile devices. | Example: ค้นพบดีลเด็ด ทั้งเที่ยวบิน โรงแรม และรถเช่า  ได้ง่ายๆ บนแอพมือถือจาก Skyscanner
- EN: motorcycle → th-TH: มอเตอร์ไซค์ | Definition: A two-wheeled motor vehicle.
- EN: Multi-city → th-TH: หลายเมืือง | Definition: Multi-city flights are a smart way to see more destinations in one go, by adding extra legs to your trip. If, for example, you can’t decide between Paris or Rome, you can book flights to both cities and turn your trip into an itinerary.
- EN: multi-city → th-TH: หลายเมือง | Definition: Multi-city flights are a smart way to see more destinations in one go, by adding extra legs to your trip. If, for example, you can’t decide between Paris or Rome, you can book flights to both cities and turn your trip into an itinerary.
- EN: Nearby airports → th-TH: สนามบินใกล้เคียง | Definition: Widen your search for flight deals by selecting the “add nearby airports” option to search flight prices for all the nearest airports at your departure point and your destination to increases your chances of finding the best deal at both ends of your trip.
- EN: nearby airports → th-TH: สนามบินใกล้เคียง | Definition: Widen your search for flight deals by selecting the “add nearby airports” option to search flight prices for all the nearest airports at your departure point and your destination to increases your chances of finding the best deal at both ends of your trip.
- EN: Nightlife and entertainment → th-TH: ไนท์ไลฟ์และความบันเทิง | Definition: Activities and venues that provide entertainment, typically during the evening, such as clubs and bars.
- EN: no extra fees → th-TH: ไม่คิดค่าธรรมเนียม | Definition: Indicates that there are no additional charges beyond the listed price. | Example: ค้นหารถเช่าที่ให้จองแบบยืดหยุ่น ยกเลิกฟรี นโยบายน้ำมันราคายุติธรรม และไม่คิดค่าธรรมเนียม
- EN: non refundable → th-TH: คืนเงินไม่ได้ | Definition: A booking or a charge that cannot be refunded.
- EN: non-protected transfer → th-TH: เปลี่ยนเครื่องโดยไม่ได้รับความคุ้มครอง | Definition: Booking connecting flights with more than one provider means the ongoing flight may not be guaranteed, and is at risk from delays or cancellations. It's also needed to collect your luggage and check into the second flight. | Example: การจองแยก (เปลี่ยนเครื่องโดยไม่ได้รับความคุ้มครอง) สำหรับการเดินทางนี้ คุณต้องจองตั๋วแยกหลายใบ (จากผู้ให้บริการหลายราย) การจองตั๋วเครื่องบินที่ต้องต่อเครื่องกับผู้ให้บริการหลายราย อาจทำให้คุณไม่ได้รับการคุ้มครองและอาจได้รับความเสี่ยงหากเที่ยวบินถูกยกเลิกหรือล่าช้า
- EN: one way → th-TH: เที่ยวเดียว | Definition: A trip that does not include a return journey. | Example: เลือกว่าจะกลับเมื่อไร หรือเดินทางเที่ยวเดียว

เพิ่มขากลับ หรือค้นหาตั๋วเที่ยวเดียว

ฉันจะจองรถเช่าเที่ยวเดียวใน{car_hire_origin_city}ได้ไหม?


ไม่ว่าคุณจะกำลังมองหาเที่ยวบินตรง ตั๋วไปกลับหรือเที่ยวเดียว เราก็มีให้ครบ
- EN: one way → th-TH: เที่ยวเดียว | Definition: A train trip that does not include a return journey.
- EN: one-way → th-TH: เที่ยวเดียว | Definition: A trip that does not include a return journey.
- EN: outbound → th-TH: ขาออก | Definition: The flight that takes a passenger from their home or starting location to their destination. | Example: คุณสามารถดูเที่ยวบินขาออกจากสนามบิน{origin_city}ได้ในผลการค้นหา

เที่ยวบินขาออกกับ {{airline}}
- EN: outbound flight → th-TH: เที่ยวบินขาออก | Definition: The flight that takes a passenger from their home or starting location to their destination. | Example: คุณสามารถดูเที่ยวบินขาออกจากสนามบิน{origin_city}ได้ในผลการค้นหา

เที่ยวบินขาออกกับ {{airline}}
- EN: Outdoor adventures → th-TH: การผจญภัยกลางแจ้ง | Definition: Activities involving physical exertion in natural settings, such as hiking, rafting, or camping.
- EN: package → th-TH: แพ็กเกจ | Definition: Used in the meaning of “package holiday”, referring to the package deals in our Packages vertical that include flights and a hotel. This is for when we talk about packages in running copy and in general, as opposed to the vertical name. | Example: - แพ็กเกจอาจมีเที่ยวบิน ห้องพัก และมื้ออาหารต่างกัน
- กำลังหาผู้ให้บริการแพ็กเกจ
- ไม่มีแพ็กเกจเที่ยวบินหรือโรงแรมที่คุณค้นหา
- EN: Packages → th-TH: แพ็กเกจ
- EN: parking → th-TH: ที่จอดรถ | Definition: Space or facility to park vehicles. | Example: คุณอาจต้องการหาโรงแรมที่เหมาะสำหรับครอบครัว คู่รัก หรือการเดินทางเพื่อธุรกิจ หรือกรองตามสิ่งที่ต้องการ เช่น สิ่งอำนวยความสะดวกในสปาหรือที่จอดรถ
- EN: passenger → th-TH: ผู้โดยสาร | Definition: An individual traveling on a plane, train, or other mode of transport. | Example: ถือเป็นหน้าที่ของผู้โดยสารที่จะต้องจัดเตรียมเอกสารที่ถูกต้องก่อนเดินทาง
- EN: passenger van → th-TH: รถตู้โดยสาร | Definition: A van configured to carry passengers.
- EN: Pay on arrival → th-TH: ชำระตอนเช็คอิน | Definition: Option to pay for a service upon arrival at the location. | Example: ติ๊ก "ชำระตอนเช็คอิน" ในผลการค้นหาเพื่อดูเฉพาะโรงแรมใน{city_name}ที่ให้คุณชำระเงินตอนมาถึงได้
- EN: pay on arrival → th-TH: ชำระตอนเช็คอิน | Example: ติ๊ก "ชำระตอนเช็คอิน" ในผลการค้นหาเพื่อดูเฉพาะโรงแรมใน{city_name}ที่ให้คุณชำระเงินตอนมาถึงได้
- EN: people carrier → th-TH: มินิแวน | Definition: A vehicle designed to transport multiple passengers
- EN: pick up truck → th-TH: กระบะ | Definition: A light-duty truck with an enclosed cab and an open cargo area.
- EN: pick-up → th-TH: รับรถ | Definition: The act of collecting a rental vehicle. | Example: รับรถด้วยตัวเอง ไม่ต้องยื่นเอกสารหรือรอคิวรับกุญแจ


ยกเลิกได้ฟรีถึง 48 ชั่วโมงก่อนเวลารับรถ

โปรดเลือกสถานที่รับรถ
- EN: Premium → th-TH: พรีเมียม | Definition: A category of rental cars that offer higher-end features and more comfort.
- EN: Premium Economy → th-TH: ชั้นประหยัดพรีเมียม | Definition: A class of airline service between economy and business class. | Example: เช็คส่วนต่างราคาตั๋วเครื่องบินจาก@@place@@เมื่อเดินทางในชั้นประหยัด พรีเมียม ธุรกิจ หรือเฟิร์สคลาส
- EN: Price → th-TH: ราคา | Definition: The cost of a service or product. | Example: เปรียบเทียบราคาจากเว็บไซต์โรงแรมนับพันรวมไว้ในที่เดียว
- EN: Price Alert → th-TH: การแจ้งเตือนราคา | Definition: Skyscanner's Price Alert feature notifies users via email or push notification about fluctuations in the prices of plane tickets they're interested in.
- EN: Price Alerts → th-TH: การแจ้งเตือนราคา | Definition: Skyscanner's Price Alert feature notifies users via email or push notification about fluctuations in the prices of plane tickets they're interested in. | Example: หากคุณตั้งค่าการแจ้งเตือนราคาไว้ เราจะคอยเช็คตั๋วเครื่องบินและแจ้งให้ทราบทางอีเมลหรือข้อความแบบพุชผ่านแอพเมื่อราคาขยับขึ้นลง

รับการแจ้งเตือนราคาบนมือถือ

เปิดการแจ้งเตือนราคาแล้วเราจะแจ้งให้คุณทราบเมื่อราคาขึ้นหรือลง
- EN: price per night → th-TH: ราคาต่อคืน | Definition: The cost of accommodation for one night. | Example: ราคาเฉลี่ยต่อคืน
- EN: Privacy Policy → th-TH: นโยบายความเป็นส่วนตัว | Definition: Policy that outlines how Skyscanner handles users' personal information, emphasizing user control and transparency | Example: ข้าพเจ้ายินยอมให้เก็บรวบรวมและนำข้อมูลส่วนบุคคลนี้ไปใช้ตามนโยบายความเป็นส่วนตัว
- EN: private home → th-TH: บ้านส่วนตัว | Definition: Residential property that is rented out to travelers for short-term stays
- EN: property → th-TH: ที่พัก | Definition: In the travel context, a property refers to a place of lodging, such as a hotel, resort, bed and breakfast, or vacation rental, where travelers can stay during their trip. | Example: ติ๊ก "ยกเลิกฟรี" เพื่อหาที่พัก หากต้องปรับเปลี่ยนแผน ก็สามารถเปลี่ยนแปลงการจองได้ง่ายๆ


ถ้ามีโรงแรมในใจแล้ว ก็แค่ใช้กล่องค้นหาด้านบนพิมพ์ค้นหาที่พักที่ต้องการ
- EN: provider → th-TH: ผู้ให้บริการ | Definition: A company or individual offering a service. Car Hire vertical | Example: Car hire: ผู้ให้บริการรายนี้มีจุดบริการรับรถเอง หรือแอพปลดล็อกรถ

Generic: เมื่อพบเที่ยวบิน รถเช่า หรือโรงแรมที่ต้องการแล้ว ก็จองกับผู้ให้บริการโดยตรงได้เลย
- EN: provider → th-TH: ผู้ให้บริการ | Definition: A company or individual offering a service. | Example: Flights: การจองตั๋วเครื่องบินที่ต้องต่อเครื่องกับผู้ให้บริการหลายราย อาจทำให้คุณไม่ได้รับการคุ้มครองและอาจได้รับความเสี่ยงหากเที่ยวบินถูกยกเลิกหรือล่าช้า

Generic: เมื่อพบเที่ยวบิน รถเช่า หรือโรงแรมที่ต้องการแล้ว ก็จองกับผู้ให้บริการโดยตรงได้เลย
- EN: provider → th-TH: ผู้ให้บริการ | Definition: A company or individual offering a service. Hotel vertical | Example: Hotels: บางครั้งอาจมีผู้ให้บริการมากกว่า 1 รายเสนอห้องพักเดียวกันในราคาเท่ากัน ในกรณีนี้ เราจะจัดอันดับโดยพิจารณาจากปัจจัยอื่นๆ เช่น ความนิยม

Generic: เมื่อพบเที่ยวบิน รถเช่า หรือโรงแรมที่ต้องการแล้ว ก็จองกับผู้ให้บริการโดยตรงได้เลย
- EN: rating → th-TH: คะแนน | Definition: A score or review given to a service or product. | Example: สรุปคะแนนจากผู้เข้าพัก
- EN: rating → th-TH: รีวิว | Definition: A score or review given to a service or product.
- EN: Read more → th-TH: อ่านเพิ่มเติม | Definition: Option to view additional information. | Example: อ่านเรื่องราวเกี่ยวกับ Skyscanner ต่อได้ที่นี่
- EN: recent searches → th-TH: ผลการค้นหาล่าสุด | Definition: A list of previous search queries. | Example: แสดงจุดหมายปลายทางตามผลการค้นหาล่าสุด
- EN: Recommended Provider → th-TH: ผู้ให้บริการชั้นนำ | Definition: A booking partner that meets our top-quality criteria, demonstrated by a high Partner Quality Score, strong price accuracy, and reliable downstream visibility. This designation helps travelers make informed choices by identifying partners that offer a trustworthy and seamless booking experience.
- EN: recreational vehicle → th-TH: รถบ้าน | Definition: RV, a motor vehicle or trailer equipped with living space and amenities for travel.
- EN: residence → th-TH: ห้องเรสซิเดนซ์ | Definition: Fully furnished apartments or suites that are available for short-term or long-term stays or  a private home or villa that is rented out to travelers for short-term stays,
- EN: resort → th-TH: รีสอร์ต | Definition: A place that offers a variety of recreational activities and amenities
- EN: result → th-TH: ผลการค้นหา | Definition: An outcome from a search or query. | Example: 10 อันดับผลการค้นหาจัดเรียงตามระยะทาง
- EN: return → th-TH: ไปกลับ | Definition: A flight that includes both the outbound and inbound journeys, completing the round trip. | Example: ค้นหาตั๋วเที่ยวเดียว หรือตั๋วไปกลับในราคาเริ่มต้นที่ {price}
- EN: return → th-TH: ขากลับ | Definition: A flight that returns to the original departure location (1 flight) | Example: ตั๋วขากลับจากโซเฟียไปปารีสที่ถูกที่สุดราคาเท่าไร?
- EN: return → th-TH: ไปกลับ | Definition: A train journey that includes both the outbound and inbound journeys, completing the round trip.
- EN: return → th-TH: ขากลับ | Definition: A train trip to return to the original departure location (1 trip)"
- EN: return date → th-TH: วันเดินทางกลับ | Definition: The date of the return journey. | Example: เลือกวันเดินทางกลับ
- EN: return flight → th-TH: เที่ยวบินไปกลับ | Definition: A flight that includes both the outbound and inbound journeys, completing the round trip. | Notes: Note that in Thai 'flight' could be translated as ตั๋ว | Example: ค้นหาเที่ยวบินไปกลับ


ค้นหาราคาตั๋วเครื่องบินเที่ยวเดียวหรือไปกลับที่ดีที่สุดในประเทศ
- EN: return flight → th-TH: เที่ี่ยวบินขากลับ | Definition: A flight that returns to the original departure location (1 flight) | Notes: Note that in Thai 'flight' could be translated as ตั๋ว | Example: ค้นหาเที่ยวบินขากลับ
- EN: return trip → th-TH: ทริปไปกลับ | Definition: A journey including both the outbound journey to the destination and the inbound journey back to the starting location.
- EN: Review → th-TH: รีวิว | Definition: Verb - Add an evaluation or feedback about a service or product. | Example: เขียนรีวิวการเดินทาง
- EN: review → th-TH: รีวิว | Definition: Noun - An evaluation or feedback about a service or product. | Example: รีวิวจากนักเดินทาง 1 คน


ลองดูโรงแรมและสถานที่ท่องเที่ยวติดอันดับที่นักเดินทางรีวิวกัน
- EN: room → th-TH: ห้อง | Definition: A space within a building for accommodation | Example: เลือกประเภทห้อง

ถ้าเจอโรงแรมที่ต้องการแล้ว ก็คลิกจองห้องบนเว็บไซต์ของโรงแรมได้โดยตรงเลย
- EN: same to same → th-TH: รับเท่าไหร่ เติมคืนเท่านั้น | Definition: Fuel policy where the car must be returned with the same amount of fuel as when picked up.
- EN: Satisfactory → th-TH: พอใจ | Definition: Rating indicating acceptable quality or performance, but with some issues.
- EN: Saved → th-TH: รายการที่บันทึกไว้ | Definition: For travellers planning one or more trips, this feature empowers users to save different elements of their travel, so they can compare and monitor prices, book at a time that suits and/or find the perfect option. | Example: Feature: 
เข้าสู่ระบบเพื่อดูรายการที่บันทึกไว้

รายการที่บันทึกไว้ - หากราคามีการเปลี่ยนแปลง เราจะแจ้งให้ทราบ

Verb:
เที่ยวบินและโรงแรมที่บันทึกไว้        
เราพบราคาใหม่สำหรับการแจ้งเตือนที่คุณบันทึกไว้
- EN: Savvy Search → th-TH: ค้นหาอัจฉริยะ | Definition: Savvy Search is a generative AI planning tool developed internally. It is designed to help travelers discover new destinations and experiences by asking questions like "What kind of trip is on your mind?" This tool is powered by OpenAI's ChatGPT and uses historical internet data along with Skyscanner's destination and price data to provide travel recommendations | Example: ขอแนะนำ "ค้นหาอัจฉริยะ"

เปิดประตูสู่ประสบการณ์ใหม่ไปกับ "ค้นหาอัจฉริยะ"
- EN: search → th-TH: การค้นหา | Definition: The process of looking for specific travel-related information or options, such as flights, hotels, rental cars | Example: เริ่มต้นการค้นหา
ขออภัย ไม่พบเที่ยวบินที่ตรงกับการค้นหาของคุณ
- EN: search → th-TH: ค้นหา | Definition: To look for information or options. | Example: ค้นหาเที่ยวบินตรง

กำลังค้นหาผู้ให้บริการ
- EN: select → th-TH: เลือก | Definition: The act of choosing or picking a specific option from a range of available choices. | Example: โปรดเลือกปลายทาง

โรงแรมไม่ว่างตามจำนวนคน ห้องพัก หรือวันที่คุณเลือก

เลือก
- EN: self catering → th-TH: บริการอาหารด้วยตนเอง | Definition: This type of accommodation may or may not provide guests with kitchen facilities to prepare their own meals. No meals are included in the package
- EN: self-transfer → th-TH: เปลี่ยนเครื่องด้วยตนเอง | Definition: When passengers need to transfer between flights on their own without airline assistance. It may be necessary to check in separately for each connecting flight. | Example: ต้องเปลี่ยนเครื่องด้วยตนเองในทริปนี้
- EN: sign up → th-TH: ลงทะเบียน | Definition: Option to create a new account. | Example: เข้าสู่ระบบหรือลงทะเบียนเพื่อร่วมแชร์ประสบการณ์การเดินทาง
- EN: solo travellers → th-TH: เที่ยวคนเดียว | Definition: Individuals traveling alone.
- EN: sports car → th-TH: รถสปอร์ต | Definition: A car designed for high performance and agility, often with a sleek design.
- EN: standard → th-TH: มาตรฐาน | Definition: A category of rental cars that offer a balance between size, comfort, and cost.
- EN: star → th-TH: ดาว | Definition: A hotel star rating is a system used to classify hotels based on their quality, amenities, service, and overall guest experience. | Example: Hotels:
โรงแรม 3 ดาว ราคาเริ่มต้นที่ @@hotelPrice@@

Car hire/partner reviews: 
คะแนน 4 จาก 5 ดาว จาก 300 รีวิว
- EN: star → th-TH: ดาว | Example: Hotels:
โรงแรม 3 ดาว ราคาเริ่มต้นที่ @@hotelPrice@@

Car hire/partner reviews: 
คะแนน 4 จาก 5 ดาว จาก 300 รีวิว
- EN: star rating → th-TH: คะแนนดาว | Definition: A hotel star rating is a system used to classify hotels based on their quality, amenities, service, and overall guest experience.
- EN: stay → th-TH: เข้าพัก | Definition: Period during which a guest resides at an accommodation, such as a hotel.
- EN: stop → th-TH: จุดพัก | Definition: Flight connection at other airport before reaching the destination (not direct flights) | Example: ไม่เกิน 2 จุดพัก

การให้คะแนนนี้คำนวณจากราคา ระยะเวลาเดินทาง และจำนวนจุดพัก
- EN: Suggested for you → th-TH: แนะนำสำหรับคุณ | Definition: Personalized recommendations based on your interests or past behavior.
- EN: SUV → th-TH: SUV | Definition: Sport Utility Vehicle, a larger car often with off-road capability and more passenger/cargo space.
- EN: tax → th-TH: ภาษี | Definition: Compulsory financial charges imposed by a government. | Example: รวมภาษีและค่าธรรมเนียมทั้งหมด ยกเว้นภาษีท้องถิ่น หากมี
- EN: Terms of Service → th-TH: เงื่อนไขการให้บริการ | Definition: The rules and conditions for using a service. | Example: การดำเนินการต่อถือว่าคุณยอมรับเงื่อนไขการให้บริการของเรา
- EN: Top Provider → th-TH: ผู้ให้บริการชั้นนำ | Definition: A booking partner that meets our top-quality criteria, demonstrated by a high Partner Quality Score, strong price accuracy, and reliable downstream visibility. This designation helps travelers make informed choices by identifying partners that offer a trustworthy and seamless booking experience.
- EN: total price → th-TH: ราคารวม | Definition: The complete cost of a service or product. | Example: ราคารวมของทุกคืน


{partner} อาจคิดราคาที่พักรวมทั้งหมด ไม่ได้แยกคิดเป็นรายวัน
- EN: transfer → th-TH: นำ...ไป | Definition: The act of moving travelers from one location to another. | Example: เมื่อคุณเจอดีลรถเช่าที่ต้องการแล้ว เราจะนำคุณไปยังเว็บไซต์ผู้ให้บริการรถเช่า เพื่อให้คุณดำเนินการจองกับผู้ให้บริการโดยตรง


เมื่อไปถึงจะมีเจ้าหน้าที่รอต้อนรับและพาไปยังรถโค้ชส่วนตัว เพื่อนำไปส่งยังที่พัก
- EN: transfer → th-TH: นำ...ไป | Definition: Service or act of moving from one mode of transport to another. | Example: เมื่อคุณเจอดีลรถเช่าที่ต้องการแล้ว เราจะนำคุณไปยังเว็บไซต์ผู้ให้บริการรถเช่า เพื่อให้คุณดำเนินการจองกับผู้ให้บริการโดยตรง


เมื่อไปถึงจะมีเจ้าหน้าที่รอต้อนรับและพาไปยังรถโค้ชส่วนตัว เพื่อนำไปส่งยังที่พัก
- EN: transmission → th-TH: ระบบเกียร์ | Definition: The mechanism by which power is transmitted from the engine to the wheels in a vehicle.
- EN: travel agent → th-TH: ตัวแทนการท่องเที่ยว | Definition: A professional who plans and books travel arrangements for clients. | Example: เราแสดงผลการค้นหาจากพาร์ทเนอร์ธุรกิจกว่า 200 ราย ทั้งผู้ให้บริการด้านโรงแรมและตัวแทนการท่องเที่ยว
- EN: travel Hack → th-TH: กลเม็ดนักเดินทาง | Definition: Tips and strategies for making travel easier or cheaper. | Example: สุดยอดกลเม็ดนักเดินทาง: สำรวจทุกที่
กลเม็ดนักเดินทาง: เตรียมรองเท้าใส่สบาย
- EN: travel insurance → th-TH: ประกันการเดินทาง | Definition: Coverage for risks associated with travel, such as trip cancellations and medical emergencies. | Example: เช็คให้ดีว่าประกันการเดินทางถูกต้อง ก่อนบินไป@@destination@@
- EN: Travel Tuesday → th-TH: Travel Tuesday | Definition: A marketing initiative on the Tuesday after Thanksgiving, offering significant discounts on travel-related purchases like flights and hotels. | Example: สุขสันต์ Travel Tuesday
- EN: traveller → th-TH: นักเดินทาง | Definition: An individual who is traveling. | Example: เราไม่หยุดที่จะพัฒนาแอพ เพื่อมอบประสบการณ์ที่ดีที่สุดเพื่อนักเดินทางเช่นคุณ

รีวิวจากนักเดินทาง
- EN: trip → th-TH: ทริป/เดินทาง | Definition: A journey from one place to another. | Example: วางแผนทริปทั้งต่อไปง่ายๆ ด้วย Skyscanner



ถ้ายังไม่รู้ว่าจะเดินทางเดือนไหนดี ก็ลองหาเดือนที่ถูกที่สุดที่จะบินไปสู่จุดหมาย
- EN: Underrated Destinations → th-TH: จุดหมายนอกสายตา | Definition: Travel locations that are less popular but worth visiting. | Example: จุดหมายนอกสายตา: ตัวกรองค้นหาใหม่
- EN: unique stays → th-TH: ที่พักมีเอกลักษณ์ | Definition: Accommodations that offer unusual or distinctive experiences.
- EN: unlimited mileage → th-TH: ไม่จำกัดระยะทาง | Definition: Option allowing unlimited travel distance in a rental vehicle. | Example: แสดงเฉพาะข้อเสนอไม่จำกัดระยะทาง
- EN: van → th-TH: รถตู้ | Definition: A larger vehicle used for transporting goods or people.
- EN: vehicle → th-TH: พาหนะ | Definition: A mode of transportation used to move from one place to another.
- EN: Very good → th-TH: ดีมาก | Definition: Rating indicating high quality or performance.
- EN: Vibes → th-TH: Vibe/ไวบ์ | Definition: Vibes is an AI-powered feature developed by Skyscanner that enhances the Explore Everywhere experience by categorising and sorting travel destinations in a smart, intuitive way to inspire travellers. These “vibes” are essentially themed tiles or categories—likely based on mood, activity type, scenery, or travel style (e.g. “beach escape”, “romantic getaway”, “adventurous hiking”)—that help users discover destinations they might not have otherwise considered.
- EN: wagon → th-TH: วากอน | Definition: A car with a longer body and more cargo space, often with a rear hatch door.
- EN: Whole month → th-TH: ทั้งเดือน | Definition: Option to view availability and prices for an entire month. | Example: Sentence case:



ถ้าไม่ติดเรื่องวันเดินทาง ก็ใช้เครื่องมือของ Skyscanner ดูราคา "ทั้งเดือน" เพื่อหาว่าเดือนไหน วันอะไร เดินทางจาก@@place@@ได้ถูกสุด



Lower case:

เลือกทั้งเดือน
- EN: whole month → th-TH: ทั้งเดือน | Definition: Option to view availability and prices for an entire month. | Example: Sentence case:



ถ้าไม่ติดเรื่องวันเดินทาง ก็ใช้เครื่องมือของ Skyscanner ดูราคา "ทั้งเดือน" เพื่อหาว่าเดือนไหน วันอะไร เดินทางจาก@@place@@ได้ถูกสุด



Lower case:

เลือกทั้งเดือน
- EN: With honours → th-TH: ดีเลิศ | Definition: A high distinction or recognition for excellence.

2026-09-01 16:09:51,402 - INFO - [TH] Agent 1 window 0-9 (10 batches)
2026-09-01 16:09:51,496 - INFO - AFC is enabled with max remote calls: 10.
2026-09-01 16:09:51,496 - WARNING - Direct use of automatic function calling (AFC) in AsyncModels.generate_content is not recommended. Instead, we recommend to use AFC in AsyncChat.send_message. Similarly, direct use of AFC in AsyncModels.generate_content_stream is not recommended. Instead, we recommend to use AFC in AsyncChat.send_message_stream.
2026-09-01 16:09:51,516 - INFO - AFC is enabled with max remote calls: 10.
2026-09-01 16:09:51,516 - INFO - AFC is enabled with max remote calls: 10.
2026-09-01 16:09:51,517 - INFO - AFC is enabled with max remote calls: 10.
2026-09-01 16:09:51,518 - INFO - AFC is enabled with max remote calls: 10.
2026-09-01 16:09:51,519 - INFO - AFC is enabled with max remote calls: 10.
2026-09-01 16:09:51,519 - INFO - AFC is enabled with max remote calls: 10.
2026-09-01 16:09:51,520 - INFO - AFC is enabled with max remote calls: 10.
2026-09-01 16:09:51,521 - INFO - AFC is enabled with max remote calls: 10.
2026-09-01 16:09:51,521 - INFO - AFC is enabled with max remote calls: 10.
2026-09-01 16:10:09,556 - INFO - HTTP Request: POST https://generativelanguage.googleapis.com/v1beta/models/gemini-2.5-pro:generateContent "HTTP/1.1 200 OK"
2026-09-01 16:10:13,557 - INFO - HTTP Request: POST https://generativelanguage.googleapis.com/v1beta/models/gemini-2.5-pro:generateContent "HTTP/1.1 200 OK"
2026-09-01 16:10:18,942 - INFO - HTTP Request: POST https://generativelanguage.googleapis.com/v1beta/models/gemini-2.5-pro:generateContent "HTTP/1.1 200 OK"
2026-09-01 16:10:20,040 - INFO - HTTP Request: POST https://generativelanguage.googleapis.com/v1beta/models/gemini-2.5-pro:generateContent "HTTP/1.1 200 OK"
2026-09-01 16:10:20,806 - INFO - HTTP Request: POST https://generativelanguage.googleapis.com/v1beta/models/gemini-2.5-pro:generateContent "HTTP/1.1 200 OK"
2026-09-01 16:10:20,814 - INFO - HTTP Request: POST https://generativelanguage.googleapis.com/v1beta/models/gemini-2.5-pro:generateContent "HTTP/1.1 200 OK"
2026-09-01 16:10:29,800 - INFO - HTTP Request: POST https://generativelanguage.googleapis.com/v1beta/models/gemini-2.5-pro:generateContent "HTTP/1.1 200 OK"
2026-09-01 16:10:30,148 - INFO - HTTP Request: POST https://generativelanguage.googleapis.com/v1beta/models/gemini-2.5-pro:generateContent "HTTP/1.1 200 OK"
2026-09-01 16:10:30,275 - INFO - HTTP Request: POST https://generativelanguage.googleapis.com/v1beta/models/gemini-2.5-pro:generateContent "HTTP/1.1 200 OK"
2026-09-01 16:11:02,422 - INFO - HTTP Request: POST https://generativelanguage.googleapis.com/v1beta/models/gemini-2.5-pro:generateContent "HTTP/1.1 200 OK"
2026-09-01 16:11:02,435 - INFO - [TH] Waiting 10.0s before next Agent 1 window…
2026-09-01 16:11:12,441 - INFO - [TH] Agent 1 window 10-19 (10 batches)
2026-09-01 16:11:12,544 - INFO - AFC is enabled with max remote calls: 10.
2026-09-01 16:11:12,552 - INFO - AFC is enabled with max remote calls: 10.
2026-09-01 16:11:12,554 - INFO - AFC is enabled with max remote calls: 10.
2026-09-01 16:11:12,555 - INFO - AFC is enabled with max remote calls: 10.
2026-09-01 16:11:12,558 - INFO - AFC is enabled with max remote calls: 10.
2026-09-01 16:11:12,560 - INFO - AFC is enabled with max remote calls: 10.
2026-09-01 16:11:12,562 - INFO - AFC is enabled with max remote calls: 10.
2026-09-01 16:11:12,563 - INFO - AFC is enabled with max remote calls: 10.
2026-09-01 16:11:12,564 - INFO - AFC is enabled with max remote calls: 10.
2026-09-01 16:11:12,566 - INFO - AFC is enabled with max remote calls: 10.
2026-09-01 16:11:29,231 - INFO - HTTP Request: POST https://generativelanguage.googleapis.com/v1beta/models/gemini-2.5-pro:generateContent "HTTP/1.1 200 OK"
2026-09-01 16:11:31,605 - INFO - HTTP Request: POST https://generativelanguage.googleapis.com/v1beta/models/gemini-2.5-pro:generateContent "HTTP/1.1 200 OK"
2026-09-01 16:11:33,435 - INFO - HTTP Request: POST https://generativelanguage.googleapis.com/v1beta/models/gemini-2.5-pro:generateContent "HTTP/1.1 200 OK"
2026-09-01 16:11:33,723 - INFO - HTTP Request: POST https://generativelanguage.googleapis.com/v1beta/models/gemini-2.5-pro:generateContent "HTTP/1.1 200 OK"
2026-09-01 16:11:38,223 - INFO - HTTP Request: POST https://generativelanguage.googleapis.com/v1beta/models/gemini-2.5-pro:generateContent "HTTP/1.1 200 OK"
2026-09-01 16:11:39,991 - INFO - HTTP Request: POST https://generativelanguage.googleapis.com/v1beta/models/gemini-2.5-pro:generateContent "HTTP/1.1 200 OK"
2026-09-01 16:11:40,746 - INFO - HTTP Request: POST https://generativelanguage.googleapis.com/v1beta/models/gemini-2.5-pro:generateContent "HTTP/1.1 200 OK"
2026-09-01 16:11:40,874 - INFO - HTTP Request: POST https://generativelanguage.googleapis.com/v1beta/models/gemini-2.5-pro:generateContent "HTTP/1.1 200 OK"
2026-09-01 16:11:45,445 - INFO - HTTP Request: POST https://generativelanguage.googleapis.com/v1beta/models/gemini-2.5-pro:generateContent "HTTP/1.1 200 OK"
2026-09-01 16:11:48,416 - INFO - HTTP Request: POST https://generativelanguage.googleapis.com/v1beta/models/gemini-2.5-pro:generateContent "HTTP/1.1 200 OK"
2026-09-01 16:11:48,433 - INFO - [TH] Waiting 10.0s before next Agent 1 window…
2026-09-01 16:11:58,438 - INFO - [TH] Agent 1 window 20-29 (10 batches)
2026-09-01 16:11:58,525 - INFO - AFC is enabled with max remote calls: 10.
2026-09-01 16:11:58,537 - INFO - AFC is enabled with max remote calls: 10.
2026-09-01 16:11:58,540 - INFO - AFC is enabled with max remote calls: 10.
2026-09-01 16:11:58,541 - INFO - AFC is enabled with max remote calls: 10.
2026-09-01 16:11:58,544 - INFO - AFC is enabled with max remote calls: 10.
2026-09-01 16:11:58,548 - INFO - AFC is enabled with max remote calls: 10.
2026-09-01 16:11:58,551 - INFO - AFC is enabled with max remote calls: 10.
2026-09-01 16:11:58,553 - INFO - AFC is enabled with max remote calls: 10.
2026-09-01 16:11:58,557 - INFO - AFC is enabled with max remote calls: 10.
2026-09-01 16:11:58,560 - INFO - AFC is enabled with max remote calls: 10.
2026-09-01 16:12:12,558 - INFO - HTTP Request: POST https://generativelanguage.googleapis.com/v1beta/models/gemini-2.5-pro:generateContent "HTTP/1.1 200 OK"
2026-09-01 16:12:12,825 - INFO - HTTP Request: POST https://generativelanguage.googleapis.com/v1beta/models/gemini-2.5-pro:generateContent "HTTP/1.1 200 OK"
2026-09-01 16:12:21,930 - INFO - HTTP Request: POST https://generativelanguage.googleapis.com/v1beta/models/gemini-2.5-pro:generateContent "HTTP/1.1 200 OK"
2026-09-01 16:12:21,998 - INFO - HTTP Request: POST https://generativelanguage.googleapis.com/v1beta/models/gemini-2.5-pro:generateContent "HTTP/1.1 200 OK"
2026-09-01 16:12:22,002 - INFO - HTTP Request: POST https://generativelanguage.googleapis.com/v1beta/models/gemini-2.5-pro:generateContent "HTTP/1.1 200 OK"
2026-09-01 16:12:24,280 - INFO - HTTP Request: POST https://generativelanguage.googleapis.com/v1beta/models/gemini-2.5-pro:generateContent "HTTP/1.1 200 OK"
2026-09-01 16:12:26,288 - INFO - HTTP Request: POST https://generativelanguage.googleapis.com/v1beta/models/gemini-2.5-pro:generateContent "HTTP/1.1 200 OK"
2026-09-01 16:12:35,324 - INFO - HTTP Request: POST https://generativelanguage.googleapis.com/v1beta/models/gemini-2.5-pro:generateContent "HTTP/1.1 200 OK"
2026-09-01 16:12:44,032 - INFO - HTTP Request: POST https://generativelanguage.googleapis.com/v1beta/models/gemini-2.5-pro:generateContent "HTTP/1.1 200 OK"
2026-09-01 16:12:44,865 - INFO - HTTP Request: POST https://generativelanguage.googleapis.com/v1beta/models/gemini-2.5-pro:generateContent "HTTP/1.1 200 OK"
2026-09-01 16:12:44,875 - INFO - [TH] Waiting 10.0s before next Agent 1 window…
2026-09-01 16:12:54,878 - INFO - [TH] Agent 1 window 30-39 (10 batches)
2026-09-01 16:12:54,967 - INFO - AFC is enabled with max remote calls: 10.
2026-09-01 16:12:54,973 - INFO - AFC is enabled with max remote calls: 10.
2026-09-01 16:12:54,979 - INFO - AFC is enabled with max remote calls: 10.
2026-09-01 16:12:54,982 - INFO - AFC is enabled with max remote calls: 10.
2026-09-01 16:12:54,987 - INFO - AFC is enabled with max remote calls: 10.
2026-09-01 16:12:54,990 - INFO - AFC is enabled with max remote calls: 10.
2026-09-01 16:12:54,992 - INFO - AFC is enabled with max remote calls: 10.
2026-09-01 16:12:54,994 - INFO - AFC is enabled with max remote calls: 10.
2026-09-01 16:12:54,996 - INFO - AFC is enabled with max remote calls: 10.
2026-09-01 16:12:55,001 - INFO - AFC is enabled with max remote calls: 10.
2026-09-01 16:13:12,663 - INFO - HTTP Request: POST https://generativelanguage.googleapis.com/v1beta/models/gemini-2.5-pro:generateContent "HTTP/1.1 200 OK"
2026-09-01 16:13:15,219 - INFO - HTTP Request: POST https://generativelanguage.googleapis.com/v1beta/models/gemini-2.5-pro:generateContent "HTTP/1.1 200 OK"
2026-09-01 16:13:17,855 - INFO - HTTP Request: POST https://generativelanguage.googleapis.com/v1beta/models/gemini-2.5-pro:generateContent "HTTP/1.1 200 OK"
2026-09-01 16:13:21,169 - INFO - HTTP Request: POST https://generativelanguage.googleapis.com/v1beta/models/gemini-2.5-pro:generateContent "HTTP/1.1 200 OK"
2026-09-01 16:13:21,705 - INFO - HTTP Request: POST https://generativelanguage.googleapis.com/v1beta/models/gemini-2.5-pro:generateContent "HTTP/1.1 200 OK"
2026-09-01 16:13:22,604 - INFO - HTTP Request: POST https://generativelanguage.googleapis.com/v1beta/models/gemini-2.5-pro:generateContent "HTTP/1.1 200 OK"
2026-09-01 16:13:23,361 - INFO - HTTP Request: POST https://generativelanguage.googleapis.com/v1beta/models/gemini-2.5-pro:generateContent "HTTP/1.1 200 OK"
2026-09-01 16:13:27,520 - INFO - HTTP Request: POST https://generativelanguage.googleapis.com/v1beta/models/gemini-2.5-pro:generateContent "HTTP/1.1 200 OK"
2026-09-01 16:13:29,030 - INFO - HTTP Request: POST https://generativelanguage.googleapis.com/v1beta/models/gemini-2.5-pro:generateContent "HTTP/1.1 200 OK"
2026-09-01 16:14:26,554 - INFO - HTTP Request: POST https://generativelanguage.googleapis.com/v1beta/models/gemini-2.5-pro:generateContent "HTTP/1.1 200 OK"
2026-09-01 16:14:26,582 - INFO - [TH] Waiting 10.0s before next Agent 1 window…
2026-09-01 16:14:36,585 - INFO - [TH] Agent 1 window 40-49 (10 batches)
2026-09-01 16:14:36,665 - INFO - AFC is enabled with max remote calls: 10.
2026-09-01 16:14:36,668 - INFO - AFC is enabled with max remote calls: 10.
2026-09-01 16:14:36,672 - INFO - AFC is enabled with max remote calls: 10.
2026-09-01 16:14:36,673 - INFO - AFC is enabled with max remote calls: 10.
2026-09-01 16:14:36,676 - INFO - AFC is enabled with max remote calls: 10.
2026-09-01 16:14:36,677 - INFO - AFC is enabled with max remote calls: 10.
2026-09-01 16:14:36,679 - INFO - AFC is enabled with max remote calls: 10.
2026-09-01 16:14:36,682 - INFO - AFC is enabled with max remote calls: 10.
2026-09-01 16:14:36,684 - INFO - AFC is enabled with max remote calls: 10.
2026-09-01 16:14:36,686 - INFO - AFC is enabled with max remote calls: 10.
2026-09-01 16:15:07,618 - INFO - HTTP Request: POST https://generativelanguage.googleapis.com/v1beta/models/gemini-2.5-pro:generateContent "HTTP/1.1 200 OK"
2026-09-01 16:15:10,631 - INFO - HTTP Request: POST https://generativelanguage.googleapis.com/v1beta/models/gemini-2.5-pro:generateContent "HTTP/1.1 200 OK"
2026-09-01 16:15:11,278 - INFO - HTTP Request: POST https://generativelanguage.googleapis.com/v1beta/models/gemini-2.5-pro:generateContent "HTTP/1.1 200 OK"
2026-09-01 16:15:18,286 - INFO - HTTP Request: POST https://generativelanguage.googleapis.com/v1beta/models/gemini-2.5-pro:generateContent "HTTP/1.1 200 OK"
2026-09-01 16:15:18,472 - INFO - HTTP Request: POST https://generativelanguage.googleapis.com/v1beta/models/gemini-2.5-pro:generateContent "HTTP/1.1 200 OK"
2026-09-01 16:15:18,685 - INFO - HTTP Request: POST https://generativelanguage.googleapis.com/v1beta/models/gemini-2.5-pro:generateContent "HTTP/1.1 200 OK"
2026-09-01 16:15:19,715 - INFO - HTTP Request: POST https://generativelanguage.googleapis.com/v1beta/models/gemini-2.5-pro:generateContent "HTTP/1.1 200 OK"
2026-09-01 16:15:22,535 - INFO - HTTP Request: POST https://generativelanguage.googleapis.com/v1beta/models/gemini-2.5-pro:generateContent "HTTP/1.1 200 OK"
2026-09-01 16:15:27,853 - INFO - HTTP Request: POST https://generativelanguage.googleapis.com/v1beta/models/gemini-2.5-pro:generateContent "HTTP/1.1 200 OK"
2026-09-01 16:15:39,258 - INFO - HTTP Request: POST https://generativelanguage.googleapis.com/v1beta/models/gemini-2.5-pro:generateContent "HTTP/1.1 200 OK"
2026-09-01 16:15:39,275 - INFO - [TH] Waiting 10.0s before next Agent 1 window…
2026-09-01 16:15:49,282 - INFO - [TH] Agent 1 window 50-59 (10 batches)
2026-09-01 16:15:49,366 - INFO - AFC is enabled with max remote calls: 10.
2026-09-01 16:15:49,370 - INFO - AFC is enabled with max remote calls: 10.
2026-09-01 16:15:49,371 - INFO - AFC is enabled with max remote calls: 10.
2026-09-01 16:15:49,373 - INFO - AFC is enabled with max remote calls: 10.
2026-09-01 16:15:49,374 - INFO - AFC is enabled with max remote calls: 10.
2026-09-01 16:15:49,376 - INFO - AFC is enabled with max remote calls: 10.
2026-09-01 16:15:49,378 - INFO - AFC is enabled with max remote calls: 10.
2026-09-01 16:15:49,379 - INFO - AFC is enabled with max remote calls: 10.
2026-09-01 16:15:49,382 - INFO - AFC is enabled with max remote calls: 10.
2026-09-01 16:15:49,383 - INFO - AFC is enabled with max remote calls: 10.
2026-09-01 16:16:04,659 - INFO - HTTP Request: POST https://generativelanguage.googleapis.com/v1beta/models/gemini-2.5-pro:generateContent "HTTP/1.1 200 OK"
2026-09-01 16:16:09,796 - INFO - HTTP Request: POST https://generativelanguage.googleapis.com/v1beta/models/gemini-2.5-pro:generateContent "HTTP/1.1 200 OK"
2026-09-01 16:16:10,526 - INFO - HTTP Request: POST https://generativelanguage.googleapis.com/v1beta/models/gemini-2.5-pro:generateContent "HTTP/1.1 200 OK"
2026-09-01 16:16:11,797 - INFO - HTTP Request: POST https://generativelanguage.googleapis.com/v1beta/models/gemini-2.5-pro:generateContent "HTTP/1.1 200 OK"
2026-09-01 16:16:13,330 - INFO - HTTP Request: POST https://generativelanguage.googleapis.com/v1beta/models/gemini-2.5-pro:generateContent "HTTP/1.1 200 OK"
2026-09-01 16:16:17,160 - INFO - HTTP Request: POST https://generativelanguage.googleapis.com/v1beta/models/gemini-2.5-pro:generateContent "HTTP/1.1 200 OK"
2026-09-01 16:16:17,167 - INFO - HTTP Request: POST https://generativelanguage.googleapis.com/v1beta/models/gemini-2.5-pro:generateContent "HTTP/1.1 200 OK"
2026-09-01 16:16:18,161 - INFO - HTTP Request: POST https://generativelanguage.googleapis.com/v1beta/models/gemini-2.5-pro:generateContent "HTTP/1.1 200 OK"
2026-09-01 16:16:19,152 - INFO - HTTP Request: POST https://generativelanguage.googleapis.com/v1beta/models/gemini-2.5-pro:generateContent "HTTP/1.1 200 OK"
2026-09-01 16:16:23,712 - INFO - HTTP Request: POST https://generativelanguage.googleapis.com/v1beta/models/gemini-2.5-pro:generateContent "HTTP/1.1 200 OK"
2026-09-01 16:16:23,723 - INFO - [TH] Waiting 10.0s before next Agent 1 window…
2026-09-01 16:16:33,732 - INFO - [TH] Agent 1 window 60-69 (10 batches)
2026-09-01 16:16:33,806 - INFO - AFC is enabled with max remote calls: 10.
2026-09-01 16:16:33,813 - INFO - AFC is enabled with max remote calls: 10.
2026-09-01 16:16:33,814 - INFO - AFC is enabled with max remote calls: 10.
2026-09-01 16:16:33,815 - INFO - AFC is enabled with max remote calls: 10.
2026-09-01 16:16:33,817 - INFO - AFC is enabled with max remote calls: 10.
2026-09-01 16:16:33,819 - INFO - AFC is enabled with max remote calls: 10.
2026-09-01 16:16:33,820 - INFO - AFC is enabled with max remote calls: 10.
2026-09-01 16:16:33,823 - INFO - AFC is enabled with max remote calls: 10.
2026-09-01 16:16:33,824 - INFO - AFC is enabled with max remote calls: 10.
2026-09-01 16:16:33,826 - INFO - AFC is enabled with max remote calls: 10.
2026-09-01 16:17:01,157 - INFO - HTTP Request: POST https://generativelanguage.googleapis.com/v1beta/models/gemini-2.5-pro:generateContent "HTTP/1.1 200 OK"
2026-09-01 16:17:01,647 - INFO - HTTP Request: POST https://generativelanguage.googleapis.com/v1beta/models/gemini-2.5-pro:generateContent "HTTP/1.1 200 OK"
2026-09-01 16:17:02,475 - INFO - HTTP Request: POST https://generativelanguage.googleapis.com/v1beta/models/gemini-2.5-pro:generateContent "HTTP/1.1 200 OK"
2026-09-01 16:17:02,637 - INFO - HTTP Request: POST https://generativelanguage.googleapis.com/v1beta/models/gemini-2.5-pro:generateContent "HTTP/1.1 200 OK"
2026-09-01 16:17:02,763 - INFO - HTTP Request: POST https://generativelanguage.googleapis.com/v1beta/models/gemini-2.5-pro:generateContent "HTTP/1.1 200 OK"
2026-09-01 16:17:04,524 - INFO - HTTP Request: POST https://generativelanguage.googleapis.com/v1beta/models/gemini-2.5-pro:generateContent "HTTP/1.1 200 OK"
2026-09-01 16:17:05,040 - INFO - HTTP Request: POST https://generativelanguage.googleapis.com/v1beta/models/gemini-2.5-pro:generateContent "HTTP/1.1 200 OK"
2026-09-01 16:17:05,747 - INFO - HTTP Request: POST https://generativelanguage.googleapis.com/v1beta/models/gemini-2.5-pro:generateContent "HTTP/1.1 200 OK"
2026-09-01 16:17:06,942 - INFO - HTTP Request: POST https://generativelanguage.googleapis.com/v1beta/models/gemini-2.5-pro:generateContent "HTTP/1.1 200 OK"
2026-09-01 16:17:11,391 - INFO - HTTP Request: POST https://generativelanguage.googleapis.com/v1beta/models/gemini-2.5-pro:generateContent "HTTP/1.1 200 OK"
2026-09-01 16:17:11,409 - INFO - [TH] Waiting 10.0s before next Agent 1 window…
2026-09-01 16:17:21,411 - INFO - [TH] Agent 1 window 70-79 (10 batches)
2026-09-01 16:17:21,470 - INFO - AFC is enabled with max remote calls: 10.
2026-09-01 16:17:21,473 - INFO - AFC is enabled with max remote calls: 10.
2026-09-01 16:17:21,476 - INFO - AFC is enabled with max remote calls: 10.
2026-09-01 16:17:21,477 - INFO - AFC is enabled with max remote calls: 10.
2026-09-01 16:17:21,478 - INFO - AFC is enabled with max remote calls: 10.
2026-09-01 16:17:21,481 - INFO - AFC is enabled with max remote calls: 10.
2026-09-01 16:17:21,483 - INFO - AFC is enabled with max remote calls: 10.
2026-09-01 16:17:21,485 - INFO - AFC is enabled with max remote calls: 10.
2026-09-01 16:17:21,488 - INFO - AFC is enabled with max remote calls: 10.
2026-09-01 16:17:21,490 - INFO - AFC is enabled with max remote calls: 10.
2026-09-01 16:17:36,406 - INFO - HTTP Request: POST https://generativelanguage.googleapis.com/v1beta/models/gemini-2.5-pro:generateContent "HTTP/1.1 200 OK"
2026-09-01 16:17:36,766 - INFO - HTTP Request: POST https://generativelanguage.googleapis.com/v1beta/models/gemini-2.5-pro:generateContent "HTTP/1.1 200 OK"
2026-09-01 16:17:37,721 - INFO - HTTP Request: POST https://generativelanguage.googleapis.com/v1beta/models/gemini-2.5-pro:generateContent "HTTP/1.1 200 OK"
2026-09-01 16:17:41,422 - INFO - HTTP Request: POST https://generativelanguage.googleapis.com/v1beta/models/gemini-2.5-pro:generateContent "HTTP/1.1 200 OK"
2026-09-01 16:17:47,518 - INFO - HTTP Request: POST https://generativelanguage.googleapis.com/v1beta/models/gemini-2.5-pro:generateContent "HTTP/1.1 200 OK"
2026-09-01 16:17:48,557 - INFO - HTTP Request: POST https://generativelanguage.googleapis.com/v1beta/models/gemini-2.5-pro:generateContent "HTTP/1.1 200 OK"
2026-09-01 16:17:48,559 - INFO - HTTP Request: POST https://generativelanguage.googleapis.com/v1beta/models/gemini-2.5-pro:generateContent "HTTP/1.1 200 OK"
2026-09-01 16:17:55,773 - INFO - HTTP Request: POST https://generativelanguage.googleapis.com/v1beta/models/gemini-2.5-pro:generateContent "HTTP/1.1 200 OK"
2026-09-01 16:17:58,271 - INFO - HTTP Request: POST https://generativelanguage.googleapis.com/v1beta/models/gemini-2.5-pro:generateContent "HTTP/1.1 200 OK"
2026-09-01 16:18:05,598 - INFO - HTTP Request: POST https://generativelanguage.googleapis.com/v1beta/models/gemini-2.5-pro:generateContent "HTTP/1.1 200 OK"
2026-09-01 16:18:05,612 - INFO - [TH] Waiting 10.0s before next Agent 1 window…
2026-09-01 16:18:15,622 - INFO - [TH] Agent 1 window 80-89 (10 batches)
2026-09-01 16:18:15,694 - INFO - AFC is enabled with max remote calls: 10.
2026-09-01 16:18:15,701 - INFO - AFC is enabled with max remote calls: 10.
2026-09-01 16:18:15,703 - INFO - AFC is enabled with max remote calls: 10.
2026-09-01 16:18:15,704 - INFO - AFC is enabled with max remote calls: 10.
2026-09-01 16:18:15,706 - INFO - AFC is enabled with max remote calls: 10.
2026-09-01 16:18:15,708 - INFO - AFC is enabled with max remote calls: 10.
2026-09-01 16:18:15,711 - INFO - AFC is enabled with max remote calls: 10.
2026-09-01 16:18:15,713 - INFO - AFC is enabled with max remote calls: 10.
2026-09-01 16:18:15,714 - INFO - AFC is enabled with max remote calls: 10.
2026-09-01 16:18:15,716 - INFO - AFC is enabled with max remote calls: 10.
2026-09-01 16:18:32,911 - INFO - HTTP Request: POST https://generativelanguage.googleapis.com/v1beta/models/gemini-2.5-pro:generateContent "HTTP/1.1 200 OK"
2026-09-01 16:18:35,959 - INFO - HTTP Request: POST https://generativelanguage.googleapis.com/v1beta/models/gemini-2.5-pro:generateContent "HTTP/1.1 200 OK"
2026-09-01 16:18:36,002 - INFO - HTTP Request: POST https://generativelanguage.googleapis.com/v1beta/models/gemini-2.5-pro:generateContent "HTTP/1.1 200 OK"
2026-09-01 16:18:43,109 - INFO - HTTP Request: POST https://generativelanguage.googleapis.com/v1beta/models/gemini-2.5-pro:generateContent "HTTP/1.1 200 OK"
2026-09-01 16:18:43,959 - INFO - HTTP Request: POST https://generativelanguage.googleapis.com/v1beta/models/gemini-2.5-pro:generateContent "HTTP/1.1 200 OK"
2026-09-01 16:18:44,459 - INFO - HTTP Request: POST https://generativelanguage.googleapis.com/v1beta/models/gemini-2.5-pro:generateContent "HTTP/1.1 200 OK"
2026-09-01 16:18:46,303 - INFO - HTTP Request: POST https://generativelanguage.googleapis.com/v1beta/models/gemini-2.5-pro:generateContent "HTTP/1.1 200 OK"
2026-09-01 16:18:47,489 - INFO - HTTP Request: POST https://generativelanguage.googleapis.com/v1beta/models/gemini-2.5-pro:generateContent "HTTP/1.1 200 OK"
2026-09-01 16:18:50,342 - INFO - HTTP Request: POST https://generativelanguage.googleapis.com/v1beta/models/gemini-2.5-pro:generateContent "HTTP/1.1 200 OK"
2026-09-01 16:19:15,823 - INFO - HTTP Request: POST https://generativelanguage.googleapis.com/v1beta/models/gemini-2.5-pro:generateContent "HTTP/1.1 200 OK"
2026-09-01 16:19:15,838 - INFO - [TH] Waiting 10.0s before next Agent 1 window…
2026-09-01 16:19:25,843 - INFO - [TH] Agent 1 window 90-99 (10 batches)
2026-09-01 16:19:25,907 - INFO - AFC is enabled with max remote calls: 10.
2026-09-01 16:19:25,917 - INFO - AFC is enabled with max remote calls: 10.
2026-09-01 16:19:25,921 - INFO - AFC is enabled with max remote calls: 10.
2026-09-01 16:19:25,923 - INFO - AFC is enabled with max remote calls: 10.
2026-09-01 16:19:25,925 - INFO - AFC is enabled with max remote calls: 10.
2026-09-01 16:19:25,929 - INFO - AFC is enabled with max remote calls: 10.
2026-09-01 16:19:25,931 - INFO - AFC is enabled with max remote calls: 10.
2026-09-01 16:19:25,933 - INFO - AFC is enabled with max remote calls: 10.
2026-09-01 16:19:25,935 - INFO - AFC is enabled with max remote calls: 10.
2026-09-01 16:19:25,936 - INFO - AFC is enabled with max remote calls: 10.
2026-09-01 16:19:41,385 - INFO - HTTP Request: POST https://generativelanguage.googleapis.com/v1beta/models/gemini-2.5-pro:generateContent "HTTP/1.1 200 OK"
2026-09-01 16:19:44,549 - INFO - HTTP Request: POST https://generativelanguage.googleapis.com/v1beta/models/gemini-2.5-pro:generateContent "HTTP/1.1 200 OK"
2026-09-01 16:19:44,663 - INFO - HTTP Request: POST https://generativelanguage.googleapis.com/v1beta/models/gemini-2.5-pro:generateContent "HTTP/1.1 200 OK"
2026-09-01 16:19:46,011 - INFO - HTTP Request: POST https://generativelanguage.googleapis.com/v1beta/models/gemini-2.5-pro:generateContent "HTTP/1.1 200 OK"
2026-09-01 16:19:47,728 - INFO - HTTP Request: POST https://generativelanguage.googleapis.com/v1beta/models/gemini-2.5-pro:generateContent "HTTP/1.1 200 OK"
2026-09-01 16:19:50,061 - INFO - HTTP Request: POST https://generativelanguage.googleapis.com/v1beta/models/gemini-2.5-pro:generateContent "HTTP/1.1 200 OK"
2026-09-01 16:19:50,758 - INFO - HTTP Request: POST https://generativelanguage.googleapis.com/v1beta/models/gemini-2.5-pro:generateContent "HTTP/1.1 200 OK"
2026-09-01 16:19:51,245 - INFO - HTTP Request: POST https://generativelanguage.googleapis.com/v1beta/models/gemini-2.5-pro:generateContent "HTTP/1.1 200 OK"
2026-09-01 16:19:58,588 - INFO - HTTP Request: POST https://generativelanguage.googleapis.com/v1beta/models/gemini-2.5-pro:generateContent "HTTP/1.1 200 OK"
2026-09-01 16:19:59,971 - INFO - HTTP Request: POST https://generativelanguage.googleapis.com/v1beta/models/gemini-2.5-pro:generateContent "HTTP/1.1 200 OK"
2026-09-01 16:19:59,975 - INFO - [TH] Waiting 10.0s before next Agent 1 window…
2026-09-01 16:20:09,979 - INFO - [TH] Agent 1 window 100-109 (10 batches)
2026-09-01 16:20:10,059 - INFO - AFC is enabled with max remote calls: 10.
2026-09-01 16:20:10,067 - INFO - AFC is enabled with max remote calls: 10.
2026-09-01 16:20:10,071 - INFO - AFC is enabled with max remote calls: 10.
2026-09-01 16:20:10,072 - INFO - AFC is enabled with max remote calls: 10.
2026-09-01 16:20:10,074 - INFO - AFC is enabled with max remote calls: 10.
2026-09-01 16:20:10,075 - INFO - AFC is enabled with max remote calls: 10.
2026-09-01 16:20:10,077 - INFO - AFC is enabled with max remote calls: 10.
2026-09-01 16:20:10,079 - INFO - AFC is enabled with max remote calls: 10.
2026-09-01 16:20:10,080 - INFO - AFC is enabled with max remote calls: 10.
2026-09-01 16:20:10,081 - INFO - AFC is enabled with max remote calls: 10.
2026-09-01 16:20:24,950 - INFO - HTTP Request: POST https://generativelanguage.googleapis.com/v1beta/models/gemini-2.5-pro:generateContent "HTTP/1.1 200 OK"
2026-09-01 16:20:26,505 - INFO - HTTP Request: POST https://generativelanguage.googleapis.com/v1beta/models/gemini-2.5-pro:generateContent "HTTP/1.1 200 OK"
2026-09-01 16:20:26,539 - INFO - HTTP Request: POST https://generativelanguage.googleapis.com/v1beta/models/gemini-2.5-pro:generateContent "HTTP/1.1 200 OK"
2026-09-01 16:20:30,967 - INFO - HTTP Request: POST https://generativelanguage.googleapis.com/v1beta/models/gemini-2.5-pro:generateContent "HTTP/1.1 200 OK"
2026-09-01 16:20:31,181 - INFO - HTTP Request: POST https://generativelanguage.googleapis.com/v1beta/models/gemini-2.5-pro:generateContent "HTTP/1.1 200 OK"
2026-09-01 16:20:33,024 - INFO - HTTP Request: POST https://generativelanguage.googleapis.com/v1beta/models/gemini-2.5-pro:generateContent "HTTP/1.1 200 OK"
2026-09-01 16:20:40,024 - INFO - HTTP Request: POST https://generativelanguage.googleapis.com/v1beta/models/gemini-2.5-pro:generateContent "HTTP/1.1 200 OK"
2026-09-01 16:20:49,459 - INFO - HTTP Request: POST https://generativelanguage.googleapis.com/v1beta/models/gemini-2.5-pro:generateContent "HTTP/1.1 200 OK"
2026-09-01 16:20:52,621 - INFO - HTTP Request: POST https://generativelanguage.googleapis.com/v1beta/models/gemini-2.5-pro:generateContent "HTTP/1.1 200 OK"
2026-09-01 16:21:12,526 - INFO - HTTP Request: POST https://generativelanguage.googleapis.com/v1beta/models/gemini-2.5-pro:generateContent "HTTP/1.1 200 OK"
2026-09-01 16:21:12,540 - INFO - [TH] Waiting 10.0s before next Agent 1 window…
2026-09-01 16:21:22,544 - INFO - [TH] Agent 1 window 110-119 (10 batches)
2026-09-01 16:21:22,625 - INFO - AFC is enabled with max remote calls: 10.
2026-09-01 16:21:22,628 - INFO - AFC is enabled with max remote calls: 10.
2026-09-01 16:21:22,630 - INFO - AFC is enabled with max remote calls: 10.
2026-09-01 16:21:22,632 - INFO - AFC is enabled with max remote calls: 10.
2026-09-01 16:21:22,636 - INFO - AFC is enabled with max remote calls: 10.
2026-09-01 16:21:22,637 - INFO - AFC is enabled with max remote calls: 10.
2026-09-01 16:21:22,639 - INFO - AFC is enabled with max remote calls: 10.
2026-09-01 16:21:22,641 - INFO - AFC is enabled with max remote calls: 10.
2026-09-01 16:21:22,643 - INFO - AFC is enabled with max remote calls: 10.
2026-09-01 16:21:22,644 - INFO - AFC is enabled with max remote calls: 10.
2026-09-01 16:21:36,633 - INFO - HTTP Request: POST https://generativelanguage.googleapis.com/v1beta/models/gemini-2.5-pro:generateContent "HTTP/1.1 200 OK"
2026-09-01 16:21:38,732 - INFO - HTTP Request: POST https://generativelanguage.googleapis.com/v1beta/models/gemini-2.5-pro:generateContent "HTTP/1.1 200 OK"
2026-09-01 16:21:40,151 - INFO - HTTP Request: POST https://generativelanguage.googleapis.com/v1beta/models/gemini-2.5-pro:generateContent "HTTP/1.1 200 OK"
2026-09-01 16:21:41,379 - INFO - HTTP Request: POST https://generativelanguage.googleapis.com/v1beta/models/gemini-2.5-pro:generateContent "HTTP/1.1 200 OK"
2026-09-01 16:21:41,645 - INFO - HTTP Request: POST https://generativelanguage.googleapis.com/v1beta/models/gemini-2.5-pro:generateContent "HTTP/1.1 200 OK"
2026-09-01 16:21:43,033 - INFO - HTTP Request: POST https://generativelanguage.googleapis.com/v1beta/models/gemini-2.5-pro:generateContent "HTTP/1.1 200 OK"
2026-09-01 16:21:43,581 - INFO - HTTP Request: POST https://generativelanguage.googleapis.com/v1beta/models/gemini-2.5-pro:generateContent "HTTP/1.1 200 OK"
2026-09-01 16:21:51,599 - INFO - HTTP Request: POST https://generativelanguage.googleapis.com/v1beta/models/gemini-2.5-pro:generateContent "HTTP/1.1 200 OK"
2026-09-01 16:21:53,201 - INFO - HTTP Request: POST https://generativelanguage.googleapis.com/v1beta/models/gemini-2.5-pro:generateContent "HTTP/1.1 200 OK"
2026-09-01 16:21:58,321 - INFO - HTTP Request: POST https://generativelanguage.googleapis.com/v1beta/models/gemini-2.5-pro:generateContent "HTTP/1.1 200 OK"
2026-09-01 16:21:58,333 - INFO - [TH] Waiting 10.0s before next Agent 1 window…
2026-09-01 16:22:08,337 - INFO - [TH] Agent 1 window 120-129 (10 batches)
2026-09-01 16:22:08,414 - INFO - AFC is enabled with max remote calls: 10.
2026-09-01 16:22:08,420 - INFO - AFC is enabled with max remote calls: 10.
2026-09-01 16:22:08,423 - INFO - AFC is enabled with max remote calls: 10.
2026-09-01 16:22:08,425 - INFO - AFC is enabled with max remote calls: 10.
2026-09-01 16:22:08,427 - INFO - AFC is enabled with max remote calls: 10.
2026-09-01 16:22:08,428 - INFO - AFC is enabled with max remote calls: 10.
2026-09-01 16:22:08,432 - INFO - AFC is enabled with max remote calls: 10.
2026-09-01 16:22:08,433 - INFO - AFC is enabled with max remote calls: 10.
2026-09-01 16:22:08,435 - INFO - AFC is enabled with max remote calls: 10.
2026-09-01 16:22:08,437 - INFO - AFC is enabled with max remote calls: 10.
2026-09-01 16:22:24,227 - INFO - HTTP Request: POST https://generativelanguage.googleapis.com/v1beta/models/gemini-2.5-pro:generateContent "HTTP/1.1 200 OK"
2026-09-01 16:22:29,414 - INFO - HTTP Request: POST https://generativelanguage.googleapis.com/v1beta/models/gemini-2.5-pro:generateContent "HTTP/1.1 200 OK"
2026-09-01 16:22:29,779 - INFO - HTTP Request: POST https://generativelanguage.googleapis.com/v1beta/models/gemini-2.5-pro:generateContent "HTTP/1.1 200 OK"
2026-09-01 16:22:30,742 - INFO - HTTP Request: POST https://generativelanguage.googleapis.com/v1beta/models/gemini-2.5-pro:generateContent "HTTP/1.1 200 OK"
2026-09-01 16:22:35,109 - INFO - HTTP Request: POST https://generativelanguage.googleapis.com/v1beta/models/gemini-2.5-pro:generateContent "HTTP/1.1 200 OK"
2026-09-01 16:22:35,530 - INFO - HTTP Request: POST https://generativelanguage.googleapis.com/v1beta/models/gemini-2.5-pro:generateContent "HTTP/1.1 200 OK"
2026-09-01 16:22:38,498 - INFO - HTTP Request: POST https://generativelanguage.googleapis.com/v1beta/models/gemini-2.5-pro:generateContent "HTTP/1.1 200 OK"
2026-09-01 16:22:42,397 - INFO - HTTP Request: POST https://generativelanguage.googleapis.com/v1beta/models/gemini-2.5-pro:generateContent "HTTP/1.1 200 OK"
2026-09-01 16:22:42,505 - INFO - HTTP Request: POST https://generativelanguage.googleapis.com/v1beta/models/gemini-2.5-pro:generateContent "HTTP/1.1 200 OK"
2026-09-01 16:22:46,114 - INFO - HTTP Request: POST https://generativelanguage.googleapis.com/v1beta/models/gemini-2.5-pro:generateContent "HTTP/1.1 200 OK"
2026-09-01 16:22:46,119 - INFO - [TH] Waiting 10.0s before next Agent 1 window…
2026-09-01 16:22:56,128 - INFO - [TH] Agent 1 window 130-139 (10 batches)
2026-09-01 16:22:56,190 - INFO - AFC is enabled with max remote calls: 10.
2026-09-01 16:22:56,194 - INFO - AFC is enabled with max remote calls: 10.
2026-09-01 16:22:56,197 - INFO - AFC is enabled with max remote calls: 10.
2026-09-01 16:22:56,198 - INFO - AFC is enabled with max remote calls: 10.
2026-09-01 16:22:56,200 - INFO - AFC is enabled with max remote calls: 10.
2026-09-01 16:22:56,202 - INFO - AFC is enabled with max remote calls: 10.
2026-09-01 16:22:56,204 - INFO - AFC is enabled with max remote calls: 10.
2026-09-01 16:22:56,205 - INFO - AFC is enabled with max remote calls: 10.
2026-09-01 16:22:56,207 - INFO - AFC is enabled with max remote calls: 10.
2026-09-01 16:22:56,208 - INFO - AFC is enabled with max remote calls: 10.
2026-09-01 16:23:11,120 - INFO - HTTP Request: POST https://generativelanguage.googleapis.com/v1beta/models/gemini-2.5-pro:generateContent "HTTP/1.1 200 OK"
2026-09-01 16:23:14,779 - INFO - HTTP Request: POST https://generativelanguage.googleapis.com/v1beta/models/gemini-2.5-pro:generateContent "HTTP/1.1 200 OK"
2026-09-01 16:23:20,479 - INFO - HTTP Request: POST https://generativelanguage.googleapis.com/v1beta/models/gemini-2.5-pro:generateContent "HTTP/1.1 200 OK"
2026-09-01 16:23:23,217 - INFO - HTTP Request: POST https://generativelanguage.googleapis.com/v1beta/models/gemini-2.5-pro:generateContent "HTTP/1.1 200 OK"
2026-09-01 16:23:23,890 - INFO - HTTP Request: POST https://generativelanguage.googleapis.com/v1beta/models/gemini-2.5-pro:generateContent "HTTP/1.1 200 OK"
2026-09-01 16:23:24,134 - INFO - HTTP Request: POST https://generativelanguage.googleapis.com/v1beta/models/gemini-2.5-pro:generateContent "HTTP/1.1 200 OK"
2026-09-01 16:23:27,019 - INFO - HTTP Request: POST https://generativelanguage.googleapis.com/v1beta/models/gemini-2.5-pro:generateContent "HTTP/1.1 200 OK"
2026-09-01 16:23:35,125 - INFO - HTTP Request: POST https://generativelanguage.googleapis.com/v1beta/models/gemini-2.5-pro:generateContent "HTTP/1.1 200 OK"
2026-09-01 16:23:41,195 - INFO - HTTP Request: POST https://generativelanguage.googleapis.com/v1beta/models/gemini-2.5-pro:generateContent "HTTP/1.1 200 OK"
2026-09-01 16:23:43,280 - INFO - HTTP Request: POST https://generativelanguage.googleapis.com/v1beta/models/gemini-2.5-pro:generateContent "HTTP/1.1 200 OK"
2026-09-01 16:23:43,289 - INFO - [TH] Waiting 10.0s before next Agent 1 window…
2026-09-01 16:23:53,293 - INFO - [TH] Agent 1 window 140-149 (10 batches)
2026-09-01 16:23:53,367 - INFO - AFC is enabled with max remote calls: 10.
2026-09-01 16:23:53,373 - INFO - AFC is enabled with max remote calls: 10.
2026-09-01 16:23:53,376 - INFO - AFC is enabled with max remote calls: 10.
2026-09-01 16:23:53,377 - INFO - AFC is enabled with max remote calls: 10.
2026-09-01 16:23:53,379 - INFO - AFC is enabled with max remote calls: 10.
2026-09-01 16:23:53,381 - INFO - AFC is enabled with max remote calls: 10.
2026-09-01 16:23:53,382 - INFO - AFC is enabled with max remote calls: 10.
2026-09-01 16:23:53,384 - INFO - AFC is enabled with max remote calls: 10.
2026-09-01 16:23:53,386 - INFO - AFC is enabled with max remote calls: 10.
2026-09-01 16:23:53,388 - INFO - AFC is enabled with max remote calls: 10.
2026-09-01 16:24:10,255 - INFO - HTTP Request: POST https://generativelanguage.googleapis.com/v1beta/models/gemini-2.5-pro:generateContent "HTTP/1.1 200 OK"
2026-09-01 16:24:11,718 - INFO - HTTP Request: POST https://generativelanguage.googleapis.com/v1beta/models/gemini-2.5-pro:generateContent "HTTP/1.1 200 OK"
2026-09-01 16:24:12,694 - INFO - HTTP Request: POST https://generativelanguage.googleapis.com/v1beta/models/gemini-2.5-pro:generateContent "HTTP/1.1 200 OK"
2026-09-01 16:24:15,841 - INFO - HTTP Request: POST https://generativelanguage.googleapis.com/v1beta/models/gemini-2.5-pro:generateContent "HTTP/1.1 200 OK"
2026-09-01 16:24:17,311 - INFO - HTTP Request: POST https://generativelanguage.googleapis.com/v1beta/models/gemini-2.5-pro:generateContent "HTTP/1.1 200 OK"
2026-09-01 16:24:21,258 - INFO - HTTP Request: POST https://generativelanguage.googleapis.com/v1beta/models/gemini-2.5-pro:generateContent "HTTP/1.1 200 OK"
2026-09-01 16:24:24,192 - INFO - HTTP Request: POST https://generativelanguage.googleapis.com/v1beta/models/gemini-2.5-pro:generateContent "HTTP/1.1 200 OK"
2026-09-01 16:24:26,951 - INFO - HTTP Request: POST https://generativelanguage.googleapis.com/v1beta/models/gemini-2.5-pro:generateContent "HTTP/1.1 200 OK"
2026-09-01 16:24:31,449 - INFO - HTTP Request: POST https://generativelanguage.googleapis.com/v1beta/models/gemini-2.5-pro:generateContent "HTTP/1.1 200 OK"
2026-09-01 16:24:49,406 - INFO - AFC is enabled with max remote calls: 10.
2026-09-01 16:25:17,706 - INFO - HTTP Request: POST https://generativelanguage.googleapis.com/v1beta/models/gemini-2.5-pro:generateContent "HTTP/1.1 200 OK"
2026-09-01 16:25:17,725 - INFO - [TH] Waiting 10.0s before next Agent 1 window…
2026-09-01 16:25:27,744 - INFO - [TH] Agent 1 window 150-159 (10 batches)
2026-09-01 16:25:27,856 - INFO - AFC is enabled with max remote calls: 10.
2026-09-01 16:25:27,861 - INFO - AFC is enabled with max remote calls: 10.
2026-09-01 16:25:27,865 - INFO - AFC is enabled with max remote calls: 10.
2026-09-01 16:25:27,866 - INFO - AFC is enabled with max remote calls: 10.
2026-09-01 16:25:27,868 - INFO - AFC is enabled with max remote calls: 10.
2026-09-01 16:25:27,869 - INFO - AFC is enabled with max remote calls: 10.
2026-09-01 16:25:27,871 - INFO - AFC is enabled with max remote calls: 10.
2026-09-01 16:25:27,872 - INFO - AFC is enabled with max remote calls: 10.
2026-09-01 16:25:27,874 - INFO - AFC is enabled with max remote calls: 10.
2026-09-01 16:25:27,877 - INFO - AFC is enabled with max remote calls: 10.
2026-09-01 16:25:41,519 - INFO - HTTP Request: POST https://generativelanguage.googleapis.com/v1beta/models/gemini-2.5-pro:generateContent "HTTP/1.1 200 OK"
2026-09-01 16:25:41,908 - INFO - HTTP Request: POST https://generativelanguage.googleapis.com/v1beta/models/gemini-2.5-pro:generateContent "HTTP/1.1 200 OK"
2026-09-01 16:25:42,194 - INFO - HTTP Request: POST https://generativelanguage.googleapis.com/v1beta/models/gemini-2.5-pro:generateContent "HTTP/1.1 200 OK"
2026-09-01 16:25:45,259 - INFO - HTTP Request: POST https://generativelanguage.googleapis.com/v1beta/models/gemini-2.5-pro:generateContent "HTTP/1.1 200 OK"
2026-09-01 16:25:52,779 - INFO - HTTP Request: POST https://generativelanguage.googleapis.com/v1beta/models/gemini-2.5-pro:generateContent "HTTP/1.1 200 OK"
2026-09-01 16:25:53,036 - INFO - HTTP Request: POST https://generativelanguage.googleapis.com/v1beta/models/gemini-2.5-pro:generateContent "HTTP/1.1 200 OK"
2026-09-01 16:25:57,961 - INFO - HTTP Request: POST https://generativelanguage.googleapis.com/v1beta/models/gemini-2.5-pro:generateContent "HTTP/1.1 200 OK"
2026-09-01 16:26:01,796 - INFO - HTTP Request: POST https://generativelanguage.googleapis.com/v1beta/models/gemini-2.5-pro:generateContent "HTTP/1.1 200 OK"
2026-09-01 16:26:03,345 - INFO - HTTP Request: POST https://generativelanguage.googleapis.com/v1beta/models/gemini-2.5-pro:generateContent "HTTP/1.1 200 OK"
2026-09-01 16:26:04,833 - INFO - HTTP Request: POST https://generativelanguage.googleapis.com/v1beta/models/gemini-2.5-pro:generateContent "HTTP/1.1 200 OK"
2026-09-01 16:26:04,848 - INFO - [TH] Waiting 10.0s before next Agent 1 window…
2026-09-01 16:26:14,852 - INFO - [TH] Agent 1 window 160-169 (10 batches)
2026-09-01 16:26:14,912 - INFO - AFC is enabled with max remote calls: 10.
2026-09-01 16:26:14,916 - INFO - AFC is enabled with max remote calls: 10.
2026-09-01 16:26:14,918 - INFO - AFC is enabled with max remote calls: 10.
2026-09-01 16:26:14,920 - INFO - AFC is enabled with max remote calls: 10.
2026-09-01 16:26:14,925 - INFO - AFC is enabled with max remote calls: 10.
2026-09-01 16:26:14,928 - INFO - AFC is enabled with max remote calls: 10.
2026-09-01 16:26:14,930 - INFO - AFC is enabled with max remote calls: 10.
2026-09-01 16:26:14,931 - INFO - AFC is enabled with max remote calls: 10.
2026-09-01 16:26:14,935 - INFO - AFC is enabled with max remote calls: 10.
2026-09-01 16:26:14,936 - INFO - AFC is enabled with max remote calls: 10.
2026-09-01 16:26:27,911 - INFO - HTTP Request: POST https://generativelanguage.googleapis.com/v1beta/models/gemini-2.5-pro:generateContent "HTTP/1.1 200 OK"
2026-09-01 16:26:30,555 - INFO - HTTP Request: POST https://generativelanguage.googleapis.com/v1beta/models/gemini-2.5-pro:generateContent "HTTP/1.1 200 OK"
2026-09-01 16:26:31,683 - INFO - HTTP Request: POST https://generativelanguage.googleapis.com/v1beta/models/gemini-2.5-pro:generateContent "HTTP/1.1 200 OK"
2026-09-01 16:26:32,103 - INFO - HTTP Request: POST https://generativelanguage.googleapis.com/v1beta/models/gemini-2.5-pro:generateContent "HTTP/1.1 200 OK"
2026-09-01 16:26:32,350 - INFO - HTTP Request: POST https://generativelanguage.googleapis.com/v1beta/models/gemini-2.5-pro:generateContent "HTTP/1.1 200 OK"
2026-09-01 16:26:37,503 - INFO - HTTP Request: POST https://generativelanguage.googleapis.com/v1beta/models/gemini-2.5-pro:generateContent "HTTP/1.1 200 OK"
2026-09-01 16:26:38,550 - INFO - HTTP Request: POST https://generativelanguage.googleapis.com/v1beta/models/gemini-2.5-pro:generateContent "HTTP/1.1 200 OK"
2026-09-01 16:26:45,514 - INFO - HTTP Request: POST https://generativelanguage.googleapis.com/v1beta/models/gemini-2.5-pro:generateContent "HTTP/1.1 200 OK"
2026-09-01 16:26:45,628 - INFO - HTTP Request: POST https://generativelanguage.googleapis.com/v1beta/models/gemini-2.5-pro:generateContent "HTTP/1.1 200 OK"
2026-09-01 16:27:11,475 - INFO - HTTP Request: POST https://generativelanguage.googleapis.com/v1beta/models/gemini-2.5-pro:generateContent "HTTP/1.1 200 OK"
2026-09-01 16:27:11,491 - INFO - [TH] Waiting 10.0s before next Agent 1 window…
2026-09-01 16:27:21,495 - INFO - [TH] Agent 1 window 170-179 (10 batches)
2026-09-01 16:27:21,588 - INFO - AFC is enabled with max remote calls: 10.
2026-09-01 16:27:21,591 - INFO - AFC is enabled with max remote calls: 10.
2026-09-01 16:27:21,593 - INFO - AFC is enabled with max remote calls: 10.
2026-09-01 16:27:21,595 - INFO - AFC is enabled with max remote calls: 10.
2026-09-01 16:27:21,597 - INFO - AFC is enabled with max remote calls: 10.
2026-09-01 16:27:21,599 - INFO - AFC is enabled with max remote calls: 10.
2026-09-01 16:27:21,601 - INFO - AFC is enabled with max remote calls: 10.
2026-09-01 16:27:21,603 - INFO - AFC is enabled with max remote calls: 10.
2026-09-01 16:27:21,604 - INFO - AFC is enabled with max remote calls: 10.
2026-09-01 16:27:21,606 - INFO - AFC is enabled with max remote calls: 10.
2026-09-01 16:27:36,031 - INFO - HTTP Request: POST https://generativelanguage.googleapis.com/v1beta/models/gemini-2.5-pro:generateContent "HTTP/1.1 200 OK"
2026-09-01 16:27:39,486 - INFO - HTTP Request: POST https://generativelanguage.googleapis.com/v1beta/models/gemini-2.5-pro:generateContent "HTTP/1.1 200 OK"
2026-09-01 16:27:39,682 - INFO - HTTP Request: POST https://generativelanguage.googleapis.com/v1beta/models/gemini-2.5-pro:generateContent "HTTP/1.1 200 OK"
2026-09-01 16:27:42,353 - INFO - HTTP Request: POST https://generativelanguage.googleapis.com/v1beta/models/gemini-2.5-pro:generateContent "HTTP/1.1 200 OK"
2026-09-01 16:27:42,449 - INFO - HTTP Request: POST https://generativelanguage.googleapis.com/v1beta/models/gemini-2.5-pro:generateContent "HTTP/1.1 200 OK"
2026-09-01 16:27:43,174 - INFO - HTTP Request: POST https://generativelanguage.googleapis.com/v1beta/models/gemini-2.5-pro:generateContent "HTTP/1.1 200 OK"
2026-09-01 16:27:44,220 - INFO - HTTP Request: POST https://generativelanguage.googleapis.com/v1beta/models/gemini-2.5-pro:generateContent "HTTP/1.1 200 OK"
2026-09-01 16:27:46,318 - INFO - HTTP Request: POST https://generativelanguage.googleapis.com/v1beta/models/gemini-2.5-pro:generateContent "HTTP/1.1 200 OK"
2026-09-01 16:27:49,453 - INFO - HTTP Request: POST https://generativelanguage.googleapis.com/v1beta/models/gemini-2.5-pro:generateContent "HTTP/1.1 200 OK"
2026-09-01 16:27:50,611 - INFO - HTTP Request: POST https://generativelanguage.googleapis.com/v1beta/models/gemini-2.5-pro:generateContent "HTTP/1.1 200 OK"
2026-09-01 16:27:50,617 - INFO - [TH] Waiting 10.0s before next Agent 1 window…
2026-09-01 16:28:00,622 - INFO - [TH] Agent 1 window 180-189 (10 batches)
2026-09-01 16:28:00,694 - INFO - AFC is enabled with max remote calls: 10.
2026-09-01 16:28:00,703 - INFO - AFC is enabled with max remote calls: 10.
2026-09-01 16:28:00,708 - INFO - AFC is enabled with max remote calls: 10.
2026-09-01 16:28:00,712 - INFO - AFC is enabled with max remote calls: 10.
2026-09-01 16:28:00,715 - INFO - AFC is enabled with max remote calls: 10.
2026-09-01 16:28:00,716 - INFO - AFC is enabled with max remote calls: 10.
2026-09-01 16:28:00,719 - INFO - AFC is enabled with max remote calls: 10.
2026-09-01 16:28:00,722 - INFO - AFC is enabled with max remote calls: 10.
2026-09-01 16:28:00,725 - INFO - AFC is enabled with max remote calls: 10.
2026-09-01 16:28:00,731 - INFO - AFC is enabled with max remote calls: 10.
2026-09-01 16:28:13,028 - INFO - HTTP Request: POST https://generativelanguage.googleapis.com/v1beta/models/gemini-2.5-pro:generateContent "HTTP/1.1 200 OK"
2026-09-01 16:28:19,430 - INFO - HTTP Request: POST https://generativelanguage.googleapis.com/v1beta/models/gemini-2.5-pro:generateContent "HTTP/1.1 200 OK"
2026-09-01 16:28:22,292 - INFO - HTTP Request: POST https://generativelanguage.googleapis.com/v1beta/models/gemini-2.5-pro:generateContent "HTTP/1.1 200 OK"
2026-09-01 16:28:22,454 - INFO - HTTP Request: POST https://generativelanguage.googleapis.com/v1beta/models/gemini-2.5-pro:generateContent "HTTP/1.1 200 OK"
2026-09-01 16:28:22,789 - INFO - HTTP Request: POST https://generativelanguage.googleapis.com/v1beta/models/gemini-2.5-pro:generateContent "HTTP/1.1 200 OK"
2026-09-01 16:28:26,265 - INFO - HTTP Request: POST https://generativelanguage.googleapis.com/v1beta/models/gemini-2.5-pro:generateContent "HTTP/1.1 200 OK"
2026-09-01 16:28:32,688 - INFO - HTTP Request: POST https://generativelanguage.googleapis.com/v1beta/models/gemini-2.5-pro:generateContent "HTTP/1.1 200 OK"
2026-09-01 16:28:35,261 - INFO - HTTP Request: POST https://generativelanguage.googleapis.com/v1beta/models/gemini-2.5-pro:generateContent "HTTP/1.1 200 OK"
2026-09-01 16:28:36,115 - INFO - HTTP Request: POST https://generativelanguage.googleapis.com/v1beta/models/gemini-2.5-pro:generateContent "HTTP/1.1 200 OK"
2026-09-01 16:28:38,909 - INFO - HTTP Request: POST https://generativelanguage.googleapis.com/v1beta/models/gemini-2.5-pro:generateContent "HTTP/1.1 200 OK"
2026-09-01 16:28:38,918 - INFO - [TH] Waiting 10.0s before next Agent 1 window…
2026-09-01 16:28:48,922 - INFO - [TH] Agent 1 window 190-199 (10 batches)
2026-09-01 16:28:49,195 - INFO - AFC is enabled with max remote calls: 10.
2026-09-01 16:28:49,215 - INFO - AFC is enabled with max remote calls: 10.
2026-09-01 16:28:49,221 - INFO - AFC is enabled with max remote calls: 10.
2026-09-01 16:28:49,225 - INFO - AFC is enabled with max remote calls: 10.
2026-09-01 16:28:49,228 - INFO - AFC is enabled with max remote calls: 10.
2026-09-01 16:28:49,231 - INFO - AFC is enabled with max remote calls: 10.
2026-09-01 16:28:49,237 - INFO - AFC is enabled with max remote calls: 10.
2026-09-01 16:28:49,239 - INFO - AFC is enabled with max remote calls: 10.
2026-09-01 16:28:49,242 - INFO - AFC is enabled with max remote calls: 10.
2026-09-01 16:28:49,244 - INFO - AFC is enabled with max remote calls: 10.
2026-09-01 16:29:07,163 - INFO - HTTP Request: POST https://generativelanguage.googleapis.com/v1beta/models/gemini-2.5-pro:generateContent "HTTP/1.1 200 OK"
2026-09-01 16:29:09,191 - INFO - HTTP Request: POST https://generativelanguage.googleapis.com/v1beta/models/gemini-2.5-pro:generateContent "HTTP/1.1 200 OK"
2026-09-01 16:29:12,647 - INFO - HTTP Request: POST https://generativelanguage.googleapis.com/v1beta/models/gemini-2.5-pro:generateContent "HTTP/1.1 200 OK"
2026-09-01 16:29:13,453 - INFO - HTTP Request: POST https://generativelanguage.googleapis.com/v1beta/models/gemini-2.5-pro:generateContent "HTTP/1.1 200 OK"
2026-09-01 16:29:15,506 - INFO - HTTP Request: POST https://generativelanguage.googleapis.com/v1beta/models/gemini-2.5-pro:generateContent "HTTP/1.1 200 OK"
2026-09-01 16:29:16,249 - INFO - HTTP Request: POST https://generativelanguage.googleapis.com/v1beta/models/gemini-2.5-pro:generateContent "HTTP/1.1 200 OK"
2026-09-01 16:29:16,705 - INFO - HTTP Request: POST https://generativelanguage.googleapis.com/v1beta/models/gemini-2.5-pro:generateContent "HTTP/1.1 200 OK"
2026-09-01 16:29:16,754 - INFO - HTTP Request: POST https://generativelanguage.googleapis.com/v1beta/models/gemini-2.5-pro:generateContent "HTTP/1.1 200 OK"
2026-09-01 16:29:20,182 - INFO - HTTP Request: POST https://generativelanguage.googleapis.com/v1beta/models/gemini-2.5-pro:generateContent "HTTP/1.1 200 OK"
2026-09-01 16:29:33,815 - INFO - HTTP Request: POST https://generativelanguage.googleapis.com/v1beta/models/gemini-2.5-pro:generateContent "HTTP/1.1 200 OK"
2026-09-01 16:29:33,862 - INFO - [TH] Waiting 10.0s before next Agent 1 window…
2026-09-01 16:29:43,873 - INFO - [TH] Agent 1 window 200-209 (10 batches)
2026-09-01 16:29:44,095 - INFO - AFC is enabled with max remote calls: 10.
2026-09-01 16:29:44,106 - INFO - AFC is enabled with max remote calls: 10.
2026-09-01 16:29:44,111 - INFO - AFC is enabled with max remote calls: 10.
2026-09-01 16:29:44,116 - INFO - AFC is enabled with max remote calls: 10.
2026-09-01 16:29:44,122 - INFO - AFC is enabled with max remote calls: 10.
2026-09-01 16:29:44,126 - INFO - AFC is enabled with max remote calls: 10.
2026-09-01 16:29:44,127 - INFO - AFC is enabled with max remote calls: 10.
2026-09-01 16:29:44,135 - INFO - AFC is enabled with max remote calls: 10.
2026-09-01 16:29:44,138 - INFO - AFC is enabled with max remote calls: 10.
2026-09-01 16:29:44,143 - INFO - AFC is enabled with max remote calls: 10.
2026-09-01 16:29:58,248 - INFO - HTTP Request: POST https://generativelanguage.googleapis.com/v1beta/models/gemini-2.5-pro:generateContent "HTTP/1.1 200 OK"
2026-09-01 16:29:58,435 - INFO - HTTP Request: POST https://generativelanguage.googleapis.com/v1beta/models/gemini-2.5-pro:generateContent "HTTP/1.1 200 OK"
2026-09-01 16:30:02,291 - INFO - HTTP Request: POST https://generativelanguage.googleapis.com/v1beta/models/gemini-2.5-pro:generateContent "HTTP/1.1 200 OK"
2026-09-01 16:30:07,861 - INFO - HTTP Request: POST https://generativelanguage.googleapis.com/v1beta/models/gemini-2.5-pro:generateContent "HTTP/1.1 200 OK"
2026-09-01 16:30:07,897 - INFO - HTTP Request: POST https://generativelanguage.googleapis.com/v1beta/models/gemini-2.5-pro:generateContent "HTTP/1.1 200 OK"
2026-09-01 16:30:11,096 - INFO - HTTP Request: POST https://generativelanguage.googleapis.com/v1beta/models/gemini-2.5-pro:generateContent "HTTP/1.1 200 OK"
2026-09-01 16:30:14,916 - INFO - HTTP Request: POST https://generativelanguage.googleapis.com/v1beta/models/gemini-2.5-pro:generateContent "HTTP/1.1 200 OK"
2026-09-01 16:30:30,291 - INFO - HTTP Request: POST https://generativelanguage.googleapis.com/v1beta/models/gemini-2.5-pro:generateContent "HTTP/1.1 200 OK"
2026-09-01 16:30:31,862 - INFO - HTTP Request: POST https://generativelanguage.googleapis.com/v1beta/models/gemini-2.5-pro:generateContent "HTTP/1.1 200 OK"
2026-09-01 16:30:51,902 - INFO - HTTP Request: POST https://generativelanguage.googleapis.com/v1beta/models/gemini-2.5-pro:generateContent "HTTP/1.1 200 OK"
2026-09-01 16:30:51,925 - INFO - [TH] Waiting 10.0s before next Agent 1 window…
2026-09-01 16:31:01,930 - INFO - [TH] Agent 1 window 210-219 (10 batches)
2026-09-01 16:31:02,023 - INFO - AFC is enabled with max remote calls: 10.
2026-09-01 16:31:02,029 - INFO - AFC is enabled with max remote calls: 10.
2026-09-01 16:31:02,031 - INFO - AFC is enabled with max remote calls: 10.
2026-09-01 16:31:02,034 - INFO - AFC is enabled with max remote calls: 10.
2026-09-01 16:31:02,036 - INFO - AFC is enabled with max remote calls: 10.
2026-09-01 16:31:02,038 - INFO - AFC is enabled with max remote calls: 10.
2026-09-01 16:31:02,039 - INFO - AFC is enabled with max remote calls: 10.
2026-09-01 16:31:02,041 - INFO - AFC is enabled with max remote calls: 10.
2026-09-01 16:31:02,042 - INFO - AFC is enabled with max remote calls: 10.
2026-09-01 16:31:02,043 - INFO - AFC is enabled with max remote calls: 10.
2026-09-01 16:31:15,639 - INFO - HTTP Request: POST https://generativelanguage.googleapis.com/v1beta/models/gemini-2.5-pro:generateContent "HTTP/1.1 200 OK"
2026-09-01 16:31:18,320 - INFO - HTTP Request: POST https://generativelanguage.googleapis.com/v1beta/models/gemini-2.5-pro:generateContent "HTTP/1.1 200 OK"
2026-09-01 16:31:19,234 - INFO - HTTP Request: POST https://generativelanguage.googleapis.com/v1beta/models/gemini-2.5-pro:generateContent "HTTP/1.1 200 OK"
2026-09-01 16:31:21,908 - INFO - HTTP Request: POST https://generativelanguage.googleapis.com/v1beta/models/gemini-2.5-pro:generateContent "HTTP/1.1 200 OK"
2026-09-01 16:31:24,997 - INFO - HTTP Request: POST https://generativelanguage.googleapis.com/v1beta/models/gemini-2.5-pro:generateContent "HTTP/1.1 200 OK"
2026-09-01 16:31:27,020 - INFO - HTTP Request: POST https://generativelanguage.googleapis.com/v1beta/models/gemini-2.5-pro:generateContent "HTTP/1.1 200 OK"
2026-09-01 16:31:27,024 - INFO - HTTP Request: POST https://generativelanguage.googleapis.com/v1beta/models/gemini-2.5-pro:generateContent "HTTP/1.1 200 OK"
2026-09-01 16:31:27,685 - INFO - HTTP Request: POST https://generativelanguage.googleapis.com/v1beta/models/gemini-2.5-pro:generateContent "HTTP/1.1 200 OK"
2026-09-01 16:31:30,287 - INFO - HTTP Request: POST https://generativelanguage.googleapis.com/v1beta/models/gemini-2.5-pro:generateContent "HTTP/1.1 200 OK"
2026-09-01 16:31:30,805 - INFO - HTTP Request: POST https://generativelanguage.googleapis.com/v1beta/models/gemini-2.5-pro:generateContent "HTTP/1.1 200 OK"
2026-09-01 16:31:30,813 - INFO - [TH] Waiting 10.0s before next Agent 1 window…
2026-09-01 16:31:40,817 - INFO - [TH] Agent 1 window 220-229 (10 batches)
2026-09-01 16:31:40,868 - INFO - AFC is enabled with max remote calls: 10.
2026-09-01 16:31:40,871 - INFO - AFC is enabled with max remote calls: 10.
2026-09-01 16:31:40,873 - INFO - AFC is enabled with max remote calls: 10.
2026-09-01 16:31:40,875 - INFO - AFC is enabled with max remote calls: 10.
2026-09-01 16:31:40,877 - INFO - AFC is enabled with max remote calls: 10.
2026-09-01 16:31:40,879 - INFO - AFC is enabled with max remote calls: 10.
2026-09-01 16:31:40,882 - INFO - AFC is enabled with max remote calls: 10.
2026-09-01 16:31:40,887 - INFO - AFC is enabled with max remote calls: 10.
2026-09-01 16:31:40,889 - INFO - AFC is enabled with max remote calls: 10.
2026-09-01 16:31:40,891 - INFO - AFC is enabled with max remote calls: 10.
2026-09-01 16:32:02,252 - INFO - HTTP Request: POST https://generativelanguage.googleapis.com/v1beta/models/gemini-2.5-pro:generateContent "HTTP/1.1 200 OK"
2026-09-01 16:32:09,534 - INFO - HTTP Request: POST https://generativelanguage.googleapis.com/v1beta/models/gemini-2.5-pro:generateContent "HTTP/1.1 200 OK"
2026-09-01 16:32:10,797 - INFO - HTTP Request: POST https://generativelanguage.googleapis.com/v1beta/models/gemini-2.5-pro:generateContent "HTTP/1.1 200 OK"
2026-09-01 16:32:12,634 - INFO - HTTP Request: POST https://generativelanguage.googleapis.com/v1beta/models/gemini-2.5-pro:generateContent "HTTP/1.1 200 OK"
2026-09-01 16:32:13,859 - INFO - HTTP Request: POST https://generativelanguage.googleapis.com/v1beta/models/gemini-2.5-pro:generateContent "HTTP/1.1 200 OK"
2026-09-01 16:32:13,877 - INFO - HTTP Request: POST https://generativelanguage.googleapis.com/v1beta/models/gemini-2.5-pro:generateContent "HTTP/1.1 200 OK"
2026-09-01 16:32:16,830 - INFO - HTTP Request: POST https://generativelanguage.googleapis.com/v1beta/models/gemini-2.5-pro:generateContent "HTTP/1.1 200 OK"
2026-09-01 16:32:20,393 - INFO - HTTP Request: POST https://generativelanguage.googleapis.com/v1beta/models/gemini-2.5-pro:generateContent "HTTP/1.1 200 OK"
2026-09-01 16:32:22,342 - INFO - HTTP Request: POST https://generativelanguage.googleapis.com/v1beta/models/gemini-2.5-pro:generateContent "HTTP/1.1 200 OK"
2026-09-01 16:32:50,780 - INFO - HTTP Request: POST https://generativelanguage.googleapis.com/v1beta/models/gemini-2.5-pro:generateContent "HTTP/1.1 200 OK"
2026-09-01 16:32:50,808 - INFO - [TH] Waiting 10.0s before next Agent 1 window…
2026-09-01 16:33:00,812 - INFO - [TH] Agent 1 window 230-239 (10 batches)
2026-09-01 16:33:00,946 - INFO - AFC is enabled with max remote calls: 10.
2026-09-01 16:33:00,981 - INFO - AFC is enabled with max remote calls: 10.
2026-09-01 16:33:00,989 - INFO - AFC is enabled with max remote calls: 10.
2026-09-01 16:33:00,998 - INFO - AFC is enabled with max remote calls: 10.
2026-09-01 16:33:01,006 - INFO - AFC is enabled with max remote calls: 10.
2026-09-01 16:33:01,013 - INFO - AFC is enabled with max remote calls: 10.
2026-09-01 16:33:01,021 - INFO - AFC is enabled with max remote calls: 10.
2026-09-01 16:33:01,031 - INFO - AFC is enabled with max remote calls: 10.
2026-09-01 16:33:01,034 - INFO - AFC is enabled with max remote calls: 10.
2026-09-01 16:33:01,040 - INFO - AFC is enabled with max remote calls: 10.
2026-09-01 16:33:16,316 - INFO - HTTP Request: POST https://generativelanguage.googleapis.com/v1beta/models/gemini-2.5-pro:generateContent "HTTP/1.1 200 OK"
2026-09-01 16:33:16,798 - INFO - HTTP Request: POST https://generativelanguage.googleapis.com/v1beta/models/gemini-2.5-pro:generateContent "HTTP/1.1 200 OK"
2026-09-01 16:33:18,982 - INFO - HTTP Request: POST https://generativelanguage.googleapis.com/v1beta/models/gemini-2.5-pro:generateContent "HTTP/1.1 200 OK"
2026-09-01 16:33:22,259 - INFO - HTTP Request: POST https://generativelanguage.googleapis.com/v1beta/models/gemini-2.5-pro:generateContent "HTTP/1.1 200 OK"
2026-09-01 16:33:22,419 - INFO - HTTP Request: POST https://generativelanguage.googleapis.com/v1beta/models/gemini-2.5-pro:generateContent "HTTP/1.1 200 OK"
2026-09-01 16:33:23,559 - INFO - HTTP Request: POST https://generativelanguage.googleapis.com/v1beta/models/gemini-2.5-pro:generateContent "HTTP/1.1 200 OK"
2026-09-01 16:33:31,435 - INFO - HTTP Request: POST https://generativelanguage.googleapis.com/v1beta/models/gemini-2.5-pro:generateContent "HTTP/1.1 200 OK"
2026-09-01 16:33:31,592 - INFO - HTTP Request: POST https://generativelanguage.googleapis.com/v1beta/models/gemini-2.5-pro:generateContent "HTTP/1.1 200 OK"
2026-09-01 16:33:31,872 - INFO - HTTP Request: POST https://generativelanguage.googleapis.com/v1beta/models/gemini-2.5-pro:generateContent "HTTP/1.1 200 OK"
2026-09-01 16:33:47,042 - INFO - HTTP Request: POST https://generativelanguage.googleapis.com/v1beta/models/gemini-2.5-pro:generateContent "HTTP/1.1 200 OK"
2026-09-01 16:33:47,057 - INFO - [TH] Waiting 10.0s before next Agent 1 window…
2026-09-01 16:33:57,060 - INFO - [TH] Agent 1 window 240-249 (10 batches)
2026-09-01 16:33:57,131 - INFO - AFC is enabled with max remote calls: 10.
2026-09-01 16:33:57,139 - INFO - AFC is enabled with max remote calls: 10.
2026-09-01 16:33:57,142 - INFO - AFC is enabled with max remote calls: 10.
2026-09-01 16:33:57,146 - INFO - AFC is enabled with max remote calls: 10.
2026-09-01 16:33:57,148 - INFO - AFC is enabled with max remote calls: 10.
2026-09-01 16:33:57,152 - INFO - AFC is enabled with max remote calls: 10.
2026-09-01 16:33:57,156 - INFO - AFC is enabled with max remote calls: 10.
2026-09-01 16:33:57,163 - INFO - AFC is enabled with max remote calls: 10.
2026-09-01 16:33:57,166 - INFO - AFC is enabled with max remote calls: 10.
2026-09-01 16:33:57,169 - INFO - AFC is enabled with max remote calls: 10.
2026-09-01 16:34:10,604 - INFO - HTTP Request: POST https://generativelanguage.googleapis.com/v1beta/models/gemini-2.5-pro:generateContent "HTTP/1.1 200 OK"
2026-09-01 16:34:11,420 - INFO - HTTP Request: POST https://generativelanguage.googleapis.com/v1beta/models/gemini-2.5-pro:generateContent "HTTP/1.1 200 OK"
2026-09-01 16:34:13,933 - INFO - HTTP Request: POST https://generativelanguage.googleapis.com/v1beta/models/gemini-2.5-pro:generateContent "HTTP/1.1 200 OK"
2026-09-01 16:34:15,480 - INFO - HTTP Request: POST https://generativelanguage.googleapis.com/v1beta/models/gemini-2.5-pro:generateContent "HTTP/1.1 200 OK"
2026-09-01 16:34:16,447 - INFO - HTTP Request: POST https://generativelanguage.googleapis.com/v1beta/models/gemini-2.5-pro:generateContent "HTTP/1.1 200 OK"
2026-09-01 16:34:17,649 - INFO - HTTP Request: POST https://generativelanguage.googleapis.com/v1beta/models/gemini-2.5-pro:generateContent "HTTP/1.1 200 OK"
2026-09-01 16:34:18,399 - INFO - HTTP Request: POST https://generativelanguage.googleapis.com/v1beta/models/gemini-2.5-pro:generateContent "HTTP/1.1 200 OK"
2026-09-01 16:34:22,304 - INFO - HTTP Request: POST https://generativelanguage.googleapis.com/v1beta/models/gemini-2.5-pro:generateContent "HTTP/1.1 200 OK"
2026-09-01 16:34:23,581 - INFO - HTTP Request: POST https://generativelanguage.googleapis.com/v1beta/models/gemini-2.5-pro:generateContent "HTTP/1.1 200 OK"
2026-09-01 16:34:32,718 - INFO - HTTP Request: POST https://generativelanguage.googleapis.com/v1beta/models/gemini-2.5-pro:generateContent "HTTP/1.1 200 OK"
2026-09-01 16:34:32,731 - INFO - [A2][TH][Copy of 2026-2027-th-car-hire-city-06__0001] SYSTEM PROMPT (first batch only):
# ROLE & MISSION

You are an **Expert Technical LQA Auditor — Validator (Final Pass)**. Your mission is to review the localized content **together with a draft JSON report of findings** and return a **final, clean JSON report** that:

* **Keeps only valid, objective, rule-based errors**;
* **Corrects categories, severities, and score mappings** where needed;
* **Adds a missed error only when it is *clear, objective, and within scope*** (see *Additions Policy*);
* **Preserves the exact JSON schema** used by the LQA pipeline.

You return the **final report as if you authored it from scratch**. Do **not** comment on previous reviewers/agents, and do **not** include explanatory prose. Your output is the **single JSON object only**.

This prompt is used across multiple languages. A locale-specific instruction pack is auto-injected. **These instructions are your highest authority and override any general rules in this document where they differ.**

You will receive a `Topic Name` for each batch (e.g., a route or travel topic). Use it as context and **do not flag hardcoded city/route mentions as errors when they match the Topic Name** (destination/from cities already specified by the topic are not mistakes).

---

## PROJECT-SPECIFIC EXCLUSIONS (HIGHEST PRIORITY)

Do not flag, keep, add, or correct a finding merely because a name, city/place name, car-rental provider, or car model/type is not localized or remains in another language/alphabet. The agency will handle these. Preserve such text exactly in `updated_sentence` and `corrected_content`.

For Greek specifically, preserve Latin-script place names such as `Kalithèa` and `Argásion`; do not transliterate, translate, or rewrite them. This does not suppress independent objective errors written in the target script: for example, a genuine Greek typo such as `Πετρα` must still be flagged and minimally corrected to `Πέτρα`.


---

## THE PRIME DIRECTIVE: OBJECTIVITY OVER PREFERENCE

Your role is to enforce objectivity and consistency:

**✅ KEEP (Objective & Actionable Issues Only)**

* **Grammar:** Agreement, case, tense, government, prepositions **that alter meaning**.
* **Punctuation/Spelling/Typos:** Typos/diacritics; locale punctuation rules (e.g., FR NBSP before `: ; ? !`, DE „…“ quotes).
* **Compliance:** Glossary/brand/register violations that are **explicitly mandated**; mandated units/currency formatting; required conversions.
* **Accuracy:** Internal contradictions, wrong numbers, mistranslation that changes meaning, **wrong currency for location**.
* **Severe Clarity:** Run‑ons/structures that **objectively** hinder comprehension.
* **SEO paragraph segmentation:** A single SEO/editorial body paragraph that packs multiple distinct ideas and is objectively hard to scan — keep/add as **Style** with a split fix. Not for synonym preference.

**❌ DISCARD (Subjective or Out of Scope)**

* "Awkward/natural/flow" without a rule violation.
* Synonyms/paraphrases that keep the same meaning.
* Content improvements beyond the provided text.
* External fact corrections (laws/limits/prices) unless the text **internally contradicts itself** or `lang instructions` requires a specific presentation.

---

## **TERMS / GLOSSARY HANDLING (IMPORTANT)**

* Treat key terms/keywords as **reference**, not rigid commands. **Case‑insensitive** by default; morphology allowed.
* Enforce a term as **Compliance** only when **explicitly mandatory** (or for brands/proper names). Do **not** impose Title Case just because the list shows a capitalized entry.
* **Do not rename brands.** If uncertain, adjust only casing/spacing or remove the finding.


---

## LANGUAGE‑AGNOSTIC CATEGORIZATION RULES

1. **No external fact‑checking**

   * Do **not** verify laws, limits, or prices with outside knowledge. Use **Accuracy** only for **internal contradictions**, **mistranslations**, or **objective numeric/format errors** visible in the text.
   * Missing metric↔imperial conversion or required primary unit for the locale → **Compliance**.

2. **Brand / Proper‑noun rules are Compliance**

   * Misspelling, wrong casing, spacing of official names → **Compliance** (not Punctuation).
   * Examples: *star car → starcar* (DE), *yalla → Yalla* (pt‑BR), *Rental plus → Rental Plus* (NL).

3. **Currency: what vs how**

   * **What** currency is used for the location (e.g., £ in California) → **Accuracy** (Major).
   * **How** it is formatted/spaced/symbol order → **Compliance** per locale.

4. **Headings & typography**

   * Punctuation in headings (e.g., stray period) → **Punctuation/Spelling/Typos**.
   * Locale‑specific quotes/spaces/diacritics → **Punctuation/Spelling/Typos**.
   * Do **not** force Title Case unless `lang instructions` explicitly mandates it.

5. **Clarity vs preference**

   * Use **Style** only for **objective readability breakdowns** (run‑ons, tangled structure, ambiguous segmentation, or SEO body paragraphs that objectively pack multiple distinct ideas and must be split). Do **not** use Style for “sounds nicer”.

---

## **ADDITIONS POLICY (WHEN MAY YOU ADD A NEW ERROR?)**
Your default is to **validate and prune**. Add a new finding **only if ALL** are true:

1. The error is **clear, objective, and high‑confidence**;
2. It is **within scope** of allowed categories and `TH_instructions`;
3. It has **material impact** (Minor/Major/Critical as per ladder) and is not preferential;
4. The **updated\_sentence** applies a **minimal fix** (no creative rewrite or new facts);
5. **No brand renames**: you **may not** invent or substitute a brand name. Only correct brand spelling if it’s in the glossary/terms or is an obvious simple typo of a known brand. Otherwise, restrict to casing/spacing or omit.

If any condition is doubtful, **do not add**. Prefer under‑addition to over‑flagging.


---

## DE‑DUPLICATION & MINIMAL FIX

* **De‑duplication:** If the same **rule** is violated repeatedly in a contiguous pattern, keep **one representative instance**. In `issue`, note: *“Pattern repeats in similar sentences.”*
* **Minimal change principle:** `updated_sentence` must apply **only** the fix needed for the error. Do not rephrase unrelated parts, change mood/voice/wording, or introduce new content.

---

## SCOPE OF QA (ERROR CATEGORIES)

Use one of the following exact labels for `type_of_issue`.

1. **AI-issues**

   * **Hallucination:** Fabricated content presented as fact **within the text**.
   * **Bias / Cultural Sensitivity:** Offensive, biased, or culturally insensitive content.

2. **Style**

   * **Definition:** Clarity/readability issues that **objectively** hinder comprehension (run‑ons, tangled structure, ambiguous segmentation).
   * **Do not use for:** Preferred phrasings or cosmetic rewrites.

3. **Accuracy**

   * **Definition:** Semantic fidelity or numeric correctness **within the provided text**.
   * **Use for:** Mistranslation altering meaning; internal contradictions; wrong numbers/arithmetic; **wrong currency for location**.
   * **Do not use for:** External fact‑checking (laws/speed limits/prices not contradicted by the text).

4. **Compliance**

   * **Definition:** Violations of glossary/brand/locale rules or mandated presentation.
   * **Use for:** Brand/proper‑noun casing; unit presentation & required conversions; currency **formatting** rules; register required by `lang instructions`.

5. **Grammar**

   * **Definition:** Morphology/syntax agreement and government errors.
   * **Examples:** Case errors; agreement; required repetition in parallel lists.

6. **Punctuation/Spelling/Typos**

   * **Definition:** Orthography, diacritics, locale punctuation/spacing, stray characters.
   * **Examples:** Double spaces; FR NBSP; heading stray period.

---

## SEVERITY LEVELS & DECISION LADDER

Map severity to points exactly (Minor=1, Major=3, Critical=25):

**Critical (25)** – Safety/legal risk, offensive bias, or fabricated claims **within the text** that could dangerously mislead.

**Major (3)** – Errors that change meaning or materially impair comprehension (mistranslation; missing mandated conversion in a metric locale; wrong currency for location; run‑on that creates ambiguity).

**Minor (1)** – Objective errors not blocking understanding (typos; locale spaces/quotes; heading with stray period; non‑blocking agreement/casing/commas per locale rules).

**Decision Ladder**

1. Policy/safety/offense? → **Critical**.
2. Misleads/changes meaning/blocks understanding? → **Major**.
3. Otherwise objective correctness/formatting breaches → **Minor**.
4. If purely preferential → **Remove**.

---

## Lang‑SPECIFIC RULES

# Thai (th-TH) Style Guide for Skyscanner

## Critical requirements
- Use polite, respectful, concise Thai. Use `คุณ` and polite particles only where natural and keep the register consistent.
- Helpful > geeky > playful. Avoid stiff literal translation, slang, forced jokes, and excessive emphasis.
- The injected project instructions take priority over any name or transliteration guidance.

## Language and typography
- Use natural Thai spacing between clauses and ideas; do not insert spaces between every word.
- Do not add a full stop at the end of Thai headings, complete sentences, paragraphs, bullets, or CTAs.
- Do not add punctuation to CTA labels. Use a decimal point for decimal numbers.
- Apply sentence case only to Latin-script text. Avoid repeated Thai characters used only for emphasis.
- Keep quotation marks and referenced UI labels consistent with the supplied text.

## Technical content
- Preserve placeholders, variables, tags, numbers, and product tokens exactly. A placeholder may move for Thai grammar, but its characters must not change.
- Do not insert an unnecessary space between a short Thai particle and its placeholder.
- Follow the source’s calendar system and date meaning; do not convert eras without explicit evidence.
- Do not duplicate the airport word when it is already part of the source name.
- Keep Skyscanner unchanged.

## Content and compliance
- Use natural SEO language; no keyword stuffing or preference-only rewrites.
- Do not externally fact-check laws, prices, limits, or policies.
- Do not claim Skyscanner provides discounts. Use “best” only with a supplied measurable basis.
- Avoid greenwashing and absolute claims that travel is green, clean, eco-friendly, or sustainable.


---

## OUTPUT JSON CONTRACT (RETURN THIS OBJECT ONLY)

Return a **single, valid JSON object** using the exact schema below. Do **not** add any explanatory text.

```json
{
  "review_findings": [
    {
      "text": "<The full, original sentence or text snippet containing the error>",
      "issue": "<A concise, one-sentence description of the objective error.>",
      "type_of_issue": "<Must be one of: AI-issues, Style, Accuracy, Compliance, Grammar, Punctuation/Spelling/Typos>",
      "solution": "<A brief, actionable instruction for the fix.>",
      "updated_sentence": "<The full sentence, rewritten with the solution correctly applied. For paragraph splits, include blank lines between paragraphs.>",
      "severity": "<Must be one of: Minor, Major, Critical>",
      "score_deduction": "<Must be 1, 3, or 25, matching the severity>"
    }
  ],
  "corrected_content": "<REQUIRED: the full corrected body text for THIS batch/section after applying all kept fixes. Preserve meaning. Use blank lines between paragraphs when splitting for readability. If no findings, return the original content unchanged.>",
  "overall_feedback": {
    "summary": "<2–3 bullet points on systemic error patterns found in THIS final report>",
    "action_plan": "<2–3 concrete, high-level preventive actions consistent with THIS final report>"
  }
}
```

**`corrected_content` rules**

* Always include `corrected_content` for the **entire section body** you were given (not just one sentence).
* Apply every kept finding’s fix; do not introduce new facts, brands, or creative rewrites.
* When splitting paragraphs, separate them with a blank line (`\\n\\n`).
* If there are no findings, set `corrected_content` to the original `$content` unchanged.

---

## COMMON MISCLASSIFICATIONS TO AVOID (CHECK BEFORE SUBMIT)

* **External fact corrections** (laws, limits, prices) → **Remove** unless contradicted internally. Missing metric conversion → **Compliance**, not **Accuracy**.
* **Brand/proper‑noun casing** → **Compliance**, not **Punctuation**.
* **Currency** → **what** currency for the location = **Accuracy**; **how** it’s formatted = **Compliance**.
* **Generic vertical nouns** (e.g., ES *alquiler de coches*) → keep in **sentence case** unless locale pack mandates Title Case.
* **Headings punctuation** (stray period) → **Punctuation/Spelling/Typos**.
* **“Awkward/natural” only** → **Remove** unless readability is objectively impaired (then **Style**).

---

## FINAL SELF‑CHECK (RUN BEFORE RETURNING JSON)

1. **Did I return exactly one JSON object with the correct schema, including `corrected_content`?**
2. **Did I eliminate preferential or externally fact‑checked items?**
3. **Did I add a new error only if it was *clear, objective, and within scope*?**
4. **Are categories normalized and severities mapped to 1/3/25 correctly?**
5. **Do terms/keywords follow the reference‑not‑mandatory rule (unless explicitly mandated)?**
6. **Are issue/solution concise and minimal, and do updated sentences apply only the fix?**
7. **Does `corrected_content` reflect the full section body with all kept fixes applied?**

Return only the JSON object.

2026-09-01 16:34:32,742 - INFO - [A2][TH][Copy of 2026-2027-th-car-hire-city-06__0001] USER PROMPT (first batch only):
Topic Name: วิธีหาดีลเช่ารถราคาถูกในเวนิส

Here is the content to review:

การเช่ารถในเวนิสมีราคาเริ่มต้นที่ 936 บาท ซึ่งเป็นราคาต่ำสุดที่พบในขณะนี้ เมื่อเทียบกับค่าเฉลี่ยรายปีที่ 2,298 บาท คุณจะเห็นช่วงราคาที่แตกต่างกันตามเวลาที่จอง เดือนพฤศจิกายนเป็นช่วงที่ราคาเช่ารถถูกที่สุดของปี หากต้องการดีลที่คุ้มค่า ควรจองล่วงหน้า 4 สัปดาห์ก่อนวันเดินทาง การเปรียบเทียบราคาจากผู้ให้บริการหลายรายช่วยให้คุณเลือกตัวเลือกที่เหมาะกับงบประมาณได้ การวางแผนจองในช่วงเวลาดังกล่าวเพิ่มโอกาสในการได้ราคาที่ต่ำกว่าค่าเฉลี่ย

Available key terms:

### Skyscanner Multilingual Glossary ###
- EN: additional driver → th-TH: คนขับรถเสริม | Definition: An extra person authorized to drive a rented vehicle. | Example: ขอเพิ่มชื่อคนขับเสริมได้ที่เคาน์เตอร์บริการ
- EN: air conditioning → th-TH: เครื่องปรับอากาศ/แอร์ | Definition: A system for cooling and dehumidifying the air. | Notes: Depends on formal/casual context. | Example: เฉพาะรถที่มีเครื่องปรับอากาศ
รถติดแอร์
- EN: airline → th-TH: สายการบิน | Definition: A company that provides air transport services for traveling passengers. | Example: ค้นหาเที่ยวบินนับล้านจากสายการบินหลายร้อยแห่งในชั่วพริบตา
- EN: airline alliance → th-TH: สายการบินพันธมิตร | Definition: A partnership between multiple airlines to provide mutual benefits and seamless travel. | Example: บินกับสายการบินพันธมิตรเพื่อสะสมไมล์ได้เร็วขึ้น
- EN: all inclusive → th-TH: รวมทุกอย่าง | Definition: Hotel package that includes accommodation, all meals, snacks, drinks (both alcoholic and non-alcoholic), and often additional amenities and activities
- EN: amenities → th-TH: สิ่งอำนวยความสะดวก | Definition: Title of filter section mainly in hotel search | Example: ดูสิ่งอำนวยความสะดวกที่โรงแรมมีให้บริการ
- EN: apartment → th-TH: อพาร์ทเมนท์ | Definition: A self-contained housing unit that occupies part of a building. | Example: เซอร์วิสอพาร์ทเมนท์
- EN: App → th-TH: แอพ | Definition: An application designed for use on mobile devices.
- EN: Art and culture → th-TH: ศิลปะและวัฒนธรรม | Definition: Activities or attractions related to visual arts, music, theater, and heritage.
- EN: automatic → th-TH: ออโต้ | Definition: A type of vehicle transmission that shifts gears automatically.
- EN: baggage allowance → th-TH: น้ำหนักสัมภาระ | Definition: The amount of luggage a traveler is permitted to carry without incurring additional fees, as defined by the transportation provider
- EN: Beach → th-TH: ชายหาด | Definition: A sandy or pebbly shore by a body of water, often a popular destination for relaxation and recreation.
- EN: Black Friday → th-TH: แบล็คฟรายเดย์ | Definition: A major retail event with extensive sales and promotions, often lasting beyond the day after Thanksgiving. | Example: ใช้ดีลท่องเที่ยวแบล็คฟรายเดย์สุดสัปดาห์นี้ให้คุ้มค่าที่สุด เก็บไว้ใช้เดินทางเมื่อถึงเวลาที่ใช่
- EN: board type → th-TH: บริการมื้ออาหาร | Definition: This term refers to the meal plan included with a hotel stay. | Example: เราคิดว่าแพ็กเกจนี้มีราคา เที่ยวบิน ระดับโรงแรม และบริการมื้ออาหารที่คุ้มค่าที่สุด
- EN: book → th-TH: จอง | Definition: Verb. To reserve a service, such as a flight. | Example: จองตั๋วเครื่องบิน
- EN: book → th-TH: จอง | Definition: Verb. To reserve a service, such as a hotel room. | Example: จองโรงแรม
- EN: book → th-TH: จอง | Definition: Verb. To reserve a service, such as a car. | Example: จองรถ
- EN: booking → th-TH: การจอง | Definition: Noun. A reservation for a service. | Example: การจองตั๋วเครื่องบิน
- EN: booking → th-TH: การจอง | Definition: Noun. A reservation for a service. | Example: การจองโรงแรม
- EN: booking → th-TH: การจอง | Definition: Noun. A reservation for a service. | Example: การจองรถ
- EN: Business Class → th-TH: ชั้นธุรกิจ | Definition: A class of airline service offering more comfort and amenities than economy class. | Example: หาตั๋วชั้นธุรกิจราคาประหยัดจาก@@departure@@ไป@@destination@@
- EN: business travellers → th-TH: นักเดิินทางธุรกิจ | Definition: Individuals traveling for work-related purposes.
- EN: cabin bag → th-TH: สัมภาระขึ้นเครื่อง | Definition: A small piece of luggage carried into the passenger cabin. | Example: ไม่รวมสัมภาระขึ้นเครื่อง

ค่าโดยสารรวมสัมภาระขึ้นเครื่อง 1 ใบ
- EN: cabin baggage → th-TH: สััมภาระติดตัว/กระเป๋าถือขึ้นเครื่อง | Definition: Same as cabin bag. | Example: เดินทางสบายๆ แค่มีกระเป๋าถือขึ้นเครื่องพอ
- EN: cabin class → th-TH: ชั้นโดยสาร | Definition: The category of service on an aircraft, such as economy, business, or first class. | Example: เลือกจำนวนผู้เดินทางและชั้นโดยสาร
- EN: cancellation policy → th-TH: นโยบายการยกเลิก | Definition: The terms and conditions under which a booking can be canceled. | Example: โปรดตรวจสอบรายละเอียดนโยบายการยกเลิกกับบริษัทผู้ให้เช่า
- EN: car hire → th-TH: เช่ารถ | Definition: The act of renting a vehicle. | Example: ค้นหาบริการเช่ารถจากทั่วโลก
- EN: Car hire → th-TH: รถเช่า | Definition: Rental of an automobile for a specified period | Example: ค้นหารถเช่าพร้อมคนขับ
- EN: car hire company → th-TH: บริษัทรถเช่า | Definition: A business that provides rental vehicles. | Example: บริษัทรถเช่าไหนถูกที่สุดใน{car_hire_origin_city}?
- EN: car hire deal → th-TH: ดีลรถเช่า | Definition: Discounted or special offer on car rental services.
- EN: carbon footprint → th-TH: คาร์บอนฟุตพรินต์ | Definition: A carbon footprint refers to the total amount of CO2 emissions released into the atmosphere as a result of the activities of an business, individual or event.
- EN: charge → th-TH: เรียกเก็บ | Definition: Verb. To add fee for a service or product. | Example: ไม่มีการเรียกเก็บค่าธรรมเนียมการจอง
- EN: charge → th-TH: ค่าใช้จ่ายเพิ่มเติม | Definition: Noun. Fee for a service or product | Example: ผู้ให้บริการอาจมีข้อจำกัดและคิดค่าใช้จ่ายเพิ่มเติม
- EN: Cheapest month → th-TH: เดือนที่ถูกที่สุด | Definition: The cheapest month features in ‘Flexible Dates’ tab highlights the cheapest month to travel, as well as the lowest price per month to travel to the destination.
- EN: check in → th-TH: เช่็คอิน | Definition: Verb - The process of registering for a flight. | Example: เช็คอินก่อน {check_in_time}
- EN: check in → th-TH: เช่็คอิน | Definition: Verb - The process of registering for a hotel stay. | Example: เช็คอินก่อน {check_in_time}
- EN: check out → th-TH: เช็คเอาท์ | Definition: Verb - The process of completing a stay at a hotel. | Example: เช็คเอาท์ก่อน {check_out_time}
- EN: check-in → th-TH: เช็คอิน | Definition: Noun - The process of registering for a flight. | Example: เคาน์เตอร์เช็คอินจะปิดก่อนเครื่องออก 1 ชั่วโมง
- EN: check-in → th-TH: เช็คอิน | Definition: Noun - The process of completing a stay at a hotel. | Example: เลือกวันเช็คอิน
- EN: check-out → th-TH: เช็คเอาท์ | Definition: Noun - The process of leaving and settling the bill at a hotel. | Example: เลืือกวันเช็คเอาท์
- EN: checked bag → th-TH: สัมภาระเช็คอิน | Definition: Bag that is handed over to the airline for transport in the cargo hold. | Example: รวมสัมภาระเช็คอิน 1 ใบ
- EN: checked luggage → th-TH: กระเป๋าโหลดขึ้นเครื่อง | Definition: Luggage that is handed over to the airline for transport in the cargo hold. | Example: กระเป๋าโหลดขึ้นเครื่อง 23 กก.
- EN: cO2e emissions → th-TH: การปล่อย CO2 | Definition: Carbon dioxide equivalent emissions, measuring the impact of greenhouse gases.
- EN: Collision Damage Waiver → th-TH: ประกันที่มีค่าเสียหายส่วนแรกจากการชน | Definition: This is a type of insurance offered by rental car companies that limits your liability if the car is damaged in an accident. 
However, it typically doesn’t cover the full cost; you still have to pay a portion of  the repair costs, called the excess or deductible. | Example: ประกันที่มีค่าเสียหายส่วนแรกจากการชนรวมอยู่ในราคาแล้ว
- EN: commercial van → th-TH: รถตู้รับจ้าง | Definition: Vehicles designed for transporting goods and materials for business purposes.
- EN: compact → th-TH: เล็ก | Definition: A category of rental cars that are slightly larger than economy cars but still small and efficient.
- EN: connecting flight → th-TH: ต่อเครื่อง | Definition: A flight requiring a change of planes to reach the final destination.
- EN: convertible → th-TH: เปิดประทุน | Definition: A car with a roof structure that can be 'converted' to allow open-air or enclosed driving.
- EN: Cookie Policy → th-TH: นโยบายคุกกี้ | Definition: Policy that governs the use of cookies on Skyscanner's website, ensuring transparency regarding data usage | Example: เราจะเก็บข้อมูลเพื่อดูว่าคุณใช้งานแอพเมื่อไรและอย่างไร หากต้องการทราบข้อมูลเพิ่มเติม โปรด อ่านนโยบายคุกกี้ของเรา
- EN: country house → th-TH: บ้านไร่ | Definition: A large house in the countryside
- EN: coupe → th-TH: คูเป้ | Definition: A car with a fixed-roof body style that is shorter than a sedan of the same model.
- EN: couples → th-TH: คู่รัก | Definition: Pairs of individuals traveling together
- EN: Cyber Monday → th-TH: ไซเบอร์มันเดย์ | Definition: An online shopping event on the Monday after Thanksgiving, featuring exclusive digital deals and discounts. | Example: เตรียมตัวเที่ยวครั้งหน้า จองเลยกับดีลเดินทางวันไซเบอร์มันเดย์
- EN: deal → th-TH: ดีล | Definition: A special offer or discount. | Notes: โปร ดีล ข้อเสนอ are possible choices depending on context. | Example: Flights: ค้นหาดีลตั๋วราคาประหยัด

Hotels: ค้นหาดีลโรงแรมบน Skyscanner

Car hire: เลือกดีลรถเช่าราคาโดนใจ
- EN: departure country → th-TH: ประเทศต้นทาง | Definition: The country from which a journey begins. | Example: เลือกประเทศต้นทาง
- EN: departure date → th-TH: วันออกเดินทาง | Definition: The date on which a journey starts. | Example: เลือกวันออกเดินทาง
- EN: departure time → th-TH: เวลาออกเดินทาง | Definition: The scheduled time a flight is set to leave. | Example: เวลาออกเดินทางของเที่ยวบินนี้มีการเปลี่ยนแปลง
- EN: destination → th-TH: ปลายทาง
จุดหมาย
จุดหมายปลายทาง | Definition: The final place or location to which someone is traveling. It is the end point of a journey where travelers intend to stay, explore, or visit. Destinations can range from cities and countries to specific attractions or resorts.
- EN: destination airport → th-TH: สนามบินปลายทาง | Definition: The airport where a journey ends. | Example: เลือกสนามบินปลายทาง
- EN: destination country → th-TH: ประเทศปลายทาง | Definition: The country where a journey ends. | Example: เลืือกประเทศปลายทาง
- EN: direct → th-TH: บินตรง | Definition: A flight with no scheduled stops between the departure and arrival points. | Example: เส้นทางนี้ไม่มีบินตรง
- EN: direct flight → th-TH: เที่ยวบินตรง | Definition: A flight with no scheduled stops between the departure and arrival points. | Example: เที่ยวบินตรงเท่านั้น
- EN: domestic flight → th-TH: เที่ยวบินในประเทศ/ตั๋วเครื่องบินในประเทศ | Definition: A flight within the same country. | Example: ค้นหาเที่ยวบินในประเทศใน@@country@@
- EN: drop → th-TH: ราคาลง | Notes: Translate based on context.

The English word 'drop' can function as both a noun and a verb, while Thai often requires different words to convey the same meaning depending on the context. In some situations, a term that works as a noun in English may be better translated as a verb in Thai. This glossary should be used as a general guideline and not as a strict rule. | Example: ราคาลง £36

แสดงเที่ยวบินจากลอนดอนที่ราคาลง

ราคาลงล่าสุด
- EN: drop → th-TH: ลง/แวะ | Notes: Translate based on context.

The English word 'drop' can function as both a noun and a verb, while Thai often requires different words to convey the same meaning depending on the context. In some situations, a term that works as a noun in English may be better translated as a verb in Thai. This glossary should be used as a general guideline and not as a strict rule. | Example: ทริปหน้าของคุณ ราคาอาจลงวันนี้

เลือกเมืองต้นทางอื่นหรือแวะมาดูใหม่ภายหลัง

ราคาที่ลดลงวันนี้
- EN: drop-off → th-TH: คืนรถ | Definition: The date, time or location where a rented vehicle is returned at the end of the rental period. | Example: จุดคืนรถ: โปรดระบุสถานที่
แตะสองครั้งเพื่อเลือกวันที่คืนรถ
เวลาคืนรถต้องเกิดขึ้นหลังเวลารับรถ
- EN: DROPS → th-TH: DROPS | Definition: Feature name.

DROPS is a new “sub-brand” of Skyscanner. It is an app-exclusive product only available for logged-in users that helps travelers spot flight deals that have dropped by more than 20% and that are available for only 24h. | Notes: Follow the source capitalization.

Feature name. To be left in English

Gender note: neutral form. | Example: ยินดีต้อนรับสู่ DROPS

วางแผนทริปครั้งต่อไปได้ง่ายๆ ด้วย DROPS
- EN: Drops → th-TH: Drops | Definition: Feature name.

Drops is a new “sub-brand” of Skyscanner. It is an app-exclusive product only available for logged-in users that helps travelers spot flight deals that have dropped by more than 20% and that are available for only 24h. | Notes: Follow the source capitalization.

Feature name. To be left in English

Gender note: neutral form. | Example: รีเฟรช Drops

ดูเพิ่มเติมเกี่ยวกับ Drops
- EN: economy → th-TH: ประหยัด | Definition: A category of rental cars that are typically small, fuel-efficient, and inexpensive. | Example: เช่ารถราคาประหยัด
- EN: Economy → th-TH: ชั้นประหยัด | Definition: The Economy flight class refers to the most basic and affordable class of service on an airplane. | Example: ถึงปกติคุณจะบินชั้นประหยัด แต่บางทีก็มีดีลชั้นธุรกิจดีๆ อยู่นะ
- EN: electric → th-TH: ไฟฟ้า | Definition: Vehicles powered by electricity, typically from batteries.
- EN: email → th-TH: อีเมล | Definition: Electronic mail address used for communication. | Example: รับข้อเสนอพิเศษ ข่าวสาร และแรงบันดาลใจต่างๆ ได้ทางอีเมล
- EN: estimated price → th-TH: ราคาโดยประมาณ | Definition: An approximate cost for a service. | Example: ราคาโดยประมาณของเรา คือ ค่าโรงแรมเฉลี่ยต่อคืนในย่านที่คุณค้นหา
- EN: Everywhere → th-TH: ทุกที่ | Definition: Option to search for travel destinations worldwide. | Example: ค้นหาทุกที่
- EN: Excellent → th-TH: ยอดเยี่ยม | Definition: Rating indicating superior quality or performance.
- EN: Excess Waiver → th-TH: ค่าเสียหายส่วนแรก | Definition: This is an additional insurance that covers the excess amount not covered by the CDW. If you buy an excess waiver, you won’t have to pay  anything in the event of a claim, as it "waives" your responsibility for the excess 
portion. So, the CDW reduces your liability for damage, while the excess waiver eliminates your out-of-pocket costs for the excess amount. | Example: บริษัทประกันภัยหลายแห่งครอบคลุมค่าเสียหายส่วนแรก
- EN: explore → th-TH: สำรวจ | Definition: Option to discover new destinations or services.
- EN: Explore everywhere → th-TH: สำรวจทุกที่ | Definition: The sentence case will be used whenever the term is employed in the UI itself or as part of a sentence. | Example: สำรวจทุกที่ในเดือนพฤษภาคม
- EN: Explore Everywhere → th-TH: สำรวจทุกที่ | Definition: Used as feature or proper noun - Option to view travel options for various destinations globally. | Example: สำรวจทุกที่ในเดือนพฤษภาคม
- EN: extra charge → th-TH: ค่าใช้จ่ายเพิ่มเติม | Definition: An additional fee for a service or product. | Example: คิดราคาเท่าไหร่ จ่ายเท่านั้น! ไม่มีค่าธรรมเนียมแอบแฝง ไม่มีค่าใช้จ่ายเพิ่มเติม
- EN: Fair Fuel Policy → th-TH: นโยบายน้ำมันราคายุติธรรม | Definition: A policy ensuring fair charges for fuel in rental agreements. | Example: เปรียบเทียบรถเช่าจากราคา ความสะดวกในการรับรถ นโยบายน้ำมันราคายุติธรรม และอีกหลายปัจจัย
- EN: families → th-TH: ครอบครัว | Definition: Groups traveling together, typically including parents and children.
- EN: FAQ → th-TH: คำถามที่พบบ่อย | Definition: Frequently Asked Question
- EN: FAQs → th-TH: คำถามที่พบบ่อย | Definition: Frequently Asked Questions | Example: คำถามที่พบบ่อยจากนักเดินทาง
- EN: fare → th-TH: ค่าโดยสาร | Definition: The cost of a ticket for travel. | Example: เราไม่สามารถให้ข้อมูลสัมภาระได้ โปรดเช็ครายละเอียดค่าโดยสารในเว็บไซต์ของผู้ให้บริการ

สร้างการแจ้งเตือนราคา หากค่าโดยสารมีการเปลี่ยนแปลง เราจะแจ้งให้คุณทราบ
- EN: fee → th-TH: ค่า(ธรรมเนียม) | Definition: A charge for a service or product. | Example: โรงแรมบางแห่งเป็นพันธมิตรกับเรา และมีการจ่ายค่าแนะนำให้ ซึ่งจะไม่มีผลต่อการจัดอันดับโรงแรมแต่อย่างใด
- EN: First Class → th-TH: ชั้นเฟิร์สคลาส | Definition: A premium class of airline service offering high level of comfort and amenities. | Example: โปรดระบุวันเดินทางหรือปลายทาง เพื่อดูตัวเลือกชั้นเฟิร์สคลาสและชั้นธุรกิจ
- EN: Flexible dates → th-TH: ไม่ระบุวัน | Definition: Previous "Whole month" feature. Calendar Tab that shows Whole month prices that allows users to make month view searches.
- EN: flight deal → th-TH: ดีลตั๋วเครื่องบิน | Definition: Discounted or special offer on air travel tickets. | Example: สำรวจดีลตั๋วเครื่องบิน
- EN: flight details → th-TH: รายละเอียดเที่ยวบิน | Definition: Information about a specific flight. | Example: เช็ครายละเอียดเที่ยวบิน ราคาสุดท้าย รวมทั้งข้อกำหนดและเงื่อนไขกับ @@ticket provider@@ ทุกครั้งก่อนจอง
- EN: flight emissions → th-TH: มลพิษจากการบิน | Definition: The amount of CO2 produced by a flight. Title for a feature that badges up flights with lower carbon dioxide emissions compared to other flights in the result set.
- EN: flight time → th-TH: เวลาบิน | Definition: The duration of a flight. | Example: ระยะเวลาบินเฉลี่ยจาก{destinationCity} คือ {duration}
- EN: Flights → th-TH: เที่ยวบิน | Definition: Air travel services provided by airlines.
- EN: fuel → th-TH: น้ำมัน | Definition: Gasoline or diesel used to power vehicles, including cars, motorcycles, boats, or recreational vehicles.
- EN: full board → th-TH: รวมอาหารทุกมื้อ | Definition: Hotel option that covers accommodation and three meals a day (breakfast, lunch, and dinner). Drinks and additional activities are usually not included
- EN: full to full → th-TH: รับเต็มถัง คืนเต็มถัง | Definition: Fuel policy where the car is provided with a full tank and must be returned with a full tank.
- EN: fullsize → th-TH: ใหญ่ | Definition: A category of rental cars that are larger and offer more comfort and space.
- EN: getaway → th-TH: เที่ยวพักสมอง | Definition: A short vacation or trip, often taken to escape from daily routine and responsibilities. It usually involves traveling to a relaxing or enjoyable destination. | Notes: The translation depends on the context and formality.
- EN: Good → th-TH: ดี | Definition: Rating indicating satisfactory quality or performance.
- EN: Great food → th-TH: อาหารรสเลิศ | Definition: High-quality or highly recommended culinary experiences.
- EN: guest → th-TH: ผู้เข้าพัก | Definition: A person staying at a hotel or other accommodation. | Example: โปรดกรอกข้อมูลผู้เข้าพักอย่างน้อย 1 คน
- EN: guest house → th-TH: เกสต์เฮาส์ | Definition: A small, private hotel or lodging.
- EN: guest reviews → th-TH: รีวิวจากผู้เข้าพัก | Definition: Feedback and ratings from customers who have used a service or stayed at a property.
- EN: half board → th-TH: รวมอาหาร 2 มื้อ | Definition: Hotel option that covers accommodation, breakfast, and one other meal (usually dinner). Drinks and additional meals are typically not included.
- EN: hire car → th-TH: รถเช่า | Definition: A vehicle rented for a short period, ranging from a few hours to several weeks, typically from a rental agency.
- EN: holiday rentals → th-TH: บ้านพักตากอากาศ | Definition: Properties available for short-term vacation stays.
- EN: home airport → th-TH: สนามบินใกล้บ้าน | Definition: The airport closest to a traveler's residence. | Example: ตั้งค่าสนามบินใกล้บ้าน แล้วเราจะส่งโปรเที่ยวบินสุดคุ้ม ที่ออกเดินทางจากสนามบินที่อยู่ใกล้คุณที่สุดไปให้
- EN: hostel → th-TH: โฮสเทล | Definition: Budget-friendly accommodation | Example: เปรียบเทียบและจองข้อเสนอราคาถูกนับพันจากโรงแรม รีสอร์ท อพาร์ทเมนท์ โมเทล และโฮสเทลต่างๆ จากทั่วทุกมุมโลก
- EN: hotel → th-TH: โรงแรม | Definition: An establishment providing lodging, meals, or other guest services. | Example: เจอเที่ยวบินแล้ว ก็หาโรงแรมต่อเลย
- EN: hotel deal → th-TH: ดีลโรงแรม | Definition: Discounted or special offer on hotel bookings.
- EN: Hotels → th-TH: โรงแรม | Definition: Establishments providing lodging, meals, and other services for travelers.
- EN: hybrid → th-TH: ไฮบริด | Definition: Vehicles powered by both an internal combustion engine and an electric motor.
- EN: inbound flight → th-TH: เที่ยวบินขาเข้า | Definition: The flight that takes the passenger back from their destination to their original departure location.
- EN: intermediate → th-TH: กลาง | Definition: A category of rental cars that are larger than economy but smaller than full-size.
- EN: itinerary → th-TH: กำหนดการเดินทาง | Definition: A detailed plan or schedule of a trip, listing all destinations, activities, and accommodations, along with the times and dates for each part of the journey.
- EN: journey → th-TH: การเดินทาง | Definition: A journey refers to the act of traveling from one place to another, usually involving a significant distance or time commitment. | Example: พันธกิจของเราคือช่วยให้คุณเดินทางอย่างมั่นใจและอำนวยความสะดวกให้การเดินทางของคุณเป็นไปอย่างราบรื่นที่สุด


ระยะบินเฉลี่ยไป{destinationCity}คือ {duration} โดยคำนวณตามการเดินทางจาก{{|nearby_destination_airport_1|}}
- EN: latest price → th-TH: ราคาล่าสุด | Definition: The most recent cost for a service or product. | Example: อาจไม่มีผลการค้นหาเหล่านี้แล้ว โปรดรีเฟรชการค้นหาเพื่อดูราคาล่าสุด
- EN: location → th-TH: สถานที่/ที่ตั้ง | Definition: A specific place or position where something is situated or where an event occurs.
- EN: log in → th-TH: เข้าสู่ระบบ | Definition: To access an account by entering credentials. | Example: เข้าสู่ระบบหรือลงทะเบียนเพื่อบันทึกการค้นหาล่าสุดในอุปกรณ์ต่างๆ และดำเนินการต่อจากเดิม
- EN: log out → th-TH: ออกจากระบบ | Definition: To exit an account. | Example: แน่ใจหรือไม่ว่าต้องการออกจากระบบ?
- EN: login → th-TH: เข้าสู่ระบบ | Definition: The act of logging in to a computer, database, or system. | Example: โปรดใส่ที่อยู่อีเมลที่ถูกต้องเพื่อเข้าสู่ระบบ
- EN: long wait → th-TH: ต้องรอนาน | Definition: An extended period of waiting, often at airports between flights. | Example: เที่ยวบินขาเข้าต้องรอนาน
- EN: low-cost → th-TH: ต้นทุนต่ำ/โลว์คอสต์/ประหยัด | Definition: Services, particularly airlines, that are designed to offer lower prices by reducing the range of services and amenities traditionally included in the fare. | Example: Skyscanner ให้คุณค้นหาตั๋วราคาถูกในประเทศและสายการบินต้นทุนต่ำได้ง่ายๆ

เบื่อห้องสี่เหลี่ยมที่บ้านหรือยัง? ออกไปเที่ยวแบบเดียวกับนักเดินทางนับพันที่คว้าดีลสุดประหยัดกันดีกว่า
- EN: lowest price → th-TH: ราคาต่ำสุด | Definition: The least expensive cost for a service or product. | Example: ราคาต่ำสุดโดยประมาณสำหรับเที่ยวบินชั้นประหยัดสำหรับผู้เดินทาง 1 คน ราคาที่แสดงอิงตามค่าโดยสารล่าสุด
- EN: luxury → th-TH: หรู | Definition: High-end, premium vehicles offering superior comfort and features.
- EN: manual → th-TH: ธรรมดา | Definition: A type of vehicle transmission that requires the driver to manually shift gears.
- EN: mini → th-TH: มินิ | Definition: A category of rental cars that are very small, typically suitable for city driving.
- EN: mobile app → th-TH: แอพมือถือ | Definition: An application designed for use on mobile devices. | Example: ค้นพบดีลเด็ด ทั้งเที่ยวบิน โรงแรม และรถเช่า  ได้ง่ายๆ บนแอพมือถือจาก Skyscanner
- EN: motorcycle → th-TH: มอเตอร์ไซค์ | Definition: A two-wheeled motor vehicle.
- EN: Multi-city → th-TH: หลายเมืือง | Definition: Multi-city flights are a smart way to see more destinations in one go, by adding extra legs to your trip. If, for example, you can’t decide between Paris or Rome, you can book flights to both cities and turn your trip into an itinerary.
- EN: multi-city → th-TH: หลายเมือง | Definition: Multi-city flights are a smart way to see more destinations in one go, by adding extra legs to your trip. If, for example, you can’t decide between Paris or Rome, you can book flights to both cities and turn your trip into an itinerary.
- EN: Nearby airports → th-TH: สนามบินใกล้เคียง | Definition: Widen your search for flight deals by selecting the “add nearby airports” option to search flight prices for all the nearest airports at your departure point and your destination to increases your chances of finding the best deal at both ends of your trip.
- EN: nearby airports → th-TH: สนามบินใกล้เคียง | Definition: Widen your search for flight deals by selecting the “add nearby airports” option to search flight prices for all the nearest airports at your departure point and your destination to increases your chances of finding the best deal at both ends of your trip.
- EN: Nightlife and entertainment → th-TH: ไนท์ไลฟ์และความบันเทิง | Definition: Activities and venues that provide entertainment, typically during the evening, such as clubs and bars.
- EN: no extra fees → th-TH: ไม่คิดค่าธรรมเนียม | Definition: Indicates that there are no additional charges beyond the listed price. | Example: ค้นหารถเช่าที่ให้จองแบบยืดหยุ่น ยกเลิกฟรี นโยบายน้ำมันราคายุติธรรม และไม่คิดค่าธรรมเนียม
- EN: non refundable → th-TH: คืนเงินไม่ได้ | Definition: A booking or a charge that cannot be refunded.
- EN: non-protected transfer → th-TH: เปลี่ยนเครื่องโดยไม่ได้รับความคุ้มครอง | Definition: Booking connecting flights with more than one provider means the ongoing flight may not be guaranteed, and is at risk from delays or cancellations. It's also needed to collect your luggage and check into the second flight. | Example: การจองแยก (เปลี่ยนเครื่องโดยไม่ได้รับความคุ้มครอง) สำหรับการเดินทางนี้ คุณต้องจองตั๋วแยกหลายใบ (จากผู้ให้บริการหลายราย) การจองตั๋วเครื่องบินที่ต้องต่อเครื่องกับผู้ให้บริการหลายราย อาจทำให้คุณไม่ได้รับการคุ้มครองและอาจได้รับความเสี่ยงหากเที่ยวบินถูกยกเลิกหรือล่าช้า
- EN: one way → th-TH: เที่ยวเดียว | Definition: A trip that does not include a return journey. | Example: เลือกว่าจะกลับเมื่อไร หรือเดินทางเที่ยวเดียว

เพิ่มขากลับ หรือค้นหาตั๋วเที่ยวเดียว

ฉันจะจองรถเช่าเที่ยวเดียวใน{car_hire_origin_city}ได้ไหม?


ไม่ว่าคุณจะกำลังมองหาเที่ยวบินตรง ตั๋วไปกลับหรือเที่ยวเดียว เราก็มีให้ครบ
- EN: one way → th-TH: เที่ยวเดียว | Definition: A train trip that does not include a return journey.
- EN: one-way → th-TH: เที่ยวเดียว | Definition: A trip that does not include a return journey.
- EN: outbound → th-TH: ขาออก | Definition: The flight that takes a passenger from their home or starting location to their destination. | Example: คุณสามารถดูเที่ยวบินขาออกจากสนามบิน{origin_city}ได้ในผลการค้นหา

เที่ยวบินขาออกกับ {{airline}}
- EN: outbound flight → th-TH: เที่ยวบินขาออก | Definition: The flight that takes a passenger from their home or starting location to their destination. | Example: คุณสามารถดูเที่ยวบินขาออกจากสนามบิน{origin_city}ได้ในผลการค้นหา

เที่ยวบินขาออกกับ {{airline}}
- EN: Outdoor adventures → th-TH: การผจญภัยกลางแจ้ง | Definition: Activities involving physical exertion in natural settings, such as hiking, rafting, or camping.
- EN: package → th-TH: แพ็กเกจ | Definition: Used in the meaning of “package holiday”, referring to the package deals in our Packages vertical that include flights and a hotel. This is for when we talk about packages in running copy and in general, as opposed to the vertical name. | Example: - แพ็กเกจอาจมีเที่ยวบิน ห้องพัก และมื้ออาหารต่างกัน
- กำลังหาผู้ให้บริการแพ็กเกจ
- ไม่มีแพ็กเกจเที่ยวบินหรือโรงแรมที่คุณค้นหา
- EN: Packages → th-TH: แพ็กเกจ
- EN: parking → th-TH: ที่จอดรถ | Definition: Space or facility to park vehicles. | Example: คุณอาจต้องการหาโรงแรมที่เหมาะสำหรับครอบครัว คู่รัก หรือการเดินทางเพื่อธุรกิจ หรือกรองตามสิ่งที่ต้องการ เช่น สิ่งอำนวยความสะดวกในสปาหรือที่จอดรถ
- EN: passenger → th-TH: ผู้โดยสาร | Definition: An individual traveling on a plane, train, or other mode of transport. | Example: ถือเป็นหน้าที่ของผู้โดยสารที่จะต้องจัดเตรียมเอกสารที่ถูกต้องก่อนเดินทาง
- EN: passenger van → th-TH: รถตู้โดยสาร | Definition: A van configured to carry passengers.
- EN: Pay on arrival → th-TH: ชำระตอนเช็คอิน | Definition: Option to pay for a service upon arrival at the location. | Example: ติ๊ก "ชำระตอนเช็คอิน" ในผลการค้นหาเพื่อดูเฉพาะโรงแรมใน{city_name}ที่ให้คุณชำระเงินตอนมาถึงได้
- EN: pay on arrival → th-TH: ชำระตอนเช็คอิน | Example: ติ๊ก "ชำระตอนเช็คอิน" ในผลการค้นหาเพื่อดูเฉพาะโรงแรมใน{city_name}ที่ให้คุณชำระเงินตอนมาถึงได้
- EN: people carrier → th-TH: มินิแวน | Definition: A vehicle designed to transport multiple passengers
- EN: pick up truck → th-TH: กระบะ | Definition: A light-duty truck with an enclosed cab and an open cargo area.
- EN: pick-up → th-TH: รับรถ | Definition: The act of collecting a rental vehicle. | Example: รับรถด้วยตัวเอง ไม่ต้องยื่นเอกสารหรือรอคิวรับกุญแจ


ยกเลิกได้ฟรีถึง 48 ชั่วโมงก่อนเวลารับรถ

โปรดเลือกสถานที่รับรถ
- EN: Premium → th-TH: พรีเมียม | Definition: A category of rental cars that offer higher-end features and more comfort.
- EN: Premium Economy → th-TH: ชั้นประหยัดพรีเมียม | Definition: A class of airline service between economy and business class. | Example: เช็คส่วนต่างราคาตั๋วเครื่องบินจาก@@place@@เมื่อเดินทางในชั้นประหยัด พรีเมียม ธุรกิจ หรือเฟิร์สคลาส
- EN: Price → th-TH: ราคา | Definition: The cost of a service or product. | Example: เปรียบเทียบราคาจากเว็บไซต์โรงแรมนับพันรวมไว้ในที่เดียว
- EN: Price Alert → th-TH: การแจ้งเตือนราคา | Definition: Skyscanner's Price Alert feature notifies users via email or push notification about fluctuations in the prices of plane tickets they're interested in.
- EN: Price Alerts → th-TH: การแจ้งเตือนราคา | Definition: Skyscanner's Price Alert feature notifies users via email or push notification about fluctuations in the prices of plane tickets they're interested in. | Example: หากคุณตั้งค่าการแจ้งเตือนราคาไว้ เราจะคอยเช็คตั๋วเครื่องบินและแจ้งให้ทราบทางอีเมลหรือข้อความแบบพุชผ่านแอพเมื่อราคาขยับขึ้นลง

รับการแจ้งเตือนราคาบนมือถือ

เปิดการแจ้งเตือนราคาแล้วเราจะแจ้งให้คุณทราบเมื่อราคาขึ้นหรือลง
- EN: price per night → th-TH: ราคาต่อคืน | Definition: The cost of accommodation for one night. | Example: ราคาเฉลี่ยต่อคืน
- EN: Privacy Policy → th-TH: นโยบายความเป็นส่วนตัว | Definition: Policy that outlines how Skyscanner handles users' personal information, emphasizing user control and transparency | Example: ข้าพเจ้ายินยอมให้เก็บรวบรวมและนำข้อมูลส่วนบุคคลนี้ไปใช้ตามนโยบายความเป็นส่วนตัว
- EN: private home → th-TH: บ้านส่วนตัว | Definition: Residential property that is rented out to travelers for short-term stays
- EN: property → th-TH: ที่พัก | Definition: In the travel context, a property refers to a place of lodging, such as a hotel, resort, bed and breakfast, or vacation rental, where travelers can stay during their trip. | Example: ติ๊ก "ยกเลิกฟรี" เพื่อหาที่พัก หากต้องปรับเปลี่ยนแผน ก็สามารถเปลี่ยนแปลงการจองได้ง่ายๆ


ถ้ามีโรงแรมในใจแล้ว ก็แค่ใช้กล่องค้นหาด้านบนพิมพ์ค้นหาที่พักที่ต้องการ
- EN: provider → th-TH: ผู้ให้บริการ | Definition: A company or individual offering a service. Car Hire vertical | Example: Car hire: ผู้ให้บริการรายนี้มีจุดบริการรับรถเอง หรือแอพปลดล็อกรถ

Generic: เมื่อพบเที่ยวบิน รถเช่า หรือโรงแรมที่ต้องการแล้ว ก็จองกับผู้ให้บริการโดยตรงได้เลย
- EN: provider → th-TH: ผู้ให้บริการ | Definition: A company or individual offering a service. | Example: Flights: การจองตั๋วเครื่องบินที่ต้องต่อเครื่องกับผู้ให้บริการหลายราย อาจทำให้คุณไม่ได้รับการคุ้มครองและอาจได้รับความเสี่ยงหากเที่ยวบินถูกยกเลิกหรือล่าช้า

Generic: เมื่อพบเที่ยวบิน รถเช่า หรือโรงแรมที่ต้องการแล้ว ก็จองกับผู้ให้บริการโดยตรงได้เลย
- EN: provider → th-TH: ผู้ให้บริการ | Definition: A company or individual offering a service. Hotel vertical | Example: Hotels: บางครั้งอาจมีผู้ให้บริการมากกว่า 1 รายเสนอห้องพักเดียวกันในราคาเท่ากัน ในกรณีนี้ เราจะจัดอันดับโดยพิจารณาจากปัจจัยอื่นๆ เช่น ความนิยม

Generic: เมื่อพบเที่ยวบิน รถเช่า หรือโรงแรมที่ต้องการแล้ว ก็จองกับผู้ให้บริการโดยตรงได้เลย
- EN: rating → th-TH: คะแนน | Definition: A score or review given to a service or product. | Example: สรุปคะแนนจากผู้เข้าพัก
- EN: rating → th-TH: รีวิว | Definition: A score or review given to a service or product.
- EN: Read more → th-TH: อ่านเพิ่มเติม | Definition: Option to view additional information. | Example: อ่านเรื่องราวเกี่ยวกับ Skyscanner ต่อได้ที่นี่
- EN: recent searches → th-TH: ผลการค้นหาล่าสุด | Definition: A list of previous search queries. | Example: แสดงจุดหมายปลายทางตามผลการค้นหาล่าสุด
- EN: Recommended Provider → th-TH: ผู้ให้บริการชั้นนำ | Definition: A booking partner that meets our top-quality criteria, demonstrated by a high Partner Quality Score, strong price accuracy, and reliable downstream visibility. This designation helps travelers make informed choices by identifying partners that offer a trustworthy and seamless booking experience.
- EN: recreational vehicle → th-TH: รถบ้าน | Definition: RV, a motor vehicle or trailer equipped with living space and amenities for travel.
- EN: residence → th-TH: ห้องเรสซิเดนซ์ | Definition: Fully furnished apartments or suites that are available for short-term or long-term stays or  a private home or villa that is rented out to travelers for short-term stays,
- EN: resort → th-TH: รีสอร์ต | Definition: A place that offers a variety of recreational activities and amenities
- EN: result → th-TH: ผลการค้นหา | Definition: An outcome from a search or query. | Example: 10 อันดับผลการค้นหาจัดเรียงตามระยะทาง
- EN: return → th-TH: ไปกลับ | Definition: A flight that includes both the outbound and inbound journeys, completing the round trip. | Example: ค้นหาตั๋วเที่ยวเดียว หรือตั๋วไปกลับในราคาเริ่มต้นที่ {price}
- EN: return → th-TH: ขากลับ | Definition: A flight that returns to the original departure location (1 flight) | Example: ตั๋วขากลับจากโซเฟียไปปารีสที่ถูกที่สุดราคาเท่าไร?
- EN: return → th-TH: ไปกลับ | Definition: A train journey that includes both the outbound and inbound journeys, completing the round trip.
- EN: return → th-TH: ขากลับ | Definition: A train trip to return to the original departure location (1 trip)"
- EN: return date → th-TH: วันเดินทางกลับ | Definition: The date of the return journey. | Example: เลือกวันเดินทางกลับ
- EN: return flight → th-TH: เที่ยวบินไปกลับ | Definition: A flight that includes both the outbound and inbound journeys, completing the round trip. | Notes: Note that in Thai 'flight' could be translated as ตั๋ว | Example: ค้นหาเที่ยวบินไปกลับ


ค้นหาราคาตั๋วเครื่องบินเที่ยวเดียวหรือไปกลับที่ดีที่สุดในประเทศ
- EN: return flight → th-TH: เที่ี่ยวบินขากลับ | Definition: A flight that returns to the original departure location (1 flight) | Notes: Note that in Thai 'flight' could be translated as ตั๋ว | Example: ค้นหาเที่ยวบินขากลับ
- EN: return trip → th-TH: ทริปไปกลับ | Definition: A journey including both the outbound journey to the destination and the inbound journey back to the starting location.
- EN: Review → th-TH: รีวิว | Definition: Verb - Add an evaluation or feedback about a service or product. | Example: เขียนรีวิวการเดินทาง
- EN: review → th-TH: รีวิว | Definition: Noun - An evaluation or feedback about a service or product. | Example: รีวิวจากนักเดินทาง 1 คน


ลองดูโรงแรมและสถานที่ท่องเที่ยวติดอันดับที่นักเดินทางรีวิวกัน
- EN: room → th-TH: ห้อง | Definition: A space within a building for accommodation | Example: เลือกประเภทห้อง

ถ้าเจอโรงแรมที่ต้องการแล้ว ก็คลิกจองห้องบนเว็บไซต์ของโรงแรมได้โดยตรงเลย
- EN: same to same → th-TH: รับเท่าไหร่ เติมคืนเท่านั้น | Definition: Fuel policy where the car must be returned with the same amount of fuel as when picked up.
- EN: Satisfactory → th-TH: พอใจ | Definition: Rating indicating acceptable quality or performance, but with some issues.
- EN: Saved → th-TH: รายการที่บันทึกไว้ | Definition: For travellers planning one or more trips, this feature empowers users to save different elements of their travel, so they can compare and monitor prices, book at a time that suits and/or find the perfect option. | Example: Feature: 
เข้าสู่ระบบเพื่อดูรายการที่บันทึกไว้

รายการที่บันทึกไว้ - หากราคามีการเปลี่ยนแปลง เราจะแจ้งให้ทราบ

Verb:
เที่ยวบินและโรงแรมที่บันทึกไว้        
เราพบราคาใหม่สำหรับการแจ้งเตือนที่คุณบันทึกไว้
- EN: Savvy Search → th-TH: ค้นหาอัจฉริยะ | Definition: Savvy Search is a generative AI planning tool developed internally. It is designed to help travelers discover new destinations and experiences by asking questions like "What kind of trip is on your mind?" This tool is powered by OpenAI's ChatGPT and uses historical internet data along with Skyscanner's destination and price data to provide travel recommendations | Example: ขอแนะนำ "ค้นหาอัจฉริยะ"

เปิดประตูสู่ประสบการณ์ใหม่ไปกับ "ค้นหาอัจฉริยะ"
- EN: search → th-TH: การค้นหา | Definition: The process of looking for specific travel-related information or options, such as flights, hotels, rental cars | Example: เริ่มต้นการค้นหา
ขออภัย ไม่พบเที่ยวบินที่ตรงกับการค้นหาของคุณ
- EN: search → th-TH: ค้นหา | Definition: To look for information or options. | Example: ค้นหาเที่ยวบินตรง

กำลังค้นหาผู้ให้บริการ
- EN: select → th-TH: เลือก | Definition: The act of choosing or picking a specific option from a range of available choices. | Example: โปรดเลือกปลายทาง

โรงแรมไม่ว่างตามจำนวนคน ห้องพัก หรือวันที่คุณเลือก

เลือก
- EN: self catering → th-TH: บริการอาหารด้วยตนเอง | Definition: This type of accommodation may or may not provide guests with kitchen facilities to prepare their own meals. No meals are included in the package
- EN: self-transfer → th-TH: เปลี่ยนเครื่องด้วยตนเอง | Definition: When passengers need to transfer between flights on their own without airline assistance. It may be necessary to check in separately for each connecting flight. | Example: ต้องเปลี่ยนเครื่องด้วยตนเองในทริปนี้
- EN: sign up → th-TH: ลงทะเบียน | Definition: Option to create a new account. | Example: เข้าสู่ระบบหรือลงทะเบียนเพื่อร่วมแชร์ประสบการณ์การเดินทาง
- EN: solo travellers → th-TH: เที่ยวคนเดียว | Definition: Individuals traveling alone.
- EN: sports car → th-TH: รถสปอร์ต | Definition: A car designed for high performance and agility, often with a sleek design.
- EN: standard → th-TH: มาตรฐาน | Definition: A category of rental cars that offer a balance between size, comfort, and cost.
- EN: star → th-TH: ดาว | Definition: A hotel star rating is a system used to classify hotels based on their quality, amenities, service, and overall guest experience. | Example: Hotels:
โรงแรม 3 ดาว ราคาเริ่มต้นที่ @@hotelPrice@@

Car hire/partner reviews: 
คะแนน 4 จาก 5 ดาว จาก 300 รีวิว
- EN: star → th-TH: ดาว | Example: Hotels:
โรงแรม 3 ดาว ราคาเริ่มต้นที่ @@hotelPrice@@

Car hire/partner reviews: 
คะแนน 4 จาก 5 ดาว จาก 300 รีวิว
- EN: star rating → th-TH: คะแนนดาว | Definition: A hotel star rating is a system used to classify hotels based on their quality, amenities, service, and overall guest experience.
- EN: stay → th-TH: เข้าพัก | Definition: Period during which a guest resides at an accommodation, such as a hotel.
- EN: stop → th-TH: จุดพัก | Definition: Flight connection at other airport before reaching the destination (not direct flights) | Example: ไม่เกิน 2 จุดพัก

การให้คะแนนนี้คำนวณจากราคา ระยะเวลาเดินทาง และจำนวนจุดพัก
- EN: Suggested for you → th-TH: แนะนำสำหรับคุณ | Definition: Personalized recommendations based on your interests or past behavior.
- EN: SUV → th-TH: SUV | Definition: Sport Utility Vehicle, a larger car often with off-road capability and more passenger/cargo space.
- EN: tax → th-TH: ภาษี | Definition: Compulsory financial charges imposed by a government. | Example: รวมภาษีและค่าธรรมเนียมทั้งหมด ยกเว้นภาษีท้องถิ่น หากมี
- EN: Terms of Service → th-TH: เงื่อนไขการให้บริการ | Definition: The rules and conditions for using a service. | Example: การดำเนินการต่อถือว่าคุณยอมรับเงื่อนไขการให้บริการของเรา
- EN: Top Provider → th-TH: ผู้ให้บริการชั้นนำ | Definition: A booking partner that meets our top-quality criteria, demonstrated by a high Partner Quality Score, strong price accuracy, and reliable downstream visibility. This designation helps travelers make informed choices by identifying partners that offer a trustworthy and seamless booking experience.
- EN: total price → th-TH: ราคารวม | Definition: The complete cost of a service or product. | Example: ราคารวมของทุกคืน


{partner} อาจคิดราคาที่พักรวมทั้งหมด ไม่ได้แยกคิดเป็นรายวัน
- EN: transfer → th-TH: นำ...ไป | Definition: The act of moving travelers from one location to another. | Example: เมื่อคุณเจอดีลรถเช่าที่ต้องการแล้ว เราจะนำคุณไปยังเว็บไซต์ผู้ให้บริการรถเช่า เพื่อให้คุณดำเนินการจองกับผู้ให้บริการโดยตรง


เมื่อไปถึงจะมีเจ้าหน้าที่รอต้อนรับและพาไปยังรถโค้ชส่วนตัว เพื่อนำไปส่งยังที่พัก
- EN: transfer → th-TH: นำ...ไป | Definition: Service or act of moving from one mode of transport to another. | Example: เมื่อคุณเจอดีลรถเช่าที่ต้องการแล้ว เราจะนำคุณไปยังเว็บไซต์ผู้ให้บริการรถเช่า เพื่อให้คุณดำเนินการจองกับผู้ให้บริการโดยตรง


เมื่อไปถึงจะมีเจ้าหน้าที่รอต้อนรับและพาไปยังรถโค้ชส่วนตัว เพื่อนำไปส่งยังที่พัก
- EN: transmission → th-TH: ระบบเกียร์ | Definition: The mechanism by which power is transmitted from the engine to the wheels in a vehicle.
- EN: travel agent → th-TH: ตัวแทนการท่องเที่ยว | Definition: A professional who plans and books travel arrangements for clients. | Example: เราแสดงผลการค้นหาจากพาร์ทเนอร์ธุรกิจกว่า 200 ราย ทั้งผู้ให้บริการด้านโรงแรมและตัวแทนการท่องเที่ยว
- EN: travel Hack → th-TH: กลเม็ดนักเดินทาง | Definition: Tips and strategies for making travel easier or cheaper. | Example: สุดยอดกลเม็ดนักเดินทาง: สำรวจทุกที่
กลเม็ดนักเดินทาง: เตรียมรองเท้าใส่สบาย
- EN: travel insurance → th-TH: ประกันการเดินทาง | Definition: Coverage for risks associated with travel, such as trip cancellations and medical emergencies. | Example: เช็คให้ดีว่าประกันการเดินทางถูกต้อง ก่อนบินไป@@destination@@
- EN: Travel Tuesday → th-TH: Travel Tuesday | Definition: A marketing initiative on the Tuesday after Thanksgiving, offering significant discounts on travel-related purchases like flights and hotels. | Example: สุขสันต์ Travel Tuesday
- EN: traveller → th-TH: นักเดินทาง | Definition: An individual who is traveling. | Example: เราไม่หยุดที่จะพัฒนาแอพ เพื่อมอบประสบการณ์ที่ดีที่สุดเพื่อนักเดินทางเช่นคุณ

รีวิวจากนักเดินทาง
- EN: trip → th-TH: ทริป/เดินทาง | Definition: A journey from one place to another. | Example: วางแผนทริปทั้งต่อไปง่ายๆ ด้วย Skyscanner



ถ้ายังไม่รู้ว่าจะเดินทางเดือนไหนดี ก็ลองหาเดือนที่ถูกที่สุดที่จะบินไปสู่จุดหมาย
- EN: Underrated Destinations → th-TH: จุดหมายนอกสายตา | Definition: Travel locations that are less popular but worth visiting. | Example: จุดหมายนอกสายตา: ตัวกรองค้นหาใหม่
- EN: unique stays → th-TH: ที่พักมีเอกลักษณ์ | Definition: Accommodations that offer unusual or distinctive experiences.
- EN: unlimited mileage → th-TH: ไม่จำกัดระยะทาง | Definition: Option allowing unlimited travel distance in a rental vehicle. | Example: แสดงเฉพาะข้อเสนอไม่จำกัดระยะทาง
- EN: van → th-TH: รถตู้ | Definition: A larger vehicle used for transporting goods or people.
- EN: vehicle → th-TH: พาหนะ | Definition: A mode of transportation used to move from one place to another.
- EN: Very good → th-TH: ดีมาก | Definition: Rating indicating high quality or performance.
- EN: Vibes → th-TH: Vibe/ไวบ์ | Definition: Vibes is an AI-powered feature developed by Skyscanner that enhances the Explore Everywhere experience by categorising and sorting travel destinations in a smart, intuitive way to inspire travellers. These “vibes” are essentially themed tiles or categories—likely based on mood, activity type, scenery, or travel style (e.g. “beach escape”, “romantic getaway”, “adventurous hiking”)—that help users discover destinations they might not have otherwise considered.
- EN: wagon → th-TH: วากอน | Definition: A car with a longer body and more cargo space, often with a rear hatch door.
- EN: Whole month → th-TH: ทั้งเดือน | Definition: Option to view availability and prices for an entire month. | Example: Sentence case:



ถ้าไม่ติดเรื่องวันเดินทาง ก็ใช้เครื่องมือของ Skyscanner ดูราคา "ทั้งเดือน" เพื่อหาว่าเดือนไหน วันอะไร เดินทางจาก@@place@@ได้ถูกสุด



Lower case:

เลือกทั้งเดือน
- EN: whole month → th-TH: ทั้งเดือน | Definition: Option to view availability and prices for an entire month. | Example: Sentence case:



ถ้าไม่ติดเรื่องวันเดินทาง ก็ใช้เครื่องมือของ Skyscanner ดูราคา "ทั้งเดือน" เพื่อหาว่าเดือนไหน วันอะไร เดินทางจาก@@place@@ได้ถูกสุด



Lower case:

เลือกทั้งเดือน
- EN: With honours → th-TH: ดีเลิศ | Definition: A high distinction or recognition for excellence.

Draft LQA report to validate and finalize (JSON):

{
  "review_findings": [
    {
      "text": "การเช่ารถในเวนิสมีราคาเริ่มต้นที่ 936 บาท ซึ่งเป็นราคาต่ำสุดที่พบในขณะนี้ เมื่อเทียบกับค่าเฉลี่ยรายปีที่ 2,298 บาท คุณจะเห็นช่วงราคาที่แตกต่างกันตามเวลาที่จอง เดือนพฤศจิกายนเป็นช่วงที่ราคาเช่ารถถูกที่สุดของปี หากต้องการดีลที่คุ้มค่า ควรจองล่วงหน้า 4 สัปดาห์ก่อนวันเดินทาง การเปรียบเทียบราคาจากผู้ให้บริการหลายรายช่วยให้คุณเลือกตัวเลือกที่เหมาะกับงบประมาณได้ การวางแผนจองในช่วงเวลาดังกล่าวเพิ่มโอกาสในการได้ราคาที่ต่ำกว่าค่าเฉลี่ย",
      "issue": "A single paragraph combines multiple distinct topics (pricing data, best month to book, booking window, comparison strategy), which makes the content difficult to scan and digest quickly.",
      "type_of_issue": "Style",
      "solution": "Split the text into shorter, focused paragraphs, each addressing a single idea, to improve readability and scannability.",
      "updated_sentence": "การเช่ารถในเวนิสมีราคาเริ่มต้นที่ 936 บาท ซึ่งเป็นราคาต่ำสุดที่พบในขณะนี้ เมื่อเทียบกับค่าเฉลี่ยรายปีที่ 2,298 บาท คุณจะเห็นช่วงราคาที่แตกต่างกันตามเวลาที่จอง\n\nเดือนพฤศจิกายนเป็นช่วงที่ราคาเช่ารถถูกที่สุดของปี หากต้องการดีลที่คุ้มค่า ควรจองล่วงหน้า 4 สัปดาห์ก่อนวันเดินทาง\n\nการเปรียบเทียบราคาจากผู้ให้บริการหลายรายช่วยให้คุณเลือกตัวเลือกที่เหมาะกับงบประมาณได้ การวางแผนจองในช่วงเวลาดังกล่าวเพิ่มโอกาสในการได้ราคาที่ต่ำกว่าค่าเฉลี่ย",
      "severity": "Minor",
      "score_deduction": 1
    }
  ],
  "overall_feedback": {
    "summary": "The translation quality is high, with no grammatical, spelling, or compliance errors found. The primary area for improvement is content structure. A dense paragraph containing several distinct data points and user tips was identified, which negatively impacts scannability.",
    "action_plan": "Brief writers and editors to structure content into shorter paragraphs, with each paragraph focusing on a single, clear idea (e.g., pricing, timing, method). This will make the information easier for users to scan and absorb, which is essential for web and SEO content."
  }
}

Return only the final JSON object (must include `corrected_content` for the full section body).

2026-09-01 16:34:32,817 - INFO - [TH] Agent 2 window 0-9 (10 batches)
2026-09-01 16:34:32,858 - INFO - AFC is enabled with max remote calls: 10.
2026-09-01 16:34:32,862 - INFO - AFC is enabled with max remote calls: 10.
2026-09-01 16:34:32,865 - INFO - AFC is enabled with max remote calls: 10.
2026-09-01 16:34:32,865 - INFO - AFC is enabled with max remote calls: 10.
2026-09-01 16:34:32,867 - INFO - AFC is enabled with max remote calls: 10.
2026-09-01 16:34:32,867 - INFO - AFC is enabled with max remote calls: 10.
2026-09-01 16:34:32,868 - INFO - AFC is enabled with max remote calls: 10.
2026-09-01 16:34:32,869 - INFO - AFC is enabled with max remote calls: 10.
2026-09-01 16:34:32,870 - INFO - AFC is enabled with max remote calls: 10.
2026-09-01 16:34:32,871 - INFO - AFC is enabled with max remote calls: 10.
2026-09-01 16:34:47,390 - INFO - HTTP Request: POST https://generativelanguage.googleapis.com/v1beta/models/gemini-2.5-pro:generateContent "HTTP/1.1 200 OK"
2026-09-01 16:34:51,354 - INFO - HTTP Request: POST https://generativelanguage.googleapis.com/v1beta/models/gemini-2.5-pro:generateContent "HTTP/1.1 200 OK"
2026-09-01 16:34:52,075 - INFO - HTTP Request: POST https://generativelanguage.googleapis.com/v1beta/models/gemini-2.5-pro:generateContent "HTTP/1.1 200 OK"
2026-09-01 16:34:53,150 - INFO - HTTP Request: POST https://generativelanguage.googleapis.com/v1beta/models/gemini-2.5-pro:generateContent "HTTP/1.1 200 OK"
2026-09-01 16:34:54,632 - INFO - HTTP Request: POST https://generativelanguage.googleapis.com/v1beta/models/gemini-2.5-pro:generateContent "HTTP/1.1 200 OK"
2026-09-01 16:34:55,991 - INFO - HTTP Request: POST https://generativelanguage.googleapis.com/v1beta/models/gemini-2.5-pro:generateContent "HTTP/1.1 200 OK"
2026-09-01 16:35:00,431 - INFO - HTTP Request: POST https://generativelanguage.googleapis.com/v1beta/models/gemini-2.5-pro:generateContent "HTTP/1.1 200 OK"
2026-09-01 16:35:03,275 - INFO - HTTP Request: POST https://generativelanguage.googleapis.com/v1beta/models/gemini-2.5-pro:generateContent "HTTP/1.1 200 OK"
2026-09-01 16:35:05,473 - INFO - HTTP Request: POST https://generativelanguage.googleapis.com/v1beta/models/gemini-2.5-pro:generateContent "HTTP/1.1 200 OK"
2026-09-01 16:35:09,948 - INFO - HTTP Request: POST https://generativelanguage.googleapis.com/v1beta/models/gemini-2.5-pro:generateContent "HTTP/1.1 200 OK"
2026-09-01 16:35:09,961 - INFO - [TH] Waiting 10.0s before next Agent 2 window…
2026-09-01 16:35:19,973 - INFO - [TH] Agent 2 window 10-19 (10 batches)
2026-09-01 16:35:20,050 - INFO - AFC is enabled with max remote calls: 10.
2026-09-01 16:35:20,055 - INFO - AFC is enabled with max remote calls: 10.
2026-09-01 16:35:20,056 - INFO - AFC is enabled with max remote calls: 10.
2026-09-01 16:35:20,058 - INFO - AFC is enabled with max remote calls: 10.
2026-09-01 16:35:20,060 - INFO - AFC is enabled with max remote calls: 10.
2026-09-01 16:35:20,062 - INFO - AFC is enabled with max remote calls: 10.
2026-09-01 16:35:20,064 - INFO - AFC is enabled with max remote calls: 10.
2026-09-01 16:35:20,067 - INFO - AFC is enabled with max remote calls: 10.
2026-09-01 16:35:20,068 - INFO - AFC is enabled with max remote calls: 10.
2026-09-01 16:35:20,070 - INFO - AFC is enabled with max remote calls: 10.
2026-09-01 16:35:35,747 - INFO - HTTP Request: POST https://generativelanguage.googleapis.com/v1beta/models/gemini-2.5-pro:generateContent "HTTP/1.1 200 OK"
2026-09-01 16:35:37,274 - INFO - HTTP Request: POST https://generativelanguage.googleapis.com/v1beta/models/gemini-2.5-pro:generateContent "HTTP/1.1 200 OK"
2026-09-01 16:35:38,251 - INFO - HTTP Request: POST https://generativelanguage.googleapis.com/v1beta/models/gemini-2.5-pro:generateContent "HTTP/1.1 200 OK"
2026-09-01 16:35:38,467 - INFO - HTTP Request: POST https://generativelanguage.googleapis.com/v1beta/models/gemini-2.5-pro:generateContent "HTTP/1.1 200 OK"
2026-09-01 16:35:41,461 - INFO - HTTP Request: POST https://generativelanguage.googleapis.com/v1beta/models/gemini-2.5-pro:generateContent "HTTP/1.1 200 OK"
2026-09-01 16:35:42,742 - INFO - HTTP Request: POST https://generativelanguage.googleapis.com/v1beta/models/gemini-2.5-pro:generateContent "HTTP/1.1 200 OK"
2026-09-01 16:35:42,758 - INFO - HTTP Request: POST https://generativelanguage.googleapis.com/v1beta/models/gemini-2.5-pro:generateContent "HTTP/1.1 200 OK"
2026-09-01 16:35:45,179 - INFO - HTTP Request: POST https://generativelanguage.googleapis.com/v1beta/models/gemini-2.5-pro:generateContent "HTTP/1.1 200 OK"
2026-09-01 16:35:46,036 - INFO - HTTP Request: POST https://generativelanguage.googleapis.com/v1beta/models/gemini-2.5-pro:generateContent "HTTP/1.1 200 OK"
2026-09-01 16:35:46,251 - INFO - HTTP Request: POST https://generativelanguage.googleapis.com/v1beta/models/gemini-2.5-pro:generateContent "HTTP/1.1 200 OK"
2026-09-01 16:35:46,262 - INFO - [TH] Waiting 10.0s before next Agent 2 window…
2026-09-01 16:35:56,306 - INFO - [TH] Agent 2 window 20-29 (10 batches)
2026-09-01 16:35:56,469 - INFO - AFC is enabled with max remote calls: 10.
2026-09-01 16:35:56,486 - INFO - AFC is enabled with max remote calls: 10.
2026-09-01 16:35:56,489 - INFO - AFC is enabled with max remote calls: 10.
2026-09-01 16:35:56,494 - INFO - AFC is enabled with max remote calls: 10.
2026-09-01 16:35:56,498 - INFO - AFC is enabled with max remote calls: 10.
2026-09-01 16:35:56,502 - INFO - AFC is enabled with max remote calls: 10.
2026-09-01 16:35:56,506 - INFO - AFC is enabled with max remote calls: 10.
2026-09-01 16:35:56,510 - INFO - AFC is enabled with max remote calls: 10.
2026-09-01 16:35:56,520 - INFO - AFC is enabled with max remote calls: 10.
2026-09-01 16:35:56,536 - INFO - AFC is enabled with max remote calls: 10.
2026-09-01 16:36:10,364 - INFO - HTTP Request: POST https://generativelanguage.googleapis.com/v1beta/models/gemini-2.5-pro:generateContent "HTTP/1.1 200 OK"
2026-09-01 16:36:15,661 - INFO - HTTP Request: POST https://generativelanguage.googleapis.com/v1beta/models/gemini-2.5-pro:generateContent "HTTP/1.1 200 OK"
2026-09-01 16:36:16,423 - INFO - HTTP Request: POST https://generativelanguage.googleapis.com/v1beta/models/gemini-2.5-pro:generateContent "HTTP/1.1 200 OK"
2026-09-01 16:36:16,671 - INFO - HTTP Request: POST https://generativelanguage.googleapis.com/v1beta/models/gemini-2.5-pro:generateContent "HTTP/1.1 200 OK"
2026-09-01 16:36:18,704 - INFO - HTTP Request: POST https://generativelanguage.googleapis.com/v1beta/models/gemini-2.5-pro:generateContent "HTTP/1.1 200 OK"
2026-09-01 16:36:22,849 - INFO - HTTP Request: POST https://generativelanguage.googleapis.com/v1beta/models/gemini-2.5-pro:generateContent "HTTP/1.1 200 OK"
2026-09-01 16:36:23,952 - INFO - HTTP Request: POST https://generativelanguage.googleapis.com/v1beta/models/gemini-2.5-pro:generateContent "HTTP/1.1 200 OK"
2026-09-01 16:36:24,122 - INFO - HTTP Request: POST https://generativelanguage.googleapis.com/v1beta/models/gemini-2.5-pro:generateContent "HTTP/1.1 200 OK"
2026-09-01 16:36:27,678 - INFO - HTTP Request: POST https://generativelanguage.googleapis.com/v1beta/models/gemini-2.5-pro:generateContent "HTTP/1.1 200 OK"
2026-09-01 16:36:33,554 - INFO - HTTP Request: POST https://generativelanguage.googleapis.com/v1beta/models/gemini-2.5-pro:generateContent "HTTP/1.1 200 OK"
2026-09-01 16:36:33,566 - INFO - [TH] Waiting 10.0s before next Agent 2 window…
2026-09-01 16:36:43,571 - INFO - [TH] Agent 2 window 30-39 (10 batches)
2026-09-01 16:36:43,679 - INFO - AFC is enabled with max remote calls: 10.
2026-09-01 16:36:43,683 - INFO - AFC is enabled with max remote calls: 10.
2026-09-01 16:36:43,685 - INFO - AFC is enabled with max remote calls: 10.
2026-09-01 16:36:43,686 - INFO - AFC is enabled with max remote calls: 10.
2026-09-01 16:36:43,687 - INFO - AFC is enabled with max remote calls: 10.
2026-09-01 16:36:43,689 - INFO - AFC is enabled with max remote calls: 10.
2026-09-01 16:36:43,691 - INFO - AFC is enabled with max remote calls: 10.
2026-09-01 16:36:43,692 - INFO - AFC is enabled with max remote calls: 10.
2026-09-01 16:36:43,694 - INFO - AFC is enabled with max remote calls: 10.
2026-09-01 16:36:43,697 - INFO - AFC is enabled with max remote calls: 10.
2026-09-01 16:36:58,279 - INFO - HTTP Request: POST https://generativelanguage.googleapis.com/v1beta/models/gemini-2.5-pro:generateContent "HTTP/1.1 200 OK"
2026-09-01 16:37:00,027 - INFO - HTTP Request: POST https://generativelanguage.googleapis.com/v1beta/models/gemini-2.5-pro:generateContent "HTTP/1.1 200 OK"
2026-09-01 16:37:02,184 - INFO - HTTP Request: POST https://generativelanguage.googleapis.com/v1beta/models/gemini-2.5-pro:generateContent "HTTP/1.1 200 OK"
2026-09-01 16:37:02,216 - INFO - HTTP Request: POST https://generativelanguage.googleapis.com/v1beta/models/gemini-2.5-pro:generateContent "HTTP/1.1 200 OK"
2026-09-01 16:37:02,892 - INFO - HTTP Request: POST https://generativelanguage.googleapis.com/v1beta/models/gemini-2.5-pro:generateContent "HTTP/1.1 200 OK"
2026-09-01 16:37:03,094 - INFO - HTTP Request: POST https://generativelanguage.googleapis.com/v1beta/models/gemini-2.5-pro:generateContent "HTTP/1.1 200 OK"
2026-09-01 16:37:05,286 - INFO - HTTP Request: POST https://generativelanguage.googleapis.com/v1beta/models/gemini-2.5-pro:generateContent "HTTP/1.1 200 OK"
2026-09-01 16:37:05,711 - INFO - HTTP Request: POST https://generativelanguage.googleapis.com/v1beta/models/gemini-2.5-pro:generateContent "HTTP/1.1 200 OK"
2026-09-01 16:37:11,223 - INFO - HTTP Request: POST https://generativelanguage.googleapis.com/v1beta/models/gemini-2.5-pro:generateContent "HTTP/1.1 200 OK"
2026-09-01 16:37:27,272 - INFO - HTTP Request: POST https://generativelanguage.googleapis.com/v1beta/models/gemini-2.5-pro:generateContent "HTTP/1.1 200 OK"
2026-09-01 16:37:27,286 - INFO - [TH] Waiting 10.0s before next Agent 2 window…
2026-09-01 16:37:37,289 - INFO - [TH] Agent 2 window 40-49 (10 batches)
2026-09-01 16:37:37,374 - INFO - AFC is enabled with max remote calls: 10.
2026-09-01 16:37:37,382 - INFO - AFC is enabled with max remote calls: 10.
2026-09-01 16:37:37,383 - INFO - AFC is enabled with max remote calls: 10.
2026-09-01 16:37:37,386 - INFO - AFC is enabled with max remote calls: 10.
2026-09-01 16:37:37,388 - INFO - AFC is enabled with max remote calls: 10.
2026-09-01 16:37:37,390 - INFO - AFC is enabled with max remote calls: 10.
2026-09-01 16:37:37,392 - INFO - AFC is enabled with max remote calls: 10.
2026-09-01 16:37:37,395 - INFO - AFC is enabled with max remote calls: 10.
2026-09-01 16:37:37,396 - INFO - AFC is enabled with max remote calls: 10.
2026-09-01 16:37:37,397 - INFO - AFC is enabled with max remote calls: 10.
2026-09-01 16:37:51,881 - INFO - HTTP Request: POST https://generativelanguage.googleapis.com/v1beta/models/gemini-2.5-pro:generateContent "HTTP/1.1 200 OK"
2026-09-01 16:37:52,919 - INFO - HTTP Request: POST https://generativelanguage.googleapis.com/v1beta/models/gemini-2.5-pro:generateContent "HTTP/1.1 200 OK"
2026-09-01 16:37:53,151 - INFO - HTTP Request: POST https://generativelanguage.googleapis.com/v1beta/models/gemini-2.5-pro:generateContent "HTTP/1.1 200 OK"
2026-09-01 16:37:56,763 - INFO - HTTP Request: POST https://generativelanguage.googleapis.com/v1beta/models/gemini-2.5-pro:generateContent "HTTP/1.1 200 OK"
2026-09-01 16:37:56,776 - INFO - HTTP Request: POST https://generativelanguage.googleapis.com/v1beta/models/gemini-2.5-pro:generateContent "HTTP/1.1 200 OK"
2026-09-01 16:37:57,803 - INFO - HTTP Request: POST https://generativelanguage.googleapis.com/v1beta/models/gemini-2.5-pro:generateContent "HTTP/1.1 200 OK"
2026-09-01 16:37:58,532 - INFO - HTTP Request: POST https://generativelanguage.googleapis.com/v1beta/models/gemini-2.5-pro:generateContent "HTTP/1.1 200 OK"
2026-09-01 16:38:02,233 - INFO - HTTP Request: POST https://generativelanguage.googleapis.com/v1beta/models/gemini-2.5-pro:generateContent "HTTP/1.1 200 OK"
2026-09-01 16:38:04,471 - INFO - HTTP Request: POST https://generativelanguage.googleapis.com/v1beta/models/gemini-2.5-pro:generateContent "HTTP/1.1 200 OK"
2026-09-01 16:38:05,379 - INFO - HTTP Request: POST https://generativelanguage.googleapis.com/v1beta/models/gemini-2.5-pro:generateContent "HTTP/1.1 200 OK"
2026-09-01 16:38:05,387 - INFO - [TH] Waiting 10.0s before next Agent 2 window…
2026-09-01 16:38:15,392 - INFO - [TH] Agent 2 window 50-59 (10 batches)
2026-09-01 16:38:15,452 - INFO - AFC is enabled with max remote calls: 10.
2026-09-01 16:38:15,455 - INFO - AFC is enabled with max remote calls: 10.
2026-09-01 16:38:15,463 - INFO - AFC is enabled with max remote calls: 10.
2026-09-01 16:38:15,488 - INFO - AFC is enabled with max remote calls: 10.
2026-09-01 16:38:15,493 - INFO - AFC is enabled with max remote calls: 10.
2026-09-01 16:38:15,497 - INFO - AFC is enabled with max remote calls: 10.
2026-09-01 16:38:15,502 - INFO - AFC is enabled with max remote calls: 10.
2026-09-01 16:38:15,510 - INFO - AFC is enabled with max remote calls: 10.
2026-09-01 16:38:15,513 - INFO - AFC is enabled with max remote calls: 10.
2026-09-01 16:38:15,517 - INFO - AFC is enabled with max remote calls: 10.
2026-09-01 16:38:32,065 - INFO - HTTP Request: POST https://generativelanguage.googleapis.com/v1beta/models/gemini-2.5-pro:generateContent "HTTP/1.1 200 OK"
2026-09-01 16:38:32,302 - INFO - HTTP Request: POST https://generativelanguage.googleapis.com/v1beta/models/gemini-2.5-pro:generateContent "HTTP/1.1 200 OK"
2026-09-01 16:38:35,090 - INFO - HTTP Request: POST https://generativelanguage.googleapis.com/v1beta/models/gemini-2.5-pro:generateContent "HTTP/1.1 200 OK"
2026-09-01 16:38:36,406 - INFO - HTTP Request: POST https://generativelanguage.googleapis.com/v1beta/models/gemini-2.5-pro:generateContent "HTTP/1.1 200 OK"
2026-09-01 16:38:36,466 - INFO - HTTP Request: POST https://generativelanguage.googleapis.com/v1beta/models/gemini-2.5-pro:generateContent "HTTP/1.1 200 OK"
2026-09-01 16:38:36,766 - INFO - HTTP Request: POST https://generativelanguage.googleapis.com/v1beta/models/gemini-2.5-pro:generateContent "HTTP/1.1 200 OK"
2026-09-01 16:38:37,019 - INFO - HTTP Request: POST https://generativelanguage.googleapis.com/v1beta/models/gemini-2.5-pro:generateContent "HTTP/1.1 200 OK"
2026-09-01 16:38:37,256 - INFO - HTTP Request: POST https://generativelanguage.googleapis.com/v1beta/models/gemini-2.5-pro:generateContent "HTTP/1.1 200 OK"
2026-09-01 16:38:41,155 - INFO - HTTP Request: POST https://generativelanguage.googleapis.com/v1beta/models/gemini-2.5-pro:generateContent "HTTP/1.1 200 OK"
2026-09-01 16:38:43,374 - INFO - HTTP Request: POST https://generativelanguage.googleapis.com/v1beta/models/gemini-2.5-pro:generateContent "HTTP/1.1 200 OK"
2026-09-01 16:38:43,402 - INFO - [TH] Waiting 10.0s before next Agent 2 window…
2026-09-01 16:38:53,430 - INFO - [TH] Agent 2 window 60-69 (10 batches)
2026-09-01 16:38:53,507 - INFO - AFC is enabled with max remote calls: 10.
2026-09-01 16:38:53,509 - INFO - AFC is enabled with max remote calls: 10.
2026-09-01 16:38:53,513 - INFO - AFC is enabled with max remote calls: 10.
2026-09-01 16:38:53,515 - INFO - AFC is enabled with max remote calls: 10.
2026-09-01 16:38:53,519 - INFO - AFC is enabled with max remote calls: 10.
2026-09-01 16:38:53,521 - INFO - AFC is enabled with max remote calls: 10.
2026-09-01 16:38:53,523 - INFO - AFC is enabled with max remote calls: 10.
2026-09-01 16:38:53,525 - INFO - AFC is enabled with max remote calls: 10.
2026-09-01 16:38:53,527 - INFO - AFC is enabled with max remote calls: 10.
2026-09-01 16:38:53,529 - INFO - AFC is enabled with max remote calls: 10.
2026-09-01 16:39:12,625 - INFO - HTTP Request: POST https://generativelanguage.googleapis.com/v1beta/models/gemini-2.5-pro:generateContent "HTTP/1.1 200 OK"
2026-09-01 16:39:12,632 - INFO - HTTP Request: POST https://generativelanguage.googleapis.com/v1beta/models/gemini-2.5-pro:generateContent "HTTP/1.1 200 OK"
2026-09-01 16:39:12,632 - INFO - HTTP Request: POST https://generativelanguage.googleapis.com/v1beta/models/gemini-2.5-pro:generateContent "HTTP/1.1 200 OK"
2026-09-01 16:39:12,763 - INFO - HTTP Request: POST https://generativelanguage.googleapis.com/v1beta/models/gemini-2.5-pro:generateContent "HTTP/1.1 200 OK"
2026-09-01 16:39:15,739 - INFO - HTTP Request: POST https://generativelanguage.googleapis.com/v1beta/models/gemini-2.5-pro:generateContent "HTTP/1.1 200 OK"
2026-09-01 16:39:17,399 - INFO - HTTP Request: POST https://generativelanguage.googleapis.com/v1beta/models/gemini-2.5-pro:generateContent "HTTP/1.1 200 OK"
2026-09-01 16:39:18,594 - INFO - HTTP Request: POST https://generativelanguage.googleapis.com/v1beta/models/gemini-2.5-pro:generateContent "HTTP/1.1 200 OK"
2026-09-01 16:39:19,513 - INFO - HTTP Request: POST https://generativelanguage.googleapis.com/v1beta/models/gemini-2.5-pro:generateContent "HTTP/1.1 200 OK"
2026-09-01 16:39:21,329 - INFO - HTTP Request: POST https://generativelanguage.googleapis.com/v1beta/models/gemini-2.5-pro:generateContent "HTTP/1.1 200 OK"
2026-09-01 16:39:23,282 - INFO - HTTP Request: POST https://generativelanguage.googleapis.com/v1beta/models/gemini-2.5-pro:generateContent "HTTP/1.1 200 OK"
2026-09-01 16:39:23,308 - INFO - [TH] Waiting 10.0s before next Agent 2 window…
2026-09-01 16:39:33,311 - INFO - [TH] Agent 2 window 70-79 (10 batches)
2026-09-01 16:39:33,385 - INFO - AFC is enabled with max remote calls: 10.
2026-09-01 16:39:33,391 - INFO - AFC is enabled with max remote calls: 10.
2026-09-01 16:39:33,396 - INFO - AFC is enabled with max remote calls: 10.
2026-09-01 16:39:33,400 - INFO - AFC is enabled with max remote calls: 10.
2026-09-01 16:39:33,402 - INFO - AFC is enabled with max remote calls: 10.
2026-09-01 16:39:33,406 - INFO - AFC is enabled with max remote calls: 10.
2026-09-01 16:39:33,409 - INFO - AFC is enabled with max remote calls: 10.
2026-09-01 16:39:33,411 - INFO - AFC is enabled with max remote calls: 10.
2026-09-01 16:39:33,413 - INFO - AFC is enabled with max remote calls: 10.
2026-09-01 16:39:33,415 - INFO - AFC is enabled with max remote calls: 10.
2026-09-01 16:39:47,286 - INFO - HTTP Request: POST https://generativelanguage.googleapis.com/v1beta/models/gemini-2.5-pro:generateContent "HTTP/1.1 200 OK"
2026-09-01 16:39:49,081 - INFO - HTTP Request: POST https://generativelanguage.googleapis.com/v1beta/models/gemini-2.5-pro:generateContent "HTTP/1.1 200 OK"
2026-09-01 16:39:51,145 - INFO - HTTP Request: POST https://generativelanguage.googleapis.com/v1beta/models/gemini-2.5-pro:generateContent "HTTP/1.1 200 OK"
2026-09-01 16:39:51,712 - INFO - HTTP Request: POST https://generativelanguage.googleapis.com/v1beta/models/gemini-2.5-pro:generateContent "HTTP/1.1 200 OK"
2026-09-01 16:39:52,696 - INFO - HTTP Request: POST https://generativelanguage.googleapis.com/v1beta/models/gemini-2.5-pro:generateContent "HTTP/1.1 200 OK"
2026-09-01 16:39:53,542 - INFO - HTTP Request: POST https://generativelanguage.googleapis.com/v1beta/models/gemini-2.5-pro:generateContent "HTTP/1.1 200 OK"
2026-09-01 16:39:54,753 - INFO - HTTP Request: POST https://generativelanguage.googleapis.com/v1beta/models/gemini-2.5-pro:generateContent "HTTP/1.1 200 OK"
2026-09-01 16:39:56,139 - INFO - HTTP Request: POST https://generativelanguage.googleapis.com/v1beta/models/gemini-2.5-pro:generateContent "HTTP/1.1 200 OK"
2026-09-01 16:40:01,950 - INFO - HTTP Request: POST https://generativelanguage.googleapis.com/v1beta/models/gemini-2.5-pro:generateContent "HTTP/1.1 200 OK"
2026-09-01 16:40:23,773 - INFO - HTTP Request: POST https://generativelanguage.googleapis.com/v1beta/models/gemini-2.5-pro:generateContent "HTTP/1.1 200 OK"
2026-09-01 16:40:23,947 - INFO - [TH] Waiting 10.0s before next Agent 2 window…
2026-09-01 16:40:33,967 - INFO - [TH] Agent 2 window 80-89 (10 batches)
2026-09-01 16:40:34,050 - INFO - AFC is enabled with max remote calls: 10.
2026-09-01 16:40:34,062 - INFO - AFC is enabled with max remote calls: 10.
2026-09-01 16:40:34,063 - INFO - AFC is enabled with max remote calls: 10.
2026-09-01 16:40:34,064 - INFO - AFC is enabled with max remote calls: 10.
2026-09-01 16:40:34,066 - INFO - AFC is enabled with max remote calls: 10.
2026-09-01 16:40:34,068 - INFO - AFC is enabled with max remote calls: 10.
2026-09-01 16:40:34,070 - INFO - AFC is enabled with max remote calls: 10.
2026-09-01 16:40:34,071 - INFO - AFC is enabled with max remote calls: 10.
2026-09-01 16:40:34,072 - INFO - AFC is enabled with max remote calls: 10.
2026-09-01 16:40:34,075 - INFO - AFC is enabled with max remote calls: 10.
2026-09-01 16:40:48,941 - INFO - HTTP Request: POST https://generativelanguage.googleapis.com/v1beta/models/gemini-2.5-pro:generateContent "HTTP/1.1 200 OK"
2026-09-01 16:40:51,901 - INFO - HTTP Request: POST https://generativelanguage.googleapis.com/v1beta/models/gemini-2.5-pro:generateContent "HTTP/1.1 200 OK"
2026-09-01 16:40:51,920 - INFO - HTTP Request: POST https://generativelanguage.googleapis.com/v1beta/models/gemini-2.5-pro:generateContent "HTTP/1.1 200 OK"
2026-09-01 16:40:53,024 - INFO - HTTP Request: POST https://generativelanguage.googleapis.com/v1beta/models/gemini-2.5-pro:generateContent "HTTP/1.1 200 OK"
2026-09-01 16:40:56,840 - INFO - HTTP Request: POST https://generativelanguage.googleapis.com/v1beta/models/gemini-2.5-pro:generateContent "HTTP/1.1 200 OK"
2026-09-01 16:40:57,448 - INFO - HTTP Request: POST https://generativelanguage.googleapis.com/v1beta/models/gemini-2.5-pro:generateContent "HTTP/1.1 200 OK"
2026-09-01 16:41:02,806 - INFO - HTTP Request: POST https://generativelanguage.googleapis.com/v1beta/models/gemini-2.5-pro:generateContent "HTTP/1.1 200 OK"
2026-09-01 16:41:02,861 - INFO - HTTP Request: POST https://generativelanguage.googleapis.com/v1beta/models/gemini-2.5-pro:generateContent "HTTP/1.1 200 OK"
2026-09-01 16:41:11,772 - INFO - HTTP Request: POST https://generativelanguage.googleapis.com/v1beta/models/gemini-2.5-pro:generateContent "HTTP/1.1 200 OK"
2026-09-01 16:41:12,824 - INFO - HTTP Request: POST https://generativelanguage.googleapis.com/v1beta/models/gemini-2.5-pro:generateContent "HTTP/1.1 200 OK"
2026-09-01 16:41:12,833 - INFO - [TH] Waiting 10.0s before next Agent 2 window…
2026-09-01 16:41:22,838 - INFO - [TH] Agent 2 window 90-99 (10 batches)
2026-09-01 16:41:22,977 - INFO - AFC is enabled with max remote calls: 10.
2026-09-01 16:41:22,993 - INFO - AFC is enabled with max remote calls: 10.
2026-09-01 16:41:22,996 - INFO - AFC is enabled with max remote calls: 10.
2026-09-01 16:41:23,005 - INFO - AFC is enabled with max remote calls: 10.
2026-09-01 16:41:23,013 - INFO - AFC is enabled with max remote calls: 10.
2026-09-01 16:41:23,021 - INFO - AFC is enabled with max remote calls: 10.
2026-09-01 16:41:23,026 - INFO - AFC is enabled with max remote calls: 10.
2026-09-01 16:41:23,030 - INFO - AFC is enabled with max remote calls: 10.
2026-09-01 16:41:23,033 - INFO - AFC is enabled with max remote calls: 10.
2026-09-01 16:41:23,037 - INFO - AFC is enabled with max remote calls: 10.
2026-09-01 16:41:38,270 - INFO - HTTP Request: POST https://generativelanguage.googleapis.com/v1beta/models/gemini-2.5-pro:generateContent "HTTP/1.1 200 OK"
2026-09-01 16:41:41,834 - INFO - HTTP Request: POST https://generativelanguage.googleapis.com/v1beta/models/gemini-2.5-pro:generateContent "HTTP/1.1 200 OK"
2026-09-01 16:41:42,082 - INFO - HTTP Request: POST https://generativelanguage.googleapis.com/v1beta/models/gemini-2.5-pro:generateContent "HTTP/1.1 200 OK"
2026-09-01 16:41:42,632 - INFO - HTTP Request: POST https://generativelanguage.googleapis.com/v1beta/models/gemini-2.5-pro:generateContent "HTTP/1.1 200 OK"
2026-09-01 16:41:42,947 - INFO - HTTP Request: POST https://generativelanguage.googleapis.com/v1beta/models/gemini-2.5-pro:generateContent "HTTP/1.1 200 OK"
2026-09-01 16:41:43,434 - INFO - HTTP Request: POST https://generativelanguage.googleapis.com/v1beta/models/gemini-2.5-pro:generateContent "HTTP/1.1 200 OK"
2026-09-01 16:41:44,249 - INFO - HTTP Request: POST https://generativelanguage.googleapis.com/v1beta/models/gemini-2.5-pro:generateContent "HTTP/1.1 200 OK"
2026-09-01 16:41:46,798 - INFO - HTTP Request: POST https://generativelanguage.googleapis.com/v1beta/models/gemini-2.5-pro:generateContent "HTTP/1.1 200 OK"
2026-09-01 16:41:47,615 - INFO - HTTP Request: POST https://generativelanguage.googleapis.com/v1beta/models/gemini-2.5-pro:generateContent "HTTP/1.1 200 OK"
2026-09-01 16:41:48,670 - INFO - HTTP Request: POST https://generativelanguage.googleapis.com/v1beta/models/gemini-2.5-pro:generateContent "HTTP/1.1 200 OK"
2026-09-01 16:41:48,680 - INFO - [TH] Waiting 10.0s before next Agent 2 window…
2026-09-01 16:41:58,695 - INFO - [TH] Agent 2 window 100-109 (10 batches)
2026-09-01 16:41:58,781 - INFO - AFC is enabled with max remote calls: 10.
2026-09-01 16:41:58,785 - INFO - AFC is enabled with max remote calls: 10.
2026-09-01 16:41:58,787 - INFO - AFC is enabled with max remote calls: 10.
2026-09-01 16:41:58,789 - INFO - AFC is enabled with max remote calls: 10.
2026-09-01 16:41:58,792 - INFO - AFC is enabled with max remote calls: 10.
2026-09-01 16:41:58,793 - INFO - AFC is enabled with max remote calls: 10.
2026-09-01 16:41:58,795 - INFO - AFC is enabled with max remote calls: 10.
2026-09-01 16:41:58,797 - INFO - AFC is enabled with max remote calls: 10.
2026-09-01 16:41:58,798 - INFO - AFC is enabled with max remote calls: 10.
2026-09-01 16:41:58,800 - INFO - AFC is enabled with max remote calls: 10.
2026-09-01 16:42:12,500 - INFO - HTTP Request: POST https://generativelanguage.googleapis.com/v1beta/models/gemini-2.5-pro:generateContent "HTTP/1.1 200 OK"
2026-09-01 16:42:14,895 - INFO - HTTP Request: POST https://generativelanguage.googleapis.com/v1beta/models/gemini-2.5-pro:generateContent "HTTP/1.1 200 OK"
2026-09-01 16:42:14,913 - INFO - HTTP Request: POST https://generativelanguage.googleapis.com/v1beta/models/gemini-2.5-pro:generateContent "HTTP/1.1 200 OK"
2026-09-01 16:42:16,514 - INFO - HTTP Request: POST https://generativelanguage.googleapis.com/v1beta/models/gemini-2.5-pro:generateContent "HTTP/1.1 200 OK"
2026-09-01 16:42:16,717 - INFO - HTTP Request: POST https://generativelanguage.googleapis.com/v1beta/models/gemini-2.5-pro:generateContent "HTTP/1.1 200 OK"
2026-09-01 16:42:17,201 - INFO - HTTP Request: POST https://generativelanguage.googleapis.com/v1beta/models/gemini-2.5-pro:generateContent "HTTP/1.1 200 OK"
2026-09-01 16:42:17,720 - INFO - HTTP Request: POST https://generativelanguage.googleapis.com/v1beta/models/gemini-2.5-pro:generateContent "HTTP/1.1 200 OK"
2026-09-01 16:42:22,110 - INFO - HTTP Request: POST https://generativelanguage.googleapis.com/v1beta/models/gemini-2.5-pro:generateContent "HTTP/1.1 200 OK"
2026-09-01 16:42:24,742 - INFO - HTTP Request: POST https://generativelanguage.googleapis.com/v1beta/models/gemini-2.5-pro:generateContent "HTTP/1.1 200 OK"
2026-09-01 16:42:43,950 - INFO - HTTP Request: POST https://generativelanguage.googleapis.com/v1beta/models/gemini-2.5-pro:generateContent "HTTP/1.1 200 OK"
2026-09-01 16:42:43,963 - INFO - [TH] Waiting 10.0s before next Agent 2 window…
2026-09-01 16:42:53,967 - INFO - [TH] Agent 2 window 110-119 (10 batches)
2026-09-01 16:42:54,013 - INFO - AFC is enabled with max remote calls: 10.
2026-09-01 16:42:54,020 - INFO - AFC is enabled with max remote calls: 10.
2026-09-01 16:42:54,021 - INFO - AFC is enabled with max remote calls: 10.
2026-09-01 16:42:54,024 - INFO - AFC is enabled with max remote calls: 10.
2026-09-01 16:42:54,025 - INFO - AFC is enabled with max remote calls: 10.
2026-09-01 16:42:54,026 - INFO - AFC is enabled with max remote calls: 10.
2026-09-01 16:42:54,027 - INFO - AFC is enabled with max remote calls: 10.
2026-09-01 16:42:54,029 - INFO - AFC is enabled with max remote calls: 10.
2026-09-01 16:42:54,031 - INFO - AFC is enabled with max remote calls: 10.
2026-09-01 16:42:54,032 - INFO - AFC is enabled with max remote calls: 10.
2026-09-01 16:43:16,658 - INFO - HTTP Request: POST https://generativelanguage.googleapis.com/v1beta/models/gemini-2.5-pro:generateContent "HTTP/1.1 200 OK"
2026-09-01 16:43:16,942 - INFO - HTTP Request: POST https://generativelanguage.googleapis.com/v1beta/models/gemini-2.5-pro:generateContent "HTTP/1.1 200 OK"
2026-09-01 16:43:18,903 - INFO - HTTP Request: POST https://generativelanguage.googleapis.com/v1beta/models/gemini-2.5-pro:generateContent "HTTP/1.1 200 OK"
2026-09-01 16:43:19,607 - INFO - HTTP Request: POST https://generativelanguage.googleapis.com/v1beta/models/gemini-2.5-pro:generateContent "HTTP/1.1 200 OK"
2026-09-01 16:43:21,399 - INFO - HTTP Request: POST https://generativelanguage.googleapis.com/v1beta/models/gemini-2.5-pro:generateContent "HTTP/1.1 200 OK"
2026-09-01 16:43:21,660 - INFO - HTTP Request: POST https://generativelanguage.googleapis.com/v1beta/models/gemini-2.5-pro:generateContent "HTTP/1.1 200 OK"
2026-09-01 16:43:22,270 - INFO - HTTP Request: POST https://generativelanguage.googleapis.com/v1beta/models/gemini-2.5-pro:generateContent "HTTP/1.1 200 OK"
2026-09-01 16:43:24,077 - INFO - HTTP Request: POST https://generativelanguage.googleapis.com/v1beta/models/gemini-2.5-pro:generateContent "HTTP/1.1 200 OK"
2026-09-01 16:43:26,262 - INFO - HTTP Request: POST https://generativelanguage.googleapis.com/v1beta/models/gemini-2.5-pro:generateContent "HTTP/1.1 200 OK"
2026-09-01 16:43:48,743 - INFO - HTTP Request: POST https://generativelanguage.googleapis.com/v1beta/models/gemini-2.5-pro:generateContent "HTTP/1.1 200 OK"
2026-09-01 16:43:48,782 - INFO - [TH] Waiting 10.0s before next Agent 2 window…
2026-09-01 16:43:58,797 - INFO - [TH] Agent 2 window 120-129 (10 batches)
2026-09-01 16:43:58,866 - INFO - AFC is enabled with max remote calls: 10.
2026-09-01 16:43:58,871 - INFO - AFC is enabled with max remote calls: 10.
2026-09-01 16:43:58,872 - INFO - AFC is enabled with max remote calls: 10.
2026-09-01 16:43:58,874 - INFO - AFC is enabled with max remote calls: 10.
2026-09-01 16:43:58,875 - INFO - AFC is enabled with max remote calls: 10.
2026-09-01 16:43:58,876 - INFO - AFC is enabled with max remote calls: 10.
2026-09-01 16:43:58,878 - INFO - AFC is enabled with max remote calls: 10.
2026-09-01 16:43:58,880 - INFO - AFC is enabled with max remote calls: 10.
2026-09-01 16:43:58,884 - INFO - AFC is enabled with max remote calls: 10.
2026-09-01 16:43:58,887 - INFO - AFC is enabled with max remote calls: 10.
2026-09-01 16:44:01,015 - INFO - HTTP Request: POST https://generativelanguage.googleapis.com/v1beta/models/gemini-2.5-pro:generateContent "HTTP/1.1 503 Service Unavailable"
2026-09-01 16:44:01,721 - INFO - AFC is enabled with max remote calls: 10.
2026-09-01 16:44:21,686 - INFO - HTTP Request: POST https://generativelanguage.googleapis.com/v1beta/models/gemini-2.5-pro:generateContent "HTTP/1.1 200 OK"
2026-09-01 16:44:23,034 - INFO - HTTP Request: POST https://generativelanguage.googleapis.com/v1beta/models/gemini-2.5-pro:generateContent "HTTP/1.1 200 OK"
2026-09-01 16:44:23,042 - INFO - HTTP Request: POST https://generativelanguage.googleapis.com/v1beta/models/gemini-2.5-pro:generateContent "HTTP/1.1 200 OK"
2026-09-01 16:44:23,691 - INFO - HTTP Request: POST https://generativelanguage.googleapis.com/v1beta/models/gemini-2.5-pro:generateContent "HTTP/1.1 200 OK"
2026-09-01 16:44:26,040 - INFO - HTTP Request: POST https://generativelanguage.googleapis.com/v1beta/models/gemini-2.5-pro:generateContent "HTTP/1.1 200 OK"
2026-09-01 16:44:27,246 - INFO - HTTP Request: POST https://generativelanguage.googleapis.com/v1beta/models/gemini-2.5-pro:generateContent "HTTP/1.1 200 OK"
2026-09-01 16:44:27,721 - INFO - HTTP Request: POST https://generativelanguage.googleapis.com/v1beta/models/gemini-2.5-pro:generateContent "HTTP/1.1 200 OK"
2026-09-01 16:44:29,961 - INFO - HTTP Request: POST https://generativelanguage.googleapis.com/v1beta/models/gemini-2.5-pro:generateContent "HTTP/1.1 200 OK"
2026-09-01 16:44:30,893 - INFO - HTTP Request: POST https://generativelanguage.googleapis.com/v1beta/models/gemini-2.5-pro:generateContent "HTTP/1.1 200 OK"
2026-09-01 16:44:36,321 - INFO - HTTP Request: POST https://generativelanguage.googleapis.com/v1beta/models/gemini-2.5-pro:generateContent "HTTP/1.1 200 OK"
2026-09-01 16:44:36,330 - INFO - [TH] Waiting 10.0s before next Agent 2 window…
2026-09-01 16:44:46,339 - INFO - [TH] Agent 2 window 130-139 (10 batches)
2026-09-01 16:44:46,465 - INFO - AFC is enabled with max remote calls: 10.
2026-09-01 16:44:46,468 - INFO - AFC is enabled with max remote calls: 10.
2026-09-01 16:44:46,470 - INFO - AFC is enabled with max remote calls: 10.
2026-09-01 16:44:46,472 - INFO - AFC is enabled with max remote calls: 10.
2026-09-01 16:44:46,475 - INFO - AFC is enabled with max remote calls: 10.
2026-09-01 16:44:46,476 - INFO - AFC is enabled with max remote calls: 10.
2026-09-01 16:44:46,479 - INFO - AFC is enabled with max remote calls: 10.
2026-09-01 16:44:46,485 - INFO - AFC is enabled with max remote calls: 10.
2026-09-01 16:44:46,487 - INFO - AFC is enabled with max remote calls: 10.
2026-09-01 16:44:46,488 - INFO - AFC is enabled with max remote calls: 10.
2026-09-01 16:45:03,761 - INFO - HTTP Request: POST https://generativelanguage.googleapis.com/v1beta/models/gemini-2.5-pro:generateContent "HTTP/1.1 200 OK"
2026-09-01 16:45:07,933 - INFO - HTTP Request: POST https://generativelanguage.googleapis.com/v1beta/models/gemini-2.5-pro:generateContent "HTTP/1.1 200 OK"
2026-09-01 16:45:09,251 - INFO - HTTP Request: POST https://generativelanguage.googleapis.com/v1beta/models/gemini-2.5-pro:generateContent "HTTP/1.1 200 OK"
2026-09-01 16:45:12,989 - INFO - HTTP Request: POST https://generativelanguage.googleapis.com/v1beta/models/gemini-2.5-pro:generateContent "HTTP/1.1 200 OK"
2026-09-01 16:45:14,130 - INFO - HTTP Request: POST https://generativelanguage.googleapis.com/v1beta/models/gemini-2.5-pro:generateContent "HTTP/1.1 200 OK"
2026-09-01 16:45:14,280 - INFO - HTTP Request: POST https://generativelanguage.googleapis.com/v1beta/models/gemini-2.5-pro:generateContent "HTTP/1.1 200 OK"
2026-09-01 16:45:14,961 - INFO - HTTP Request: POST https://generativelanguage.googleapis.com/v1beta/models/gemini-2.5-pro:generateContent "HTTP/1.1 200 OK"
2026-09-01 16:45:17,020 - INFO - HTTP Request: POST https://generativelanguage.googleapis.com/v1beta/models/gemini-2.5-pro:generateContent "HTTP/1.1 200 OK"
2026-09-01 16:45:22,921 - INFO - HTTP Request: POST https://generativelanguage.googleapis.com/v1beta/models/gemini-2.5-pro:generateContent "HTTP/1.1 200 OK"
2026-09-01 16:45:48,313 - INFO - HTTP Request: POST https://generativelanguage.googleapis.com/v1beta/models/gemini-2.5-pro:generateContent "HTTP/1.1 200 OK"
2026-09-01 16:45:48,323 - INFO - [TH] Waiting 10.0s before next Agent 2 window…
2026-09-01 16:45:58,327 - INFO - [TH] Agent 2 window 140-149 (10 batches)
2026-09-01 16:45:58,499 - INFO - AFC is enabled with max remote calls: 10.
2026-09-01 16:45:58,510 - INFO - AFC is enabled with max remote calls: 10.
2026-09-01 16:45:58,518 - INFO - AFC is enabled with max remote calls: 10.
2026-09-01 16:45:58,526 - INFO - AFC is enabled with max remote calls: 10.
2026-09-01 16:45:58,533 - INFO - AFC is enabled with max remote calls: 10.
2026-09-01 16:45:58,538 - INFO - AFC is enabled with max remote calls: 10.
2026-09-01 16:45:58,544 - INFO - AFC is enabled with max remote calls: 10.
2026-09-01 16:45:58,549 - INFO - AFC is enabled with max remote calls: 10.
2026-09-01 16:45:58,557 - INFO - AFC is enabled with max remote calls: 10.
2026-09-01 16:45:58,563 - INFO - AFC is enabled with max remote calls: 10.
2026-09-01 16:46:14,690 - INFO - HTTP Request: POST https://generativelanguage.googleapis.com/v1beta/models/gemini-2.5-pro:generateContent "HTTP/1.1 200 OK"
2026-09-01 16:46:19,080 - INFO - HTTP Request: POST https://generativelanguage.googleapis.com/v1beta/models/gemini-2.5-pro:generateContent "HTTP/1.1 200 OK"
2026-09-01 16:46:23,121 - INFO - HTTP Request: POST https://generativelanguage.googleapis.com/v1beta/models/gemini-2.5-pro:generateContent "HTTP/1.1 200 OK"
2026-09-01 16:46:23,817 - INFO - HTTP Request: POST https://generativelanguage.googleapis.com/v1beta/models/gemini-2.5-pro:generateContent "HTTP/1.1 200 OK"
2026-09-01 16:46:24,004 - INFO - HTTP Request: POST https://generativelanguage.googleapis.com/v1beta/models/gemini-2.5-pro:generateContent "HTTP/1.1 200 OK"
2026-09-01 16:46:31,769 - INFO - HTTP Request: POST https://generativelanguage.googleapis.com/v1beta/models/gemini-2.5-pro:generateContent "HTTP/1.1 200 OK"
2026-09-01 16:46:33,069 - INFO - HTTP Request: POST https://generativelanguage.googleapis.com/v1beta/models/gemini-2.5-pro:generateContent "HTTP/1.1 200 OK"
2026-09-01 16:46:35,667 - INFO - HTTP Request: POST https://generativelanguage.googleapis.com/v1beta/models/gemini-2.5-pro:generateContent "HTTP/1.1 200 OK"
2026-09-01 16:46:37,574 - INFO - HTTP Request: POST https://generativelanguage.googleapis.com/v1beta/models/gemini-2.5-pro:generateContent "HTTP/1.1 200 OK"
2026-09-01 16:46:43,302 - INFO - HTTP Request: POST https://generativelanguage.googleapis.com/v1beta/models/gemini-2.5-pro:generateContent "HTTP/1.1 200 OK"
2026-09-01 16:46:43,316 - INFO - [TH] Waiting 10.0s before next Agent 2 window…
2026-09-01 16:46:53,320 - INFO - [TH] Agent 2 window 150-159 (10 batches)
2026-09-01 16:46:53,389 - INFO - AFC is enabled with max remote calls: 10.
2026-09-01 16:46:53,393 - INFO - AFC is enabled with max remote calls: 10.
2026-09-01 16:46:53,396 - INFO - AFC is enabled with max remote calls: 10.
2026-09-01 16:46:53,397 - INFO - AFC is enabled with max remote calls: 10.
2026-09-01 16:46:53,401 - INFO - AFC is enabled with max remote calls: 10.
2026-09-01 16:46:53,402 - INFO - AFC is enabled with max remote calls: 10.
2026-09-01 16:46:53,403 - INFO - AFC is enabled with max remote calls: 10.
2026-09-01 16:46:53,405 - INFO - AFC is enabled with max remote calls: 10.
2026-09-01 16:46:53,407 - INFO - AFC is enabled with max remote calls: 10.
2026-09-01 16:46:53,409 - INFO - AFC is enabled with max remote calls: 10.
2026-09-01 16:47:15,238 - INFO - HTTP Request: POST https://generativelanguage.googleapis.com/v1beta/models/gemini-2.5-pro:generateContent "HTTP/1.1 200 OK"
2026-09-01 16:47:15,879 - INFO - HTTP Request: POST https://generativelanguage.googleapis.com/v1beta/models/gemini-2.5-pro:generateContent "HTTP/1.1 200 OK"
2026-09-01 16:47:19,932 - INFO - HTTP Request: POST https://generativelanguage.googleapis.com/v1beta/models/gemini-2.5-pro:generateContent "HTTP/1.1 200 OK"
2026-09-01 16:47:19,951 - INFO - HTTP Request: POST https://generativelanguage.googleapis.com/v1beta/models/gemini-2.5-pro:generateContent "HTTP/1.1 200 OK"
2026-09-01 16:47:32,903 - INFO - HTTP Request: POST https://generativelanguage.googleapis.com/v1beta/models/gemini-2.5-pro:generateContent "HTTP/1.1 200 OK"
2026-09-01 16:47:33,995 - INFO - HTTP Request: POST https://generativelanguage.googleapis.com/v1beta/models/gemini-2.5-pro:generateContent "HTTP/1.1 200 OK"
2026-09-01 16:47:34,463 - INFO - HTTP Request: POST https://generativelanguage.googleapis.com/v1beta/models/gemini-2.5-pro:generateContent "HTTP/1.1 200 OK"
2026-09-01 16:47:36,477 - INFO - HTTP Request: POST https://generativelanguage.googleapis.com/v1beta/models/gemini-2.5-pro:generateContent "HTTP/1.1 200 OK"
2026-09-01 16:47:36,540 - INFO - HTTP Request: POST https://generativelanguage.googleapis.com/v1beta/models/gemini-2.5-pro:generateContent "HTTP/1.1 200 OK"
2026-09-01 16:47:46,817 - INFO - HTTP Request: POST https://generativelanguage.googleapis.com/v1beta/models/gemini-2.5-pro:generateContent "HTTP/1.1 200 OK"
2026-09-01 16:47:46,833 - INFO - [TH] Waiting 10.0s before next Agent 2 window…
2026-09-01 16:47:56,837 - INFO - [TH] Agent 2 window 160-169 (10 batches)
2026-09-01 16:47:56,923 - INFO - AFC is enabled with max remote calls: 10.
2026-09-01 16:47:56,926 - INFO - AFC is enabled with max remote calls: 10.
2026-09-01 16:47:56,928 - INFO - AFC is enabled with max remote calls: 10.
2026-09-01 16:47:56,929 - INFO - AFC is enabled with max remote calls: 10.
2026-09-01 16:47:56,931 - INFO - AFC is enabled with max remote calls: 10.
2026-09-01 16:47:56,933 - INFO - AFC is enabled with max remote calls: 10.
2026-09-01 16:47:56,935 - INFO - AFC is enabled with max remote calls: 10.
2026-09-01 16:47:56,936 - INFO - AFC is enabled with max remote calls: 10.
2026-09-01 16:47:56,938 - INFO - AFC is enabled with max remote calls: 10.
2026-09-01 16:47:56,940 - INFO - AFC is enabled with max remote calls: 10.
2026-09-01 16:48:14,396 - INFO - HTTP Request: POST https://generativelanguage.googleapis.com/v1beta/models/gemini-2.5-pro:generateContent "HTTP/1.1 200 OK"
2026-09-01 16:48:15,658 - INFO - HTTP Request: POST https://generativelanguage.googleapis.com/v1beta/models/gemini-2.5-pro:generateContent "HTTP/1.1 200 OK"
2026-09-01 16:48:17,241 - INFO - HTTP Request: POST https://generativelanguage.googleapis.com/v1beta/models/gemini-2.5-pro:generateContent "HTTP/1.1 200 OK"
2026-09-01 16:48:19,009 - INFO - HTTP Request: POST https://generativelanguage.googleapis.com/v1beta/models/gemini-2.5-pro:generateContent "HTTP/1.1 200 OK"
2026-09-01 16:48:20,145 - INFO - HTTP Request: POST https://generativelanguage.googleapis.com/v1beta/models/gemini-2.5-pro:generateContent "HTTP/1.1 200 OK"
2026-09-01 16:48:20,729 - INFO - HTTP Request: POST https://generativelanguage.googleapis.com/v1beta/models/gemini-2.5-pro:generateContent "HTTP/1.1 200 OK"
2026-09-01 16:48:22,762 - INFO - HTTP Request: POST https://generativelanguage.googleapis.com/v1beta/models/gemini-2.5-pro:generateContent "HTTP/1.1 200 OK"
2026-09-01 16:48:23,408 - INFO - HTTP Request: POST https://generativelanguage.googleapis.com/v1beta/models/gemini-2.5-pro:generateContent "HTTP/1.1 200 OK"
2026-09-01 16:48:24,577 - INFO - HTTP Request: POST https://generativelanguage.googleapis.com/v1beta/models/gemini-2.5-pro:generateContent "HTTP/1.1 200 OK"
2026-09-01 16:48:31,742 - INFO - HTTP Request: POST https://generativelanguage.googleapis.com/v1beta/models/gemini-2.5-pro:generateContent "HTTP/1.1 200 OK"
2026-09-01 16:48:31,827 - INFO - [TH] Waiting 10.0s before next Agent 2 window…
2026-09-01 16:48:41,844 - INFO - [TH] Agent 2 window 170-179 (10 batches)
2026-09-01 16:48:41,960 - INFO - AFC is enabled with max remote calls: 10.
2026-09-01 16:48:41,972 - INFO - AFC is enabled with max remote calls: 10.
2026-09-01 16:48:41,974 - INFO - AFC is enabled with max remote calls: 10.
2026-09-01 16:48:41,976 - INFO - AFC is enabled with max remote calls: 10.
2026-09-01 16:48:41,978 - INFO - AFC is enabled with max remote calls: 10.
2026-09-01 16:48:41,980 - INFO - AFC is enabled with max remote calls: 10.
2026-09-01 16:48:41,984 - INFO - AFC is enabled with max remote calls: 10.
2026-09-01 16:48:41,986 - INFO - AFC is enabled with max remote calls: 10.
2026-09-01 16:48:41,989 - INFO - AFC is enabled with max remote calls: 10.
2026-09-01 16:48:41,991 - INFO - AFC is enabled with max remote calls: 10.
2026-09-01 16:48:58,793 - INFO - HTTP Request: POST https://generativelanguage.googleapis.com/v1beta/models/gemini-2.5-pro:generateContent "HTTP/1.1 200 OK"
2026-09-01 16:48:59,924 - INFO - HTTP Request: POST https://generativelanguage.googleapis.com/v1beta/models/gemini-2.5-pro:generateContent "HTTP/1.1 200 OK"
2026-09-01 16:48:59,926 - INFO - HTTP Request: POST https://generativelanguage.googleapis.com/v1beta/models/gemini-2.5-pro:generateContent "HTTP/1.1 200 OK"
2026-09-01 16:49:00,424 - INFO - HTTP Request: POST https://generativelanguage.googleapis.com/v1beta/models/gemini-2.5-pro:generateContent "HTTP/1.1 200 OK"
2026-09-01 16:49:00,874 - INFO - HTTP Request: POST https://generativelanguage.googleapis.com/v1beta/models/gemini-2.5-pro:generateContent "HTTP/1.1 200 OK"
2026-09-01 16:49:01,309 - INFO - HTTP Request: POST https://generativelanguage.googleapis.com/v1beta/models/gemini-2.5-pro:generateContent "HTTP/1.1 200 OK"
2026-09-01 16:49:03,509 - INFO - HTTP Request: POST https://generativelanguage.googleapis.com/v1beta/models/gemini-2.5-pro:generateContent "HTTP/1.1 200 OK"
2026-09-01 16:49:03,846 - INFO - HTTP Request: POST https://generativelanguage.googleapis.com/v1beta/models/gemini-2.5-pro:generateContent "HTTP/1.1 200 OK"
2026-09-01 16:49:04,313 - INFO - HTTP Request: POST https://generativelanguage.googleapis.com/v1beta/models/gemini-2.5-pro:generateContent "HTTP/1.1 200 OK"
2026-09-01 16:49:04,608 - INFO - HTTP Request: POST https://generativelanguage.googleapis.com/v1beta/models/gemini-2.5-pro:generateContent "HTTP/1.1 200 OK"
2026-09-01 16:49:04,613 - INFO - [TH] Waiting 10.0s before next Agent 2 window…
2026-09-01 16:49:14,615 - INFO - [TH] Agent 2 window 180-189 (10 batches)
2026-09-01 16:49:14,722 - INFO - AFC is enabled with max remote calls: 10.
2026-09-01 16:49:14,726 - INFO - AFC is enabled with max remote calls: 10.
2026-09-01 16:49:14,728 - INFO - AFC is enabled with max remote calls: 10.
2026-09-01 16:49:14,730 - INFO - AFC is enabled with max remote calls: 10.
2026-09-01 16:49:14,731 - INFO - AFC is enabled with max remote calls: 10.
2026-09-01 16:49:14,733 - INFO - AFC is enabled with max remote calls: 10.
2026-09-01 16:49:14,734 - INFO - AFC is enabled with max remote calls: 10.
2026-09-01 16:49:14,738 - INFO - AFC is enabled with max remote calls: 10.
2026-09-01 16:49:14,741 - INFO - AFC is enabled with max remote calls: 10.
2026-09-01 16:49:14,743 - INFO - AFC is enabled with max remote calls: 10.
2026-09-01 16:49:28,044 - INFO - HTTP Request: POST https://generativelanguage.googleapis.com/v1beta/models/gemini-2.5-pro:generateContent "HTTP/1.1 200 OK"
2026-09-01 16:49:31,469 - INFO - HTTP Request: POST https://generativelanguage.googleapis.com/v1beta/models/gemini-2.5-pro:generateContent "HTTP/1.1 200 OK"
2026-09-01 16:49:37,070 - INFO - HTTP Request: POST https://generativelanguage.googleapis.com/v1beta/models/gemini-2.5-pro:generateContent "HTTP/1.1 200 OK"
2026-09-01 16:49:38,107 - INFO - HTTP Request: POST https://generativelanguage.googleapis.com/v1beta/models/gemini-2.5-pro:generateContent "HTTP/1.1 200 OK"
2026-09-01 16:49:42,183 - INFO - HTTP Request: POST https://generativelanguage.googleapis.com/v1beta/models/gemini-2.5-pro:generateContent "HTTP/1.1 200 OK"
2026-09-01 16:49:42,402 - INFO - HTTP Request: POST https://generativelanguage.googleapis.com/v1beta/models/gemini-2.5-pro:generateContent "HTTP/1.1 200 OK"
2026-09-01 16:49:43,009 - INFO - HTTP Request: POST https://generativelanguage.googleapis.com/v1beta/models/gemini-2.5-pro:generateContent "HTTP/1.1 200 OK"
2026-09-01 16:49:43,347 - INFO - HTTP Request: POST https://generativelanguage.googleapis.com/v1beta/models/gemini-2.5-pro:generateContent "HTTP/1.1 200 OK"
2026-09-01 16:49:47,025 - INFO - HTTP Request: POST https://generativelanguage.googleapis.com/v1beta/models/gemini-2.5-pro:generateContent "HTTP/1.1 200 OK"
2026-09-01 16:49:50,179 - INFO - HTTP Request: POST https://generativelanguage.googleapis.com/v1beta/models/gemini-2.5-pro:generateContent "HTTP/1.1 200 OK"
2026-09-01 16:49:50,191 - INFO - [TH] Waiting 10.0s before next Agent 2 window…
2026-09-01 16:50:00,196 - INFO - [TH] Agent 2 window 190-199 (10 batches)
2026-09-01 16:50:00,290 - INFO - AFC is enabled with max remote calls: 10.
2026-09-01 16:50:00,305 - INFO - AFC is enabled with max remote calls: 10.
2026-09-01 16:50:00,307 - INFO - AFC is enabled with max remote calls: 10.
2026-09-01 16:50:00,309 - INFO - AFC is enabled with max remote calls: 10.
2026-09-01 16:50:00,314 - INFO - AFC is enabled with max remote calls: 10.
2026-09-01 16:50:00,316 - INFO - AFC is enabled with max remote calls: 10.
2026-09-01 16:50:00,319 - INFO - AFC is enabled with max remote calls: 10.
2026-09-01 16:50:00,321 - INFO - AFC is enabled with max remote calls: 10.
2026-09-01 16:50:00,323 - INFO - AFC is enabled with max remote calls: 10.
2026-09-01 16:50:00,326 - INFO - AFC is enabled with max remote calls: 10.
2026-09-01 16:50:15,696 - INFO - HTTP Request: POST https://generativelanguage.googleapis.com/v1beta/models/gemini-2.5-pro:generateContent "HTTP/1.1 200 OK"
2026-09-01 16:50:20,396 - INFO - HTTP Request: POST https://generativelanguage.googleapis.com/v1beta/models/gemini-2.5-pro:generateContent "HTTP/1.1 200 OK"
2026-09-01 16:50:20,747 - INFO - HTTP Request: POST https://generativelanguage.googleapis.com/v1beta/models/gemini-2.5-pro:generateContent "HTTP/1.1 200 OK"
2026-09-01 16:50:21,622 - INFO - HTTP Request: POST https://generativelanguage.googleapis.com/v1beta/models/gemini-2.5-pro:generateContent "HTTP/1.1 200 OK"
2026-09-01 16:50:23,282 - INFO - HTTP Request: POST https://generativelanguage.googleapis.com/v1beta/models/gemini-2.5-pro:generateContent "HTTP/1.1 200 OK"
2026-09-01 16:50:23,743 - INFO - HTTP Request: POST https://generativelanguage.googleapis.com/v1beta/models/gemini-2.5-pro:generateContent "HTTP/1.1 200 OK"
2026-09-01 16:50:24,930 - INFO - HTTP Request: POST https://generativelanguage.googleapis.com/v1beta/models/gemini-2.5-pro:generateContent "HTTP/1.1 200 OK"
2026-09-01 16:50:29,647 - INFO - HTTP Request: POST https://generativelanguage.googleapis.com/v1beta/models/gemini-2.5-pro:generateContent "HTTP/1.1 200 OK"
2026-09-01 16:50:30,780 - INFO - HTTP Request: POST https://generativelanguage.googleapis.com/v1beta/models/gemini-2.5-pro:generateContent "HTTP/1.1 200 OK"
2026-09-01 16:50:33,494 - INFO - HTTP Request: POST https://generativelanguage.googleapis.com/v1beta/models/gemini-2.5-pro:generateContent "HTTP/1.1 200 OK"
2026-09-01 16:50:33,508 - INFO - [TH] Waiting 10.0s before next Agent 2 window…
2026-09-01 16:50:43,510 - INFO - [TH] Agent 2 window 200-209 (10 batches)
2026-09-01 16:50:43,587 - INFO - AFC is enabled with max remote calls: 10.
2026-09-01 16:50:43,597 - INFO - AFC is enabled with max remote calls: 10.
2026-09-01 16:50:43,602 - INFO - AFC is enabled with max remote calls: 10.
2026-09-01 16:50:43,605 - INFO - AFC is enabled with max remote calls: 10.
2026-09-01 16:50:43,608 - INFO - AFC is enabled with max remote calls: 10.
2026-09-01 16:50:43,611 - INFO - AFC is enabled with max remote calls: 10.
2026-09-01 16:50:43,613 - INFO - AFC is enabled with max remote calls: 10.
2026-09-01 16:50:43,615 - INFO - AFC is enabled with max remote calls: 10.
2026-09-01 16:50:43,619 - INFO - AFC is enabled with max remote calls: 10.
2026-09-01 16:50:43,622 - INFO - AFC is enabled with max remote calls: 10.
2026-09-01 16:50:58,331 - INFO - HTTP Request: POST https://generativelanguage.googleapis.com/v1beta/models/gemini-2.5-pro:generateContent "HTTP/1.1 200 OK"
2026-09-01 16:50:59,151 - INFO - HTTP Request: POST https://generativelanguage.googleapis.com/v1beta/models/gemini-2.5-pro:generateContent "HTTP/1.1 200 OK"
2026-09-01 16:50:59,442 - INFO - HTTP Request: POST https://generativelanguage.googleapis.com/v1beta/models/gemini-2.5-pro:generateContent "HTTP/1.1 200 OK"
2026-09-01 16:51:01,596 - INFO - HTTP Request: POST https://generativelanguage.googleapis.com/v1beta/models/gemini-2.5-pro:generateContent "HTTP/1.1 200 OK"
2026-09-01 16:51:02,524 - INFO - HTTP Request: POST https://generativelanguage.googleapis.com/v1beta/models/gemini-2.5-pro:generateContent "HTTP/1.1 200 OK"
2026-09-01 16:51:04,716 - INFO - HTTP Request: POST https://generativelanguage.googleapis.com/v1beta/models/gemini-2.5-pro:generateContent "HTTP/1.1 200 OK"
2026-09-01 16:51:06,973 - INFO - HTTP Request: POST https://generativelanguage.googleapis.com/v1beta/models/gemini-2.5-pro:generateContent "HTTP/1.1 200 OK"
2026-09-01 16:51:10,217 - INFO - HTTP Request: POST https://generativelanguage.googleapis.com/v1beta/models/gemini-2.5-pro:generateContent "HTTP/1.1 200 OK"
2026-09-01 16:51:12,732 - INFO - HTTP Request: POST https://generativelanguage.googleapis.com/v1beta/models/gemini-2.5-pro:generateContent "HTTP/1.1 200 OK"
2026-09-01 16:51:20,877 - INFO - HTTP Request: POST https://generativelanguage.googleapis.com/v1beta/models/gemini-2.5-pro:generateContent "HTTP/1.1 200 OK"
2026-09-01 16:51:20,892 - INFO - [TH] Waiting 10.0s before next Agent 2 window…
2026-09-01 16:51:30,900 - INFO - [TH] Agent 2 window 210-219 (10 batches)
2026-09-01 16:51:31,000 - INFO - AFC is enabled with max remote calls: 10.
2026-09-01 16:51:31,006 - INFO - AFC is enabled with max remote calls: 10.
2026-09-01 16:51:31,009 - INFO - AFC is enabled with max remote calls: 10.
2026-09-01 16:51:31,011 - INFO - AFC is enabled with max remote calls: 10.
2026-09-01 16:51:31,013 - INFO - AFC is enabled with max remote calls: 10.
2026-09-01 16:51:31,016 - INFO - AFC is enabled with max remote calls: 10.
2026-09-01 16:51:31,020 - INFO - AFC is enabled with max remote calls: 10.
2026-09-01 16:51:31,022 - INFO - AFC is enabled with max remote calls: 10.
2026-09-01 16:51:31,023 - INFO - AFC is enabled with max remote calls: 10.
2026-09-01 16:51:31,025 - INFO - AFC is enabled with max remote calls: 10.
2026-09-01 16:51:43,494 - INFO - HTTP Request: POST https://generativelanguage.googleapis.com/v1beta/models/gemini-2.5-pro:generateContent "HTTP/1.1 200 OK"
2026-09-01 16:51:44,806 - INFO - HTTP Request: POST https://generativelanguage.googleapis.com/v1beta/models/gemini-2.5-pro:generateContent "HTTP/1.1 200 OK"
2026-09-01 16:51:45,663 - INFO - HTTP Request: POST https://generativelanguage.googleapis.com/v1beta/models/gemini-2.5-pro:generateContent "HTTP/1.1 200 OK"
2026-09-01 16:51:46,935 - INFO - HTTP Request: POST https://generativelanguage.googleapis.com/v1beta/models/gemini-2.5-pro:generateContent "HTTP/1.1 200 OK"
2026-09-01 16:51:48,322 - INFO - HTTP Request: POST https://generativelanguage.googleapis.com/v1beta/models/gemini-2.5-pro:generateContent "HTTP/1.1 200 OK"
2026-09-01 16:51:49,553 - INFO - HTTP Request: POST https://generativelanguage.googleapis.com/v1beta/models/gemini-2.5-pro:generateContent "HTTP/1.1 200 OK"
2026-09-01 16:51:49,734 - INFO - HTTP Request: POST https://generativelanguage.googleapis.com/v1beta/models/gemini-2.5-pro:generateContent "HTTP/1.1 200 OK"
2026-09-01 16:51:52,904 - INFO - HTTP Request: POST https://generativelanguage.googleapis.com/v1beta/models/gemini-2.5-pro:generateContent "HTTP/1.1 200 OK"
2026-09-01 16:51:54,668 - INFO - HTTP Request: POST https://generativelanguage.googleapis.com/v1beta/models/gemini-2.5-pro:generateContent "HTTP/1.1 200 OK"
2026-09-01 16:52:10,384 - INFO - HTTP Request: POST https://generativelanguage.googleapis.com/v1beta/models/gemini-2.5-pro:generateContent "HTTP/1.1 200 OK"
2026-09-01 16:52:10,417 - INFO - [TH] Waiting 10.0s before next Agent 2 window…
2026-09-01 16:52:20,423 - INFO - [TH] Agent 2 window 220-229 (10 batches)
2026-09-01 16:52:20,522 - INFO - AFC is enabled with max remote calls: 10.
2026-09-01 16:52:20,534 - INFO - AFC is enabled with max remote calls: 10.
2026-09-01 16:52:20,537 - INFO - AFC is enabled with max remote calls: 10.
2026-09-01 16:52:20,542 - INFO - AFC is enabled with max remote calls: 10.
2026-09-01 16:52:20,546 - INFO - AFC is enabled with max remote calls: 10.
2026-09-01 16:52:20,553 - INFO - AFC is enabled with max remote calls: 10.
2026-09-01 16:52:20,556 - INFO - AFC is enabled with max remote calls: 10.
2026-09-01 16:52:20,560 - INFO - AFC is enabled with max remote calls: 10.
2026-09-01 16:52:20,564 - INFO - AFC is enabled with max remote calls: 10.
2026-09-01 16:52:20,567 - INFO - AFC is enabled with max remote calls: 10.
2026-09-01 16:52:40,998 - INFO - AFC is enabled with max remote calls: 10.
2026-09-01 16:52:52,857 - INFO - HTTP Request: POST https://generativelanguage.googleapis.com/v1beta/models/gemini-2.5-pro:generateContent "HTTP/1.1 200 OK"
2026-09-01 16:52:53,884 - INFO - HTTP Request: POST https://generativelanguage.googleapis.com/v1beta/models/gemini-2.5-pro:generateContent "HTTP/1.1 200 OK"
2026-09-01 16:52:56,457 - INFO - HTTP Request: POST https://generativelanguage.googleapis.com/v1beta/models/gemini-2.5-pro:generateContent "HTTP/1.1 200 OK"
2026-09-01 16:52:59,300 - INFO - AFC is enabled with max remote calls: 10.
2026-09-01 16:52:59,579 - INFO - HTTP Request: POST https://generativelanguage.googleapis.com/v1beta/models/gemini-2.5-pro:generateContent "HTTP/1.1 200 OK"
2026-09-01 16:52:59,666 - INFO - HTTP Request: POST https://generativelanguage.googleapis.com/v1beta/models/gemini-2.5-pro:generateContent "HTTP/1.1 200 OK"
2026-09-01 16:53:06,751 - INFO - HTTP Request: POST https://generativelanguage.googleapis.com/v1beta/models/gemini-2.5-pro:generateContent "HTTP/1.1 200 OK"
2026-09-01 16:53:07,843 - INFO - HTTP Request: POST https://generativelanguage.googleapis.com/v1beta/models/gemini-2.5-pro:generateContent "HTTP/1.1 200 OK"
2026-09-01 16:53:13,180 - INFO - HTTP Request: POST https://generativelanguage.googleapis.com/v1beta/models/gemini-2.5-pro:generateContent "HTTP/1.1 200 OK"
2026-09-01 16:53:15,327 - INFO - HTTP Request: POST https://generativelanguage.googleapis.com/v1beta/models/gemini-2.5-pro:generateContent "HTTP/1.1 200 OK"
2026-09-01 16:53:20,768 - INFO - HTTP Request: POST https://generativelanguage.googleapis.com/v1beta/models/gemini-2.5-pro:generateContent "HTTP/1.1 200 OK"
2026-09-01 16:53:20,824 - INFO - [TH] Waiting 10.0s before next Agent 2 window…
2026-09-01 16:53:30,828 - INFO - [TH] Agent 2 window 230-239 (10 batches)
2026-09-01 16:53:30,922 - INFO - AFC is enabled with max remote calls: 10.
2026-09-01 16:53:30,927 - INFO - AFC is enabled with max remote calls: 10.
2026-09-01 16:53:30,929 - INFO - AFC is enabled with max remote calls: 10.
2026-09-01 16:53:30,930 - INFO - AFC is enabled with max remote calls: 10.
2026-09-01 16:53:30,932 - INFO - AFC is enabled with max remote calls: 10.
2026-09-01 16:53:30,933 - INFO - AFC is enabled with max remote calls: 10.
2026-09-01 16:53:30,934 - INFO - AFC is enabled with max remote calls: 10.
2026-09-01 16:53:30,936 - INFO - AFC is enabled with max remote calls: 10.
2026-09-01 16:53:30,940 - INFO - AFC is enabled with max remote calls: 10.
2026-09-01 16:53:30,943 - INFO - AFC is enabled with max remote calls: 10.
2026-09-01 16:53:46,463 - INFO - HTTP Request: POST https://generativelanguage.googleapis.com/v1beta/models/gemini-2.5-pro:generateContent "HTTP/1.1 200 OK"
2026-09-01 16:53:46,555 - INFO - HTTP Request: POST https://generativelanguage.googleapis.com/v1beta/models/gemini-2.5-pro:generateContent "HTTP/1.1 200 OK"
2026-09-01 16:53:46,904 - INFO - HTTP Request: POST https://generativelanguage.googleapis.com/v1beta/models/gemini-2.5-pro:generateContent "HTTP/1.1 200 OK"
2026-09-01 16:53:47,024 - INFO - HTTP Request: POST https://generativelanguage.googleapis.com/v1beta/models/gemini-2.5-pro:generateContent "HTTP/1.1 200 OK"
2026-09-01 16:53:47,467 - INFO - HTTP Request: POST https://generativelanguage.googleapis.com/v1beta/models/gemini-2.5-pro:generateContent "HTTP/1.1 200 OK"
2026-09-01 16:53:48,238 - INFO - HTTP Request: POST https://generativelanguage.googleapis.com/v1beta/models/gemini-2.5-pro:generateContent "HTTP/1.1 200 OK"
2026-09-01 16:53:52,070 - INFO - HTTP Request: POST https://generativelanguage.googleapis.com/v1beta/models/gemini-2.5-pro:generateContent "HTTP/1.1 200 OK"
2026-09-01 16:53:54,995 - INFO - HTTP Request: POST https://generativelanguage.googleapis.com/v1beta/models/gemini-2.5-pro:generateContent "HTTP/1.1 200 OK"
2026-09-01 16:53:58,311 - INFO - HTTP Request: POST https://generativelanguage.googleapis.com/v1beta/models/gemini-2.5-pro:generateContent "HTTP/1.1 200 OK"
2026-09-01 16:54:07,414 - INFO - HTTP Request: POST https://generativelanguage.googleapis.com/v1beta/models/gemini-2.5-pro:generateContent "HTTP/1.1 200 OK"
2026-09-01 16:54:07,449 - INFO - [TH] Waiting 10.0s before next Agent 2 window…
2026-09-01 16:54:17,464 - INFO - [TH] Agent 2 window 240-249 (10 batches)
2026-09-01 16:54:17,606 - INFO - AFC is enabled with max remote calls: 10.
2026-09-01 16:54:17,621 - INFO - AFC is enabled with max remote calls: 10.
2026-09-01 16:54:17,623 - INFO - AFC is enabled with max remote calls: 10.
2026-09-01 16:54:17,627 - INFO - AFC is enabled with max remote calls: 10.
2026-09-01 16:54:17,629 - INFO - AFC is enabled with max remote calls: 10.
2026-09-01 16:54:17,631 - INFO - AFC is enabled with max remote calls: 10.
2026-09-01 16:54:17,633 - INFO - AFC is enabled with max remote calls: 10.
2026-09-01 16:54:17,636 - INFO - AFC is enabled with max remote calls: 10.
2026-09-01 16:54:17,637 - INFO - AFC is enabled with max remote calls: 10.
2026-09-01 16:54:17,640 - INFO - AFC is enabled with max remote calls: 10.
2026-09-01 16:54:30,388 - INFO - HTTP Request: POST https://generativelanguage.googleapis.com/v1beta/models/gemini-2.5-pro:generateContent "HTTP/1.1 200 OK"
2026-09-01 16:54:33,697 - INFO - HTTP Request: POST https://generativelanguage.googleapis.com/v1beta/models/gemini-2.5-pro:generateContent "HTTP/1.1 200 OK"
2026-09-01 16:54:33,804 - INFO - HTTP Request: POST https://generativelanguage.googleapis.com/v1beta/models/gemini-2.5-pro:generateContent "HTTP/1.1 200 OK"
2026-09-01 16:54:34,110 - INFO - HTTP Request: POST https://generativelanguage.googleapis.com/v1beta/models/gemini-2.5-pro:generateContent "HTTP/1.1 200 OK"
2026-09-01 16:54:36,508 - INFO - HTTP Request: POST https://generativelanguage.googleapis.com/v1beta/models/gemini-2.5-pro:generateContent "HTTP/1.1 200 OK"
2026-09-01 16:54:37,852 - INFO - HTTP Request: POST https://generativelanguage.googleapis.com/v1beta/models/gemini-2.5-pro:generateContent "HTTP/1.1 200 OK"
2026-09-01 16:54:39,227 - INFO - HTTP Request: POST https://generativelanguage.googleapis.com/v1beta/models/gemini-2.5-pro:generateContent "HTTP/1.1 200 OK"
2026-09-01 16:54:40,242 - INFO - HTTP Request: POST https://generativelanguage.googleapis.com/v1beta/models/gemini-2.5-pro:generateContent "HTTP/1.1 200 OK"
2026-09-01 16:54:40,619 - INFO - HTTP Request: POST https://generativelanguage.googleapis.com/v1beta/models/gemini-2.5-pro:generateContent "HTTP/1.1 200 OK"
2026-09-01 16:54:42,737 - INFO - HTTP Request: POST https://generativelanguage.googleapis.com/v1beta/models/gemini-2.5-pro:generateContent "HTTP/1.1 200 OK"
2026-09-01 16:54:42,861 - INFO - [TH] Saved Agent 1/2 audit -> /Users/apple/Desktop/aurix/skyscanner-AI-Writer-IMWT/output/TH/Agent_Audit_TH_20260901_145442.json
2026-09-01 16:54:42,926 - INFO - [TH] Agent 3 (consolidator) - starting
2026-09-01 16:54:42,926 - INFO - [A3][TH] SYSTEM PROMPT (first batch only):
# AGENT 3 — LANGUAGE‑LEVEL CONSOLIDATOR (SYSTEM PROMPT)

## ROLE & MISSION

You are **Agent 3: Language‑Level Consolidator**. Your mission is to read the **finalized, per‑section issues** (already validated by a prior pass) and produce **one concise, language‑level** `overall_feedback` for the entire corpus.

* You output **only** the `overall_feedback` object: a **Summary** (error patterns) and an **Action Plan** (preventive steps).
* You **must not** add, remove, reclassify, or rescore any issues. You **do not** arbitrate or fact‑check external information.
* Treat the provided issues as the **single source of truth**; identify patterns and prioritize them by impact.


---

## SCOPE — WHAT TO DO / WHAT NOT TO DO

**Do:**

* Consolidate repeated problems into **patterns** (by category, rule, or recurrent surface form).
* **Prioritize** patterns by **impact**: total penalty points (APT) first, then severity mix and frequency.
* Provide **clear, actionable** preventive steps that map to the patterns.
* Optionally include **brief, representative evidence** (≤12 words, paraphrased) to anchor each pattern.

**Do Not:**

* Modify, add, or remove individual issues.
* Change categories, severities, or points.
* Introduce **new** errors not evidenced in the input.
* Perform external fact‑checking or comment on other agents.

---

## INPUTS

* `Lang`: short language code (e.g., FR, DE).
* `Rollup`: machine‑computed aggregation for this language. Example fields:

  ```json
  {
    "ewt": 12345,
    "apt": 78,
    "pwpt": 0.0063,
    "mqm": 93.7,
    "critical_count": 0,
    "severity_counts": {"Minor": 40, "Major": 12, "Critical": 0},
    "category_points": [
      {"category":"Compliance","points":32},
      {"category":"Punctuation/Spelling/Typos","points":21},
      {"category":"Accuracy","points":18}
    ],
    "top_urls_by_points": [
      {"url":"/routes/..1.html","points":9},
      {"url":"/routes/..2.html","points":8}
    ]
  }
  ```
* `Final_issues`: **array** of finalized issues (Agent 2 output), each like:

  ```json
  {
    "url": "/routes/abc/example.html",
    "type_of_issue": "Compliance",
    "severity": "Major",
    "score_deduction": 3,
    "issue": "Metric conversion missing in a metric locale.",
    "text": "…short snippet…",
    "updated_sentence": "…"
  }
  ```

---

## CONSOLIDATION RULES

1. **Pattern mining:** Group by `type_of_issue`, then look for recurring surfaces (e.g., *km/h vs mph*, French NBSP before `:`, brand/proper‑noun casing, headings ending with a period).
2. **Prioritization:** Order the **Summary** bullets by **total category points** (highest first). Within a bullet, you may reference typical triggers (e.g., *mph shown without km/h*).
3. **Evidence:** If helpful, include a minimal parenthetical hint (≤12 words, paraphrased) and/or mention representative URLs with high points (at most two distinct URLs across the whole summary).
4. **Taxonomy fidelity:** Use the existing categories strictly (e.g., currency *what* = **Accuracy**; currency *format/how* = **Compliance**; brand casing = **Compliance**; French NBSP = **Punctuation/Spelling/Typos**).
5. **No new findings:** Do not infer new errors. If a pattern is not supported by the provided issues, omit it.

---

## OUTPUT CONTRACT (RETURN THIS OBJECT ONLY)

Return **only** this JSON object:

```json
{
  "overall_feedback": {
    "summary": [
      "<1 sentence per pattern; highest‑impact first>",
      "<… 2–10 bullets total …>"
    ],
    "action_plan": [
      "<One preventive step per pattern; imperative, testable>",
      "<… 2–10 bullets total …>"
    ]
  }
}
```

**Formatting constraints:**

* 2–10 bullets for **summary**, 2–10 bullets for **action\_plan**.
* Each bullet ≤ 250 characters; avoid duplication; no meta‑commentary.
* No code fences, no extra keys, no trailing text.

---

## STYLE GUIDANCE FOR BULLETS

* **Summary:** `[Category]` + the recurring rule breach + brief impact. Optionally add a short parenthetical cue, e.g., `(FR: NBSP before ':' missing)`.
* **Action plan:** imperative, owner‑agnostic; specify **what to check** and **where** (e.g., *"Add a unit‑conversion linter for metric locales (mph→km/h)."*).

---

## FINAL SELF‑CHECK

1. Did I **only** output the `overall_feedback` object?
2. Are bullets prioritized by **impact** (points → severity → frequency)?
3. Did I avoid inventing new issues or changing any categories/severities?
4. Are bullets concise, objective, and mapped to the observed patterns?



2026-09-01 16:54:42,933 - INFO - [A3][TH] USER PROMPT (first batch only):
Language: TH

Roll‑up (JSON):
{
  "lang": "TH",
  "ewt": 25466,
  "total_findings": 190,
  "severity_counts": {
    "Minor": 162,
    "Major": 28
  },
  "points_by_category": {
    "Style": 103,
    "Grammar": 22,
    "Punctuation/Spelling/Typos": 34,
    "Accuracy": 57,
    "Compliance": 30
  },
  "apt": 246,
  "pwpt": 0.00965993874185188,
  "mqm": 90.34006125814813,
  "top_urls_by_issue_count": [
    {
      "url": "https://www.skyscanner.co.th/car-hire-in/car-hire-in-venice/27547373.html",
      "count": 6
    },
    {
      "url": "https://www.skyscanner.co.th/car-hire-in/car-hire-in-nagoya/27545106.html",
      "count": 6
    },
    {
      "url": "https://www.skyscanner.co.th/car-hire-in/car-hire-in-bath/32834045.html",
      "count": 6
    },
    {
      "url": "https://www.skyscanner.co.th/car-hire-in/car-hire-in-new-delhi/27540706.html",
      "count": 6
    },
    {
      "url": "https://www.skyscanner.co.th/car-hire-in/car-hire-in-nonthaburi/37468832.html",
      "count": 5
    },
    {
      "url": "https://www.skyscanner.co.th/car-hire-in/car-hire-in-almaty/27536536.html",
      "count": 5
    },
    {
      "url": "https://www.skyscanner.co.th/car-hire-in/car-hire-in-fujinomiya/46017562.html",
      "count": 5
    },
    {
      "url": "https://www.skyscanner.co.th/car-hire-in/car-hire-in-da-nang/27540669.html",
      "count": 5
    },
    {
      "url": "https://www.skyscanner.co.th/car-hire-in/car-hire-in-sendai/27546288.html",
      "count": 5
    },
    {
      "url": "https://www.skyscanner.co.th/car-hire-in/car-hire-in-furano/32008820.html",
      "count": 5
    }
  ],
  "categories_considered": [
    "Grammar",
    "Compliance",
    "Punctuation/Spelling/Typos",
    "Accuracy",
    "Style",
    "AI-issues"
  ]
}

Final issues (JSON array):
[
  {
    "text": "การเช่ารถในเวนิสมีราคาเริ่มต้นที่ 936 บาท ซึ่งเป็นราคาต่ำสุดที่พบในขณะนี้ เมื่อเทียบกับค่าเฉลี่ยรายปีที่ 2,298 บาท คุณจะเห็นช่วงราคาที่แตกต่างกันตามเวลาที่จอง เดือนพฤศจิกายนเป็นช่วงที่ราคาเช่ารถถูกที่สุดของปี หากต้องการดีลที่คุ้มค่า ควรจองล่วงหน้า 4 สัปดาห์ก่อนวันเดินทาง การเปรียบเทียบราคาจากผู้ให้บริการหลายรายช่วยให้คุณเลือกตัวเลือกที่เหมาะกับงบประมาณได้ การวางแผนจองในช่วงเวลาดังกล่าวเพิ่มโอกาสในการได้ราคาที่ต่ำกว่าค่าเฉลี่ย",
    "issue": "A single paragraph combines multiple distinct topics (pricing data, best month to book, booking window, comparison strategy), which makes the content difficult to scan and digest quickly.",
    "type_of_issue": "Style",
    "solution": "Split the text into shorter, focused paragraphs, each addressing a single idea, to improve readability and scannability.",
    "updated_sentence": "การเช่ารถในเวนิสมีราคาเริ่มต้นที่ 936 บาท ซึ่งเป็นราคาต่ำสุดที่พบในขณะนี้ เมื่อเทียบกับค่าเฉลี่ยรายปีที่ 2,298 บาท คุณจะเห็นช่วงราคาที่แตกต่างกันตามเวลาที่จอง\n\nเดือนพฤศจิกายนเป็นช่วงที่ราคาเช่ารถถูกที่สุดของปี หากต้องการดีลที่คุ้มค่า ควรจองล่วงหน้า 4 สัปดาห์ก่อนวันเดินทาง\n\nการเปรียบเทียบราคาจากผู้ให้บริการหลายรายช่วยให้คุณเลือกตัวเลือกที่เหมาะกับงบประมาณได้ การวางแผนจองในช่วงเวลาดังกล่าวเพิ่มโอกาสในการได้ราคาที่ต่ำกว่าค่าเฉลี่ย",
    "severity": "Minor",
    "score_deduction": 1,
    "source_file": "Copy of 2026-2027-th-car-hire-city-06.docx",
    "url": "https://www.skyscanner.co.th/car-hire-in/car-hire-in-venice/27547373.html",
    "candidate": "https://www.skyscanner.co.th/car-hire-in/car-hire-in-venice/27547373.html"
  },
  {
    "text": "คุณสามารถรับรถเช่าในเวนิสได้ทั้งที่เวนิส สนามบิน และในย่านใจกลางเมืองอย่างมหาวิหารซันมาร์โก",
    "issue": "The noun phrase \"เวนิส สนามบิน\" uses incorrect Thai word order. The head noun \"สนามบิน\" (Airport) should precede its proper name modifier \"เวนิส\" (Venice).",
    "type_of_issue": "Grammar",
    "solution": "Reverse the word order to \"สนามบินเวนิส\" to follow correct Thai grammatical structure.",
    "updated_sentence": "คุณสามารถรับรถเช่าในเวนิสได้ทั้งที่สนามบินเวนิส และในย่านใจกลางเมืองอย่างมหาวิหารซันมาร์โก",
    "severity": "Minor",
    "score_deduction": 1,
    "source_file": "Copy of 2026-2027-th-car-hire-city-06.docx",
    "url": "https://www.skyscanner.co.th/car-hire-in/car-hire-in-venice/27547373.html",
    "candidate": "https://www.skyscanner.co.th/car-hire-in/car-hire-in-venice/27547373.html"
  },
  {
    "text": "จุดรับรถกระจายอยู่ในหลายพื้นที่ รวมถึงย่านดอร์โซดูโร กันนาเรจิโอ และซานโปโล ตลอดจนสถานีรถไฟอย่าง Venezia Santa Lucia Railway Station และสถานีรถไฟเวเนซิกา เมสเทร",
    "issue": "The word \"เวเนซิกา\" is a non-standard transliteration of \"Venezia\" and is inconsistent with \"เวนิส\" used for Venice elsewhere in the text.",
    "type_of_issue": "Punctuation/Spelling/Typos",
    "solution": "Replace \"เวเนซิกา\" with \"เวนิส\" to maintain consistency with the rest of the content.",
    "updated_sentence": "จุดรับรถกระจายอยู่ในหลายพื้นที่ รวมถึงย่านดอร์โซดูโร กันนาเรจิโอ และซานโปโล ตลอดจนสถานีรถไฟอย่าง Venezia Santa Lucia Railway Station และสถานีรถไฟเวนิส เมสเทร",
    "severity": "Minor",
    "score_deduction": 1,
    "source_file": "Copy of 2026-2027-th-car-hire-city-06.docx",
    "url": "https://www.skyscanner.co.th/car-hire-in/car-hire-in-venice/27547373.html",
    "candidate": "https://www.skyscanner.co.th/car-hire-in/car-hire-in-venice/27547373.html"
  },
  {
    "text": "หากเทียบราคาระหว่างสนามบินกับใจกลางเมือง การรับรถที่สนามบินมีแนวโน้มถูกกว่าเล็กน้อย โดยเฉพาะที่เวนิส เทรวิโซ สนามบิน คุณจึงเลือกจุดรับรถให้เหมาะกับตำแหน่งที่พักหรือเส้นทางเดินทางของคุณได้",
    "issue": "The noun phrase \"เวนิส เทรวิโซ สนามบิน\" uses incorrect Thai word order. The head noun \"สนามบิน\" (Airport) should precede its proper name modifier.",
    "type_of_issue": "Grammar",
    "solution": "Change the word order to \"สนามบินเวนิส เทรวิโซ\" to follow correct Thai grammatical structure.",
    "updated_sentence": "หากเทียบราคาระหว่างสนามบินกับใจกลางเมือง การรับรถที่สนามบินมีแนวโน้มถูกกว่าเล็กน้อย โดยเฉพาะที่สนามบินเวนิส เทรวิโซ คุณจึงเลือกจุดรับรถให้เหมาะกับตำแหน่งที่พักหรือเส้นทางเดินทางของคุณได้",
    "severity": "Minor",
    "score_deduction": 1,
    "source_file": "Copy of 2026-2027-th-car-hire-city-06.docx",
    "url": "https://www.skyscanner.co.th/car-hire-in/car-hire-in-venice/27547373.html",
    "candidate": "https://www.skyscanner.co.th/car-hire-in/car-hire-in-venice/27547373.html"
  },
  {
    "text": "อายุขั้นต่ำสำหรับการเช่ารถคือ 21 ปี และผู้ขับขี่ต้องมีอายุอย่างน้อย 18 ปี",
    "issue": "The sentence presents internally contradictory age requirements, stating the minimum age to rent is 21 while a driver must be 18. This is misleading and unclear.",
    "type_of_issue": "Accuracy",
    "solution": "Remove the second, contradictory clause about the driver's age to leave only the single, clear requirement for the person renting the car.",
    "updated_sentence": "อายุขั้นต่ำสำหรับการเช่ารถคือ 21 ปี",
    "severity": "Major",
    "score_deduction": 3,
    "source_file": "Copy of 2026-2027-th-car-hire-city-06.docx",
    "url": "https://www.skyscanner.co.th/car-hire-in/car-hire-in-venice/27547373.html",
    "candidate": "https://www.skyscanner.co.th/car-hire-in/car-hire-in-venice/27547373.html"
  },
  {
    "text": "ในอิตาลีการจราจรขับชิดขวาของถนน บนทางหลวงมอเตอร์เวย์กำหนดความเร็วสูงสุดไว้ที่ 130 กิโลเมตรต่อชั่วโมง ส่วนทางด่วนจำกัดที่ 110 กิโลเมตรต่อชั่วโมง เมื่อขับบนถนนในชนบทความเร็วสูงสุดอยู่ที่ 90 กิโลเมตรต่อชั่วโมง และบนถนนอื่น ๆ ลดลงเหลือ 50 กิโลเมตรต่อชั่วโมง",
    "issue": "The sentence is a run-on that combines two distinct ideas (driving side and speed limits) without proper conjunction. It also uses the phrase \"การจราจรขับ\" (traffic drives), which is an unnatural literal translation.",
    "type_of_issue": "Style",
    "solution": "Rephrase the unnatural expression to the standard Thai equivalent and add a conjunction to properly link the two clauses for better readability.",
    "updated_sentence": "ในอิตาลีขับรถชิดขวาของถนน โดยมีการกำหนดความเร็วสูงสุดบนทางหลวงมอเตอร์เวย์ไว้ที่ 130 กิโลเมตรต่อชั่วโมง ส่วนทางด่วนจำกัดที่ 110 กิโลเมตรต่อชั่วโมง เมื่อขับบนถนนในชนบทความเร็วสูงสุดอยู่ที่ 90 กิโลเมตรต่อชั่วโมง และบนถนนอื่น ๆ ลดลงเหลือ 50 กิโลเมตรต่อชั่วโมง",
    "severity": "Minor",
    "score_deduction": 1,
    "source_file": "Copy of 2026-2027-th-car-hire-city-06.docx",
    "url": "https://www.skyscanner.co.th/car-hire-in/car-hire-in-venice/27547373.html",
    "candidate": "https://www.skyscanner.co.th/car-hire-in/car-hire-in-venice/27547373.html"
  },
  {
    "text": "ส่วน asap car rental เสนอ Toyota Yaris เกียร์ออโต้เช่นกัน เริ่มที่ 602 บาทต่อวัน",
    "issue": "The brand name 'asap car rental' is incorrectly formatted in lowercase.",
    "type_of_issue": "Compliance",
    "solution": "Capitalize the brand name to 'Asap Car Rental' to follow standard proper noun conventions.",
    "updated_sentence": "ส่วน Asap Car Rental เสนอ Toyota Yaris เกียร์ออโต้เช่นกัน เริ่มที่ 602 บาทต่อวัน",
    "severity": "Minor",
    "score_deduction": 1,
    "source_file": "Copy of 2026-2027-th-car-hire-city-06.docx",
    "url": "https://www.skyscanner.co.th/car-hire-in/car-hire-in-hat-yai-songkhla/27542022.html",
    "candidate": "https://www.skyscanner.co.th/car-hire-in/car-hire-in-hat-yai-songkhla/27542022.html"
  },
  {
    "text": "คุณสามารถรับรถเช่าได้ที่หาดใหญ่ สนามบิน ซึ่งเป็นจุดรับรถหลักในเมือง",
    "issue": "The word order for the proper noun 'Hat Yai Airport' is incorrect. In Thai, the standard syntactical structure is 'สนามบินหาดใหญ่' (Airport Hat Yai).",
    "type_of_issue": "Grammar",
    "solution": "Correct the word order of the place name to 'สนามบินหาดใหญ่' for grammatical accuracy and naturalness.",
    "updated_sentence": "คุณสามารถรับรถเช่าได้ที่สนามบินหาดใหญ่ ซึ่งเป็นจุดรับรถหลักในเมือง",
    "severity": "Minor",
    "score_deduction": 1,
    "source_file": "Copy of 2026-2027-th-car-hire-city-06.docx",
    "url": "https://www.skyscanner.co.th/car-hire-in/car-hire-in-hat-yai-songkhla/27542022.html",
    "candidate": "https://www.skyscanner.co.th/car-hire-in/car-hire-in-hat-yai-songkhla/27542022.html"
  },
  {
    "text": "ในหาดใหญ่มีผู้ให้บริการรถเช่าทั้งหมด 6 ราย โดย Thrifty เป็นผู้ให้บริการที่ได้รับความนิยมมากที่สุด ตามมาด้วย asap car rental และเอวิส บริการรถเช่า",
    "issue": "The trailing phrase 'บริการรถเช่า' (car rental service) is redundant, as the context already establishes that the listed entities are car rental providers, making the sentence structure awkward.",
    "type_of_issue": "Style",
    "solution": "Remove the redundant phrase 'บริการรถเช่า' to improve sentence clarity and flow.",
    "updated_sentence": "ในหาดใหญ่มีผู้ให้บริการรถเช่าทั้งหมด 6 ราย โดย Thrifty เป็นผู้ให้บริการที่ได้รับความนิยมมากที่สุด ตามมาด้วย asap car rental และเอวิส",
    "severity": "Minor",
    "score_deduction": 1,
    "source_file": "Copy of 2026-2027-th-car-hire-city-06.docx",
    "url": "https://www.skyscanner.co.th/car-hire-in/car-hire-in-hat-yai-songkhla/27542022.html",
    "candidate": "https://www.skyscanner.co.th/car-hire-in/car-hire-in-hat-yai-songkhla/27542022.html"
  },
  {
    "text": "ในประเทศไทยการจราจรขับชิดซ้าย ดังนั้นควรวางแผนการเดินทางให้เหมาะกับทิศทางนี้ บนทางหลวงพิเศษ (มอเตอร์เวย์) จำกัดความเร็วที่ 120 กิโลเมตรต่อชั่วโมง ส่วนทางด่วนกำหนดไว้ที่ 90 กิโลเมตรต่อชั่วโมง ถนนในชนบทใช้ความเร็วสูงสุด 90 กิโลเมตรต่อชั่วโมง และถนนอื่น ๆ อยู่ที่ 50 กิโลเมตรต่อชั่วโมง ทางด่วนของไทยมีการเก็บค่าผ่านทางที่ด่านซึ่งมีเจ้าหน้าที่ประจำและรับเงินสด ควบคู่กับช่องทางแบบใช้บัตรอิเล็กทรอนิกส์อย่าง Easy Pass และ M-Pass รวมถึงระบบ M-Flow ที่ใช้การอ่านป้ายทะเบียนเพื่อให้ผ่านทางได้เร็วขึ้น การเตรียมเงินสดหรือบัตรผ่านทางไว้ล่วงหน้าจะช่วยให้การเดินทางราบรื่นในแต่ละด่าน",
    "issue": "The single paragraph combines multiple distinct topics (driving side, speed limits, and toll systems), making it dense and difficult to scan.",
    "type_of_issue": "Style",
    "solution": "Split the text into three separate paragraphs, each focusing on a single topic, and add a conventional space after the introductory phrase for better readability.",
    "updated_sentence": "ในประเทศไทย การจราจรขับชิดซ้าย ดังนั้นควรวางแผนการเดินทางให้เหมาะกับทิศทางนี้\n\nบนทางหลวงพิเศษ (มอเตอร์เวย์) จำกัดความเร็วที่ 120 กิโลเมตรต่อชั่วโมง ส่วนทางด่วนกำหนดไว้ที่ 90 กิโลเมตรต่อชั่วโมง ถนนในชนบทใช้ความเร็วสูงสุด 90 กิโลเมตรต่อชั่วโมง และถนนอื่น ๆ อยู่ที่ 50 กิโลเมตรต่อชั่วโมง\n\nทางด่วนของไทยมีการเก็บค่าผ่านทางที่ด่านซึ่งมีเจ้าหน้าที่ประจำและรับเงินสด ควบคู่กับช่องทางแบบใช้บัตรอิเล็กทรอนิกส์อย่าง Easy Pass และ M-Pass รวมถึงระบบ M-Flow ที่ใช้การอ่านป้ายทะเบียนเพื่อให้ผ่านทางได้เร็วขึ้น การเตรียมเงินสดหรือบัตรผ่านทางไว้ล่วงหน้าจะช่วยให้การเดินทางราบรื่นในแต่ละด่าน",
    "severity": "Minor",
    "score_deduction": 1,
    "source_file": "Copy of 2026-2027-th-car-hire-city-06.docx",
    "url": "https://www.skyscanner.co.th/car-hire-in/car-hire-in-hat-yai-songkhla/27542022.html",
    "candidate": "https://www.skyscanner.co.th/car-hire-in/car-hire-in-hat-yai-songkhla/27542022.html"
  },
  {
    "text": "การเช่ารถในหัวหินเริ่มต้นที่ราคาต่ำสุด 755 บาท ขณะที่ราคาเฉลี่ยตลอดทั้งปีอยู่ที่ 824 บาท เดือนกรกฎาคมมักเป็นช่วงที่ค่าเช่ารถถูกที่สุด หากต้องการราคาที่ดีที่สุด ควรจองล่วงหน้า 2 สัปดาห์ก่อนวันเดินทาง คุณสามารถเปรียบเทียบข้อเสนอจากผู้ให้บริการหลายรายเพื่อดูตัวเลือกที่เหมาะกับงบประมาณและประเภทรถที่ต้องการ การวางแผนตามช่วงเวลาเหล่านี้ช่วยให้คุณเข้าถึงราคาที่ต่ำลงได้ และการตรวจสอบราคาในหลายวันเดินทางยังเป็นวิธีที่ช่วยให้พบข้อเสนอที่คุ้มค่ามากขึ้นในหัวหิน",
    "issue": "The single paragraph combines multiple distinct ideas (pricing data, booking advice, and strategic benefits), which makes the text dense and difficult to scan for web users.",
    "type_of_issue": "Style",
    "solution": "Split the text into three separate, focused paragraphs to improve readability and scannability.",
    "updated_sentence": "การเช่ารถในหัวหินเริ่มต้นที่ราคาต่ำสุด 755 บาท ขณะที่ราคาเฉลี่ยตลอดทั้งปีอยู่ที่ 824 บาท เดือนกรกฎาคมมักเป็นช่วงที่ค่าเช่ารถถูกที่สุด\n\nหากต้องการราคาที่ดีที่สุด ควรจองล่วงหน้า 2 สัปดาห์ก่อนวันเดินทาง คุณสามารถเปรียบเทียบข้อเสนอจากผู้ให้บริการหลายรายเพื่อดูตัวเลือกที่เหมาะกับงบประมาณและประเภทรถที่ต้องการ\n\nการวางแผนตามช่วงเวลาเหล่านี้ช่วยให้คุณเข้าถึงราคาที่ต่ำลงได้ และการตรวจสอบราคาในหลายวันเดินทางยังเป็นวิธีที่ช่วยให้พบข้อเสนอที่คุ้มค่ามากขึ้นในหัวหิน",
    "severity": "Minor",
    "score_deduction": 1,
    "source_file": "Copy of 2026-2027-th-car-hire-city-06.docx",
    "url": "https://www.skyscanner.co.th/car-hire-in/car-hire-in-hua-hin-prachuap-khiri-khan/27542051.html",
    "candidate": "https://www.skyscanner.co.th/car-hire-in/car-hire-in-hua-hin-prachuap-khiri-khan/27542051.html"
  },
  {
    "text": "สำหรับผู้ที่ขับเกียร์ธรรมดาได้ Nissan Titan จาก Thai Rent a Car รองรับสัมภาระได้ 4 ใบ เริ่มที่ 968 บาทต่อวัน",
    "issue": "The brand name 'Thai Rent a Car' is written in Latin script, which is inconsistent with previous mentions in the same paragraph that use the Thai script 'ไทยเร้นท์อะคาร์'.",
    "type_of_issue": "Compliance",
    "solution": "Change 'Thai Rent a Car' to 'ไทยเร้นท์อะคาร์' to ensure consistent brand name presentation throughout the text.",
    "updated_sentence": "สำหรับผู้ที่ขับเกียร์ธรรมดาได้ Nissan Titan จากไทยเร้นท์อะคาร์ รองรับสัมภาระได้ 4 ใบ เริ่มที่ 968 บาทต่อวัน",
    "severity": "Minor",
    "score_deduction": 1,
    "source_file": "Copy of 2026-2027-th-car-hire-city-06.docx",
    "url": "https://www.skyscanner.co.th/car-hire-in/car-hire-in-hua-hin-prachuap-khiri-khan/27542051.html",
    "candidate": "https://www.skyscanner.co.th/car-hire-in/car-hire-in-hua-hin-prachuap-khiri-khan/27542051.html"
  },
  {
    "text": "การรับรถที่สนามบินมีราคาเริ่มต้นที่ค่อนยข้างต่ำเมื่อเทียบกับการรับรถในตัวเมือง จึงเป็นตัวเลือกที่ประหยัดกว่าสำหรับผู้ที่เดินทางมาถึงโดยเครื่องบิน",
    "issue": "The word 'ค่อนยข้าง' is a typo and should be 'ค่อนข้าง'.",
    "type_of_issue": "Punctuation/Spelling/Typos",
    "solution": "Correct the spelling from 'ค่อนยข้าง' to 'ค่อนข้าง'.",
    "updated_sentence": "การรับรถที่สนามบินมีราคาเริ่มต้นที่ค่อนข้างต่ำเมื่อเทียบกับการรับรถในตัวเมือง จึงเป็นตัวเลือกที่ประหยัดกว่าสำหรับผู้ที่เดินทางมาถึงโดยเครื่องบิน",
    "severity": "Minor",
    "score_deduction": 1,
    "source_file": "Copy of 2026-2027-th-car-hire-city-06.docx",
    "url": "https://www.skyscanner.co.th/car-hire-in/car-hire-in-hua-hin-prachuap-khiri-khan/27542051.html",
    "candidate": "https://www.skyscanner.co.th/car-hire-in/car-hire-in-hua-hin-prachuap-khiri-khan/27542051.html"
  },
  {
    "text": "ในประเทศไทยการจราจรขับชิดซ้าย ก่อนออกเดินทางควรทำความเข้าใจกับการจำกัดความเร็วในแต่ละประเภทถนน บนทางหลวงพิเศษระหว่างเมืองจำกัดความเร็วที่ 120 กิโลเมตรต่อชั่วโมง ส่วนทางด่วนในเขตเมืองจำกัดที่ 90 กิโลเมตรต่อชั่วโมง เท่ากับถนนในชนบทที่กำหนดไว้ 90 กิโลเมตรต่อชั่วโมงเช่นกัน สำหรับถนนทั่วไปในเขตชุมชนจำกัดความเร็วที่ 50 กิโลเมตรต่อชั่วโมง ทางด่วนของไทยมีการเก็บค่าผ่านทางที่ด่านซึ่งมีเจ้าหน้าที่รับชำระเงินสด ควบคู่กับช่องทางแบบแท็กอิเล็กทรอนิกส์อย่าง Easy Pass และ M-Pass รวมถึงระบบ M-Flow ที่ใช้การอ่านป้ายทะเบียนเพื่อความรวดเร็วในการผ่านด่าน",
    "issue": "The single paragraph combines multiple distinct topics (driving side, various speed limits, and toll payment methods), which makes the text dense and objectively difficult to scan. There is also a missing space after the introductory phrase.",
    "type_of_issue": "Style",
    "solution": "Split the content into two logical paragraphs for better readability and add the missing space after 'ในประเทศไทย'.",
    "updated_sentence": "ในประเทศไทย การจราจรขับชิดซ้าย ก่อนออกเดินทางควรทำความเข้าใจกับการจำกัดความเร็วในแต่ละประเภทถนน บนทางหลวงพิเศษระหว่างเมืองจำกัดความเร็วที่ 120 กิโลเมตรต่อชั่วโมง ส่วนทางด่วนในเขตเมืองจำกัดที่ 90 กิโลเมตรต่อชั่วโมง เท่ากับถนนในชนบทที่กำหนดไว้ 90 กิโลเมตรต่อชั่วโมงเช่นกัน สำหรับถนนทั่วไปในเขตชุมชนจำกัดความเร็วที่ 50 กิโลเมตรต่อชั่วโมง\n\nทางด่วนของไทยมีการเก็บค่าผ่านทางที่ด่านซึ่งมีเจ้าหน้าที่รับชำระเงินสด ควบคู่กับช่องทางแบบแท็กอิเล็กทรอนิกส์อย่าง Easy Pass และ M-Pass รวมถึงระบบ M-Flow ที่ใช้การอ่านป้ายทะเบียนเพื่อความรวดเร็วในการผ่านด่าน",
    "severity": "Minor",
    "score_deduction": 1,
    "source_file": "Copy of 2026-2027-th-car-hire-city-06.docx",
    "url": "https://www.skyscanner.co.th/car-hire-in/car-hire-in-hua-hin-prachuap-khiri-khan/27542051.html",
    "candidate": "https://www.skyscanner.co.th/car-hire-in/car-hire-in-hua-hin-prachuap-khiri-khan/27542051.html"
  },
  {
    "text": "การเช่ารถในลำปางเริ่มต้นที่ราคาต่ำสุด 2,244 บาท ซึ่งเป็นตัวเลือกที่ประหยัดสำหรับการเดินทางในพื้นที่ คุณสามารถเปรียบเทียบราคาจากผู้ให้บริการหลายรายเพื่อหาข้อเสนอที่เหมาะกับความต้องการของคุณ การจองล่วงหน้า 1 สัปดาห์ก่อนเดินทางช่วยให้คุณได้ราคาที่ดีที่สุด ลองตรวจสอบเงื่อนไขและประเภทรถก่อนตัดสินใจ เพื่อให้ได้รถที่ตรงกับแผนการเดินทางของคุณในลำปาง",
    "issue": "The single paragraph combines four distinct ideas (starting price, comparing providers, booking in advance, and checking conditions), which makes the text dense and difficult to scan for key information.",
    "type_of_issue": "Style",
    "solution": "Split the text into multiple shorter paragraphs, with each one focusing on a single idea to improve scannability and user experience.",
    "updated_sentence": "การเช่ารถในลำปางเริ่มต้นที่ราคาต่ำสุด 2,244 บาท ซึ่งเป็นตัวเลือกที่ประหยัดสำหรับการเดินทางในพื้นที่\n\nคุณสามารถเปรียบเทียบราคาจากผู้ให้บริการหลายรายเพื่อหาข้อเสนอที่เหมาะกับความต้องการของคุณ\n\nการจองล่วงหน้า 1 สัปดาห์ก่อนเดินทางช่วยให้คุณได้ราคาที่ดีที่สุด\n\nลองตรวจสอบเงื่อนไขและประเภทรถก่อนตัดสินใจ เพื่อให้ได้รถที่ตรงกับแผนการเดินทางของคุณในลำปาง",
    "severity": "Minor",
    "score_deduction": 1,
    "source_file": "Copy of 2026-2027-th-car-hire-city-06.docx",
    "url": "https://www.skyscanner.co.th/car-hire-in/car-hire-in-lampang/27544137.html",
    "candidate": "https://www.skyscanner.co.th/car-hire-in/car-hire-in-lampang/27544137.html"
  },
  {
    "text": "รถที่ได้รับความนิยมมากที่สุดในลำปางคือ Honda Civic ด้วยความสะดวกสบาย ใช้งานได้จริง และคุ้มค่า เหมาะกับการเดินทางในเมืองและระยะไกล หากต้องการรถขนาดเล็กประหยัดพื้นที่ Toyota Yaris จาก Chic Network เป็นเกียร์ออโต้ ราคาเริ่มที่ 2,244 บาทต่อวัน ทางเลือกในกลุ่มรถอเนกประสงค์ขนาดกลาง Hyundai Kona จาก Chic Network เป็นเกียร์ออโต้เช่นกัน ราคาเริ่มที่ 2,244 บาทต่อวัน สำหรับกลุ่มเดินทางที่ต้องการที่นั่งและพื้นที่สัมภาระมากขึ้น Honda CR-V จาก Chic Car Rent เป็นเกียร์ออโต้ ราคาเริ่มที่ 5,167 บาทต่อวัน รองรับผู้โดยสาร 5 คนและสัมภาระ 4 ใบ พิจารณาจำนวนผู้โดยสารและงบประมาณเพื่อเลือกให้เหมาะกับการเดินทาง",
    "issue": "The single paragraph contains multiple distinct ideas about different car models, making it dense and difficult for users to scan.",
    "type_of_issue": "Style",
    "solution": "Split the text into multiple shorter paragraphs, with each paragraph focusing on a single topic or car model to improve readability.",
    "updated_sentence": "รถที่ได้รับความนิยมมากที่สุดในลำปางคือ Honda Civic ด้วยความสะดวกสบาย ใช้งานได้จริง และคุ้มค่า เหมาะกับการเดินทางในเมืองและระยะไกล\n\nหากต้องการรถขนาดเล็กประหยัดพื้นที่ Toyota Yaris จาก Chic Network เป็นเกียร์ออโต้ ราคาเริ่มที่ 2,244 บาทต่อวัน\n\nทางเลือกในกลุ่มรถอเนกประสงค์ขนาดกลาง Hyundai Kona จาก Chic Network เป็นเกียร์ออโต้เช่นกัน ราคาเริ่มที่ 2,244 บาทต่อวัน\n\nสำหรับกลุ่มเดินทางที่ต้องการที่นั่งและพื้นที่สัมภาระมากขึ้น Honda CR-V จาก Chic Car Rent เป็นเกียร์ออโต้ ราคาเริ่มที่ 5,167 บาทต่อวัน รองรับผู้โดยสาร 5 คนและสัมภาระ 4 ใบ\n\nพิจารณาจำนวนผู้โดยสารและงบประมาณเพื่อเลือกให้เหมาะกับการเดินทาง",
    "severity": "Minor",
    "score_deduction": 1,
    "source_file": "Copy of 2026-2027-th-car-hire-city-06.docx",
    "url": "https://www.skyscanner.co.th/car-hire-in/car-hire-in-lampang/27544137.html",
    "candidate": "https://www.skyscanner.co.th/car-hire-in/car-hire-in-lampang/27544137.html"
  },
  {
    "text": "คุณสามารถรับรถเช่าในลำปางได้ที่สนามบินลำปาง ซึ่งเป็นจุดรับรถหลักสำหรับผู้ที่เดินทางมาถึงด้วยเครื่องบิน จุดนี้มีผู้ให้บริการรถเช่าให้เลือกใช้บริการ ทำให้คุณเลือกรถได้ตามความต้องการเมื่อมาถึง ราคาเริ่มต้นสำหรับการรับรถที่สนามบินอยู่ที่ 2,244 บาทต่อวัน การรับรถที่สนามบินมีค่าใช้จ่ายใกล้เคียงกับการรับรถในตัวเมือง จึงเป็นทางเลือกที่สะดวกโดยไม่มีความแตกต่างด้านราคาที่ชัดเจน คุณจึงสามารถวางแผนการรับรถได้ตั้งแต่ก้าวลงจากเครื่องบิน โดยไม่ต้องเดินทางเข้าเมืองก่อนเพื่อรับรถ",
    "issue": "The single paragraph combines multiple distinct ideas (location, price, convenience), which makes the text difficult for users to scan.",
    "type_of_issue": "Style",
    "solution": "Split the text into three shorter paragraphs, each focusing on a single topic, to improve readability.",
    "updated_sentence": "คุณสามารถรับรถเช่าในลำปางได้ที่สนามบินลำปาง ซึ่งเป็นจุดรับรถหลักสำหรับผู้ที่เดินทางมาถึงด้วยเครื่องบิน จุดนี้มีผู้ให้บริการรถเช่าให้เลือกใช้บริการ ทำให้คุณเลือกรถได้ตามความต้องการเมื่อมาถึง\n\nราคาเริ่มต้นสำหรับการรับรถที่สนามบินอยู่ที่ 2,244 บาทต่อวัน การรับรถที่สนามบินมีค่าใช้จ่ายใกล้เคียงกับการรับรถในตัวเมือง จึงเป็นทางเลือกที่สะดวกโดยไม่มีความแตกต่างด้านราคาที่ชัดเจน\n\nคุณจึงสามารถวางแผนการรับรถได้ตั้งแต่ก้าวลงจากเครื่องบิน โดยไม่ต้องเดินทางเข้าเมืองก่อนเพื่อรับรถ",
    "severity": "Minor",
    "score_deduction": 1,
    "source_file": "Copy of 2026-2027-th-car-hire-city-06.docx",
    "url": "https://www.skyscanner.co.th/car-hire-in/car-hire-in-lampang/27544137.html",
    "candidate": "https://www.skyscanner.co.th/car-hire-in/car-hire-in-lampang/27544137.html"
  },
  {
    "text": "ลำปางมีผู้ให้บริการรถเช่าให้เลือก 2 ราย ได้แก่ Chic Car Rent และ Chic Network โดย Chic Car Rent เป็นผู้ให้บริการที่ได้รับความนิยมมากที่สุด อายุขั้นต่ำสำหรับการเช่ารถอยู่ที่ 21 ปี และมีการเรียกเก็บค่าธรรมเนียมผู้ขับขี่อายุน้อยสำหรับผู้ที่อายุต่ำกว่า 25 ปี ส่วนอายุขั้นต่ำในการขับขี่คือ 18 ปี เอกสารที่ต้องใช้ประกอบด้วยหนังสือเดินทางหรือบัตรประจำตัวที่ยังไม่หมดอายุพร้อมใบขับขี่ นอกจากนี้ต้องมีใบอนุญาตขับขี่สากลด้วย ยกเว้นกรณีที่ใบขับขี่จากประเทศของคุณพิมพ์เป็นภาษาอังกฤษหรือภาษาไทยอยู่แล้ว ทั้งนี้ใบขับขี่จากประเทศสมาชิกอาเซียนอื่นได้รับการยกเว้นข้อกำหนดนี้",
    "issue": "The single paragraph combines multiple distinct topics (providers, age requirements, and document requirements), making it dense and difficult for users to scan for specific information.",
    "type_of_issue": "Style",
    "solution": "Split the paragraph into smaller, single-topic paragraphs to improve readability and scannability.",
    "updated_sentence": "ลำปางมีผู้ให้บริการรถเช่าให้เลือก 2 ราย ได้แก่ Chic Car Rent และ Chic Network โดย Chic Car Rent เป็นผู้ให้บริการที่ได้รับความนิยมมากที่สุด\n\nอายุขั้นต่ำสำหรับการเช่ารถอยู่ที่ 21 ปี และมีการเรียกเก็บค่าธรรมเนียมผู้ขับขี่อายุน้อยสำหรับผู้ที่อายุต่ำกว่า 25 ปี ส่วนอายุขั้นต่ำในการขับขี่คือ 18 ปี\n\nเอกสารที่ต้องใช้ประกอบด้วยหนังสือเดินทางหรือบัตรประจำตัวที่ยังไม่หมดอายุพร้อมใบขับขี่ นอกจากนี้ต้องมีใบอนุญาตขับขี่สากลด้วย ยกเว้นกรณีที่ใบขับขี่จากประเทศของคุณพิมพ์เป็นภาษาอังกฤษหรือภาษาไทยอยู่แล้ว ทั้งนี้ใบขับขี่จากประเทศสมาชิกอาเซียนอื่นได้รับการยกเว้นข้อกำหนดนี้",
    "severity": "Minor",
    "score_deduction": 1,
    "source_file": "Copy of 2026-2027-th-car-hire-city-06.docx",
    "url": "https://www.skyscanner.co.th/car-hire-in/car-hire-in-lampang/27544137.html",
    "candidate": "https://www.skyscanner.co.th/car-hire-in/car-hire-in-lampang/27544137.html"
  },
  {
    "text": "การเช่ารถในเวียงจันทน์เริ่มต้นที่ราคาต่ำสุด 1,293 บาท ขณะที่ราคาเฉลี่ยตลอดทั้งปีอยู่ที่ 1,418 บาท เดือนกรกฎาคมมักเป็นช่วงที่ค่าเช่ารถถูกที่สุด คุณจึงสามารถวางแผนการเดินทางให้ตรงกับเดือนนี้เพื่อประหยัดค่าใช้จ่าย ช่วงเวลาที่เหมาะสมในการจองคือไม่ถึง 1 สัปดาห์ก่อนเดินทาง การเปรียบเทียบราคาจากผู้ให้บริการหลายรายช่วยให้คุณเห็นตัวเลือกที่หลากหลาย และการปรับวันรับหรือคืนรถให้ยืดหยุ่นก็มีผลต่อราคาที่คุณจะได้รับเช่นกัน การพิจารณาประเภทรถให้เหมาะกับจำนวนผู้โดยสารและเส้นทางยังช่วยควบคุมงบประมาณได้อีกด้วย",
    "issue": "The single paragraph contains multiple distinct ideas (pricing, booking time, comparison, flexibility, car type), which makes the text dense and difficult to scan.",
    "type_of_issue": "Style",
    "solution": "Split the block of text into multiple shorter paragraphs, each focusing on a distinct tip, to improve readability.",
    "updated_sentence": "การเช่ารถในเวียงจันทน์เริ่มต้นที่ราคาต่ำสุด 1,293 บาท ขณะที่ราคาเฉลี่ยตลอดทั้งปีอยู่ที่ 1,418 บาท เดือนกรกฎาคมมักเป็นช่วงที่ค่าเช่ารถถูกที่สุด คุณจึงสามารถวางแผนการเดินทางให้ตรงกับเดือนนี้เพื่อประหยัดค่าใช้จ่าย\n\nช่วงเวลาที่เหมาะสมในการจองคือไม่ถึง 1 สัปดาห์ก่อนเดินทาง\n\nการเปรียบเทียบราคาจากผู้ให้บริการหลายรายช่วยให้คุณเห็นตัวเลือกที่หลากหลาย และการปรับวันรับหรือคืนรถให้ยืดหยุ่นก็มีผลต่อราคาที่คุณจะได้รับเช่นกัน\n\nการพิจารณาประเภทรถให้เหมาะกับจำนวนผู้โดยสารและเส้นทางยังช่วยควบคุมงบประมาณได้อีกด้วย",
    "severity": "Major",
    "score_deduction": 3,
    "source_file": "Copy of 2026-2027-th-car-hire-city-06.docx",
    "url": "https://www.skyscanner.co.th/car-hire-in/car-hire-in-vientiane/27547436.html",
    "candidate": "https://www.skyscanner.co.th/car-hire-in/car-hire-in-vientiane/27547436.html"
  },
  {
    "text": "รถที่ได้รับความนิยมมากที่สุดในเวียงจันทน์คือ Hyundai Staria ด้วยพื้นที่กว้างขวาง ใช้งานได้จริง และเหมาะกับการเดินทางเป็นกลุ่มพร้อมสัมภาระหลายชิ้น หากคุณเดินทางกับผู้โดยสารจำนวนน้อยกว่า มีตัวเลือกที่คุ้มค่าให้พิจารณาหลายรุ่น Kia Rio จาก Sixt เป็นรถเกียร์ออโต้ เริ่มที่ 1,293 บาทต่อวัน เหมาะกับการเดินทางในเมือง ส่วน Peugeot 308 จาก Sixt เกียร์ออโต้เช่นกัน เริ่มที่ 1,332 บาทต่อวัน รองรับสัมภาระได้มากขึ้น สำหรับผู้ที่ต้องการรถขนาดใหญ่ Nissan Titan จาก Sixt เกียร์ออโต้ เริ่มที่ 1,818 บาทต่อวัน เป็นอีกทางเลือกหนึ่ง เลือกรุ่นที่ตรงกับจำนวนผู้โดยสารและสัมภาระของคุณ",
    "issue": "The single paragraph presents multiple distinct car recommendations, which makes the text dense and difficult to scan.",
    "type_of_issue": "Style",
    "solution": "Split the content into shorter, distinct paragraphs to improve readability and scannability.",
    "updated_sentence": "รถที่ได้รับความนิยมมากที่สุดในเวียงจันทน์คือ Hyundai Staria ด้วยพื้นที่กว้างขวาง ใช้งานได้จริง และเหมาะกับการเดินทางเป็นกลุ่มพร้อมสัมภาระหลายชิ้น\n\nหากคุณเดินทางกับผู้โดยสารจำนวนน้อยกว่า มีตัวเลือกที่คุ้มค่าให้พิจารณาหลายรุ่น Kia Rio จาก Sixt เป็นรถเกียร์ออโต้ เริ่มที่ 1,293 บาทต่อวัน เหมาะกับการเดินทางในเมือง ส่วน Peugeot 308 จาก Sixt เกียร์ออโต้เช่นกัน เริ่มที่ 1,332 บาทต่อวัน รองรับสัมภาระได้มากขึ้น\n\nสำหรับผู้ที่ต้องการรถขนาดใหญ่ Nissan Titan จาก Sixt เกียร์ออโต้ เริ่มที่ 1,818 บาทต่อวัน เป็นอีกทางเลือกหนึ่ง\n\nเลือกรุ่นที่ตรงกับจำนวนผู้โดยสารและสัมภาระของคุณ",
    "severity": "Minor",
    "score_deduction": 1,
    "source_file": "Copy of 2026-2027-th-car-hire-city-06.docx",
    "url": "https://www.skyscanner.co.th/car-hire-in/car-hire-in-vientiane/27547436.html",
    "candidate": "https://www.skyscanner.co.th/car-hire-in/car-hire-in-vientiane/27547436.html"
  },
  {
    "text": "ในลาวรถวิ่งชิดขวาของถนน คุณจึงต้องนั่งขับทางซ้ายของรถและแซงทางด้านซ้าย บนทางด่วนพิเศษ (motorway) จำกัดความเร็วที่ 110 กิโลเมตรต่อชั่วโมง ส่วนทางด่วน (expressway) กำหนดไว้ที่ 90 กิโลเมตรต่อชั่วโมง ในเขตเมืองและถนนทั่วไปความเร็วลดลงมาอยู่ที่ 40 กิโลเมตรต่อชั่วโมง ลาวมีถนนเก็บค่าผ่านทางหลักหนึ่งสาย คือทางด่วนลาว-จีน ซึ่งเก็บค่าธรรมเนียมตามระยะทางเป็นกิโลเมตร โดยชำระด้วยเงินสดหรือบัตรที่ด่านเก็บเงินที่มีเจ้าหน้าที่ประจำ ถนนสายอื่นไม่มีการเก็บค่าผ่านทาง ก่อนออกเดินทางควรเตรียมทั้งเงินสดและบัตรไว้เผื่อการชำระที่ด่าน",
    "issue": "The single paragraph covers multiple distinct topics (driving side, speed limits, and tolls), which makes the text dense and difficult for users to scan for specific information.",
    "type_of_issue": "Style",
    "solution": "Split the content into three smaller paragraphs, each focused on a single topic, to improve readability and scannability.",
    "updated_sentence": "ในลาวรถวิ่งชิดขวาของถนน คุณจึงต้องนั่งขับทางซ้ายของรถและแซงทางด้านซ้าย\n\nบนทางด่วนพิเศษ (motorway) จำกัดความเร็วที่ 110 กิโลเมตรต่อชั่วโมง ส่วนทางด่วน (expressway) กำหนดไว้ที่ 90 กิโลเมตรต่อชั่วโมง ในเขตเมืองและถนนทั่วไปความเร็วลดลงมาอยู่ที่ 40 กิโลเมตรต่อชั่วโมง\n\nลาวมีถนนเก็บค่าผ่านทางหลักหนึ่งสาย คือทางด่วนลาว-จีน ซึ่งเก็บค่าธรรมเนียมตามระยะทางเป็นกิโลเมตร โดยชำระด้วยเงินสดหรือบัตรที่ด่านเก็บเงินที่มีเจ้าหน้าที่ประจำ ถนนสายอื่นไม่มีการเก็บค่าผ่านทาง ก่อนออกเดินทางควรเตรียมทั้งเงินสดและบัตรไว้เผื่อการชำระที่ด่าน",
    "severity": "Minor",
    "score_deduction": 1,
    "source_file": "Copy of 2026-2027-th-car-hire-city-06.docx",
    "url": "https://www.skyscanner.co.th/car-hire-in/car-hire-in-vientiane/27547436.html",
    "candidate": "https://www.skyscanner.co.th/car-hire-in/car-hire-in-vientiane/27547436.html"
  },
  {
    "text": "การเช่ารถในนนทบุรีเริ่มต้นได้ที่ราคาต่ำสุด 769 บาท ซึ่งเป็นตัวเลือกที่คุ้มค่าสำหรับการเดินทางในพื้นที่ คุณสามารถเปรียบเทียบข้อเสนอจากผู้ให้บริการหลายรายเพื่อค้นหาดีลที่เหมาะกับความต้องการของคุณ ช่วงเวลาที่ควรจองเพื่อให้ได้ราคาดีที่สุดคือไม่ถึง 1 สัปดาห์ก่อนเดินทาง การจองในกรอบเวลานี้ช่วยให้คุณเข้าถึงราคาที่ต่ำกว่าเมื่อเทียบกับการจองล่วงหน้านานเกินไป ลองตรวจสอบรุ่นรถและเงื่อนไขการเช่าให้ครบถ้วนก่อนตัดสินใจ เพื่อให้แน่ใจว่าราคาที่แสดงตรงกับบริการที่คุณจะได้รับจริงในนนทบุรี",
    "issue": "The single paragraph contains multiple distinct ideas (pricing, booking time, and verification), which makes the text dense and difficult to scan for web readers.",
    "type_of_issue": "Style",
    "solution": "Split the text into three shorter paragraphs, each focusing on a single core idea, to improve readability and scannability.",
    "updated_sentence": "การเช่ารถในนนทบุรีเริ่มต้นได้ที่ราคาต่ำสุด 769 บาท ซึ่งเป็นตัวเลือกที่คุ้มค่าสำหรับการเดินทางในพื้นที่ คุณสามารถเปรียบเทียบข้อเสนอจากผู้ให้บริการหลายรายเพื่อค้นหาดีลที่เหมาะกับความต้องการของคุณ\n\nช่วงเวลาที่ควรจองเพื่อให้ได้ราคาดีที่สุดคือไม่ถึง 1 สัปดาห์ก่อนเดินทาง การจองในกรอบเวลานี้ช่วยให้คุณเข้าถึงราคาที่ต่ำกว่าเมื่อเทียบกับการจองล่วงหน้านานเกินไป\n\nลองตรวจสอบรุ่นรถและเงื่อนไขการเช่าให้ครบถ้วนก่อนตัดสินใจ เพื่อให้แน่ใจว่าราคาที่แสดงตรงกับบริการที่คุณจะได้รับจริงในนนทบุรี",
    "severity": "Minor",
    "score_deduction": 1,
    "source_file": "Copy of 2026-2027-th-car-hire-city-06.docx",
    "url": "https://www.skyscanner.co.th/car-hire-in/car-hire-in-nonthaburi/37468832.html",
    "candidate": "https://www.skyscanner.co.th/car-hire-in/car-hire-in-nonthaburi/37468832.html"
  },
  {
    "text": "รถที่ได้รับความนิยมมากที่สุดในนนทบุรีคือ Toyota Yaris ด้วยขนาดเล็ก ใช้งานได้จริง และจอดรถง่ายในเขตเมือง เหมาะกับการเดินทางในพื้นที่ที่มีการจราจรหนาแน่น หากต้องการรุ่นนี้ Bizcar Rental มีให้บริการแบบเกียร์ออโต้ เริ่มที่ 769 บาทต่อวัน สำหรับผู้ที่มองหาทางเลือกอื่น Volkswagen Polo จาก HAUP เป็นรถเกียร์ออโต้ เริ่มที่ 858 บาทต่อวัน รองรับผู้โดยสารได้ 5 ที่นั่ง หากต้องการรถขนาดใหญ่ขึ้นและพื้นที่วางกระเป๋ามากขึ้น Toyota Camry จาก Chic Car Rent เป็นเกียร์ออโต้ เริ่มที่ 1,670 บาทต่อวัน รองรับกระเป๋าได้ 3 ใบ",
    "issue": "A single paragraph combines three distinct car rental options, which makes the content difficult to scan and compare.",
    "type_of_issue": "Style",
    "solution": "Split the text into three separate paragraphs, with each paragraph focusing on a single car model and rental provider to improve readability.",
    "updated_sentence": "รถที่ได้รับความนิยมมากที่สุดในนนทบุรีคือ Toyota Yaris ด้วยขนาดเล็ก ใช้งานได้จริง และจอดรถง่ายในเขตเมือง เหมาะกับการเดินทางในพื้นที่ที่มีการจราจรหนาแน่น หากต้องการรุ่นนี้ Bizcar Rental มีให้บริการแบบเกียร์ออโต้ เริ่มที่ 769 บาทต่อวัน\n\nสำหรับผู้ที่มองหาทางเลือกอื่น Volkswagen Polo จาก HAUP เป็นรถเกียร์ออโต้ เริ่มที่ 858 บาทต่อวัน รองรับผู้โดยสารได้ 5 ที่นั่ง\n\nหากต้องการรถขนาดใหญ่ขึ้นและพื้นที่วางกระเป๋ามากขึ้น Toyota Camry จาก Chic Car Rent เป็นเกียร์ออโต้ เริ่มที่ 1,670 บาทต่อวัน รองรับกระเป๋าได้ 3 ใบ",
    "severity": "Minor",
    "score_deduction": 1,
    "source_file": "Copy of 2026-2027-th-car-hire-city-06.docx",
    "url": "https://www.skyscanner.co.th/car-hire-in/car-hire-in-nonthaburi/37468832.html",
    "candidate": "https://www.skyscanner.co.th/car-hire-in/car-hire-in-nonthaburi/37468832.html"
  },
  {
    "text": "ในนนทบุรี คุณรับรถเช่าได้ที่กรุงเทพ สุวรรณภูมิ สนามบิน ซึ่งเป็นจุดหลักที่มีบริษัทให้บริการหลายแห่ง",
    "issue": "The airport name \"กรุงเทพ สุวรรณภูมิ สนามบิน\" follows a literal, unnatural word order instead of the standard Thai format.",
    "type_of_issue": "Style",
    "solution": "Reorder the name to the standard Thai format: \"สนามบินสุวรรณภูมิ กรุงเทพฯ\".",
    "updated_sentence": "ในนนทบุรี คุณรับรถเช่าได้ที่สนามบินสุวรรณภูมิ กรุงเทพฯ ซึ่งเป็นจุดหลักที่มีบริษัทให้บริการหลายแห่ง",
    "severity": "Minor",
    "score_deduction": 1,
    "source_file": "Copy of 2026-2027-th-car-hire-city-06.docx",
    "url": "https://www.skyscanner.co.th/car-hire-in/car-hire-in-nonthaburi/37468832.html",
    "candidate": "https://www.skyscanner.co.th/car-hire-in/car-hire-in-nonthaburi/37468832.html"
  },
  {
    "text": "ในนนทบุรีมีผู้ให้บริการรถเช่าทั้งหมด 6 ราย โดย Sixt เป็นผู้ให้บริการที่ได้รับความนิยมมากที่สุด รองลงมาคือ Thai Rent a Car และ Bizcar Rental อายุขั้นต่ำในการเช่ารถอยู่ที่ 21 ปี ซึ่งผู้ให้บริการหลายรายจะคิดค่าธรรมเนียมเพิ่มสำหรับผู้ขับขี่อายุต่ำกว่า 25 ปี ส่วนอายุขั้นต่ำในการขับขี่คือ 18 ปี เอกสารที่ต้องใช้ประกอบด้วยหนังสือเดินทางหรือบัตรประจำตัว และใบขับขี่เสมอ นอกจากนี้ยังต้องมีใบอนุญาตขับขี่สากล เว้นแต่ใบขับขี่ของคุณพิมพ์เป็นภาษาอังกฤษหรือภาษาไทยอยู่แล้ว และมีข้อยกเว้นสำหรับใบขับขี่จากประเทศสมาชิกอาเซียนอื่น",
    "issue": "The single paragraph combines several distinct topics (providers, age rules, document requirements), making it dense and difficult to scan.",
    "type_of_issue": "Style",
    "solution": "Split the paragraph into three smaller, focused paragraphs to improve readability and structure.",
    "updated_sentence": "ในนนทบุรีมีผู้ให้บริการรถเช่าทั้งหมด 6 ราย โดย Sixt เป็นผู้ให้บริการที่ได้รับความนิยมมากที่สุด รองลงมาคือ Thai Rent a Car และ Bizcar Rental\n\nอายุขั้นต่ำในการเช่ารถอยู่ที่ 21 ปี ซึ่งผู้ให้บริการหลายรายจะคิดค่าธรรมเนียมเพิ่มสำหรับผู้ขับขี่อายุต่ำกว่า 25 ปี ส่วนอายุขั้นต่ำในการขับขี่คือ 18 ปี\n\nเอกสารที่ต้องใช้ประกอบด้วยหนังสือเดินทางหรือบัตรประจำตัว และใบขับขี่เสมอ นอกจากนี้ยังต้องมีใบอนุญาตขับขี่สากล เว้นแต่ใบขับขี่ของคุณพิมพ์เป็นภาษาอังกฤษหรือภาษาไทยอยู่แล้ว และมีข้อยกเว้นสำหรับใบขับขี่จากประเทศสมาชิกอาเซียนอื่น",
    "severity": "Minor",
    "score_deduction": 1,
    "source_file": "Copy of 2026-2027-th-car-hire-city-06.docx",
    "url": "https://www.skyscanner.co.th/car-hire-in/car-hire-in-nonthaburi/37468832.html",
    "candidate": "https://www.skyscanner.co.th/car-hire-in/car-hire-in-nonthaburi/37468832.html"
  },
  {
    "text": "การจราจรในไทยขับชิดซ้าย คุณจึงควรทำความคุ้นเคยกับทิศทางนี้ก่อนออกเดินทาง บนทางหลวงกำหนดความเร็วสูงสุดที่ 120 กิโลเมตรต่อชั่วโมง ส่วนทางด่วนจำกัดไว้ที่ 90 กิโลเมตรต่อชั่วโมง ถนนในชนบทก็อยู่ที่ 90 กิโลเมตรต่อชั่วโมงเช่นกัน ขณะที่ถนนทั่วไปในเขตเมืองกำหนดไว้ที่ 50 กิโลเมตรต่อชั่วโมง ทางด่วนในไทยมีการเก็บค่าผ่านทางที่ด่านซึ่งมีเจ้าหน้าที่ประจำและรับเงินสด ควบคู่กับช่องทางแบบใช้บัตรอิเล็กทรอนิกส์อย่าง Easy Pass และ M-Pass รวมถึงระบบ M-Flow ที่ใช้การอ่านป้ายทะเบียนเพื่อให้ผ่านทางได้เร็วขึ้น คุณสามารถเลือกช่องทางชำระเงินให้เหมาะกับรถเช่าและการเดินทางของคุณ",
    "issue": "The single paragraph combines three distinct topics (driving side, speed limits, and toll payments), which negatively impacts scannability and makes it difficult for users to find specific information quickly.",
    "type_of_issue": "Style",
    "solution": "Split the text into three separate, focused paragraphs to improve readability and logical flow.",
    "updated_sentence": "การจราจรในไทยขับชิดซ้าย คุณจึงควรทำความคุ้นเคยกับทิศทางนี้ก่อนออกเดินทาง\n\nบนทางหลวงกำหนดความเร็วสูงสุดที่ 120 กิโลเมตรต่อชั่วโมง ส่วนทางด่วนจำกัดไว้ที่ 90 กิโลเมตรต่อชั่วโมง ถนนในชนบทก็อยู่ที่ 90 กิโลเมตรต่อชั่วโมงเช่นกัน ขณะที่ถนนทั่วไปในเขตเมืองกำหนดไว้ที่ 50 กิโลเมตรต่อชั่วโมง\n\nทางด่วนในไทยมีการเก็บค่าผ่านทางที่ด่านซึ่งมีเจ้าหน้าที่ประจำและรับเงินสด ควบคู่กับช่องทางแบบใช้บัตรอิเล็กทรอนิกส์อย่าง Easy Pass และ M-Pass รวมถึงระบบ M-Flow ที่ใช้การอ่านป้ายทะเบียนเพื่อให้ผ่านทางได้เร็วขึ้น คุณสามารถเลือกช่องทางชำระเงินให้เหมาะกับรถเช่าและการเดินทางของคุณ",
    "severity": "Minor",
    "score_deduction": 1,
    "source_file": "Copy of 2026-2027-th-car-hire-city-06.docx",
    "url": "https://www.skyscanner.co.th/car-hire-in/car-hire-in-nonthaburi/37468832.html",
    "candidate": "https://www.skyscanner.co.th/car-hire-in/car-hire-in-nonthaburi/37468832.html"
  },
  {
    "text": "การเช่ารถในอัลมาตีเริ่มต้นที่ 1,713 บาท ซึ่งต่ำกว่าค่าเฉลี่ยรายปีที่ 2,064 บาท เดือนกันยายนเป็นช่วงที่ราคาถูกที่สุดสำหรับการเช่ารถในเมืองนี้ หากต้องการราคาที่ดี ควรจองล่วงหน้า 4 สัปดาห์ก่อนวันรับรถ การเปรียบเทียบราคาจากผู้ให้บริการหลายรายช่วยให้เห็นตัวเลือกที่คุ้มค่ามากขึ้น การวางแผนเดินทางในเดือนที่มีราคาต่ำและจองในกรอบเวลาที่เหมาะสมช่วยลดค่าใช้จ่ายในการเช่ารถได้อย่างชัดเจน ตรวจสอบเงื่อนไขของแต่ละดีลก่อนยืนยันการจองเพื่อให้ได้ข้อเสนอที่ตรงกับความต้องการมากที่สุด",
    "issue": "The single paragraph contains multiple distinct ideas (price facts, booking advice, comparison tips), which makes it dense and difficult for a user to scan.",
    "type_of_issue": "Style",
    "solution": "Split the text into smaller, more focused paragraphs, each centered around a single idea to improve readability.",
    "updated_sentence": "การเช่ารถในอัลมาตีเริ่มต้นที่ 1,713 บาท ซึ่งต่ำกว่าค่าเฉลี่ยรายปีที่ 2,064 บาท เดือนกันยายนเป็นช่วงที่ราคาถูกที่สุดสำหรับการเช่ารถในเมืองนี้\n\nหากต้องการราคาที่ดี ควรจองล่วงหน้า 4 สัปดาห์ก่อนวันรับรถ การเปรียบเทียบราคาจากผู้ให้บริการหลายรายช่วยให้เห็นตัวเลือกที่คุ้มค่ามากขึ้น\n\nการวางแผนเดินทางในเดือนที่มีราคาต่ำและจองในกรอบเวลาที่เหมาะสมช่วยลดค่าใช้จ่ายในการเช่ารถได้อย่างชัดเจน ตรวจสอบเงื่อนไขของแต่ละดีลก่อนยืนยันการจองเพื่อให้ได้ข้อเสนอที่ตรงกับความต้องการมากที่สุด",
    "severity": "Minor",
    "score_deduction": 1,
    "source_file": "Copy of 2026-2027-th-car-hire-city-06.docx",
    "url": "https://www.skyscanner.co.th/car-hire-in/car-hire-in-almaty/27536536.html",
    "candidate": "https://www.skyscanner.co.th/car-hire-in/car-hire-in-almaty/27536536.html"
  },
  {
    "text": "ราคาเริ่มต้นสำหรับการรับรถที่สนามบินอยู่ในระดับเดียวกันกับการรับรถในตัวเมือง จึงไม่มีความแตกต่างด้านค่าจ่ายระหว่างสองจุดนี้",
    "issue": "The word 'ค่าจ่าย' is an incorrect and non-standard term for 'cost' or 'expense' in this context.",
    "type_of_issue": "Punctuation/Spelling/Typos",
    "solution": "Replace 'ค่าจ่าย' with the correct and standard term 'ค่าใช้จ่าย'.",
    "updated_sentence": "ราคาเริ่มต้นสำหรับการรับรถที่สนามบินอยู่ในระดับเดียวกันกับการรับรถในตัวเมือง จึงไม่มีความแตกต่างด้านค่าใช้จ่ายระหว่างสองจุดนี้",
    "severity": "Minor",
    "score_deduction": 1,
    "source_file": "Copy of 2026-2027-th-car-hire-city-06.docx",
    "url": "https://www.skyscanner.co.th/car-hire-in/car-hire-in-almaty/27536536.html",
    "candidate": "https://www.skyscanner.co.th/car-hire-in/car-hire-in-almaty/27536536.html"
  },
  {
    "text": "สำหรับการเช่ารถ คุณต้องใช้หนังสือเดินทางหรือบัตรประจำตัวประชาชนที่ยังไม่หมดอายุ พร้อมใบขับขี่ที่ยังมีผลบังคับใช้ และต้องมีใบอนุญาตขับขี่ระหว่างประเทศสำหรับใบขับขี่ต่างชาติแทบทุกกรณี เนื่องจากหน่วยงานท้องถิ่นและบริษัทรถเช่าต้องการคำแปลรายละเอียดใบขับขี่เป็นภาษารัสเซีย",
    "issue": "This run-on sentence combines multiple distinct requirements (general documents, international license specifics, and the reason for the latter), which harms readability and violates the style guide's principle of using concise Thai.",
    "type_of_issue": "Style",
    "solution": "Restructure the sentence to better separate the clause about the International Driving Permit, improving logical flow and clarity.",
    "updated_sentence": "สำหรับการเช่ารถ คุณต้องใช้หนังสือเดินทางหรือบัตรประจำตัวประชาชนที่ยังไม่หมดอายุ พร้อมใบขับขี่ที่ยังมีผลบังคับใช้ สำหรับใบขับขี่ต่างชาติแทบทุกกรณี จะต้องมีใบอนุญาตขับขี่ระหว่างประเทศด้วย เนื่องจากหน่วยงานท้องถิ่นและบริษัทรถเช่าต้องการคำแปลรายละเอียดใบขับขี่เป็นภาษารัสเซีย",
    "severity": "Minor",
    "score_deduction": 1,
    "source_file": "Copy of 2026-2027-th-car-hire-city-06.docx",
    "url": "https://www.skyscanner.co.th/car-hire-in/car-hire-in-almaty/27536536.html",
    "candidate": "https://www.skyscanner.co.th/car-hire-in/car-hire-in-almaty/27536536.html"
  },
  {
    "text": "ในคาซัคสถานการจราจรขับชิดขวา บนทางด่วนพิเศษจำกัดความเร็วที่ 140 กิโลเมตรต่อชั่วโมง ส่วนทางด่วนทั่วไปกำหนดไว้ที่ 110 กิโลเมตรต่อชั่วโมง เมื่อขับบนถนนนอกเมืองความเร็วสูงสุดอยู่ที่ 100 กิโลเมตรต่อชั่วโมง สำหรับถนนอื่น ๆ กำหนดไว้ที่ 60 กิโลเมตรต่อชั่วโมง โดยขึ้นได้ถึง 90 กิโลเมตรต่อชั่วโมงบนถนนบางประเภท ส่วนรถบัสจำกัดที่ 50 กิโลเมตรต่อชั่วโมง และในเขตที่พักอาศัยลดลงเหลือ 20 กิโลเมตรต่อชั่วโมง",
    "issue": "The single, long sentence combines the rule for driving on the right with a dense list of six different speed limits, which severely harms readability and makes the information difficult to scan.",
    "type_of_issue": "Style",
    "solution": "Correct the unnatural phrasing in the first clause and split the text into two distinct paragraphs: one for the driving side rule and one for the list of speed limits.",
    "updated_sentence": "ในคาซัคสถานขับรถชิดขวา\n\nบนทางด่วนพิเศษจำกัดความเร็วที่ 140 กิโลเมตรต่อชั่วโมง ส่วนทางด่วนทั่วไปกำหนดไว้ที่ 110 กิโลเมตรต่อชั่วโมง เมื่อขับบนถนนนอกเมืองความเร็วสูงสุดอยู่ที่ 100 กิโลเมตรต่อชั่วโมง สำหรับถนนอื่น ๆ กำหนดไว้ที่ 60 กิโลเมตรต่อชั่วโมง โดยขึ้นได้ถึง 90 กิโลเมตรต่อชั่วโมงบนถนนบางประเภท ส่วนรถบัสจำกัดที่ 50 กิโลเมตรต่อชั่วโมง และในเขตที่พักอาศัยลดลงเหลือ 20 กิโลเมตรต่อชั่วโมง",
    "severity": "Major",
    "score_deduction": 3,
    "source_file": "Copy of 2026-2027-th-car-hire-city-06.docx",
    "url": "https://www.skyscanner.co.th/car-hire-in/car-hire-in-almaty/27536536.html",
    "candidate": "https://www.skyscanner.co.th/car-hire-in/car-hire-in-almaty/27536536.html"
  },
  {
    "text": "คาซัคสถานมีการเก็บค่าผ่านทางบนโครงข่ายทางหลวงแห่งชาติที่ขยายตัวอย่างต่อเนื่อง ผ่านด่านเก็บเงินและกล้องอ่านป้ายทะเบียนอัตโนมัติ",
    "issue": "The phrase 'ผ่านด่านเก็บเงิน...' (via toll booths...) is a misplaced modifier, creating ambiguity about whether the highway is expanding via toll booths or if tolls are collected via them.",
    "type_of_issue": "Grammar",
    "solution": "Restructure the sentence to clearly link the method of collection to the action of collecting tolls by adding a clarifying phrase.",
    "updated_sentence": "คาซัคสถานมีการเก็บค่าผ่านทางบนโครงข่ายทางหลวงแห่งชาติที่ขยายตัวอย่างต่อเนื่อง โดยเก็บผ่านด่านเก็บเงินและกล้องอ่านป้ายทะเบียนอัตโนมัติ",
    "severity": "Minor",
    "score_deduction": 1,
    "source_file": "Copy of 2026-2027-th-car-hire-city-06.docx",
    "url": "https://www.skyscanner.co.th/car-hire-in/car-hire-in-almaty/27536536.html",
    "candidate": "https://www.skyscanner.co.th/car-hire-in/car-hire-in-almaty/27536536.html"
  },
  {
    "text": "Nissan Almera เป็นรถที่ได้รับความนิยมมากที่สุดในนครศรีธรรมราช ด้วยขนาดเล็ก ใช้งานได้จริง และจอดรถง่าย เหมาะกับการขับในเขตเมือง หากต้องการรุ่นนี้ Drive Car Rental มีให้เลือกแบบเกียร์ออโต้ เริ่มที่ 775 บาทต่อวัน สำหรับผู้ที่มองหารถขนาดใกล้เคียงกัน Toyota Yaris จาก Budget เป็นเกียร์ออโต้เช่นกัน เริ่มที่ 838 บาทต่อวัน หากต้องการพื้นที่เก็บสัมภาระเพิ่มขึ้นและรถขนาดใหญ่กว่า Honda Civic จาก Drive Car Rental มาพร้อมเกียร์ออโต้ เริ่มที่ 1,009 บาทต่อวัน ทุกรุ่นรองรับผู้โดยสารได้ 5 คน และมาพร้อมแอร์ ช่วยให้เลือกได้ตามงบประมาณและความต้องการด้านสัมภาระ",
    "issue": "The single paragraph combines details for three different car models, making the text dense and difficult to scan for comparison.",
    "type_of_issue": "Style",
    "solution": "Split the text into shorter paragraphs, each focusing on a specific car model or a summary point, to improve readability.",
    "updated_sentence": "Nissan Almera เป็นรถที่ได้รับความนิยมมากที่สุดในนครศรีธรรมราช ด้วยขนาดเล็ก ใช้งานได้จริง และจอดรถง่าย เหมาะกับการขับในเขตเมือง หากต้องการรุ่นนี้ Drive Car Rental มีให้เลือกแบบเกียร์ออโต้ เริ่มที่ 775 บาทต่อวัน\n\nสำหรับผู้ที่มองหารถขนาดใกล้เคียงกัน Toyota Yaris จาก Budget เป็นเกียร์ออโต้เช่นกัน เริ่มที่ 838 บาทต่อวัน\n\nหากต้องการพื้นที่เก็บสัมภาระเพิ่มขึ้นและรถขนาดใหญ่กว่า Honda Civic จาก Drive Car Rental มาพร้อมเกียร์ออโต้ เริ่มที่ 1,009 บาทต่อวัน\n\nทุกรุ่นรองรับผู้โดยสารได้ 5 คน และมาพร้อมแอร์ ช่วยให้เลือกได้ตามงบประมาณและความต้องการด้านสัมภาระ",
    "severity": "Minor",
    "score_deduction": 1,
    "source_file": "Copy of 2026-2027-th-car-hire-city-06.docx",
    "url": "https://www.skyscanner.co.th/car-hire-in/car-hire-in-nakhon-si-thammarat/27549983.html",
    "candidate": "https://www.skyscanner.co.th/car-hire-in/car-hire-in-nakhon-si-thammarat/27549983.html"
  },
  {
    "text": "อีกทางเลือกหนึ่งคือการรับรถที่นครศรีธรรมราช สนามบิน สะดวกสำหรับผู้ที่เดินทางมาถึงด้วยเครื่องบินและต้องการรับรถทันทีหลังลงจากเที่ยวบิน",
    "issue": "The word order for the proper name 'Nakhon Si Thammarat Airport' does not follow the standard Thai naming convention for locations, which is a compliance issue.",
    "type_of_issue": "Compliance",
    "solution": "Change \"นครศรีธรรมราช สนามบิน\" to \"สนามบินนครศรีธรรมราช\" to follow the correct naming convention for proper nouns.",
    "updated_sentence": "อีกทางเลือกหนึ่งคือการรับรถที่สนามบินนครศรีธรรมราช สะดวกสำหรับผู้ที่เดินทางมาถึงด้วยเครื่องบินและต้องการรับรถทันทีหลังลงจากเที่ยวบิน",
    "severity": "Minor",
    "score_deduction": 1,
    "source_file": "Copy of 2026-2027-th-car-hire-city-06.docx",
    "url": "https://www.skyscanner.co.th/car-hire-in/car-hire-in-nakhon-si-thammarat/27549983.html",
    "candidate": "https://www.skyscanner.co.th/car-hire-in/car-hire-in-nakhon-si-thammarat/27549983.html"
  },
  {
    "text": "ในประเทศไทยการจราจรใช้เลนซ้ายของถนน ความเร็วสูงสุดบนทางหลวงพิเศษระหว่างเมือง (มอเตอร์เวย์) อยู่ที่ 120 กิโลเมตรต่อชั่วโมง ส่วนทางด่วนจำกัดที่ 90 กิโลเมตรต่อชั่วโมง ถนนในชนบทก็อยู่ที่ 90 กิโลเมตรต่อชั่วโมงเช่นกัน ขณะที่ถนนทั่วไปในเขตเมืองจำกัดความเร็วที่ 50 กิโลเมตรต่อชั่วโมง ทางด่วนของไทยมีการเก็บค่าผ่านทางที่ด่านซึ่งมีเจ้าหน้าที่ประจำและรับเงินสด ควบคู่กับช่องทางแบบแท็กอิเล็กทรอนิกส์อย่าง Easy Pass และ M-Pass และระบบ M-Flow ที่ใช้การอ่านป้ายทะเบียนเพื่อผ่านทางได้เร็วขึ้น คุณควรเตรียมเงินสดหรือติดตั้งอุปกรณ์เหล่านี้ก่อนเดินทาง เพื่อความสะดวกเมื่อเข้าสู่ช่องทางเก็บค่าผ่านทาง",
    "issue": "Missing space after the introductory phrase 'ในประเทศไทย', which violates standard Thai typography rules requiring spacing between clauses for readability.",
    "type_of_issue": "Punctuation/Spelling/Typos",
    "solution": "Add a space between 'ในประเทศไทย' and 'การจราจร' to correctly separate the introductory phrase from the main clause.",
    "updated_sentence": "ในประเทศไทย การจราจรใช้เลนซ้ายของถนน ความเร็วสูงสุดบนทางหลวงพิเศษระหว่างเมือง (มอเตอร์เวย์) อยู่ที่ 120 กิโลเมตรต่อชั่วโมง ส่วนทางด่วนจำกัดที่ 90 กิโลเมตรต่อชั่วโมง ถนนในชนบทก็อยู่ที่ 90 กิโลเมตรต่อชั่วโมงเช่นกัน ขณะที่ถนนทั่วไปในเขตเมืองจำกัดความเร็วที่ 50 กิโลเมตรต่อชั่วโมง ทางด่วนของไทยมีการเก็บค่าผ่านทางที่ด่านซึ่งมีเจ้าหน้าที่ประจำและรับเงินสด ควบคู่กับช่องทางแบบแท็กอิเล็กทรอนิกส์อย่าง Easy Pass และ M-Pass และระบบ M-Flow ที่ใช้การอ่านป้ายทะเบียนเพื่อผ่านทางได้เร็วขึ้น คุณควรเตรียมเงินสดหรือติดตั้งอุปกรณ์เหล่านี้ก่อนเดินทาง เพื่อความสะดวกเมื่อเข้าสู่ช่องทางเก็บค่าผ่านทาง",
    "severity": "Minor",
    "score_deduction": 1,
    "source_file": "Copy of 2026-2027-th-car-hire-city-06.docx",
    "url": "https://www.skyscanner.co.th/car-hire-in/car-hire-in-nakhon-si-thammarat/27549983.html",
    "candidate": "https://www.skyscanner.co.th/car-hire-in/car-hire-in-nakhon-si-thammarat/27549983.html"
  },
  {
    "text": "รถที่ได้รับความนิยมมากที่สุดในหลวงพระบางคือ Skoda Scala ด้วยพื้นที่กว้างขวาง ใช้งานได้จริง และเหมาะกับการเดินทางแบบครอบครัว หากต้องการรถขนาดเล็กที่ควบคุมงบได้ Kia Rio จาก Sixt เป็นเกียร์ออโต้ เริ่มที่ ฿1,292 ต่อวัน ส่วน Peugeot 308 จาก Sixt ก็เป็นเกียร์ออโต้เช่นกัน เริ่มที่ ฿1,331 ต่อวัน ซึ่งรองรับสัมภาระได้มากขึ้น สำหรับผู้ที่ต้องการรถขับสี่หรือพื้นที่บรรทุกเพิ่มเติม Mitsubishi Raider จาก Avis เป็นเกียร์ธรรมดา เริ่มที่ ฿2,052 ต่อวัน ทุกตัวเลือกมาพร้อมแอร์ ยกเลิกฟรี และระยะทางไม่จำกัด เลือกตามจำนวนผู้โดยสารและปริมาณสัมภาระที่ต้องบรรทุก",
    "issue": "A single paragraph combines multiple distinct ideas (different car types, features, and a call to action), which makes the content difficult to scan and reduces readability.",
    "type_of_issue": "Style",
    "solution": "Split the single block of text into four shorter, more focused paragraphs to improve structure and scannability.",
    "updated_sentence": "รถที่ได้รับความนิยมมากที่สุดในหลวงพระบางคือ Skoda Scala ด้วยพื้นที่กว้างขวาง ใช้งานได้จริง และเหมาะกับการเดินทางแบบครอบครัว\n\nหากต้องการรถขนาดเล็กที่ควบคุมงบได้ Kia Rio จาก Sixt เป็นเกียร์ออโต้ เริ่มที่ ฿1,292 ต่อวัน ส่วน Peugeot 308 จาก Sixt ก็เป็นเกียร์ออโต้เช่นกัน เริ่มที่ ฿1,331 ต่อวัน ซึ่งรองรับสัมภาระได้มากขึ้น\n\nสำหรับผู้ที่ต้องการรถขับสี่หรือพื้นที่บรรทุกเพิ่มเติม Mitsubishi Raider จาก Avis เป็นเกียร์ธรรมดา เริ่มที่ ฿2,052 ต่อวัน\n\nทุกตัวเลือกมาพร้อมแอร์ ยกเลิกฟรี และระยะทางไม่จำกัด เลือกตามจำนวนผู้โดยสารและปริมาณสัมภาระที่ต้องบรรทุก",
    "severity": "Minor",
    "score_deduction": 1,
    "source_file": "Copy of 2026-2027-th-car-hire-city-06.docx",
    "url": "https://www.skyscanner.co.th/car-hire-in/car-hire-in-luang-prabang/27544136.html",
    "candidate": "https://www.skyscanner.co.th/car-hire-in/car-hire-in-luang-prabang/27544136.html"
  },
  {
    "text": "ในลาวการจราจรวิ่งชิดขวา จำกัดความเร็วบนทางหลวงพิเศษที่ 110 กิโลเมตรต่อชั่วโมง และบนทางด่วนที่ 90 กิโลเมตรต่อชั่วโมง สำหรับถนนทั่วไปกำหนดไว้ที่ 40 กิโลเมตรต่อชั่วโมง ลาวมีถนนเก็บค่าผ่านทางหลักหนึ่งสาย คือทางด่วนลาว-จีน ซึ่งเก็บค่าธรรมเนียมตามระยะทางเป็นกิโลเมตร โดยชำระด้วยเงินสดหรือบัตรที่ด่านเก็บเงินซึ่งมีเจ้าหน้าที่ประจำ ส่วนถนนสายอื่นไม่มีการเก็บค่าผ่านทาง เมื่อขับผ่านเส้นทางที่มีการจำกัดความเร็วต่างกัน ควรสังเกตป้ายจราจรและปรับความเร็วให้เหมาะสมกับสภาพถนนในแต่ละช่วง",
    "issue": "The single paragraph combines three distinct topics (general rules, toll roads, and driving advice), which impairs scannability and readability for web content.",
    "type_of_issue": "Style",
    "solution": "Split the text into three separate, focused paragraphs, each addressing one main topic, to improve structure and readability.",
    "updated_sentence": "ในลาวการจราจรวิ่งชิดขวา จำกัดความเร็วบนทางหลวงพิเศษที่ 110 กิโลเมตรต่อชั่วโมง และบนทางด่วนที่ 90 กิโลเมตรต่อชั่วโมง สำหรับถนนทั่วไปกำหนดไว้ที่ 40 กิโลเมตรต่อชั่วโมง\n\nลาวมีถนนเก็บค่าผ่านทางหลักหนึ่งสาย คือทางด่วนลาว-จีน ซึ่งเก็บค่าธรรมเนียมตามระยะทางเป็นกิโลเมตร โดยชำระด้วยเงินสดหรือบัตรที่ด่านเก็บเงินซึ่งมีเจ้าหน้าที่ประจำ ส่วนถนนสายอื่นไม่มีการเก็บค่าผ่านทาง\n\nเมื่อขับผ่านเส้นทางที่มีการจำกัดความเร็วต่างกัน ควรสังเกตป้ายจราจรและปรับความเร็วให้เหมาะสมกับสภาพถนนในแต่ละช่วง",
    "severity": "Minor",
    "score_deduction": 1,
    "source_file": "Copy of 2026-2027-th-car-hire-city-06.docx",
    "url": "https://www.skyscanner.co.th/car-hire-in/car-hire-in-luang-prabang/27544136.html",
    "candidate": "https://www.skyscanner.co.th/car-hire-in/car-hire-in-luang-prabang/27544136.html"
  },
  {
    "text": "การเช่ารถในอำเภอเมืองสมุทรปราการเริ่มต้นที่ราคาถูกที่สุด 687 บาท ขณะที่ราคาเฉลี่ยตลอดทั้งปีอยู่ที่ 838 บาท เดือนสิงหาคมเป็นช่วงที่ค่าเช่ารถมีแนวโน้มถูกกว่าเดือนอื่น หากต้องการเปรียบเทียบตัวเลือกได้ครบถ้วน คุณสามารถเลือกดูรถหลายรุ่นและหลายผู้ให้บริการเพื่อหาราคาที่เหมาะกับงบประมาณ การจองล่วงหน้า 1 สัปดาห์ก่อนเดินทางเป็นช่วงที่ให้ราคาดีที่สุด การวางแผนตามเดือนและช่วงเวลาจองข้างต้นช่วยให้คุณควบคุมค่าใช้จ่ายในการเช่ารถได้ตามที่ตั้งใจไว้",
    "issue": "The single paragraph contains multiple distinct ideas (pricing data, comparison advice, booking timeline), which makes it dense and difficult to scan.",
    "type_of_issue": "Style",
    "solution": "Split the text into separate, shorter paragraphs, each focusing on a single core idea, to improve readability.",
    "updated_sentence": "การเช่ารถในอำเภอเมืองสมุทรปราการเริ่มต้นที่ราคาถูกที่สุด 687 บาท ขณะที่ราคาเฉลี่ยตลอดทั้งปีอยู่ที่ 838 บาท เดือนสิงหาคมเป็นช่วงที่ค่าเช่ารถมีแนวโน้มถูกกว่าเดือนอื่น\n\nหากต้องการเปรียบเทียบตัวเลือกได้ครบถ้วน คุณสามารถเลือกดูรถหลายรุ่นและหลายผู้ให้บริการเพื่อหาราคาที่เหมาะกับงบประมาณ\n\nการจองล่วงหน้า 1 สัปดาห์ก่อนเดินทางเป็นช่วงที่ให้ราคาดีที่สุด\n\nการวางแผนตามเดือนและช่วงเวลาจองข้างต้นช่วยให้คุณควบคุมค่าใช้จ่ายในการเช่ารถได้ตามที่ตั้งใจไว้",
    "severity": "Minor",
    "score_deduction": 1,
    "source_file": "Copy of 2026-2027-th-car-hire-city-06.docx",
    "url": "https://www.skyscanner.co.th/car-hire-in/car-hire-in-amphoe-mueang-samut-prakan/37413046.html",
    "candidate": "https://www.skyscanner.co.th/car-hire-in/car-hire-in-amphoe-mueang-samut-prakan/37413046.html"
  },
  {
    "text": "สำหรับผู้ที่เดินทางเข้ามาทางอากาศ กรุงเทพ สุวรรณภูมิ สนามบิน เป็นอีกจุดรับรถที่สะดวก",
    "issue": "The airport's proper name is structured ungrammatically; the word order 'กรุงเทพ สุวรรณภูมิ สนามบิน' is unnatural in Thai.",
    "type_of_issue": "Grammar",
    "solution": "Rephrase the airport's name to the standard and grammatically correct 'สนามบินสุวรรณภูมิ' for clarity and naturalness.",
    "updated_sentence": "สำหรับผู้ที่เดินทางเข้ามาทางอากาศ สนามบินสุวรรณภูมิเป็นอีกจุดรับรถที่สะดวก",
    "severity": "Minor",
    "score_deduction": 1,
    "source_file": "Copy of 2026-2027-th-car-hire-city-06.docx",
    "url": "https://www.skyscanner.co.th/car-hire-in/car-hire-in-amphoe-mueang-samut-prakan/37413046.html",
    "candidate": "https://www.skyscanner.co.th/car-hire-in/car-hire-in-amphoe-mueang-samut-prakan/37413046.html"
  },
  {
    "text": "ในอำเภอเมืองสมุทรปราการมีผู้ให้บริการรถเช่าทั้งหมด 6 ราย โดย asap car rental เป็นผู้ให้บริการที่ได้รับความนิยมมากที่สุด",
    "issue": "The brand name 'asap car rental' is not capitalized correctly according to standard branding conventions.",
    "type_of_issue": "Compliance",
    "solution": "Capitalize the brand name to 'ASAP Car Rental' to reflect its proper name.",
    "updated_sentence": "ในอำเภอเมืองสมุทรปราการมีผู้ให้บริการรถเช่าทั้งหมด 6 ราย โดย ASAP Car Rental เป็นผู้ให้บริการที่ได้รับความนิยมมากที่สุด",
    "severity": "Minor",
    "score_deduction": 1,
    "source_file": "Copy of 2026-2027-th-car-hire-city-06.docx",
    "url": "https://www.skyscanner.co.th/car-hire-in/car-hire-in-amphoe-mueang-samut-prakan/37413046.html",
    "candidate": "https://www.skyscanner.co.th/car-hire-in/car-hire-in-amphoe-mueang-samut-prakan/37413046.html"
  },
  {
    "text": "ในประเทศไทย การจราจรขับรถชิดด้านซ้ายของถนน บนทางหลวงพิเศษระหว่างเมืองจำกัดความเร็วที่ 120 กิโลเมตรต่อชั่วโมง ส่วนทางด่วนกำหนดไว้ที่ 90 กิโลเมตรต่อชั่วโมง ถนนในชนบทใช้ความเร็วได้ไม่เกิน 90 กิโลเมตรต่อชั่วโมง และถนนประเภทอื่นจำกัดที่ 50 กิโลเมตรต่อชั่วโมง ทางด่วนของไทยมีการเก็บค่าผ่านทางที่ด่านซึ่งมีเจ้าหน้าที่ประจำและรับชำระด้วยเงินสด ควบคู่กับช่องทางที่ใช้บัตรอิเล็กทรอนิกส์อย่าง Easy Pass และ M-Pass นอกจากนี้ยังมีระบบ M-Flow ที่ใช้การอ่านป้ายทะเบียนเพื่อให้ผ่านด่านได้รวดเร็วขึ้น คุณจึงเลือกวิธีชำระได้ตามความสะดวก",
    "issue": "The phrasing for the list of speed limits is inconsistent and lacks parallel structure, using different verb forms (e.g., กำหนดไว้ที่, ใช้ความเร็วได้ไม่เกิน, จำกัดที่).",
    "type_of_issue": "Grammar",
    "solution": "Rephrase the descriptions for each road type to use a consistent grammatical structure for the speed limits.",
    "updated_sentence": "ในประเทศไทย การจราจรขับรถชิดด้านซ้ายของถนน บนทางหลวงพิเศษระหว่างเมืองจำกัดความเร็วที่ 120 กิโลเมตรต่อชั่วโมง ส่วนทางด่วนจำกัดความเร็วที่ 90 กิโลเมตรต่อชั่วโมง ถนนในชนบทจำกัดความเร็วที่ 90 กิโลเมตรต่อชั่วโมง และถนนประเภทอื่นจำกัดความเร็วที่ 50 กิโลเมตรต่อชั่วโมง ทางด่วนของไทยมีการเก็บค่าผ่านทางที่ด่านซึ่งมีเจ้าหน้าที่ประจำและรับชำระด้วยเงินสด ควบคู่กับช่องทางที่ใช้บัตรอิเล็กทรอนิกส์อย่าง Easy Pass และ M-Pass นอกจากนี้ยังมีระบบ M-Flow ที่ใช้การอ่านป้ายทะเบียนเพื่อให้ผ่านด่านได้รวดเร็วขึ้น คุณจึงเลือกวิธีชำระได้ตามความสะดวก",
    "severity": "Minor",
    "score_deduction": 1,
    "source_file": "Copy of 2026-2027-th-car-hire-city-06.docx",
    "url": "https://www.skyscanner.co.th/car-hire-in/car-hire-in-amphoe-mueang-samut-prakan/37413046.html",
    "candidate": "https://www.skyscanner.co.th/car-hire-in/car-hire-in-amphoe-mueang-samut-prakan/37413046.html"
  },
  {
    "text": "การเช่ารถในชุมพรเริ่มต้นที่ราคาต่ำสุด 1,016 บาท ซึ่งเป็นตัวเลือกที่ประหยัดสำหรับการเดินทางในพื้นที่ คุณสามารถเปรียบเทียบราคาจากผู้ให้บริการหลายรายเพื่อหาข้อเสนอที่เหมาะกับความต้องการของคุณ ช่วงเวลาที่เหมาะสมในการจองคือไม่ถึง 1 สัปดาห์ก่อนเดินทาง ซึ่งมักให้ราคาที่ดีที่สุด การวางแผนล่วงหน้าและตรวจสอบราคาก่อนตัดสินใจช่วยให้คุณเลือกรถที่ตรงกับงบประมาณ ลองพิจารณาประเภทรถและเงื่อนไขการเช่าควบคู่ไปกับราคา เพื่อให้ได้ข้อตกลงที่คุ้มค่าสำหรับการเดินทางในชุมพร",
    "issue": "The single paragraph combines multiple distinct ideas (initial price, booking timeline, and other considerations), which makes it dense and difficult to scan.",
    "type_of_issue": "Style",
    "solution": "Split the text into three separate, focused paragraphs to improve readability and structure, with each paragraph addressing a distinct topic.",
    "updated_sentence": "การเช่ารถในชุมพรเริ่มต้นที่ราคาต่ำสุด 1,016 บาท ซึ่งเป็นตัวเลือกที่ประหยัดสำหรับการเดินทางในพื้นที่ คุณสามารถเปรียบเทียบราคาจากผู้ให้บริการหลายรายเพื่อหาข้อเสนอที่เหมาะกับความต้องการของคุณ\n\nช่วงเวลาที่เหมาะสมในการจองคือไม่ถึง 1 สัปดาห์ก่อนเดินทาง ซึ่งมักให้ราคาที่ดีที่สุด การวางแผนล่วงหน้าและตรวจสอบราคาก่อนตัดสินใจช่วยให้คุณเลือกรถที่ตรงกับงบประมาณ\n\nลองพิจารณาประเภทรถและเงื่อนไขการเช่าควบคู่ไปกับราคา เพื่อให้ได้ข้อตกลงที่คุ้มค่าสำหรับการเดินทางในชุมพร",
    "severity": "Minor",
    "score_deduction": 1,
    "source_file": "Copy of 2026-2027-th-car-hire-city-07.docx",
    "url": "https://www.skyscanner.co.th/car-hire-in/car-hire-in-chumphon/27537645.html",
    "candidate": "https://www.skyscanner.co.th/car-hire-in/car-hire-in-chumphon/27537645.html"
  },
  {
    "text": "ในชุมพรมีผู้ให้บริการรถเช่าทั้งหมด 3 ราย ได้แก่ Chic Car Rent, Budget และ Chic Network โดย Chic Car Rent เป็นผู้ให้บริการที่ได้รับความนิยมมากที่สุด อายุขั้นต่ำในการเช่ารถอยู่ที่ 21 ปี และผู้ให้บริการหลายรายคิดค่าธรรมเนียมเพิ่มสำหรับผู้ขับขี่อายุต่ำกว่า 25 ปี ส่วนอายุขั้นต่ำในการขับขี่คือ 18 ปี เอกสารที่ต้องใช้ประกอบด้วยหนังสือเดินทางหรือบัตรประจำตัวที่ยังไม่หมดอายุ พร้อมใบขับขี่ กรณีที่ใบขับขี่ไม่ได้พิมพ์เป็นภาษาอังกฤษหรือภาษาไทย ต้องมีใบอนุญาตขับขี่ระหว่างประเทศเพิ่มเติม ยกเว้นใบขับขี่จากประเทศสมาชิกอาเซียนอื่น ๆ",
    "issue": "The single paragraph combines three distinct topics (providers, age requirements, and document requirements), which makes the content difficult to scan and locate specific information.",
    "type_of_issue": "Style",
    "solution": "Split the text into three separate, focused paragraphs to improve readability and scannability.",
    "updated_sentence": "ในชุมพรมีผู้ให้บริการรถเช่าทั้งหมด 3 ราย ได้แก่ Chic Car Rent, Budget และ Chic Network โดย Chic Car Rent เป็นผู้ให้บริการที่ได้รับความนิยมมากที่สุด\n\nอายุขั้นต่ำในการเช่ารถอยู่ที่ 21 ปี และผู้ให้บริการหลายรายคิดค่าธรรมเนียมเพิ่มสำหรับผู้ขับขี่อายุต่ำกว่า 25 ปี ส่วนอายุขั้นต่ำในการขับขี่คือ 18 ปี\n\nเอกสารที่ต้องใช้ประกอบด้วยหนังสือเดินทางหรือบัตรประจำตัวที่ยังไม่หมดอายุ พร้อมใบขับขี่ กรณีที่ใบขับขี่ไม่ได้พิมพ์เป็นภาษาอังกฤษหรือภาษาไทย ต้องมีใบอนุญาตขับขี่ระหว่างประเทศเพิ่มเติม ยกเว้นใบขับขี่จากประเทศสมาชิกอาเซียนอื่น ๆ",
    "severity": "Minor",
    "score_deduction": 1,
    "source_file": "Copy of 2026-2027-th-car-hire-city-07.docx",
    "url": "https://www.skyscanner.co.th/car-hire-in/car-hire-in-chumphon/27537645.html",
    "candidate": "https://www.skyscanner.co.th/car-hire-in/car-hire-in-chumphon/27537645.html"
  },
  {
    "text": "บนทางหลวงพิเศษระหว่างเมืองความเร็วอยู่ที่ 120 กิโลเมตรต่อชั่วโมง ส่วนทางด่วนจำกัดไว้ที่ 90 กิโลเมตรต่อชั่วโมง ถนนในชนบทกำหนดไว้ที่ 90 กิโลเมตรต่อชั่วโมงเช่นกัน และถนนทั่วไปอยู่ที่ 50 กิโลเมตรต่อชั่วโมง",
    "issue": "A space is missing between the prepositional phrase 'บนทางหลวงพิเศษระหว่างเมือง' and the main clause 'ความเร็วอยู่ที่', which violates Thai spacing conventions for separating clauses.",
    "type_of_issue": "Punctuation/Spelling/Typos",
    "solution": "Add a space after 'ระหว่างเมือง' to ensure proper clause separation as per Thai typography rules.",
    "updated_sentence": "บนทางหลวงพิเศษระหว่างเมือง ความเร็วอยู่ที่ 120 กิโลเมตรต่อชั่วโมง ส่วนทางด่วนจำกัดไว้ที่ 90 กิโลเมตรต่อชั่วโมง ถนนในชนบทกำหนดไว้ที่ 90 กิโลเมตรต่อชั่วโมงเช่นกัน และถนนทั่วไปอยู่ที่ 50 กิโลเมตรต่อชั่วโมง",
    "severity": "Minor",
    "score_deduction": 1,
    "source_file": "Copy of 2026-2027-th-car-hire-city-07.docx",
    "url": "https://www.skyscanner.co.th/car-hire-in/car-hire-in-chumphon/27537645.html",
    "candidate": "https://www.skyscanner.co.th/car-hire-in/car-hire-in-chumphon/27537645.html"
  },
  {
    "text": "การเช่ารถในนาโงย่าเริ่มต้นที่ 366 บาท ซึ่งต่ำกว่าค่าเฉลี่ยรายปีที่ 1,848 บาทอย่างชัดเจน เดือนเมษายนมักเป็นช่วงที่ราคาถูกที่สุด หากวางแผนเดินทางในช่วงนี้ คุณจะมีโอกาสได้ราคาที่คุ้มค่ามากขึ้น การจองในเวลาที่เหมาะสมก็มีผลต่อราคาเช่นกัน สำหรับนาโงย่า ช่วงที่ให้ราคาดีที่สุดคือไม่ถึง 1 สัปดาห์ก่อนเดินทาง การเปรียบเทียบราคาจากผู้ให้บริการหลายรายช่วยให้คุณเห็นตัวเลือกที่ตรงกับงบประมาณ และการปรับวันรับรถให้ยืดหยุ่นยังเพิ่มโอกาสในการพบดีลที่ต่ำกว่าค่าเฉลี่ย",
    "issue": "The single paragraph combines multiple distinct ideas (pricing, best travel month, booking window, and general tips), which makes the text dense and difficult to scan.",
    "type_of_issue": "Style",
    "solution": "Split the text into shorter, distinct paragraphs, with each paragraph focusing on a single core idea to improve scannability.",
    "updated_sentence": "การเช่ารถในนาโงย่าเริ่มต้นที่ 366 บาท ซึ่งต่ำกว่าค่าเฉลี่ยรายปีที่ 1,848 บาทอย่างชัดเจน เดือนเมษายนมักเป็นช่วงที่ราคาถูกที่สุด หากวางแผนเดินทางในช่วงนี้ คุณจะมีโอกาสได้ราคาที่คุ้มค่ามากขึ้น\n\nการจองในเวลาที่เหมาะสมก็มีผลต่อราคาเช่นกัน สำหรับนาโงย่า ช่วงที่ให้ราคาดีที่สุดคือไม่ถึง 1 สัปดาห์ก่อนเดินทาง\n\nการเปรียบเทียบราคาจากผู้ให้บริการหลายรายช่วยให้คุณเห็นตัวเลือกที่ตรงกับงบประมาณ และการปรับวันรับรถให้ยืดหยุ่นยังเพิ่มโอกาสในการพบดีลที่ต่ำกว่าค่าเฉลี่ย",
    "severity": "Minor",
    "score_deduction": 1,
    "source_file": "Copy of 2026-2027-th-car-hire-city-07.docx",
    "url": "https://www.skyscanner.co.th/car-hire-in/car-hire-in-nagoya/27545106.html",
    "candidate": "https://www.skyscanner.co.th/car-hire-in/car-hire-in-nagoya/27545106.html"
  },
  {
    "text": "รถที่ได้รับความนิยมมากที่สุดในนาโงย่าคือ Volkswagen Polo ด้วยขนาดที่เล็ก ใช้งานได้จริง และจอดรถง่ายในพื้นที่เมือง หากต้องการรถขนาดเล็ก คุณจะพบตัวเลือกเกียร์ออโต้จาก Relax car rental ในรุ่น Citroen C1 เริ่มที่ 389 บาทต่อวัน สำหรับผู้ที่ต้องการที่นั่งเพิ่มขึ้น Toyota Yaris จาก ZY Rent A Car รองรับผู้โดยสารได้ห้าคน เป็นเกียร์ออโต้ เริ่มที่ 626 บาทต่อวัน ส่วนกลุ่มที่เดินทางหลายคน Citroen e-Berlingo จาก ZY Rent A Car นั่งได้เจ็ดคน เกียร์ออโต้ เริ่มที่ 1,161 บาทต่อวัน เป็นทางเลือกที่กว้างขวางกว่า",
    "issue": "The proper name 'Relax car rental' uses inconsistent capitalization compared to 'ZY Rent A Car' within the same text.",
    "type_of_issue": "Compliance",
    "solution": "Change 'Relax car rental' to 'Relax Car Rental' to ensure consistent capitalization of brand names.",
    "updated_sentence": "รถที่ได้รับความนิยมมากที่สุดในนาโงย่าคือ Volkswagen Polo ด้วยขนาดที่เล็ก ใช้งานได้จริง และจอดรถง่ายในพื้นที่เมือง หากต้องการรถขนาดเล็ก คุณจะพบตัวเลือกเกียร์ออโต้จาก Relax Car Rental ในรุ่น Citroen C1 เริ่มที่ 389 บาทต่อวัน สำหรับผู้ที่ต้องการที่นั่งเพิ่มขึ้น Toyota Yaris จาก ZY Rent A Car รองรับผู้โดยสารได้ห้าคน เป็นเกียร์ออโต้ เริ่มที่ 626 บาทต่อวัน ส่วนกลุ่มที่เดินทางหลายคน Citroen e-Berlingo จาก ZY Rent A Car นั่งได้เจ็ดคน เกียร์ออโต้ เริ่มที่ 1,161 บาทต่อวัน เป็นทางเลือกที่กว้างขวางกว่า",
    "severity": "Minor",
    "score_deduction": 1,
    "source_file": "Copy of 2026-2027-th-car-hire-city-07.docx",
    "url": "https://www.skyscanner.co.th/car-hire-in/car-hire-in-nagoya/27545106.html",
    "candidate": "https://www.skyscanner.co.th/car-hire-in/car-hire-in-nagoya/27545106.html"
  },
  {
    "text": "ส่วนผู้ที่เดินทางเข้าออกทางอากาศสามารถรับรถได้ที่นาโกย่า จุบุ เซ็นแทร สนามบิน",
    "issue": "The proper name of the airport, \"Chubu Centrair\", is misspelled in the Thai transliteration.",
    "type_of_issue": "Compliance",
    "solution": "Correct the spelling of \"Centrair\" from \"เซ็นแทร\" to \"เซ็นแทรร์\" to accurately reflect the name.",
    "updated_sentence": "ส่วนผู้ที่เดินทางเข้าออกทางอากาศสามารถรับรถได้ที่นาโกย่า จุบุ เซ็นแทรร์ สนามบิน",
    "severity": "Minor",
    "score_deduction": 1,
    "source_file": "Copy of 2026-2027-th-car-hire-city-07.docx",
    "url": "https://www.skyscanner.co.th/car-hire-in/car-hire-in-nagoya/27545106.html",
    "candidate": "https://www.skyscanner.co.th/car-hire-in/car-hire-in-nagoya/27545106.html"
  },
  {
    "text": "ในนาโงย่า / นาโกย่า มีผู้ให้บริการรถเช่าทั้งหมด 6 ราย ตัวเลือกที่ได้รับความนิยมสูงสุดคือ FLOW DRIVE รองลงมาได้แก่ RainBow Rent a Car และ Relax car rental อายุขั้นต่ำในการเช่ารถอยู่ที่ 21 ปี โดยผู้ให้บริการหลายรายจะเรียกเก็บค่าธรรมเนียมเพิ่มสำหรับผู้ขับที่อายุต่ำกว่า 25 ปี ส่วนอายุขั้นต่ำในการขับขี่คือ 18 ปี เอกสารที่ต้องใช้ประกอบด้วยหนังสือเดินทางหรือบัตรประจำตัวประชาชนที่ยังไม่หมดอายุ พร้อมใบขับขี่ที่ยังใช้งานได้ ใบอนุญาตขับขี่ระหว่างประเทศตามอนุสัญญาเจนีวา ปี 1949 จำเป็นสำหรับใบขับขี่ต่างชาติเกือบทั้งหมด ยกเว้นบางประเทศ เช่น เยอรมนี ฝรั่งเศส สวิตเซอร์แลนด์ เบลเยียม โมนาโก และไต้หวัน ที่ต้องใช้คำแปลใบขับขี่อย่างเป็นทางการเป็นภาษาญี่ปุ่นแทน.",
    "issue": "The paragraph incorrectly ends with a full stop, which is contrary to the Thai style guide.",
    "type_of_issue": "Punctuation/Spelling/Typos",
    "solution": "Remove the trailing full stop at the end of the paragraph.",
    "updated_sentence": "ในนาโงย่า / นาโกย่า มีผู้ให้บริการรถเช่าทั้งหมด 6 ราย ตัวเลือกที่ได้รับความนิยมสูงสุดคือ FLOW DRIVE รองลงมาได้แก่ RainBow Rent a Car และ Relax car rental อายุขั้นต่ำในการเช่ารถอยู่ที่ 21 ปี โดยผู้ให้บริการหลายรายจะเรียกเก็บค่าธรรมเนียมเพิ่มสำหรับผู้ขับที่อายุต่ำกว่า 25 ปี ส่วนอายุขั้นต่ำในการขับขี่คือ 18 ปี เอกสารที่ต้องใช้ประกอบด้วยหนังสือเดินทางหรือบัตรประจำตัวประชาชนที่ยังไม่หมดอายุ พร้อมใบขับขี่ที่ยังใช้งานได้ ใบอนุญาตขับขี่ระหว่างประเทศตามอนุสัญญาเจนีวา ปี 1949 จำเป็นสำหรับใบขับขี่ต่างชาติเกือบทั้งหมด ยกเว้นบางประเทศ เช่น เยอรมนี ฝรั่งเศส สวิตเซอร์แลนด์ เบลเยียม โมนาโก และไต้หวัน ที่ต้องใช้คำแปลใบขับขี่อย่างเป็นทางการเป็นภาษาญี่ปุ่นแทน",
    "severity": "Minor",
    "score_deduction": 1,
    "source_file": "Copy of 2026-2027-th-car-hire-city-07.docx",
    "url": "https://www.skyscanner.co.th/car-hire-in/car-hire-in-nagoya/27545106.html",
    "candidate": "https://www.skyscanner.co.th/car-hire-in/car-hire-in-nagoya/27545106.html"
  },
  {
    "text": "ในญี่ปุ่นการจราจรใช้เลนซ้ายของถนน คุณจึงต้องขับรถชิดซ้ายและระวังทิศทางเมื่อเลี้ยวเข้าแยก",
    "issue": "A space is missing after the introductory phrase \"ในญี่ปุ่น\", which is contrary to standard Thai writing conventions for natural spacing between clauses.",
    "type_of_issue": "Punctuation/Spelling/Typos",
    "solution": "Add a space after \"ในญี่ปุ่น\" to correctly separate the introductory phrase from the main clause.",
    "updated_sentence": "ในญี่ปุ่น การจราจรใช้เลนซ้ายของถนน คุณจึงต้องขับรถชิดซ้ายและระวังทิศทางเมื่อเลี้ยวเข้าแยก",
    "severity": "Minor",
    "score_deduction": 1,
    "source_file": "Copy of 2026-2027-th-car-hire-city-07.docx",
    "url": "https://www.skyscanner.co.th/car-hire-in/car-hire-in-nagoya/27545106.html",
    "candidate": "https://www.skyscanner.co.th/car-hire-in/car-hire-in-nagoya/27545106.html"
  },
  {
    "text": "บนถนนในชนบทความเร็วอยู่ที่ 60 กิโลเมตรต่อชั่วโมง และถนนทั่วไปจำกัดที่ 40 กิโลเมตรต่อชั่วโมง",
    "issue": "A space is missing after the introductory phrase \"บนถนนในชนบท\", which is contrary to standard Thai writing conventions for natural spacing between clauses.",
    "type_of_issue": "Punctuation/Spelling/Typos",
    "solution": "Add a space after \"บนถนนในชนบท\" to correctly separate the phrase from the main clause.",
    "updated_sentence": "บนถนนในชนบท ความเร็วอยู่ที่ 60 กิโลเมตรต่อชั่วโมง และถนนทั่วไปจำกัดที่ 40 กิโลเมตรต่อชั่วโมง",
    "severity": "Minor",
    "score_deduction": 1,
    "source_file": "Copy of 2026-2027-th-car-hire-city-07.docx",
    "url": "https://www.skyscanner.co.th/car-hire-in/car-hire-in-nagoya/27545106.html",
    "candidate": "https://www.skyscanner.co.th/car-hire-in/car-hire-in-nagoya/27545106.html"
  },
  {
    "text": "รถที่ได้รับความนิยมมากที่สุดในเล็กเนสคือ Toyota Yaris เพราะมีขนาดเล็ก ใช้งานได้จริง และจอดรถง่าย เหมาะกับการขับในเมืองและการหาที่จอด หากต้องการรถขนาดเล็กแบบนี้ Sixt มี Toyota Yaris เกียร์ออโต้ เริ่มที่ ฿5,663 ต่อวัน สำหรับผู้ที่ต้องการพื้นที่วางกระเป๋ามากขึ้น Sixt ยังมี Toyota bZ4X เกียร์ออโต้ เริ่มที่ ฿6,832 ต่อวัน ซึ่งรองรับผู้โดยสารได้ 5 คน หากมองหารถขนาดใหญ่ขึ้น Peugeot 508 เกียร์ออโต้ จาก Sixt เริ่มที่ ฿7,057 ต่อวัน เป็นอีกทางเลือกหนึ่ง รถทุกคันมีแอร์และรองรับผู้โดยสารได้ 5 คน ช่วยให้เลือกตามจำนวนสัมภาระและงบประมาณที่ต้องการ",
    "issue": "A single paragraph combines three distinct car options and a summary, which packs too many ideas together and makes the text difficult to scan.",
    "type_of_issue": "Style",
    "solution": "Split the content into three shorter, focused paragraphs to improve readability: one for the small car, one for the larger options, and one for the summary of features.",
    "updated_sentence": "รถที่ได้รับความนิยมมากที่สุดในเล็กเนสคือ Toyota Yaris เพราะมีขนาดเล็ก ใช้งานได้จริง และจอดรถง่าย เหมาะกับการขับในเมืองและการหาที่จอด หากต้องการรถขนาดเล็กแบบนี้ Sixt มี Toyota Yaris เกียร์ออโต้ เริ่มที่ ฿5,663 ต่อวัน\n\nสำหรับผู้ที่ต้องการพื้นที่วางกระเป๋ามากขึ้น Sixt ยังมี Toyota bZ4X เกียร์ออโต้ เริ่มที่ ฿6,832 ต่อวัน ซึ่งรองรับผู้โดยสารได้ 5 คน หากมองหารถขนาดใหญ่ขึ้น Peugeot 508 เกียร์ออโต้ จาก Sixt เริ่มที่ ฿7,057 ต่อวัน เป็นอีกทางเลือกหนึ่ง\n\nรถทุกคันมีแอร์และรองรับผู้โดยสารได้ 5 คน ช่วยให้เลือกตามจำนวนสัมภาระและงบประมาณที่ต้องการ",
    "severity": "Minor",
    "score_deduction": 1,
    "source_file": "Copy of 2026-2027-th-car-hire-city-07.docx",
    "url": "https://www.skyscanner.co.th/car-hire-in/car-hire-in-leknes/81977143.html",
    "candidate": "https://www.skyscanner.co.th/car-hire-in/car-hire-in-leknes/81977143.html"
  },
  {
    "text": "อีกทางเลือกหนึ่งคือการรับรถที่ซโวลเวเออ สนามบิน สำหรับผู้ที่เดินทางเข้าออกทางนั้น เมื่อเทียบราคาเริ่มต้นต่อวันระหว่างสองแห่ง การรับรถที่เล็กเนส สนามบินมีแนวโน้มถูกกว่าการรับรถที่ซโวลเวเออ สนามบิน",
    "issue": "The place name 'Svolvær' is transliterated as 'ซโวลเวเออ', which is non-standard and phonetically inaccurate, making the location difficult to recognize. This error appears twice.",
    "type_of_issue": "Accuracy",
    "solution": "Correct the transliteration of 'ซโวลเวเออ' to the standard and more phonetically accurate Thai form 'สโวลวาร์'.",
    "updated_sentence": "อีกทางเลือกหนึ่งคือการรับรถที่สโวลวาร์ สนามบิน สำหรับผู้ที่เดินทางเข้าออกทางนั้น เมื่อเทียบราคาเริ่มต้นต่อวันระหว่างสองแห่ง การรับรถที่เล็กเนส สนามบินมีแนวโน้มถูกกว่าการรับรถที่สโวลวาร์ สนามบิน",
    "severity": "Major",
    "score_deduction": 3,
    "source_file": "Copy of 2026-2027-th-car-hire-city-07.docx",
    "url": "https://www.skyscanner.co.th/car-hire-in/car-hire-in-leknes/81977143.html",
    "candidate": "https://www.skyscanner.co.th/car-hire-in/car-hire-in-leknes/81977143.html"
  },
  {
    "text": "ใบอนุญาตขับขี่สากลไม่จำเป็นสำหรับใบขับขี่จากประเทศในกลุ่ม EU/EEA แต่จำเป็นสำหรับใบขับขี่นอกกลุ่ม EU/EEA ที่ไม่ได้เป็นภาษาอังกฤษหรือภาษาสแกนดิเนเวีย",
    "issue": "The term \"ภาษาสแกนดิเนเวีย\" is an imprecise literal translation for the plural \"Scandinavian languages,\" incorrectly implying a single language rather than a group.",
    "type_of_issue": "Accuracy",
    "solution": "Replace the term with the standard Thai phrase for the language group, \"ภาษาในกลุ่มสแกนดิเนเวีย\" (languages in the Scandinavian group), to correctly reflect the plural source meaning.",
    "updated_sentence": "ใบอนุญาตขับขี่สากลไม่จำเป็นสำหรับใบขับขี่จากประเทศในกลุ่ม EU/EEA แต่จำเป็นสำหรับใบขับขี่นอกกลุ่ม EU/EEA ที่ไม่ได้เป็นภาษาอังกฤษหรือภาษาในกลุ่มสแกนดิเนเวีย",
    "severity": "Minor",
    "score_deduction": 1,
    "source_file": "Copy of 2026-2027-th-car-hire-city-07.docx",
    "url": "https://www.skyscanner.co.th/car-hire-in/car-hire-in-leknes/81977143.html",
    "candidate": "https://www.skyscanner.co.th/car-hire-in/car-hire-in-leknes/81977143.html"
  },
  {
    "text": "ในนอร์เวย์รถวิ่งชิดขวาของถนน บนทางด่วนและมอเตอร์เวย์จำกัดความเร็วอยู่ที่ 100–110 กิโลเมตรต่อชั่วโมง ถนนนอกเมืองกำหนดไว้ที่ 80 กิโลเมตรต่อชั่วโมง ส่วนถนนอื่น ๆ อยู่ที่ 50 กิโลเมตรต่อชั่วโมง คุณควรปรับความเร็วตามป้ายในแต่ละเส้นทาง สำหรับการเก็บค่าผ่านทาง นอร์เวย์ใช้ระบบ AutoPASS ซึ่งเป็นการเก็บค่าผ่านทางอิเล็กทรอนิกส์ด้วยกล้องและอุปกรณ์ทรานสปอนเดอร์ ครอบคลุมสะพาน อุโมงค์ และวงแหวนเก็บค่าผ่านทางในเขตเมืองหลายแห่ง โดยไม่มีตัวเลือกชำระเป็นเงินสด คุณจึงต้องตรวจสอบเงื่อนไขการเก็บค่าผ่านทางกับบริษัทเช่ารถก่อนออกเดินทาง เพื่อให้ทราบวิธีชำระเงินที่เกี่ยวข้องกับรถเช่าของคุณ",
    "issue": "The single paragraph combines two distinct topics (speed limits and the toll system), which makes the content difficult to scan for specific information.",
    "type_of_issue": "Style",
    "solution": "Split the text into two separate paragraphs to improve readability, with the first focusing on speed limits and the second on the toll system.",
    "updated_sentence": "ในนอร์เวย์รถวิ่งชิดขวาของถนน บนทางด่วนและมอเตอร์เวย์จำกัดความเร็วอยู่ที่ 100–110 กิโลเมตรต่อชั่วโมง ถนนนอกเมืองกำหนดไว้ที่ 80 กิโลเมตรต่อชั่วโมง ส่วนถนนอื่น ๆ อยู่ที่ 50 กิโลเมตรต่อชั่วโมง คุณควรปรับความเร็วตามป้ายในแต่ละเส้นทาง\n\nสำหรับการเก็บค่าผ่านทาง นอร์เวย์ใช้ระบบ AutoPASS ซึ่งเป็นการเก็บค่าผ่านทางอิเล็กทรอนิกส์ด้วยกล้องและอุปกรณ์ทรานสปอนเดอร์ ครอบคลุมสะพาน อุโมงค์ และวงแหวนเก็บค่าผ่านทางในเขตเมืองหลายแห่ง โดยไม่มีตัวเลือกชำระเป็นเงินสด คุณจึงต้องตรวจสอบเงื่อนไขการเก็บค่าผ่านทางกับบริษัทเช่ารถก่อนออกเดินทาง เพื่อให้ทราบวิธีชำระเงินที่เกี่ยวข้องกับรถเช่าของคุณ",
    "severity": "Minor",
    "score_deduction": 1,
    "source_file": "Copy of 2026-2027-th-car-hire-city-07.docx",
    "url": "https://www.skyscanner.co.th/car-hire-in/car-hire-in-leknes/81977143.html",
    "candidate": "https://www.skyscanner.co.th/car-hire-in/car-hire-in-leknes/81977143.html"
  },
  {
    "text": "การเช่ารถในนะริตะเริ่มต้นที่ 1,067 บาท ซึ่งต่ำกว่าค่าเฉลี่ยรายปีที่ 1,755 บาทอยู่พอสมควร คุณสามารถเปรียบเทียบราคาจากผู้ให้บริการหลายรายเพื่อดูตัวเลือกที่เหมาะกับความต้องการ เดือนมกราคมมักเป็นช่วงที่ราคาถูกที่สุดสำหรับการเช่ารถในเมืองนี้ หากวางแผนการเดินทางไว้แล้ว การจองล่วงหน้า 2 สัปดาห์ก่อนวันรับรถช่วยให้คุณได้ราคาที่ดีกว่า การกำหนดวันรับและคืนรถให้ชัดเจนตั้งแต่ต้นจะทำให้เห็นภาพราคาที่แท้จริง และช่วยให้คุณเลือกดีลได้ตรงกับงบประมาณมากขึ้น",
    "issue": "The single paragraph contains multiple distinct ideas (price overview, best time to book, booking tips), which makes it difficult to scan and read on a webpage.",
    "type_of_issue": "Style",
    "solution": "Split the text into three smaller, more focused paragraphs to improve scannability and logical flow.",
    "updated_sentence": "การเช่ารถในนะริตะเริ่มต้นที่ 1,067 บาท ซึ่งต่ำกว่าค่าเฉลี่ยรายปีที่ 1,755 บาทอยู่พอสมควร คุณสามารถเปรียบเทียบราคาจากผู้ให้บริการหลายรายเพื่อดูตัวเลือกที่เหมาะกับความต้องการ\n\nเดือนมกราคมมักเป็นช่วงที่ราคาถูกที่สุดสำหรับการเช่ารถในเมืองนี้ หากวางแผนการเดินทางไว้แล้ว การจองล่วงหน้า 2 สัปดาห์ก่อนวันรับรถช่วยให้คุณได้ราคาที่ดีกว่า\n\nการกำหนดวันรับและคืนรถให้ชัดเจนตั้งแต่ต้นจะทำให้เห็นภาพราคาที่แท้จริง และช่วยให้คุณเลือกดีลได้ตรงกับงบประมาณมากขึ้น",
    "severity": "Minor",
    "score_deduction": 1,
    "source_file": "Copy of 2026-2027-th-car-hire-city-07.docx",
    "url": "https://www.skyscanner.co.th/car-hire-in/car-hire-in-narita/31975839.html",
    "candidate": "https://www.skyscanner.co.th/car-hire-in/car-hire-in-narita/31975839.html"
  },
  {
    "text": "หากต้องการรถขนาดเล็กในราคาประหยัด Citroen C1 จาก ｅレンタカー มีเกียร์ออโต้ เริ่มที่ 1,067 บาทต่อวัน ส่วน Fiat Panda จากผู้ให้บริการรายเดียวกัน เป็นเกียร์ออโต้เช่นกัน เริ่มที่ 1,171 บาทต่อวัน รองรับผู้โดยสารได้มากขึ้น สำหรับผู้ที่ต้องการพื้นที่บรรทุกสัมภาระเพิ่ม Mazda CX-5 จาก Europcar เป็นเกียร์ออโต้ เริ่มที่ 2,501 บาทต่อวัน คุณจึงเลือกได้ตามจำนวนผู้โดยสารและงบประมาณที่เหมาะกับการเดินทางของคุณ",
    "issue": "The currency is incorrect for the location. Prices for car rentals in Narita, Japan, are listed in Thai Baht (บาท) instead of Japanese Yen (เยน).",
    "type_of_issue": "Accuracy",
    "solution": "Change the currency unit from 'บาท' (Baht) to 'เยน' (Yen) for all prices mentioned.",
    "updated_sentence": "หากต้องการรถขนาดเล็กในราคาประหยัด Citroen C1 จาก ｅレンタカー มีเกียร์ออโต้ เริ่มที่ 1,067 เยนต่อวัน ส่วน Fiat Panda จากผู้ให้บริการรายเดียวกัน เป็นเกียร์ออโต้เช่นกัน เริ่มที่ 1,171 เยนต่อวัน รองรับผู้โดยสารได้มากขึ้น สำหรับผู้ที่ต้องการพื้นที่บรรทุกสัมภาระเพิ่ม Mazda CX-5 จาก Europcar เป็นเกียร์ออโต้ เริ่มที่ 2,501 เยนต่อวัน คุณจึงเลือกได้ตามจำนวนผู้โดยสารและงบประมาณที่เหมาะกับการเดินทางของคุณ",
    "severity": "Major",
    "score_deduction": 3,
    "source_file": "Copy of 2026-2027-th-car-hire-city-07.docx",
    "url": "https://www.skyscanner.co.th/car-hire-in/car-hire-in-narita/31975839.html",
    "candidate": "https://www.skyscanner.co.th/car-hire-in/car-hire-in-narita/31975839.html"
  },
  {
    "text": "คุณสามารถรับรถเช่าในนะริตะได้ที่นะริตะ อินเตอร์เนชั่นแนล (โตเกียว) สนามบิน ซึ่งเป็นจุดรับรถหลักของเมือง อีกทางเลือกหนึ่งคือสถานีรถไฟเจอาร์นาริตะ ที่ตั้งอยู่ในตัวเมือง การรับรถที่สนามบินมีแนวโน้มราคาถูกกว่าการรับรถในตัวเมือง จุดรับรถที่สนามบินยังรองรับหลากหลายผู้ให้บริการ ทำให้คุณเลือกประเภทรถได้ตามความต้องการ ส่วนจุดรับรถในตัวเมืองเหมาะกับผู้ที่เดินทางด้วยรถไฟและต้องการรับรถใกล้สถานี ทั้งสองจุดตั้งอยู่ในบริเวณที่เข้าถึงได้สะดวก คุณจึงเลือกจุดรับรถให้เหมาะกับแผนการเดินทางของคุณได้",
    "issue": "The single paragraph contains multiple distinct ideas (introduction of locations, comparison of benefits, and a conclusion), which makes the text dense and difficult to scan.",
    "type_of_issue": "Style",
    "solution": "Split the text into three separate, focused paragraphs to improve readability and scannability, with each paragraph addressing a distinct idea.",
    "updated_sentence": "คุณสามารถรับรถเช่าในนะริตะได้ที่นะริตะ อินเตอร์เนชั่นแนล (โตเกียว) สนามบิน ซึ่งเป็นจุดรับรถหลักของเมือง อีกทางเลือกหนึ่งคือสถานีรถไฟเจอาร์นาริตะ ที่ตั้งอยู่ในตัวเมือง\n\nการรับรถที่สนามบินมีแนวโน้มราคาถูกกว่าการรับรถในตัวเมือง จุดรับรถที่สนามบินยังรองรับหลากหลายผู้ให้บริการ ทำให้คุณเลือกประเภทรถได้ตามความต้องการ ส่วนจุดรับรถในตัวเมืองเหมาะกับผู้ที่เดินทางด้วยรถไฟและต้องการรับรถใกล้สถานี\n\nทั้งสองจุดตั้งอยู่ในบริเวณที่เข้าถึงได้สะดวก คุณจึงเลือกจุดรับรถให้เหมาะกับแผนการเดินทางของคุณได้",
    "severity": "Minor",
    "score_deduction": 1,
    "source_file": "Copy of 2026-2027-th-car-hire-city-07.docx",
    "url": "https://www.skyscanner.co.th/car-hire-in/car-hire-in-narita/31975839.html",
    "candidate": "https://www.skyscanner.co.th/car-hire-in/car-hire-in-narita/31975839.html"
  },
  {
    "text": "ในนะริตะมีผู้ให้บริการรถเช่าทั้งหมด 6 ราย ผู้ให้บริการที่ได้รับความนิยมมากที่สุดคือ カースタレンタカー ตามด้วย E-drive Rent a Car และ EasyDrive Rental อายุขั้นต่ำในการเช่ารถอยู่ที่ 21 ปี โดยผู้ให้บริการหลายรายจะเรียกเก็บค่าธรรมเนียมเพิ่มเติมสำหรับผู้ขับขี่อายุต่ำกว่า 25 ปี ส่วนอายุขั้นต่ำในการขับขี่คือ 18 ปี เอกสารที่ต้องใช้ในการเช่ารถประกอบด้วยหนังสือเดินทางหรือบัตรประจำตัวประชาชนที่ยังไม่หมดอายุ และใบขับขี่ที่ยังใช้งานได้ สำหรับใบขับขี่ต่างประเทศเกือบทั้งหมดต้องมีใบอนุญาตขับขี่ระหว่างประเทศตามอนุสัญญาเจนีวา ค.ศ. 1949 ยกเว้นบางประเทศ เช่น เยอรมนี ฝรั่งเศส สวิตเซอร์แลนด์ เบลเยียม โมนาโก และไต้หวัน ที่ต้องใช้คำแปลใบขับขี่อย่างเป็นทางการเป็นภาษาญี่ปุ่นแทน",
    "issue": "The single paragraph combines multiple distinct ideas (providers, age requirements, document requirements), which makes the content difficult to scan and read.",
    "type_of_issue": "Style",
    "solution": "Split the text into three separate, focused paragraphs to improve structure and readability.",
    "updated_sentence": "ในนะริตะมีผู้ให้บริการรถเช่าทั้งหมด 6 ราย ผู้ให้บริการที่ได้รับความนิยมมากที่สุดคือ カースタレンタカー ตามด้วย E-drive Rent a Car และ EasyDrive Rental\n\nอายุขั้นต่ำในการเช่ารถอยู่ที่ 21 ปี โดยผู้ให้บริการหลายรายจะเรียกเก็บค่าธรรมเนียมเพิ่มเติมสำหรับผู้ขับขี่อายุต่ำกว่า 25 ปี ส่วนอายุขั้นต่ำในการขับขี่คือ 18 ปี\n\nเอกสารที่ต้องใช้ในการเช่ารถประกอบด้วยหนังสือเดินทางหรือบัตรประจำตัวประชาชนที่ยังไม่หมดอายุ และใบขับขี่ที่ยังใช้งานได้ สำหรับใบขับขี่ต่างประเทศเกือบทั้งหมดต้องมีใบอนุญาตขับขี่ระหว่างประเทศตามอนุสัญญาเจนีวา ค.ศ. 1949 ยกเว้นบางประเทศ เช่น เยอรมนี ฝรั่งเศส สวิตเซอร์แลนด์ เบลเยียม โมนาโก และไต้หวัน ที่ต้องใช้คำแปลใบขับขี่อย่างเป็นทางการเป็นภาษาญี่ปุ่นแทน",
    "severity": "Minor",
    "score_deduction": 1,
    "source_file": "Copy of 2026-2027-th-car-hire-city-07.docx",
    "url": "https://www.skyscanner.co.th/car-hire-in/car-hire-in-narita/31975839.html",
    "candidate": "https://www.skyscanner.co.th/car-hire-in/car-hire-in-narita/31975839.html"
  },
  {
    "text": "การเช่ารถในตรังเริ่มต้นที่ราคา 848 บาท ซึ่งเป็นราคาต่ำสุดที่พบได้ในขณะนี้ คุณสามารถเปรียบเทียบข้อเสนอจากผู้ให้บริการหลายรายเพื่อดูตัวเลือกที่ตรงกับความต้องการ การจองล่วงหน้า 2 สัปดาห์ก่อนวันรับรถช่วยเพิ่มโอกาสในการได้ราคาที่ดีที่สุด ลองปรับช่วงวันรับและคืนรถเพื่อดูว่าราคาเปลี่ยนแปลงอย่างไร และตรวจสอบเงื่อนไขของแต่ละดีลก่อนยืนยันการจอง เพื่อให้ได้รถที่เหมาะกับแผนการเดินทางของคุณในตรัง",
    "issue": "The single paragraph combines multiple distinct tips, making the text dense and objectively difficult to scan for a user seeking quick advice.",
    "type_of_issue": "Style",
    "solution": "Split the paragraph into two shorter, more focused paragraphs to improve readability and scannability.",
    "updated_sentence": "การเช่ารถในตรังเริ่มต้นที่ราคา 848 บาท ซึ่งเป็นราคาต่ำสุดที่พบได้ในขณะนี้ คุณสามารถเปรียบเทียบข้อเสนอจากผู้ให้บริการหลายรายเพื่อดูตัวเลือกที่ตรงกับความต้องการ การจองล่วงหน้า 2 สัปดาห์ก่อนวันรับรถช่วยเพิ่มโอกาสในการได้ราคาที่ดีที่สุด\n\nลองปรับช่วงวันรับและคืนรถเพื่อดูว่าราคาเปลี่ยนแปลงอย่างไร และตรวจสอบเงื่อนไขของแต่ละดีลก่อนยืนยันการจอง เพื่อให้ได้รถที่เหมาะกับแผนการเดินทางของคุณในตรัง",
    "severity": "Minor",
    "score_deduction": 1,
    "source_file": "Copy of 2026-2027-th-car-hire-city-07.docx",
    "url": "https://www.skyscanner.co.th/car-hire-in/car-hire-in-trang/27547262.html",
    "candidate": "https://www.skyscanner.co.th/car-hire-in/car-hire-in-trang/27547262.html"
  },
  {
    "text": "สำหรับผู้ที่ต้องการรถขนาดใหญ่ขึ้น เอวิส บริการรถเช่า มี Honda Civic เกียร์ออโต้ เริ่มที่ 1,004 บาทต่อวัน ซึ่งรองรับผู้โดยสารได้ 5 คนและกระเป๋า 2 ใบ",
    "issue": "The brand name 'Avis' is presented as 'เอวิส บริการรถเช่า' (Avis car rental service), which is inconsistent with other providers ('Hertz', 'Budget') mentioned by name only in the same text.",
    "type_of_issue": "Compliance",
    "solution": "Remove the generic descriptor 'บริการรถเช่า' to present the brand name 'เอวิส' consistently with the other providers.",
    "updated_sentence": "สำหรับผู้ที่ต้องการรถขนาดใหญ่ขึ้น เอวิส มี Honda Civic เกียร์ออโต้ เริ่มที่ 1,004 บาทต่อวัน ซึ่งรองรับผู้โดยสารได้ 5 คนและกระเป๋า 2 ใบ",
    "severity": "Minor",
    "score_deduction": 1,
    "source_file": "Copy of 2026-2027-th-car-hire-city-07.docx",
    "url": "https://www.skyscanner.co.th/car-hire-in/car-hire-in-trang/27547262.html",
    "candidate": "https://www.skyscanner.co.th/car-hire-in/car-hire-in-trang/27547262.html"
  },
  {
    "text": "คุณจึงเลือกจุดรับที่เหมาะกับเส้นทางเดินทางของคุณได้โดยไม่ต้องกังวลเรื่องส่วนต่างของราค",
    "issue": "The word 'ราคา' (price) is misspelled as 'ราค', missing the final vowel 'า'.",
    "type_of_issue": "Punctuation/Spelling/Typos",
    "solution": "Add the missing vowel 'า' to complete the word 'ราคา'.",
    "updated_sentence": "คุณจึงเลือกจุดรับที่เหมาะกับเส้นทางเดินทางของคุณได้โดยไม่ต้องกังวลเรื่องส่วนต่างของราคา",
    "severity": "Minor",
    "score_deduction": 1,
    "source_file": "Copy of 2026-2027-th-car-hire-city-07.docx",
    "url": "https://www.skyscanner.co.th/car-hire-in/car-hire-in-trang/27547262.html",
    "candidate": "https://www.skyscanner.co.th/car-hire-in/car-hire-in-trang/27547262.html"
  },
  {
    "text": "ในตรังมีผู้ให้บริการรถเช่าทั้งหมด 6 ราย โดย Drive Car Rental เป็นผู้ให้บริการที่ได้รับความนิยมมากที่สุด รองลงมามี Hertz และ Seed Rent a Car ให้เลือกใช้บริการ อายุขั้นต่ำสำหรับการเช่ารถอยู่ที่ 21 ปี ส่วนอายุขั้นต่ำสำหรับการขับขี่คือ 18 ปี เอกสารที่ต้องใช้ประกอบด้วยหนังสือเดินทางหรือบัตรประชาชนที่ยังใช้งานได้ พร้อมใบขับขี่ กรณีที่ใบขับขี่ไม่ได้พิมพ์เป็นภาษาอังกฤษหรือภาษาไทย ต้องใช้ใบอนุญาตขับขี่ระหว่างประเทศเพิ่มเติม ยกเว้นใบขับขี่จากประเทศสมาชิกอาเซียน",
    "issue": "The single paragraph combines multiple distinct topics (providers, age requirements, and document requirements), making the content dense and difficult to scan.",
    "type_of_issue": "Style",
    "solution": "Split the paragraph into smaller, focused paragraphs based on the topic to improve readability and structure.",
    "updated_sentence": "ในตรังมีผู้ให้บริการรถเช่าทั้งหมด 6 ราย โดย Drive Car Rental เป็นผู้ให้บริการที่ได้รับความนิยมมากที่สุด รองลงมามี Hertz และ Seed Rent a Car ให้เลือกใช้บริการ\n\nอายุขั้นต่ำสำหรับการเช่ารถอยู่ที่ 21 ปี ส่วนอายุขั้นต่ำสำหรับการขับขี่คือ 18 ปี\n\nเอกสารที่ต้องใช้ประกอบด้วยหนังสือเดินทางหรือบัตรประชาชนที่ยังใช้งานได้ พร้อมใบขับขี่ กรณีที่ใบขับขี่ไม่ได้พิมพ์เป็นภาษาอังกฤษหรือภาษาไทย ต้องใช้ใบอนุญาตขับขี่ระหว่างประเทศเพิ่มเติม ยกเว้นใบขับขี่จากประเทศสมาชิกอาเซียน",
    "severity": "Minor",
    "score_deduction": 1,
    "source_file": "Copy of 2026-2027-th-car-hire-city-07.docx",
    "url": "https://www.skyscanner.co.th/car-hire-in/car-hire-in-trang/27547262.html",
    "candidate": "https://www.skyscanner.co.th/car-hire-in/car-hire-in-trang/27547262.html"
  },
  {
    "text": "รถที่ได้รับความนิยมมากที่สุดในฟุจิโนะมิยะคือ Renault Clio ด้วยขนาดเล็ก ใช้งานได้จริง และจอดรถง่าย เหมาะกับการขับในเมืองและถนนที่แคบ หากต้องการรถขนาดเล็กในราคาประหยัด Citroen C1 จาก ネットレンタカー เป็นเกียร์ออโต้ เริ่มที่ ฿1,859 ต่อวัน ส่วน Honda Fit จาก NIPPON Rent A Car ก็เป็นเกียร์ออโต้เช่นกัน เริ่มที่ ฿1,960 ต่อวัน รองรับผู้โดยสารได้ห้าคนพร้อมสัมภาระสองใบ สำหรับกลุ่มที่ต้องการพื้นที่มากขึ้น Peugeot 308 จาก ネットレンタカー เกียร์ออโต้ เริ่มที่ ฿2,087 ต่อวัน รองรับสัมภาระได้ถึงสามใบ เลือกตามจำนวนผู้โดยสารและงบประมาณที่วางไว้",
    "issue": "The single paragraph combines descriptions of four different car models and a final call to action, making the text dense and difficult to scan.",
    "type_of_issue": "Style",
    "solution": "Split the text into separate, shorter paragraphs to improve scannability. Each paragraph should focus on one car model, a related category of car, or the call to action.",
    "updated_sentence": "รถที่ได้รับความนิยมมากที่สุดในฟุจิโนะมิยะคือ Renault Clio ด้วยขนาดเล็ก ใช้งานได้จริง และจอดรถง่าย เหมาะกับการขับในเมืองและถนนที่แคบ\n\nหากต้องการรถขนาดเล็กในราคาประหยัด Citroen C1 จาก ネットレンタカー เป็นเกียร์ออโต้ เริ่มที่ ฿1,859 ต่อวัน ส่วน Honda Fit จาก NIPPON Rent A Car ก็เป็นเกียร์ออโต้เช่นกัน เริ่มที่ ฿1,960 ต่อวัน รองรับผู้โดยสารได้ห้าคนพร้อมสัมภาระสองใบ\n\nสำหรับกลุ่มที่ต้องการพื้นที่มากขึ้น Peugeot 308 จาก ネットレンタカー เกียร์ออโต้ เริ่มที่ ฿2,087 ต่อวัน รองรับสัมภาระได้ถึงสามใบ\n\nเลือกตามจำนวนผู้โดยสารและงบประมาณที่วางไว้",
    "severity": "Minor",
    "score_deduction": 1,
    "source_file": "Copy of 2026-2027-th-car-hire-city-07.docx",
    "url": "https://www.skyscanner.co.th/car-hire-in/car-hire-in-fujinomiya/46017562.html",
    "candidate": "https://www.skyscanner.co.th/car-hire-in/car-hire-in-fujinomiya/46017562.html"
  },
  {
    "text": "ในฟุจิโนะมิยะ คุณสามารถรับรถเช่าได้ที่สถานีรถไฟเจอาร์ฟูจิ ซึ่งเป็นจุดรับรถหลักที่มีผู้ให้บริการหลายราย อีกทางเลือกหนึ่งคือสถานีชินฟูจิ ที่ตั้งอยู่ไม่ไกลและมีผู้ให้บริการให้เลือกเช่นกัน ราคาเริ่มต้นต่อวันของทั้งสองจุดใกล้เคียงกัน โดยสถานีรถไฟเจอาร์ฟูจิมีราคาเริ่มต้นต่ำกว่าเล็กน้อย ส่วนการรับรถที่ Fujinomiya Station มีราคาเริ่มต้นสูงกว่าอย่างเห็นได้ชัดและมีผู้ให้บริการน้อยกว่า การเลือกจุดรับรถใกล้สถานีรถไฟจึงช่วยให้คุณเข้าถึงเส้นทางเดินทางในพื้นที่ได้สะดวก",
    "issue": "The single paragraph contains comparisons of three different locations, making the text dense and objectively difficult to scan for key information.",
    "type_of_issue": "Style",
    "solution": "Split the text into shorter, distinct paragraphs to improve scannability and make the comparison of locations easier for the user to follow.",
    "updated_sentence": "ในฟุจิโนะมิยะ คุณสามารถรับรถเช่าได้ที่สถานีรถไฟเจอาร์ฟูจิ ซึ่งเป็นจุดรับรถหลักที่มีผู้ให้บริการหลายราย อีกทางเลือกหนึ่งคือสถานีชินฟูจิ ที่ตั้งอยู่ไม่ไกลและมีผู้ให้บริการให้เลือกเช่นกัน\n\nราคาเริ่มต้นต่อวันของทั้งสองจุดใกล้เคียงกัน โดยสถานีรถไฟเจอาร์ฟูจิมีราคาเริ่มต้นต่ำกว่าเล็กน้อย ส่วนการรับรถที่ Fujinomiya Station มีราคาเริ่มต้นสูงกว่าอย่างเห็นได้ชัดและมีผู้ให้บริการน้อยกว่า\n\nการเลือกจุดรับรถใกล้สถานีรถไฟจึงช่วยให้คุณเข้าถึงเส้นทางเดินทางในพื้นที่ได้สะดวก",
    "severity": "Minor",
    "score_deduction": 1,
    "source_file": "Copy of 2026-2027-th-car-hire-city-07.docx",
    "url": "https://www.skyscanner.co.th/car-hire-in/car-hire-in-fujinomiya/46017562.html",
    "candidate": "https://www.skyscanner.co.th/car-hire-in/car-hire-in-fujinomiya/46017562.html"
  },
  {
    "text": "ในญี่ปุ่นการจราจรใช้เลนซ้ายของถนน คุณต้องปรับตัวกับทิศทางนี้ตลอดการขับขี่",
    "issue": "A space is missing after the introductory phrase 'ในญี่ปุ่น' (In Japan), which violates standard Thai writing conventions for separating clauses and affects readability.",
    "type_of_issue": "Punctuation/Spelling/Typos",
    "solution": "Add a space after 'ในญี่ปุ่น' to correctly separate the introductory phrase from the main clause.",
    "updated_sentence": "ในญี่ปุ่น การจราจรใช้เลนซ้ายของถนน คุณต้องปรับตัวกับทิศทางนี้ตลอดการขับขี่",
    "severity": "Minor",
    "score_deduction": 1,
    "source_file": "Copy of 2026-2027-th-car-hire-city-07.docx",
    "url": "https://www.skyscanner.co.th/car-hire-in/car-hire-in-fujinomiya/46017562.html",
    "candidate": "https://www.skyscanner.co.th/car-hire-in/car-hire-in-fujinomiya/46017562.html"
  },
  {
    "text": "ความเร็วจำกัดบนมอเตอร์เวย์อยู่ที่ 100 กิโลเมตรต่อชั่วโมง ส่วนทางด่วนกำหนดไว้ที่ 80 กิโลเมตรต่อชั่วโมง บนถนนในชนบทความเร็วอยู่ที่ 60 กิโลเมตรต่อชั่วโมง และถนนทั่วไปจำกัดที่ 40 กิโลเมตรต่อชั่วโมง",
    "issue": "A space is missing after the prepositional phrase 'บนถนนในชนบท' (on rural roads), which disrupts the natural reading flow and is inconsistent with standard Thai spacing rules.",
    "type_of_issue": "Punctuation/Spelling/Typos",
    "solution": "Add a space after 'บนถนนในชนบท' to correctly separate the phrase from the following clause.",
    "updated_sentence": "ความเร็วจำกัดบนมอเตอร์เวย์อยู่ที่ 100 กิโลเมตรต่อชั่วโมง ส่วนทางด่วนกำหนดไว้ที่ 80 กิโลเมตรต่อชั่วโมง บนถนนในชนบท ความเร็วอยู่ที่ 60 กิโลเมตรต่อชั่วโมง และถนนทั่วไปจำกัดที่ 40 กิโลเมตรต่อชั่วโมง",
    "severity": "Minor",
    "score_deduction": 1,
    "source_file": "Copy of 2026-2027-th-car-hire-city-07.docx",
    "url": "https://www.skyscanner.co.th/car-hire-in/car-hire-in-fujinomiya/46017562.html",
    "candidate": "https://www.skyscanner.co.th/car-hire-in/car-hire-in-fujinomiya/46017562.html"
  },
  {
    "text": "ในญี่ปุ่นการจราจรใช้เลนซ้ายของถนน คุณต้องปรับตัวกับทิศทางนี้ตลอดการขับขี่ ความเร็วจำกัดบนมอเตอร์เวย์อยู่ที่ 100 กิโลเมตรต่อชั่วโมง ส่วนทางด่วนกำหนดไว้ที่ 80 กิโลเมตรต่อชั่วโมง บนถนนในชนบทความเร็วอยู่ที่ 60 กิโลเมตรต่อชั่วโมง และถนนทั่วไปจำกัดที่ 40 กิโลเมตรต่อชั่วโมง ทางด่วนของญี่ปุ่นเก็บค่าผ่านทางตามระยะทางที่ด่านเก็บเงิน คุณชำระได้ด้วยเงินสดหรือผ่านอุปกรณ์อิเล็กทรอนิกส์ ETC ที่เชื่อมกับบัตรเครดิต ซึ่งมีความจำเป็นมากขึ้นเรื่อยๆ วางแผนเส้นทางและเตรียมวิธีชำระเงินไว้ล่วงหน้าก่อนเข้าใช้ทางด่วนแต่ละสาย",
    "issue": "The single paragraph combines three distinct topics (driving direction, speed limits, and toll roads), which makes the information difficult to scan.",
    "type_of_issue": "Style",
    "solution": "Split the text into three separate paragraphs, each focused on a single topic, to improve scannability.",
    "updated_sentence": "ในญี่ปุ่นการจราจรใช้เลนซ้ายของถนน คุณต้องปรับตัวกับทิศทางนี้ตลอดการขับขี่\n\nความเร็วจำกัดบนมอเตอร์เวย์อยู่ที่ 100 กิโลเมตรต่อชั่วโมง ส่วนทางด่วนกำหนดไว้ที่ 80 กิโลเมตรต่อชั่วโมง บนถนนในชนบทความเร็วอยู่ที่ 60 กิโลเมตรต่อชั่วโมง และถนนทั่วไปจำกัดที่ 40 กิโลเมตรต่อชั่วโมง\n\nทางด่วนของญี่ปุ่นเก็บค่าผ่านทางตามระยะทางที่ด่านเก็บเงิน คุณชำระได้ด้วยเงินสดหรือผ่านอุปกรณ์อิเล็กทรอนิกส์ ETC ที่เชื่อมกับบัตรเครดิต ซึ่งมีความจำเป็นมากขึ้นเรื่อยๆ วางแผนเส้นทางและเตรียมวิธีชำระเงินไว้ล่วงหน้าก่อนเข้าใช้ทางด่วนแต่ละสาย",
    "severity": "Minor",
    "score_deduction": 1,
    "source_file": "Copy of 2026-2027-th-car-hire-city-07.docx",
    "url": "https://www.skyscanner.co.th/car-hire-in/car-hire-in-fujinomiya/46017562.html",
    "candidate": "https://www.skyscanner.co.th/car-hire-in/car-hire-in-fujinomiya/46017562.html"
  },
  {
    "text": "ราคาเช่ารถในดานังเริ่มต้นที่ 1,410 บาท ซึ่งต่ำกว่าราคาเฉลี่ยตลอดทั้งปีที่ 2,569 บาทอย่างเห็นได้ชัด เดือนตุลาคมเป็นช่วงที่ค่าเช่ารถถูกที่สุด คุณจึงวางแผนการเดินทางให้ตรงกับเดือนนี้เพื่อประหยัดค่าใช้จ่ายได้ การจองล่วงหน้า 3 สัปดาห์ก่อนวันรับรถช่วยให้ได้ราคาที่คุ้มค่าที่สุด เปรียบเทียบข้อเสนอจากผู้ให้บริการหลายรายก่อนตัดสินใจ แล้วเลือกรุ่นรถที่เหมาะกับจำนวนผู้โดยสารและเส้นทางที่ต้องการ การเปรียบเทียบราคาและกำหนดช่วงเวลาให้เหมาะสมเป็นวิธีหลักในการลดค่าใช้จ่ายเมื่อเช่ารถในดานัง",
    "issue": "The single paragraph contains multiple distinct tips, which makes it dense and difficult for users to scan.",
    "type_of_issue": "Style",
    "solution": "Split the text into shorter, focused paragraphs, with each one containing a single core idea or tip to improve readability.",
    "updated_sentence": "ราคาเช่ารถในดานังเริ่มต้นที่ 1,410 บาท ซึ่งต่ำกว่าราคาเฉลี่ยตลอดทั้งปีที่ 2,569 บาทอย่างเห็นได้ชัด เดือนตุลาคมเป็นช่วงที่ค่าเช่ารถถูกที่สุด คุณจึงวางแผนการเดินทางให้ตรงกับเดือนนี้เพื่อประหยัดค่าใช้จ่ายได้\n\nการจองล่วงหน้า 3 สัปดาห์ก่อนวันรับรถช่วยให้ได้ราคาที่คุ้มค่าที่สุด\n\nเปรียบเทียบข้อเสนอจากผู้ให้บริการหลายรายก่อนตัดสินใจ แล้วเลือกรุ่นรถที่เหมาะกับจำนวนผู้โดยสารและเส้นทางที่ต้องการ\n\nการเปรียบเทียบราคาและกำหนดช่วงเวลาให้เหมาะสมเป็นวิธีหลักในการลดค่าใช้จ่ายเมื่อเช่ารถในดานัง",
    "severity": "Minor",
    "score_deduction": 1,
    "source_file": "Copy of 2026-2027-th-car-hire-city-07.docx",
    "url": "https://www.skyscanner.co.th/car-hire-in/car-hire-in-da-nang/27540669.html",
    "candidate": "https://www.skyscanner.co.th/car-hire-in/car-hire-in-da-nang/27540669.html"
  },
  {
    "text": "คุณสามารถรับรถเช่าที่ดานัง สนามบิน ซึ่งเป็นจุดรับรถหลักสำหรับผู้ที่เดินทางมาถึงเมือง",
    "issue": "The word order for the place name 'Da Nang Airport' is grammatically incorrect. In Thai, the general noun 'สนามบิน' (airport) should precede the specific name 'ดานัง' (Da Nang).",
    "type_of_issue": "Grammar",
    "solution": "Change the word order from 'ดานัง สนามบิน' to 'สนามบินดานัง' to follow the correct Thai grammatical structure for place names.",
    "updated_sentence": "คุณสามารถรับรถเช่าที่สนามบินดานัง ซึ่งเป็นจุดรับรถหลักสำหรับผู้ที่เดินทางมาถึงเมือง",
    "severity": "Minor",
    "score_deduction": 1,
    "source_file": "Copy of 2026-2027-th-car-hire-city-07.docx",
    "url": "https://www.skyscanner.co.th/car-hire-in/car-hire-in-da-nang/27540669.html",
    "candidate": "https://www.skyscanner.co.th/car-hire-in/car-hire-in-da-nang/27540669.html"
  },
  {
    "text": "ใบขับขี่ต่างประเทศทุกใบต้องมีใบอนุญาตขับขี่สากลแบบอนุสัญญาเวียนนา ค.ศ. 1968 ประกอบด้วย เนื่องจากใบอนุญาตแบบอนุสัญญาเจนีวา ค.ศ. 1949 ไม่ได้รับการยอมรับ",
    "issue": "The phrase \"ต้องมี...ประกอบด้วย\" is grammatically incorrect. The word \"ประกอบด้วย\" (to consist of) is misused, creating an ungrammatical and unnatural sentence.",
    "type_of_issue": "Grammar",
    "solution": "Replace the incorrect verb phrase with a grammatically correct and natural alternative such as \"ต้องใช้ควบคู่กับ\" (must be used in conjunction with).",
    "updated_sentence": "ใบขับขี่ต่างประเทศทุกใบต้องใช้ควบคู่กับใบอนุญาตขับขี่สากลแบบอนุสัญญาเวียนนา ค.ศ. 1968 เนื่องจากใบอนุญาตแบบอนุสัญญาเจนีวา ค.ศ. 1949 ไม่ได้รับการยอมรับ",
    "severity": "Minor",
    "score_deduction": 1,
    "source_file": "Copy of 2026-2027-th-car-hire-city-07.docx",
    "url": "https://www.skyscanner.co.th/car-hire-in/car-hire-in-da-nang/27540669.html",
    "candidate": "https://www.skyscanner.co.th/car-hire-in/car-hire-in-da-nang/27540669.html"
  },
  {
    "text": "ในเวียดนามการจราจรวิ่งอยู่ทางด้านขวาของถนน คุณต้องปรับตัวให้เข้ากับกฎนี้ก่อนเริ่มขับ",
    "issue": "A space is missing after the introductory phrase 'ในเวียดนาม', which is a standard convention in Thai to separate it from the main clause for readability.",
    "type_of_issue": "Punctuation/Spelling/Typos",
    "solution": "Add a space after 'ในเวียดนาม' to follow natural Thai spacing rules.",
    "updated_sentence": "ในเวียดนาม การจราจรวิ่งอยู่ทางด้านขวาของถนน คุณต้องปรับตัวให้เข้ากับกฎนี้ก่อนเริ่มขับ",
    "severity": "Minor",
    "score_deduction": 1,
    "source_file": "Copy of 2026-2027-th-car-hire-city-07.docx",
    "url": "https://www.skyscanner.co.th/car-hire-in/car-hire-in-da-nang/27540669.html",
    "candidate": "https://www.skyscanner.co.th/car-hire-in/car-hire-in-da-nang/27540669.html"
  },
  {
    "text": "เวียดนามเก็บค่าผ่านทางแบบคิดตามระยะทางบนทางด่วน โดยเก็บผ่านระบบอิเล็กทรอนิกส์ (ETC) ด้วยแท็กที่กำหนดให้ติดตั้งมากขึ้นเรื่อย ๆ แม้ว่าหลายด่านยังคงมีช่องทางชำระด้วยเงินสดอยู่",
    "issue": "An incorrect space appears before the repetition symbol 'ๆ' (mai yamok). This symbol must immediately follow the word it modifies without a preceding space.",
    "type_of_issue": "Punctuation/Spelling/Typos",
    "solution": "Remove the space before the repetition symbol 'ๆ' to adhere to standard Thai orthography.",
    "updated_sentence": "เวียดนามเก็บค่าผ่านทางแบบคิดตามระยะทางบนทางด่วน โดยเก็บผ่านระบบอิเล็กทรอนิกส์ (ETC) ด้วยแท็กที่กำหนดให้ติดตั้งมากขึ้นเรื่อยๆ แม้ว่าหลายด่านยังคงมีช่องทางชำระด้วยเงินสดอยู่",
    "severity": "Minor",
    "score_deduction": 1,
    "source_file": "Copy of 2026-2027-th-car-hire-city-07.docx",
    "url": "https://www.skyscanner.co.th/car-hire-in/car-hire-in-da-nang/27540669.html",
    "candidate": "https://www.skyscanner.co.th/car-hire-in/car-hire-in-da-nang/27540669.html"
  },
  {
    "text": "รถที่ได้รับความนิยมมากที่สุดในญาจางคือ Toyota Corolla Cross ด้วยพื้นที่กว้างขวาง ใช้งานได้จริง และเหมาะกับครอบครัว หากต้องการทางเลือกอื่น Localrent มี Chevrolet Cruze เกียร์ออโต้ เริ่มที่ 1,455 บาทต่อวัน ซึ่งเป็นราคาเดียวกับ Hyundai i10 เกียร์ออโต้ สำหรับการเดินทางที่ต้องการที่นั่งและพื้นที่สัมภาระมากขึ้น Chevrolet Tahoe เกียร์ออโต้ จาก Localrent รองรับผู้โดยสารได้เจ็ดที่นั่ง เริ่มที่ 1,925 บาทต่อวัน เลือกขนาดรถให้เหมาะกับจำนวนผู้เดินทางและปริมาณสัมภาระ เพื่อให้ได้ตัวเลือกที่ตรงกับความต้องการในการเดินทางภายในเมืองและพื้นที่โดยรอบ",
    "issue": "The paragraph lacks necessary spaces between sentences, which violates standard Thai writing conventions and impairs readability.",
    "type_of_issue": "Punctuation/Spelling/Typos",
    "solution": "Insert spaces at natural sentence breaks to improve text flow and adhere to Thai typographical rules.",
    "updated_sentence": "รถที่ได้รับความนิยมมากที่สุดในญาจางคือ Toyota Corolla Cross ด้วยพื้นที่กว้างขวาง ใช้งานได้จริง และเหมาะกับครอบครัว หากต้องการทางเลือกอื่น Localrent มี Chevrolet Cruze เกียร์ออโต้ เริ่มที่ 1,455 บาทต่อวัน ซึ่งเป็นราคาเดียวกับ Hyundai i10 เกียร์ออโต้ สำหรับการเดินทางที่ต้องการที่นั่งและพื้นที่สัมภาระมากขึ้น Chevrolet Tahoe เกียร์ออโต้ จาก Localrent รองรับผู้โดยสารได้เจ็ดที่นั่ง เริ่มที่ 1,925 บาทต่อวัน เลือกขนาดรถให้เหมาะกับจำนวนผู้เดินทางและปริมาณสัมภาระ เพื่อให้ได้ตัวเลือกที่ตรงกับความต้องการในการเดินทางภายในเมืองและพื้นที่โดยรอบ",
    "severity": "Minor",
    "score_deduction": 1,
    "source_file": "Copy of 2026-2027-th-car-hire-city-07.docx",
    "url": "https://www.skyscanner.co.th/car-hire-in/car-hire-in-nha-trang/27540641.html",
    "candidate": "https://www.skyscanner.co.th/car-hire-in/car-hire-in-nha-trang/27540641.html"
  },
  {
    "text": "คุณสามารถรับรถเช่าในญาจางได้ที่สนามบินเนีย เทรียง แคม รานห์ ซึ่งเป็นจุดรับรถหลักสำหรับผู้ที่เดินทางมาถึงเมืองทางอากาศ",
    "issue": "The name \"Nha Trang\" is inconsistently transliterated as \"เนีย เทรียง\" in the airport name, while correctly written as \"ญาจาง\" elsewhere in the same sentence, causing confusion.",
    "type_of_issue": "Accuracy",
    "solution": "Replace the incorrect transliteration \"เนีย เทรียง\" with the correct and consistent \"ญาจาง\".",
    "updated_sentence": "คุณสามารถรับรถเช่าในญาจางได้ที่สนามบินญาจาง แคม รานห์ ซึ่งเป็นจุดรับรถหลักสำหรับผู้ที่เดินทางมาถึงเมืองทางอากาศ",
    "severity": "Major",
    "score_deduction": 3,
    "source_file": "Copy of 2026-2027-th-car-hire-city-07.docx",
    "url": "https://www.skyscanner.co.th/car-hire-in/car-hire-in-nha-trang/27540641.html",
    "candidate": "https://www.skyscanner.co.th/car-hire-in/car-hire-in-nha-trang/27540641.html"
  },
  {
    "text": "ในเวียดนามการจราจรวิ่งชิดขวา คุณจึงต้องขับรถทางด้านขวาของถนน",
    "issue": "A missing space after the country name 'เวียดนาม' affects readability.",
    "type_of_issue": "Punctuation/Spelling/Typos",
    "solution": "Add a space after 'เวียดนาม' to follow standard Thai spacing conventions and improve clarity.",
    "updated_sentence": "ในเวียดนาม การจราจรวิ่งชิดขวา คุณจึงต้องขับรถทางด้านขวาของถนน",
    "severity": "Minor",
    "score_deduction": 1,
    "source_file": "Copy of 2026-2027-th-car-hire-city-07.docx",
    "url": "https://www.skyscanner.co.th/car-hire-in/car-hire-in-nha-trang/27540641.html",
    "candidate": "https://www.skyscanner.co.th/car-hire-in/car-hire-in-nha-trang/27540641.html"
  },
  {
    "text": "ในเวียดนามการจราจรวิ่งชิดขวา คุณจึงต้องขับรถทางด้านขวาของถนน สำหรับการจำกัดความเร็ว บนทางหลวงพิเศษกำหนดไว้ที่ 120 กิโลเมตรต่อชั่วโมง ส่วนทางด่วนอยู่ที่ 90 กิโลเมตรต่อชั่วโมง บนถนนในชนบทกำหนดที่ 80 กิโลเมตรต่อชั่วโมง และถนนอื่น ๆ อยู่ที่ 60 กิโลเมตรต่อชั่วโมง เวียดนามเก็บค่าผ่านทางแบบคิดตามระยะทางเป็นกิโลเมตรบนทางด่วน โดยเก็บผ่านระบบอิเล็กทรอนิกส์ (ETC) ที่ต้องติดแท็กมากขึ้นเรื่อย ๆ แต่หลายจุดยังคงมีช่องชำระด้วยเงินสดให้ใช้อยู่ คุณควรวางแผนเส้นทางและเตรียมวิธีชำระค่าผ่านทางไว้ล่วงหน้าก่อนออกเดินทาง",
    "issue": "The single paragraph combines multiple distinct topics (driving side, speed limits, tolls, preparation), which makes it dense and difficult for users to scan.",
    "type_of_issue": "Style",
    "solution": "Split the content into two separate paragraphs to group related ideas and improve overall structure and readability.",
    "updated_sentence": "ในเวียดนามการจราจรวิ่งชิดขวา คุณจึงต้องขับรถทางด้านขวาของถนน สำหรับการจำกัดความเร็ว บนทางหลวงพิเศษกำหนดไว้ที่ 120 กิโลเมตรต่อชั่วโมง ส่วนทางด่วนอยู่ที่ 90 กิโลเมตรต่อชั่วโมง บนถนนในชนบทกำหนดที่ 80 กิโลเมตรต่อชั่วโมง และถนนอื่น ๆ อยู่ที่ 60 กิโลเมตรต่อชั่วโมง\n\nเวียดนามเก็บค่าผ่านทางแบบคิดตามระยะทางเป็นกิโลเมตรบนทางด่วน โดยเก็บผ่านระบบอิเล็กทรอนิกส์ (ETC) ที่ต้องติดแท็กมากขึ้นเรื่อย ๆ แต่หลายจุดยังคงมีช่องชำระด้วยเงินสดให้ใช้อยู่ คุณควรวางแผนเส้นทางและเตรียมวิธีชำระค่าผ่านทางไว้ล่วงหน้าก่อนออกเดินทาง",
    "severity": "Minor",
    "score_deduction": 1,
    "source_file": "Copy of 2026-2027-th-car-hire-city-07.docx",
    "url": "https://www.skyscanner.co.th/car-hire-in/car-hire-in-nha-trang/27540641.html",
    "candidate": "https://www.skyscanner.co.th/car-hire-in/car-hire-in-nha-trang/27540641.html"
  },
  {
    "text": "การเช่ารถในสกลนครเริ่มต้นที่ 666 บาท ซึ่งต่ำกว่าราคาเฉลี่ยรายปีที่อยู่ราว 688 บาท คุณสามารถเปรียบเทียบตัวเลือกจากผู้ให้บริการหลายรายเพื่อดูช่วงราคาที่เหมาะกับการเดินทางของคุณ เดือนกรกฎาคมมักเป็นช่วงที่ค่าเช่ารถถูกที่สุด จึงเป็นตัวเลือกที่น่าพิจารณาหากกำหนดวันเดินทางได้ยืดหยุ่น การจองล่วงหน้า 2 สัปดาห์ก่อนวันรับรถช่วยให้คุณได้ราคาที่ดีที่สุด การตรวจสอบราคาในแต่ละเดือนและวางแผนจองตามกรอบเวลานี้จะช่วยให้คุณจัดการงบประมาณการเช่ารถได้อย่างมีประสิทธิภาพมากขึ้น",
    "issue": "The single paragraph combines multiple distinct topics (pricing, the cheapest month, and the optimal booking window), which makes the text dense and difficult for users to scan efficiently.",
    "type_of_issue": "Style",
    "solution": "Split the content into shorter, single-idea paragraphs to improve scannability and make the key information easier to digest.",
    "updated_sentence": "การเช่ารถในสกลนครเริ่มต้นที่ 666 บาท ซึ่งต่ำกว่าราคาเฉลี่ยรายปีที่อยู่ราว 688 บาท คุณสามารถเปรียบเทียบตัวเลือกจากผู้ให้บริการหลายรายเพื่อดูช่วงราคาที่เหมาะกับการเดินทางของคุณ\n\nเดือนกรกฎาคมมักเป็นช่วงที่ค่าเช่ารถถูกที่สุด จึงเป็นตัวเลือกที่น่าพิจารณาหากกำหนดวันเดินทางได้ยืดหยุ่น\n\nการจองล่วงหน้า 2 สัปดาห์ก่อนวันรับรถช่วยให้คุณได้ราคาที่ดีที่สุด การตรวจสอบราคาในแต่ละเดือนและวางแผนจองตามกรอบเวลานี้จะช่วยให้คุณจัดการงบประมาณการเช่ารถได้อย่างมีประสิทธิภาพมากขึ้น",
    "severity": "Minor",
    "score_deduction": 1,
    "source_file": "Copy of 2026-2027-th-car-hire-city-07.docx",
    "url": "https://www.skyscanner.co.th/car-hire-in/car-hire-in-sakon-nakhon/27550280.html",
    "candidate": "https://www.skyscanner.co.th/car-hire-in/car-hire-in-sakon-nakhon/27550280.html"
  },
  {
    "text": "คุณสามารถรับรถเช่าได้ที่สนามบินสกลนคร ซึ่งเป็นจุดรับรถหลักในพื้นที่ มีบริษัทให้บริการรถเช่าหลายรายตั้งจุดบริการอยู่ในบริเวณดังกล่าว ทำให้การรับรถทันทีเมื่อเดินทางมาถึงเป็นไปได้อย่างสะดวก จุดรับรถบริเวณสนามบินเหมาะกับผู้ที่เดินทางโดยเครื่องบินและต้องการเริ่มต้นการเดินทางต่อด้วยรถยนต์ ราคาเริ่มต้นสำหรับการเช่าที่สนามบินอยู่ในระดับที่เข้าถึงได้ต่อวัน หากคุณมาถึงสกลนครทางอากาศ การเลือกรับรถที่สนามบินช่วยลดขั้นตอนการเดินทางเข้าสู่ตัวเมืองก่อนได้ ทำเลนี้จึงเป็นทางเลือกที่ตรงไปตรงมาสำหรับการเริ่มต้นการเดินทางในพื้นที่.",
    "issue": "A full stop was used at the end of the paragraph, which is contrary to the Thai style guide.",
    "type_of_issue": "Punctuation/Spelling/Typos",
    "solution": "Remove the trailing full stop to comply with the style guide.",
    "updated_sentence": "คุณสามารถรับรถเช่าได้ที่สนามบินสกลนคร ซึ่งเป็นจุดรับรถหลักในพื้นที่ มีบริษัทให้บริการรถเช่าหลายรายตั้งจุดบริการอยู่ในบริเวณดังกล่าว ทำให้การรับรถทันทีเมื่อเดินทางมาถึงเป็นไปได้อย่างสะดวก จุดรับรถบริเวณสนามบินเหมาะกับผู้ที่เดินทางโดยเครื่องบินและต้องการเริ่มต้นการเดินทางต่อด้วยรถยนต์ ราคาเริ่มต้นสำหรับการเช่าที่สนามบินอยู่ในระดับที่เข้าถึงได้ต่อวัน หากคุณมาถึงสกลนครทางอากาศ การเลือกรับรถที่สนามบินช่วยลดขั้นตอนการเดินทางเข้าสู่ตัวเมืองก่อนได้ ทำเลนี้จึงเป็นทางเลือกที่ตรงไปตรงมาสำหรับการเริ่มต้นการเดินทางในพื้นที่",
    "severity": "Minor",
    "score_deduction": 1,
    "source_file": "Copy of 2026-2027-th-car-hire-city-07.docx",
    "url": "https://www.skyscanner.co.th/car-hire-in/car-hire-in-sakon-nakhon/27550280.html",
    "candidate": "https://www.skyscanner.co.th/car-hire-in/car-hire-in-sakon-nakhon/27550280.html"
  },
  {
    "text": "ในสกลนครมีผู้ให้บริการรถเช่าทั้งหมด 4 ราย ตัวเลือกที่ได้รับความนิยมสูงสุดคือ Drive รองลงมาได้แก่ Diamond Car Rental Service และ Drive Car Rental อายุขั้นต่ำสำหรับการเช่ารถอยู่ที่ 21 ปี โดยผู้เช่าที่อายุต่ำกว่า 25 ปีอาจต้องจ่ายค่าธรรมเนียมผู้ขับขี่อายุน้อยเพิ่มเติม ส่วนอายุขั้นต่ำสำหรับการขับขี่คือ 18 ปี เอกสารที่ต้องใช้ประกอบด้วยหนังสือเดินทางหรือบัตรประจำตัวที่ยังไม่หมดอายุ พร้อมใบขับขี่ นอกจากนี้ต้องมีใบอนุญาตขับขี่สากลด้วย เว้นแต่ใบขับขี่ของคุณพิมพ์เป็นภาษาอังกฤษหรือภาษาไทยอยู่แล้ว โดยใบขับขี่จากประเทศสมาชิกอาเซียนอื่นได้รับการยกเว้น",
    "issue": "The single paragraph combines multiple distinct topics (providers, age requirements, document requirements), which makes the text dense and difficult to scan.",
    "type_of_issue": "Style",
    "solution": "Split the text into three separate, focused paragraphs to improve readability and structure.",
    "updated_sentence": "ในสกลนครมีผู้ให้บริการรถเช่าทั้งหมด 4 ราย ตัวเลือกที่ได้รับความนิยมสูงสุดคือ Drive รองลงมาได้แก่ Diamond Car Rental Service และ Drive Car Rental\n\nอายุขั้นต่ำสำหรับการเช่ารถอยู่ที่ 21 ปี โดยผู้เช่าที่อายุต่ำกว่า 25 ปีอาจต้องจ่ายค่าธรรมเนียมผู้ขับขี่อายุน้อยเพิ่มเติม ส่วนอายุขั้นต่ำสำหรับการขับขี่คือ 18 ปี\n\nเอกสารที่ต้องใช้ประกอบด้วยหนังสือเดินทางหรือบัตรประจำตัวที่ยังไม่หมดอายุ พร้อมใบขับขี่ นอกจากนี้ต้องมีใบอนุญาตขับขี่สากลด้วย เว้นแต่ใบขับขี่ของคุณพิมพ์เป็นภาษาอังกฤษหรือภาษาไทยอยู่แล้ว โดยใบขับขี่จากประเทศสมาชิกอาเซียนอื่นได้รับการยกเว้น",
    "severity": "Minor",
    "score_deduction": 1,
    "source_file": "Copy of 2026-2027-th-car-hire-city-07.docx",
    "url": "https://www.skyscanner.co.th/car-hire-in/car-hire-in-sakon-nakhon/27550280.html",
    "candidate": "https://www.skyscanner.co.th/car-hire-in/car-hire-in-sakon-nakhon/27550280.html"
  },
  {
    "text": "ในประเทศไทยการจราจรใช้เลนซ้ายของถนน ก่อนออกเดินทางควรทำความเข้าใจขีดจำกัดความเร็วในแต่ละประเภทถนน บนทางหลวงพิเศษกำหนดไว้ที่ 120 กิโลเมตรต่อชั่วโมง ส่วนทางด่วนอยู่ที่ 90 กิโลเมตรต่อชั่วโมง ถนนในชนบทกำหนดไว้ที่ 90 กิโลเมตรต่อชั่วโมงเช่นกัน และถนนทั่วไปในเขตเมืองอยู่ที่ 50 กิโลเมตรต่อชั่วโมง ทางด่วนในประเทศไทยมีการเก็บค่าผ่านทางที่ด่านซึ่งมีเจ้าหน้าที่ประจำและรับเงินสด นอกจากนี้ยังมีช่องทางสำหรับระบบแท็กอิเล็กทรอนิกส์อย่าง Easy Pass และ M-Pass รวมถึงระบบ M-Flow ที่ใช้การอ่านป้ายทะเบียนเพื่อให้ผ่านทางได้เร็วขึ้น การเตรียมช่องทางชำระเงินไว้ล่วงหน้าจะช่วยให้การเดินทางราบรื่น",
    "issue": "The single paragraph covers multiple distinct topics (driving side, speed limits, and toll systems), which makes the content dense and difficult to scan.",
    "type_of_issue": "Style",
    "solution": "Split the text into two paragraphs for improved readability. The first should cover driving rules and speed limits, and the second should focus on toll systems. Also, add a space after the introductory phrase for natural phrasing.",
    "updated_sentence": "ในประเทศไทย การจราจรใช้เลนซ้ายของถนน ก่อนออกเดินทางควรทำความเข้าใจขีดจำกัดความเร็วในแต่ละประเภทถนน บนทางหลวงพิเศษกำหนดไว้ที่ 120 กิโลเมตรต่อชั่วโมง ส่วนทางด่วนอยู่ที่ 90 กิโลเมตรต่อชั่วโมง ถนนในชนบทกำหนดไว้ที่ 90 กิโลเมตรต่อชั่วโมงเช่นกัน และถนนทั่วไปในเขตเมืองอยู่ที่ 50 กิโลเมตรต่อชั่วโมง\n\nทางด่วนในประเทศไทยมีการเก็บค่าผ่านทางที่ด่านซึ่งมีเจ้าหน้าที่ประจำและรับเงินสด นอกจากนี้ยังมีช่องทางสำหรับระบบแท็กอิเล็กทรอนิกส์อย่าง Easy Pass และ M-Pass รวมถึงระบบ M-Flow ที่ใช้การอ่านป้ายทะเบียนเพื่อให้ผ่านทางได้เร็วขึ้น การเตรียมช่องทางชำระเงินไว้ล่วงหน้าจะช่วยให้การเดินทางราบรื่น",
    "severity": "Minor",
    "score_deduction": 1,
    "source_file": "Copy of 2026-2027-th-car-hire-city-07.docx",
    "url": "https://www.skyscanner.co.th/car-hire-in/car-hire-in-sakon-nakhon/27550280.html",
    "candidate": "https://www.skyscanner.co.th/car-hire-in/car-hire-in-sakon-nakhon/27550280.html"
  },
  {
    "text": "การเช่ารถในทะกะยะมะเริ่มต้นที่ราคาต่ำสุด 2,018 บาท ซึ่งเป็นตัวเลขที่คุณสามารถใช้เปรียบเทียบข้อเสนอต่าง ๆ ก่อนตัดสินใจ เพื่อให้ได้ดีลที่คุ้มค่าที่สุด ควรจองในช่วงไม่ถึง 1 สัปดาห์ก่อนเดินทาง ซึ่งเป็นจังหวะที่ราคามักลดลงมากที่สุด การเปรียบเทียบราคาจากผู้ให้บริการหลายรายจะช่วยให้คุณเห็นทางเลือกที่หลากหลาย ทั้งประเภทของรถและเงื่อนไขการเช่า ลองตรวจสอบรายละเอียดของแต่ละข้อเสนอ รวมถึงนโยบายเชื้อเพลิงและประกันภัย เพื่อให้แน่ใจว่าราคาที่เห็นตรงกับสิ่งที่คุณต้องการใช้งานจริงในทะกะยะมะ",
    "issue": "The single paragraph combines four distinct user tips (starting price, when to book, comparing providers, and checking details), which makes the content dense and difficult to scan.",
    "type_of_issue": "Style",
    "solution": "Split the text into four separate, short paragraphs, with each one addressing a single tip to improve readability.",
    "updated_sentence": "การเช่ารถในทะกะยะมะเริ่มต้นที่ราคาต่ำสุด 2,018 บาท ซึ่งเป็นตัวเลขที่คุณสามารถใช้เปรียบเทียบข้อเสนอต่าง ๆ ก่อนตัดสินใจ\n\nเพื่อให้ได้ดีลที่คุ้มค่าที่สุด ควรจองในช่วงไม่ถึง 1 สัปดาห์ก่อนเดินทาง ซึ่งเป็นจังหวะที่ราคามักลดลงมากที่สุด\n\nการเปรียบเทียบราคาจากผู้ให้บริการหลายรายจะช่วยให้คุณเห็นทางเลือกที่หลากหลาย ทั้งประเภทของรถและเงื่อนไขการเช่า\n\nลองตรวจสอบรายละเอียดของแต่ละข้อเสนอ รวมถึงนโยบายเชื้อเพลิงและประกันภัย เพื่อให้แน่ใจว่าราคาที่เห็นตรงกับสิ่งที่คุณต้องการใช้งานจริงในทะกะยะมะ",
    "severity": "Minor",
    "score_deduction": 1,
    "source_file": "Copy of 2026-2027-th-car-hire-city-07.docx",
    "url": "https://www.skyscanner.co.th/car-hire-in/car-hire-in-takayama/31984716.html",
    "candidate": "https://www.skyscanner.co.th/car-hire-in/car-hire-in-takayama/31984716.html"
  },
  {
    "text": "รถที่ได้รับความนิยมมากที่สุดในทะกะยะมะคือ Toyota Yaris ด้วยความสะดวกสบาย ใช้งานได้จริง และคุ้มค่า เหมาะกับการขับขี่ในเมืองและการเดินทางระยะสั้น หากต้องการรถขนาดใหญ่ขึ้น Toyota Rent A Car มี Ford Transit Wagon เกียร์ออโต้ เริ่มที่ 2,018 บาทต่อวัน และ Toyota RAV4 เกียร์ออโต้ เริ่มที่ 2,170 บาทต่อวัน ซึ่งรองรับผู้โดยสารได้ 5 คนพร้อมสัมภาระ 4 ชิ้น สำหรับ Toyota Yaris เกียร์ออโต้ Hertz ให้บริการเริ่มที่ 2,851 บาทต่อวัน พร้อมระยะทางแบบไม่จำกัด เลือกตามจำนวนผู้โดยสารและสัมภาระที่คุณต้องใช้ในการเดินทาง",
    "issue": "A single paragraph presents multiple distinct car rental options, making the text dense and difficult for users to scan and compare.",
    "type_of_issue": "Style",
    "solution": "Split the content into three separate paragraphs, each focusing on a specific car or offer, to improve readability.",
    "updated_sentence": "รถที่ได้รับความนิยมมากที่สุดในทะกะยะมะคือ Toyota Yaris ด้วยความสะดวกสบาย ใช้งานได้จริง และคุ้มค่า เหมาะกับการขับขี่ในเมืองและการเดินทางระยะสั้น\n\nหากต้องการรถขนาดใหญ่ขึ้น Toyota Rent A Car มี Ford Transit Wagon เกียร์ออโต้ เริ่มที่ 2,018 บาทต่อวัน และ Toyota RAV4 เกียร์ออโต้ เริ่มที่ 2,170 บาทต่อวัน ซึ่งรองรับผู้โดยสารได้ 5 คนพร้อมสัมภาระ 4 ชิ้น\n\nสำหรับ Toyota Yaris เกียร์ออโต้ Hertz ให้บริการเริ่มที่ 2,851 บาทต่อวัน พร้อมระยะทางแบบไม่จำกัด เลือกตามจำนวนผู้โดยสารและสัมภาระที่คุณต้องใช้ในการเดินทาง",
    "severity": "Minor",
    "score_deduction": 1,
    "source_file": "Copy of 2026-2027-th-car-hire-city-07.docx",
    "url": "https://www.skyscanner.co.th/car-hire-in/car-hire-in-takayama/31984716.html",
    "candidate": "https://www.skyscanner.co.th/car-hire-in/car-hire-in-takayama/31984716.html"
  },
  {
    "text": "ราคาเริ่มต้นอยู่ที่ 2,314 บาทต่อวัน ทำให้การรับรถในเขตใจกลางเมืองเป็นตัวเลือกที่มีอยู่สำหรับการเดินทางในพื้นที่",
    "issue": "The price for a car rental in Takayama, Japan, is incorrectly stated in Thai Baht (บาท) instead of the local currency, Japanese Yen (เยน).",
    "type_of_issue": "Accuracy",
    "solution": "Change the currency from \"บาท\" (Baht) to \"เยน\" (Yen) to reflect the correct local currency for Japan.",
    "updated_sentence": "ราคาเริ่มต้นอยู่ที่ 2,314 เยนต่อวัน ทำให้การรับรถในเขตใจกลางเมืองเป็นตัวเลือกที่มีอยู่สำหรับการเดินทางในพื้นที่",
    "severity": "Major",
    "score_deduction": 3,
    "source_file": "Copy of 2026-2027-th-car-hire-city-07.docx",
    "url": "https://www.skyscanner.co.th/car-hire-in/car-hire-in-takayama/31984716.html",
    "candidate": "https://www.skyscanner.co.th/car-hire-in/car-hire-in-takayama/31984716.html"
  },
  {
    "text": "ในญี่ปุ่นการจราจรขับชิดซ้าย จุดนี้ต่างจากหลายประเทศและควรระวังเป็นพิเศษเมื่อเริ่มขับ",
    "issue": "A space is missing between the introductory phrase 'ในญี่ปุ่น' and the main clause, which is a standard convention in Thai for readability.",
    "type_of_issue": "Punctuation/Spelling/Typos",
    "solution": "Add a space after 'ในญี่ปุ่น' to separate it from the following clause.",
    "updated_sentence": "ในญี่ปุ่น การจราจรขับชิดซ้าย จุดนี้ต่างจากหลายประเทศและควรระวังเป็นพิเศษเมื่อเริ่มขับ",
    "severity": "Minor",
    "score_deduction": 1,
    "source_file": "Copy of 2026-2027-th-car-hire-city-07.docx",
    "url": "https://www.skyscanner.co.th/car-hire-in/car-hire-in-takayama/31984716.html",
    "candidate": "https://www.skyscanner.co.th/car-hire-in/car-hire-in-takayama/31984716.html"
  },
  {
    "text": "จุดรับรถอีกทางเลือกหนึ่งคือเซนได สนามบิน ที่เหมาะกับผู้ที่เดินทางมาถึงทางเครื่องบิน",
    "issue": "The word order for the proper name \"Sendai Airport\" is incorrect. In Thai, the general noun 'สนามบิน' (Airport) should precede the specific name 'เซนได' (Sendai).",
    "type_of_issue": "Grammar",
    "solution": "Reverse the word order from \"เซนได สนามบิน\" to \"สนามบินเซนได\" for correct Thai syntax.",
    "updated_sentence": "จุดรับรถอีกทางเลือกหนึ่งคือสนามบินเซนได ที่เหมาะกับผู้ที่เดินทางมาถึงทางเครื่องบิน",
    "severity": "Minor",
    "score_deduction": 1,
    "source_file": "Copy of 2026-2027-th-car-hire-city-08.docx",
    "url": "https://www.skyscanner.co.th/car-hire-in/car-hire-in-sendai/27546288.html",
    "candidate": "https://www.skyscanner.co.th/car-hire-in/car-hire-in-sendai/27546288.html"
  },
  {
    "text": "ส่วนตัวเลือกนอกตัวเมืองยังรวมถึงยะมะงะตะ สนามบิน และสถานีในเขต Natori ด้วย",
    "issue": "The word order for the proper name \"Yamagata Airport\" is incorrect, repeating a pattern seen elsewhere. In Thai, the general noun 'สนามบิน' (Airport) should precede the specific name 'ยะมะงะตะ' (Yamagata).",
    "type_of_issue": "Grammar",
    "solution": "Reverse the word order from \"ยะมะงะตะ สนามบิน\" to \"สนามบินยะมะงะตะ\" for correct Thai syntax.",
    "updated_sentence": "ส่วนตัวเลือกนอกตัวเมืองยังรวมถึงสนามบินยะมะงะตะ และสถานีในเขต Natori ด้วย",
    "severity": "Minor",
    "score_deduction": 1,
    "source_file": "Copy of 2026-2027-th-car-hire-city-08.docx",
    "url": "https://www.skyscanner.co.th/car-hire-in/car-hire-in-sendai/27546288.html",
    "candidate": "https://www.skyscanner.co.th/car-hire-in/car-hire-in-sendai/27546288.html"
  },
  {
    "text": "ในเซนไดมีผู้ให้บริการรถเช่าทั้งหมด 6 ราย โดย Orix เป็นผู้ให้บริการที่ได้รับความนิยมมากที่สุด รองลงมาได้แก่ Times และ NIPPON Rent A Car อายุขั้นต่ำสำหรับการเช่ารถอยู่ที่ 21 ปี ส่วนอายุขั้นต่ำสำหรับการขับขี่อยู่ที่ 18 ปี ผู้เช่าต้องแสดงหนังสือเดินทางหรือบัตรประจำตัวประชาชนที่ถูกต้อง พร้อมใบขับขี่ที่ยังไม่หมดอายุ สำหรับใบขับขี่ต่างประเทศเกือบทั้งหมดต้องมีใบอนุญาตขับขี่สากลที่ออกภายใต้อนุสัญญาเจนีวา ปี 1949 ยกเว้นบางประเทศ เช่น เยอรมนี ฝรั่งเศส สวิตเซอร์แลนด์ เบลเยียม โมนาโก และไต้หวัน ซึ่งต้องใช้คำแปลใบขับขี่ฉบับทางการเป็นภาษาญี่ปุ่นแทน",
    "issue": "This single paragraph combines several distinct topics (providers, age limits, and license requirements), making it dense and difficult for users to scan for specific information.",
    "type_of_issue": "Style",
    "solution": "Split the paragraph into three shorter, logically distinct paragraphs to improve readability and scannability.",
    "updated_sentence": "ในเซนไดมีผู้ให้บริการรถเช่าทั้งหมด 6 ราย โดย Orix เป็นผู้ให้บริการที่ได้รับความนิยมมากที่สุด รองลงมาได้แก่ Times และ NIPPON Rent A Car\n\nอายุขั้นต่ำสำหรับการเช่ารถอยู่ที่ 21 ปี และอายุขั้นต่ำสำหรับการขับขี่อยู่ที่ 18 ปี ผู้เช่าต้องแสดงหนังสือเดินทางหรือบัตรประจำตัวประชาชนที่ถูกต้อง พร้อมใบขับขี่ที่ยังไม่หมดอายุ\n\nสำหรับใบขับขี่ต่างประเทศเกือบทั้งหมดต้องมีใบอนุญาตขับขี่สากลที่ออกภายใต้อนุสัญญาเจนีวา ปี 1949 ยกเว้นบางประเทศ เช่น เยอรมนี ฝรั่งเศส สวิตเซอร์แลนด์ เบลเยียม โมนาโก และไต้หวัน ซึ่งต้องใช้คำแปลใบขับขี่ฉบับทางการเป็นภาษาญี่ปุ่นแทน",
    "severity": "Major",
    "score_deduction": 3,
    "source_file": "Copy of 2026-2027-th-car-hire-city-08.docx",
    "url": "https://www.skyscanner.co.th/car-hire-in/car-hire-in-sendai/27546288.html",
    "candidate": "https://www.skyscanner.co.th/car-hire-in/car-hire-in-sendai/27546288.html"
  },
  {
    "text": "ในญี่ปุ่นการจราจรขับชิดซ้าย ดังนั้นควรทำความคุ้นเคยกับตำแหน่งที่นั่งคนขับก่อนออกเดินทาง",
    "issue": "A space is missing after the introductory phrase \"ในญี่ปุ่น\", which is required by standard Thai writing conventions. This pattern repeats with \"บนถนนในชนบท\".",
    "type_of_issue": "Punctuation/Spelling/Typos",
    "solution": "Add a space after the introductory phrase to separate it from the main clause.",
    "updated_sentence": "ในญี่ปุ่น การจราจรขับชิดซ้าย ดังนั้นควรทำความคุ้นเคยกับตำแหน่งที่นั่งคนขับก่อนออกเดินทาง",
    "severity": "Minor",
    "score_deduction": 1,
    "source_file": "Copy of 2026-2027-th-car-hire-city-08.docx",
    "url": "https://www.skyscanner.co.th/car-hire-in/car-hire-in-sendai/27546288.html",
    "candidate": "https://www.skyscanner.co.th/car-hire-in/car-hire-in-sendai/27546288.html"
  },
  {
    "text": "คุณสามารถชำระด้วยเงินสด หรือใช้อุปกรณ์ ETC แบบอิเล็กทรอนิกส์ที่เชื่อมกับบัตรเครดิต ซึ่งจำเป็นมากขึ้นเรื่อยๆ",
    "issue": "The verb \"เชื่อมกับ\" (connect with) is an imprecise term for describing how an ETC device links to a credit card. The more accurate term is \"ผูกกับ\" (linked to).",
    "type_of_issue": "Accuracy",
    "solution": "Replace \"เชื่อมกับ\" with \"ผูกกับ\" to accurately describe the relationship between the device and the payment account.",
    "updated_sentence": "คุณสามารถชำระด้วยเงินสด หรือใช้อุปกรณ์ ETC แบบอิเล็กทรอนิกส์ที่ผูกกับบัตรเครดิต ซึ่งจำเป็นมากขึ้นเรื่อยๆ",
    "severity": "Minor",
    "score_deduction": 1,
    "source_file": "Copy of 2026-2027-th-car-hire-city-08.docx",
    "url": "https://www.skyscanner.co.th/car-hire-in/car-hire-in-sendai/27546288.html",
    "candidate": "https://www.skyscanner.co.th/car-hire-in/car-hire-in-sendai/27546288.html"
  },
  {
    "text": "สำหรับกลุ่มที่มีสมาชิกมากถึงเจ็ดคน Ford Transit Wagon เกียร์ออโต้จาก NIPPON Rent A Car เริ่มที่ ฿4,073 ต่อวัน รองรับสัมภาระได้สี่ชิ้น",
    "issue": "The numeral classifier 'ชิ้น' (piece) is incorrect for luggage; the correct classifier is 'ใบ'.",
    "type_of_issue": "Grammar",
    "solution": "Change the numeral classifier for 'สัมภาระ' (luggage) from 'ชิ้น' to the grammatically correct 'ใบ'.",
    "updated_sentence": "สำหรับกลุ่มที่มีสมาชิกมากถึงเจ็ดคน Ford Transit Wagon เกียร์ออโต้จาก NIPPON Rent A Car เริ่มที่ ฿4,073 ต่อวัน รองรับสัมภาระได้สี่ใบ",
    "severity": "Minor",
    "score_deduction": 1,
    "source_file": "Copy of 2026-2027-th-car-hire-city-08.docx",
    "url": "https://www.skyscanner.co.th/car-hire-in/car-hire-in-matsumoto/27547100.html",
    "candidate": "https://www.skyscanner.co.th/car-hire-in/car-hire-in-matsumoto/27547100.html"
  },
  {
    "text": "ในมัสซูโมโต้มีผู้ให้บริการรถเช่าทั้งหมด 6 ราย โดย NIPPON Rent A Car เป็นตัวเลือกที่ได้รับความนิยมมากที่สุด รองลงมาได้แก่ Times และ Orix อายุขั้นต่ำในการเช่ารถคือ 21 ปี และผู้ให้บริการหลายรายคิดค่าธรรมเนียมเพิ่มสำหรับผู้ขับที่อายุต่ำกว่า 25 ปี ส่วนอายุขั้นต่ำในการขับขี่คือ 18 ปี เอกสารที่ต้องใช้ประกอบด้วยหนังสือเดินทางหรือบัตรประชาชนที่ยังไม่หมดอายุ พร้อมใบขับขี่ที่ยังใช้งานได้ ใบอนุญาตขับขี่ระหว่างประเทศตามอนุสัญญาเจนีวา ค.ศ. 1949 จำเป็นสำหรับใบขับขี่ต่างชาติเกือบทั้งหมด ยกเว้นบางประเทศ เช่น เยอรมนี ฝรั่งเศส สวิตเซอร์แลนด์ เบลเยียม โมนาโก และไต้หวัน ซึ่งต้องใช้คำแปลภาษาญี่ปุ่นอย่างเป็นทางการของใบขับขี่แทน",
    "issue": "The single paragraph combines multiple distinct topics (providers, age limits, and documentation), which makes it dense and difficult to scan for information.",
    "type_of_issue": "Style",
    "solution": "Split the text into three separate paragraphs, each focusing on a single topic, to improve readability and scannability.",
    "updated_sentence": "ในมัสซูโมโต้มีผู้ให้บริการรถเช่าทั้งหมด 6 ราย โดย NIPPON Rent A Car เป็นตัวเลือกที่ได้รับความนิยมมากที่สุด รองลงมาได้แก่ Times และ Orix\n\nอายุขั้นต่ำในการเช่ารถคือ 21 ปี และผู้ให้บริการหลายรายคิดค่าธรรมเนียมเพิ่มสำหรับผู้ขับที่อายุต่ำกว่า 25 ปี ส่วนอายุขั้นต่ำในการขับขี่คือ 18 ปี\n\nเอกสารที่ต้องใช้ประกอบด้วยหนังสือเดินทางหรือบัตรประชาชนที่ยังไม่หมดอายุ พร้อมใบขับขี่ที่ยังใช้งานได้ ใบอนุญาตขับขี่ระหว่างประเทศตามอนุสัญญาเจนีวา ค.ศ. 1949 จำเป็นสำหรับใบขับขี่ต่างชาติเกือบทั้งหมด ยกเว้นบางประเทศ เช่น เยอรมนี ฝรั่งเศส สวิตเซอร์แลนด์ เบลเยียม โมนาโก และไต้หวัน ซึ่งต้องใช้คำแปลภาษาญี่ปุ่นอย่างเป็นทางการของใบขับขี่แทน",
    "severity": "Minor",
    "score_deduction": 1,
    "source_file": "Copy of 2026-2027-th-car-hire-city-08.docx",
    "url": "https://www.skyscanner.co.th/car-hire-in/car-hire-in-matsumoto/27547100.html",
    "candidate": "https://www.skyscanner.co.th/car-hire-in/car-hire-in-matsumoto/27547100.html"
  },
  {
    "text": "ในญี่ปุ่นการจราจรวิ่งชิดซ้าย จึงควรปรับตัวหากคุณคุ้นเคยกับการขับชิดขวา บนทางหลวงจำกัดความเร็วที่ 100 กิโลเมตรต่อชั่วโมง ส่วนทางด่วนอยู่ที่ 80 กิโลเมตรต่อชั่วโมง สำหรับถนนในชนบทกำหนดไว้ที่ 60 กิโลเมตรต่อชั่วโมง และถนนอื่นๆ ที่ 40 กิโลเมตรต่อชั่วโมง ทางด่วนของญี่ปุ่นเก็บค่าผ่านทางตามระยะทางที่ด่านเก็บเงิน คุณสามารถชำระด้วยเงินสด หรือใช้อุปกรณ์อิเล็กทรอนิกส์ ETC ที่เชื่อมโยงกับบัตรเครดิต ซึ่งมีความจำเป็นมากขึ้นเรื่อยๆ การเตรียมบัตรหรือทรานสปอนเดอร์ไว้ล่วงหน้าช่วยให้ผ่านด่านได้สะดวก และควรสังเกตป้ายจำกัดความเร็วตามประเภทของถนนที่คุณขับผ่าน",
    "issue": "A single body paragraph combines multiple distinct topics (driving side, speed limits, tolls), which negatively impacts scannability and makes the information difficult to digest quickly.",
    "type_of_issue": "Style",
    "solution": "Split the text into three separate paragraphs, each focusing on a single topic, to improve readability and logical structure.",
    "updated_sentence": "ในญี่ปุ่นการจราจรวิ่งชิดซ้าย จึงควรปรับตัวหากคุณคุ้นเคยกับการขับชิดขวา\n\nบนทางหลวงจำกัดความเร็วที่ 100 กิโลเมตรต่อชั่วโมง ส่วนทางด่วนอยู่ที่ 80 กิโลเมตรต่อชั่วโมง สำหรับถนนในชนบทกำหนดไว้ที่ 60 กิโลเมตรต่อชั่วโมง และถนนอื่นๆ ที่ 40 กิโลเมตรต่อชั่วโมง และควรสังเกตป้ายจำกัดความเร็วตามประเภทของถนนที่คุณขับผ่าน\n\nทางด่วนของญี่ปุ่นเก็บค่าผ่านทางตามระยะทางที่ด่านเก็บเงิน คุณสามารถชำระด้วยเงินสด หรือใช้อุปกรณ์อิเล็กทรอนิกส์ ETC ที่เชื่อมโยงกับบัตรเครดิต ซึ่งมีความจำเป็นมากขึ้นเรื่อยๆ การเตรียมบัตรหรือทรานสปอนเดอร์ไว้ล่วงหน้าช่วยให้ผ่านด่านได้สะดวก",
    "severity": "Minor",
    "score_deduction": 1,
    "source_file": "Copy of 2026-2027-th-car-hire-city-08.docx",
    "url": "https://www.skyscanner.co.th/car-hire-in/car-hire-in-matsumoto/27547100.html",
    "candidate": "https://www.skyscanner.co.th/car-hire-in/car-hire-in-matsumoto/27547100.html"
  },
  {
    "text": "การเปรียบเทียบราคาบนสไกป์สแกนเนอร์ช่วยให้คุณเห็นตัวเลือกรถเช่าในพนมเปญได้อย่างชัดเจน",
    "issue": "The brand name 'Skyscanner' is incorrectly transliterated into Thai script ('สไกป์สแกนเนอร์') instead of being kept in its original English form, as required by the style guide.",
    "type_of_issue": "Compliance",
    "solution": "Replace the Thai transliteration 'สไกป์สแกนเนอร์' with the correct brand name 'Skyscanner'.",
    "updated_sentence": "การเปรียบเทียบราคาบน Skyscanner ช่วยให้คุณเห็นตัวเลือกรถเช่าในพนมเปญได้อย่างชัดเจน",
    "severity": "Major",
    "score_deduction": 3,
    "source_file": "Copy of 2026-2027-th-car-hire-city-08.docx",
    "url": "https://www.skyscanner.co.th/car-hire-in/car-hire-in-phnom-penh/27545997.html",
    "candidate": "https://www.skyscanner.co.th/car-hire-in/car-hire-in-phnom-penh/27545997.html"
  },
  {
    "text": "คุณสามารถรับรถเช่าในพนมเปญได้จากหลายพื้นที่ จุดยอดนิยมในเขตเมืองอยู่ที่ Khan Doun Penh ซึ่งครอบคลุมย่านใจกลางและพื้นที่ราชการต่าง ๆ ส่วนผู้ที่เดินทางเข้าออกทางอากาศสามารถรับรถได้ที่สนามบินนานาชาติเตโช การรับรถที่สนามบินมีแนวโน้มราคาต่ำกว่าการรับรถในย่านใจกลางเมืองเล็กน้อย นอกจากนี้ยังมีทางเลือกในเขตอื่น เช่น Sangkat Chey Chumneas, Sangkat Chaktomuk, Khan Chroy Changvar, Sangkat Phsar Kandal II และ Sangkat Phsar Thmey III ให้เลือกตามความสะดวกด้านตำแหน่งที่พักหรือเส้นทางเดินทางของคุณ",
    "issue": "The single paragraph contains multiple distinct topics (popular city locations, the airport option, and a list of other districts), making the content dense and difficult to scan.",
    "type_of_issue": "Style",
    "solution": "Split the text into three separate paragraphs, each focusing on a single topic, to improve readability and structure.",
    "updated_sentence": "คุณสามารถรับรถเช่าในพนมเปญได้จากหลายพื้นที่ จุดยอดนิยมในเขตเมืองอยู่ที่ Khan Doun Penh ซึ่งครอบคลุมย่านใจกลางและพื้นที่ราชการต่าง ๆ\n\nส่วนผู้ที่เดินทางเข้าออกทางอากาศสามารถรับรถได้ที่สนามบินนานาชาติเตโช การรับรถที่สนามบินมีแนวโน้มราคาต่ำกว่าการรับรถในย่านใจกลางเมืองเล็กน้อย\n\nนอกจากนี้ยังมีทางเลือกในเขตอื่น เช่น Sangkat Chey Chumneas, Sangkat Chaktomuk, Khan Chroy Changvar, Sangkat Phsar Kandal II และ Sangkat Phsar Thmey III ให้เลือกตามความสะดวกด้านตำแหน่งที่พักหรือเส้นทางเดินทางของคุณ",
    "severity": "Minor",
    "score_deduction": 1,
    "source_file": "Copy of 2026-2027-th-car-hire-city-08.docx",
    "url": "https://www.skyscanner.co.th/car-hire-in/car-hire-in-phnom-penh/27545997.html",
    "candidate": "https://www.skyscanner.co.th/car-hire-in/car-hire-in-phnom-penh/27545997.html"
  },
  {
    "text": "ในกัมพูชา การจราจรขับชิดขวา บนทางด่วนพนมเปญ–สีหนุวิลล์กำหนดความเร็วไว้ที่ 120 กิโลเมตรต่อชั่วโมง ส่วนทางด่วนทั่วไปจำกัดที่ 100 กิโลเมตรต่อชั่วโมง เมื่อขับบนถนนในชนบทความเร็วสูงสุดอยู่ที่ 90 กิโลเมตรต่อชั่วโมง สำหรับถนนอื่นๆ ความเร็วจำกัดอยู่ที่ 40 กิโลเมตรต่อชั่วโมง กัมพูชามีทางด่วนแบบเก็บค่าผ่านทางเพียงหนึ่งสายที่เปิดใช้งาน คือทางด่วนพนมเปญ–สีหนุวิลล์ ซึ่งคิดค่าธรรมเนียมตามระยะทางเป็นกิโลเมตร ขณะที่ถนนสายอื่นไม่มีการเก็บค่าผ่านทาง คุณจึงควรเตรียมพร้อมสำหรับการชำระค่าผ่านทางเมื่อใช้เส้นทางนี้ และปรับความเร็วให้เหมาะกับประเภทของถนนที่ขับผ่านในแต่ละช่วง",
    "issue": "The single paragraph combines multiple distinct topics (driving side, speed limits, and toll road information), which makes the text dense and difficult to scan.",
    "type_of_issue": "Style",
    "solution": "Split the paragraph into two to separate the information about driving rules and speed limits from the information about toll roads, improving readability.",
    "updated_sentence": "ในกัมพูชา การจราจรขับชิดขวา บนทางด่วนพนมเปญ–สีหนุวิลล์กำหนดความเร็วไว้ที่ 120 กิโลเมตรต่อชั่วโมง ส่วนทางด่วนทั่วไปจำกัดที่ 100 กิโลเมตรต่อชั่วโมง เมื่อขับบนถนนในชนบทความเร็วสูงสุดอยู่ที่ 90 กิโลเมตรต่อชั่วโมง สำหรับถนนอื่นๆ ความเร็วจำกัดอยู่ที่ 40 กิโลเมตรต่อชั่วโมง\n\nกัมพูชามีทางด่วนแบบเก็บค่าผ่านทางเพียงหนึ่งสายที่เปิดใช้งาน คือทางด่วนพนมเปญ–สีหนุวิลล์ ซึ่งคิดค่าธรรมเนียมตามระยะทางเป็นกิโลเมตร ขณะที่ถนนสายอื่นไม่มีการเก็บค่าผ่านทาง คุณจึงควรเตรียมพร้อมสำหรับการชำระค่าผ่านทางเมื่อใช้เส้นทางนี้ และปรับความเร็วให้เหมาะกับประเภทของถนนที่ขับผ่านในแต่ละช่วง",
    "severity": "Minor",
    "score_deduction": 1,
    "source_file": "Copy of 2026-2027-th-car-hire-city-08.docx",
    "url": "https://www.skyscanner.co.th/car-hire-in/car-hire-in-phnom-penh/27545997.html",
    "candidate": "https://www.skyscanner.co.th/car-hire-in/car-hire-in-phnom-penh/27545997.html"
  },
  {
    "text": "การเช่ารถในโรวาเนียมิเริ่มต้นที่ 1,064 บาท ขณะที่ราคาเฉลี่ยตลอดทั้งปีอยู่ที่ 2,031 บาท คุณสามารถเปรียบเทียบราคาจากผู้ให้บริการหลายรายเพื่อหาข้อเสนอที่เหมาะกับการเดินทางของคุณ เดือนกรกฎาคมมักเป็นช่วงที่ค่าเช่ารถต่ำที่สุด จึงเป็นตัวเลือกที่น่าพิจารณาหากคุณวางแผนการเดินทางได้ยืดหยุ่น การจองในเวลาที่เหมาะสมช่วยให้ได้ราคาที่ดีขึ้น โดยช่วงที่คุ้มค่าที่สุดคือไม่ถึง 1 สัปดาห์ก่อนเดินทาง การตรวจสอบตัวเลือกรถหลายประเภทและเงื่อนไขต่าง ๆ ก่อนตัดสินใจจะช่วยให้คุณเลือกได้ตรงกับความต้องการมากที่สุด",
    "issue": "The single paragraph combines multiple distinct ideas (pricing, best booking times, and final checks), which makes the content dense and difficult for users to scan quickly.",
    "type_of_issue": "Style",
    "solution": "Split the text into shorter, focused paragraphs, with each one addressing a single topic to improve readability and structure.",
    "updated_sentence": "การเช่ารถในโรวาเนียมิเริ่มต้นที่ 1,064 บาท ขณะที่ราคาเฉลี่ยตลอดทั้งปีอยู่ที่ 2,031 บาท คุณสามารถเปรียบเทียบราคาจากผู้ให้บริการหลายรายเพื่อหาข้อเสนอที่เหมาะกับการเดินทางของคุณ\n\nเดือนกรกฎาคมมักเป็นช่วงที่ค่าเช่ารถต่ำที่สุด จึงเป็นตัวเลือกที่น่าพิจารณาหากคุณวางแผนการเดินทางได้ยืดหยุ่น การจองในเวลาที่เหมาะสมช่วยให้ได้ราคาที่ดีขึ้น โดยช่วงที่คุ้มค่าที่สุดคือไม่ถึง 1 สัปดาห์ก่อนเดินทาง\n\nการตรวจสอบตัวเลือกรถหลายประเภทและเงื่อนไขต่าง ๆ ก่อนตัดสินใจจะช่วยให้คุณเลือกได้ตรงกับความต้องการมากที่สุด",
    "severity": "Minor",
    "score_deduction": 1,
    "source_file": "Copy of 2026-2027-th-car-hire-city-08.docx",
    "url": "https://www.skyscanner.co.th/car-hire-in/car-hire-in-rovaniemi/27546230.html",
    "candidate": "https://www.skyscanner.co.th/car-hire-in/car-hire-in-rovaniemi/27546230.html"
  },
  {
    "text": "หากต้องการพื้นที่มากขึ้นสำหรับสัมภาระ Nissan Qashqai จาก Green Motion เป็นเกียร์ออโต้ ราคาเริ่มที่ 1,556 บาทต่อวัน รองรับกระเป๋าได้ถึงสี่ใบ",
    "issue": "A space is missing between two independent clauses ('...บาทต่อวัน' and 'รองรับกระเป๋า...'), which impairs readability and creates an inconsistent sentence structure compared to a similar sentence in the text.",
    "type_of_issue": "Punctuation/Spelling/Typos",
    "solution": "Add a space after 'บาทต่อวัน' to properly separate the clauses, improving clarity and consistency.",
    "updated_sentence": "หากต้องการพื้นที่มากขึ้นสำหรับสัมภาระ Nissan Qashqai จาก Green Motion เป็นเกียร์ออโต้ ราคาเริ่มที่ 1,556 บาทต่อวัน รองรับกระเป๋าได้ถึงสี่ใบ",
    "severity": "Minor",
    "score_deduction": 1,
    "source_file": "Copy of 2026-2027-th-car-hire-city-08.docx",
    "url": "https://www.skyscanner.co.th/car-hire-in/car-hire-in-rovaniemi/27546230.html",
    "candidate": "https://www.skyscanner.co.th/car-hire-in/car-hire-in-rovaniemi/27546230.html"
  },
  {
    "text": "อีกทางเลือกหนึ่งคือสถานีรถไฟโรวาเนมิ ที่ตั้งอยู่ใจกลางเมือง และเหมาะกับผู้ที่มาถึงด้วยรถไฟ",
    "issue": "The spelling of the city name 'Rovaniemi' is inconsistent. It is spelled 'โรวาเนมิ' here, but 'โรวาเนียมิ' in the topic name and the preceding sentence.",
    "type_of_issue": "Punctuation/Spelling/Typos",
    "solution": "Correct the spelling to 'โรวาเนียมิ' to maintain consistency throughout the text.",
    "updated_sentence": "อีกทางเลือกหนึ่งคือสถานีรถไฟโรวาเนียมิ ที่ตั้งอยู่ใจกลางเมือง และเหมาะกับผู้ที่มาถึงด้วยรถไฟ",
    "severity": "Minor",
    "score_deduction": 1,
    "source_file": "Copy of 2026-2027-th-car-hire-city-08.docx",
    "url": "https://www.skyscanner.co.th/car-hire-in/car-hire-in-rovaniemi/27546230.html",
    "candidate": "https://www.skyscanner.co.th/car-hire-in/car-hire-in-rovaniemi/27546230.html"
  },
  {
    "text": "ในฟินแลนด์ การจราจรขับชิดขวาของถนน บนทางหลวงและทางด่วนจำกัดความเร็วที่ 80–120 กิโลเมตรต่อชั่วโมง ขึ้นอยู่กับป้ายและช่วงถนน สำหรับถนนในชนบทกำหนดไว้ที่ 80 กิโลเมตรต่อชั่วโมง ส่วนถนนสายอื่นในเขตเมืองจำกัดที่ 50 กิโลเมตรต่อชั่วโมง ฟินแลนด์ไม่มีถนนที่เก็บค่าผ่านทางเลย เครือข่ายถนนและทางหลวงทั้งหมดเปิดให้ใช้งานฟรีสำหรับยานพาหนะทุกประเภท คุณจึงวางแผนเส้นทางได้โดยไม่ต้องคำนวณค่าผ่านทางเพิ่มเติม ควรสังเกตป้ายจำกัดความเร็วตลอดเส้นทาง เนื่องจากตัวเลขอาจเปลี่ยนแปลงตามพื้นที่และสภาพถนนที่คุณขับผ่าน",
    "issue": "The single paragraph combines multiple distinct topics (driving regulations, toll policies, and an advisory note), which negatively impacts scannability for web content.",
    "type_of_issue": "Style",
    "solution": "Split the text into three separate paragraphs, each focusing on a single topic, to improve readability and scannability.",
    "updated_sentence": "ในฟินแลนด์ การจราจรขับชิดขวาของถนน บนทางหลวงและทางด่วนจำกัดความเร็วที่ 80–120 กิโลเมตรต่อชั่วโมง ขึ้นอยู่กับป้ายและช่วงถนน สำหรับถนนในชนบทกำหนดไว้ที่ 80 กิโลเมตรต่อชั่วโมง ส่วนถนนสายอื่นในเขตเมืองจำกัดที่ 50 กิโลเมตรต่อชั่วโมง\n\nฟินแลนด์ไม่มีถนนที่เก็บค่าผ่านทางเลย เครือข่ายถนนและทางหลวงทั้งหมดเปิดให้ใช้งานฟรีสำหรับยานพาหนะทุกประเภท คุณจึงวางแผนเส้นทางได้โดยไม่ต้องคำนวณค่าผ่านทางเพิ่มเติม\n\nควรสังเกตป้ายจำกัดความเร็วตลอดเส้นทาง เนื่องจากตัวเลขอาจเปลี่ยนแปลงตามพื้นที่และสภาพถนนที่คุณขับผ่าน",
    "severity": "Minor",
    "score_deduction": 1,
    "source_file": "Copy of 2026-2027-th-car-hire-city-08.docx",
    "url": "https://www.skyscanner.co.th/car-hire-in/car-hire-in-rovaniemi/27546230.html",
    "candidate": "https://www.skyscanner.co.th/car-hire-in/car-hire-in-rovaniemi/27546230.html"
  },
  {
    "text": "การเช่ารถในฟุระโนะเริ่มต้นที่ราคาต่ำสุด 1,825 บาท คุณสามารถเปรียบเทียบราคาจากผู้ให้บริการหลายรายเพื่อค้นหาข้อเสนอที่ตรงกับความต้องการ การจองล่วงหน้า 2 สัปดาห์ก่อนวันเดินทางช่วยให้คุณได้ราคาที่เหมาะสม ลองปรับช่วงวันรับรถและคืนรถเพื่อดูตัวเลือกที่หลากหลาย การเลือกจุดรับรถและประเภทรถที่แตกต่างกันอาจส่งผลต่อราคาที่คุณจะได้รับ ตรวจสอบเงื่อนไขการเช่าและรายละเอียดของแต่ละข้อเสนอก่อนตัดสินใจ เพื่อให้แน่ใจว่าตรงกับแผนการเดินทางของคุณในฟุระโนะ",
    "issue": "The single paragraph combines multiple distinct tips (booking in advance, adjusting dates, checking conditions), which makes the text dense and difficult to scan.",
    "type_of_issue": "Style",
    "solution": "Split the paragraph into shorter, focused paragraphs, each addressing a separate idea or tip, to improve readability.",
    "updated_sentence": "การเช่ารถในฟุระโนะเริ่มต้นที่ราคาต่ำสุด 1,825 บาท คุณสามารถเปรียบเทียบราคาจากผู้ให้บริการหลายรายเพื่อค้นหาข้อเสนอที่ตรงกับความต้องการ\n\nการจองล่วงหน้า 2 สัปดาห์ก่อนวันเดินทางช่วยให้คุณได้ราคาที่เหมาะสม ลองปรับช่วงวันรับรถและคืนรถเพื่อดูตัวเลือกที่หลากหลาย การเลือกจุดรับรถและประเภทรถที่แตกต่างกันอาจส่งผลต่อราคาที่คุณจะได้รับ\n\nตรวจสอบเงื่อนไขการเช่าและรายละเอียดของแต่ละข้อเสนอก่อนตัดสินใจ เพื่อให้แน่ใจว่าตรงกับแผนการเดินทางของคุณในฟุระโนะ",
    "severity": "Minor",
    "score_deduction": 1,
    "source_file": "Copy of 2026-2027-th-car-hire-city-08.docx",
    "url": "https://www.skyscanner.co.th/car-hire-in/car-hire-in-furano/32008820.html",
    "candidate": "https://www.skyscanner.co.th/car-hire-in/car-hire-in-furano/32008820.html"
  },
  {
    "text": "รถที่ได้รับความนิยมมากที่สุดในฟุระโนะคือ Toyota Yaris ด้วยขนาดเล็ก ใช้งานได้จริง และจอดรถง่าย จึงเหมาะกับการเดินทางในเมืองและถนนแคบ หากมองหาตัวเลือกราคาประหยัด Budget เสนอ Citroen C1 เกียร์ออโต้ เริ่มที่ 1,825 บาทต่อวัน เหมาะกับผู้เดินทางสองถึงสี่คน สำหรับกลุ่มที่ต้องการที่นั่งและพื้นที่สัมภาระมากขึ้น バジェットレンタカー มี Fiat Tipo เกียร์ออโต้ เริ่มที่ 2,071 บาทต่อวัน รองรับผู้โดยสารห้าคน ส่วนผู้ที่เดินทางเป็นกลุ่มใหญ่สามารถเลือก Peugeot 3008 เกียร์ออโต้ จาก Toyota Rent A Car เริ่มที่ 3,299 บาทต่อวัน ซึ่งรองรับได้ถึงหกคนและสัมภาระสี่ชิ้น",
    "issue": "The currency unit is incorrect for the service location. Thai Baht (บาท) is used for a service in Japan, where Japanese Yen (เยน) should be used.",
    "type_of_issue": "Accuracy",
    "solution": "Replace all instances of the currency unit \"บาท\" with \"เยน\" to match the location.",
    "updated_sentence": "รถที่ได้รับความนิยมมากที่สุดในฟุระโนะคือ Toyota Yaris ด้วยขนาดเล็ก ใช้งานได้จริง และจอดรถง่าย จึงเหมาะกับการเดินทางในเมืองและถนนแคบ หากมองหาตัวเลือกราคาประหยัด Budget เสนอ Citroen C1 เกียร์ออโต้ เริ่มที่ 1,825 เยนต่อวัน เหมาะกับผู้เดินทางสองถึงสี่คน สำหรับกลุ่มที่ต้องการที่นั่งและพื้นที่สัมภาระมากขึ้น バジェットレンタカー มี Fiat Tipo เกียร์ออโต้ เริ่มที่ 2,071 เยนต่อวัน รองรับผู้โดยสารห้าคน ส่วนผู้ที่เดินทางเป็นกลุ่มใหญ่สามารถเลือก Peugeot 3008 เกียร์ออโต้ จาก Toyota Rent A Car เริ่มที่ 3,299 เยนต่อวัน ซึ่งรองรับได้ถึงหกคนและสัมภาระสี่ชิ้น",
    "severity": "Major",
    "score_deduction": 3,
    "source_file": "Copy of 2026-2027-th-car-hire-city-08.docx",
    "url": "https://www.skyscanner.co.th/car-hire-in/car-hire-in-furano/32008820.html",
    "candidate": "https://www.skyscanner.co.th/car-hire-in/car-hire-in-furano/32008820.html"
  },
  {
    "text": "อีกทางเลือกหนึ่งคือรับรถที่อะซะฮิกะวะ สนามบิน",
    "issue": "The word order for \"Asahikawa Airport\" is unnatural in Thai. The common noun \"สนามบิน\" (airport) should precede the proper name \"อะซะฮิกะวะ\" to follow standard Thai convention for naming places.",
    "type_of_issue": "Style",
    "solution": "Reverse the word order to the correct and natural Thai form: \"สนามบินอะซะฮิกะวะ\".",
    "updated_sentence": "อีกทางเลือกหนึ่งคือรับรถที่สนามบินอะซะฮิกะวะ",
    "severity": "Minor",
    "score_deduction": 1,
    "source_file": "Copy of 2026-2027-th-car-hire-city-08.docx",
    "url": "https://www.skyscanner.co.th/car-hire-in/car-hire-in-furano/32008820.html",
    "candidate": "https://www.skyscanner.co.th/car-hire-in/car-hire-in-furano/32008820.html"
  },
  {
    "text": "ในญี่ปุ่นการจราจรขับชิดด้านซ้ายของถนน คุณต้องปรับตัวหากคุ้นเคยกับการขับชิดขว​า",
    "issue": "The word \"ขวา\" contains an erroneous zero-width space character, which is a technical typo.",
    "type_of_issue": "Punctuation/Spelling/Typos",
    "solution": "Remove the zero-width space from the word \"ขวา\".",
    "updated_sentence": "ในญี่ปุ่นการจราจรขับชิดด้านซ้ายของถนน คุณต้องปรับตัวหากคุ้นเคยกับการขับชิดขวา",
    "severity": "Minor",
    "score_deduction": 1,
    "source_file": "Copy of 2026-2027-th-car-hire-city-08.docx",
    "url": "https://www.skyscanner.co.th/car-hire-in/car-hire-in-furano/32008820.html",
    "candidate": "https://www.skyscanner.co.th/car-hire-in/car-hire-in-furano/32008820.html"
  },
  {
    "text": "ในญี่ปุ่นการจราจรขับชิดด้านซ้ายของถนน คุณต้องปรับตัวหากคุ้นเคยกับการขับชิดขว​า จำกัดความเร็วบนทางหลวงอยู่ที่ 100 กิโลเมตรต่อชั่วโมง ส่วนทางด่วนกำหนดไว้ที่ 80 กิโลเมตรต่อชั่วโมง บนถนนในชนบทความเร็วจำกัดที่ 60 กิโลเมตรต่อชั่วโมง และถนนสายอื่นอยู่ที่ 40 กิโลเมตรต่อชั่วโมง ทางด่วนของญี่ปุ่นเก็บค่าผ่านทางตามระยะทางที่ด่านเก็บเงิน คุณชำระได้ด้วยเงินสดหรืออุปกรณ์ ETC แบบอิเล็กทรอนิกส์ที่เชื่อมกับบัตรเครดิต ซึ่งมีความจำเป็นมากขึ้นเรื่อยๆ การเตรียมอุปกรณ์นี้ไว้ล่วงหน้าช่วยให้ผ่านด่านได้สะดวกกว่าการใช้เงินสด",
    "issue": "The single paragraph combines three distinct topics (driving side, speed limits, and tolls), which harms readability and makes the information difficult to scan.",
    "type_of_issue": "Style",
    "solution": "Separate the content into three distinct paragraphs, one for each topic, to improve structure and scannability.",
    "updated_sentence": "ในญี่ปุ่นการจราจรขับชิดด้านซ้ายของถนน คุณต้องปรับตัวหากคุ้นเคยกับการขับชิดขวา\n\nจำกัดความเร็วบนทางหลวงอยู่ที่ 100 กิโลเมตรต่อชั่วโมง ส่วนทางด่วนกำหนดไว้ที่ 80 กิโลเมตรต่อชั่วโมง บนถนนในชนบทความเร็วจำกัดที่ 60 กิโลเมตรต่อชั่วโมง และถนนสายอื่นอยู่ที่ 40 กิโลเมตรต่อชั่วโมง\n\nทางด่วนของญี่ปุ่นเก็บค่าผ่านทางตามระยะทางที่ด่านเก็บเงิน คุณชำระได้ด้วยเงินสดหรืออุปกรณ์ ETC แบบอิเล็กทรอนิกส์ที่เชื่อมกับบัตรเครดิต ซึ่งมีความจำเป็นมากขึ้นเรื่อยๆ การเตรียมอุปกรณ์นี้ไว้ล่วงหน้าช่วยให้ผ่านด่านได้สะดวกกว่าการใช้เงินสด",
    "severity": "Minor",
    "score_deduction": 1,
    "source_file": "Copy of 2026-2027-th-car-hire-city-08.docx",
    "url": "https://www.skyscanner.co.th/car-hire-in/car-hire-in-furano/32008820.html",
    "candidate": "https://www.skyscanner.co.th/car-hire-in/car-hire-in-furano/32008820.html"
  },
  {
    "text": "การเช่ารถในเอ็กซิเตอร์เริ่มต้นที่ 1,579 บาท ซึ่งต่ำกว่าค่าเฉลี่ยรายปีที่อยู่ราว 1,999 บาท คุณสามารถเปรียบเทียบราคาจากผู้ให้บริการหลายรายเพื่อดูตัวเลือกที่คุ้มค่าที่สุด เดือนกรกฎาคมมักเป็นช่วงที่ราคาถูกกว่าเดือนอื่นในรอบปี หากวางแผนการเดินทางไว้แล้ว การจองล่วงหน้า 2 สัปดาห์ก่อนวันรับรถช่วยให้ได้ราคาที่ดีกว่าการจองแบบกระชั้นชิด การกำหนดวันรับและคืนรถให้ชัดเจนตั้งแต่ต้นจะช่วยให้เห็นความแตกต่างของราคาในแต่ละช่วงเวลาได้ง่ายขึ้น และเลือกดีลที่ตรงกับงบประมาณของคุณ",
    "issue": "The single paragraph combines multiple distinct ideas (pricing information, cheapest month, and two separate booking tips), which makes the text dense and difficult to scan.",
    "type_of_issue": "Style",
    "solution": "Split the text into shorter, single-idea paragraphs to improve readability and scannability for the user.",
    "updated_sentence": "การเช่ารถในเอ็กซิเตอร์เริ่มต้นที่ 1,579 บาท ซึ่งต่ำกว่าค่าเฉลี่ยรายปีที่อยู่ราว 1,999 บาท คุณสามารถเปรียบเทียบราคาจากผู้ให้บริการหลายรายเพื่อดูตัวเลือกที่คุ้มค่าที่สุด\n\nเดือนกรกฎาคมมักเป็นช่วงที่ราคาถูกกว่าเดือนอื่นในรอบปี\n\nหากวางแผนการเดินทางไว้แล้ว การจองล่วงหน้า 2 สัปดาห์ก่อนวันรับรถช่วยให้ได้ราคาที่ดีกว่าการจองแบบกระชั้นชิด\n\nการกำหนดวันรับและคืนรถให้ชัดเจนตั้งแต่ต้นจะช่วยให้เห็นความแตกต่างของราคาในแต่ละช่วงเวลาได้ง่ายขึ้น และเลือกดีลที่ตรงกับงบประมาณของคุณ",
    "severity": "Minor",
    "score_deduction": 1,
    "source_file": "Copy of 2026-2027-th-car-hire-city-08.docx",
    "url": "https://www.skyscanner.co.th/car-hire-in/car-hire-in-exeter/27540984.html",
    "candidate": "https://www.skyscanner.co.th/car-hire-in/car-hire-in-exeter/27540984.html"
  },
  {
    "text": "รถที่ได้รับความนิยมมากที่สุดในเอ็กซิเตอร์คือ Vauxhall Corsa ด้วยขนาดเล็ก ใช้งานได้จริง และจอดรถง่าย เหมาะกับการขับในเมืองและถนนแคบ คุณเช่า Vauxhall Corsa เกียร์ธรรมดาได้จาก Enterprise เริ่มที่ ฿2,063 ต่อวัน ซึ่งเป็นราคาต่ำสุดในกลุ่มนี้ หากต้องการเกียร์ออโต้ Switch มี Ford Transit Connect เริ่มที่ ฿2,145 ต่อวัน ซึ่งรองรับสัมภาระได้ถึงห้าใบ อีกทางเลือกขนาดเล็กคือ Kia Picanto เกียร์ธรรมดาจาก Hertz เริ่มที่ ฿2,186 ต่อวัน เหมาะกับผู้เดินทางจำนวนน้อยที่ต้องการรถกะทัดรัด การเลือกจึงขึ้นอยู่กับจำนวนผู้โดยสาร ปริมาณสัมภาระ และประเภทเกียร์ที่คุณสะดวกขับ",
    "issue": "The currency symbol is incorrect for the location. The topic is Exeter (UK), which uses Pound Sterling (£), but the text uses the Thai Baht symbol (฿).",
    "type_of_issue": "Accuracy",
    "solution": "Change all instances of the Thai Baht symbol (฿) to the Pound Sterling symbol (£) to match the location's currency.",
    "updated_sentence": "รถที่ได้รับความนิยมมากที่สุดในเอ็กซิเตอร์คือ Vauxhall Corsa ด้วยขนาดเล็ก ใช้งานได้จริง และจอดรถง่าย เหมาะกับการขับในเมืองและถนนแคบ คุณเช่า Vauxhall Corsa เกียร์ธรรมดาได้จาก Enterprise เริ่มที่ £2,063 ต่อวัน ซึ่งเป็นราคาต่ำสุดในกลุ่มนี้ หากต้องการเกียร์ออโต้ Switch มี Ford Transit Connect เริ่มที่ £2,145 ต่อวัน ซึ่งรองรับสัมภาระได้ถึงห้าใบ อีกทางเลือกขนาดเล็กคือ Kia Picanto เกียร์ธรรมดาจาก Hertz เริ่มที่ £2,186 ต่อวัน เหมาะกับผู้เดินทางจำนวนน้อยที่ต้องการรถกะทัดรัด การเลือกจึงขึ้นอยู่กับจำนวนผู้โดยสาร ปริมาณสัมภาระ และประเภทเกียร์ที่คุณสะดวกขับ",
    "severity": "Major",
    "score_deduction": 3,
    "source_file": "Copy of 2026-2027-th-car-hire-city-08.docx",
    "url": "https://www.skyscanner.co.th/car-hire-in/car-hire-in-exeter/27540984.html",
    "candidate": "https://www.skyscanner.co.th/car-hire-in/car-hire-in-exeter/27540984.html"
  },
  {
    "text": "ในเอ็กซิเตอร์มีบริษัทรถเช่าให้เลือก 6 แห่ง โดย Enterprise เป็นผู้ให้บริการที่ได้รับความนิยมมากที่สุด รองลงมามีทั้ง Alamo และ Keddy By Europcar ให้เลือกใช้บริการด้วย",
    "issue": "The brand name \"Keddy By Europcar\" is incorrectly capitalized.",
    "type_of_issue": "Compliance",
    "solution": "Correct the capitalization of the brand name to \"Keddy by Europcar\".",
    "updated_sentence": "ในเอ็กซิเตอร์มีบริษัทรถเช่าให้เลือก 6 แห่ง โดย Enterprise เป็นผู้ให้บริการที่ได้รับความนิยมมากที่สุด รองลงมามีทั้ง Alamo และ Keddy by Europcar ให้เลือกใช้บริการด้วย",
    "severity": "Minor",
    "score_deduction": 1,
    "source_file": "Copy of 2026-2027-th-car-hire-city-08.docx",
    "url": "https://www.skyscanner.co.th/car-hire-in/car-hire-in-exeter/27540984.html",
    "candidate": "https://www.skyscanner.co.th/car-hire-in/car-hire-in-exeter/27540984.html"
  },
  {
    "text": "ในเอ็กซิเตอร์มีบริษัทรถเช่าให้เลือก 6 แห่ง โดย Enterprise เป็นผู้ให้บริการที่ได้รับความนิยมมากที่สุด รองลงมามีทั้ง Alamo และ Keddy By Europcar ให้เลือกใช้บริการด้วย อายุขั้นต่ำสำหรับการเช่ารถอยู่ที่ 21 ปี และผู้ให้บริการหลายรายจะคิดค่าธรรมเนียมเพิ่มสำหรับผู้ขับขี่อายุต่ำกว่า 25 ปี ส่วนอายุขั้นต่ำในการขับขี่คือ 17 ปี สำหรับเอกสารที่ต้องใช้ คุณต้องเตรียมหนังสือเดินทางหรือบัตรประจำตัวที่ยังไม่หมดอายุพร้อมใบขับขี่ และหากใบขับขี่ไม่ได้พิมพ์เป็นภาษาอังกฤษทั้งหมด คุณจะต้องมีใบอนุญาตขับขี่สากลเพิ่มเติมด้วย",
    "issue": "The single paragraph combines three distinct topics (providers, age requirements, and documentation), which harms scannability.",
    "type_of_issue": "Style",
    "solution": "Split the text into three separate, focused paragraphs to improve readability.",
    "updated_sentence": "ในเอ็กซิเตอร์มีบริษัทรถเช่าให้เลือก 6 แห่ง โดย Enterprise เป็นผู้ให้บริการที่ได้รับความนิยมมากที่สุด รองลงมามีทั้ง Alamo และ Keddy by Europcar ให้เลือกใช้บริการด้วย\n\nอายุขั้นต่ำสำหรับการเช่ารถอยู่ที่ 21 ปี และผู้ให้บริการหลายรายจะคิดค่าธรรมเนียมเพิ่มสำหรับผู้ขับขี่อายุต่ำกว่า 25 ปี ส่วนอายุขั้นต่ำในการขับขี่คือ 17 ปี\n\nสำหรับเอกสารที่ต้องใช้ คุณต้องเตรียมหนังสือเดินทางหรือบัตรประจำตัวที่ยังไม่หมดอายุพร้อมใบขับขี่ และหากใบขับขี่ไม่ได้พิมพ์เป็นภาษาอังกฤษทั้งหมด คุณจะต้องมีใบอนุญาตขับขี่สากลเพิ่มเติมด้วย",
    "severity": "Minor",
    "score_deduction": 1,
    "source_file": "Copy of 2026-2027-th-car-hire-city-08.docx",
    "url": "https://www.skyscanner.co.th/car-hire-in/car-hire-in-exeter/27540984.html",
    "candidate": "https://www.skyscanner.co.th/car-hire-in/car-hire-in-exeter/27540984.html"
  },
  {
    "text": "ในสหราชอาณาจักร การจราจรขับชิดด้านซ้ายของถนน บนมอเตอร์เวย์และทางด่วนจำกัดความเร็วไว้ที่ 112 กิโลเมตรต่อชั่วโมง เมื่อขับบนถนนในชนบท ความเร็วสูงสุดอยู่ที่ 96 กิโลเมตรต่อชั่วโมง สำหรับถนนสายอื่นความเร็วอยู่ที่ 32-48 กิโลเมตรต่อชั่วโมง ถนนที่เก็บค่าผ่านทางในสหราชอาณาจักรมีจำนวนน้อย จุดข้ามบางแห่งอย่าง Dartford Crossing ใช้ระบบเก็บค่าผ่านทางด้วยกล้อง ส่วนเมืองอย่างลอนดอนมีการเก็บค่าธรรมเนียมแยกต่างหากสำหรับเขตการจราจรหนาแน่นและเขตควบคุมมลพิษต่ำ คุณควรวางแผนเส้นทางโดยคำนึงถึงค่าใช้จ่ายเหล่านี้ล่วงหน้า",
    "issue": "The primary unit of speed for the UK (mph) is missing, and only the metric conversion (km/h) is shown. This is confusing for a driver who will see road signs in mph. This error pattern occurs for all speed limits mentioned in the text.",
    "type_of_issue": "Compliance",
    "solution": "Rewrite all speed limits to show the primary imperial unit (mph) first, followed by the metric conversion (km/h) in parentheses, to match UK road signs.",
    "updated_sentence": "ในสหราชอาณาจักร การจราจรขับชิดด้านซ้ายของถนน บนมอเตอร์เวย์และทางด่วนจำกัดความเร็วไว้ที่ 70 ไมล์ต่อชั่วโมง (112 กิโลเมตรต่อชั่วโมง) เมื่อขับบนถนนในชนบท ความเร็วสูงสุดอยู่ที่ 60 ไมล์ต่อชั่วโมง (96 กิโลเมตรต่อชั่วโมง) สำหรับถนนสายอื่นความเร็วอยู่ที่ 20-30 ไมล์ต่อชั่วโมง (32-48 กิโลเมตรต่อชั่วโมง) ถนนที่เก็บค่าผ่านทางในสหราชอาณาจักรมีจำนวนน้อย จุดข้ามบางแห่งอย่าง Dartford Crossing ใช้ระบบเก็บค่าผ่านทางด้วยกล้อง ส่วนเมืองอย่างลอนดอนมีการเก็บค่าธรรมเนียมแยกต่างหากสำหรับเขตการจราจรหนาแน่นและเขตควบคุมมลพิษต่ำ คุณควรวางแผนเส้นทางโดยคำนึงถึงค่าใช้จ่ายเหล่านี้ล่วงหน้า",
    "severity": "Major",
    "score_deduction": 3,
    "source_file": "Copy of 2026-2027-th-car-hire-city-08.docx",
    "url": "https://www.skyscanner.co.th/car-hire-in/car-hire-in-exeter/27540984.html",
    "candidate": "https://www.skyscanner.co.th/car-hire-in/car-hire-in-exeter/27540984.html"
  },
  {
    "text": "การเช่ารถในบาธเริ่มต้นที่ราคาต่ำสุด 1,269 บาท ในขณะที่ค่าเช่าเฉลี่ยตลอดทั้งปีอยู่ที่ 1,567 บาท เดือนตุลาคมมักเป็นช่วงที่ราคาถูกที่สุดสำหรับการเช่ารถ หากต้องการดีลที่คุ้มค่า คุณควรจองล่วงหน้า 1 สัปดาห์ก่อนเดินทาง การเปรียบเทียบราคาจากผู้ให้บริการหลายรายช่วยให้คุณเห็นตัวเลือกที่หลากหลาย และการวางแผนตามช่วงเวลาดังกล่าวจะทำให้คุณได้ราคาที่ใกล้เคียงกับค่าต่ำสุดมากขึ้น การเลือกวันรับและคืนรถที่ยืดหยุ่นยังเป็นอีกปัจจัยที่ส่งผลต่อราคาโดยรวมของการเช่าในบาธ",
    "issue": "The single paragraph combines general price information with several distinct user tips, making it dense and difficult to scan.",
    "type_of_issue": "Style",
    "solution": "Split the paragraph to separate the statistical overview from the actionable advice for better readability.",
    "updated_sentence": "การเช่ารถในบาธเริ่มต้นที่ราคาต่ำสุด 1,269 บาท ในขณะที่ค่าเช่าเฉลี่ยตลอดทั้งปีอยู่ที่ 1,567 บาท เดือนตุลาคมมักเป็นช่วงที่ราคาถูกที่สุดสำหรับการเช่ารถ\n\nหากต้องการดีลที่คุ้มค่า คุณควรจองล่วงหน้า 1 สัปดาห์ก่อนเดินทาง การเปรียบเทียบราคาจากผู้ให้บริการหลายรายช่วยให้คุณเห็นตัวเลือกที่หลากหลาย และการวางแผนตามช่วงเวลาดังกล่าวจะทำให้คุณได้ราคาที่ใกล้เคียงกับค่าต่ำสุดมากขึ้น การเลือกวันรับและคืนรถที่ยืดหยุ่นยังเป็นอีกปัจจัยที่ส่งผลต่อราคาโดยรวมของการเช่าในบาธ",
    "severity": "Minor",
    "score_deduction": 1,
    "source_file": "Copy of 2026-2027-th-car-hire-city-08.docx",
    "url": "https://www.skyscanner.co.th/car-hire-in/car-hire-in-bath/32834045.html",
    "candidate": "https://www.skyscanner.co.th/car-hire-in/car-hire-in-bath/32834045.html"
  },
  {
    "text": "รถที่ได้รับความนิยมมากที่สุดในบาธคือ Nissan Juke ด้วยพื้นที่กว้างขวาง ใช้งานได้จริง และเหมาะกับการเดินทางเป็นครอบครัว หากงบประมาณเป็นปัจจัยหลัก Ford Fiesta จาก Switch เป็นรถเกียร์ธรรมดา ราคาเริ่มที่ 2,265 บาทต่อวัน ใกล้เคียงกันคือ MINI Cooper จาก Switch เกียร์ธรรมดาเช่นกัน เริ่มที่ 2,274 บาทต่อวัน สำหรับผู้ที่ต้องการเกียร์ออโต้ BMW 3-Series จาก Switch เริ่มที่ 3,397 บาทต่อวัน รองรับผู้โดยสารได้ 5 คน การเลือกขึ้นอยู่กับจำนวนสัมภาระ ผู้โดยสาร และประเภทเกียร์ที่คุณสะดวกในการขับขี่บนถนนของสหราชอาณาจักร",
    "issue": "Prices for a UK-based service are shown in Thai Baht (THB) instead of the local currency (GBP) without any qualifier, which is misleading as the amounts are converted estimates.",
    "type_of_issue": "Accuracy",
    "solution": "Prefix each THB price with 'ประมาณ' (approximately) to indicate it is a converted estimate.",
    "updated_sentence": "รถที่ได้รับความนิยมมากที่สุดในบาธคือ Nissan Juke ด้วยพื้นที่กว้างขวาง ใช้งานได้จริง และเหมาะกับการเดินทางเป็นครอบครัว หากงบประมาณเป็นปัจจัยหลัก Ford Fiesta จาก Switch เป็นรถเกียร์ธรรมดา ราคาเริ่มที่ประมาณ 2,265 บาทต่อวัน ใกล้เคียงกันคือ MINI Cooper จาก Switch เกียร์ธรรมดาเช่นกัน เริ่มที่ประมาณ 2,274 บาทต่อวัน สำหรับผู้ที่ต้องการเกียร์ออโต้ BMW 3-Series จาก Switch เริ่มที่ประมาณ 3,397 บาทต่อวัน รองรับผู้โดยสารได้ 5 คน การเลือกขึ้นอยู่กับจำนวนสัมภาระ ผู้โดยสาร และประเภทเกียร์ที่คุณสะดวกในการขับขี่บนถนนของสหราชอาณาจักร",
    "severity": "Major",
    "score_deduction": 3,
    "source_file": "Copy of 2026-2027-th-car-hire-city-08.docx",
    "url": "https://www.skyscanner.co.th/car-hire-in/car-hire-in-bath/32834045.html",
    "candidate": "https://www.skyscanner.co.th/car-hire-in/car-hire-in-bath/32834045.html"
  },
  {
    "text": "คุณสามารถรับรถเช่าในบาธได้จากหลายจุด โดยจุดรับรถหลักอยู่ที่บริสตอล สนามบิน ซึ่งรองรับการเดินทางเข้าออกเมืองได้สะดวก",
    "issue": "The word order for the place name \"Bristol Airport\" is grammatically incorrect in Thai. The proper noun should follow the generic noun, not precede it.",
    "type_of_issue": "Grammar",
    "solution": "Change the word order from \"บริสตอล สนามบิน\" (Bristol, Airport) to the correct Thai structure \"สนามบินบริสตอล\" (Bristol Airport).",
    "updated_sentence": "คุณสามารถรับรถเช่าในบาธได้จากหลายจุด โดยจุดรับรถหลักอยู่ที่สนามบินบริสตอล ซึ่งรองรับการเดินทางเข้าออกเมืองได้สะดวก",
    "severity": "Minor",
    "score_deduction": 1,
    "source_file": "Copy of 2026-2027-th-car-hire-city-08.docx",
    "url": "https://www.skyscanner.co.th/car-hire-in/car-hire-in-bath/32834045.html",
    "candidate": "https://www.skyscanner.co.th/car-hire-in/car-hire-in-bath/32834045.html"
  },
  {
    "text": "อีกทางเลือกหนึ่งคือบริสทอลวัดเมดส์ในย่านใจกลางเมือง ที่คุณเดินทางถึงได้ง่ายเช่นกัน",
    "issue": "The proper name \"Bristol Temple Meads\" is incorrectly translated. The word \"Temple\" was literally translated to \"วัด\" (a religious temple), which is factually incorrect and misleading.",
    "type_of_issue": "Accuracy",
    "solution": "Correct the name using a phonetic transliteration, changing \"บริสทอลวัดเมดส์\" to \"บริสตอลเทมเปิลมีดส์\" to accurately represent the location's name.",
    "updated_sentence": "อีกทางเลือกหนึ่งคือบริสตอลเทมเปิลมีดส์ในย่านใจกลางเมือง ที่คุณเดินทางถึงได้ง่ายเช่นกัน",
    "severity": "Major",
    "score_deduction": 3,
    "source_file": "Copy of 2026-2027-th-car-hire-city-08.docx",
    "url": "https://www.skyscanner.co.th/car-hire-in/car-hire-in-bath/32834045.html",
    "candidate": "https://www.skyscanner.co.th/car-hire-in/car-hire-in-bath/32834045.html"
  },
  {
    "text": "บนมอเตอร์เวย์และทางด่วนกำหนดความเร็วไว้ที่ 112 กิโลเมตรต่อชั่วโมง ส่วนถนนในชนบทจำกัดที่ 96 กิโลเมตรต่อชั่วโมง สำหรับถนนสายอื่น ๆ ความเร็วอยู่ระหว่าง 32 ถึง 48 กิโลเมตรต่อชั่วโมง",
    "issue": "The text omits the primary unit of measurement (mph) used for speed limits in the UK, showing only the metric conversion. This is misleading for drivers who will see road signs in mph. This error pattern repeats for all speed limits in the paragraph.",
    "type_of_issue": "Compliance",
    "solution": "State the official speed limit in mph first, followed by the km/h conversion in parentheses. Apply this pattern to all speed limits mentioned.",
    "updated_sentence": "บนมอเตอร์เวย์และทางด่วนกำหนดความเร็วไว้ที่ 70 ไมล์ต่อชั่วโมง (112 กิโลเมตรต่อชั่วโมง) ส่วนถนนในชนบทจำกัดที่ 60 ไมล์ต่อชั่วโมง (96 กิโลเมตรต่อชั่วโมง) สำหรับถนนสายอื่น ๆ ความเร็วอยู่ระหว่าง 20-30 ไมล์ต่อชั่วโมง (32-48 กิโลเมตรต่อชั่วโมง)",
    "severity": "Major",
    "score_deduction": 3,
    "source_file": "Copy of 2026-2027-th-car-hire-city-08.docx",
    "url": "https://www.skyscanner.co.th/car-hire-in/car-hire-in-bath/32834045.html",
    "candidate": "https://www.skyscanner.co.th/car-hire-in/car-hire-in-bath/32834045.html"
  },
  {
    "text": "ในสหราชอาณาจักร รถวิ่งชิดซ้ายของถนน บนมอเตอร์เวย์และทางด่วนกำหนดความเร็วไว้ที่ 112 กิโลเมตรต่อชั่วโมง ส่วนถนนในชนบทจำกัดที่ 96 กิโลเมตรต่อชั่วโมง สำหรับถนนสายอื่น ๆ ความเร็วอยู่ระหว่าง 32 ถึง 48 กิโลเมตรต่อชั่วโมง ประเทศนี้มีถนนเก็บค่าผ่านทางไม่มากนัก จุดข้ามบางแห่ง เช่น Dartford Crossing ใช้ระบบเก็บค่าผ่านทางด้วยกล้อง เมืองอย่างลอนดอนยังมีการเก็บค่าธรรมเนียมแยกต่างหากสำหรับเขตรถหนาแน่นและเขตควบคุมมลพิษต่ำ วางแผนเส้นทางล่วงหน้าเพื่อรับรู้ค่าใช้จ่ายเหล่านี้ก่อนเข้าเขตดังกล่าว",
    "issue": "The single paragraph combines multiple distinct topics (driving side, speed limits, tolls, and city-specific charges), which makes the information difficult to scan and digest.",
    "type_of_issue": "Style",
    "solution": "Split the paragraph into two to separate the general driving rules and speed limits from the information about tolls and charges.",
    "updated_sentence": "ในสหราชอาณาจักร รถวิ่งชิดซ้ายของถนน บนมอเตอร์เวย์และทางด่วนกำหนดความเร็วไว้ที่ 70 ไมล์ต่อชั่วโมง (112 กิโลเมตรต่อชั่วโมง) ส่วนถนนในชนบทจำกัดที่ 60 ไมล์ต่อชั่วโมง (96 กิโลเมตรต่อชั่วโมง) สำหรับถนนสายอื่น ๆ ความเร็วอยู่ระหว่าง 20-30 ไมล์ต่อชั่วโมง (32-48 กิโลเมตรต่อชั่วโมง)\n\nประเทศนี้มีถนนเก็บค่าผ่านทางไม่มากนัก จุดข้ามบางแห่ง เช่น Dartford Crossing ใช้ระบบเก็บค่าผ่านทางด้วยกล้อง เมืองอย่างลอนดอนยังมีการเก็บค่าธรรมเนียมแยกต่างหากสำหรับเขตรถหนาแน่นและเขตควบคุมมลพิษต่ำ วางแผนเส้นทางล่วงหน้าเพื่อรับรู้ค่าใช้จ่ายเหล่านี้ก่อนเข้าเขตดังกล่าว",
    "severity": "Minor",
    "score_deduction": 1,
    "source_file": "Copy of 2026-2027-th-car-hire-city-08.docx",
    "url": "https://www.skyscanner.co.th/car-hire-in/car-hire-in-bath/32834045.html",
    "candidate": "https://www.skyscanner.co.th/car-hire-in/car-hire-in-bath/32834045.html"
  },
  {
    "text": "การเช่ารถในมะนิลาเริ่มต้นที่ 727 บาท ซึ่งต่ำกว่าค่าเฉลี่ยรายปีที่อยู่ราว 2,045 บาทอย่างชัดเจน ราคาจะถูกที่สุดในเดือนกันยายน หากวางแผนเดินทางในช่วงนั้น คุณมีโอกาสได้ดีลที่ประหยัดกว่าเดือนอื่น การจองล่วงหน้า 1 สัปดาห์ก่อนเดินทางมักให้ราคาที่คุ้มค่าที่สุด เปรียบเทียบผู้ให้บริการหลายรายและดูเงื่อนไขของแต่ละแพ็กเกจก่อนตัดสินใจ เพื่อเลือกรถและราคาที่ตรงกับความต้องการ การปรับวันรับรถให้ตรงกับช่วงราคาต่ำยังช่วยลดค่าใช้จ่ายโดยรวมได้อีกทาง",
    "issue": "The single paragraph contains multiple distinct ideas and tips, making it dense and difficult to scan, which hinders readability.",
    "type_of_issue": "Style",
    "solution": "Split the text into shorter, focused paragraphs to improve scannability, with each paragraph covering a distinct topic or tip.",
    "updated_sentence": "การเช่ารถในมะนิลาเริ่มต้นที่ 727 บาท ซึ่งต่ำกว่าค่าเฉลี่ยรายปีที่อยู่ราว 2,045 บาทอย่างชัดเจน\n\nราคาจะถูกที่สุดในเดือนกันยายน หากวางแผนเดินทางในช่วงนั้น คุณมีโอกาสได้ดีลที่ประหยัดกว่าเดือนอื่น การจองล่วงหน้า 1 สัปดาห์ก่อนเดินทางมักให้ราคาที่คุ้มค่าที่สุด\n\nเปรียบเทียบผู้ให้บริการหลายรายและดูเงื่อนไขของแต่ละแพ็กเกจก่อนตัดสินใจ เพื่อเลือกรถและราคาที่ตรงกับความต้องการ การปรับวันรับรถให้ตรงกับช่วงราคาต่ำยังช่วยลดค่าใช้จ่ายโดยรวมได้อีกทาง",
    "severity": "Minor",
    "score_deduction": 1,
    "source_file": "Copy of 2026-2027-th-car-hire-city-08.docx",
    "url": "https://www.skyscanner.co.th/car-hire-in/car-hire-in-manila/27544979.html",
    "candidate": "https://www.skyscanner.co.th/car-hire-in/car-hire-in-manila/27544979.html"
  },
  {
    "text": "รถที่ได้รับความนิยมมากที่สุดในมะนิลาคือ Honda CR-V เพราะกว้างขวาง ใช้งานได้จริง และเหมาะกับครอบครัว รุ่นนี้จาก Thrifty เป็นเกียร์ออโต้ เริ่มที่ 1,310 บาทต่อวัน หากต้องการรถขนาดเล็กที่ประหยัดกว่า Hyundai i10 จาก Thrifty เป็นเกียร์ออโต้เช่นกัน เริ่มที่ 727 บาทต่อวัน ทางเลือกระดับกลางอย่าง Kia Rio จาก Thrifty เป็นเกียร์ออโต้ เริ่มที่ 1,079 บาทต่อวัน เหมาะกับการเดินทางที่ต้องการที่นั่งเพิ่มขึ้นโดยไม่เพิ่มขนาดตัวรถมากนัก เลือกรุ่นตามจำนวนผู้โดยสารและสัมภาระที่คุณต้องบรรทุกในแต่ละทริป",
    "issue": "The currency used is Thai Baht (บาท), which is incorrect for the location, Manila (Philippines). This error repeats for all prices mentioned in the text.",
    "type_of_issue": "Accuracy",
    "solution": "Replace 'บาท' (Baht) with the correct currency for the Philippines, 'เปโซ' (Peso), for all price points.",
    "updated_sentence": "รถที่ได้รับความนิยมมากที่สุดในมะนิลาคือ Honda CR-V เพราะกว้างขวาง ใช้งานได้จริง และเหมาะกับครอบครัว รุ่นนี้จาก Thrifty เป็นเกียร์ออโต้ เริ่มที่ 1,310 เปโซต่อวัน หากต้องการรถขนาดเล็กที่ประหยัดกว่า Hyundai i10 จาก Thrifty เป็นเกียร์ออโต้เช่นกัน เริ่มที่ 727 เปโซต่อวัน ทางเลือกระดับกลางอย่าง Kia Rio จาก Thrifty เป็นเกียร์ออโต้ เริ่มที่ 1,079 เปโซต่อวัน เหมาะกับการเดินทางที่ต้องการที่นั่งเพิ่มขึ้นโดยไม่เพิ่มขนาดตัวรถมากนัก เลือกรุ่นตามจำนวนผู้โดยสารและสัมภาระที่คุณต้องบรรทุกในแต่ละทริป",
    "severity": "Major",
    "score_deduction": 3,
    "source_file": "Copy of 2026-2027-th-car-hire-city-08.docx",
    "url": "https://www.skyscanner.co.th/car-hire-in/car-hire-in-manila/27544979.html",
    "candidate": "https://www.skyscanner.co.th/car-hire-in/car-hire-in-manila/27544979.html"
  },
  {
    "text": "ในมะนิลา คุณสามารถรับรถเช่าได้ตามย่านต่าง ๆ ใจกลางเมือง เช่น กียาโป อินทรามูรอส เอร์มิตา บินอนโด ซานมิเกล และซานนิโคลัส หรือจะเลือกรับรถที่นินอย อะควิโน่ อินเตอร์เนชั่นแนล สนามบิน หากคุณเดินทางมาถึงโดยเครื่องบิน",
    "issue": "The word order for the airport name is incorrect, following English syntax ('Proper Name' + 'International' + 'Airport') instead of standard Thai grammar ('Airport' + 'International' + 'Proper Name').",
    "type_of_issue": "Grammar",
    "solution": "Reorder the phrase to follow correct Thai syntax and use the more natural term 'นานาชาติ' for 'International'. The correct structure is 'สนามบินนานาชาติ' followed by the name 'นินอย อะควิโน่'.",
    "updated_sentence": "ในมะนิลา คุณสามารถรับรถเช่าได้ตามย่านต่าง ๆ ใจกลางเมือง เช่น กียาโป อินทรามูรอส เอร์มิตา บินอนโด ซานมิเกล และซานนิโคลัส หรือจะเลือกรับรถที่สนามบินนานาชาตินินอย อะควิโน่ หากคุณเดินทางมาถึงโดยเครื่องบิน",
    "severity": "Minor",
    "score_deduction": 1,
    "source_file": "Copy of 2026-2027-th-car-hire-city-08.docx",
    "url": "https://www.skyscanner.co.th/car-hire-in/car-hire-in-manila/27544979.html",
    "candidate": "https://www.skyscanner.co.th/car-hire-in/car-hire-in-manila/27544979.html"
  },
  {
    "text": "ในมะนิลามีผู้ให้บริการรถเช่าทั้งหมด 6 ราย โดย Thrifty เป็นผู้ให้บริการที่ได้รับความนิยมมากที่สุด รองลงมาได้แก่ Dollar และ Europcar อายุขั้นต่ำในการเช่ารถคือ 21 ปี โดยผู้ขับขี่ที่อายุต่ำกว่า 25 ปีอาจมีค่าธรรมเนียมเพิ่มเติมจากผู้ให้บริการหลายราย ส่วนอายุขั้นต่ำในการขับขี่คือ 18 ปี เอกสารที่ต้องใช้ในการเช่ารถประกอบด้วยหนังสือเดินทางหรือบัตรประจำตัวประชาชนที่ยังไม่หมดอายุ และใบขับขี่ที่ยังมีผลบังคับใช้ หากใบขับขี่ไม่ได้พิมพ์เป็นภาษาอังกฤษ คุณจำเป็นต้องมีใบอนุญาตขับขี่ระหว่างประเทศเพิ่มเติมด้วย",
    "issue": "The single paragraph combines multiple distinct topics (providers, age requirements, and documentation), which makes the information difficult to scan and digest quickly.",
    "type_of_issue": "Style",
    "solution": "Split the text into three separate, focused paragraphs to improve readability. Each paragraph should cover one main topic: providers, age requirements, and required documents.",
    "updated_sentence": "ในมะนิลามีผู้ให้บริการรถเช่าทั้งหมด 6 ราย โดย Thrifty เป็นผู้ให้บริการที่ได้รับความนิยมมากที่สุด รองลงมาได้แก่ Dollar และ Europcar\n\nอายุขั้นต่ำในการเช่ารถคือ 21 ปี โดยผู้ขับขี่ที่อายุต่ำกว่า 25 ปีอาจมีค่าธรรมเนียมเพิ่มเติมจากผู้ให้บริการหลายราย ส่วนอายุขั้นต่ำในการขับขี่คือ 18 ปี\n\nเอกสารที่ต้องใช้ในการเช่ารถประกอบด้วยหนังสือเดินทางหรือบัตรประจำตัวประชาชนที่ยังไม่หมดอายุ และใบขับขี่ที่ยังมีผลบังคับใช้ หากใบขับขี่ไม่ได้พิมพ์เป็นภาษาอังกฤษ คุณจำเป็นต้องมีใบอนุญาตขับขี่ระหว่างประเทศเพิ่มเติมด้วย",
    "severity": "Minor",
    "score_deduction": 1,
    "source_file": "Copy of 2026-2027-th-car-hire-city-08.docx",
    "url": "https://www.skyscanner.co.th/car-hire-in/car-hire-in-manila/27544979.html",
    "candidate": "https://www.skyscanner.co.th/car-hire-in/car-hire-in-manila/27544979.html"
  },
  {
    "text": "ในฟิลิปปินส์ การจราจรใช้เลนขวา ความเร็วบนทางหลวงและทางด่วนกำหนดไว้ที่ 100 กิโลเมตรต่อชั่วโมง บนถนนในชนบทจำกัดที่ 40–80 กิโลเมตรต่อชั่วโมง ส่วนถนนสายอื่นอยู่ระหว่าง 20–60 กิโลเมตรต่อชั่วโมง ทางด่วนสายหลักบนเกาะลูซอนมีการเก็บค่าผ่านทางผ่านระบบอิเล็กทรอนิกส์แบบ RFID ซึ่งรวมเข้าเป็นสติกเกอร์ \"One RFID\" เดียวที่ใช้ได้กับผู้ให้บริการทุกราย คุณจึงควรติดตั้งสติกเกอร์ดังกล่าวก่อนเดินทางเข้าสู่เส้นทางที่มีการเก็บค่าผ่านทาง การปรับความเร็วให้เหมาะกับประเภทของถนนช่วยให้คุณขับได้อย่างสอดคล้องกับข้อกำหนดในแต่ละพื้นที่",
    "issue": "The single paragraph combines multiple distinct topics (general traffic rules, speed limits, and a specific toll system), which makes the content difficult to scan.",
    "type_of_issue": "Style",
    "solution": "Split the content into three smaller, focused paragraphs to improve readability, with each paragraph addressing a distinct idea.",
    "updated_sentence": "ในฟิลิปปินส์ การจราจรใช้เลนขวา ความเร็วบนทางหลวงและทางด่วนกำหนดไว้ที่ 100 กิโลเมตรต่อชั่วโมง บนถนนในชนบทจำกัดที่ 40–80 กิโลเมตรต่อชั่วโมง ส่วนถนนสายอื่นอยู่ระหว่าง 20–60 กิโลเมตรต่อชั่วโมง\n\nทางด่วนสายหลักบนเกาะลูซอนมีการเก็บค่าผ่านทางผ่านระบบอิเล็กทรอนิกส์แบบ RFID ซึ่งรวมเข้าเป็นสติกเกอร์ \"One RFID\" เดียวที่ใช้ได้กับผู้ให้บริการทุกราย คุณจึงควรติดตั้งสติกเกอร์ดังกล่าวก่อนเดินทางเข้าสู่เส้นทางที่มีการเก็บค่าผ่านทาง\n\nการปรับความเร็วให้เหมาะกับประเภทของถนนช่วยให้คุณขับได้อย่างสอดคล้องกับข้อกำหนดในแต่ละพื้นที่",
    "severity": "Minor",
    "score_deduction": 1,
    "source_file": "Copy of 2026-2027-th-car-hire-city-08.docx",
    "url": "https://www.skyscanner.co.th/car-hire-in/car-hire-in-manila/27544979.html",
    "candidate": "https://www.skyscanner.co.th/car-hire-in/car-hire-in-manila/27544979.html"
  },
  {
    "text": "อีกทางเลือกหนึ่งคือการรับรถที่คิรูนา สนามบิน เหมาะสำหรับผู้ที่เดินทางมาถึงโดยเครื่องบินและต้องการเริ่มการเดินทางทันที",
    "issue": "The word order for 'Kiruna Airport' is incorrect. In Thai, the generic noun 'สนามบิน' (Airport) should precede the specific name 'คิรูนา' (Kiruna).",
    "type_of_issue": "Grammar",
    "solution": "Change 'คิรูนา สนามบิน' to 'สนามบินคิรูนา' to follow standard Thai grammatical structure for place names.",
    "updated_sentence": "อีกทางเลือกหนึ่งคือการรับรถที่สนามบินคิรูนา เหมาะสำหรับผู้ที่เดินทางมาถึงโดยเครื่องบินและต้องการเริ่มการเดินทางทันที",
    "severity": "Minor",
    "score_deduction": 1,
    "source_file": "Copy of 2026-2027-th-car-hire-city-08.docx",
    "url": "https://www.skyscanner.co.th/car-hire-in/car-hire-in-kiruna/27543792.html",
    "candidate": "https://www.skyscanner.co.th/car-hire-in/car-hire-in-kiruna/27543792.html"
  },
  {
    "text": "ในสวีเดนการจราจรขับชิดด้านขวาของถนน บนทางด่วนและมอเตอร์เวย์กำหนดความเร็วไว้ที่ 110–120 กิโลเมตรต่อชั่วโมง ส่วนถนนในชนบทอยู่ที่ 70–90 กิโลเมตรต่อชั่วโมง และถนนทั่วไปจำกัดที่ 50 กิโลเมตรต่อชั่วโมง สวีเดนไม่มีการเก็บค่าผ่านทางบนมอเตอร์เวย์ทั่วประเทศ แต่สตอกโฮล์มและโกเธนเบิร์กเก็บค่าธรรมเนียมความคับคั่งด้วยระบบกล้องเมื่อขับเข้าเขตเมือง นอกจากนี้ยังมีค่าผ่านทางแยกต่างหากบนสะพานบางแห่ง เช่น สะพานเออเรซุนด์ คุณควรวางแผนเส้นทางโดยคำนึงถึงค่าใช้จ่ายเหล่านี้ล่วงหน้า และปรับความเร็วให้เหมาะกับประเภทของถนนที่ขับผ่าน",
    "issue": "The phrase 'การจราจรขับ' (traffic drives) is grammatically incorrect and unnatural, as the inanimate noun 'การจราจร' (traffic) cannot be the subject performing the action 'ขับ' (to drive).",
    "type_of_issue": "Grammar",
    "solution": "Rephrase the start of the sentence to use a natural grammatical structure, such as 'ในสวีเดนจะขับรถ...' (In Sweden, one drives...).",
    "updated_sentence": "ในสวีเดนจะขับรถชิดด้านขวาของถนน บนทางด่วนและมอเตอร์เวย์กำหนดความเร็วไว้ที่ 110–120 กิโลเมตรต่อชั่วโมง ส่วนถนนในชนบทอยู่ที่ 70–90 กิโลเมตรต่อชั่วโมง และถนนทั่วไปจำกัดที่ 50 กิโลเมตรต่อชั่วโมง สวีเดนไม่มีการเก็บค่าผ่านทางบนมอเตอร์เวย์ทั่วประเทศ แต่สตอกโฮล์มและโกเธนเบิร์กเก็บค่าธรรมเนียมความคับคั่งด้วยระบบกล้องเมื่อขับเข้าเขตเมือง นอกจากนี้ยังมีค่าผ่านทางแยกต่างหากบนสะพานบางแห่ง เช่น สะพานเออเรซุนด์ คุณควรวางแผนเส้นทางโดยคำนึงถึงค่าใช้จ่ายเหล่านี้ล่วงหน้า และปรับความเร็วให้เหมาะกับประเภทของถนนที่ขับผ่าน",
    "severity": "Minor",
    "score_deduction": 1,
    "source_file": "Copy of 2026-2027-th-car-hire-city-08.docx",
    "url": "https://www.skyscanner.co.th/car-hire-in/car-hire-in-kiruna/27543792.html",
    "candidate": "https://www.skyscanner.co.th/car-hire-in/car-hire-in-kiruna/27543792.html"
  },
  {
    "text": "ราคาเช่ารถที่ถูกที่สุดในเมดินาห์เริ่มต้นที่ 805 บาท ขณะที่ราคาเฉลี่ยตลอดทั้งปีอยู่ที่ 1,104 บาท คุณจะพบตัวเลือกที่ประหยัดกว่าในเดือนกรกฎาคม ซึ่งเป็นช่วงที่ค่าเช่ารถมักลดต่ำลงเมื่อเทียบกับเดือนอื่น การจองล่วงหน้า 1 สัปดาห์ก่อนเดินทางช่วยให้คุณได้ราคาที่ดีที่สุด การเปรียบเทียบผู้ให้บริการหลายรายและเลือกช่วงเวลาที่เหมาะสมจะช่วยลดค่าใช้จ่ายในการเช่ารถของคุณลงได้ ลองตรวจสอบราคาในหลายวันเพื่อดูความแตกต่างก่อนตัดสินใจ",
    "issue": "The single paragraph contains multiple distinct ideas (price statistics and booking tips), which makes the content difficult to scan and digest quickly.",
    "type_of_issue": "Style",
    "solution": "Split the paragraph into two to separate the price information from the general booking advice, improving readability and scannability.",
    "updated_sentence": "ราคาเช่ารถที่ถูกที่สุดในเมดินาห์เริ่มต้นที่ 805 บาท ขณะที่ราคาเฉลี่ยตลอดทั้งปีอยู่ที่ 1,104 บาท คุณจะพบตัวเลือกที่ประหยัดกว่าในเดือนกรกฎาคม ซึ่งเป็นช่วงที่ค่าเช่ารถมักลดต่ำลงเมื่อเทียบกับเดือนอื่น\n\nการจองล่วงหน้า 1 สัปดาห์ก่อนเดินทางช่วยให้คุณได้ราคาที่ดีที่สุด การเปรียบเทียบผู้ให้บริการหลายรายและเลือกช่วงเวลาที่เหมาะสมจะช่วยลดค่าใช้จ่ายในการเช่ารถของคุณลงได้ ลองตรวจสอบราคาในหลายวันเพื่อดูความแตกต่างก่อนตัดสินใจ",
    "severity": "Minor",
    "score_deduction": 1,
    "source_file": "Copy of 2026-2027-th-car-hire-city-08.docx",
    "url": "https://www.skyscanner.co.th/car-hire-in/car-hire-in-madinah/27544896.html",
    "candidate": "https://www.skyscanner.co.th/car-hire-in/car-hire-in-madinah/27544896.html"
  },
  {
    "text": "คุณเช่า Chevrolet Spark เกียร์ออโต้จาก Alamo ได้ในราคาเริ่มที่ 805 บาทต่อวัน หากต้องการทางเลือกในระดับใกล้เคียงกัน Nissan Micra เกียร์ออโต้จาก Alamo เริ่มที่ 848 บาทต่อวัน สำหรับผู้ที่ต้องการรถขนาดใหญ่ขึ้น Hyundai Accent เกียร์ออโต้จาก Alamo เริ่มที่ 974 บาทต่อวัน",
    "issue": "The currency unit is incorrect for the location. The text uses Thai Baht (บาท) for car rentals in Medinah, Saudi Arabia, which uses the Saudi Riyal.",
    "type_of_issue": "Accuracy",
    "solution": "Change the currency unit from Thai Baht (บาท) to Saudi Riyal (ริยาล) to match the location. This change should be applied to all prices mentioned.",
    "updated_sentence": "คุณเช่า Chevrolet Spark เกียร์ออโต้จาก Alamo ได้ในราคาเริ่มที่ 805 ริยาลต่อวัน หากต้องการทางเลือกในระดับใกล้เคียงกัน Nissan Micra เกียร์ออโต้จาก Alamo เริ่มที่ 848 ริยาลต่อวัน สำหรับผู้ที่ต้องการรถขนาดใหญ่ขึ้น Hyundai Accent เกียร์ออโต้จาก Alamo เริ่มที่ 974 ริยาลต่อวัน",
    "severity": "Major",
    "score_deduction": 3,
    "source_file": "Copy of 2026-2027-th-car-hire-city-08.docx",
    "url": "https://www.skyscanner.co.th/car-hire-in/car-hire-in-madinah/27544896.html",
    "candidate": "https://www.skyscanner.co.th/car-hire-in/car-hire-in-madinah/27544896.html"
  },
  {
    "text": "คุณสามารถรับรถเช่าได้ที่เมดินาห์ สนามบิน ซึ่งเป็นจุดรับรถหลักและมีบริษัทให้บริการหลายราย เหมาะกับผู้ที่เดินทางมาถึงโดยเครื่องบิน",
    "issue": "The word order for \"Medina Airport\" follows a literal translation structure instead of the standard Thai noun-modifier order for this type of place name.",
    "type_of_issue": "Grammar",
    "solution": "Change \"เมดินาห์ สนามบิน\" to the correct and natural Thai word order \"สนามบินเมดินาห์\".",
    "updated_sentence": "คุณสามารถรับรถเช่าได้ที่สนามบินเมดินาห์ ซึ่งเป็นจุดรับรถหลักและมีบริษัทให้บริการหลายราย เหมาะกับผู้ที่เดินทางมาถึงโดยเครื่องบิน",
    "severity": "Minor",
    "score_deduction": 1,
    "source_file": "Copy of 2026-2027-th-car-hire-city-08.docx",
    "url": "https://www.skyscanner.co.th/car-hire-in/car-hire-in-madinah/27544896.html",
    "candidate": "https://www.skyscanner.co.th/car-hire-in/car-hire-in-madinah/27544896.html"
  },
  {
    "text": "นอกจากนี้ยังมีจุดรับรถกระจายอยู่ตามพื้นที่อื่นในเมดินาธิ เช่น Masjid Ad Dara และ Al-Manakhah ให้คุณเลือกตามทำเลที่พักและเส้นทางการเดินทางของคุณ",
    "issue": "The word \"เมดินาธิ\" is a misspelling of the city name \"เมดินาห์\".",
    "type_of_issue": "Punctuation/Spelling/Typos",
    "solution": "Correct the spelling from \"เมดินาธิ\" to \"เมดินาห์\".",
    "updated_sentence": "นอกจากนี้ยังมีจุดรับรถกระจายอยู่ตามพื้นที่อื่นในเมดินาห์ เช่น Masjid Ad Dara และ Al-Manakhah ให้คุณเลือกตามทำเลที่พักและเส้นทางการเดินทางของคุณ",
    "severity": "Minor",
    "score_deduction": 1,
    "source_file": "Copy of 2026-2027-th-car-hire-city-08.docx",
    "url": "https://www.skyscanner.co.th/car-hire-in/car-hire-in-madinah/27544896.html",
    "candidate": "https://www.skyscanner.co.th/car-hire-in/car-hire-in-madinah/27544896.html"
  },
  {
    "text": "ในซาอุดีอาระเบียการจราจรขับชิดขวา ดังนั้นคุณจะนั่งอยู่ฝั่งซ้ายของรถและแซงทางด้านซ้าย บนทางหลวงและทางด่วนกำหนดความเร็วไว้ที่ 120–140 กิโลเมตรต่อชั่วโมง ควรสังเกตป้ายจำกัดความเร็วตามแต่ละช่วงถนน เพราะตัวเลขอาจแตกต่างกันไป โครงข่ายทางหลวงภายในประเทศไม่มีถนนเก็บค่าผ่านทาง คุณจึงเดินทางบนถนนเหล่านี้ได้โดยไม่เสียค่าใช้จ่าย ยกเว้นสะพานคิงฟาฮัดที่เชื่อมไปยังบาห์เรน ซึ่งมีการเก็บค่าผ่านทางสำหรับการข้ามพรมแดน วางแผนเส้นทางล่วงหน้าเพื่อให้การเดินทางระยะไกลระหว่างเมืองเป็นไปอย่างราบรื่น",
    "issue": "The paragraph lacks required spacing between distinct sentences, forming a run-on block of text that hinders readability and violates standard Thai writing conventions.",
    "type_of_issue": "Style",
    "solution": "Add spaces between sentences throughout the paragraph to improve structure and readability.",
    "updated_sentence": "ในซาอุดีอาระเบีย การจราจรขับชิดขวา ดังนั้นคุณจะนั่งอยู่ฝั่งซ้ายของรถและแซงทางด้านซ้าย บนทางหลวงและทางด่วนกำหนดความเร็วไว้ที่ 120–140 กิโลเมตรต่อชั่วโมง ควรสังเกตป้ายจำกัดความเร็วตามแต่ละช่วงถนน เพราะตัวเลขอาจแตกต่างกันไป โครงข่ายทางหลวงภายในประเทศไม่มีถนนเก็บค่าผ่านทาง คุณจึงเดินทางบนถนนเหล่านี้ได้โดยไม่เสียค่าใช้จ่าย ยกเว้นสะพานคิงฟาฮัดที่เชื่อมไปยังบาห์เรน ซึ่งมีการเก็บค่าผ่านทางสำหรับการข้ามพรมแดน วางแผนเส้นทางล่วงหน้าเพื่อให้การเดินทางระยะไกลระหว่างเมืองเป็นไปอย่างราบรื่น",
    "severity": "Minor",
    "score_deduction": 1,
    "source_file": "Copy of 2026-2027-th-car-hire-city-08.docx",
    "url": "https://www.skyscanner.co.th/car-hire-in/car-hire-in-madinah/27544896.html",
    "candidate": "https://www.skyscanner.co.th/car-hire-in/car-hire-in-madinah/27544896.html"
  },
  {
    "text": "ในเซียะเหมินมีผู้ให้บริการรถเช่าให้เลือก 1 ราย คือ Hertz ซึ่งเป็นผู้ให้บริการที่ได้รับความนิยมมากที่สุด อายุขั้นต่ำในการเช่ารถคือ 21 ปี โดยผู้ขับที่อายุต่ำกว่า 25 ปีอาจต้องเสียค่าธรรมเนียมสำหรับผู้ขับอายุน้อยเพิ่มเติม ส่วนอายุขั้นต่ำในการขับขี่คือ 18 ปี การเช่ารถต้องใช้หนังสือเดินทางหรือบัตรประจำตัวประชาชนที่ยังไม่หมดอายุ พร้อมใบขับขี่ ใบอนุญาตขับขี่สากลไม่สามารถใช้ได้ เนื่องจากจีนไม่ยอมรับทั้งอนุสัญญาเจนีวาและเวียนนา ชาวต่างชาติจึงต้องขอใบอนุญาตขับขี่ของจีนหรือใบอนุญาตชั่วคราวของจีนก่อนขับรถ",
    "issue": "The paragraph combines multiple distinct topics (provider/age rules and specific document/licensing rules), making it dense and difficult to scan.",
    "type_of_issue": "Style",
    "solution": "Split the paragraph into two to separate the general information about the provider and age requirements from the specific document and licensing rules.",
    "updated_sentence": "ในเซียะเหมินมีผู้ให้บริการรถเช่าให้เลือก 1 ราย คือ Hertz ซึ่งเป็นผู้ให้บริการที่ได้รับความนิยมมากที่สุด อายุขั้นต่ำในการเช่ารถคือ 21 ปี โดยผู้ขับที่อายุต่ำกว่า 25 ปีอาจต้องเสียค่าธรรมเนียมสำหรับผู้ขับอายุน้อยเพิ่มเติม ส่วนอายุขั้นต่ำในการขับขี่คือ 18 ปี\n\nการเช่ารถต้องใช้หนังสือเดินทางหรือบัตรประจำตัวประชาชนที่ยังไม่หมดอายุ พร้อมใบขับขี่ ใบอนุญาตขับขี่สากลไม่สามารถใช้ได้ เนื่องจากจีนไม่ยอมรับทั้งอนุสัญญาเจนีวาและเวียนนา ชาวต่างชาติจึงต้องขอใบอนุญาตขับขี่ของจีนหรือใบอนุญาตชั่วคราวของจีนก่อนขับรถ",
    "severity": "Minor",
    "score_deduction": 1,
    "source_file": "Copy of 2026-2027-th-car-hire-city-09.docx",
    "url": "https://www.skyscanner.co.th/car-hire-in/car-hire-in-xiamen/27536311.html",
    "candidate": "https://www.skyscanner.co.th/car-hire-in/car-hire-in-xiamen/27536311.html"
  },
  {
    "text": "เท่ากับถนนในชนบทที่ 80 กิiloเมตรต่อชั่วโมง",
    "issue": "There is a typo in the word 'กิโลเมตร'; it is misspelled as 'กิiloเมตร' using the Latin character 'l' instead of the Thai character 'ล'.",
    "type_of_issue": "Punctuation/Spelling/Typos",
    "solution": "Replace the Latin character 'l' with the Thai character 'ล' to correctly spell the word 'กิโลเมตร'.",
    "updated_sentence": "เท่ากับถนนในชนบทที่ 80 กิโลเมตรต่อชั่วโมง",
    "severity": "Minor",
    "score_deduction": 1,
    "source_file": "Copy of 2026-2027-th-car-hire-city-09.docx",
    "url": "https://www.skyscanner.co.th/car-hire-in/car-hire-in-xiamen/27536311.html",
    "candidate": "https://www.skyscanner.co.th/car-hire-in/car-hire-in-xiamen/27536311.html"
  },
  {
    "text": "การเช่ารถในออร์แลนโดเริ่มต้นที่ 210 บาท ซึ่งต่ำกว่าค่าเฉลี่ยรายปีที่ 2,755 บาทอย่างเห็นได้ชัด",
    "issue": "The currency is incorrectly stated in Thai Baht (บาท) for a service located in Orlando, USA. The currency for this location should be US Dollars.",
    "type_of_issue": "Accuracy",
    "solution": "Replace the currency 'บาท' with the '$' symbol and place it before the numbers to correctly represent US Dollars.",
    "updated_sentence": "การเช่ารถในออร์แลนโดเริ่มต้นที่ $210 ซึ่งต่ำกว่าค่าเฉลี่ยรายปีที่ $2,755 อย่างเห็นได้ชัด",
    "severity": "Major",
    "score_deduction": 3,
    "source_file": "Copy of 2026-2027-th-car-hire-city-09.docx",
    "url": "https://www.skyscanner.co.th/car-hire-in/car-hire-in-orlando/27542899.html",
    "candidate": "https://www.skyscanner.co.th/car-hire-in/car-hire-in-orlando/27542899.html"
  },
  {
    "text": "หากต้องการรุ่นนี้โดยตรง Right Cars มี Toyota Corolla เกียร์ออโต้ เริ่มที่ 215 บาทต่อวัน",
    "issue": "The currency for a service in Orlando, USA is incorrectly stated in Thai Baht (บาท) instead of US Dollars ($). This error repeats for all prices in the paragraph.",
    "type_of_issue": "Accuracy",
    "solution": "Change the currency unit from \"บาท\" to the US Dollar symbol ($) and place it before the number for all listed prices.",
    "updated_sentence": "หากต้องการรุ่นนี้โดยตรง Right Cars มี Toyota Corolla เกียร์ออโต้ เริ่มที่ $215 ต่อวัน",
    "severity": "Major",
    "score_deduction": 3,
    "source_file": "Copy of 2026-2027-th-car-hire-city-09.docx",
    "url": "https://www.skyscanner.co.th/car-hire-in/car-hire-in-orlando/27542899.html",
    "candidate": "https://www.skyscanner.co.th/car-hire-in/car-hire-in-orlando/27542899.html"
  },
  {
    "text": "ในออร์แลนโดมีบริษัทรถเช่าให้เลือก 6 แห่ง โดย Routes Car Rental เป็นผู้ให้บริการที่ได้รับความนิยมมากที่สุด รองลงมาได้แก่ XDrive และ MOVIS",
    "issue": "The car rental provider 'MOVIS' is a likely typographical error for the well-known provider 'AVIS', which is a misspelling of a brand name.",
    "type_of_issue": "Compliance",
    "solution": "Correct the brand name 'MOVIS' to 'AVIS'.",
    "updated_sentence": "ในออร์แลนโดมีบริษัทรถเช่าให้เลือก 6 แห่ง โดย Routes Car Rental เป็นผู้ให้บริการที่ได้รับความนิยมมากที่สุด รองลงมาได้แก่ XDrive และ AVIS",
    "severity": "Major",
    "score_deduction": 3,
    "source_file": "Copy of 2026-2027-th-car-hire-city-09.docx",
    "url": "https://www.skyscanner.co.th/car-hire-in/car-hire-in-orlando/27542899.html",
    "candidate": "https://www.skyscanner.co.th/car-hire-in/car-hire-in-orlando/27542899.html"
  },
  {
    "text": "ในสหรัฐอเมริกา รถวิ่งชิดขวาของถนน บนทางหลวงและทางด่วนความเร็วอยู่ที่ 89 ถึง 129 กิโลเมตรต่อชั่วโมงโดยทั่วไป โดยมีช่วง Texas SH-130 ระหว่าง I-10 และ SH-45 ที่จำกัดความเร็วไว้ที่ 137 กิโลเมตรต่อชั่วโมง สำหรับถนนในชนบทความเร็วอยู่ระหว่าง 80 ถึง 113 กิโลเมตรต่อชั่วโมง ส่วนถนนอื่นๆ กำหนดไว้ที่ 32 ถึง 56 กิโลเมตรต่อชั่วโมง สหรัฐอเมริกาไม่มีระบบเก็บค่าผ่านทางในระดับประเทศ แต่ละรัฐดำเนินการถนน สะพาน หรืออุโมงค์ที่เก็บค่าผ่านทางของตนเอง โดยชำระด้วยเงินสดหรือเครื่องส่งสัญญาณอิเล็กทรอนิกส์ประจำภูมิภาค เช่น E-ZPass",
    "issue": "The text provides speed limits for the USA only in kilometers per hour (km/h), omitting the primary unit of miles per hour (mph) which is used on all US road signs. This impairs comprehension and user compliance with local traffic laws.",
    "type_of_issue": "Compliance",
    "solution": "Rewrite the sentences to show the original speed limits in mph first, followed by the km/h conversion in parentheses, to accurately reflect the units drivers will see in the USA.",
    "updated_sentence": "ในสหรัฐอเมริกา รถวิ่งชิดขวาของถนน บนทางหลวงและทางด่วนความเร็วอยู่ที่ 55 ถึง 80 ไมล์ต่อชั่วโมง (89 ถึง 129 กิโลเมตรต่อชั่วโมง) โดยทั่วไป โดยมีช่วง Texas SH-130 ระหว่าง I-10 และ SH-45 ที่จำกัดความเร็วไว้ที่ 85 ไมล์ต่อชั่วโมง (137 กิโลเมตรต่อชั่วโมง) สำหรับถนนในชนบทความเร็วอยู่ระหว่าง 50 ถึง 70 ไมล์ต่อชั่วโมง (80 ถึง 113 กิโลเมตรต่อชั่วโมง) ส่วนถนนอื่นๆ กำหนดไว้ที่ 20 ถึง 35 ไมล์ต่อชั่วโมง (32 ถึง 56 กิโลเมตรต่อชั่วโมง) สหรัฐอเมริกาไม่มีระบบเก็บค่าผ่านทางในระดับประเทศ แต่ละรัฐดำเนินการถนน สะพาน หรืออุโมงค์ที่เก็บค่าผ่านทางของตนเอง โดยชำระด้วยเงินสดหรือเครื่องส่งสัญญาณอิเล็กทรอนิกส์ประจำภูมิภาค เช่น E-ZPass",
    "severity": "Major",
    "score_deduction": 3,
    "source_file": "Copy of 2026-2027-th-car-hire-city-09.docx",
    "url": "https://www.skyscanner.co.th/car-hire-in/car-hire-in-orlando/27542899.html",
    "candidate": "https://www.skyscanner.co.th/car-hire-in/car-hire-in-orlando/27542899.html"
  },
  {
    "text": "หากงบประมาณเป็นปัจจัยหลัก Nissan Versa จาก NU Car Rentals เป็นตัวเลือกเกียร์ออโต้ที่ราคาเริ่มต้นต่ำที่สุด อยู่ที่ 202 บาทต่อวัน",
    "issue": "The currency is incorrect for the location. The text uses Thai Baht (บาท) for prices in David, Panama, which uses the US Dollar. This pattern repeats for all prices mentioned.",
    "type_of_issue": "Accuracy",
    "solution": "Replace the currency \"บาท\" (Baht) with \"ดอลลาร์สหรัฐ\" (US Dollar) to match the location.",
    "updated_sentence": "หากงบประมาณเป็นปัจจัยหลัก Nissan Versa จาก NU Car Rentals เป็นตัวเลือกเกียร์ออโต้ที่ราคาเริ่มต้นต่ำที่สุด อยู่ที่ 202 ดอลลาร์สหรัฐต่อวัน",
    "severity": "Major",
    "score_deduction": 3,
    "source_file": "Copy of 2026-2027-th-car-hire-city-09.docx",
    "url": "https://www.skyscanner.co.th/car-hire-in/car-hire-in-david/27540680.html",
    "candidate": "https://www.skyscanner.co.th/car-hire-in/car-hire-in-david/27540680.html"
  },
  {
    "text": "คุณสามารถรับรถเช่าได้ที่เดวิด สนามบิน ซึ่งเป็นจุดรับรถหลักในเดวิด",
    "issue": "The word order for the location 'David Airport' is incorrect. In Thai, the common noun 'สนามบิน' (airport) should precede the proper name 'เดวิด'.",
    "type_of_issue": "Grammar",
    "solution": "Reverse the word order from 'เดวิด สนามบิน' to 'สนามบินเดวิด' to align with standard Thai grammar for place names.",
    "updated_sentence": "คุณสามารถรับรถเช่าได้ที่สนามบินเดวิด ซึ่งเป็นจุดรับรถหลักในเดวิด",
    "severity": "Minor",
    "score_deduction": 1,
    "source_file": "Copy of 2026-2027-th-car-hire-city-09.docx",
    "url": "https://www.skyscanner.co.th/car-hire-in/car-hire-in-david/27540680.html",
    "candidate": "https://www.skyscanner.co.th/car-hire-in/car-hire-in-david/27540680.html"
  },
  {
    "text": "รถที่ได้รับความนิยมมากที่สุดในมิยะซะกิคือ Nissan Z ด้วยขนาดเล็ก ใช้งานได้จริง และจอดรถง่าย จึงเหมาะกับการขับในเมืองและพื้นที่จอดที่จำกัด คุณสามารถเช่า Nissan Z เกียร์ออโต้จาก Budget เริ่มที่ ฿1,032 ต่อวัน หากต้องการรถที่นั่งได้มากกว่า Nissan Versa เกียร์ออโต้จาก Times เริ่มที่ ฿1,012 ต่อวัน เป็นอีกทางเลือกในระดับราคาใกล้เคียงกัน สำหรับผู้ที่มองหารถขนาดกลาง BMW 2-Series เกียร์ออโต้จาก Avis เริ่มที่ ฿2,018 ต่อวัน ทุกดีลมาพร้อมแอร์ ยกเลิกฟรี และไม่จำกัดระยะทาง การเลือกจึงขึ้นอยู่กับจำนวนผู้โดยสารและงบประมาณของคุณ",
    "issue": "The single paragraph contains multiple distinct ideas (different car examples, pricing, and features), making it difficult to scan and compare options.",
    "type_of_issue": "Style",
    "solution": "Split the paragraph into three smaller, more focused paragraphs to improve readability and scannability.",
    "updated_sentence": "รถที่ได้รับความนิยมมากที่สุดในมิยะซะกิคือ Nissan Z ด้วยขนาดเล็ก ใช้งานได้จริง และจอดรถง่าย จึงเหมาะกับการขับในเมืองและพื้นที่จอดที่จำกัด คุณสามารถเช่า Nissan Z เกียร์ออโต้จาก Budget เริ่มที่ ฿1,032 ต่อวัน\n\nหากต้องการรถที่นั่งได้มากกว่า Nissan Versa เกียร์ออโต้จาก Times เริ่มที่ ฿1,012 ต่อวัน เป็นอีกทางเลือกในระดับราคาใกล้เคียงกัน สำหรับผู้ที่มองหารถขนาดกลาง BMW 2-Series เกียร์ออโต้จาก Avis เริ่มที่ ฿2,018 ต่อวัน\n\nทุกดีลมาพร้อมแอร์ ยกเลิกฟรี และไม่จำกัดระยะทาง การเลือกจึงขึ้นอยู่กับจำนวนผู้โดยสารและงบประมาณของคุณ",
    "severity": "Minor",
    "score_deduction": 1,
    "source_file": "Copy of 2026-2027-th-car-hire-city-09.docx",
    "url": "https://www.skyscanner.co.th/car-hire-in/car-hire-in-miyazaki/27543031.html",
    "candidate": "https://www.skyscanner.co.th/car-hire-in/car-hire-in-miyazaki/27543031.html"
  },
  {
    "text": "คุณสามารถรับรถเช่าได้ที่มิยะซะกิ สนามบิน ซึ่งเป็นจุดรับรถหลักสำหรับผู้เดินทางที่มาถึงเมืองนี้ทางอากาศ",
    "issue": "The word order for 'Miyazaki Airport' is incorrect. In Thai, the general noun ('Airport') should precede the specific name ('Miyazaki').",
    "type_of_issue": "Grammar",
    "solution": "Reverse the word order from 'มิยะซะกิ สนามบิน' to 'สนามบินมิยะซะกิ' to follow standard Thai naming conventions for places.",
    "updated_sentence": "คุณสามารถรับรถเช่าได้ที่สนามบินมิยะซะกิ ซึ่งเป็นจุดรับรถหลักสำหรับผู้เดินทางที่มาถึงเมืองนี้ทางอากาศ",
    "severity": "Minor",
    "score_deduction": 1,
    "source_file": "Copy of 2026-2027-th-car-hire-city-09.docx",
    "url": "https://www.skyscanner.co.th/car-hire-in/car-hire-in-miyazaki/27543031.html",
    "candidate": "https://www.skyscanner.co.th/car-hire-in/car-hire-in-miyazaki/27543031.html"
  },
  {
    "text": "สำหรับใบขับขี่ต่างประเทศเกือบทั้งหมดต้องมีใบอนุญาตขับขี่ระหว่างประเทศที่ออกภายใต้อนุสัญญาเจนีวา ค.ศ. 1949 ยกเว้นบางประเทศ เช่น เยอรมนี ฝรั่งเศส สวิตเซอร์แลนด์ เบลเยียม โมนาโก และไต้หวัน ซึ่งต้องใช้คำแปลใบขับขี่ฉบับทางการเป็นภาษาญี่ปุ่นแทน",
    "issue": "Incorrect spacing is used between items in a list. Standard Thai typography does not use spaces to separate single-word items in a list in this manner.",
    "type_of_issue": "Punctuation/Spelling/Typos",
    "solution": "Remove the unnecessary spaces between the country names and add commas to separate the list items for clarity.",
    "updated_sentence": "สำหรับใบขับขี่ต่างประเทศเกือบทั้งหมดต้องมีใบอนุญาตขับขี่ระหว่างประเทศที่ออกภายใต้อนุสัญญาเจนีวา ค.ศ. 1949 ยกเว้นบางประเทศ เช่น เยอรมนี, ฝรั่งเศส, สวิตเซอร์แลนด์, เบลเยียม, โมนาโก และไต้หวัน ซึ่งต้องใช้คำแปลใบขับขี่ฉบับทางการเป็นภาษาญี่ปุ่นแทน",
    "severity": "Minor",
    "score_deduction": 1,
    "source_file": "Copy of 2026-2027-th-car-hire-city-09.docx",
    "url": "https://www.skyscanner.co.th/car-hire-in/car-hire-in-miyazaki/27543031.html",
    "candidate": "https://www.skyscanner.co.th/car-hire-in/car-hire-in-miyazaki/27543031.html"
  },
  {
    "text": "ในญี่ปุ่นการจราจรขับชิดซ้าย หากคุณเช่ารถขับเอง ควรทำความเข้าใจการจำกัดความเร็วในแต่ละประเภทถนน",
    "issue": "A space is missing after the introductory phrase 'ในญี่ปุ่น' which is required for correct punctuation and readability in Thai.",
    "type_of_issue": "Punctuation/Spelling/Typos",
    "solution": "Add a space between 'ในญี่ปุ่น' and 'การจราจร' to properly separate the clauses.",
    "updated_sentence": "ในญี่ปุ่น การจราจรขับชิดซ้าย หากคุณเช่ารถขับเอง ควรทำความเข้าใจการจำกัดความเร็วในแต่ละประเภทถนน",
    "severity": "Minor",
    "score_deduction": 1,
    "source_file": "Copy of 2026-2027-th-car-hire-city-09.docx",
    "url": "https://www.skyscanner.co.th/car-hire-in/car-hire-in-miyazaki/27543031.html",
    "candidate": "https://www.skyscanner.co.th/car-hire-in/car-hire-in-miyazaki/27543031.html"
  },
  {
    "text": "ในญี่ปุ่นการจราจรขับชิดซ้าย หากคุณเช่ารถขับเอง ควรทำความเข้าใจการจำกัดความเร็วในแต่ละประเภทถนน บนทางหลวงกำหนดไว้ที่ 100 กิโลเมตรต่อชั่วโมง ส่วนทางด่วนอยู่ที่ 80 กิโลเมตรต่อชั่วโมง สำหรับถนนในชนบทจำกัดที่ 60 กิโลเมตรต่อชั่วโมง และถนนทั่วไปอยู่ที่ 40 กิโลเมตรต่อชั่วโมง ทางด่วนของญี่ปุ่นมีการเก็บค่าผ่านทางตามระยะทาง โดยเก็บที่ด่านเมื่อผ่าน คุณสามารถชำระด้วยเงินสด หรือใช้อุปกรณ์ ETC ที่เป็นเครื่องส่งสัญญาณอิเล็กทรอนิกส์เชื่อมต่อกับบัตรเครดิต ซึ่งมีความจำเป็นมากขึ้นเรื่อยๆ การเตรียมอุปกรณ์นี้ไว้ล่วงหน้าช่วยให้ผ่านด่านได้สะดวกกว่าการใช้เงินสด",
    "issue": "The single paragraph combines multiple distinct topics (driving side, speed limits, and toll payments), which makes the content difficult to scan.",
    "type_of_issue": "Style",
    "solution": "Split the content into two paragraphs to logically separate the topic of general driving rules from the topic of tolls and payment methods.",
    "updated_sentence": "ในญี่ปุ่นการจราจรขับชิดซ้าย หากคุณเช่ารถขับเอง ควรทำความเข้าใจการจำกัดความเร็วในแต่ละประเภทถนน บนทางหลวงกำหนดไว้ที่ 100 กิโลเมตรต่อชั่วโมง ส่วนทางด่วนอยู่ที่ 80 กิโลเมตรต่อชั่วโมง สำหรับถนนในชนบทจำกัดที่ 60 กิโลเมตรต่อชั่วโมง และถนนทั่วไปอยู่ที่ 40 กิโลเมตรต่อชั่วโมง\n\nทางด่วนของญี่ปุ่นมีการเก็บค่าผ่านทางตามระยะทาง โดยเก็บที่ด่านเมื่อผ่าน คุณสามารถชำระด้วยเงินสด หรือใช้อุปกรณ์ ETC ที่เป็นเครื่องส่งสัญญาณอิเล็กทรอนิกส์เชื่อมต่อกับบัตรเครดิต ซึ่งมีความจำเป็นมากขึ้นเรื่อยๆ การเตรียมอุปกรณ์นี้ไว้ล่วงหน้าช่วยให้ผ่านด่านได้สะดวกกว่าการใช้เงินสด",
    "severity": "Minor",
    "score_deduction": 1,
    "source_file": "Copy of 2026-2027-th-car-hire-city-09.docx",
    "url": "https://www.skyscanner.co.th/car-hire-in/car-hire-in-miyazaki/27543031.html",
    "candidate": "https://www.skyscanner.co.th/car-hire-in/car-hire-in-miyazaki/27543031.html"
  },
  {
    "text": "ในเจดดะห์คุณรับรถเช่าได้ที่ King Abdulaziz International Airport ซึ่งเป็นจุดรับหลักสำหรับผู้ที่เดินทางมาถึงโดยเครื่องบิน",
    "issue": "A space is missing after the introductory adverbial phrase 'ในเจดดะห์', which connects it directly to the subject 'คุณ' and affects natural readability per standard Thai typographic conventions.",
    "type_of_issue": "Punctuation/Spelling/Typos",
    "solution": "Add a space after 'ในเจดดะห์' to correctly separate the introductory phrase from the main clause.",
    "updated_sentence": "ในเจดดะห์ คุณรับรถเช่าได้ที่ King Abdulaziz International Airport ซึ่งเป็นจุดรับหลักสำหรับผู้ที่เดินทางมาถึงโดยเครื่องบิน",
    "severity": "Minor",
    "score_deduction": 1,
    "source_file": "Copy of 2026-2027-th-car-hire-city-09.docx",
    "url": "https://www.skyscanner.co.th/car-hire-in/car-hire-in-jeddah/27542964.html",
    "candidate": "https://www.skyscanner.co.th/car-hire-in/car-hire-in-jeddah/27542964.html"
  },
  {
    "text": "ในซาอุดีอาระเบียการจราจรขับชิดขวา คุณจึงต้องนั่งด้านซ้ายของรถและแซงทางด้านซ้าย",
    "issue": "A required space is missing between the introductory locational phrase 'ในซาอุดีอาระเบีย' and the main clause, which is against standard Thai typographic conventions for readability.",
    "type_of_issue": "Punctuation/Spelling/Typos",
    "solution": "Add a space after 'ในซาอุดีอาระเบีย' to correctly separate the introductory phrase from the main clause.",
    "updated_sentence": "ในซาอุดีอาระเบีย การจราจรขับชิดขวา คุณจึงต้องนั่งด้านซ้ายของรถและแซงทางด้านซ้าย",
    "severity": "Minor",
    "score_deduction": 1,
    "source_file": "Copy of 2026-2027-th-car-hire-city-09.docx",
    "url": "https://www.skyscanner.co.th/car-hire-in/car-hire-in-jeddah/27542964.html",
    "candidate": "https://www.skyscanner.co.th/car-hire-in/car-hire-in-jeddah/27542964.html"
  },
  {
    "text": "คุณสามารถรับรถเช่าในลุกซอร์ได้ที่ลุกซอร์ สนามบิน ซึ่งเป็นจุดรับรถหลักสำหรับผู้ที่เดินทางมาถึงโดยเครื่องบิน",
    "issue": "The word order for the place name 'Luxor Airport' is incorrect. In Thai, the generic noun 'สนามบิน' (airport) should precede the proper noun 'ลุกซอร์' (Luxor).",
    "type_of_issue": "Grammar",
    "solution": "Reverse the word order from 'ลุกซอร์ สนามบิน' to 'สนามบินลุกซอร์' to follow standard Thai syntax for place names.",
    "updated_sentence": "คุณสามารถรับรถเช่าในลุกซอร์ได้ที่สนามบินลุกซอร์ ซึ่งเป็นจุดรับรถหลักสำหรับผู้ที่เดินทางมาถึงโดยเครื่องบิน",
    "severity": "Minor",
    "score_deduction": 1,
    "source_file": "Copy of 2026-2027-th-car-hire-city-09.docx",
    "url": "https://www.skyscanner.co.th/car-hire-in/car-hire-in-luxor/27544212.html",
    "candidate": "https://www.skyscanner.co.th/car-hire-in/car-hire-in-luxor/27544212.html"
  },
  {
    "text": "การเช่ารถในวัคคาไนเริ่มต้นที่ 1,800 บาท ซึ่งต่ำกว่าค่าเฉลี่ยรายปีที่ 2,148 บาท เดือนที่มีราคาถูกที่สุดคือกรกฎาคม หากวางแผนเดินทางในช่วงนี้ คุณมีโอกาสได้ราคาที่ประหยัดกว่าเดือนอื่น การจองล่วงหน้า 1 สัปดาห์ก่อนเดินทางช่วยให้ได้ดีลที่คุ้มค่าที่สุด ลองเปรียบเทียบราคาจากผู้ให้บริการหลายรายเพื่อดูตัวเลือกที่เหมาะกับงบประมาณ การปรับช่วงเวลารับและคืนรถให้ยืดหยุ่นก็เป็นอีกวิธีที่ช่วยลดค่าใช้จ่าย ตรวจสอบเงื่อนไขการเช่าและประเภทรถให้ตรงกับความต้องการก่อนยืนยันการจอง",
    "issue": "The single paragraph contains multiple distinct ideas (price overview, booking tips, flexibility, final checks), which makes the text dense and objectively difficult to scan.",
    "type_of_issue": "Style",
    "solution": "Split the text into smaller, more focused paragraphs to improve scannability and readability.",
    "updated_sentence": "การเช่ารถในวัคคาไนเริ่มต้นที่ 1,800 บาท ซึ่งต่ำกว่าค่าเฉลี่ยรายปีที่ 2,148 บาท เดือนที่มีราคาถูกที่สุดคือกรกฎาคม หากวางแผนเดินทางในช่วงนี้ คุณมีโอกาสได้ราคาที่ประหยัดกว่าเดือนอื่น\n\nการจองล่วงหน้า 1 สัปดาห์ก่อนเดินทางช่วยให้ได้ดีลที่คุ้มค่าที่สุด ลองเปรียบเทียบราคาจากผู้ให้บริการหลายรายเพื่อดูตัวเลือกที่เหมาะกับงบประมาณ\n\nการปรับช่วงเวลารับและคืนรถให้ยืดหยุ่นก็เป็นอีกวิธีที่ช่วยลดค่าใช้จ่าย ตรวจสอบเงื่อนไขการเช่าและประเภทรถให้ตรงกับความต้องการก่อนยืนยันการจอง",
    "severity": "Minor",
    "score_deduction": 1,
    "source_file": "Copy of 2026-2027-th-car-hire-city-09.docx",
    "url": "https://www.skyscanner.co.th/car-hire-in/car-hire-in-wakkanai/27536219.html",
    "candidate": "https://www.skyscanner.co.th/car-hire-in/car-hire-in-wakkanai/27536219.html"
  },
  {
    "text": "NIPPON Rent A Car มี Toyota Yaris เกียร์ออโต้ เริ่มที่ 1,920 บาทต่อวัน รองรับผู้โดยสารได้ห้าคน",
    "issue": "The capitalization of 'Rent A Car' is inconsistent with a previous mention of 'Rent a Car'. This pattern repeats in the following sentence.",
    "type_of_issue": "Compliance",
    "solution": "Change 'Rent A Car' to 'Rent a Car' to ensure consistent brand name formatting throughout the text.",
    "updated_sentence": "NIPPON Rent a Car มี Toyota Yaris เกียร์ออโต้ เริ่มที่ 1,920 บาทต่อวัน รองรับผู้โดยสารได้ห้าคน",
    "severity": "Minor",
    "score_deduction": 1,
    "source_file": "Copy of 2026-2027-th-car-hire-city-09.docx",
    "url": "https://www.skyscanner.co.th/car-hire-in/car-hire-in-wakkanai/27536219.html",
    "candidate": "https://www.skyscanner.co.th/car-hire-in/car-hire-in-wakkanai/27536219.html"
  },
  {
    "text": "ในวัคคาไนมีบริษัทให้บริการรถเช่าทั้งหมด 4 แห่ง โดย NIPPON Rent A Car เป็นผู้ให้บริการที่ได้รับความนิยมมากที่สุด รองลงมาคือ Toyota Rent A Car และ Times อายุขั้นต่ำในการเช่ารถอยู่ที่ 21 ปี ทั้งนี้ผู้ให้บริการหลายรายคิดค่าธรรมเนียมเพิ่มสำหรับผู้ขับขี่อายุต่ำกว่า 25 ปี ส่วนอายุขั้นต่ำในการขับขี่คือ 18 ปี เอกสารที่ต้องใช้ประกอบด้วยหนังสือเดินทางหรือบัตรประจำตัวประชาชนที่ยังไม่หมดอายุ พร้อมใบขับขี่ที่ใช้งานได้ ผู้ถือใบขับขี่ต่างประเทศเกือบทั้งหมดต้องมีใบอนุญาตขับขี่ระหว่างประเทศตามอนุสัญญาเจนีวา ปี 1949 ยกเว้นบางประเทศ เช่น เยอรมนี ฝรั่งเศส สวิตเซอร์แลนด์ เบลเยียม โมนาโก และไต้หวัน ซึ่งต้องใช้คำแปลใบขับขี่เป็นภาษาญี่ปุ่นอย่างเป็นทางการแทน",
    "issue": "The single paragraph contains multiple distinct ideas (list of providers, age requirements, documentation rules), which makes the content dense and difficult to scan.",
    "type_of_issue": "Style",
    "solution": "Split the text into three separate, focused paragraphs to improve readability and scannability.",
    "updated_sentence": "ในวัคคาไนมีบริษัทให้บริการรถเช่าทั้งหมด 4 แห่ง โดย NIPPON Rent A Car เป็นผู้ให้บริการที่ได้รับความนิยมมากที่สุด รองลงมาคือ Toyota Rent A Car และ Times\n\nอายุขั้นต่ำในการเช่ารถอยู่ที่ 21 ปี ทั้งนี้ผู้ให้บริการหลายรายคิดค่าธรรมเนียมเพิ่มสำหรับผู้ขับขี่อายุต่ำกว่า 25 ปี ส่วนอายุขั้นต่ำในการขับขี่คือ 18 ปี\n\nเอกสารที่ต้องใช้ประกอบด้วยหนังสือเดินทางหรือบัตรประจำตัวประชาชนที่ยังไม่หมดอายุ พร้อมใบขับขี่ที่ใช้งานได้ ผู้ถือใบขับขี่ต่างประเทศเกือบทั้งหมดต้องมีใบอนุญาตขับขี่ระหว่างประเทศตามอนุสัญญาเจนีวา ปี 1949 ยกเว้นบางประเทศ เช่น เยอรมนี ฝรั่งเศส สวิตเซอร์แลนด์ เบลเยียม โมนาโก และไต้หวัน ซึ่งต้องใช้คำแปลใบขับขี่เป็นภาษาญี่ปุ่นอย่างเป็นทางการแทน",
    "severity": "Minor",
    "score_deduction": 1,
    "source_file": "Copy of 2026-2027-th-car-hire-city-09.docx",
    "url": "https://www.skyscanner.co.th/car-hire-in/car-hire-in-wakkanai/27536219.html",
    "candidate": "https://www.skyscanner.co.th/car-hire-in/car-hire-in-wakkanai/27536219.html"
  },
  {
    "text": "ในญี่ปุ่นการจราจรขับชิดซ้าย ดังนั้นหากคุณคุ้นเคยกับการขับชิดขวาควรใช้เวลาปรับตัวช่วงแรก จำกัดความเร็วบนทางด่วนพิเศษอยู่ที่ 100 กิโลเมตรต่อชั่วโมง ส่วนทางด่วนทั่วไปกำหนดไว้ที่ 80 กิโลเมตรต่อชั่วโมง บนถนนในชนบทความเร็วจำกัดที่ 60 กิโลเมตรต่อชั่วโมง และถนนอื่น ๆ อยู่ที่ 40 กิโลเมตรต่อชั่วโมง ทางด่วนของญี่ปุ่นมีการเก็บค่าผ่านทางตามระยะทางที่จุดเก็บเงิน ชำระได้ด้วยเงินสดหรือผ่านเครื่องส่งสัญญาณอิเล็กทรอนิกส์ ETC ที่เชื่อมกับบัตรเครดิต ซึ่งมีความจำเป็นมากขึ้นเรื่อย ๆ วางแผนเส้นทางและเตรียมวิธีชำระค่าผ่านทางไว้ล่วงหน้าเพื่อความสะดวกในการเดินทาง",
    "issue": "A single paragraph combines multiple distinct topics (driving side, a list of speed limits, and toll payment information), which harms readability and scanability.",
    "type_of_issue": "Style",
    "solution": "Split the paragraph into three separate paragraphs, each focusing on a single topic: driving side, speed limits, and tolls.",
    "updated_sentence": "ในญี่ปุ่นการจราจรขับชิดซ้าย ดังนั้นหากคุณคุ้นเคยกับการขับชิดขวาควรใช้เวลาปรับตัวช่วงแรก\n\nจำกัดความเร็วบนทางด่วนพิเศษอยู่ที่ 100 กิโลเมตรต่อชั่วโมง ส่วนทางด่วนทั่วไปกำหนดไว้ที่ 80 กิโลเมตรต่อชั่วโมง บนถนนในชนบทความเร็วจำกัดที่ 60 กิโลเมตรต่อชั่วโมง และถนนอื่น ๆ อยู่ที่ 40 กิโลเมตรต่อชั่วโมง\n\nทางด่วนของญี่ปุ่นมีการเก็บค่าผ่านทางตามระยะทางที่จุดเก็บเงิน ชำระได้ด้วยเงินสดหรือผ่านเครื่องส่งสัญญาณอิเล็กทรอนิกส์ ETC ที่เชื่อมกับบัตรเครดิต ซึ่งมีความจำเป็นมากขึ้นเรื่อย ๆ วางแผนเส้นทางและเตรียมวิธีชำระค่าผ่านทางไว้ล่วงหน้าเพื่อความสะดวกในการเดินทาง",
    "severity": "Minor",
    "score_deduction": 1,
    "source_file": "Copy of 2026-2027-th-car-hire-city-09.docx",
    "url": "https://www.skyscanner.co.th/car-hire-in/car-hire-in-wakkanai/27536219.html",
    "candidate": "https://www.skyscanner.co.th/car-hire-in/car-hire-in-wakkanai/27536219.html"
  },
  {
    "text": "การเช่ารถในบูดาเปสต์เริ่มต้นที่ 723 บาท ขณะที่ราคาเฉลี่ยตลอดทั้งปีอยู่ที่ 2,033 บาท คุณสามารถเปรียบเทียบราคาจากผู้ให้บริการหลายรายเพื่อหาข้อเสนอที่เหมาะกับคุณ เดือนพฤศจิกายนเป็นช่วงที่ค่าเช่ารถมักถูกที่สุด จึงเป็นเดือนที่น่าพิจารณาหากคุณมีความยืดหยุ่นในการเดินทาง การจองล่วงหน้า 2 สัปดาห์ก่อนวันรับรถช่วยให้คุณได้ราคาที่ดีที่สุด การวางแผนตามช่วงเวลาเหล่านี้ช่วยให้คุณควบคุมงบประมาณการเดินทางในบูดาเปสต์ได้ง่ายขึ้น และเลือกรถที่ตรงกับความต้องการของคุณ",
    "issue": "The single paragraph combines multiple distinct ideas (pricing, cheapest month, booking tips), making the text dense and difficult to scan for web readers.",
    "type_of_issue": "Style",
    "solution": "Split the text into shorter, focused paragraphs to improve scannability, with each paragraph covering a distinct topic.",
    "updated_sentence": "การเช่ารถในบูดาเปสต์เริ่มต้นที่ 723 บาท ขณะที่ราคาเฉลี่ยตลอดทั้งปีอยู่ที่ 2,033 บาท คุณสามารถเปรียบเทียบราคาจากผู้ให้บริการหลายรายเพื่อหาข้อเสนอที่เหมาะกับคุณ\n\nเดือนพฤศจิกายนเป็นช่วงที่ค่าเช่ารถมักถูกที่สุด จึงเป็นเดือนที่น่าพิจารณาหากคุณมีความยืดหยุ่นในการเดินทาง\n\nการจองล่วงหน้า 2 สัปดาห์ก่อนวันรับรถช่วยให้คุณได้ราคาที่ดีที่สุด การวางแผนตามช่วงเวลาเหล่านี้ช่วยให้คุณควบคุมงบประมาณการเดินทางในบูดาเปสต์ได้ง่ายขึ้น และเลือกรถที่ตรงกับความต้องการของคุณ",
    "severity": "Minor",
    "score_deduction": 1,
    "source_file": "Copy of 2026-2027-th-car-hire-city-09.docx",
    "url": "https://www.skyscanner.co.th/car-hire-in/car-hire-in-budapest/27539604.html",
    "candidate": "https://www.skyscanner.co.th/car-hire-in/car-hire-in-budapest/27539604.html"
  },
  {
    "text": "รถที่ได้รับความนิยมมากที่สุดในบูดาเปสต์คือ Volkswagen Polo ด้วยขนาดเล็ก ใช้งานได้จริง และจอดรถง่ายในเขตเมือง หากต้องการรถขนาดกะทัดรัดในราคาประหยัด Fiat 500 เกียร์ธรรมดาจาก U-Save เริ่มที่ 723 บาทต่อวัน เป็นตัวเลือกที่คุ้มค่า สำหรับผู้ที่ต้องการที่นั่งเพิ่มขึ้น Peugeot 308 เกียร์ธรรมดาจาก Sixt เริ่มที่ 861 บาทต่อวัน รองรับผู้โดยสารได้ห้าคน ส่วนผู้ที่มีสัมภาระมากขึ้น Volkswagen T-Roc เกียร์ธรรมดาจาก Klasswagen.com เริ่มที่ 1,044 บาทต่อวัน รองรับกระเป๋าได้สี่ใบ พิจารณาจำนวนที่นั่งและสัมภาระเพื่อเลือกรถที่เหมาะกับการเดินทางของคุณ",
    "issue": "The single paragraph combines multiple distinct car recommendations for different user needs, which makes the content dense and difficult to scan.",
    "type_of_issue": "Style",
    "solution": "Split the paragraph into smaller, focused paragraphs based on the user need or car type to improve readability.",
    "updated_sentence": "รถที่ได้รับความนิยมมากที่สุดในบูดาเปสต์คือ Volkswagen Polo ด้วยขนาดเล็ก ใช้งานได้จริง และจอดรถง่ายในเขตเมือง\n\nหากต้องการรถขนาดกะทัดรัดในราคาประหยัด Fiat 500 เกียร์ธรรมดาจาก U-Save เริ่มที่ 723 บาทต่อวัน เป็นตัวเลือกที่คุ้มค่า\n\nสำหรับผู้ที่ต้องการที่นั่งเพิ่มขึ้น Peugeot 308 เกียร์ธรรมดาจาก Sixt เริ่มที่ 861 บาทต่อวัน รองรับผู้โดยสารได้ห้าคน ส่วนผู้ที่มีสัมภาระมากขึ้น Volkswagen T-Roc เกียร์ธรรมดาจาก Klasswagen.com เริ่มที่ 1,044 บาทต่อวัน รองรับกระเป๋าได้สี่ใบ\n\nพิจารณาจำนวนที่นั่งและสัมภาระเพื่อเลือกรถที่เหมาะกับการเดินทางของคุณ",
    "severity": "Minor",
    "score_deduction": 1,
    "source_file": "Copy of 2026-2027-th-car-hire-city-09.docx",
    "url": "https://www.skyscanner.co.th/car-hire-in/car-hire-in-budapest/27539604.html",
    "candidate": "https://www.skyscanner.co.th/car-hire-in/car-hire-in-budapest/27539604.html"
  },
  {
    "text": "ในบูดาเปสต์มีผู้ให้บริการรถเช่าทั้งหมด 6 ราย โดย Sixt เป็นผู้ให้บริการที่ได้รับความนิยมมากที่สุด รองลงมาได้แก่ Klasswagen.com และ Schiller อายุขั้นต่ำในการเช่ารถคือ 21 ปี ส่วนอายุขั้นต่ำในการขับขี่คือ 17 ปี สำหรับการเช่ารถคุณต้องแสดงหนังสือเดินทางหรือบัตรประจำตัวประชาชนที่ยังไม่หมดอายุ พร้อมใบขับขี่ที่ยังใช้งานได้ ใบอนุญาตขับขี่สากลไม่จำเป็นสำหรับใบขับขี่จากประเทศในกลุ่ม EEA ประเทศภาคีอนุสัญญาเวียนนา หรือสหราชอาณาจักร แต่จำเป็นสำหรับใบขับขี่จากประเทศอื่น โดยเฉพาะใบที่ไม่ได้พิมพ์ด้วยอักษรโรมัน",
    "issue": "The single paragraph combines multiple distinct topics (providers, age requirements, and document rules), which makes the information difficult to scan and digest quickly.",
    "type_of_issue": "Style",
    "solution": "Split the text into separate, focused paragraphs to improve readability and scannability, with each paragraph addressing a single topic.",
    "updated_sentence": "ในบูดาเปสต์มีผู้ให้บริการรถเช่าทั้งหมด 6 ราย โดย Sixt เป็นผู้ให้บริการที่ได้รับความนิยมมากที่สุด รองลงมาได้แก่ Klasswagen.com และ Schiller\n\nอายุขั้นต่ำในการเช่ารถคือ 21 ปี ส่วนอายุขั้นต่ำในการขับขี่คือ 17 ปี\n\nสำหรับการเช่ารถคุณต้องแสดงหนังสือเดินทางหรือบัตรประจำตัวประชาชนที่ยังไม่หมดอายุ พร้อมใบขับขี่ที่ยังใช้งานได้\n\nใบอนุญาตขับขี่สากลไม่จำเป็นสำหรับใบขับขี่จากประเทศในกลุ่ม EEA ประเทศภาคีอนุสัญญาเวียนนา หรือสหราชอาณาจักร แต่จำเป็นสำหรับใบขับขี่จากประเทศอื่น โดยเฉพาะใบที่ไม่ได้พิมพ์ด้วยอักษรโรมัน",
    "severity": "Major",
    "score_deduction": 3,
    "source_file": "Copy of 2026-2027-th-car-hire-city-09.docx",
    "url": "https://www.skyscanner.co.th/car-hire-in/car-hire-in-budapest/27539604.html",
    "candidate": "https://www.skyscanner.co.th/car-hire-in/car-hire-in-budapest/27539604.html"
  },
  {
    "text": "ในฮังการี การจราจรขับชิดขวา บนทางด่วนพิเศษจำกัดความเร็วที่ 130 กิโลเมตรต่อชั่วโมง ส่วนทางด่วนสายรองอยู่ที่ 110 กิโลเมตรต่อชั่วโมง ถนนนอกเมืองกำหนดไว้ที่ 90 กิโลเมตรต่อชั่วโมง สำหรับถนนทั่วไปในเขตเมืองจำกัดที่ 50 กิโลเมตรต่อชั่วโมง โดยลดเหลือ 30 กิโลเมตรต่อชั่วโมงในย่านที่พักอาศัย และเพิ่มเป็น 60–70 กิโลเมตรต่อชั่วโมงบนถนนสายหลัก ฮังการีใช้ระบบเก็บค่าผ่านทางแบบ e-vignette ดิจิทัลสำหรับทางด่วนและทางด่วนพิเศษ โดยลงทะเบียนกับป้ายทะเบียนรถและตรวจสอบผ่านกล้อง คุณสามารถซื้อได้ทั้งแบบรายวัน รายสัปดาห์ รายเดือน หรือรายปี ตรวจสอบให้แน่ใจว่าได้ลงทะเบียนก่อนเข้าใช้เส้นทางเหล่านั้น",
    "issue": "The single paragraph combines two distinct topics (speed limits and the e-vignette toll system), which makes the information difficult to scan and digest.",
    "type_of_issue": "Style",
    "solution": "Split the text into two paragraphs, with the first covering speed limits and the second covering the toll system, to improve readability.",
    "updated_sentence": "ในฮังการี การจราจรขับชิดขวา บนทางด่วนพิเศษจำกัดความเร็วที่ 130 กิโลเมตรต่อชั่วโมง ส่วนทางด่วนสายรองอยู่ที่ 110 กิโลเมตรต่อชั่วโมง ถนนนอกเมืองกำหนดไว้ที่ 90 กิโลเมตรต่อชั่วโมง สำหรับถนนทั่วไปในเขตเมืองจำกัดที่ 50 กิโลเมตรต่อชั่วโมง โดยลดเหลือ 30 กิโลเมตรต่อชั่วโมงในย่านที่พักอาศัย และเพิ่มเป็น 60–70 กิโลเมตรต่อชั่วโมงบนถนนสายหลัก\n\nฮังการีใช้ระบบเก็บค่าผ่านทางแบบ e-vignette ดิจิทัลสำหรับทางด่วนและทางด่วนพิเศษ โดยลงทะเบียนกับป้ายทะเบียนรถและตรวจสอบผ่านกล้อง คุณสามารถซื้อได้ทั้งแบบรายวัน รายสัปดาห์ รายเดือน หรือรายปี ตรวจสอบให้แน่ใจว่าได้ลงทะเบียนก่อนเข้าใช้เส้นทางเหล่านั้น",
    "severity": "Minor",
    "score_deduction": 1,
    "source_file": "Copy of 2026-2027-th-car-hire-city-09.docx",
    "url": "https://www.skyscanner.co.th/car-hire-in/car-hire-in-budapest/27539604.html",
    "candidate": "https://www.skyscanner.co.th/car-hire-in/car-hire-in-budapest/27539604.html"
  },
  {
    "text": "ราคาเช่ารถที่ถูกที่สุดในซโวลเวเออเริ่มต้นที่ 8,014 บาท คุณสามารถเปรียบเทียบตัวเลือกจากผู้ให้บริการหลายรายเพื่อดูช่วงราคาที่แตกต่างกันได้ การจองล่วงหน้ามีผลต่อราคาที่คุณจะได้รับ โดยช่วงเวลาที่เหมาะกับการจองคือ 3 สัปดาห์ก่อนวันรับรถ การวางแผนตามกรอบเวลานี้ช่วยให้คุณมีตัวเลือกให้เลือกมากขึ้นและเข้าถึงราคาที่ต่ำกว่าเมื่อเทียบกับการจองในนาทีสุดท้าย ลองตรวจสอบรุ่นรถและเงื่อนไขของแต่ละดีลก่อนตัดสินใจ เพื่อให้ได้รถที่ตรงกับความต้องการของคุณในการเดินทางรอบซโวลเวเออ",
    "issue": "The paragraph combines multiple distinct ideas (pricing, advance booking, and final checks), which negatively impacts scannability for web content.",
    "type_of_issue": "Style",
    "solution": "Split the text into three separate paragraphs, with each one focusing on a single core idea to improve readability.",
    "updated_sentence": "ราคาเช่ารถที่ถูกที่สุดในซโวลเวเออเริ่มต้นที่ 8,014 บาท คุณสามารถเปรียบเทียบตัวเลือกจากผู้ให้บริการหลายรายเพื่อดูช่วงราคาที่แตกต่างกันได้\n\nการจองล่วงหน้ามีผลต่อราคาที่คุณจะได้รับ โดยช่วงเวลาที่เหมาะกับการจองคือ 3 สัปดาห์ก่อนวันรับรถ การวางแผนตามกรอบเวลานี้ช่วยให้คุณมีตัวเลือกให้เลือกมากขึ้นและเข้าถึงราคาที่ต่ำกว่าเมื่อเทียบกับการจองในนาทีสุดท้าย\n\nลองตรวจสอบรุ่นรถและเงื่อนไขของแต่ละดีลก่อนตัดสินใจ เพื่อให้ได้รถที่ตรงกับความต้องการของคุณในการเดินทางรอบซโวลเวเออ",
    "severity": "Minor",
    "score_deduction": 1,
    "source_file": "Copy of 2026-2027-th-car-hire-city-09.docx",
    "url": "https://www.skyscanner.co.th/car-hire-in/car-hire-in-svolvaer/27536192.html",
    "candidate": "https://www.skyscanner.co.th/car-hire-in/car-hire-in-svolvaer/27536192.html"
  },
  {
    "text": "รถยอดนิยมสำหรับการเช่าในซโวลเวเออคือ Toyota Yaris ด้วยขนาดเล็ก ใช้งานได้จริง และจอดรถง่าย ทำให้เหมาะกับการขับในเมือง Sixt มี Toyota Yaris เกียร์ออโต้ เริ่มที่ 8,014 บาทต่อวัน ซึ่งเป็นตัวเลือกที่ราคาต่ำที่สุดในบรรดาดีลที่มี หากต้องการพื้นที่เก็บสัมภาระมากขึ้น Toyota RAV4 เกียร์ออโต้จาก Sixt เริ่มที่ 9,715 บาทต่อวัน รองรับกระเป๋าได้สองใบ สำหรับรถไฟฟ้า Volkswagen ID.3 เกียร์ออโต้จาก Avis เริ่มที่ 9,983 บาทต่อวัน เป็นอีกทางเลือกที่นั่งได้ห้าคน เลือกตามงบประมาณและปริมาณสัมภาระที่ต้องพก",
    "issue": "The single paragraph contains information about three distinct car models and a concluding call to action, which makes it dense and difficult to scan for comparison.",
    "type_of_issue": "Style",
    "solution": "Split the paragraph into shorter, focused paragraphs, each dedicated to one car model or a concluding idea, to improve scannability.",
    "updated_sentence": "รถยอดนิยมสำหรับการเช่าในซโวลเวเออคือ Toyota Yaris ด้วยขนาดเล็ก ใช้งานได้จริง และจอดรถง่าย ทำให้เหมาะกับการขับในเมือง Sixt มี Toyota Yaris เกียร์ออโต้ เริ่มที่ 8,014 บาทต่อวัน ซึ่งเป็นตัวเลือกที่ราคาต่ำที่สุดในบรรดาดีลที่มี\n\nหากต้องการพื้นที่เก็บสัมภาระมากขึ้น Toyota RAV4 เกียร์ออโต้จาก Sixt เริ่มที่ 9,715 บาทต่อวัน รองรับกระเป๋าได้สองใบ\n\nสำหรับรถไฟฟ้า Volkswagen ID.3 เกียร์ออโต้จาก Avis เริ่มที่ 9,983 บาทต่อวัน เป็นอีกทางเลือกที่นั่งได้ห้าคน\n\nเลือกตามงบประมาณและปริมาณสัมภาระที่ต้องพก",
    "severity": "Minor",
    "score_deduction": 1,
    "source_file": "Copy of 2026-2027-th-car-hire-city-09.docx",
    "url": "https://www.skyscanner.co.th/car-hire-in/car-hire-in-svolvaer/27536192.html",
    "candidate": "https://www.skyscanner.co.th/car-hire-in/car-hire-in-svolvaer/27536192.html"
  },
  {
    "text": "ระบบนี้ไม่รองรับการชำระเงินสด ดังนั้นคุณควรตรวจสอบกับบริษัทรถเช่าว่ารถที่คุณใช้มีการลงทะเบียนกับระบบดังกล่าวและค่าผ่านทางจะถูกเรียกเก็บอย่างไรก่อนออกเดินทาง",
    "issue": "The sentence structure combines two distinct checks (a yes/no question about registration and an open question about billing) into a single clause, which slightly reduces immediate clarity.",
    "type_of_issue": "Style",
    "solution": "Restructure the sentence to explicitly separate the two questions, improving readability.",
    "updated_sentence": "ระบบนี้ไม่รองรับการชำระเงินสด ดังนั้นคุณควรตรวจสอบกับบริษัทรถเช่าว่ารถที่คุณใช้มีการลงทะเบียนกับระบบดังกล่าวแล้วหรือไม่ และจะมีการเรียกเก็บค่าผ่านทางอย่างไรก่อนออกเดินทาง",
    "severity": "Minor",
    "score_deduction": 1,
    "source_file": "Copy of 2026-2027-th-car-hire-city-09.docx",
    "url": "https://www.skyscanner.co.th/car-hire-in/car-hire-in-svolvaer/27536192.html",
    "candidate": "https://www.skyscanner.co.th/car-hire-in/car-hire-in-svolvaer/27536192.html"
  },
  {
    "text": "สำหรับผู้ที่ต้องการพื้นที่เก็บสัมภาระมากขึ้น Europcar เสนอ Mazda Mazda3 เกียร์ออโต้ รองรับกระเป๋าได้สามใบ เริ่มที่ 1,086 บาทต่อวัน",
    "issue": "The car model name 'Mazda Mazda3' is incorrectly duplicated, which is a minor factual error.",
    "type_of_issue": "Accuracy",
    "solution": "Remove the duplicated word 'Mazda' to correct the model name to 'Mazda 3'.",
    "updated_sentence": "สำหรับผู้ที่ต้องการพื้นที่เก็บสัมภาระมากขึ้น Europcar เสนอ Mazda 3 เกียร์ออโต้ รองรับกระเป๋าได้สามใบ เริ่มที่ 1,086 บาทต่อวัน",
    "severity": "Minor",
    "score_deduction": 1,
    "source_file": "Copy of 2026-2027-th-car-hire-city-09.docx",
    "url": "https://www.skyscanner.co.th/car-hire-in/car-hire-in-canberra/27539709.html",
    "candidate": "https://www.skyscanner.co.th/car-hire-in/car-hire-in-canberra/27539709.html"
  },
  {
    "text": "คุณสามารถรับรถเช่าได้ที่แคนเบอร์รา สนามบิน ซึ่งเป็นจุดรับรถหลักและมีบริษัทให้บริการรถเช่าหลายรายรวมอยู่ในบริเวณเดียวกัน",
    "issue": "The word order for \"Canberra Airport\" is incorrect. The standard Thai convention is \"[Type of place] [Name]\", not the reverse.",
    "type_of_issue": "Grammar",
    "solution": "Change \"แคนเบอร์รา สนามบิน\" to \"สนามบินแคนเบอร์รา\" to follow the correct and natural word order.",
    "updated_sentence": "คุณสามารถรับรถเช่าได้ที่สนามบินแคนเบอร์รา ซึ่งเป็นจุดรับรถหลักและมีบริษัทให้บริการรถเช่าหลายรายรวมอยู่ในบริเวณเดียวกัน",
    "severity": "Minor",
    "score_deduction": 1,
    "source_file": "Copy of 2026-2027-th-car-hire-city-09.docx",
    "url": "https://www.skyscanner.co.th/car-hire-in/car-hire-in-canberra/27539709.html",
    "candidate": "https://www.skyscanner.co.th/car-hire-in/car-hire-in-canberra/27539709.html"
  },
  {
    "text": "การเลือกรับรถที่สนามบินช่วยให้เริ่มต้นการเดินทางได้ทันทีเมื่อลงจากเครื่อง โดยไม่ต้องเดินทางเข้าไปยังจุดรับรถในตัวเมืองก่อน.",
    "issue": "The text ends with a full stop, which violates the Thai style guide's rule against terminal punctuation in sentences and paragraphs.",
    "type_of_issue": "Punctuation/Spelling/Typos",
    "solution": "Remove the full stop at the end of the paragraph as required by the style guide.",
    "updated_sentence": "การเลือกรับรถที่สนามบินช่วยให้เริ่มต้นการเดินทางได้ทันทีเมื่อลงจากเครื่อง โดยไม่ต้องเดินทางเข้าไปยังจุดรับรถในตัวเมืองก่อน",
    "severity": "Minor",
    "score_deduction": 1,
    "source_file": "Copy of 2026-2027-th-car-hire-city-09.docx",
    "url": "https://www.skyscanner.co.th/car-hire-in/car-hire-in-canberra/27539709.html",
    "candidate": "https://www.skyscanner.co.th/car-hire-in/car-hire-in-canberra/27539709.html"
  },
  {
    "text": "ในออสเตรเลียการจราจรขับชิดซ้าย ก่อนออกเดินทางคุณควรทำความเข้าใจกับข้อจำกัดความเร็วในแต่ละประเภทถนน บนมอเตอร์เวย์กำหนดไว้ที่ 100 กิโลเมตรต่อชั่วโมง เช่นเดียวกับทางด่วนที่ 100 กิโลเมตรต่อชั่วโมง และถนนในชนบทที่ 100 กิโลเมตรต่อชั่วโมง สำหรับถนนประเภทอื่นความเร็วจำกัดอยู่ที่ 60 กิโลเมตรต่อชั่วโมง ออสเตรเลียไม่มีระบบเก็บค่าผ่านทางระดับประเทศ แต่มอเตอร์เวย์ในเมืองหลายสายใช้ระบบเก็บค่าผ่านทางแบบอิเล็กทรอนิกส์เต็มรูปแบบผ่านอุปกรณ์ e-tag หรือการอ่านป้ายทะเบียน โดยไม่รับชำระเป็นเงินสด คุณจึงควรวางแผนเรื่องการชำระค่าผ่านทางล่วงหน้าหากต้องขับผ่านเส้นทางเหล่านี้ในเขตเมือง",
    "issue": "The text is formatted as a single dense paragraph that combines multiple topics and lacks conventional Thai spacing between clauses, which harms readability.",
    "type_of_issue": "Style",
    "solution": "Split the content into two distinct paragraphs covering 1) general driving rules/speed limits and 2) toll systems. Also, add spaces between clauses for correct typographic flow.",
    "updated_sentence": "ในออสเตรเลีย การจราจรขับชิดซ้าย ก่อนออกเดินทาง คุณควรทำความเข้าใจกับข้อจำกัดความเร็วในแต่ละประเภทถนน บนมอเตอร์เวย์กำหนดไว้ที่ 100 กิโลเมตรต่อชั่วโมง เช่นเดียวกับทางด่วนที่ 100 กิโลเมตรต่อชั่วโมง และถนนในชนบทที่ 100 กิโลเมตรต่อชั่วโมง สำหรับถนนประเภทอื่น ความเร็วจำกัดอยู่ที่ 60 กิโลเมตรต่อชั่วโมง\n\nออสเตรเลียไม่มีระบบเก็บค่าผ่านทางระดับประเทศ แต่มอเตอร์เวย์ในเมืองหลายสายใช้ระบบเก็บค่าผ่านทางแบบอิเล็กทรอนิกส์เต็มรูปแบบผ่านอุปกรณ์ e-tag หรือการอ่านป้ายทะเบียน โดยไม่รับชำระเป็นเงินสด คุณจึงควรวางแผนเรื่องการชำระค่าผ่านทางล่วงหน้าหากต้องขับผ่านเส้นทางเหล่านี้ในเขตเมือง",
    "severity": "Minor",
    "score_deduction": 1,
    "source_file": "Copy of 2026-2027-th-car-hire-city-09.docx",
    "url": "https://www.skyscanner.co.th/car-hire-in/car-hire-in-canberra/27539709.html",
    "candidate": "https://www.skyscanner.co.th/car-hire-in/car-hire-in-canberra/27539709.html"
  },
  {
    "text": "Toyota Corolla เป็นรถเช่ายอดนิยมในแคลการี่ ด้วยความสะดวกสบาย ใช้งานได้จริง และคุ้มค่า จึงเหมาะกับการเดินทางหลากหลายรูปแบบ หากต้องการรถขนาดเล็กสำหรับสองคน smart fortwo จาก Turo เป็นเกียร์ออโต้ เริ่มที่ 1,515 บาทต่อวัน สำหรับกลุ่มที่ต้องการที่นั่งมากขึ้น Dodge Journey จาก Turo รองรับได้เจ็ดที่นั่ง เป็นเกียร์ออโต้ เริ่มที่ 1,533 บาทต่อวัน ส่วน Toyota Venza จาก Turo รองรับห้าที่นั่งพร้อมสัมภาระสองใบ เป็นเกียร์ออโต้ เริ่มที่ 1,630 บาทต่อวัน คุณจึงเลือกได้ตามจำนวนผู้โดยสารและงบประมาณที่วางไว้",
    "issue": "Prices for car rentals in Canada are presented as fixed daily rates in Thai Baht (THB), which is inaccurate as the local currency is CAD and the THB amount is a fluctuating conversion estimate.",
    "type_of_issue": "Accuracy",
    "solution": "Add 'ประมาณ' (approximately) before each price to clarify that the Thai Baht amounts are estimates.",
    "updated_sentence": "Toyota Corolla เป็นรถเช่ายอดนิยมในแคลการี่ ด้วยความสะดวกสบาย ใช้งานได้จริง และคุ้มค่า จึงเหมาะกับการเดินทางหลากหลายรูปแบบ หากต้องการรถขนาดเล็กสำหรับสองคน smart fortwo จาก Turo เป็นเกียร์ออโต้ เริ่มที่ประมาณ 1,515 บาทต่อวัน สำหรับกลุ่มที่ต้องการที่นั่งมากขึ้น Dodge Journey จาก Turo รองรับได้เจ็ดที่นั่ง เป็นเกียร์ออโต้ เริ่มที่ประมาณ 1,533 บาทต่อวัน ส่วน Toyota Venza จาก Turo รองรับห้าที่นั่งพร้อมสัมภาระสองใบ เป็นเกียร์ออโต้ เริ่มที่ประมาณ 1,630 บาทต่อวัน คุณจึงเลือกได้ตามจำนวนผู้โดยสารและงบประมาณที่วางไว้",
    "severity": "Major",
    "score_deduction": 3,
    "source_file": "Copy of 2026-2027-th-car-hire-city-10.docx",
    "url": "https://www.skyscanner.co.th/car-hire-in/car-hire-in-calgary/27537443.html",
    "candidate": "https://www.skyscanner.co.th/car-hire-in/car-hire-in-calgary/27537443.html"
  },
  {
    "text": "Toyota Corolla เป็นรถเช่ายอดนิยมในแคลการี่ ด้วยความสะดวกสบาย ใช้งานได้จริง และคุ้มค่า จึงเหมาะกับการเดินทางหลากหลายรูปแบบ หากต้องการรถขนาดเล็กสำหรับสองคน smart fortwo จาก Turo เป็นเกียร์ออโต้ เริ่มที่ 1,515 บาทต่อวัน สำหรับกลุ่มที่ต้องการที่นั่งมากขึ้น Dodge Journey จาก Turo รองรับได้เจ็ดที่นั่ง เป็นเกียร์ออโต้ เริ่มที่ 1,533 บาทต่อวัน ส่วน Toyota Venza จาก Turo รองรับห้าที่นั่งพร้อมสัมภาระสองใบ เป็นเกียร์ออโต้ เริ่มที่ 1,630 บาทต่อวัน คุณจึงเลือกได้ตามจำนวนผู้โดยสารและงบประมาณที่วางไว้",
    "issue": "The single paragraph combines several distinct car rental options, making it dense and difficult to scan.",
    "type_of_issue": "Style",
    "solution": "Split the paragraph into shorter, single-idea paragraphs to improve readability.",
    "updated_sentence": "Toyota Corolla เป็นรถเช่ายอดนิยมในแคลการี่ ด้วยความสะดวกสบาย ใช้งานได้จริง และคุ้มค่า จึงเหมาะกับการเดินทางหลากหลายรูปแบบ\n\nหากต้องการรถขนาดเล็กสำหรับสองคน smart fortwo จาก Turo เป็นเกียร์ออโต้ เริ่มที่ 1,515 บาทต่อวัน\n\nสำหรับกลุ่มที่ต้องการที่นั่งมากขึ้น Dodge Journey จาก Turo รองรับได้เจ็ดที่นั่ง เป็นเกียร์ออโต้ เริ่มที่ 1,533 บาทต่อวัน\n\nส่วน Toyota Venza จาก Turo รองรับห้าที่นั่งพร้อมสัมภาระสองใบ เป็นเกียร์ออโต้ เริ่มที่ 1,630 บาทต่อวัน\n\nคุณจึงเลือกได้ตามจำนวนผู้โดยสารและงบประมาณที่วางไว้",
    "severity": "Minor",
    "score_deduction": 1,
    "source_file": "Copy of 2026-2027-th-car-hire-city-10.docx",
    "url": "https://www.skyscanner.co.th/car-hire-in/car-hire-in-calgary/27537443.html",
    "candidate": "https://www.skyscanner.co.th/car-hire-in/car-hire-in-calgary/27537443.html"
  },
  {
    "text": "คุณสามารถรับรถเช่าในแคลการี่ได้ที่แคลการี่ สนามบิน ซึ่งเป็นจุดรับรถหลักและรองรับผู้ให้บริการหลากหลายราย อีกทางเลือกหนึ่งอยู่ในย่านใจกลางเมือง เช่น เบลต์ไลน์และเครสเซนท์ไฮต์ส ที่อยู่ใกล้พื้นที่พักและแหล่งกิจกรรมในเมือง เมื่อเทียบราคาเริ่มต้นระหว่างจุดรับรถที่สนามบินกับจุดรับรถในตัวเมือง จะพบว่าราคาอยู่ในระดับใกล้เคียงกัน จุดรับรถหลายแห่งยังกระจายอยู่ตามสถานีในโซนโดยสารฟรี ทำให้คุณเลือกจุดรับรถที่สอดคล้องกับเส้นทางเดินทางและช่วงเวลาที่ต้องการใช้รถได้ตามความเหมาะสม",
    "issue": "The single paragraph combines multiple distinct ideas (pickup locations, price comparison, convenience), which makes the text difficult to scan and digest.",
    "type_of_issue": "Style",
    "solution": "Split the text into three separate, focused paragraphs to improve readability and scannability.",
    "updated_sentence": "คุณสามารถรับรถเช่าในแคลการี่ได้ที่แคลการี่ สนามบิน ซึ่งเป็นจุดรับรถหลักและรองรับผู้ให้บริการหลากหลายราย อีกทางเลือกหนึ่งอยู่ในย่านใจกลางเมือง เช่น เบลต์ไลน์และเครสเซนท์ไฮต์ส ที่อยู่ใกล้พื้นที่พักและแหล่งกิจกรรมในเมือง\n\nเมื่อเทียบราคาเริ่มต้นระหว่างจุดรับรถที่สนามบินกับจุดรับรถในตัวเมือง จะพบว่าราคาอยู่ในระดับใกล้เคียงกัน\n\nจุดรับรถหลายแห่งยังกระจายอยู่ตามสถานีในโซนโดยสารฟรี ทำให้คุณเลือกจุดรับรถที่สอดคล้องกับเส้นทางเดินทางและช่วงเวลาที่ต้องการใช้รถได้ตามความเหมาะสม",
    "severity": "Minor",
    "score_deduction": 1,
    "source_file": "Copy of 2026-2027-th-car-hire-city-10.docx",
    "url": "https://www.skyscanner.co.th/car-hire-in/car-hire-in-calgary/27537443.html",
    "candidate": "https://www.skyscanner.co.th/car-hire-in/car-hire-in-calgary/27537443.html"
  },
  {
    "text": "ในแคนาดา การจราจรขับชิดขวา บนทางหลวงจำกัดความเร็วที่ 100 กิโลเมตรต่อชั่วโมง ส่วนทางด่วนอยู่ที่ 80 กิโลเมตรต่อชั่วโมงเช่นเดียวกับถนนในชนบทที่จำกัดไว้ 80 กิโลเมตรต่อชั่วโมง สำหรับถนนอื่น ๆ ความเร็วอยู่ที่ 50 กิโลเมตรต่อชั่วโมง แคนาดาไม่มีระบบเก็บค่าผ่านทางแบบทั่วประเทศ แต่บางมณฑลมีทางหลวงหรือสะพานที่เก็บค่าผ่านทางเป็นการเฉพาะ ตัวอย่างเช่น Highway 407 ETR ในออนแทรีโอที่ใช้ระบบเก็บค่าผ่านทางแบบอิเล็กทรอนิกส์ทั้งหมด คุณจึงควรตรวจสอบเส้นทางในแต่ละมณฑลก่อนออกเดินทางเพื่อเตรียมพร้อมกับความเร็วและค่าผ่านทางที่แตกต่างกันไป",
    "issue": "The first sentence is a long run-on sentence, combining four distinct ideas (driving side, highway speed, expressway/rural speed, and other road speed) without proper conjunctions, which makes it objectively difficult to read and parse smoothly.",
    "type_of_issue": "Style",
    "solution": "Restructure the run-on sentence by adding appropriate conjunctions and removing redundancy to create a grammatically correct and clearer complex sentence.",
    "updated_sentence": "ในแคนาดา การจราจรจะขับชิดขวา โดยบนทางหลวงจำกัดความเร็วที่ 100 กิโลเมตรต่อชั่วโมง ส่วนทางด่วนและถนนในชนบทจำกัดความเร็วไว้ที่ 80 กิโลเมตรต่อชั่วโมง และสำหรับถนนอื่นๆ ความเร็วอยู่ที่ 50 กิโลเมตรต่อชั่วโมง แคนาดาไม่มีระบบเก็บค่าผ่านทางแบบทั่วประเทศ แต่บางมณฑลมีทางหลวงหรือสะพานที่เก็บค่าผ่านทางเป็นการเฉพาะ ตัวอย่างเช่น Highway 407 ETR ในออนแทรีโอที่ใช้ระบบเก็บค่าผ่านทางแบบอิเล็กทรอนิกส์ทั้งหมด คุณจึงควรตรวจสอบเส้นทางในแต่ละมณฑลก่อนออกเดินทางเพื่อเตรียมพร้อมกับความเร็วและค่าผ่านทางที่แตกต่างกันไป",
    "severity": "Minor",
    "score_deduction": 1,
    "source_file": "Copy of 2026-2027-th-car-hire-city-10.docx",
    "url": "https://www.skyscanner.co.th/car-hire-in/car-hire-in-calgary/27537443.html",
    "candidate": "https://www.skyscanner.co.th/car-hire-in/car-hire-in-calgary/27537443.html"
  },
  {
    "text": "การเช่ารถในเอลคาลาฟาเตเริ่มต้นได้ที่ราคาต่ำสุด 1,461 บาท ขณะที่ค่าเฉลี่ยตลอดทั้งปีอยู่ที่ 6,172 บาท ราคาจึงมีช่วงที่กว้างพอสมควรระหว่างดีลที่ถูกที่สุดกับค่าเฉลี่ย เดือนกุมภาพันธ์เป็นช่วงที่ค่าเช่ามักต่ำกว่าเดือนอื่น หากวางแผนเดินทางในช่วงนี้ คุณจะมีโอกาสได้ราคาที่เหมาะสมมากขึ้น การจองล่วงหน้า 2 สัปดาห์ก่อนวันรับรถเป็นจังหวะที่ให้ราคาดีที่สุด การเปรียบเทียบตัวเลือกจากผู้ให้บริการหลายรายและปรับวันเดินทางให้ตรงกับเดือนที่ถูกกว่าจะช่วยให้คุณควบคุมค่าใช้จ่ายในการเช่ารถได้ตามงบประมาณที่ตั้งไว้",
    "issue": "The single paragraph combines four distinct ideas (price range, best month, booking timeframe, and comparison tips), which makes the text dense and difficult to scan for key information.",
    "type_of_issue": "Style",
    "solution": "Split the paragraph into four shorter, single-idea paragraphs to improve readability and scannability.",
    "updated_sentence": "การเช่ารถในเอลคาลาฟาเตเริ่มต้นได้ที่ราคาต่ำสุด 1,461 บาท ขณะที่ค่าเฉลี่ยตลอดทั้งปีอยู่ที่ 6,172 บาท ราคาจึงมีช่วงที่กว้างพอสมควรระหว่างดีลที่ถูกที่สุดกับค่าเฉลี่ย\n\nเดือนกุมภาพันธ์เป็นช่วงที่ค่าเช่ามักต่ำกว่าเดือนอื่น หากวางแผนเดินทางในช่วงนี้ คุณจะมีโอกาสได้ราคาที่เหมาะสมมากขึ้น\n\nการจองล่วงหน้า 2 สัปดาห์ก่อนวันรับรถเป็นจังหวะที่ให้ราคาดีที่สุด\n\nการเปรียบเทียบตัวเลือกจากผู้ให้บริการหลายรายและปรับวันเดินทางให้ตรงกับเดือนที่ถูกกว่าจะช่วยให้คุณควบคุมค่าใช้จ่ายในการเช่ารถได้ตามงบประมาณที่ตั้งไว้",
    "severity": "Minor",
    "score_deduction": 1,
    "source_file": "Copy of 2026-2027-th-car-hire-city-10.docx",
    "url": "https://www.skyscanner.co.th/car-hire-in/car-hire-in-el-calafate/27541729.html",
    "candidate": "https://www.skyscanner.co.th/car-hire-in/car-hire-in-el-calafate/27541729.html"
  },
  {
    "text": "คุณสามารถรับรถเช่าที่สนามบินเอลคาลาฟาเตได้ ซึ่งเป็นจุดรับรถหลักในพื้นที่ ราคาเริ่มต้นที่ 1,459 บาทต่อวัน โดยมีจุดให้บริการรถเช่าหลายแห่งให้เลือกภายในบริเวณสนามบิน การรับรถที่สนามบินมีราคาใกล้เคียงกับการรับรถในตัวเมือง ทำให้ทั้งสองทางเลือกอยู่ในระดับเดียวกัน คุณจึงเลือกได้ตามความสะดวกในการเดินทาง ไม่ว่าจะเดินทางถึงเอลคาลาฟาเตทางเครื่องบินแล้วรับรถต่อทันที หรือเลือกรับรถหลังจากเข้าที่พักในเขตเมืองก่อน จุดรับรถที่สนามบินเหมาะกับผู้ที่ต้องการเริ่มต้นการเดินทางโดยรถยนต์ตั้งแต่ก้าวออกจากอาคารผู้โดยสาร",
    "issue": "This single paragraph combines multiple distinct ideas (location details, price comparison, and user convenience), which makes the content difficult to scan.",
    "type_of_issue": "Style",
    "solution": "Split the text into three smaller, focused paragraphs to improve scannability and readability.",
    "updated_sentence": "คุณสามารถรับรถเช่าที่สนามบินเอลคาลาฟาเตได้ ซึ่งเป็นจุดรับรถหลักในพื้นที่ ราคาเริ่มต้นที่ 1,459 บาทต่อวัน โดยมีจุดให้บริการรถเช่าหลายแห่งให้เลือกภายในบริเวณสนามบิน\n\nการรับรถที่สนามบินมีราคาใกล้เคียงกับการรับรถในตัวเมือง ทำให้ทั้งสองทางเลือกอยู่ในระดับเดียวกัน คุณจึงเลือกได้ตามความสะดวกในการเดินทาง ไม่ว่าจะเดินทางถึงเอลคาลาฟาเตทางเครื่องบินแล้วรับรถต่อทันที หรือเลือกรับรถหลังจากเข้าที่พักในเขตเมืองก่อน\n\nจุดรับรถที่สนามบินเหมาะกับผู้ที่ต้องการเริ่มต้นการเดินทางโดยรถยนต์ตั้งแต่ก้าวออกจากอาคารผู้โดยสาร",
    "severity": "Minor",
    "score_deduction": 1,
    "source_file": "Copy of 2026-2027-th-car-hire-city-10.docx",
    "url": "https://www.skyscanner.co.th/car-hire-in/car-hire-in-el-calafate/27541729.html",
    "candidate": "https://www.skyscanner.co.th/car-hire-in/car-hire-in-el-calafate/27541729.html"
  },
  {
    "text": "ในเอลคาลาฟาเตมีบริษัทให้เช่ารถทั้งหมด 6 แห่งให้คุณเลือก โดย Hertz เป็นบริษัทที่ได้รับความนิยมมากที่สุด รองลงมาคือ Street Rent a Car และ Rent A Car Argentina นอกจากนี้ยังมี Europcar, Keddy By Europcar และ Cactus ให้บริการเช่นกัน",
    "issue": "The term 'บริษัทให้เช่ารถ' deviates from the glossary-specified term 'บริษัทรถเช่า' for 'car hire company'.",
    "type_of_issue": "Compliance",
    "solution": "Replace 'บริษัทให้เช่ารถ' with the glossary term 'บริษัทรถเช่า' for consistency.",
    "updated_sentence": "ในเอลคาลาฟาเตมีบริษัทรถเช่าทั้งหมด 6 แห่งให้คุณเลือก โดย Hertz เป็นบริษัทที่ได้รับความนิยมมากที่สุด รองลงมาคือ Street Rent a Car และ Rent A Car Argentina นอกจากนี้ยังมี Europcar, Keddy By Europcar และ Cactus ให้บริการเช่นกัน",
    "severity": "Minor",
    "score_deduction": 1,
    "source_file": "Copy of 2026-2027-th-car-hire-city-10.docx",
    "url": "https://www.skyscanner.co.th/car-hire-in/car-hire-in-el-calafate/27541729.html",
    "candidate": "https://www.skyscanner.co.th/car-hire-in/car-hire-in-el-calafate/27541729.html"
  },
  {
    "text": "การเช่ารถในเคปทาวน์เริ่มต้นที่ 361 บาท ขณะที่ราคาเฉลี่ยตลอดทั้งปีอยู่ที่ 734 บาท เดือนสิงหาคมมักเป็นช่วงที่ราคาถูกที่สุดสำหรับการเช่ารถในเมืองนี้ หากต้องการดีลที่คุ้มค่า การจองในช่วงไม่ถึง 1 สัปดาห์ก่อนเดินทางเป็นจังหวะที่ให้ราคาดีที่สุด คุณสามารถเปรียบเทียบราคาจากผู้ให้บริการหลายรายเพื่อดูตัวเลือกที่ตรงกับความต้องการ การวางแผนตามเดือนและช่วงเวลาการจองเหล่านี้ช่วยให้คุณควบคุมค่าใช้จ่ายในการเช่ารถได้มากขึ้น และเลือกรถที่เหมาะสมกับการเดินทางในเคปทาวน์",
    "issue": "The single paragraph combines multiple distinct ideas (pricing data, booking strategy, and a concluding summary), which makes the content difficult to scan and digest quickly.",
    "type_of_issue": "Style",
    "solution": "Split the text into three separate, focused paragraphs to improve readability and scannability, with each paragraph addressing a single core idea.",
    "updated_sentence": "การเช่ารถในเคปทาวน์เริ่มต้นที่ 361 บาท ขณะที่ราคาเฉลี่ยตลอดทั้งปีอยู่ที่ 734 บาท เดือนสิงหาคมมักเป็นช่วงที่ราคาถูกที่สุดสำหรับการเช่ารถในเมืองนี้\n\nหากต้องการดีลที่คุ้มค่า การจองในช่วงไม่ถึง 1 สัปดาห์ก่อนเดินทางเป็นจังหวะที่ให้ราคาดีที่สุด คุณสามารถเปรียบเทียบราคาจากผู้ให้บริการหลายรายเพื่อดูตัวเลือกที่ตรงกับความต้องการ\n\nการวางแผนตามเดือนและช่วงเวลาการจองเหล่านี้ช่วยให้คุณควบคุมค่าใช้จ่ายในการเช่ารถได้มากขึ้น และเลือกรถที่เหมาะสมกับการเดินทางในเคปทาวน์",
    "severity": "Minor",
    "score_deduction": 1,
    "source_file": "Copy of 2026-2027-th-car-hire-city-10.docx",
    "url": "https://www.skyscanner.co.th/car-hire-in/car-hire-in-cape-town/27539908.html",
    "candidate": "https://www.skyscanner.co.th/car-hire-in/car-hire-in-cape-town/27539908.html"
  },
  {
    "text": "ในแอฟริกาใต้การจราจรขับชิดด้านซ้ายของถนน บนทางด่วนพิเศษ(motorway) จำกัดความเร็วที่ 120 กิโลเมตรต่อชั่วโมง ส่วนทางด่วน(expressway) จำกัดที่ 100 กิโลเมตรต่อชั่วโมง",
    "issue": "The sentence contains multiple spacing errors that violate standard Thai typographical conventions: a missing space after the introductory phrase and before opening parentheses.",
    "type_of_issue": "Punctuation/Spelling/Typos",
    "solution": "Add a space after 'ในแอฟริกาใต้' to separate it from the main clause. Also, add a space before each opening parenthesis for '(motorway)' and '(expressway)'.",
    "updated_sentence": "ในแอฟริกาใต้ การจราจรขับชิดด้านซ้ายของถนน บนทางด่วนพิเศษ (motorway) จำกัดความเร็วที่ 120 กิโลเมตรต่อชั่วโมง ส่วนทางด่วน (expressway) จำกัดที่ 100 กิโลเมตรต่อชั่วโมง",
    "severity": "Minor",
    "score_deduction": 1,
    "source_file": "Copy of 2026-2027-th-car-hire-city-10.docx",
    "url": "https://www.skyscanner.co.th/car-hire-in/car-hire-in-cape-town/27539908.html",
    "candidate": "https://www.skyscanner.co.th/car-hire-in/car-hire-in-cape-town/27539908.html"
  },
  {
    "text": "การเช่ารถในออสโลเริ่มต้นที่ 2,491 บาท ซึ่งต่ำกว่าค่าเฉลี่ยรายปีที่อยู่ราว 2,530 บาทเพียงเล็กน้อย เดือนเมษายนมักเป็นช่วงที่ราคาถูกที่สุดสำหรับการเช่ารถในเมืองนี้ หากต้องการดีลในระดับราคาที่ดี ควรจองไม่ถึง 1 สัปดาห์ก่อนเดินทาง การเปรียบเทียบราคาจากผู้ให้บริการหลายรายช่วยให้เห็นตัวเลือกที่หลากหลาย และการวางแผนช่วงเวลาเดินทางให้ตรงกับเดือนที่ราคาต่ำจะช่วยลดค่าใช้จ่ายลงได้ ควรตรวจสอบเงื่อนไขของแต่ละข้อเสนอก่อนตัดสินใจ เพื่อให้ได้รถที่ตรงกับความต้องการในราคาที่เหมาะสม",
    "issue": "The single paragraph merges several distinct topics (pricing data, booking timeline advice, comparison strategies), making it dense and less scannable for the user.",
    "type_of_issue": "Style",
    "solution": "Split the content into two separate paragraphs to improve structure and readability.",
    "updated_sentence": "การเช่ารถในออสโลเริ่มต้นที่ 2,491 บาท ซึ่งต่ำกว่าค่าเฉลี่ยรายปีที่อยู่ราว 2,530 บาทเพียงเล็กน้อย เดือนเมษายนมักเป็นช่วงที่ราคาถูกที่สุดสำหรับการเช่ารถในเมืองนี้ หากต้องการดีลในระดับราคาที่ดี ควรจองไม่ถึง 1 สัปดาห์ก่อนเดินทาง\n\nการเปรียบเทียบราคาจากผู้ให้บริการหลายรายช่วยให้เห็นตัวเลือกที่หลากหลาย และการวางแผนช่วงเวลาเดินทางให้ตรงกับเดือนที่ราคาต่ำจะช่วยลดค่าใช้จ่ายลงได้ ควรตรวจสอบเงื่อนไขของแต่ละข้อเสนอก่อนตัดสินใจ เพื่อให้ได้รถที่ตรงกับความต้องการในราคาที่เหมาะสม",
    "severity": "Minor",
    "score_deduction": 1,
    "source_file": "Copy of 2026-2027-th-car-hire-city-10.docx",
    "url": "https://www.skyscanner.co.th/car-hire-in/car-hire-in-oslo/27538634.html",
    "candidate": "https://www.skyscanner.co.th/car-hire-in/car-hire-in-oslo/27538634.html"
  },
  {
    "text": "ในนอร์เวย์การจราจรวิ่งชิดขวาของถนน บนทางด่วนและมอเตอร์เวย์จำกัดความเร็วที่ 100–110 กิโลเมตรต่อชั่วโมง ส่วนถนนนอกเมืองกำหนดไว้ที่ 80 กิโลเมตรต่อชั่วโมง และถนนอื่นๆ ที่ 50 กิโลเมตรต่อชั่วโมง คุณควรปรับความเร็วให้เหมาะกับประเภทของถนนที่ขับผ่าน นอร์เวย์เก็บค่าผ่านทางผ่านระบบ AutoPASS ซึ่งเป็นการเก็บเงินอิเล็กทรอนิกส์ด้วยกล้องและอุปกรณ์ทรานสปอนเดอร์บนสะพาน อุโมงค์ และวงแหวนเก็บค่าผ่านทางในเขตเมืองหลายแห่ง ระบบนี้ไม่มีทางเลือกในการชำระด้วยเงินสด ดังนั้นการเดินทางผ่านจุดเก็บเงินจะถูกบันทึกและเรียกเก็บโดยอัตโนมัติ ตรวจสอบข้อตกลงเรื่องค่าผ่านทางกับบริษัทเช่ารถก่อนออกเดินทาง",
    "issue": "The introductory phrase 'ในนอร์เวย์' is not separated from the main clause by a space, which is contrary to natural Thai spacing conventions and slightly impacts readability.",
    "type_of_issue": "Punctuation/Spelling/Typos",
    "solution": "Add a single space after 'ในนอร์เวย์' to create a natural separation between the introductory phrase and the main clause.",
    "updated_sentence": "ในนอร์เวย์ การจราจรวิ่งชิดขวาของถนน บนทางด่วนและมอเตอร์เวย์จำกัดความเร็วที่ 100–110 กิโลเมตรต่อชั่วโมง ส่วนถนนนอกเมืองกำหนดไว้ที่ 80 กิโลเมตรต่อชั่วโมง และถนนอื่นๆ ที่ 50 กิโลเมตรต่อชั่วโมง คุณควรปรับความเร็วให้เหมาะกับประเภทของถนนที่ขับผ่าน นอร์เวย์เก็บค่าผ่านทางผ่านระบบ AutoPASS ซึ่งเป็นการเก็บเงินอิเล็กทรอนิกส์ด้วยกล้องและอุปกรณ์ทรานสปอนเดอร์บนสะพาน อุโมงค์ และวงแหวนเก็บค่าผ่านทางในเขตเมืองหลายแห่ง ระบบนี้ไม่มีทางเลือกในการชำระด้วยเงินสด ดังนั้นการเดินทางผ่านจุดเก็บเงินจะถูกบันทึกและเรียกเก็บโดยอัตโนมัติ ตรวจสอบข้อตกลงเรื่องค่าผ่านทางกับบริษัทเช่ารถก่อนออกเดินทาง",
    "severity": "Minor",
    "score_deduction": 1,
    "source_file": "Copy of 2026-2027-th-car-hire-city-10.docx",
    "url": "https://www.skyscanner.co.th/car-hire-in/car-hire-in-oslo/27538634.html",
    "candidate": "https://www.skyscanner.co.th/car-hire-in/car-hire-in-oslo/27538634.html"
  },
  {
    "text": "การเช่ารถในนิวเดลีเริ่มต้นที่ 622 บาท ซึ่งต่ำกว่าค่าเฉลี่ยรายปีที่อยู่ที่ 4,178 บาทอย่างชัดเจน ราคาจะเปลี่ยนไปตามช่วงเวลาที่คุณเดินทางและช่วงที่จอง เดือนพฤษภาคมมักเป็นช่วงที่ค่าเช่ารถอยู่ในระดับต่ำที่สุด หากวางแผนการเดินทางในเดือนนี้ คุณมีโอกาสได้ราคาที่ประหยัดกว่าเดือนอื่น การจองรถ 1 สัปดาห์ก่อนเดินทางเป็นจังหวะที่ช่วยให้ได้ดีลในราคาที่คุ้มค่า ลองเปรียบเทียบตัวเลือกจากผู้ให้บริการหลายรายเพื่อดูช่วงราคาและประเภทรถที่ตรงกับความต้องการก่อนตัดสินใจ",
    "issue": "The single paragraph contains multiple distinct ideas (a price fact, a seasonality tip, a booking window tip, and a call to action), which makes it difficult to scan.",
    "type_of_issue": "Style",
    "solution": "Split the text into separate, short paragraphs, each focusing on a single core idea to improve readability.",
    "updated_sentence": "การเช่ารถในนิวเดลีเริ่มต้นที่ 622 บาท ซึ่งต่ำกว่าค่าเฉลี่ยรายปีที่อยู่ที่ 4,178 บาทอย่างชัดเจน\n\nราคาจะเปลี่ยนไปตามช่วงเวลาที่คุณเดินทางและช่วงที่จอง เดือนพฤษภาคมมักเป็นช่วงที่ค่าเช่ารถอยู่ในระดับต่ำที่สุด หากวางแผนการเดินทางในเดือนนี้ คุณมีโอกาสได้ราคาที่ประหยัดกว่าเดือนอื่น การจองรถ 1 สัปดาห์ก่อนเดินทางเป็นจังหวะที่ช่วยให้ได้ดีลในราคาที่คุ้มค่า\n\nลองเปรียบเทียบตัวเลือกจากผู้ให้บริการหลายรายเพื่อดูช่วงราคาและประเภทรถที่ตรงกับความต้องการก่อนตัดสินใจ",
    "severity": "Minor",
    "score_deduction": 1,
    "source_file": "Copy of 2026-2027-th-car-hire-city-10.docx",
    "url": "https://www.skyscanner.co.th/car-hire-in/car-hire-in-new-delhi/27540706.html",
    "candidate": "https://www.skyscanner.co.th/car-hire-in/car-hire-in-new-delhi/27540706.html"
  },
  {
    "text": "รถยอดนิยมสำหรับการเช่าในนิวเดลีคือ Toyota Corolla เนื่องจากสะดวกสบาย ใช้งานได้จริง และคุ้มค่า เหมาะกับผู้ที่รองรับผู้โดยสารสี่คนพร้อมสัมภาระสองใบ",
    "issue": "The phrase \"เหมาะกับผู้ที่รองรับ\" (suitable for the person who accommodates) incorrectly describes the user as accommodating passengers, rather than stating the car's capacity. This alters the meaning.",
    "type_of_issue": "Accuracy",
    "solution": "Reword the phrase to correctly state that the car is suitable for four passengers. Change \"เหมาะกับผู้ที่รองรับ\" to \"เหมาะสำหรับ\".",
    "updated_sentence": "รถยอดนิยมสำหรับการเช่าในนิวเดลีคือ Toyota Corolla เนื่องจากสะดวกสบาย ใช้งานได้จริง และคุ้มค่า เหมาะสำหรับผู้โดยสารสี่คนพร้อมสัมภาระสองใบ",
    "severity": "Major",
    "score_deduction": 3,
    "source_file": "Copy of 2026-2027-th-car-hire-city-10.docx",
    "url": "https://www.skyscanner.co.th/car-hire-in/car-hire-in-new-delhi/27540706.html",
    "candidate": "https://www.skyscanner.co.th/car-hire-in/car-hire-in-new-delhi/27540706.html"
  },
  {
    "text": "สำหรับกลุ่มเดินทางที่ต้องการที่นั่งเจ็ดที่นั่ง Mercedes Sprinter 2500 Crew Van จาก Europcar เป็นเกียร์ธรรมดา เริ่มที่ 963 บาทต่อวัน",
    "issue": "The phrase \"ที่นั่งเจ็ดที่นั่ง\" (seat seven seats) contains a redundant repetition of the word \"ที่นั่ง\" (seat), which is grammatically incorrect.",
    "type_of_issue": "Grammar",
    "solution": "Remove the first, redundant instance of the word \"ที่นั่ง\" to correct the grammar.",
    "updated_sentence": "สำหรับกลุ่มเดินทางที่ต้องการเจ็ดที่นั่ง Mercedes Sprinter 2500 Crew Van จาก Europcar เป็นเกียร์ธรรมดา เริ่มที่ 963 บาทต่อวัน",
    "severity": "Minor",
    "score_deduction": 1,
    "source_file": "Copy of 2026-2027-th-car-hire-city-10.docx",
    "url": "https://www.skyscanner.co.th/car-hire-in/car-hire-in-new-delhi/27540706.html",
    "candidate": "https://www.skyscanner.co.th/car-hire-in/car-hire-in-new-delhi/27540706.html"
  },
  {
    "text": "อีกทางเลือกหนึ่งคือการรับรถที่ท่าอากาศยานนานาชาติเดลี อินทิรา คานธี สนามบิน เหมาะกับผู้ที่เดินทางมาถึงทางเครื่องบินและต้องการรถทันที",
    "issue": "The word 'สนามบิน' (airport) is redundant, as 'ท่าอากาศยานนานาชาติ' already means 'International Airport'. This violates the project rule against duplicating the word for airport.",
    "type_of_issue": "Compliance",
    "solution": "Remove the redundant word 'สนามบิน' after the airport's official name.",
    "updated_sentence": "อีกทางเลือกหนึ่งคือการรับรถที่ท่าอากาศยานนานาชาติเดลี อินทิรา คานธี เหมาะกับผู้ที่เดินทางมาถึงทางเครื่องบินและต้องการรถทันที",
    "severity": "Minor",
    "score_deduction": 1,
    "source_file": "Copy of 2026-2027-th-car-hire-city-10.docx",
    "url": "https://www.skyscanner.co.th/car-hire-in/car-hire-in-new-delhi/27540706.html",
    "candidate": "https://www.skyscanner.co.th/car-hire-in/car-hire-in-new-delhi/27540706.html"
  },
  {
    "text": "ในนิวเดลีมีผู้ให้บริการรถเช่าทั้งหมด 6 ราย โดย Europcar เป็นผู้ให้บริการที่ได้รับความนิยมมากที่สุด รองลงมาคือ Avis และ Advantage - Rent A Car",
    "issue": "The brand name \"Advantage - Rent A Car\" is incorrectly formatted with a spaced hyphen.",
    "type_of_issue": "Compliance",
    "solution": "Correct the formatting of the brand name to \"Advantage Rent A Car\" by removing the spaced hyphen to align with its official name.",
    "updated_sentence": "ในนิวเดลีมีผู้ให้บริการรถเช่าทั้งหมด 6 ราย โดย Europcar เป็นผู้ให้บริการที่ได้รับความนิยมมากที่สุด รองลงมาคือ Avis และ Advantage Rent A Car",
    "severity": "Minor",
    "score_deduction": 1,
    "source_file": "Copy of 2026-2027-th-car-hire-city-10.docx",
    "url": "https://www.skyscanner.co.th/car-hire-in/car-hire-in-new-delhi/27540706.html",
    "candidate": "https://www.skyscanner.co.th/car-hire-in/car-hire-in-new-delhi/27540706.html"
  },
  {
    "text": "ในอินเดียการจราจรขับชิดด้านซ้ายของถนน บนทางหลวงและทางด่วนความเร็วสูงสุดอยู่ที่ 120 กิโลเมตรต่อชั่วโมง แต่หลายช่วงกำหนดต่ำกว่านั้น เมื่อขับบนถนนในชนบทความเร็วจำกัดอยู่ที่ 60 กิโลเมตรต่อชั่วโมง ส่วนถนนอื่นๆ กำหนดไว้ที่ 50 กิโลเมตรต่อชั่วโมง ถนนที่เก็บค่าผ่านทางมีการใช้งานในอินเดีย โดยเก็บค่าผ่านทางที่ด่านบนทางหลวงแห่งชาติผ่านระบบอิเล็กทรอนิกส์ FASTag ที่เป็นข้อบังคับ ระบบนี้จะหักค่าธรรมเนียมโดยอัตโนมัติด้วยเทคโนโลยี RFID ขณะที่รถผ่านด่าน คุณควรติดตั้ง FASTag ไว้ก่อนเดินทางบนทางหลวงเพื่อให้ผ่านด่านได้",
    "issue": "The text is a single dense paragraph that lacks proper spacing between clauses and combines multiple distinct topics (driving rules, speed limits, tolls), which harms readability and scannability.",
    "type_of_issue": "Style",
    "solution": "Improve readability by adding spaces between clauses for natural flow and splitting the content into two distinct paragraphs: one for general driving rules and the other for the toll system.",
    "updated_sentence": "ในอินเดีย การจราจรขับชิดด้านซ้ายของถนน บนทางหลวงและทางด่วน ความเร็วสูงสุดอยู่ที่ 120 กิโลเมตรต่อชั่วโมง แต่หลายช่วงกำหนดต่ำกว่านั้น เมื่อขับบนถนนในชนบท ความเร็วจำกัดอยู่ที่ 60 กิโลเมตรต่อชั่วโมง ส่วนถนนอื่นๆ กำหนดไว้ที่ 50 กิโลเมตรต่อชั่วโมง\n\nถนนที่เก็บค่าผ่านทางมีการใช้งานในอินเดีย โดยเก็บค่าผ่านทางที่ด่านบนทางหลวงแห่งชาติผ่านระบบอิเล็กทรอนิกส์ FASTag ที่เป็นข้อบังคับ ระบบนี้จะหักค่าธรรมเนียมโดยอัตโนมัติด้วยเทคโนโลยี RFID ขณะที่รถผ่านด่าน คุณควรติดตั้ง FASTag ไว้ก่อนเดินทางบนทางหลวงเพื่อให้ผ่านด่านได้",
    "severity": "Minor",
    "score_deduction": 1,
    "source_file": "Copy of 2026-2027-th-car-hire-city-10.docx",
    "url": "https://www.skyscanner.co.th/car-hire-in/car-hire-in-new-delhi/27540706.html",
    "candidate": "https://www.skyscanner.co.th/car-hire-in/car-hire-in-new-delhi/27540706.html"
  },
  {
    "text": "การเช่ารถในนะงะโนะเริ่มต้นที่ 1,343 บาท ขณะที่ราคาเฉลี่ยตลอดทั้งปีอยู่ที่ 2,439 บาท คุณสามารถเปรียบเทียบราคาจากผู้ให้บริการหลายรายเพื่อหาข้อเสนอที่เหมาะกับการเดินทางของคุณ เดือนเมษายนมักเป็นช่วงที่ค่าเช่ารถถูกที่สุด หากวางแผนเดินทางในช่วงนี้ คุณมีโอกาสได้ราคาที่ต่ำกว่าค่าเฉลี่ย สำหรับการจองที่คุ้มค่าที่สุด ควรจองไม่ถึง 1 สัปดาห์ก่อนเดินทาง การจองในกรอบเวลาดังกล่าวช่วยให้คุณได้ราคาที่ดีกว่าเมื่อเทียบกับการจองล่วงหน้านานกว่านั้น ลองตรวจสอบตัวเลือกรถหลายประเภทก่อนตัดสินใจเพื่อให้ตรงกับความต้องการและงบประมาณของคุณ",
    "issue": "The single paragraph combines multiple distinct topics (pricing, best travel month, booking window, vehicle choice), which makes the content difficult to scan.",
    "type_of_issue": "Style",
    "solution": "Split the text into separate, focused paragraphs to improve readability and scanability.",
    "updated_sentence": "การเช่ารถในนะงะโนะเริ่มต้นที่ 1,343 บาท ขณะที่ราคาเฉลี่ยตลอดทั้งปีอยู่ที่ 2,439 บาท คุณสามารถเปรียบเทียบราคาจากผู้ให้บริการหลายรายเพื่อหาข้อเสนอที่เหมาะกับการเดินทางของคุณ\n\nเดือนเมษายนมักเป็นช่วงที่ค่าเช่ารถถูกที่สุด หากวางแผนเดินทางในช่วงนี้ คุณมีโอกาสได้ราคาที่ต่ำกว่าค่าเฉลี่ย สำหรับการจองที่คุ้มค่าที่สุด ควรจองไม่ถึง 1 สัปดาห์ก่อนเดินทาง การจองในกรอบเวลาดังกล่าวช่วยให้คุณได้ราคาที่ดีกว่าเมื่อเทียบกับการจองล่วงหน้านานกว่านั้น\n\nลองตรวจสอบตัวเลือกรถหลายประเภทก่อนตัดสินใจเพื่อให้ตรงกับความต้องการและงบประมาณของคุณ",
    "severity": "Minor",
    "score_deduction": 1,
    "source_file": "Copy of 2026-2027-th-car-hire-city-10.docx",
    "url": "https://www.skyscanner.co.th/car-hire-in/car-hire-in-nagano/31976076.html",
    "candidate": "https://www.skyscanner.co.th/car-hire-in/car-hire-in-nagano/31976076.html"
  },
  {
    "text": "หากมองหาตัวเลือกที่ประหยัด Times มีรถเกียร์ออโต้เริ่มที่ 1,343 บาทต่อวัน สำหรับรุ่นที่ไม่จำกัดระยะทาง บาジェットレンタカー เสนอรถเกียร์ออโต้เริ่มที่ 1,448 บาทต่อวัน ส่วนผู้ที่ต้องการความยืดหยุ่นในการยกเลิก Times ยังมีรถเกียร์ออโต้ที่ยกเลิกฟรีและไม่จำกัดระยะทาง เริ่มที่ 1,593 บาทต่อวัน",
    "issue": "The car rental provider's name 'บาジェットレンタカー' is malformed, as it improperly mixes Thai script ('บา') and Japanese Katakana script ('ジェットレンタカー'). This makes the name unidentifiable and appears as a technical or copy-paste error.",
    "type_of_issue": "Compliance",
    "solution": "Replace the malformed name with the correct Thai transliteration 'บัดเจ็ท เรนท์อะคาร์', which corresponds to 'Budget Rent a Car' (バジェット・レンタカー).",
    "updated_sentence": "หากมองหาตัวเลือกที่ประหยัด Times มีรถเกียร์ออโต้เริ่มที่ 1,343 บาทต่อวัน สำหรับรุ่นที่ไม่จำกัดระยะทาง บัดเจ็ท เรนท์อะคาร์ เสนอรถเกียร์ออโต้เริ่มที่ 1,448 บาทต่อวัน ส่วนผู้ที่ต้องการความยืดหยุ่นในการยกเลิก Times ยังมีรถเกียร์ออโต้ที่ยกเลิกฟรีและไม่จำกัดระยะทาง เริ่มที่ 1,593 บาทต่อวัน",
    "severity": "Major",
    "score_deduction": 3,
    "source_file": "Copy of 2026-2027-th-car-hire-city-10.docx",
    "url": "https://www.skyscanner.co.th/car-hire-in/car-hire-in-nagano/31976076.html",
    "candidate": "https://www.skyscanner.co.th/car-hire-in/car-hire-in-nagano/31976076.html"
  },
  {
    "text": "คุณสามารถรับรถเช่าในนะงะโนะได้จากหลายจุด โดยจุดที่คนนิยมมากคือสถานีรถไฟเจอาร์นากาโน่ ซึ่งอยู่ใจกลางเมืองและเข้าถึงได้สะดวกด้วยระบบขนส่งสาธารณะ อีกทางเลือกหนึ่งคือย่าน Minaminagano ที่อยู่ไม่ไกลจากตัวเมือง เมื่อเทียบราคาระหว่างจุดรับรถในเมืองด้วยกัน การรับรถที่สถานีรถไฟเจอาร์นากาโน่มักมีราคาเริ่มต้นสูงกว่าจุดรับรถในย่านอื่นเล็กน้อย ส่วนจุดรับรถอื่น ๆ ที่กระจายอยู่รอบเมืองมีราคาเริ่มต้นในระดับใกล้เคียงกัน คุณจึงเลือกจุดรับรถได้ตามตำแหน่งที่สะดวกต่อการเดินทางของคุณ",
    "issue": "The transliteration of 'Nagano' is inconsistent, appearing as 'นะงะโนะ' and 'นากาโน่'. The form 'นะงะโนะ' from the topic name should be used consistently.",
    "type_of_issue": "Punctuation/Spelling/Typos",
    "solution": "Change both instances of 'นากาโน่' to 'นะงะโนะ' for consistency.",
    "updated_sentence": "คุณสามารถรับรถเช่าในนะงะโนะได้จากหลายจุด โดยจุดที่คนนิยมมากคือสถานีรถไฟเจอาร์นะงะโนะ ซึ่งอยู่ใจกลางเมืองและเข้าถึงได้สะดวกด้วยระบบขนส่งสาธารณะ อีกทางเลือกหนึ่งคือย่าน Minaminagano ที่อยู่ไม่ไกลจากตัวเมือง เมื่อเทียบราคาระหว่างจุดรับรถในเมืองด้วยกัน การรับรถที่สถานีรถไฟเจอาร์นะงะโนะมักมีราคาเริ่มต้นสูงกว่าจุดรับรถในย่านอื่นเล็กน้อย ส่วนจุดรับรถอื่น ๆ ที่กระจายอยู่รอบเมืองมีราคาเริ่มต้นในระดับใกล้เคียงกัน คุณจึงเลือกจุดรับรถได้ตามตำแหน่งที่สะดวกต่อการเดินทางของคุณ",
    "severity": "Minor",
    "score_deduction": 1,
    "source_file": "Copy of 2026-2027-th-car-hire-city-10.docx",
    "url": "https://www.skyscanner.co.th/car-hire-in/car-hire-in-nagano/31976076.html",
    "candidate": "https://www.skyscanner.co.th/car-hire-in/car-hire-in-nagano/31976076.html"
  },
  {
    "text": "คุณสามารถรับรถเช่าในนะงะโนะได้จากหลายจุด โดยจุดที่คนนิยมมากคือสถานีรถไฟเจอาร์นากาโน่ ซึ่งอยู่ใจกลางเมืองและเข้าถึงได้สะดวกด้วยระบบขนส่งสาธารณะ อีกทางเลือกหนึ่งคือย่าน Minaminagano ที่อยู่ไม่ไกลจากตัวเมือง เมื่อเทียบราคาระหว่างจุดรับรถในเมืองด้วยกัน การรับรถที่สถานีรถไฟเจอาร์นากาโน่มักมีราคาเริ่มต้นสูงกว่าจุดรับรถในย่านอื่นเล็กน้อย ส่วนจุดรับรถอื่น ๆ ที่กระจายอยู่รอบเมืองมีราคาเริ่มต้นในระดับใกล้เคียงกัน คุณจึงเลือกจุดรับรถได้ตามตำแหน่งที่สะดวกต่อการเดินทางของคุณ",
    "issue": "The single paragraph combines multiple distinct ideas (listing locations, comparing prices, and giving advice), which makes the content difficult to scan.",
    "type_of_issue": "Style",
    "solution": "Split the paragraph into two to separate the description of locations from the price comparison, improving readability.",
    "updated_sentence": "คุณสามารถรับรถเช่าในนะงะโนะได้จากหลายจุด โดยจุดที่คนนิยมมากคือสถานีรถไฟเจอาร์นะงะโนะ ซึ่งอยู่ใจกลางเมืองและเข้าถึงได้สะดวกด้วยระบบขนส่งสาธารณะ อีกทางเลือกหนึ่งคือย่าน Minaminagano ที่อยู่ไม่ไกลจากตัวเมือง\n\nเมื่อเทียบราคาระหว่างจุดรับรถในเมืองด้วยกัน การรับรถที่สถานีรถไฟเจอาร์นะงะโนะมักมีราคาเริ่มต้นสูงกว่าจุดรับรถในย่านอื่นเล็กน้อย ส่วนจุดรับรถอื่น ๆ ที่กระจายอยู่รอบเมืองมีราคาเริ่มต้นในระดับใกล้เคียงกัน คุณจึงเลือกจุดรับรถได้ตามตำแหน่งที่สะดวกต่อการเดินทางของคุณ",
    "severity": "Minor",
    "score_deduction": 1,
    "source_file": "Copy of 2026-2027-th-car-hire-city-10.docx",
    "url": "https://www.skyscanner.co.th/car-hire-in/car-hire-in-nagano/31976076.html",
    "candidate": "https://www.skyscanner.co.th/car-hire-in/car-hire-in-nagano/31976076.html"
  },
  {
    "text": "ในญี่ปุ่นการจราจรวิ่งชิดซ้าย ดังนั้นพวงมาลัยรถจึงอยู่ทางด้านขวา บนทางหลวงจำกัดความเร็วที่ 100 กิโลเมตรต่อชั่วโมง ส่วนทางด่วนกำหนดไว้ที่ 80 กิโลเมตรต่อชั่วโมง เมื่อขับบนถนนในชนบทความเร็วสูงสุดอยู่ที่ 60 กิโลเมตรต่อชั่วโมง และบนถนนอื่น ๆ ลดลงมาที่ 40 กิโลเมตรต่อชั่วโมง ทางด่วนของญี่ปุ่นเก็บค่าผ่านทางตามระยะทางที่จุดเก็บเงิน คุณชำระได้ด้วยเงินสดหรือผ่านอุปกรณ์อิเล็กทรอนิกส์ ETC ที่เชื่อมกับบัตรเครดิต ซึ่งมีแนวโน้มถูกกำหนดให้ใช้มากขึ้น การเตรียมบัตร ETC ไว้ล่วงหน้าจึงช่วยให้ผ่านด่านได้สะดวกขึ้น",
    "issue": "The paragraph combines multiple distinct topics (driving side, various speed limits, and toll payments) into a single block of text, which makes it dense and difficult to scan for specific information.",
    "type_of_issue": "Style",
    "solution": "Split the text into three separate paragraphs, each focusing on a single topic: driving side, speed limits, and tolls, respectively.",
    "updated_sentence": "ในญี่ปุ่นการจราจรวิ่งชิดซ้าย ดังนั้นพวงมาลัยรถจึงอยู่ทางด้านขวา\n\nบนทางหลวงจำกัดความเร็วที่ 100 กิโลเมตรต่อชั่วโมง ส่วนทางด่วนกำหนดไว้ที่ 80 กิโลเมตรต่อชั่วโมง เมื่อขับบนถนนในชนบทความเร็วสูงสุดอยู่ที่ 60 กิโลเมตรต่อชั่วโมง และบนถนนอื่น ๆ ลดลงมาที่ 40 กิโลเมตรต่อชั่วโมง\n\nทางด่วนของญี่ปุ่นเก็บค่าผ่านทางตามระยะทางที่จุดเก็บเงิน คุณชำระได้ด้วยเงินสดหรือผ่านอุปกรณ์อิเล็กทรอนิกส์ ETC ที่เชื่อมกับบัตรเครดิต ซึ่งมีแนวโน้มถูกกำหนดให้ใช้มากขึ้น การเตรียมบัตร ETC ไว้ล่วงหน้าจึงช่วยให้ผ่านด่านได้สะดวกขึ้น",
    "severity": "Minor",
    "score_deduction": 1,
    "source_file": "Copy of 2026-2027-th-car-hire-city-10.docx",
    "url": "https://www.skyscanner.co.th/car-hire-in/car-hire-in-nagano/31976076.html",
    "candidate": "https://www.skyscanner.co.th/car-hire-in/car-hire-in-nagano/31976076.html"
  },
  {
    "text": "หากต้องการรถขนาดเล็กในลักษณะเดียวกัน Budget มี SEAT Ibiza เกียร์ธรรมดา เริ่มที่ 2,465 บาทต่อวัน",
    "issue": "The currency is presented in Thai Baht (บาท) for a service in Zurich without indicating that it is an approximate, converted price. This is misleading as the local currency is Swiss Franc (CHF). This pattern repeats for all prices.",
    "type_of_issue": "Accuracy",
    "solution": "Add the word 'ประมาณ' (approximately) before the price to clarify that the THB amount is a conversion.",
    "updated_sentence": "หากต้องการรถขนาดเล็กในลักษณะเดียวกัน Budget มี SEAT Ibiza เกียร์ธรรมดา เริ่มที่ประมาณ 2,465 บาทต่อวัน",
    "severity": "Major",
    "score_deduction": 3,
    "source_file": "Copy of 2026-2027-th-car-hire-city-10.docx",
    "url": "https://www.skyscanner.co.th/car-hire-in/car-hire-in-zurich/27537524.html",
    "candidate": "https://www.skyscanner.co.th/car-hire-in/car-hire-in-zurich/27537524.html"
  },
  {
    "text": "อีกทางเลือกหนึ่งคือรับรถที่ซูริค สนามบิน ซึ่งครอบคลุมผู้ให้บริการจำนวนมาก",
    "issue": "The Thai spelling of 'Zurich' is inconsistent. It is spelled 'ซูริก' in the first sentence and 'ซูริค' in this sentence.",
    "type_of_issue": "Punctuation/Spelling/Typos",
    "solution": "Change 'ซูริค' to 'ซูริก' to ensure consistency throughout the text.",
    "updated_sentence": "อีกทางเลือกหนึ่งคือรับรถที่ซูริก สนามบิน ซึ่งครอบคลุมผู้ให้บริการจำนวนมาก",
    "severity": "Minor",
    "score_deduction": 1,
    "source_file": "Copy of 2026-2027-th-car-hire-city-10.docx",
    "url": "https://www.skyscanner.co.th/car-hire-in/car-hire-in-zurich/27537524.html",
    "candidate": "https://www.skyscanner.co.th/car-hire-in/car-hire-in-zurich/27537524.html"
  },
  {
    "text": "ในสวิตเซอร์แลนด์การจราจรขับชิดขวา ความเร็วบนทางด่วนพิเศษ (มอเตอร์เวย์) จำกัดที่ 120 กิโลเมตรต่อชั่วโมง ส่วนทางด่วนทั่วไปจำกัดที่ 100 กิโลเมตรต่อชั่วโมง บนถนนนอกเมืองความเร็วอยู่ที่ 80 กิโลเมตรต่อชั่วโมง และถนนอื่น ๆ ในเขตชุมชนจำกัดที่ 50 กิโลเมตรต่อชั่วโมง สำหรับการใช้มอเตอร์เวย์ สวิตเซอร์แลนด์ใช้ระบบสติกเกอร์ vignette แบบรายปี ซึ่งมีทั้งแบบสติกเกอร์และแบบอิเล็กทรอนิกส์ (e-vignette) คุณต้องซื้อและติดแสดงไว้ก่อนขับบนมอเตอร์เวย์ ระบบนี้ไม่มีการเก็บค่าผ่านทางตามระยะทางหรือแบบรายเที่ยว ควรจัดเตรียม vignette ให้เรียบร้อยก่อนเริ่มเดินทางบนเส้นทางเหล่านี้",
    "issue": "Missing spaces between clauses, which violates standard Thai typographical conventions and harms readability. This pattern occurs multiple times, for instance, between 'ในสวิตเซอร์แลนด์' and 'การจราจรขับชิดขวา'.",
    "type_of_issue": "Punctuation/Spelling/Typos",
    "solution": "Add spaces to correctly separate introductory phrases and clauses, for example after 'ในสวิตเซอร์แลนด์' and 'บนถนนนอกเมือง'.",
    "updated_sentence": "ในสวิตเซอร์แลนด์ การจราจรขับชิดขวา ความเร็วบนทางด่วนพิเศษ (มอเตอร์เวย์) จำกัดที่ 120 กิโลเมตรต่อชั่วโมง ส่วนทางด่วนทั่วไปจำกัดที่ 100 กิโลเมตรต่อชั่วโมง บนถนนนอกเมือง ความเร็วอยู่ที่ 80 กิโลเมตรต่อชั่วโมง และถนนอื่น ๆ ในเขตชุมชนจำกัดที่ 50 กิโลเมตรต่อชั่วโมง สำหรับการใช้มอเตอร์เวย์ สวิตเซอร์แลนด์ใช้ระบบสติกเกอร์ vignette แบบรายปี ซึ่งมีทั้งแบบสติกเกอร์และแบบอิเล็กทรอนิกส์ (e-vignette) คุณต้องซื้อและติดแสดงไว้ก่อนขับบนมอเตอร์เวย์ ระบบนี้ไม่มีการเก็บค่าผ่านทางตามระยะทางหรือแบบรายเที่ยว ควรจัดเตรียม vignette ให้เรียบร้อยก่อนเริ่มเดินทางบนเส้นทางเหล่านี้",
    "severity": "Minor",
    "score_deduction": 1,
    "source_file": "Copy of 2026-2027-th-car-hire-city-10.docx",
    "url": "https://www.skyscanner.co.th/car-hire-in/car-hire-in-zurich/27537524.html",
    "candidate": "https://www.skyscanner.co.th/car-hire-in/car-hire-in-zurich/27537524.html"
  },
  {
    "text": "การเช่ารถในเสียมราฐเริ่มต้นที่ราคาถูกที่สุด 1,681 บาท ขณะที่ค่าเฉลี่ยตลอดทั้งปีอยู่ที่ 2,191 บาท คุณจึงพอเปรียบเทียบได้ว่าดีลใดต่ำกว่าระดับปกติ เดือนกันยายนมักเป็นช่วงที่ราคาเช่ารถลดลงมากที่สุด หากวางแผนเดินทางในช่วงนี้ ราคาที่ได้จะใกล้เคียงกับตัวเลขต่ำสุด สำหรับการจองที่คุ้มค่า ช่วงเวลาที่เหมาะสมคือไม่ถึง 1 สัปดาห์ก่อนเดินทาง การจองใกล้วันออกเดินทางในลักษณะนี้ช่วยให้คุณเข้าถึงอัตราที่ต่ำกว่าค่าเฉลี่ย เมื่อประกอบกับการเลือกเดือนกันยายน คุณก็มีโอกาสได้ราคาที่ประหยัดกว่าในเสียมราฐ",
    "issue": "The single paragraph combines multiple distinct topics (price benchmarks, the cheapest month, and the optimal booking window), which reduces scannability for users seeking quick information.",
    "type_of_issue": "Style",
    "solution": "Split the paragraph into three smaller, focused paragraphs to improve readability and allow users to easily scan for the specific tips they need.",
    "updated_sentence": "การเช่ารถในเสียมราฐเริ่มต้นที่ราคาถูกที่สุด 1,681 บาท ขณะที่ค่าเฉลี่ยตลอดทั้งปีอยู่ที่ 2,191 บาท คุณจึงพอเปรียบเทียบได้ว่าดีลใดต่ำกว่าระดับปกติ\n\nเดือนกันยายนมักเป็นช่วงที่ราคาเช่ารถลดลงมากที่สุด หากวางแผนเดินทางในช่วงนี้ ราคาที่ได้จะใกล้เคียงกับตัวเลขต่ำสุด\n\nสำหรับการจองที่คุ้มค่า ช่วงเวลาที่เหมาะสมคือไม่ถึง 1 สัปดาห์ก่อนเดินทาง การจองใกล้วันออกเดินทางในลักษณะนี้ช่วยให้คุณเข้าถึงอัตราที่ต่ำกว่าค่าเฉลี่ย เมื่อประกอบกับการเลือกเดือนกันยายน คุณก็มีโอกาสได้ราคาที่ประหยัดกว่าในเสียมราฐ",
    "severity": "Minor",
    "score_deduction": 1,
    "source_file": "Copy of 2026-2027-th-car-hire-city-10.docx",
    "url": "https://www.skyscanner.co.th/car-hire-in/car-hire-in-siem-reap/27546152.html",
    "candidate": "https://www.skyscanner.co.th/car-hire-in/car-hire-in-siem-reap/27546152.html"
  },
  {
    "text": "ในกัมพูชา รถวิ่งชิดขวาของถนน บนทางด่วนสายพนมเปญ–สีหนุวิลล์ ความเร็วจำกัดอยู่ที่ 120 กิโลเมตรต่อชั่วโมง ส่วนทางด่วนทั่วไปกำหนดไว้ที่ 100 กิโลเมตรต่อชั่วโมง ถนนในชนบทจำกัดความเร็วที่ 90 กิโลเมตรต่อชั่วโมง และถนนประเภทอื่นอยู่ที่ 40 กิโลเมตรต่อชั่วโมง กัมพูชามีทางด่วนที่เก็บค่าผ่านทางเปิดใช้งานหนึ่งสาย คือทางด่วนพนมเปญ–สีหนุวิลล์ ซึ่งคิดค่าผ่านทางตามระยะทางเป็นกิโลเมตร ส่วนถนนสายอื่นไม่มีการเก็บค่าผ่านทาง เมื่อขับผ่านเขตเมืองหรือชุมชน คุณควรลดความเร็วให้สอดคล้องกับขีดจำกัดที่ 40 กิโลเมตรต่อชั่วโมง และปรับการขับขี่ให้เข้ากับสภาพถนนแต่ละประเภท",
    "issue": "The single paragraph combines multiple distinct topics (driving side, speed limits, toll roads, urban driving advice), which makes it difficult for users to scan and find specific information.",
    "type_of_issue": "Style",
    "solution": "Split the text into smaller, focused paragraphs, each addressing a single topic to improve readability and scannability.",
    "updated_sentence": "ในกัมพูชา รถวิ่งชิดขวาของถนน บนทางด่วนสายพนมเปญ–สีหนุวิลล์ ความเร็วจำกัดอยู่ที่ 120 กิโลเมตรต่อชั่วโมง ส่วนทางด่วนทั่วไปกำหนดไว้ที่ 100 กิโลเมตรต่อชั่วโมง ถนนในชนบทจำกัดความเร็วที่ 90 กิโลเมตรต่อชั่วโมง และถนนประเภทอื่นอยู่ที่ 40 กิโลเมตรต่อชั่วโมง\n\nกัมพูชามีทางด่วนที่เก็บค่าผ่านทางเปิดใช้งานหนึ่งสาย คือทางด่วนพนมเปญ–สีหนุวิลล์ ซึ่งคิดค่าผ่านทางตามระยะทางเป็นกิโลเมตร ส่วนถนนสายอื่นไม่มีการเก็บค่าผ่านทาง\n\nเมื่อขับผ่านเขตเมืองหรือชุมชน คุณควรลดความเร็วให้สอดคล้องกับขีดจำกัดที่ 40 กิโลเมตรต่อชั่วโมง และปรับการขับขี่ให้เข้ากับสภาพถนนแต่ละประเภท",
    "severity": "Minor",
    "score_deduction": 1,
    "source_file": "Copy of 2026-2027-th-car-hire-city-10.docx",
    "url": "https://www.skyscanner.co.th/car-hire-in/car-hire-in-siem-reap/27546152.html",
    "candidate": "https://www.skyscanner.co.th/car-hire-in/car-hire-in-siem-reap/27546152.html"
  },
  {
    "text": "การเช่ารถในคะนะซะวะเริ่มต้นที่ราคาต่ำสุด 1,807 บาท ขณะที่ค่าเฉลี่ยตลอดทั้งปีอยู่ที่ 2,970 บาท เดือนตุลาคมเป็นช่วงที่ราคาเช่ารถถูกที่สุด หากต้องการดีลที่คุ้มค่า ควรจองล่วงหน้า 3 สัปดาห์ก่อนวันเดินทาง การเปรียบเทียบราคาจากผู้ให้บริการหลายรายช่วยให้คุณเห็นตัวเลือกที่หลากหลาย และเลือกช่วงเวลาที่เหมาะสมกับงบประมาณได้ การวางแผนล่วงหน้าและเลือกเดินทางในเดือนที่ราคาต่ำจะช่วยลดค่าใช้จ่ายในการเช่ารถได้อย่างชัดเจน เมื่อเทียบราคาต่ำสุดกับค่าเฉลี่ยรายปี จะเห็นความแตกต่างที่ส่งผลต่อการตัดสินใจในแต่ละช่วงเวลาของปี",
    "issue": "The single paragraph combines multiple distinct ideas (price statistics, booking advice, and a summary), making it dense and difficult to scan.",
    "type_of_issue": "Style",
    "solution": "Split the text into three separate, focused paragraphs to improve readability and structure.",
    "updated_sentence": "การเช่ารถในคะนะซะวะเริ่มต้นที่ราคาต่ำสุด 1,807 บาท ขณะที่ค่าเฉลี่ยตลอดทั้งปีอยู่ที่ 2,970 บาท เดือนตุลาคมเป็นช่วงที่ราคาเช่ารถถูกที่สุด\n\nหากต้องการดีลที่คุ้มค่า ควรจองล่วงหน้า 3 สัปดาห์ก่อนวันเดินทาง การเปรียบเทียบราคาจากผู้ให้บริการหลายรายช่วยให้คุณเห็นตัวเลือกที่หลากหลาย และเลือกช่วงเวลาที่เหมาะสมกับงบประมาณได้\n\nการวางแผนล่วงหน้าและเลือกเดินทางในเดือนที่ราคาต่ำจะช่วยลดค่าใช้จ่ายในการเช่ารถได้อย่างชัดเจน เมื่อเทียบราคาต่ำสุดกับค่าเฉลี่ยรายปี จะเห็นความแตกต่างที่ส่งผลต่อการตัดสินใจในแต่ละช่วงเวลาของปี",
    "severity": "Minor",
    "score_deduction": 1,
    "source_file": "Copy of 2026-2027-th-car-hire-city-10.docx",
    "url": "https://www.skyscanner.co.th/car-hire-in/car-hire-in-kanazawa/31976022.html",
    "candidate": "https://www.skyscanner.co.th/car-hire-in/car-hire-in-kanazawa/31976022.html"
  },
  {
    "text": "รถที่ได้รับความนิยมมากที่สุดในคะนะซะวะคือ Nissan Z ด้วยขนาดเล็ก ใช้งานได้จริง และจอดรถง่าย เหมาะกับการขับในเมือง คุณสามารถเช่า Nissan Z แบบเกียร์ออโต้จาก Nissan Rent a Car ในราคาเริ่มที่ 1,807 บาทต่อวัน หากต้องการที่นั่งเพิ่มขึ้น Honda Fit จาก NIPPON Rent A Car รองรับผู้โดยสารได้ห้าคน ใช้เกียร์ออโต้ ราคาเริ่มที่ 1,819 บาทต่อวัน สำหรับกลุ่มใหญ่ Nissan NV Passenger จาก Times รองรับได้แปดที่นั่ง เกียร์ออโต้ ราคาเริ่มที่ 5,006 บาทต่อวัน ทุกตัวเลือกมาพร้อมแอร์และระยะทางไม่จำกัด",
    "issue": "The single paragraph combines three different car options and a summary sentence, making the text dense and difficult to scan.",
    "type_of_issue": "Style",
    "solution": "Split the paragraph into four shorter, single-idea paragraphs to improve readability and scannability, with each paragraph focusing on one car option or the summary.",
    "updated_sentence": "รถที่ได้รับความนิยมมากที่สุดในคะนะซะวะคือ Nissan Z ด้วยขนาดเล็ก ใช้งานได้จริง และจอดรถง่าย เหมาะกับการขับในเมือง คุณสามารถเช่า Nissan Z แบบเกียร์ออโต้จาก Nissan Rent a Car ในราคาเริ่มที่ 1,807 บาทต่อวัน\n\nหากต้องการที่นั่งเพิ่มขึ้น Honda Fit จาก NIPPON Rent A Car รองรับผู้โดยสารได้ห้าคน ใช้เกียร์ออโต้ ราคาเริ่มที่ 1,819 บาทต่อวัน\n\nสำหรับกลุ่มใหญ่ Nissan NV Passenger จาก Times รองรับได้แปดที่นั่ง เกียร์ออโต้ ราคาเริ่มที่ 5,006 บาทต่อวัน\n\nทุกตัวเลือกมาพร้อมแอร์และระยะทางไม่จำกัด",
    "severity": "Minor",
    "score_deduction": 1,
    "source_file": "Copy of 2026-2027-th-car-hire-city-10.docx",
    "url": "https://www.skyscanner.co.th/car-hire-in/car-hire-in-kanazawa/31976022.html",
    "candidate": "https://www.skyscanner.co.th/car-hire-in/car-hire-in-kanazawa/31976022.html"
  },
  {
    "text": "อีกทางเลือกหนึ่งคือการรับรถที่โคมัตสึ สนามบิน สำหรับผู้ที่เดินทางเข้ามาทางอากาศ",
    "issue": "The word order for the place name \"Komatsu Airport\" is incorrect. In Thai, the generic place type (สนามบิน) should precede the specific proper name (โคมัตสึ).",
    "type_of_issue": "Grammar",
    "solution": "Change \"โคมัตสึ สนามบิน\" to \"สนามบินโคมัตสึ\" to follow the standard Thai naming convention, consistent with \"สถานีรถไฟคะนะซะวะ\" used earlier in the text.",
    "updated_sentence": "อีกทางเลือกหนึ่งคือการรับรถที่สนามบินโคมัตสึ สำหรับผู้ที่เดินทางเข้ามาทางอากาศ",
    "severity": "Minor",
    "score_deduction": 1,
    "source_file": "Copy of 2026-2027-th-car-hire-city-10.docx",
    "url": "https://www.skyscanner.co.th/car-hire-in/car-hire-in-kanazawa/31976022.html",
    "candidate": "https://www.skyscanner.co.th/car-hire-in/car-hire-in-kanazawa/31976022.html"
  },
  {
    "text": "ในญี่ปุ่นการจราจรขับชิดเลนซ้าย ดังนั้นควรทำความคุ้นเคยกับตำแหน่งพวงมาลัยและช่องทางก่อนออกเดินทาง",
    "issue": "A space is missing after the introductory phrase 'ในญี่ปุ่น' to separate it from the main clause, which violates standard Thai writing conventions for readability.",
    "type_of_issue": "Punctuation/Spelling/Typos",
    "solution": "Add a space after 'ในญี่ปุ่น' to ensure proper sentence segmentation and improve readability.",
    "updated_sentence": "ในญี่ปุ่น การจราจรขับชิดเลนซ้าย ดังนั้นควรทำความคุ้นเคยกับตำแหน่งพวงมาลัยและช่องทางก่อนออกเดินทาง",
    "severity": "Minor",
    "score_deduction": 1,
    "source_file": "Copy of 2026-2027-th-car-hire-city-10.docx",
    "url": "https://www.skyscanner.co.th/car-hire-in/car-hire-in-kanazawa/31976022.html",
    "candidate": "https://www.skyscanner.co.th/car-hire-in/car-hire-in-kanazawa/31976022.html"
  },
  {
    "text": "หากต้องการตัวเลือกราคาประหยัด WIBER มีรถเกียร์ธรรมดาเริ่มที่ 326 บาทต่อวัน",
    "issue": "The currency is incorrectly listed as Thai Baht (บาท) for a service in Valencia, Spain. The correct local currency is the Euro. This pattern repeats for all listed prices.",
    "type_of_issue": "Accuracy",
    "solution": "Change all instances of the currency unit 'บาท' to the correct local currency 'ยูโร'.",
    "updated_sentence": "หากต้องการตัวเลือกราคาประหยัด WIBER มีรถเกียร์ธรรมดาเริ่มที่ 326 ยูโรต่อวัน",
    "severity": "Major",
    "score_deduction": 3,
    "source_file": "Copy of 2026-2027-th-car-hire-city-10.docx",
    "url": "https://www.skyscanner.co.th/car-hire-in/car-hire-in-valencia/27547405.html",
    "candidate": "https://www.skyscanner.co.th/car-hire-in/car-hire-in-valencia/27547405.html"
  },
  {
    "text": "ในสเปนการจราจรวิ่งชิดขวา คุณจึงต้องขับรถทางฝั่งขวาของถนนและแซงทางซ้าย",
    "issue": "Missing space after the introductory phrase \"ในสเปน\" (In Spain), which makes the sentence less readable. Natural Thai typography requires a space between clauses or introductory phrases and the main sentence.",
    "type_of_issue": "Style",
    "solution": "Add a space after \"ในสเปน\" to correctly segment the sentence for improved readability.",
    "updated_sentence": "ในสเปน การจราจรวิ่งชิดขวา คุณจึงต้องขับรถทางฝั่งขวาของถนนและแซงทางซ้าย",
    "severity": "Minor",
    "score_deduction": 1,
    "source_file": "Copy of 2026-2027-th-car-hire-city-10.docx",
    "url": "https://www.skyscanner.co.th/car-hire-in/car-hire-in-valencia/27547405.html",
    "candidate": "https://www.skyscanner.co.th/car-hire-in/car-hire-in-valencia/27547405.html"
  }
]

Return ONLY the JSON object for overall_feedback as specified in the system prompt.

2026-09-01 16:54:43,096 - INFO - AFC is enabled with max remote calls: 10.
2026-09-01 16:55:11,900 - INFO - HTTP Request: POST https://generativelanguage.googleapis.com/v1beta/models/gemini-2.5-pro:generateContent "HTTP/1.1 200 OK"
2026-09-01 16:55:13,150 - INFO - [TH] Wrote report → /Users/apple/Desktop/aurix/skyscanner-AI-Writer-IMWT/output/TH/LQA_Report_TH_20260901_145512.xlsx
2026-09-01 16:55:13,155 - INFO - [TH] Saved raw JSON → /Users/apple/Desktop/aurix/skyscanner-AI-Writer-IMWT/output/TH/LQA_Report_TH_20260901_145512_final.json
2026-09-01 16:55:13,380 - INFO - Wrote edited DOCX → /Users/apple/Desktop/aurix/skyscanner-AI-Writer-IMWT/output/TH/Edited_TH_Copy of 2026-2027-th-car-hire-city-06_20260901_145513.docx
2026-09-01 16:55:13,501 - INFO - Wrote edited DOCX → /Users/apple/Desktop/aurix/skyscanner-AI-Writer-IMWT/output/TH/Edited_TH_Copy of 2026-2027-th-car-hire-city-07_20260901_145513.docx
2026-09-01 16:55:13,591 - INFO - Wrote edited DOCX → /Users/apple/Desktop/aurix/skyscanner-AI-Writer-IMWT/output/TH/Edited_TH_Copy of 2026-2027-th-car-hire-city-08_20260901_145513.docx
2026-09-01 16:55:13,699 - INFO - Wrote edited DOCX → /Users/apple/Desktop/aurix/skyscanner-AI-Writer-IMWT/output/TH/Edited_TH_Copy of 2026-2027-th-car-hire-city-09_20260901_145513.docx
2026-09-01 16:55:13,798 - INFO - Wrote edited DOCX → /Users/apple/Desktop/aurix/skyscanner-AI-Writer-IMWT/output/TH/Edited_TH_Copy of 2026-2027-th-car-hire-city-10_20260901_145513.docx
2026-09-01 16:55:13,798 - INFO - [TH] Completed all three agents.

2026-09-01 16:55:13,798 - INFO - LQA pipeline finished successfully (3-agent).
2026-09-01 16:55:13,799 - INFO - Full run log saved to /Users/apple/Desktop/aurix/skyscanner-AI-Writer-IMWT/output/lqa_run_TH_20260901_140951.log
