2026-09-01 16:09:19,144 - INFO - File logging enabled → /Users/apple/Desktop/aurix/skyscanner-AI-Writer-IMWT/output/lqa_run_GR_20260901_140919.log
2026-09-01 16:09:19,145 - INFO - Language filter active → GR
2026-09-01 16:09:19,146 - INFO - Loading and formatting glossary from /Users/apple/Desktop/aurix/skyscanner-AI-Writer-IMWT/reference/Skyscanner_Glossary_v2.xlsx
2026-09-01 16:09:19,477 - INFO - Glossary loaded for SA (ar-SA): 268 terms
2026-09-01 16:09:19,477 - INFO - Glossary loaded for CZ (cs-CZ): 229 terms
2026-09-01 16:09:19,478 - INFO - Glossary loaded for GR (el-GR): 229 terms
2026-09-01 16:09:19,478 - INFO - Glossary loaded for HU (hu-HU): 229 terms
2026-09-01 16:09:19,478 - INFO - Glossary loaded for PL (pl-PL): 236 terms
2026-09-01 16:09:19,479 - INFO - Glossary loaded for TH (th-TH): 229 terms
2026-09-01 16:09:19,479 - INFO - Glossary loaded for TR (tr-TR): 228 terms
2026-09-01 16:09:19,480 - INFO - Glossary loaded for DE (de-DE): 272 terms
2026-09-01 16:09:19,480 - INFO - Glossary loaded for ES (es-ES): 269 terms
2026-09-01 16:09:19,480 - INFO - Glossary loaded for FR (fr-FR): 270 terms
2026-09-01 16:09:19,481 - INFO - Glossary loaded for IT (it-IT): 269 terms
2026-09-01 16:09:19,482 - INFO - Glossary loaded for NL (nl-NL): 269 terms
2026-09-01 16:09:19,483 - INFO - Glossary loaded for BR (pt-BR): 250 terms
2026-09-01 16:09:19,483 - INFO - Glossary loaded for PT (pt-PT): 228 terms
2026-09-01 16:09:19,484 - INFO - Glossary loaded for US (en-US): 239 terms
2026-09-01 16:09:19,486 - INFO - ===== Language GR: parsing input files → sections/batches =====
2026-09-01 16:09:19,543 - INFO - [GR] Total batches to process: 250
2026-09-01 16:09:19,543 - INFO - [A1][GR][2026-2027-gr-car-hire-city-06__0001] SYSTEM PROMPT (first batch only):
# ROLE & MISSION

You are an **Expert Technical LQA Auditor**. Your mission is to perform a precise, objective, and rule-based audit of localized content. Your single focus is to identify and report **verifiable errors** that impact **correctness, clarity, and compliance**.

You are an auditor, **not a creative editor**. Your analysis must be grounded in the provided rules, glossary, and linguistic conventions. You will produce a single, clean JSON object containing actionable, high-impact findings.

This prompt is used across multiple languages. A locale-specific instruction pack is auto-injected as `lang instructions`. **These instructions are your highest authority and override any general rules in this document where they differ.**

You will receive a `Topic Name` for each batch (e.g., a route or travel topic). Use it as context and **do not flag hardcoded city/route mentions as errors when they match the Topic Name** (destination/from cities already specified by the topic are not mistakes).

---

## PROJECT-SPECIFIC EXCLUSIONS (HIGHEST PRIORITY)

Do not flag, keep, add, or correct a finding merely because a name, city/place name, car-rental provider, or car model/type is not localized or remains in another language/alphabet. The agency will handle these. Preserve such text exactly in `updated_sentence` and `corrected_content`.

For Greek specifically, preserve Latin-script place names such as `Kalithèa` and `Argásion`; do not transliterate, translate, or rewrite them. This does not suppress independent objective errors written in the target script: for example, a genuine Greek typo such as `Πετρα` must still be flagged and minimally corrected to `Πέτρα`.


---

## THE PRIME DIRECTIVE: OBJECTIVITY OVER PREFERENCE

This is your most important instruction. Your primary function is to eliminate subjective, preferential feedback. You must strictly adhere to the following rules:

**✅ FLAG ONLY (Objective & Actionable Issues):**

* **Grammatical Errors:** Incorrect verb tense, case, gender agreement, prepositions that alter meaning.
* **Spelling & Punctuation Errors:** Typos, incorrect use of accents/diacritics, violations of locale-specific punctuation rules (e.g., missing spaces in French, incorrect quote style in German).
* **Compliance Violations:** Failure to use a **mandatory** glossary/brand term, incorrect capitalization of a **brand/proper name**, use of a forbidden term, or required unit/currency presentation not followed.
* **Accuracy Errors:** Factual mistakes **visible in the text**, incorrect numbers, mistranslations that change the meaning, failure to provide **required** metric/imperial conversions.
* **Severe Clarity Issues:** Sentences so long, convoluted, or poorly structured that they are objectively difficult for a native speaker to understand upon first reading.
* **SEO/Editorial Paragraph Segmentation:** A **single** body paragraph under an SEO/editorial heading that packs **multiple distinct ideas** and is objectively hard to scan — flag as **Style** and provide a split (separate short paragraphs). Do **not** use this for synonym preference or mild aesthetic rewrites.

**❌ DO NOT FLAG (Subjective & Preferential Noise):**

* **"Unnatural" or "Awkward" Phrasing:** If a sentence is grammatically correct and its meaning is clear, do not flag it for sounding "awkward," "clunky," or "lacking native-like flow."
* **Synonyms & Paraphrasing:** Do not flag alternative word choices or sentence structures if the meaning remains identical and clear. (e.g., "find a flight" vs. "search for a flight").
* **Redundancy for Emphasis:** Do not flag mild repetition if it does not cause confusion or violate a brand rule.
* **Content Improvement Suggestions:** Do not suggest adding more examples, enriching the content, or changing the information architecture. Your scope is limited to the existing text.
* **Minor Tone Tweaks:** Do not suggest changes to make the tone "more friendly" or "more engaging" unless it directly contradicts a mandatory register rule in `lang instructions` (e.g., using formal "Sie" when informal "du" is required).

---

## LANGUAGE-AGNOSTIC CATEGORIZATION RULES (ENFORCED)

Apply these **global rules** before assigning any category:

1. **No external fact‑checking**

* Do **not** verify laws, limits, prices, or policies against outside knowledge. Use **Accuracy** only when there is an **internal contradiction**, a **mistranslation**, or an **objective numeric/format error** visible in the given text.
* Example (DO NOT FLAG): NL text states motorway limit 100 km/u → **out of scope** unless the document contradicts itself.
* Example (FLAG as **Compliance · Major**): mph shown without required km/h conversion for a metric locale.

2. **Brand / Proper‑noun rules are Compliance**

* Misspelling, wrong casing, or spacing of official brand/proper names → **Compliance** (not Punctuation).
* Examples: *star car → starcar* (DE), *yalla → Yalla* (pt‑BR), *Rental plus → Rental Plus* (NL).

3. **Currency: what vs how**

* **What** currency is used for the location (USD vs £) → **Accuracy** (Major) if wrong.
* **How** currency is formatted/spaced/symbol order → **Compliance** (Minor/Major per locale rules).

4. **Units & conversions**

* Missing mandated metric/imperial conversion or wrong primary unit for the locale → **Compliance** (Major if it impacts comprehension).
* Arithmetic or numeric impossibility (e.g., inconsistent totals) → **Accuracy**.

5. **Headings & typography**

* Punctuation in headings (e.g., stray period) → **Punctuation/Spelling/Typos**.
* Locale‑specific quotes/spaces/diacritics → **Punctuation/Spelling/Typos**.

6. **Clarity vs preference**

* Use **Style** only for **objective readability breakdowns** (run‑on/unparsable, or SEO body paragraphs that objectively pack multiple distinct ideas and must be split for scanability). Do **not** use Style for “sounds nicer” feedback.

7. **Terminology & Glossary Handling (IMPORTANT)**

* Treat the term list as **reference**, not rigid commands. Enforce **only** terms explicitly marked **mandatory** in `GR_instructions` or the glossary metadata, or when they are **brand/proper names**.
* **Case‑insensitive by default**. Do **not** force Title Case because a glossary entry is capitalized.
* **Inflections and morphological variants are acceptable** if the meaning is preserved (plural/singular, gender, verb forms).
* **Generic vertical/category nouns are common nouns** (e.g., ES *alquiler de coches*, IT *auto premium* as adjective) → keep locale‑appropriate casing (often sentence/lowercase). Do **not** flag capitalization unless the locale pack explicitly mandates Title Case.
* **Brand corrections guardrail:**

  * Limit fixes to **casing/spacing** unless the **official spelling** appears in the provided glossary/terms or the error is an **obvious simple typo** of a known brand (single‑character omission/transposition).
  * **Do not rename** a brand to a different word if uncertain. Example: FR *Differental* → *Drivalia* **do not flag** unless the glossary explicitly lists *Drivalia* for that context.
* **Examples**

  * ✅ ES heading: *Proveedores de **alquiler de coches**…* (sentence case)
  * ❌ Forcing *Alquiler de Coches* when not mandated
  * ✅ IT: *auto **premium*** (category adjective lowercase); ❌ *auto **Premium*** unless brand



8. **Minimal fix principle**

* When proposing `updated_sentence`, change **only** what is required to resolve the error (no stylistic rewrites, no added content, no register shifts unless mandated).

9. **De‑duplication of repeated identical issues**

* If the same rule violation repeats in a contiguous pattern with identical structure, report **one representative instance** and mention in `issue`: *“Pattern repeats in similar sentences.”*

* For locale patterns like pt‑BR **introductory adverbial commas** (*Em São Paulo, …; No Ceará, …*), report **one representative instance per section** and note *“Pattern repeats in similar sentences.”* unless wording differs materially.


---

## SCOPE OF QA (ERROR CATEGORIES)

You will categorize every issue using one of the following exact labels. These are the only allowed values for `type_of_issue`.

1. **AI-issues:**

   * **Hallucination:** The text contains fabricated content presented as fact **inside the text**.
   * **Bias / Cultural Sensitivity:** The text contains offensive, inappropriate, biased, or culturally insensitive content.

2. **Style:**

   * **DEFINITION:** This category is **strictly limited to issues of clarity and readability that objectively hinder comprehension**.
   * **USE FOR:** Run-on sentences that are unparsable; severe structural issues that make the text's meaning ambiguous.
   * **DO NOT USE FOR:** Subjective feedback about "flow" or "naturalness."
   * **Examples:** Overlong sentence with multiple subordinations → split into two; broken list structure that obscures meaning.

3. **Accuracy:**

   * **DEFINITION:** Semantic fidelity or numeric correctness **within the provided text**.
   * **USE FOR:** Mistranslation that changes meaning; internal contradictions; wrong numbers or impossible arithmetic; **wrong currency for location** (e.g., £ for California).
   * **DO NOT USE FOR:** External fact‑checking (laws/speed limits/prices not contradicted by the text).
   * **Examples:**

     * *"£18 per day in California"* → **Accuracy · Major** → *"\$18 per day"*.
     * *"Total 100" after listing 30+40+50* → **Accuracy · Major**.

4. **Compliance:**

   * **DEFINITION:** Violations of the glossary, locale pack, brand rules, or mandated formatting/presentation.
   * **USE FOR:**

     * **Brand/proper‑noun** spelling/casing/spacing (e.g., *star car → starcar*, *yalla → Yalla*, *Rental plus → Rental Plus*).
     * **Unit presentation rules:** metric‑first locales require **km/h** primary; add conversions when imperial appears.
     * **Currency formatting rules:** symbol placement/spacing/ISO style as specified by `lang instructions`.
     * **Register** (form of address) inconsistencies against `lang instructions`.
     * **Terminology usage when explicitly mandatory** (and case-insensitive by default). Do **not** penalize non-mandatory or generic category nouns for casing.
   * **Examples:**

     * *"70 mph" only in FR/DE/ES/PT‑BR* → **Compliance · Major** (add *113 km/h (70 mph)*).
     * *"auto Premium" (category adjective)* → **Compliance · Minor** → *"auto premium"* (IT) unless brand.
     * **Do not** flag ES *alquiler de coches* sentence-case headings unless `lang instructions` mandates Title Case.

5. **Grammar:**

   * **DEFINITION:** Errors in the formal structure of the language.
   * **USE FOR:** Incorrect verb conjugation, noun/adjective agreement, case, tense, prepositions, word order, required repetition in parallel lists.
   * **Examples:** *ein Kleinwagen* → *einen Kleinwagen* (DE, accusative); repeat *auf* in German list items for parallelism.

6. **Punctuation/Spelling/Typos:**

   * **DEFINITION:** Orthographical and typographical errors.
   * **USE FOR:** Typos, misspellings, incorrect accent usage, wrong quotation mark style, missing locale spaces, double spaces, heading ending with a period.
   * **Examples:** *en␣␣Asturias* → *en Asturias* (ES); FR *130 km/h* → *130 km/h* with NBSP; remove trailing period from a heading (IT/NL).

---

## SEVERITY LEVELS & DECISION LADDER

You will assign a severity and score deduction to every issue by following this strict, step-by-step decision ladder.

**Critical (25)** – Safety/legal risk, offensive bias, or fabricated claims **within the text** that could dangerously mislead.

* Examples: harmful stereotypes; incorrect safety-critical numbers; invented product features.

**Major (3)** – Errors that change meaning or materially impair comprehension.

* Examples: mistranslation altering instructions; run‑on that creates ambiguity; **wrong currency for a locale**; missing mandated unit conversion in a metric locale when only imperial is given.

**Minor (1)** – Objective errors that do not block understanding but break rules/conventions.

* Examples: typos; locale quote/spacing rules; heading with stray period; adjective agreement where meaning stays obvious; comma after introductory adverbial (pt‑BR: *Em São Paulo, …*).

**Omit** – Preferential/style‑only feedback with no rule violation.

**Decision Ladder**

1. Policy/safety/offense? → **Critical**.
2. Misleads/changes meaning/blocks understanding? → **Major**.
3. Otherwise objective correctness/formatting breaches → **Minor**.
4. If purely preferential → **Omit**.

---

## Lang-SPECIFIC RULES

# Greek (el-GR) Style Guide for Skyscanner

## Project-specific exclusions (ticket 2026_8983 — highest priority)
- Ignore place names written in the Latin alphabet. Do not flag, transliterate, translate, or rewrite them.
- Ignore missing accents/tonos in section headings. Do not flag or add those accents.
- The injected project instructions take priority over any geo-name guidance.

## Critical requirements
- Use the formal plural `εσείς` / `σας` consistently, with a friendly and helpful tone.
- Prefer active voice and formal imperative CTAs. Clarity takes priority over wordplay.
- Keep Skyscanner unchanged and use the feminine article where required: `η Skyscanner`, never `το Skyscanner`.

## Language and typography
- Use the Greek decimal comma and locale-appropriate punctuation. Use one ellipsis character `…`, straight quotation marks consistently, and no more than one exclamation mark.
- Use sentence case for headings and CTAs.
- Write dates as `16 Μαρτίου 2025` or `16/03/2025`; write time in 24-hour form such as `15:30`.
- Apply standard final-n rules; `δεν` always keeps final `ν`.
- Distinguish interrogative `πού`/`πώς`, comparative `σαν` from attributive `ως`, and indefinite `μια` from numeric `μία`.

## Technical content
- Preserve placeholders, variables, tags, numbers, and product tokens exactly.
- Do not duplicate the word for airport when it is already part of the source name.
- CTA translations must remain buttons/actions; for example, “Cancel” may require the noun `Ακύρωση` depending on UI context.

## Content and compliance
- Use natural SEO language; no keyword stuffing or preference-only rewrites.
- Do not externally fact-check laws, prices, limits, or policies.
- Do not claim Skyscanner provides discounts. Use “best” only with a supplied measurable basis.
- Avoid greenwashing and absolute claims that travel is green, clean, eco-friendly, or sustainable.


---

## OUTPUT JSON CONTRACT (RETURN THIS OBJECT ONLY)

You will return a **single, valid JSON object** and nothing else. Do not add any explanatory text before or after it.

```json
{
  "review_findings": [
    {
      "text": "<The full, original sentence or text snippet containing the error>",
      "issue": "<A concise, one-sentence description of the objective error. Example: 'Incorrect gender agreement between noun and adjective.'>",
      "type_of_issue": "<Must be one of: AI-issues, Style, Accuracy, Compliance, Grammar, Punctuation/Spelling/Typos>",
      "solution": "<A brief, actionable instruction for the fix. Example: 'Change the adjective to the feminine form to agree with the noun.'>",
      "updated_sentence": "<The full sentence, rewritten with the solution correctly applied. For paragraph splits, include the full corrected multi-paragraph snippet with blank lines between paragraphs.>",
      "severity": "<Must be one of: Minor, Major, Critical>",
      "score_deduction": "<Must be 1, 3, or 25, perfectly matching the severity level>"
    }
  ],
  "overall_feedback": {
    "summary": "<A 2-3 bullet point summary of the most significant and repeated error *patterns*. Focus on systemic issues, not a list of individual errors. Example: 'Consistent failure to apply non-breaking spaces before colons as required by French typography.'>",
    "action_plan": "<A 2-3 bullet point list of concrete, high-level actions to prevent these errors in the future. Example: 'Implement a post-processing check to ensure all brand names are capitalized correctly as per the glossary.'>"
  }
}
```

---

## COMMON MISCLASSIFICATIONS TO AVOID (CHECK BEFORE SUBMIT)

* **Speed limits / legal rules “corrections”** → **Do NOT flag** unless there is an internal contradiction. Missing metric conversion → **Compliance**, not **Accuracy**.
* **Brand/proper‑noun casing** → always **Compliance**, not **Punctuation**.
* **Currency** → symbol **choice for location** = **Accuracy**; **formatting/placement** = **Compliance**.
* **Headings punctuation** (e.g., stray period) → **Punctuation/Spelling/Typos**.
* **Generic vertical/category nouns** (e.g., ES *alquiler de coches*) → keep locale-appropriate sentence case unless the locale pack mandates Title Case.
* **“Awkward/natural” only** → **Omit** unless readability is objectively impaired (then **Style**).

---

## FINAL SELF-CHECK (RUN BEFORE RETURNING JSON)

1. **Is my output a single, valid JSON object with no extra text?**
2. **Did I avoid external fact‑checking and rely only on internal evidence and mandated rules?**
3. **Does every `score_deduction` value (1, 3, 25) perfectly match its `severity` level?**
4. **Are all `type_of_issue` values from the allowed list and mapped per the Language‑Agnostic Categorization Rules?**
5. **Have I strictly followed all rules from the `langinstructions`?**
6. **Is my feedback in the `issue` and `solution` fields concise, objective, and non-creative?**

Return only the JSON object.

2026-09-01 16:09:19,553 - INFO - [A1][GR][2026-2027-gr-car-hire-city-06__0001] USER PROMPT (first batch only):
Topic Name: Πώς να βρείτε μια οικονομική προσφορά για ενοικίαση αυτοκινήτου στη Σαλαμίνα

Here is the content to review:

Η αναζήτηση οικονομικής ενοικίασης αυτοκινήτου στη Salamina ξεκινά με σύγκριση τιμών ανάμεσα στους διαθέσιμους παρόχους. Η χαμηλότερη τιμή που εντοπίζεται αυτή τη στιγμή ανέρχεται σε 34 €, ενώ η μέση ετήσια τιμή διαμορφώνεται στα 41 €. Ο μήνας Απριλίου τείνει να προσφέρει τις πιο προσιτές τιμές για την ενοικίαση οχήματος. Η κράτηση 2 εβδομάδες πριν από την ημερομηνία παραλαβής συμβάλλει στην εξασφάλιση ευνοϊκότερης τιμής. Η έγκαιρη σύγκριση των επιλογών επιτρέπει τον εντοπισμό της καταλληλότερης προσφοράς για τις ανάγκες κάθε ταξιδιώτη.



Available key terms:

### Skyscanner Multilingual Glossary ###
- EN: additional driver → el-GR: επιπλέον οδηγός | Definition: An extra person authorized to drive a rented vehicle. | Example: Μπορείτε να προσθέσετε έναν επιπλέον οδηγό στην κράτησή σας όταν φτάσετε στο γκισέ της εταιρείας {supplier}.
- EN: air conditioning → el-GR: κλιματισμός | Definition: A system for cooling and dehumidifying the air. | Example: Μόνο αυτοκίνητα με κλιματισμό
- EN: airline → el-GR: αεροπορική εταιρεία | Definition: A company that provides air transport services for traveling passengers. | Example: Αναζητήστε εκατομμύρια πτήσεις από εκατοντάδες αεροπορικές εταιρείες μέσα σε δευτερόλεπτα
- EN: airline alliance → el-GR: αεροπορική συμμαχία | Definition: A partnership between multiple airlines to provide mutual benefits and seamless travel. | Example: Κερδίζετε πόντους αεροπορικής όταν πετάτε συχνά με την αεροπορική εταιρεία και τους συνεργάτες αεροπορικής συμμαχίας της.
- EN: all inclusive → el-GR: all inclusive | Definition: Hotel package that includes accommodation, all meals, snacks, drinks (both alcoholic and non-alcoholic), and often additional amenities and activities
- EN: amenities → el-GR: παροχές | Definition: Title of filter section mainly in hotel search | Example: Δείτε όλες τις παροχές ξενοδοχείων
- EN: apartment → el-GR: διαμέρισμα | Definition: A self-contained housing unit that occupies part of a building.
- EN: App → el-GR: εφαρμογή | Definition: An application designed for use on mobile devices.
- EN: Art and culture → el-GR: τέχνη και πολιτισμός | Definition: Activities or attractions related to visual arts, music, theater, and heritage.
- EN: automatic → el-GR: αυτόματο | Definition: A type of vehicle transmission that shifts gears automatically.
- EN: baggage allowance → el-GR: όρια αποσκευών | Definition: The amount of luggage a traveler is permitted to carry without incurring additional fees, as defined by the transportation provider
- EN: Beach → el-GR: παραλία | Definition: A sandy or pebbly shore by a body of water, often a popular destination for relaxation and recreation.
- EN: Black Friday → el-GR: Black Friday | Definition: A major retail event with extensive sales and promotions, often lasting beyond the day after Thanksgiving. | Notes: we just use the American-English term for it. Please use the feminine article for it: "η Black Friday" | Example: Η Black Friday έφτασε και φέτος!
- EN: board type → el-GR: πρόγραμμα διατροφής | Definition: This term refers to the meal plan included with a hotel stay.
- EN: book → el-GR: κάνω κράτηση | Definition: Verb. To reserve a service, such as a flight. | Example: Κάντε κράτηση σε πτήση
- EN: book → el-GR: κάνω κράτηση | Definition: Verb. To reserve a service, such as a hotel room. | Example: Κάντε κράτηση σε ξενοδοχείο
- EN: book → el-GR: κάνω κράτηση | Definition: Verb. To reserve a service, such as a car. | Example: Κάντε κράτηση σε αυτοκίνητο
- EN: booking → el-GR: κράτηση | Definition: Noun. A reservation for a service. | Example: Κράτηση πτήσης
- EN: booking → el-GR: κράτηση | Definition: Noun. A reservation for a service. | Example: Κράτηση ξενοδοχείου
- EN: booking → el-GR: κράτηση | Definition: Noun. A reservation for a service. | Example: Κράτηση αυτοκινήτου
- EN: Business Class → el-GR: κατηγορία business/business class | Definition: A class of airline service offering more comfort and amenities than economy class. | Example: Βρείτε τις φθηνότερες πτήσεις @@departure@@-@@destination@@ με κατηγορία Business Class.
- EN: business travellers → el-GR: ταξιδιώτες για επαγγελματικούς λόγους | Definition: Individuals traveling for work-related purposes.
- EN: cabin bag → el-GR: χειραποσκευή | Definition: A small piece of luggage carried into the passenger cabin. | Example: Συμπεριλαμβάνεται 1 χειραποσκευή στον ναύλο σας
- EN: cabin baggage → el-GR: χειραποσκευές | Definition: Same as cabin bag. | Example: Ταξιδέψτε χωρίς πολύ βάρος, προσθέτοντας μόνο χειραποσκευές.
- EN: cabin class → el-GR: κατηγορία θέσης | Definition: The category of service on an aircraft, such as economy, business, or first class. | Example: Επιλέξτε αριθμό ταξιδιωτών και κατηγορία θεσης
- EN: cancellation policy → el-GR: πολιτική ακύρωσης | Definition: The terms and conditions under which a booking can be canceled. | Example: Επικοινωνήστε με την εταιρεία ενοικίασης για να ελέγξετε τις ακριβείς λεπτομέρειες της πολιτικής ακύρωσης.
- EN: car hire → el-GR: ενοικίαση αυτοκινήτου | Definition: The act of renting a vehicle. | Example: Αναζητήστε και συγκρίνετε τις καλύτερες προσφορές για ενοικίαση αυτοκινήτου σε όλο τον κόσμο.
- EN: Car hire → el-GR: Ενοικίαση αυτοκινήτου | Definition: Rental of an automobile for a specified period | Example: Αναζητήστε και συγκρίνετε τις καλύτερες προσφορές για ενοικίαση αυτοκινήτου σε όλο τον κόσμο.
- EN: car hire company → el-GR: εταιρεία ενοικίασης αυτοκινήτου | Definition: A business that provides rental vehicles. | Example: Ποια είναι η φθηνότερη εταιρεία ενοικίασης αυτοκινήτου στην πόλη {car_hire_origin_city};
- EN: car hire deal → el-GR: προσφορά ενοικίασης αυτοκινήτου | Definition: Discounted or special offer on car rental services.
- EN: carbon footprint → el-GR: αποτύπωμα άνθρακα | Definition: A carbon footprint refers to the total amount of CO2 emissions released into the atmosphere as a result of the activities of an business, individual or event.
- EN: charge → el-GR: χρεώνω | Definition: Verb. To add fee for a service or product. | Example: Δεν χρεώνουμε προμήθειες κράτησης.
- EN: charge → el-GR: χρέωση | Definition: Noun. Fee for a service or product | Example: Λάβετε υπόψη ότι οι εταιρείες ενοικίασης ενδέχεται να εφαρμόσουν επιπλέον χρεώσεις και περιορισμούς.
- EN: Cheapest month → el-GR: φθηνότερος μήνας | Definition: The cheapest month features in ‘Flexible Dates’ tab highlights the cheapest month to travel, as well as the lowest price per month to travel to the destination.
- EN: check in → el-GR: check in | Definition: Verb - The process of registering for a flight. | Example: Κάντε check in πριν από τις {check_in_time}
- EN: check in → el-GR: check in | Definition: Verb - The process of registering for a hotel stay. | Example: Κάντε check in πριν από τις {check_in_time}
- EN: check out → el-GR: αναχώρηση | Definition: Verb - The process of completing a stay at a hotel. | Example: Στο ξενοδοχείο {hotel_name}, μπορείτε να κάνετε check in από τις {check_in_time}, ενώ η αναχώρησή σας θα πρέπει να γίνει έως τις {check_out_time}.
- EN: check-in → el-GR: check in | Definition: Noun - The process of registering for a flight. | Example: Σε πτήσεις εσωτερικού, το check in και η παράδοση των αποσκευών πολύ συχνά κλείνουν μία ώρα πριν από την προγραμματισμένη ώρα αναχώρησης
- EN: check-in → el-GR: άφιξη/check in | Definition: Noun - The process of completing a stay at a hotel. | Example: Επιλέξτε ημερομηνία άφιξης
- EN: check-out → el-GR: αναχώρηση | Definition: Noun - The process of leaving and settling the bill at a hotel. | Example: Επιλέξτε ημερομηνία αναχώρησης
- EN: checked bag → el-GR: παραδοτέα αποσκευή | Definition: Bag that is handed over to the airline for transport in the cargo hold. | Example: Συμπεριλαμβάνεται 1 παραδοτέα αποσκευή
- EN: checked luggage → el-GR: παραδοτέες αποσκευές | Definition: Luggage that is handed over to the airline for transport in the cargo hold. | Example: Παραδοτέες αποσκευές 23 κιλών
- EN: cO2e emissions → el-GR: εκπομπές cO2e | Definition: Carbon dioxide equivalent emissions, measuring the impact of greenhouse gases.
- EN: Collision Damage Waiver → el-GR: Μικτή Ασφάλεια με Απαλλαγή | Definition: This is a type of insurance offered by rental car companies that limits your liability if the car is damaged in an accident. 
However, it typically doesn’t cover the full cost; you still have to pay a portion of  the repair costs, called the excess or deductible. | Notes: In Greek, this is commonly referred to as "Απαλλαγή Ζημιάς από Σύγκρουση" or just "Μικτή Ασφάλεια με Απαλλαγή". This coverage limits your financial responsibility for damages to the rental car, but you are still liable for the excess amount​ | Example: Τα καλά νέα νέα είναι ότι, στην τιμή ενοικιίασης περιλαμβάνεται η "Μικτή Ασφάλεια με Απαλλαγή", οπότε δεν χρειάζεστε επιπλέον ασφάλεια.
- EN: commercial van → el-GR: εμπορικό φορτηγό | Definition: Vehicles designed for transporting goods and materials for business purposes.
- EN: compact → el-GR: μικρό | Definition: A category of rental cars that are slightly larger than economy cars but still small and efficient.
- EN: connecting flight → el-GR: πτήση ανταπόκρισης | Definition: A flight requiring a change of planes to reach the final destination. | Example: Όταν κάνετε κράτηση πτήσεων με περισσότερους από έναν παρόχους, υπάρχει η πιθανότητα η πτήση ανταπόκρισης να καθυστερήσει ή να ακυρωθεί.
- EN: convertible → el-GR: κάμπριο | Definition: A car with a roof structure that can be 'converted' to allow open-air or enclosed driving.
- EN: Cookie Policy → el-GR: Πολιτική Cookie | Definition: Policy that governs the use of cookies on Skyscanner's website, ensuring transparency regarding data usage | Example: Συλλέγουμε δεδομένα για το πώς και πότε χρησιμοποιείτε αυτήν την εφαρμογή. Για περισσότερες πληροφορίες, διαβάστε την Πολιτική Cookie μας
- EN: country house → el-GR: εξοχικό σπίτι | Definition: A large house in the countryside
- EN: coupe → el-GR: κουπέ | Definition: A car with a fixed-roof body style that is shorter than a sedan of the same model.
- EN: couples → el-GR: ζευγάρια | Definition: Pairs of individuals traveling together
- EN: Cyber Monday → el-GR: Cyber Monday | Definition: An online shopping event on the Monday after Thanksgiving, featuring exclusive digital deals and discounts. | Notes: we just use the American-English term for it. Please use the feminine article for it: "η Cyber Monday" | Example: Η φετινή Cyber Monday είναι!
- EN: deal → el-GR: προσφορά | Definition: A special offer or discount. | Example: Πτήσεις: Εξερευνήστε προσφορές σε πτήσεις

Ξενοδοχεία: Αναζητήστε προσφορές για ξενοδοχεία στη Skyscanner

Ενοικίαση αυτοκινήτου: Επιλέξτε την προσφορά ενοικίασης αυτοκινήτου που σας ταιριάζει καλύτερα
- EN: departure country → el-GR: χώρα αναχώρησης | Definition: The country from which a journey begins. | Example: Επιλέξτε χώρα αναχώρησης
- EN: departure date → el-GR: ημερομηνία αναχώρησης | Definition: The date on which a journey starts. | Example: Επιλέξτε ημερομηνία αναχώρησης
- EN: departure time → el-GR: ώρα αναχώρησης | Definition: The scheduled time a flight is set to leave. | Example: Παρατηρήσαμε ότι η ώρα αναχώρησης αυτής της πτήσης άλλαξε.
- EN: destination → el-GR: προορισμός | Definition: The final place or location to which someone is traveling. It is the end point of a journey where travelers intend to stay, explore, or visit. Destinations can range from cities and countries to specific attractions or resorts.
- EN: destination airport → el-GR: αεροδρόμιο προορισμού | Definition: The airport where a journey ends. | Example: Επιλέξτε αεροδρόμιο προορισμού
- EN: destination country → el-GR: χώρα προορισμού | Definition: The country where a journey ends. | Example: Επιλέξτε χώρα προορισμού
- EN: direct → el-GR: απευθείας | Definition: A flight with no scheduled stops between the departure and arrival points. | Example: Δυστυχώς, δεν βρέθηκαν αποτελέσματα για απευθείας πτήσεις, οπότε βλέπετε αποτελέσματα με στάσεις.
Μόνο απευθείας
- EN: direct flight → el-GR: απευθείας πτήση | Definition: A flight with no scheduled stops between the departure and arrival points. | Example: Μόνο απευθείας πτήσεις
- EN: domestic flight → el-GR: πτήση εσωτερικού | Definition: A flight within the same country. | Example: Βρείτε φθηνές πτήσεις εσωτερικού στη χώρα @@country@@
- EN: drop → el-GR: μείωση τιμής/Drops | Notes: Since there is no equivalent in Greek that could work in all cases, please adapt the sentence so that is sounds natural instead of sticking strictly to the source | Example: Μείωση τιμής στα 36 £

Εμφάνιση των Drops από το Λονδίνο

Οι πιο πρόσφατες μειώσεις τιμής
- EN: drop → el-GR: μειώνω/Drops | Notes: Since there is no equivalent in Greek that could work in all cases, please adapt the sentence so that is sounds natural instead of sticking strictly to the source | Example: Η τιμή του επόμενου ταξιδιού σας μπορεί να μειωθεί σήμερα

Διαλέξτε άλλη πόλη αναχώρησης ή ελέγξτε αν οι τιμές μειώθηκαν αργότερα.

Τα Drops της ημέρας μόλις έφτασαν
- EN: drop-off → el-GR: παράδοση | Definition: The date, time or location where a rented vehicle is returned at the end of the rental period. | Example: Τοποθεσία παράδοσης: Πληκτρολογήστε μια τοποθεσία.
Πατήστε δύο φορές για να επιλέξετε ημερομηνία παράδοσης
Η ώρα παράδοσης πρέπει να είναι μεταγενέστερη της ώρας παραλαβής.
- EN: DROPS → el-GR: DROPS | Definition: Feature name.

DROPS is a new “sub-brand” of Skyscanner. It is an app-exclusive product only available for logged-in users that helps travelers spot flight deals that have dropped by more than 20% and that are available for only 24h. | Notes: To be left in English when used as a proper/feature name. 

Follow the source capitalization. 

To be used as a plural neuter noun, i.e. τα DROPS | Example: Καλωσορίσατε στα DROPS

Πάρτε ιδέες για το επόμενο ταξίδι από τα DROPS
- EN: Drops → el-GR: Drops | Definition: Feature name.

Drops is a new “sub-brand” of Skyscanner. It is an app-exclusive product only available for logged-in users that helps travelers spot flight deals that have dropped by more than 20% and that are available for only 24h. | Notes: To be left in English when used as a proper/feature name. 

Follow the source capitalization. 

To be used as a plural neuter noun, i.e. τα Drops | Example: Ανανέωση Drops

Μάθετε περισσότερα για τα Drops
- EN: economy → el-GR: οικονομικό | Definition: A category of rental cars that are typically small, fuel-efficient, and inexpensive. | Example: Νοικιάστε ένα οικονομικό αυτοκίνητο
- EN: Economy → el-GR: (κατηγορία) Economy | Definition: The Economy flight class refers to the most basic and affordable class of service on an airplane. | Example: Ακόμη κι αν συνήθως πετάτε σε κατηγορία Economy, μερικές φορές μπορεί να εξασφαλίσετε μια προσφορά σε ναύλο κατηγορίας Business.
- EN: electric → el-GR: ηλεκτρικό | Definition: Vehicles powered by electricity, typically from batteries.
- EN: email → el-GR: email | Definition: Electronic mail address used for communication. | Example: Θέλετε αποκλειστικές προσφορές, νέα και ιδέες μέσω email;
- EN: estimated price → el-GR: εκτίμηση τιμής | Definition: An approximate cost for a service. | Example: Η εκτίμηση τιμής μας αφορά τη μέση τιμή ανά διανυκτέρευση των δωματίων ξενοδοχείου στην περιοχή που αναζητήσατε.
- EN: Everywhere → el-GR: Παντού | Definition: Option to search for travel destinations worldwide. | Example: Αναζητήστε και εξερευνήστε παντού.
- EN: Excellent → el-GR: Εξαιρετικό | Definition: Rating indicating superior quality or performance.
- EN: Excess Waiver → el-GR: Ασφάλεια Απαλλαγής | Definition: This is an additional insurance that covers the excess amount not covered by the CDW. If you buy an excess waiver, you won’t have to pay  anything in the event of a claim, as it "waives" your responsibility for the excess 
portion. So, the CDW reduces your liability for damage, while the excess waiver eliminates your out-of-pocket costs for the excess amount. | Notes: "Ασφάλεια Απαλλαγής" provides additional coverage to remove your liability for the excess amount not covered by the CDW, meaning you won't have to pay out-of-pocket for damages​. | Example: Πολλοί από τους ασφαλιστικούς μας συνεργάτες προσφέρουν επιλογή επιστροφής της απαλλαγής, η οποία μπορεί να αποδειχθεί οικονομικότερη από την ασφάλεια απαλλαγής που προσφέρουν οι εταιρείες ενοικίασης κατά την παραλαβή του οχήματος.
- EN: explore → el-GR: εξερευνώ | Definition: Option to discover new destinations or services. | Example: Εξερευνήστε περισσότερους προορισμούς
- EN: Explore everywhere → el-GR: Εξερευνήστε παντού | Definition: The sentence case will be used whenever the term is employed in the UI itself or as part of a sentence. | Example: Εξερευνήστε παντού τον Μάιο.
- EN: Explore Everywhere → el-GR: Εξερευνήστε Παντού | Definition: Used as feature or proper noun - Option to view travel options for various destinations globally. | Example: Εξερευνήστε παντού τον Μάιο.
- EN: extra charge → el-GR: επιπλέον χρέωση | Definition: An additional fee for a service or product. | Example: Δεν σας χρεώνουμε τίποτα παραπάνω από την τιμή της πτήσης ή της κράτησής σας. Χωρίς κρυφές χρεώσεις, χωρίς προμήθειες, χωρίς εκπλήξεις.
- EN: Fair Fuel Policy → el-GR: Δίκαιη πολιτική καυσίμων | Definition: A policy ensuring fair charges for fuel in rental agreements. | Example: Συγκρίνετε επιλογές ενοικίασης αυτοκινήτου βάσει τιμής, ευκολίας παραλαβής, δίκαιης πολιτικής καυσίμων και πολλά άλλα
- EN: families → el-GR: οικογένειες | Definition: Groups traveling together, typically including parents and children.
- EN: FAQ → el-GR: Συχνή ερώτηση | Definition: Frequently Asked Question
- EN: FAQs → el-GR: Συχνές ερωτήσεις | Definition: Frequently Asked Questions | Example: Συχνές ερωτήσεις ταξιδιωτών
- EN: fare → el-GR: ναύλος | Definition: The cost of a ticket for travel. | Example: Δεν μπορούμε να σας προσφέρουμε πληροφορίες σχετικά με αποσκευές αυτήν τη στιγμή. Για να δείτε τι περιέχεται στον ναύλο σας, ελέγξτε την ιστοσελίδα του παρόχου σας. Δημιουργήστε μια Ειδοποίηση Τιμών και θα σας ενημερώσουμε όταν οι ναύλοι αλλάξουν για αυτό το δρομολόγιο.
- EN: fee → el-GR: προμήθεια | Definition: A charge for a service or product. | Example: Ορισμένοι συνεργάτες καταβάλλουν σε εμάς προμήθεια σύστασης. Ωστόσο, η κατάταξη των ξενοδοχείων δεν επηρεάζεται ποτέ από αυτήν την προμήθεια.
- EN: First Class → el-GR: (κατηγορία) first class | Definition: A premium class of airline service offering high level of comfort and amenities. | Example: Για να δείτε επιλογές κατηγορίας Business και First Class, μοιραστείτε μαζί μας τις ημερομηνίες του ταξιδιού ή τον προορισμό σας.
- EN: Flexible dates → el-GR: ευέλικτες ημερομηνίες | Definition: Previous "Whole month" feature. Calendar Tab that shows Whole month prices that allows users to make month view searches.
- EN: flight deal → el-GR: προσφορά σε πτήση | Definition: Discounted or special offer on air travel tickets. | Example: Εξερευνήστε προσφορές σε πτήσεις
- EN: flight details → el-GR: λεπτομέρειες πτήσης | Definition: Information about a specific flight. | Example: Σας προτείνουμε να ελέγχετε όλες τις λεπτομέρειες των πτήσεων, τις τελικές τιμές και τους όρους και προϋποθέσεις με τον πάροχο @@ticket provider@@ προτού κάνετε κράτηση.
- EN: flight emissions → el-GR: εκπομπές πτήσης | Definition: The amount of CO2 produced by a flight. Title for a feature that badges up flights with lower carbon dioxide emissions compared to other flights in the result set.
- EN: flight time → el-GR: ώρα πτήσης | Definition: The duration of a flight. | Example: Ο μέσος χρόνος πτήσης προς την πόλη {destinationCity} είναι {duration}.
- EN: Flights → el-GR: Πτήσεις | Definition: Air travel services provided by airlines.
- EN: fuel → el-GR: καύσιμο | Definition: Gasoline or diesel used to power vehicles, including cars, motorcycles, boats, or recreational vehicles.
- EN: full board → el-GR: πλήρης διατροφή | Definition: Hotel option that covers accommodation and three meals a day (breakfast, lunch, and dinner). Drinks and additional activities are usually not included
- EN: full to full → el-GR: γεμάτο-γεμάτο | Definition: Fuel policy where the car is provided with a full tank and must be returned with a full tank.
- EN: fullsize → el-GR: μεγάλα | Definition: A category of rental cars that are larger and offer more comfort and space.
- EN: getaway → el-GR: απόδραση | Definition: A short vacation or trip, often taken to escape from daily routine and responsibilities. It usually involves traveling to a relaxing or enjoyable destination.
- EN: Good → el-GR: Καλό | Definition: Rating indicating satisfactory quality or performance.
- EN: Great food → el-GR: Εξαιρετικό φαγητό | Definition: High-quality or highly recommended culinary experiences.
- EN: guest → el-GR: άτομο/επισκέπτης | Definition: A person staying at a hotel or other accommodation. | Example: Πληκτρολογήστε τα στοιχεία για τουλάχιστον ένα άτομο.
- EN: guest house → el-GR: ξενώνας | Definition: A small, private hotel or lodging.
- EN: guest reviews → el-GR: κριτικές επισκεπτών | Definition: Feedback and ratings from customers who have used a service or stayed at a property.
- EN: half board → el-GR: ημιδιατροφή | Definition: Hotel option that covers accommodation, breakfast, and one other meal (usually dinner). Drinks and additional meals are typically not included.
- EN: hire car → el-GR: ενοικιαζόμενο αυτοκίνητο | Definition: A vehicle rented for a short period, ranging from a few hours to several weeks, typically from a rental agency.
- EN: holiday rentals → el-GR: ενοικιαζόμενα για διακοπές | Definition: Properties available for short-term vacation stays.
- EN: home airport → el-GR: αεροδρόμιο αναχώρησης | Definition: The airport closest to a traveler's residence. | Example: Ορίστε το αεροδρόμιο αναχώρησής σας και θα σας στέλνουμε τις καλύτερες προσφορές για πτήσεις που αναχωρούν από κοντά σας.
- EN: hostel → el-GR: χόστελ | Definition: Budget-friendly accommodation | Example: Μπορείτε να συγκρίνετε και να κλείσετε με χιλιάδες προσφορές για φθηνά ξενοδοχεία, θέρετρα, διαμερίσματα, μοτέλ και χόστελ σε όλο τον κόσμο για το επόμενο ταξίδι σας.
- EN: hotel → el-GR: ξενοδοχείο | Definition: An establishment providing lodging, meals, or other guest services. | Example: Βρήκατε πτήσεις; Τώρα, βρείτε ένα ξενοδοχείο
- EN: hotel deal → el-GR: προσφορά σε ξενοδοχείο | Definition: Discounted or special offer on hotel bookings.
- EN: Hotels → el-GR: Ξενοδοχεία | Definition: Establishments providing lodging, meals, and other services for travelers.
- EN: hybrid → el-GR: υβριδικό | Definition: Vehicles powered by both an internal combustion engine and an electric motor.
- EN: inbound flight → el-GR: εισερχόμενη πτήση | Definition: The flight that takes the passenger back from their destination to their original departure location.
- EN: intermediate → el-GR: μεσαίο | Definition: A category of rental cars that are larger than economy but smaller than full-size.
- EN: itinerary → el-GR: δρομολόγιο | Definition: A detailed plan or schedule of a trip, listing all destinations, activities, and accommodations, along with the times and dates for each part of the journey.
- EN: journey → el-GR: διαδρομή | Definition: A journey refers to the act of traveling from one place to another, usually involving a significant distance or time commitment. | Example: Μία από τις αποστολές μας είναι να σας βοηθάμε να ταξιδεύετε με σιγουριά και να κάνετε το ταξίδι σας όσο το δυνατόν πιο ομαλό.
Η μέση διάρκεια πτήσης από την πόλη {destinationCity} είναι {duration}.
Οι υπολογισμοί μας βασίζονται σε δρομολόγια από την πόλη {nearestOriginCity}.
- EN: latest price → el-GR: η πιο πρόσφατη τιμή | Definition: The most recent cost for a service or product. | Example: Αυτά τα αποτελέσματα ενδέχεται να μην είναι πια διαθέσιμα. Για τις πιο πρόσφατες τιμές, ανανεώστε την αναζήτησή σας.
- EN: location → el-GR: τοποθεσία | Definition: A specific place or position where something is situated or where an event occurs.
- EN: log in → el-GR: συνδέομαι | Definition: To access an account by entering credentials. | Example: Συνδεθείτε ή εγγραφείτε για να αποθηκεύσετε τις πρόσφατες αναζητήσεις σας σε όλες τις συσκευές σας και να συνεχίσετε από εκεί που είχατε σταματήσει
- EN: log out → el-GR: αποσυνδέομαι | Definition: To exit an account. | Example: Θέλετε σίγουρα να αποσυνδεθείτε;
- EN: login → el-GR: σύνδεση | Definition: The act of logging in to a computer, database, or system. | Example: Καταχωρίστε μια έγκυρη διεύθυνση email για να ολοκληρώσετε τη σύνδεσή σας.
- EN: long wait → el-GR: μεγάλη αναμονή | Definition: An extended period of waiting, often at airports between flights. | Example: Το σκέλος της εισερχόμενης πτήσης συμπεριλαμβάνει μεγάλη αναμονή.
- EN: Low emissions vehicles → el-GR: οχήματα με χαμηλές εκπομπές | Definition: Vehicles that produce a reduced amount of CO2. Title for a feature that badges up electrical and hybrid cars with lower carbon dioxide emissions compared to other car types.
- EN: low-cost → el-GR: χαμηλού κόστους | Definition: Services, particularly airlines, that are designed to offer lower prices by reducing the range of services and amenities traditionally included in the fare. | Example: We're here to help round-off your entire trip with millions of rooms from all around the world, from low-cost to luxury.
- Είμαστε εδώ για να ολοκληρώσετε τον σχεδιασμό του ταξιδιού σας με εκατομμύρια δωμάτια σε όλο τον κόσμο, από τα πιο οικονομικά μέχρι και τα πιο πολυτελή.
- EN: lowest price → el-GR: χαμηλότερη τιμή | Definition: The least expensive cost for a service or product. | Example: Αυτές είναι οι εκτιμήσεις χαμηλότερης τιμής για τις κατηγορίες θέσης Economy για έναν ταξιδιώτη. Οι τιμές βασίζονται στους πιο πρόσφατους ναύλους.
- EN: luxury → el-GR: πολυτελές | Definition: High-end, premium vehicles offering superior comfort and features.
- EN: manual → el-GR: με ταχύτητες | Definition: A type of vehicle transmission that requires the driver to manually shift gears.
- EN: mini → el-GR: μίνι | Definition: A category of rental cars that are very small, typically suitable for city driving.
- EN: mobile app → el-GR: εφαρμογή για κινητά | Definition: An application designed for use on mobile devices. | Example: Επωφεληθείτε γρήγορα από εξαιρετικές προσφορές για πτήσεις, ξενοδοχεία και ενοικίαση αυτοκινήτου με τη δωρεάν εφαρμογή για κινητά.
- EN: motorcycle → el-GR: μοτοσικλέτα | Definition: A two-wheeled motor vehicle.
- EN: Multi-city → el-GR: πολλαπλές πόλεις | Definition: Multi-city flights are a smart way to see more destinations in one go, by adding extra legs to your trip. If, for example, you can’t decide between Paris or Rome, you can book flights to both cities and turn your trip into an itinerary.
- EN: multi-city → el-GR: πολλαπλές πόλεις | Definition: Multi-city flights are a smart way to see more destinations in one go, by adding extra legs to your trip. If, for example, you can’t decide between Paris or Rome, you can book flights to both cities and turn your trip into an itinerary.
- EN: Nearby airports → el-GR: κοντινά αεροδρόμια | Definition: Widen your search for flight deals by selecting the “add nearby airports” option to search flight prices for all the nearest airports at your departure point and your destination to increases your chances of finding the best deal at both ends of your trip.
- EN: nearby airports → el-GR: κοντινά αεροδρόμια | Definition: Widen your search for flight deals by selecting the “add nearby airports” option to search flight prices for all the nearest airports at your departure point and your destination to increases your chances of finding the best deal at both ends of your trip.
- EN: Nightlife and entertainment → el-GR: νυχτερινή ζωή και διασκέδαση | Definition: Activities and venues that provide entertainment, typically during the evening, such as clubs and bars.
- EN: no extra fees → el-GR: χωρίς πρόσθετες χρεώσεις | Definition: Indicates that there are no additional charges beyond the listed price. | Example: Βρείτε και νοικιάστε αυτοκίνητα με ευέλικτη κράτηση, δωρεάν ακύρωση, δίκαιες πολιτικές κράτησης και χωρίς πρόσθετες χρεώσεις.
- EN: non refundable → el-GR: χωρίς επιστροφή χρημάτων | Definition: A booking or a charge that cannot be refunded.
- EN: non-protected transfer → el-GR: μεταφορά χωρίς εγγύηση | Definition: Booking connecting flights with more than one provider means the ongoing flight may not be guaranteed, and is at risk from delays or cancellations. It's also needed to collect your luggage and check into the second flight. | Example: Κρατήσεις με πολλαπλά σκέλη (μεταφορά χωρίς εγγύηση). Για αυτό το δρομολόγιο, θα πρέπει να κλείσετε περισσότερα από ένα εισιτήρια (συνήθως από διαφορετικούς παρόχους).
Όταν κάνετε κράτηση σε πτήσεις με ανταπόκριση με περισσότερους από έναν παρόχους, τότε δεν εξασφαλίζεται ότι θα ολοκληρώσετε με επιτυχία όλα τα σκέλη της πτήσης σας και ενδέχεται να υπάρχει το ρίσκο καθυστέρησης ή ακύρωσης.
- EN: one way → el-GR: απλής μετάβασης/
με παράδοση σε άλλη τοποθεσία | Definition: A trip that does not include a return journey. | Notes: second alternative is for one-way car hire | Example: Επιλέξτε πότε θα επιστρέψετε ή επιλέξτε πτήση απλής μετάβασης

Προσθέστε ημερομηνίες επιστροφής ή αναζητήστε πτήσεις απλής μετάβασης        

Στην πόλη {car_hire_origin_city}, υπάρχει η δυνατότητα ενοικίασης με παράδοση σε άλλη τοποθεσία;

Ψάχνετε απευθείας πτήση, πτήση μετ' επιστροφής ή απλής μετάβασης; Ό,τι κι αν χρειάζεστε, είστε στο σωστό μέρος.
- EN: one way → el-GR: Απλή μετάβαση | Definition: A train trip that does not include a return journey. | Example: Ισχύει μόνο για εισιτήρια απλής μετάβασης.
- EN: one-way → el-GR: απλής μετάβασης | Definition: A trip that does not include a return journey.
- EN: outbound → el-GR: εξερχόμενη | Definition: The flight that takes a passenger from their home or starting location to their destination. | Example: Με την αναζήτηση πτήσεων της πλατφόρμας μας, μπορείτε να ελέγχετε τις πτήσεις αναχώρησης από την πόλη {{origin_city}

Πτήση αναχώρησης με την {{airline}}
- EN: outbound flight → el-GR: πτήση αναχώρησης | Definition: The flight that takes a passenger from their home or starting location to their destination. | Example: Με την αναζήτηση πτήσεων της πλατφόρμας μας, μπορείτε να ελέγχετε τις πτήσεις αναχώρησης από την πόλη {{origin_city}

Πτήση αναχώρησης με την {{airline}}
- EN: Outdoor adventures → el-GR: εξερευνήσεις στη φύση | Definition: Activities involving physical exertion in natural settings, such as hiking, rafting, or camping.
- EN: package → el-GR: πακέτο | Definition: Used in the meaning of “package holiday”, referring to the package deals in our Packages vertical that include flights and a hotel. This is for when we talk about packages in running copy and in general, as opposed to the vertical name.
- EN: Packages → el-GR: Πακέτα
- EN: parking → el-GR: πάρκινγκ | Definition: Space or facility to park vehicles. | Example: Ίσως μπορείτε να βρείτε ξενοδοχεία που είναι ιδανικά για οικογένειες, ζευγάρια ή για επαγγελματικά ταξίδια.
Διαφορετικά, μπορείτε να χρησιμοποιήσετε φίλτρα για απαραίτητες παροχές, όπως σπα ή πάρκινγκ.
- EN: passenger → el-GR: επιβάτης | Definition: An individual traveling on a plane, train, or other mode of transport. | Notes: Κάθε επιβάτης φέρει την ευθύνη να διασφαλίζει ότι διαθέτει τα σωστά έγγραφα πριν από το ταξίδι του. | Example: Κάθε επιβάτης έχει την ευθύνη να διασφαλίζει ότι έχει τα σωστά έγγραφα προτού ταξιδέψει.
- EN: passenger van → el-GR: επιβατικό βαν | Definition: A van configured to carry passengers.
- EN: Pay on arrival → el-GR: Πληρωμή κατά την άφιξη | Definition: Option to pay for a service upon arrival at the location. | Example: Πατήστε στην επιλογή «Πληρωμή κατά την άφιξη» αργότερα στα αποτελέσματα αναζήτησης για να βλέπετε μόνο τα αποτελέσματα ξενοδοχείων στην πόλη {hotel_name} όπου μπορείτε να πληρώσετε κατά την άφιξή σας στο ξενοδοχείο.
- EN: pay on arrival → el-GR: πληρωμή κατά την άφιξη | Example: Πατήστε στην επιλογή «Πληρωμή κατά την άφιξη» αργότερα στα αποτελέσματα αναζήτησης για να βλέπετε μόνο τα αποτελέσματα ξενοδοχείων στην πόλη {hotel_name} όπου μπορείτε να πληρώσετε κατά την άφιξή σας στο ξενοδοχείο.
- EN: people carrier → el-GR: μίνι βαν | Definition: A vehicle designed to transport multiple passengers
- EN: pick up truck → el-GR: ημιφορτηγό | Definition: A light-duty truck with an enclosed cab and an open cargo area.
- EN: pick-up → el-GR: παραλαβή | Definition: The act of collecting a rental vehicle. | Example: Αν επιλέξετε παραλαβή με αυτοεξυπηρέτηση, δεν θα χρειαστεί καν να περιμένετε στην ουρά για να παραλάβετε τα κλειδιά ή να παραδώσετε έγγραφα.

Δωρεάν ακύρωση έως και 48 ώρες πριν από την ώρα παραλαβής σας.

Επιλέξτε μια τοποθεσία παραλαβής
- EN: Premium → el-GR: premium | Definition: A category of rental cars that offer higher-end features and more comfort. | Example: premium σπορ αυτοκίνητο
- EN: Premium Economy → el-GR: premium economy | Definition: A class of airline service between economy and business class. | Example: Ελέγξτε τη διαφορά στην τιμή του αεροπορικού εισιτηρίου σας από την τοποθεσία @@place@@ όταν ταξιδεύετε με θέσεις Economy, Premium Economy, Business ή First Class.
- EN: Price → el-GR: Τιμή | Definition: The cost of a service or product. | Example: Συγκρίνετε τιμές από εκατοντάδες άλλους ιστότοπους ξενοδοχείων, όλα από ένα σημείο
- EN: Price Alert → el-GR: Ειδοποίηση Τιμών | Definition: Skyscanner's Price Alert feature notifies users via email or push notification about fluctuations in the prices of plane tickets they're interested in.
- EN: Price Alerts → el-GR: Ειδοποιήσεις Τιμών | Definition: Skyscanner's Price Alert feature notifies users via email or push notification about fluctuations in the prices of plane tickets they're interested in. | Example: Αν δημιουργήσετε μια Ειδοποίηση Τιμής, θα παρακολουθούμε τις τιμές των αεροπορικών εισιτηρίων για εσάς και θα σας ενημερώνουμε με email ή με ειδοποιήσεις push μέσω της εφαρμογής για τυχόν αυξήσεις ή μειώσεις των τιμών.

Λάβετε Ειδοποιήσεις Τιμών στο τηλέφωνό σας με την εφαρμογή

Ενεργοποιήστε τις ειδοποιήσεις τιμών και θα σας ενημερώσουμε όταν οι τιμές αυξηθούν ή μειωθούν.
- EN: price per night → el-GR: τιμή ανά διανυκτέρευση(/βράδυ) | Definition: The cost of accommodation for one night. | Example: Μέση τιμή ανά διανυκτέρευση
Μέση τιμή ανά βράδυ
- EN: Privacy Policy → el-GR: Πολιτική Απορρήτου | Definition: Policy that outlines how Skyscanner handles users' personal information, emphasizing user control and transparency | Example: Συμφωνώ με τη συλλογή και τη χρήση των προσωπικών μου δεδομένων σύμφωνα με την Πολιτική Απορρήτου.
- EN: private home → el-GR: ιδιωτικό κατάλυμα | Definition: Residential property that is rented out to travelers for short-term stays
- EN: property → el-GR: κατάλυμα | Definition: In the travel context, a property refers to a place of lodging, such as a hotel, resort, bed and breakfast, or vacation rental, where travelers can stay during their trip. | Example: Επιλέξτε «δωρεάν ακύρωση» για να βρείτε μια ιδιοκτησία όπου μπορείτε να αλλάξετε τις κρατήσεις σας εύκολα, σε περίπτωση που τα σχέδιά σας αλλάξουν.
Θέλετε να μείνετε σε ένα συγκεκριμένο ξενοδοχείο; Απλώς χρησιμοποιήστε το παραπάνω πλαίσιο αναζήτησης και αναζητήστε τα αγαπημένα σας καταλύματα.
- EN: provider → el-GR: πάροχος | Definition: A company or individual offering a service. Car Hire vertical | Example: Ενοικίαση αυτοκινήτου: Αυτός ο πάροχος προσφέρει σημεία παραλαβής χωρίς αναμονή σε ουρά ή μια εφαρμογή για το ξεκλείδωμα του αυτοκινήτου.

Γενική χρήση: Αφού βρείτε την καλύτερη πτήση, ενοικιαζόμενο αυτοκίνητο ή ξενοδοχείο, μπορείτε να κάνετε κράτηση απευθείας από τον πάροχο.
- EN: provider → el-GR: πάροχος | Definition: A company or individual offering a service. | Example: Πτήσεις: Όταν κάνετε κράτηση σε πτήσεις με ανταπόκριση με περισσότερους από έναν παρόχους, τότε δεν εξασφαλίζεται ότι θα ολοκληρώσετε με επιτυχία όλα τα σκέλη της πτήσης σας και ενδέχεται να υπάρχει το ρίσκο καθυστέρησης ή ακύρωσης.

Γενική χρήση: Αφού βρείτε την καλύτερη πτήση, ενοικιαζόμενο αυτοκίνητο ή ξενοδοχείο, μπορείτε να κάνετε κράτηση απευθείας από τον πάροχο.
- EN: provider → el-GR: πάροχος | Definition: A company or individual offering a service. Hotel vertical | Example: Ξενοδοχεία: Ορισμένες φορές, περισσότεροι από έναν πάροχοι προσφέρουν το ίδιο δωμάτιο στην ίδια τιμή. Σε αυτήν την περίπτωση, κατατάσσουμε αυτά τα αποτελέσματα βάσει άλλων παραγόντων, όπως είναι η δημοτικότητά τους με τους ταξιδιώτες της πλατφόρμας μας.

Γενική χρήση: Αφού βρείτε την καλύτερη πτήση, ενοικιαζόμενο αυτοκίνητο ή ξενοδοχείο, μπορείτε να κάνετε κράτηση απευθείας από τον πάροχο.
- EN: rating → el-GR: Βαθμολογία | Definition: A score or review given to a service or product. | Example: Σύνοψη βαθμολογιών επισκεπτών
- EN: Read more → el-GR: Διαβάστε περισσότερα | Definition: Option to view additional information. | Example: Διαβάστε περισσότερα για την ιστορία της Skyscanner εδώ
- EN: recent searches → el-GR: πρόσφατες αναζητήσεις | Definition: A list of previous search queries. | Example: Προορισμοί που προτείνονται βάσει των πρόσφατων αναζητήσεών σας
- EN: Recommended Provider → el-GR: Κορυφαίος πάροχος | Definition: A booking partner that meets our top-quality criteria, demonstrated by a high Partner Quality Score, strong price accuracy, and reliable downstream visibility. This designation helps travelers make informed choices by identifying partners that offer a trustworthy and seamless booking experience.
- EN: recreational vehicle → el-GR: τροχόσπιτο | Definition: RV, a motor vehicle or trailer equipped with living space and amenities for travel.
- EN: residence → el-GR: κατοικία | Definition: Fully furnished apartments or suites that are available for short-term or long-term stays or  a private home or villa that is rented out to travelers for short-term stays,
- EN: resort → el-GR: θέρετρο | Definition: A place that offers a variety of recreational activities and amenities
- EN: result → el-GR: αποτέλεσμα | Definition: An outcome from a search or query. | Example: Κορυφαία 10 αποτελέσματα που ταξινομούνται βάσει Απόστασης
- EN: return → el-GR: επιστροφής | Definition: A flight that includes both the outbound and inbound journeys, completing the round trip. | Notes: Usually used in genitive case (the flight back = πτήση επιστροφής) | Example: Αναζητήστε πτήσεις απλής μετάβασης ή πτήσεις επιστροφής
Κλείστε την πτήση επιστροφής από {price}
- EN: return → el-GR: μετ' επιστροφής | Definition: A flight that returns to the original departure location (1 flight) | Notes: Roundtrip | Example: Ποια είναι η καλύτερη τιμή για μια πτήση μετ' επιστροφής από τη Σόφια προς το Παρίσι;
- EN: return → el-GR: Μετ' επιστροφής | Definition: A train journey that includes both the outbound and inbound journeys, completing the round trip. | Example: Κλείστε εισιτήρια μετ' επιστροφής για το ταξίδι σας.
- EN: return → el-GR: Επιστροφή | Definition: A train trip to return to the original departure location (1 trip)" | Example: Επιλέξτε ένα εισιτήριο επιστροφής για το ταξίδι σας.
- EN: return date → el-GR: ημερομηνία επιστροφής | Definition: The date of the return journey. | Example: Επιλέξτε ημερομηνία επιστροφής
- EN: return flight → el-GR: πτήση μετ' επιστροφής | Definition: A flight that includes both the outbound and inbound journeys, completing the round trip. | Example: Αναζητήστε πτήσεις μετ' επιστροφής
Βρείτε τις καλύτερες τιμές για απευθείας πτήσεις ή πτήσεις μετ' επιστροφής σε όλη τη χώρα.
- EN: return flight → el-GR: πτήση επιστροφής | Definition: A flight that returns to the original departure location (1 flight) | Example: Αναζητήστε πτήσεις επιστροφής
Βρείτε τις καλύτερες τιμές για απευθείας πτήσεις ή πτήσεις επιστροφής σε όλη τη χώρα.
- EN: return trip → el-GR: δρομολόγιο μετ' επιστροφής | Definition: A journey including both the outbound journey to the destination and the inbound journey back to the starting location.
- EN: Review → el-GR: αφήνω κριτική | Definition: Verb - Add an evaluation or feedback about a service or product. | Example: Αφήστε κριτική για το ταξίδι σας
- EN: review → el-GR: κριτική | Definition: Noun - An evaluation or feedback about a service or product. | Example: Εικόνα κριτικής {{|index|}}
- EN: room → el-GR: δωμάτιο | Definition: A space within a building for accommodation | Example: Επιλέξτε τύπο δωματίου
Βρήκατε το δωμάτιο που θέλατε; Απλώς κάντε κλικ για να κάνετε κράτηση στο δωμάτιό σας απευθείας με τον ιστότοπο του ξενοδοχείου.
- EN: same to same → el-GR: ίδιο-ίδιο | Definition: Fuel policy where the car must be returned with the same amount of fuel as when picked up.
- EN: Satisfactory → el-GR: Ικανοποιητικό | Definition: Rating indicating acceptable quality or performance, but with some issues.
- EN: Saved → el-GR: Αγαπημένα/Αποθηκεύω (στα αγαπημένα) | Definition: For travellers planning one or more trips, this feature empowers users to save different elements of their travel, so they can compare and monitor prices, book at a time that suits and/or find the perfect option. | Example: Λειτουργία: 
Συνδεθείτε για να δείτε τα Αγαπημένα
Αποθηκεύτηκε στα Αγαπημένα: Θα σας ενημερώσουμε αν αλλάξουν οι τιμές

Ρήμα:
Αποθηκεύτηκαν πτήσεις και ξενοδοχεία        
Βρήκαμε μια νέα τιμή για τις αποθηκευμένες ειδοποιήσεις σας
- EN: Savvy Search → el-GR: Έξυπνος εξερευνητής | Definition: Savvy Search is a generative AI planning tool developed internally. It is designed to help travelers discover new destinations and experiences by asking questions like "What kind of trip is on your mind?" This tool is powered by OpenAI's ChatGPT and uses historical internet data along with Skyscanner's destination and price data to provide travel recommendations | Example: Παρουσιάζουμε τον Έξυπνο εξερευνητή

Αφήστε τον Έξυπνο εξερευνητή να σας πάει σε μέρη που δεν τα φανταζόσασταν.
- EN: search → el-GR: αναζήτηση | Definition: The process of looking for specific travel-related information or options, such as flights, hotels, rental cars | Example: Ξεκινήστε την αναζήτησή σας.
Δυστυχώς, δεν καταφέραμε να βρούμε πτήσεις που να ανταποκρίνονται στην αναζήτησή σας.
- EN: search → el-GR: αναζητώ | Definition: To look for information or options. | Example: Αναζητήστε πτήσεις απλής μετάβασης
Γίνεται αναζήτηση για παρόχους
- EN: select → el-GR: επιλογή | Definition: The act of choosing or picking a specific option from a range of available choices. | Example: Επιλέξτε έναν προορισμό
Το ξενοδοχείο δεν είναι διαθέσιμο για τις ημερομηνίες, τους επισκέπτες ή τα δωμάτια που επιλέξατε
Επιλογή
- EN: self catering → el-GR: με αυτονομία σίτισης | Definition: This type of accommodation may or may not provide guests with kitchen facilities to prepare their own meals. No meals are included in the package
- EN: self-transfer → el-GR: αυτομεταφορά | Definition: When passengers need to transfer between flights on their own without airline assistance. It may be necessary to check in separately for each connecting flight. | Example: Αυτό το ταξίδι συμπεριλαμβάνει αυτομεταφορά.
- EN: sign up → el-GR: εγγραφή | Definition: Option to create a new account. | Example: Συνδεθείτε ή εγγραφείτε για να μοιραστείτε τις εμπειρίες σας με άλλους
- EN: solo travellers → el-GR: μόνοι ταξιδιώτες | Definition: Individuals traveling alone.
- EN: sports car → el-GR: σπορ αυτοκίνητο | Definition: A car designed for high performance and agility, often with a sleek design.
- EN: standard → el-GR: κανονικό | Definition: A category of rental cars that offer a balance between size, comfort, and cost.
- EN: star → el-GR: αστέρια | Definition: A hotel star rating is a system used to classify hotels based on their quality, amenities, service, and overall guest experience. | Example: Ξενοδοχεία:
Ξενοδοχεία με 3 αστέρια από @@hotelPrice@@.

Κριτικές για ενοικίαση αυτοκινήτου/συνεργάτη: 
Με βαθμολογία 4 στα 5 αστέρια, με βάση 300 κριτικές.
- EN: star → el-GR: αστέρια | Example: Ξενοδοχεία:
Ξενοδοχεία με 3 αστέρια από @@hotelPrice@@.

Κριτικές για ενοικίαση αυτοκινήτου/συνεργάτη: 
Με βαθμολογία 4 στα 5 αστέρια, με βάση 300 κριτικές.
- EN: star rating → el-GR: βαθμολογία με αστέρια | Definition: A hotel star rating is a system used to classify hotels based on their quality, amenities, service, and overall guest experience.
- EN: stay → el-GR: διαμονή | Definition: Period during which a guest resides at an accommodation, such as a hotel.
- EN: stop → el-GR: στάση | Definition: Flight connection at other airport before reaching the destination (not direct flights) | Example: 2 στάσεις ή λιγότερες
Η κατάταξη βασίζεται στην τιμή, τη διάρκεια ή τον αριθμό στάσεων.
- EN: Suggested for you → el-GR: Προτάσεις για εσάς | Definition: Personalized recommendations based on your interests or past behavior.
- EN: SUV → el-GR: SUV | Definition: Sport Utility Vehicle, a larger car often with off-road capability and more passenger/cargo space.
- EN: tax → el-GR: φόρος | Definition: Compulsory financial charges imposed by a government. | Example: Συμπεριλαμβάνονται όλοι οι φόροι και οι προμήθειες, εκτός από τον τοπικό φόρο, κατά περίπτωση.
- EN: Terms of Service → el-GR: Όροι παροχής υπηρεσιών | Definition: The rules and conditions for using a service. | Example: Αν συνεχίσετε, συμφωνείτε με τους Όρους παροχής υπηρεσιών
- EN: Top Provider → el-GR: Κορυφαίος πάροχος | Definition: A booking partner that meets our top-quality criteria, demonstrated by a high Partner Quality Score, strong price accuracy, and reliable downstream visibility. This designation helps travelers make informed choices by identifying partners that offer a trustworthy and seamless booking experience.
- EN: total price → el-GR: συνολική τιμή | Definition: The complete cost of a service or product. | Example: Συνολική τιμή για όλες τις διανυκτερεύσεις
Η {partner} ενδέχεται να υπολογίζει τη συνολική τιμή του δωματίου (όχι την τιμή ανά βράδυ)
- EN: transfer → el-GR: μεταφέρω | Definition: The act of moving travelers from one location to another. | Example: Αφού βρείτε την προσφορά για ενοικίαση αυτοκινήτου που σας ταιριάζει, θα σας ανακατευθύνουμε στην εταιρεία ενοικίασης αυτοκινήτου για να κάνετε την κράτησή σας.
Θα σας υποδεχθεί αυτοπροσώπως κατά την άφιξή σας, για να σας οδηγήσει στο ιδιωτικό λεωφορείο σας, το οποίο θα σας μεταφέρει στο κατάλυμά σας.
- EN: transfer → el-GR: (υπηρεσία) μεταφορά(ς) | Definition: Service or act of moving from one mode of transport to another. | Example: Αφού βρείτε την προσφορά για ενοικίαση αυτοκινήτου που σας ταιριάζει, θα σας ανακατευθύνουμε στην εταιρεία ενοικίασης αυτοκινήτου για να κάνετε την κράτησή σας.
Θα σας υποδεχθεί αυτοπροσώπως κατά την άφιξή σας, για να σας οδηγήσει στο ιδιωτικό λεωφορείο σας, το οποίο θα σας μεταφέρει στο κατάλυμά σας.
- EN: transmission → el-GR: κιβώτιο ταχυτήτων | Definition: The mechanism by which power is transmitted from the engine to the wheels in a vehicle.
- EN: travel agent → el-GR: ταξιδιωτικό πρακτορείο | Definition: A professional who plans and books travel arrangements for clients. | Example: Σας παρουσιάζουμε σχετικά αποτελέσματα, αναζητώντας στους περισσότερους από 200 επαγγελματικούς συνεργάτες μας, όπως ξενοδοχεία και ταξιδιωτικούς πράκτορες.
- EN: travel Hack → el-GR: συμβουλή | Definition: Tips and strategies for making travel easier or cheaper. | Example: Η απόλυτη συμβουλή: Εξερευνήστε παντού
- EN: travel insurance → el-GR: ταξιδιωτική ασφάλιση | Definition: Coverage for risks associated with travel, such as trip cancellations and medical emergencies. | Example: Βεβαιωθείτε ότι έχετε τη σωστή ταξιδιωτική ασφάλιση προτού αναχωρήσετε για την τοποθεσία @@destination@@.
- EN: Travel Tuesday → el-GR: Travel Tuesday | Definition: A marketing initiative on the Tuesday after Thanksgiving, offering significant discounts on travel-related purchases like flights and hotels. | Notes: we just use the American-English term for it. Please use the feminine article for it: "η Travel Tuesday" | Example: Κλείστε τα εισιτήριά σας στη φετινή Travel Tuesday!
- EN: traveller → el-GR: ταξιδιώτης | Definition: An individual who is traveling. | Example: Βελτιώνουμε συνεχώς την εφαρμογή μας για να την κάνουμε καλύτερη για ταξιδιώτες όπως εσάς.
Κριτικές από άλλους ταξιδιώτες
- EN: trip → el-GR: ταξίδι | Definition: A journey from one place to another. | Example: Η Skyscanner κάνει τον προγραμματισμό του επόμενου ταξιδιού σας παιχνιδάκι
Αν δεν έχετε αποφασίσει ποιον μήνα να ταξιδέψετε, μπορείτε εύκολα να βρείτε τον μήνα με τις πιο φθηνές πτήσεις για να αναχωρήσετε για έναν συγκεκριμένο προορισμό.
- EN: Underrated Destinations → el-GR: κρυφοί προορισμοί | Definition: Travel locations that are less popular but worth visiting. | Example: Κρυφοί προορισμοί: ένα νέο φίλτρο αναζήτησης
- EN: unique stays → el-GR: μοναδικοί χώροι | Definition: Accommodations that offer unusual or distinctive experiences.
- EN: unlimited mileage → el-GR: απεριόριστος αριθμός χιλιομέτρων | Definition: Option allowing unlimited travel distance in a rental vehicle. | Example: Να εμφανίζονται μόνο προσφορές με απεριόριστο αριθμό χιλιομέτρων
- EN: van → el-GR: βαν | Definition: A larger vehicle used for transporting goods or people.
- EN: vehicle → el-GR: όχημα | Definition: A mode of transportation used to move from one place to another.
- EN: Very good → el-GR: Πολύ καλό | Definition: Rating indicating high quality or performance.
- EN: Vibes → el-GR: Διάθεση | Definition: Vibes is an AI-powered feature developed by Skyscanner that enhances the Explore Everywhere experience by categorising and sorting travel destinations in a smart, intuitive way to inspire travellers. These “vibes” are essentially themed tiles or categories—likely based on mood, activity type, scenery, or travel style (e.g. “beach escape”, “romantic getaway”, “adventurous hiking”)—that help users discover destinations they might not have otherwise considered.
- EN: wagon → el-GR: station wagon | Definition: A car with a longer body and more cargo space, often with a rear hatch door.
- EN: Whole month → el-GR: Ολόκληρος μήνας | Definition: Option to view availability and prices for an entire month. | Example: Κεφαλαία:
Αν οι ημερομηνίες του ταξιδιού σας είναι ευέλικτες, χρησιμοποιήστε το εργαλείο «Ολόκληρος μήνας» της Skyscanner για να βρείτε τον μήνα ή ακόμη και την ημέρα με τη φθηνότερη πτήση προς και από την τοποθεσία @@place@@.

Πεζά:
Επιλογή ολόκληρου μήνα
- EN: whole month → el-GR: ολόκληρος μήνας | Definition: Option to view availability and prices for an entire month. | Example: Κεφαλαία:
Αν οι ημερομηνίες του ταξιδιού σας είναι ευέλικτες, χρησιμοποιήστε το εργαλείο «Ολόκληρος μήνας» της Skyscanner για να βρείτε τον μήνα ή ακόμη και την ημέρα με τη φθηνότερη πτήση προς και από την τοποθεσία @@place@@.

Πεζά:
Επιλογή ολόκληρου μήνα
- EN: With honours → el-GR: Άριστο | Definition: A high distinction or recognition for excellence.

2026-09-01 16:09:19,575 - INFO - [GR] Agent 1 window 0-9 (10 batches)
2026-09-01 16:09:19,679 - INFO - AFC is enabled with max remote calls: 10.
2026-09-01 16:09:19,679 - WARNING - Direct use of automatic function calling (AFC) in AsyncModels.generate_content is not recommended. Instead, we recommend to use AFC in AsyncChat.send_message. Similarly, direct use of AFC in AsyncModels.generate_content_stream is not recommended. Instead, we recommend to use AFC in AsyncChat.send_message_stream.
2026-09-01 16:09:19,698 - INFO - AFC is enabled with max remote calls: 10.
2026-09-01 16:09:19,699 - INFO - AFC is enabled with max remote calls: 10.
2026-09-01 16:09:19,700 - INFO - AFC is enabled with max remote calls: 10.
2026-09-01 16:09:19,701 - INFO - AFC is enabled with max remote calls: 10.
2026-09-01 16:09:19,701 - INFO - AFC is enabled with max remote calls: 10.
2026-09-01 16:09:19,702 - INFO - AFC is enabled with max remote calls: 10.
2026-09-01 16:09:19,703 - INFO - AFC is enabled with max remote calls: 10.
2026-09-01 16:09:19,704 - INFO - AFC is enabled with max remote calls: 10.
2026-09-01 16:09:19,705 - INFO - AFC is enabled with max remote calls: 10.
2026-09-01 16:09:33,501 - INFO - HTTP Request: POST https://generativelanguage.googleapis.com/v1beta/models/gemini-2.5-pro:generateContent "HTTP/1.1 200 OK"
2026-09-01 16:09:36,799 - INFO - HTTP Request: POST https://generativelanguage.googleapis.com/v1beta/models/gemini-2.5-pro:generateContent "HTTP/1.1 200 OK"
2026-09-01 16:09:40,989 - INFO - HTTP Request: POST https://generativelanguage.googleapis.com/v1beta/models/gemini-2.5-pro:generateContent "HTTP/1.1 200 OK"
2026-09-01 16:09:44,696 - INFO - HTTP Request: POST https://generativelanguage.googleapis.com/v1beta/models/gemini-2.5-pro:generateContent "HTTP/1.1 200 OK"
2026-09-01 16:09:45,681 - INFO - HTTP Request: POST https://generativelanguage.googleapis.com/v1beta/models/gemini-2.5-pro:generateContent "HTTP/1.1 200 OK"
2026-09-01 16:09:46,356 - INFO - HTTP Request: POST https://generativelanguage.googleapis.com/v1beta/models/gemini-2.5-pro:generateContent "HTTP/1.1 200 OK"
2026-09-01 16:09:48,301 - INFO - HTTP Request: POST https://generativelanguage.googleapis.com/v1beta/models/gemini-2.5-pro:generateContent "HTTP/1.1 200 OK"
2026-09-01 16:09:50,199 - INFO - HTTP Request: POST https://generativelanguage.googleapis.com/v1beta/models/gemini-2.5-pro:generateContent "HTTP/1.1 200 OK"
2026-09-01 16:09:50,983 - INFO - HTTP Request: POST https://generativelanguage.googleapis.com/v1beta/models/gemini-2.5-pro:generateContent "HTTP/1.1 200 OK"
2026-09-01 16:09:58,128 - INFO - HTTP Request: POST https://generativelanguage.googleapis.com/v1beta/models/gemini-2.5-pro:generateContent "HTTP/1.1 200 OK"
2026-09-01 16:09:58,132 - INFO - [GR] Waiting 10.0s before next Agent 1 window…
2026-09-01 16:10:08,141 - INFO - [GR] Agent 1 window 10-19 (10 batches)
2026-09-01 16:10:08,229 - INFO - AFC is enabled with max remote calls: 10.
2026-09-01 16:10:08,236 - INFO - AFC is enabled with max remote calls: 10.
2026-09-01 16:10:08,242 - INFO - AFC is enabled with max remote calls: 10.
2026-09-01 16:10:08,244 - INFO - AFC is enabled with max remote calls: 10.
2026-09-01 16:10:08,247 - INFO - AFC is enabled with max remote calls: 10.
2026-09-01 16:10:08,250 - INFO - AFC is enabled with max remote calls: 10.
2026-09-01 16:10:08,254 - INFO - AFC is enabled with max remote calls: 10.
2026-09-01 16:10:08,256 - INFO - AFC is enabled with max remote calls: 10.
2026-09-01 16:10:08,258 - INFO - AFC is enabled with max remote calls: 10.
2026-09-01 16:10:08,260 - INFO - AFC is enabled with max remote calls: 10.
2026-09-01 16:10:24,273 - INFO - HTTP Request: POST https://generativelanguage.googleapis.com/v1beta/models/gemini-2.5-pro:generateContent "HTTP/1.1 200 OK"
2026-09-01 16:10:24,342 - INFO - HTTP Request: POST https://generativelanguage.googleapis.com/v1beta/models/gemini-2.5-pro:generateContent "HTTP/1.1 200 OK"
2026-09-01 16:10:24,472 - INFO - HTTP Request: POST https://generativelanguage.googleapis.com/v1beta/models/gemini-2.5-pro:generateContent "HTTP/1.1 200 OK"
2026-09-01 16:10:25,189 - INFO - HTTP Request: POST https://generativelanguage.googleapis.com/v1beta/models/gemini-2.5-pro:generateContent "HTTP/1.1 200 OK"
2026-09-01 16:10:29,377 - INFO - HTTP Request: POST https://generativelanguage.googleapis.com/v1beta/models/gemini-2.5-pro:generateContent "HTTP/1.1 200 OK"
2026-09-01 16:10:29,721 - INFO - HTTP Request: POST https://generativelanguage.googleapis.com/v1beta/models/gemini-2.5-pro:generateContent "HTTP/1.1 200 OK"
2026-09-01 16:10:31,981 - INFO - HTTP Request: POST https://generativelanguage.googleapis.com/v1beta/models/gemini-2.5-pro:generateContent "HTTP/1.1 200 OK"
2026-09-01 16:10:32,004 - INFO - HTTP Request: POST https://generativelanguage.googleapis.com/v1beta/models/gemini-2.5-pro:generateContent "HTTP/1.1 200 OK"
2026-09-01 16:10:39,277 - INFO - HTTP Request: POST https://generativelanguage.googleapis.com/v1beta/models/gemini-2.5-pro:generateContent "HTTP/1.1 200 OK"
2026-09-01 16:10:40,321 - INFO - HTTP Request: POST https://generativelanguage.googleapis.com/v1beta/models/gemini-2.5-pro:generateContent "HTTP/1.1 200 OK"
2026-09-01 16:10:40,349 - INFO - [GR] Waiting 10.0s before next Agent 1 window…
2026-09-01 16:10:50,354 - INFO - [GR] Agent 1 window 20-29 (10 batches)
2026-09-01 16:10:50,467 - INFO - AFC is enabled with max remote calls: 10.
2026-09-01 16:10:50,480 - INFO - AFC is enabled with max remote calls: 10.
2026-09-01 16:10:50,482 - INFO - AFC is enabled with max remote calls: 10.
2026-09-01 16:10:50,484 - INFO - AFC is enabled with max remote calls: 10.
2026-09-01 16:10:50,487 - INFO - AFC is enabled with max remote calls: 10.
2026-09-01 16:10:50,492 - INFO - AFC is enabled with max remote calls: 10.
2026-09-01 16:10:50,493 - INFO - AFC is enabled with max remote calls: 10.
2026-09-01 16:10:50,495 - INFO - AFC is enabled with max remote calls: 10.
2026-09-01 16:10:50,498 - INFO - AFC is enabled with max remote calls: 10.
2026-09-01 16:10:50,504 - INFO - AFC is enabled with max remote calls: 10.
2026-09-01 16:11:08,530 - INFO - HTTP Request: POST https://generativelanguage.googleapis.com/v1beta/models/gemini-2.5-pro:generateContent "HTTP/1.1 200 OK"
2026-09-01 16:11:10,680 - INFO - HTTP Request: POST https://generativelanguage.googleapis.com/v1beta/models/gemini-2.5-pro:generateContent "HTTP/1.1 200 OK"
2026-09-01 16:11:10,842 - INFO - HTTP Request: POST https://generativelanguage.googleapis.com/v1beta/models/gemini-2.5-pro:generateContent "HTTP/1.1 200 OK"
2026-09-01 16:11:12,777 - INFO - HTTP Request: POST https://generativelanguage.googleapis.com/v1beta/models/gemini-2.5-pro:generateContent "HTTP/1.1 200 OK"
2026-09-01 16:11:14,456 - INFO - HTTP Request: POST https://generativelanguage.googleapis.com/v1beta/models/gemini-2.5-pro:generateContent "HTTP/1.1 200 OK"
2026-09-01 16:11:15,177 - INFO - HTTP Request: POST https://generativelanguage.googleapis.com/v1beta/models/gemini-2.5-pro:generateContent "HTTP/1.1 200 OK"
2026-09-01 16:11:18,252 - INFO - HTTP Request: POST https://generativelanguage.googleapis.com/v1beta/models/gemini-2.5-pro:generateContent "HTTP/1.1 200 OK"
2026-09-01 16:11:19,781 - INFO - HTTP Request: POST https://generativelanguage.googleapis.com/v1beta/models/gemini-2.5-pro:generateContent "HTTP/1.1 200 OK"
2026-09-01 16:11:20,347 - INFO - HTTP Request: POST https://generativelanguage.googleapis.com/v1beta/models/gemini-2.5-pro:generateContent "HTTP/1.1 200 OK"
2026-09-01 16:11:26,228 - INFO - HTTP Request: POST https://generativelanguage.googleapis.com/v1beta/models/gemini-2.5-pro:generateContent "HTTP/1.1 200 OK"
2026-09-01 16:11:26,240 - INFO - [GR] Waiting 10.0s before next Agent 1 window…
2026-09-01 16:11:36,243 - INFO - [GR] Agent 1 window 30-39 (10 batches)
2026-09-01 16:11:36,331 - INFO - AFC is enabled with max remote calls: 10.
2026-09-01 16:11:36,338 - INFO - AFC is enabled with max remote calls: 10.
2026-09-01 16:11:36,342 - INFO - AFC is enabled with max remote calls: 10.
2026-09-01 16:11:36,345 - INFO - AFC is enabled with max remote calls: 10.
2026-09-01 16:11:36,347 - INFO - AFC is enabled with max remote calls: 10.
2026-09-01 16:11:36,349 - INFO - AFC is enabled with max remote calls: 10.
2026-09-01 16:11:36,351 - INFO - AFC is enabled with max remote calls: 10.
2026-09-01 16:11:36,353 - INFO - AFC is enabled with max remote calls: 10.
2026-09-01 16:11:36,355 - INFO - AFC is enabled with max remote calls: 10.
2026-09-01 16:11:36,359 - INFO - AFC is enabled with max remote calls: 10.
2026-09-01 16:11:50,135 - INFO - HTTP Request: POST https://generativelanguage.googleapis.com/v1beta/models/gemini-2.5-pro:generateContent "HTTP/1.1 200 OK"
2026-09-01 16:11:51,263 - INFO - HTTP Request: POST https://generativelanguage.googleapis.com/v1beta/models/gemini-2.5-pro:generateContent "HTTP/1.1 200 OK"
2026-09-01 16:11:51,840 - INFO - HTTP Request: POST https://generativelanguage.googleapis.com/v1beta/models/gemini-2.5-pro:generateContent "HTTP/1.1 200 OK"
2026-09-01 16:11:52,564 - INFO - HTTP Request: POST https://generativelanguage.googleapis.com/v1beta/models/gemini-2.5-pro:generateContent "HTTP/1.1 200 OK"
2026-09-01 16:11:53,688 - INFO - HTTP Request: POST https://generativelanguage.googleapis.com/v1beta/models/gemini-2.5-pro:generateContent "HTTP/1.1 200 OK"
2026-09-01 16:11:55,213 - INFO - HTTP Request: POST https://generativelanguage.googleapis.com/v1beta/models/gemini-2.5-pro:generateContent "HTTP/1.1 200 OK"
2026-09-01 16:11:55,702 - INFO - HTTP Request: POST https://generativelanguage.googleapis.com/v1beta/models/gemini-2.5-pro:generateContent "HTTP/1.1 200 OK"
2026-09-01 16:11:55,835 - INFO - HTTP Request: POST https://generativelanguage.googleapis.com/v1beta/models/gemini-2.5-pro:generateContent "HTTP/1.1 200 OK"
2026-09-01 16:12:01,794 - INFO - HTTP Request: POST https://generativelanguage.googleapis.com/v1beta/models/gemini-2.5-pro:generateContent "HTTP/1.1 200 OK"
2026-09-01 16:12:08,710 - INFO - HTTP Request: POST https://generativelanguage.googleapis.com/v1beta/models/gemini-2.5-pro:generateContent "HTTP/1.1 200 OK"
2026-09-01 16:12:08,722 - INFO - [GR] Waiting 10.0s before next Agent 1 window…
2026-09-01 16:12:18,729 - INFO - [GR] Agent 1 window 40-49 (10 batches)
2026-09-01 16:12:18,790 - INFO - AFC is enabled with max remote calls: 10.
2026-09-01 16:12:18,796 - INFO - AFC is enabled with max remote calls: 10.
2026-09-01 16:12:18,799 - INFO - AFC is enabled with max remote calls: 10.
2026-09-01 16:12:18,802 - INFO - AFC is enabled with max remote calls: 10.
2026-09-01 16:12:18,805 - INFO - AFC is enabled with max remote calls: 10.
2026-09-01 16:12:18,809 - INFO - AFC is enabled with max remote calls: 10.
2026-09-01 16:12:18,812 - INFO - AFC is enabled with max remote calls: 10.
2026-09-01 16:12:18,817 - INFO - AFC is enabled with max remote calls: 10.
2026-09-01 16:12:18,822 - INFO - AFC is enabled with max remote calls: 10.
2026-09-01 16:12:18,826 - INFO - AFC is enabled with max remote calls: 10.
2026-09-01 16:12:35,381 - INFO - HTTP Request: POST https://generativelanguage.googleapis.com/v1beta/models/gemini-2.5-pro:generateContent "HTTP/1.1 200 OK"
2026-09-01 16:12:36,670 - INFO - HTTP Request: POST https://generativelanguage.googleapis.com/v1beta/models/gemini-2.5-pro:generateContent "HTTP/1.1 200 OK"
2026-09-01 16:12:42,139 - INFO - HTTP Request: POST https://generativelanguage.googleapis.com/v1beta/models/gemini-2.5-pro:generateContent "HTTP/1.1 200 OK"
2026-09-01 16:12:44,187 - INFO - HTTP Request: POST https://generativelanguage.googleapis.com/v1beta/models/gemini-2.5-pro:generateContent "HTTP/1.1 200 OK"
2026-09-01 16:12:45,400 - INFO - HTTP Request: POST https://generativelanguage.googleapis.com/v1beta/models/gemini-2.5-pro:generateContent "HTTP/1.1 200 OK"
2026-09-01 16:12:45,719 - INFO - HTTP Request: POST https://generativelanguage.googleapis.com/v1beta/models/gemini-2.5-pro:generateContent "HTTP/1.1 200 OK"
2026-09-01 16:12:47,117 - INFO - HTTP Request: POST https://generativelanguage.googleapis.com/v1beta/models/gemini-2.5-pro:generateContent "HTTP/1.1 200 OK"
2026-09-01 16:12:47,871 - INFO - HTTP Request: POST https://generativelanguage.googleapis.com/v1beta/models/gemini-2.5-pro:generateContent "HTTP/1.1 200 OK"
2026-09-01 16:12:48,502 - INFO - HTTP Request: POST https://generativelanguage.googleapis.com/v1beta/models/gemini-2.5-pro:generateContent "HTTP/1.1 200 OK"
2026-09-01 16:12:50,238 - INFO - HTTP Request: POST https://generativelanguage.googleapis.com/v1beta/models/gemini-2.5-pro:generateContent "HTTP/1.1 200 OK"
2026-09-01 16:12:50,247 - INFO - [GR] Waiting 10.0s before next Agent 1 window…
2026-09-01 16:13:00,257 - INFO - [GR] Agent 1 window 50-59 (10 batches)
2026-09-01 16:13:00,304 - INFO - AFC is enabled with max remote calls: 10.
2026-09-01 16:13:00,308 - INFO - AFC is enabled with max remote calls: 10.
2026-09-01 16:13:00,310 - INFO - AFC is enabled with max remote calls: 10.
2026-09-01 16:13:00,314 - INFO - AFC is enabled with max remote calls: 10.
2026-09-01 16:13:00,317 - INFO - AFC is enabled with max remote calls: 10.
2026-09-01 16:13:00,319 - INFO - AFC is enabled with max remote calls: 10.
2026-09-01 16:13:00,320 - INFO - AFC is enabled with max remote calls: 10.
2026-09-01 16:13:00,323 - INFO - AFC is enabled with max remote calls: 10.
2026-09-01 16:13:00,325 - INFO - AFC is enabled with max remote calls: 10.
2026-09-01 16:13:00,327 - INFO - AFC is enabled with max remote calls: 10.
2026-09-01 16:13:14,348 - INFO - HTTP Request: POST https://generativelanguage.googleapis.com/v1beta/models/gemini-2.5-pro:generateContent "HTTP/1.1 200 OK"
2026-09-01 16:13:15,515 - INFO - HTTP Request: POST https://generativelanguage.googleapis.com/v1beta/models/gemini-2.5-pro:generateContent "HTTP/1.1 200 OK"
2026-09-01 16:13:18,684 - INFO - HTTP Request: POST https://generativelanguage.googleapis.com/v1beta/models/gemini-2.5-pro:generateContent "HTTP/1.1 200 OK"
2026-09-01 16:13:19,935 - INFO - HTTP Request: POST https://generativelanguage.googleapis.com/v1beta/models/gemini-2.5-pro:generateContent "HTTP/1.1 200 OK"
2026-09-01 16:13:20,440 - INFO - HTTP Request: POST https://generativelanguage.googleapis.com/v1beta/models/gemini-2.5-pro:generateContent "HTTP/1.1 200 OK"
2026-09-01 16:13:20,886 - INFO - HTTP Request: POST https://generativelanguage.googleapis.com/v1beta/models/gemini-2.5-pro:generateContent "HTTP/1.1 200 OK"
2026-09-01 16:13:24,320 - INFO - HTTP Request: POST https://generativelanguage.googleapis.com/v1beta/models/gemini-2.5-pro:generateContent "HTTP/1.1 200 OK"
2026-09-01 16:13:25,655 - INFO - HTTP Request: POST https://generativelanguage.googleapis.com/v1beta/models/gemini-2.5-pro:generateContent "HTTP/1.1 200 OK"
2026-09-01 16:13:26,672 - INFO - HTTP Request: POST https://generativelanguage.googleapis.com/v1beta/models/gemini-2.5-pro:generateContent "HTTP/1.1 200 OK"
2026-09-01 16:13:27,096 - INFO - HTTP Request: POST https://generativelanguage.googleapis.com/v1beta/models/gemini-2.5-pro:generateContent "HTTP/1.1 200 OK"
2026-09-01 16:13:27,100 - INFO - [GR] Waiting 10.0s before next Agent 1 window…
2026-09-01 16:13:37,105 - INFO - [GR] Agent 1 window 60-69 (10 batches)
2026-09-01 16:13:37,192 - INFO - AFC is enabled with max remote calls: 10.
2026-09-01 16:13:37,198 - INFO - AFC is enabled with max remote calls: 10.
2026-09-01 16:13:37,201 - INFO - AFC is enabled with max remote calls: 10.
2026-09-01 16:13:37,204 - INFO - AFC is enabled with max remote calls: 10.
2026-09-01 16:13:37,209 - INFO - AFC is enabled with max remote calls: 10.
2026-09-01 16:13:37,213 - INFO - AFC is enabled with max remote calls: 10.
2026-09-01 16:13:37,218 - INFO - AFC is enabled with max remote calls: 10.
2026-09-01 16:13:37,224 - INFO - AFC is enabled with max remote calls: 10.
2026-09-01 16:13:37,227 - INFO - AFC is enabled with max remote calls: 10.
2026-09-01 16:13:37,231 - INFO - AFC is enabled with max remote calls: 10.
2026-09-01 16:13:52,235 - INFO - HTTP Request: POST https://generativelanguage.googleapis.com/v1beta/models/gemini-2.5-pro:generateContent "HTTP/1.1 200 OK"
2026-09-01 16:13:52,350 - INFO - HTTP Request: POST https://generativelanguage.googleapis.com/v1beta/models/gemini-2.5-pro:generateContent "HTTP/1.1 200 OK"
2026-09-01 16:13:53,772 - INFO - HTTP Request: POST https://generativelanguage.googleapis.com/v1beta/models/gemini-2.5-pro:generateContent "HTTP/1.1 200 OK"
2026-09-01 16:13:56,619 - INFO - HTTP Request: POST https://generativelanguage.googleapis.com/v1beta/models/gemini-2.5-pro:generateContent "HTTP/1.1 200 OK"
2026-09-01 16:13:58,209 - INFO - HTTP Request: POST https://generativelanguage.googleapis.com/v1beta/models/gemini-2.5-pro:generateContent "HTTP/1.1 200 OK"
2026-09-01 16:14:00,306 - INFO - HTTP Request: POST https://generativelanguage.googleapis.com/v1beta/models/gemini-2.5-pro:generateContent "HTTP/1.1 200 OK"
2026-09-01 16:14:01,581 - INFO - HTTP Request: POST https://generativelanguage.googleapis.com/v1beta/models/gemini-2.5-pro:generateContent "HTTP/1.1 200 OK"
2026-09-01 16:14:02,659 - INFO - HTTP Request: POST https://generativelanguage.googleapis.com/v1beta/models/gemini-2.5-pro:generateContent "HTTP/1.1 200 OK"
2026-09-01 16:14:10,516 - INFO - HTTP Request: POST https://generativelanguage.googleapis.com/v1beta/models/gemini-2.5-pro:generateContent "HTTP/1.1 200 OK"
2026-09-01 16:14:10,546 - INFO - HTTP Request: POST https://generativelanguage.googleapis.com/v1beta/models/gemini-2.5-pro:generateContent "HTTP/1.1 200 OK"
2026-09-01 16:14:10,549 - INFO - [GR] Waiting 10.0s before next Agent 1 window…
2026-09-01 16:14:20,557 - INFO - [GR] Agent 1 window 70-79 (10 batches)
2026-09-01 16:14:20,645 - INFO - AFC is enabled with max remote calls: 10.
2026-09-01 16:14:20,649 - INFO - AFC is enabled with max remote calls: 10.
2026-09-01 16:14:20,651 - INFO - AFC is enabled with max remote calls: 10.
2026-09-01 16:14:20,653 - INFO - AFC is enabled with max remote calls: 10.
2026-09-01 16:14:20,655 - INFO - AFC is enabled with max remote calls: 10.
2026-09-01 16:14:20,657 - INFO - AFC is enabled with max remote calls: 10.
2026-09-01 16:14:20,659 - INFO - AFC is enabled with max remote calls: 10.
2026-09-01 16:14:20,660 - INFO - AFC is enabled with max remote calls: 10.
2026-09-01 16:14:20,662 - INFO - AFC is enabled with max remote calls: 10.
2026-09-01 16:14:20,666 - INFO - AFC is enabled with max remote calls: 10.
2026-09-01 16:14:41,912 - INFO - HTTP Request: POST https://generativelanguage.googleapis.com/v1beta/models/gemini-2.5-pro:generateContent "HTTP/1.1 200 OK"
2026-09-01 16:14:48,610 - INFO - HTTP Request: POST https://generativelanguage.googleapis.com/v1beta/models/gemini-2.5-pro:generateContent "HTTP/1.1 200 OK"
2026-09-01 16:14:59,057 - INFO - HTTP Request: POST https://generativelanguage.googleapis.com/v1beta/models/gemini-2.5-pro:generateContent "HTTP/1.1 200 OK"
2026-09-01 16:15:03,296 - INFO - HTTP Request: POST https://generativelanguage.googleapis.com/v1beta/models/gemini-2.5-pro:generateContent "HTTP/1.1 200 OK"
2026-09-01 16:15:11,515 - INFO - HTTP Request: POST https://generativelanguage.googleapis.com/v1beta/models/gemini-2.5-pro:generateContent "HTTP/1.1 200 OK"
2026-09-01 16:15:11,694 - INFO - HTTP Request: POST https://generativelanguage.googleapis.com/v1beta/models/gemini-2.5-pro:generateContent "HTTP/1.1 200 OK"
2026-09-01 16:15:13,925 - INFO - HTTP Request: POST https://generativelanguage.googleapis.com/v1beta/models/gemini-2.5-pro:generateContent "HTTP/1.1 200 OK"
2026-09-01 16:15:16,334 - INFO - HTTP Request: POST https://generativelanguage.googleapis.com/v1beta/models/gemini-2.5-pro:generateContent "HTTP/1.1 200 OK"
2026-09-01 16:15:31,391 - INFO - HTTP Request: POST https://generativelanguage.googleapis.com/v1beta/models/gemini-2.5-pro:generateContent "HTTP/1.1 200 OK"
2026-09-01 16:15:32,288 - INFO - HTTP Request: POST https://generativelanguage.googleapis.com/v1beta/models/gemini-2.5-pro:generateContent "HTTP/1.1 200 OK"
2026-09-01 16:15:32,297 - INFO - [GR] Waiting 10.0s before next Agent 1 window…
2026-09-01 16:15:42,301 - INFO - [GR] Agent 1 window 80-89 (10 batches)
2026-09-01 16:15:42,358 - INFO - AFC is enabled with max remote calls: 10.
2026-09-01 16:15:42,363 - INFO - AFC is enabled with max remote calls: 10.
2026-09-01 16:15:42,366 - INFO - AFC is enabled with max remote calls: 10.
2026-09-01 16:15:42,371 - INFO - AFC is enabled with max remote calls: 10.
2026-09-01 16:15:42,377 - INFO - AFC is enabled with max remote calls: 10.
2026-09-01 16:15:42,382 - INFO - AFC is enabled with max remote calls: 10.
2026-09-01 16:15:42,386 - INFO - AFC is enabled with max remote calls: 10.
2026-09-01 16:15:42,389 - INFO - AFC is enabled with max remote calls: 10.
2026-09-01 16:15:42,392 - INFO - AFC is enabled with max remote calls: 10.
2026-09-01 16:15:42,395 - INFO - AFC is enabled with max remote calls: 10.
2026-09-01 16:15:58,546 - INFO - HTTP Request: POST https://generativelanguage.googleapis.com/v1beta/models/gemini-2.5-pro:generateContent "HTTP/1.1 200 OK"
2026-09-01 16:16:02,537 - INFO - HTTP Request: POST https://generativelanguage.googleapis.com/v1beta/models/gemini-2.5-pro:generateContent "HTTP/1.1 200 OK"
2026-09-01 16:16:03,041 - INFO - HTTP Request: POST https://generativelanguage.googleapis.com/v1beta/models/gemini-2.5-pro:generateContent "HTTP/1.1 200 OK"
2026-09-01 16:16:03,239 - INFO - HTTP Request: POST https://generativelanguage.googleapis.com/v1beta/models/gemini-2.5-pro:generateContent "HTTP/1.1 200 OK"
2026-09-01 16:16:05,279 - INFO - HTTP Request: POST https://generativelanguage.googleapis.com/v1beta/models/gemini-2.5-pro:generateContent "HTTP/1.1 200 OK"
2026-09-01 16:16:06,918 - INFO - HTTP Request: POST https://generativelanguage.googleapis.com/v1beta/models/gemini-2.5-pro:generateContent "HTTP/1.1 200 OK"
2026-09-01 16:16:06,923 - INFO - HTTP Request: POST https://generativelanguage.googleapis.com/v1beta/models/gemini-2.5-pro:generateContent "HTTP/1.1 200 OK"
2026-09-01 16:16:10,649 - INFO - HTTP Request: POST https://generativelanguage.googleapis.com/v1beta/models/gemini-2.5-pro:generateContent "HTTP/1.1 200 OK"
2026-09-01 16:16:14,937 - INFO - HTTP Request: POST https://generativelanguage.googleapis.com/v1beta/models/gemini-2.5-pro:generateContent "HTTP/1.1 200 OK"
2026-09-01 16:16:34,754 - INFO - HTTP Request: POST https://generativelanguage.googleapis.com/v1beta/models/gemini-2.5-pro:generateContent "HTTP/1.1 200 OK"
2026-09-01 16:16:34,763 - INFO - [GR] Waiting 10.0s before next Agent 1 window…
2026-09-01 16:16:44,767 - INFO - [GR] Agent 1 window 90-99 (10 batches)
2026-09-01 16:16:44,843 - INFO - AFC is enabled with max remote calls: 10.
2026-09-01 16:16:44,851 - INFO - AFC is enabled with max remote calls: 10.
2026-09-01 16:16:44,853 - INFO - AFC is enabled with max remote calls: 10.
2026-09-01 16:16:44,857 - INFO - AFC is enabled with max remote calls: 10.
2026-09-01 16:16:44,862 - INFO - AFC is enabled with max remote calls: 10.
2026-09-01 16:16:44,868 - INFO - AFC is enabled with max remote calls: 10.
2026-09-01 16:16:44,873 - INFO - AFC is enabled with max remote calls: 10.
2026-09-01 16:16:44,878 - INFO - AFC is enabled with max remote calls: 10.
2026-09-01 16:16:44,883 - INFO - AFC is enabled with max remote calls: 10.
2026-09-01 16:16:44,887 - INFO - AFC is enabled with max remote calls: 10.
2026-09-01 16:16:58,751 - INFO - HTTP Request: POST https://generativelanguage.googleapis.com/v1beta/models/gemini-2.5-pro:generateContent "HTTP/1.1 200 OK"
2026-09-01 16:16:59,982 - INFO - HTTP Request: POST https://generativelanguage.googleapis.com/v1beta/models/gemini-2.5-pro:generateContent "HTTP/1.1 200 OK"
2026-09-01 16:17:00,943 - INFO - HTTP Request: POST https://generativelanguage.googleapis.com/v1beta/models/gemini-2.5-pro:generateContent "HTTP/1.1 200 OK"
2026-09-01 16:17:02,425 - INFO - HTTP Request: POST https://generativelanguage.googleapis.com/v1beta/models/gemini-2.5-pro:generateContent "HTTP/1.1 200 OK"
2026-09-01 16:17:05,601 - INFO - HTTP Request: POST https://generativelanguage.googleapis.com/v1beta/models/gemini-2.5-pro:generateContent "HTTP/1.1 200 OK"
2026-09-01 16:17:07,907 - INFO - HTTP Request: POST https://generativelanguage.googleapis.com/v1beta/models/gemini-2.5-pro:generateContent "HTTP/1.1 200 OK"
2026-09-01 16:17:07,980 - INFO - HTTP Request: POST https://generativelanguage.googleapis.com/v1beta/models/gemini-2.5-pro:generateContent "HTTP/1.1 200 OK"
2026-09-01 16:17:08,749 - INFO - HTTP Request: POST https://generativelanguage.googleapis.com/v1beta/models/gemini-2.5-pro:generateContent "HTTP/1.1 200 OK"
2026-09-01 16:17:09,275 - INFO - HTTP Request: POST https://generativelanguage.googleapis.com/v1beta/models/gemini-2.5-pro:generateContent "HTTP/1.1 200 OK"
2026-09-01 16:17:14,263 - INFO - HTTP Request: POST https://generativelanguage.googleapis.com/v1beta/models/gemini-2.5-pro:generateContent "HTTP/1.1 200 OK"
2026-09-01 16:17:14,277 - INFO - [GR] Waiting 10.0s before next Agent 1 window…
2026-09-01 16:17:24,281 - INFO - [GR] Agent 1 window 100-109 (10 batches)
2026-09-01 16:17:24,356 - INFO - AFC is enabled with max remote calls: 10.
2026-09-01 16:17:24,362 - INFO - AFC is enabled with max remote calls: 10.
2026-09-01 16:17:24,367 - INFO - AFC is enabled with max remote calls: 10.
2026-09-01 16:17:24,369 - INFO - AFC is enabled with max remote calls: 10.
2026-09-01 16:17:24,371 - INFO - AFC is enabled with max remote calls: 10.
2026-09-01 16:17:24,373 - INFO - AFC is enabled with max remote calls: 10.
2026-09-01 16:17:24,375 - INFO - AFC is enabled with max remote calls: 10.
2026-09-01 16:17:24,379 - INFO - AFC is enabled with max remote calls: 10.
2026-09-01 16:17:24,382 - INFO - AFC is enabled with max remote calls: 10.
2026-09-01 16:17:24,384 - INFO - AFC is enabled with max remote calls: 10.
2026-09-01 16:17:37,361 - INFO - HTTP Request: POST https://generativelanguage.googleapis.com/v1beta/models/gemini-2.5-pro:generateContent "HTTP/1.1 200 OK"
2026-09-01 16:17:38,274 - INFO - HTTP Request: POST https://generativelanguage.googleapis.com/v1beta/models/gemini-2.5-pro:generateContent "HTTP/1.1 200 OK"
2026-09-01 16:17:39,507 - INFO - HTTP Request: POST https://generativelanguage.googleapis.com/v1beta/models/gemini-2.5-pro:generateContent "HTTP/1.1 200 OK"
2026-09-01 16:17:42,318 - INFO - HTTP Request: POST https://generativelanguage.googleapis.com/v1beta/models/gemini-2.5-pro:generateContent "HTTP/1.1 200 OK"
2026-09-01 16:17:46,050 - INFO - HTTP Request: POST https://generativelanguage.googleapis.com/v1beta/models/gemini-2.5-pro:generateContent "HTTP/1.1 200 OK"
2026-09-01 16:17:48,190 - INFO - HTTP Request: POST https://generativelanguage.googleapis.com/v1beta/models/gemini-2.5-pro:generateContent "HTTP/1.1 200 OK"
2026-09-01 16:17:49,612 - INFO - HTTP Request: POST https://generativelanguage.googleapis.com/v1beta/models/gemini-2.5-pro:generateContent "HTTP/1.1 200 OK"
2026-09-01 16:17:52,925 - INFO - HTTP Request: POST https://generativelanguage.googleapis.com/v1beta/models/gemini-2.5-pro:generateContent "HTTP/1.1 200 OK"
2026-09-01 16:17:55,054 - INFO - HTTP Request: POST https://generativelanguage.googleapis.com/v1beta/models/gemini-2.5-pro:generateContent "HTTP/1.1 200 OK"
2026-09-01 16:18:02,314 - INFO - HTTP Request: POST https://generativelanguage.googleapis.com/v1beta/models/gemini-2.5-pro:generateContent "HTTP/1.1 200 OK"
2026-09-01 16:18:02,325 - INFO - [GR] Waiting 10.0s before next Agent 1 window…
2026-09-01 16:18:12,330 - INFO - [GR] Agent 1 window 110-119 (10 batches)
2026-09-01 16:18:12,428 - INFO - AFC is enabled with max remote calls: 10.
2026-09-01 16:18:12,443 - INFO - AFC is enabled with max remote calls: 10.
2026-09-01 16:18:12,451 - INFO - AFC is enabled with max remote calls: 10.
2026-09-01 16:18:12,455 - INFO - AFC is enabled with max remote calls: 10.
2026-09-01 16:18:12,464 - INFO - AFC is enabled with max remote calls: 10.
2026-09-01 16:18:12,468 - INFO - AFC is enabled with max remote calls: 10.
2026-09-01 16:18:12,471 - INFO - AFC is enabled with max remote calls: 10.
2026-09-01 16:18:12,476 - INFO - AFC is enabled with max remote calls: 10.
2026-09-01 16:18:12,479 - INFO - AFC is enabled with max remote calls: 10.
2026-09-01 16:18:12,487 - INFO - AFC is enabled with max remote calls: 10.
2026-09-01 16:18:29,795 - INFO - HTTP Request: POST https://generativelanguage.googleapis.com/v1beta/models/gemini-2.5-pro:generateContent "HTTP/1.1 200 OK"
2026-09-01 16:18:31,922 - INFO - HTTP Request: POST https://generativelanguage.googleapis.com/v1beta/models/gemini-2.5-pro:generateContent "HTTP/1.1 200 OK"
2026-09-01 16:18:35,880 - INFO - HTTP Request: POST https://generativelanguage.googleapis.com/v1beta/models/gemini-2.5-pro:generateContent "HTTP/1.1 200 OK"
2026-09-01 16:18:37,854 - INFO - HTTP Request: POST https://generativelanguage.googleapis.com/v1beta/models/gemini-2.5-pro:generateContent "HTTP/1.1 200 OK"
2026-09-01 16:18:37,999 - INFO - HTTP Request: POST https://generativelanguage.googleapis.com/v1beta/models/gemini-2.5-pro:generateContent "HTTP/1.1 200 OK"
2026-09-01 16:18:38,418 - INFO - HTTP Request: POST https://generativelanguage.googleapis.com/v1beta/models/gemini-2.5-pro:generateContent "HTTP/1.1 200 OK"
2026-09-01 16:18:45,368 - INFO - HTTP Request: POST https://generativelanguage.googleapis.com/v1beta/models/gemini-2.5-pro:generateContent "HTTP/1.1 200 OK"
2026-09-01 16:18:45,728 - INFO - HTTP Request: POST https://generativelanguage.googleapis.com/v1beta/models/gemini-2.5-pro:generateContent "HTTP/1.1 200 OK"
2026-09-01 16:18:48,334 - INFO - HTTP Request: POST https://generativelanguage.googleapis.com/v1beta/models/gemini-2.5-pro:generateContent "HTTP/1.1 200 OK"
2026-09-01 16:18:50,052 - INFO - HTTP Request: POST https://generativelanguage.googleapis.com/v1beta/models/gemini-2.5-pro:generateContent "HTTP/1.1 200 OK"
2026-09-01 16:18:50,065 - INFO - [GR] Waiting 10.0s before next Agent 1 window…
2026-09-01 16:19:00,068 - INFO - [GR] Agent 1 window 120-129 (10 batches)
2026-09-01 16:19:00,158 - INFO - AFC is enabled with max remote calls: 10.
2026-09-01 16:19:00,166 - INFO - AFC is enabled with max remote calls: 10.
2026-09-01 16:19:00,169 - INFO - AFC is enabled with max remote calls: 10.
2026-09-01 16:19:00,173 - INFO - AFC is enabled with max remote calls: 10.
2026-09-01 16:19:00,176 - INFO - AFC is enabled with max remote calls: 10.
2026-09-01 16:19:00,179 - INFO - AFC is enabled with max remote calls: 10.
2026-09-01 16:19:00,181 - INFO - AFC is enabled with max remote calls: 10.
2026-09-01 16:19:00,184 - INFO - AFC is enabled with max remote calls: 10.
2026-09-01 16:19:00,187 - INFO - AFC is enabled with max remote calls: 10.
2026-09-01 16:19:00,190 - INFO - AFC is enabled with max remote calls: 10.
2026-09-01 16:19:16,645 - INFO - HTTP Request: POST https://generativelanguage.googleapis.com/v1beta/models/gemini-2.5-pro:generateContent "HTTP/1.1 200 OK"
2026-09-01 16:19:16,684 - INFO - HTTP Request: POST https://generativelanguage.googleapis.com/v1beta/models/gemini-2.5-pro:generateContent "HTTP/1.1 200 OK"
2026-09-01 16:19:18,782 - INFO - HTTP Request: POST https://generativelanguage.googleapis.com/v1beta/models/gemini-2.5-pro:generateContent "HTTP/1.1 200 OK"
2026-09-01 16:19:18,902 - INFO - HTTP Request: POST https://generativelanguage.googleapis.com/v1beta/models/gemini-2.5-pro:generateContent "HTTP/1.1 200 OK"
2026-09-01 16:19:20,639 - INFO - HTTP Request: POST https://generativelanguage.googleapis.com/v1beta/models/gemini-2.5-pro:generateContent "HTTP/1.1 200 OK"
2026-09-01 16:19:22,413 - INFO - HTTP Request: POST https://generativelanguage.googleapis.com/v1beta/models/gemini-2.5-pro:generateContent "HTTP/1.1 200 OK"
2026-09-01 16:19:22,652 - INFO - HTTP Request: POST https://generativelanguage.googleapis.com/v1beta/models/gemini-2.5-pro:generateContent "HTTP/1.1 200 OK"
2026-09-01 16:19:26,365 - INFO - HTTP Request: POST https://generativelanguage.googleapis.com/v1beta/models/gemini-2.5-pro:generateContent "HTTP/1.1 200 OK"
2026-09-01 16:19:30,897 - INFO - HTTP Request: POST https://generativelanguage.googleapis.com/v1beta/models/gemini-2.5-pro:generateContent "HTTP/1.1 200 OK"
2026-09-01 16:19:42,189 - INFO - HTTP Request: POST https://generativelanguage.googleapis.com/v1beta/models/gemini-2.5-pro:generateContent "HTTP/1.1 200 OK"
2026-09-01 16:19:42,200 - INFO - [GR] Waiting 10.0s before next Agent 1 window…
2026-09-01 16:19:52,208 - INFO - [GR] Agent 1 window 130-139 (10 batches)
2026-09-01 16:19:52,304 - INFO - AFC is enabled with max remote calls: 10.
2026-09-01 16:19:52,307 - INFO - AFC is enabled with max remote calls: 10.
2026-09-01 16:19:52,309 - INFO - AFC is enabled with max remote calls: 10.
2026-09-01 16:19:52,311 - INFO - AFC is enabled with max remote calls: 10.
2026-09-01 16:19:52,314 - INFO - AFC is enabled with max remote calls: 10.
2026-09-01 16:19:52,317 - INFO - AFC is enabled with max remote calls: 10.
2026-09-01 16:19:52,320 - INFO - AFC is enabled with max remote calls: 10.
2026-09-01 16:19:52,321 - INFO - AFC is enabled with max remote calls: 10.
2026-09-01 16:19:52,323 - INFO - AFC is enabled with max remote calls: 10.
2026-09-01 16:19:52,327 - INFO - AFC is enabled with max remote calls: 10.
2026-09-01 16:20:05,186 - INFO - HTTP Request: POST https://generativelanguage.googleapis.com/v1beta/models/gemini-2.5-pro:generateContent "HTTP/1.1 200 OK"
2026-09-01 16:20:08,185 - INFO - HTTP Request: POST https://generativelanguage.googleapis.com/v1beta/models/gemini-2.5-pro:generateContent "HTTP/1.1 200 OK"
2026-09-01 16:20:08,442 - INFO - HTTP Request: POST https://generativelanguage.googleapis.com/v1beta/models/gemini-2.5-pro:generateContent "HTTP/1.1 200 OK"
2026-09-01 16:20:08,820 - INFO - HTTP Request: POST https://generativelanguage.googleapis.com/v1beta/models/gemini-2.5-pro:generateContent "HTTP/1.1 200 OK"
2026-09-01 16:20:13,844 - INFO - HTTP Request: POST https://generativelanguage.googleapis.com/v1beta/models/gemini-2.5-pro:generateContent "HTTP/1.1 200 OK"
2026-09-01 16:20:16,977 - INFO - HTTP Request: POST https://generativelanguage.googleapis.com/v1beta/models/gemini-2.5-pro:generateContent "HTTP/1.1 200 OK"
2026-09-01 16:20:21,397 - INFO - HTTP Request: POST https://generativelanguage.googleapis.com/v1beta/models/gemini-2.5-pro:generateContent "HTTP/1.1 200 OK"
2026-09-01 16:20:26,372 - INFO - HTTP Request: POST https://generativelanguage.googleapis.com/v1beta/models/gemini-2.5-pro:generateContent "HTTP/1.1 200 OK"
2026-09-01 16:20:26,727 - INFO - HTTP Request: POST https://generativelanguage.googleapis.com/v1beta/models/gemini-2.5-pro:generateContent "HTTP/1.1 200 OK"
2026-09-01 16:20:28,068 - INFO - HTTP Request: POST https://generativelanguage.googleapis.com/v1beta/models/gemini-2.5-pro:generateContent "HTTP/1.1 200 OK"
2026-09-01 16:20:28,078 - INFO - [GR] Waiting 10.0s before next Agent 1 window…
2026-09-01 16:20:38,082 - INFO - [GR] Agent 1 window 140-149 (10 batches)
2026-09-01 16:20:38,161 - INFO - AFC is enabled with max remote calls: 10.
2026-09-01 16:20:38,166 - INFO - AFC is enabled with max remote calls: 10.
2026-09-01 16:20:38,168 - INFO - AFC is enabled with max remote calls: 10.
2026-09-01 16:20:38,169 - INFO - AFC is enabled with max remote calls: 10.
2026-09-01 16:20:38,172 - INFO - AFC is enabled with max remote calls: 10.
2026-09-01 16:20:38,174 - INFO - AFC is enabled with max remote calls: 10.
2026-09-01 16:20:38,178 - INFO - AFC is enabled with max remote calls: 10.
2026-09-01 16:20:38,180 - INFO - AFC is enabled with max remote calls: 10.
2026-09-01 16:20:38,185 - INFO - AFC is enabled with max remote calls: 10.
2026-09-01 16:20:38,187 - INFO - AFC is enabled with max remote calls: 10.
2026-09-01 16:20:54,699 - INFO - HTTP Request: POST https://generativelanguage.googleapis.com/v1beta/models/gemini-2.5-pro:generateContent "HTTP/1.1 200 OK"
2026-09-01 16:20:55,563 - INFO - HTTP Request: POST https://generativelanguage.googleapis.com/v1beta/models/gemini-2.5-pro:generateContent "HTTP/1.1 200 OK"
2026-09-01 16:20:58,255 - INFO - HTTP Request: POST https://generativelanguage.googleapis.com/v1beta/models/gemini-2.5-pro:generateContent "HTTP/1.1 200 OK"
2026-09-01 16:20:58,263 - INFO - HTTP Request: POST https://generativelanguage.googleapis.com/v1beta/models/gemini-2.5-pro:generateContent "HTTP/1.1 200 OK"
2026-09-01 16:21:01,839 - INFO - HTTP Request: POST https://generativelanguage.googleapis.com/v1beta/models/gemini-2.5-pro:generateContent "HTTP/1.1 200 OK"
2026-09-01 16:21:03,654 - INFO - HTTP Request: POST https://generativelanguage.googleapis.com/v1beta/models/gemini-2.5-pro:generateContent "HTTP/1.1 200 OK"
2026-09-01 16:21:06,297 - INFO - HTTP Request: POST https://generativelanguage.googleapis.com/v1beta/models/gemini-2.5-pro:generateContent "HTTP/1.1 200 OK"
2026-09-01 16:21:13,864 - INFO - HTTP Request: POST https://generativelanguage.googleapis.com/v1beta/models/gemini-2.5-pro:generateContent "HTTP/1.1 200 OK"
2026-09-01 16:21:21,510 - INFO - HTTP Request: POST https://generativelanguage.googleapis.com/v1beta/models/gemini-2.5-pro:generateContent "HTTP/1.1 200 OK"
2026-09-01 16:21:26,339 - INFO - HTTP Request: POST https://generativelanguage.googleapis.com/v1beta/models/gemini-2.5-pro:generateContent "HTTP/1.1 200 OK"
2026-09-01 16:21:26,352 - INFO - [GR] Waiting 10.0s before next Agent 1 window…
2026-09-01 16:21:36,362 - INFO - [GR] Agent 1 window 150-159 (10 batches)
2026-09-01 16:21:36,433 - INFO - AFC is enabled with max remote calls: 10.
2026-09-01 16:21:36,438 - INFO - AFC is enabled with max remote calls: 10.
2026-09-01 16:21:36,441 - INFO - AFC is enabled with max remote calls: 10.
2026-09-01 16:21:36,443 - INFO - AFC is enabled with max remote calls: 10.
2026-09-01 16:21:36,446 - INFO - AFC is enabled with max remote calls: 10.
2026-09-01 16:21:36,449 - INFO - AFC is enabled with max remote calls: 10.
2026-09-01 16:21:36,451 - INFO - AFC is enabled with max remote calls: 10.
2026-09-01 16:21:36,453 - INFO - AFC is enabled with max remote calls: 10.
2026-09-01 16:21:36,455 - INFO - AFC is enabled with max remote calls: 10.
2026-09-01 16:21:36,461 - INFO - AFC is enabled with max remote calls: 10.
2026-09-01 16:21:49,739 - INFO - HTTP Request: POST https://generativelanguage.googleapis.com/v1beta/models/gemini-2.5-pro:generateContent "HTTP/1.1 200 OK"
2026-09-01 16:21:50,548 - INFO - HTTP Request: POST https://generativelanguage.googleapis.com/v1beta/models/gemini-2.5-pro:generateContent "HTTP/1.1 200 OK"
2026-09-01 16:21:55,501 - INFO - HTTP Request: POST https://generativelanguage.googleapis.com/v1beta/models/gemini-2.5-pro:generateContent "HTTP/1.1 200 OK"
2026-09-01 16:21:56,963 - INFO - HTTP Request: POST https://generativelanguage.googleapis.com/v1beta/models/gemini-2.5-pro:generateContent "HTTP/1.1 200 OK"
2026-09-01 16:22:04,947 - INFO - HTTP Request: POST https://generativelanguage.googleapis.com/v1beta/models/gemini-2.5-pro:generateContent "HTTP/1.1 200 OK"
2026-09-01 16:22:06,625 - INFO - HTTP Request: POST https://generativelanguage.googleapis.com/v1beta/models/gemini-2.5-pro:generateContent "HTTP/1.1 200 OK"
2026-09-01 16:22:07,927 - INFO - HTTP Request: POST https://generativelanguage.googleapis.com/v1beta/models/gemini-2.5-pro:generateContent "HTTP/1.1 200 OK"
2026-09-01 16:22:09,864 - INFO - HTTP Request: POST https://generativelanguage.googleapis.com/v1beta/models/gemini-2.5-pro:generateContent "HTTP/1.1 200 OK"
2026-09-01 16:22:11,229 - INFO - HTTP Request: POST https://generativelanguage.googleapis.com/v1beta/models/gemini-2.5-pro:generateContent "HTTP/1.1 200 OK"
2026-09-01 16:22:11,945 - INFO - HTTP Request: POST https://generativelanguage.googleapis.com/v1beta/models/gemini-2.5-pro:generateContent "HTTP/1.1 200 OK"
2026-09-01 16:22:11,950 - INFO - [GR] Waiting 10.0s before next Agent 1 window…
2026-09-01 16:22:21,955 - INFO - [GR] Agent 1 window 160-169 (10 batches)
2026-09-01 16:22:22,042 - INFO - AFC is enabled with max remote calls: 10.
2026-09-01 16:22:22,047 - INFO - AFC is enabled with max remote calls: 10.
2026-09-01 16:22:22,049 - INFO - AFC is enabled with max remote calls: 10.
2026-09-01 16:22:22,051 - INFO - AFC is enabled with max remote calls: 10.
2026-09-01 16:22:22,053 - INFO - AFC is enabled with max remote calls: 10.
2026-09-01 16:22:22,055 - INFO - AFC is enabled with max remote calls: 10.
2026-09-01 16:22:22,058 - INFO - AFC is enabled with max remote calls: 10.
2026-09-01 16:22:22,060 - INFO - AFC is enabled with max remote calls: 10.
2026-09-01 16:22:22,063 - INFO - AFC is enabled with max remote calls: 10.
2026-09-01 16:22:22,065 - INFO - AFC is enabled with max remote calls: 10.
2026-09-01 16:22:38,351 - INFO - HTTP Request: POST https://generativelanguage.googleapis.com/v1beta/models/gemini-2.5-pro:generateContent "HTTP/1.1 200 OK"
2026-09-01 16:22:39,412 - INFO - HTTP Request: POST https://generativelanguage.googleapis.com/v1beta/models/gemini-2.5-pro:generateContent "HTTP/1.1 200 OK"
2026-09-01 16:22:39,684 - INFO - HTTP Request: POST https://generativelanguage.googleapis.com/v1beta/models/gemini-2.5-pro:generateContent "HTTP/1.1 200 OK"
2026-09-01 16:22:40,911 - INFO - HTTP Request: POST https://generativelanguage.googleapis.com/v1beta/models/gemini-2.5-pro:generateContent "HTTP/1.1 200 OK"
2026-09-01 16:22:44,034 - INFO - HTTP Request: POST https://generativelanguage.googleapis.com/v1beta/models/gemini-2.5-pro:generateContent "HTTP/1.1 200 OK"
2026-09-01 16:22:47,531 - INFO - HTTP Request: POST https://generativelanguage.googleapis.com/v1beta/models/gemini-2.5-pro:generateContent "HTTP/1.1 200 OK"
2026-09-01 16:22:47,579 - INFO - HTTP Request: POST https://generativelanguage.googleapis.com/v1beta/models/gemini-2.5-pro:generateContent "HTTP/1.1 200 OK"
2026-09-01 16:22:48,132 - INFO - HTTP Request: POST https://generativelanguage.googleapis.com/v1beta/models/gemini-2.5-pro:generateContent "HTTP/1.1 200 OK"
2026-09-01 16:22:53,952 - INFO - HTTP Request: POST https://generativelanguage.googleapis.com/v1beta/models/gemini-2.5-pro:generateContent "HTTP/1.1 200 OK"
2026-09-01 16:23:13,101 - INFO - HTTP Request: POST https://generativelanguage.googleapis.com/v1beta/models/gemini-2.5-pro:generateContent "HTTP/1.1 200 OK"
2026-09-01 16:23:13,116 - INFO - [GR] Waiting 10.0s before next Agent 1 window…
2026-09-01 16:23:23,120 - INFO - [GR] Agent 1 window 170-179 (10 batches)
2026-09-01 16:23:23,204 - INFO - AFC is enabled with max remote calls: 10.
2026-09-01 16:23:23,211 - INFO - AFC is enabled with max remote calls: 10.
2026-09-01 16:23:23,213 - INFO - AFC is enabled with max remote calls: 10.
2026-09-01 16:23:23,215 - INFO - AFC is enabled with max remote calls: 10.
2026-09-01 16:23:23,217 - INFO - AFC is enabled with max remote calls: 10.
2026-09-01 16:23:23,219 - INFO - AFC is enabled with max remote calls: 10.
2026-09-01 16:23:23,221 - INFO - AFC is enabled with max remote calls: 10.
2026-09-01 16:23:23,224 - INFO - AFC is enabled with max remote calls: 10.
2026-09-01 16:23:23,226 - INFO - AFC is enabled with max remote calls: 10.
2026-09-01 16:23:23,228 - INFO - AFC is enabled with max remote calls: 10.
2026-09-01 16:23:39,849 - INFO - HTTP Request: POST https://generativelanguage.googleapis.com/v1beta/models/gemini-2.5-pro:generateContent "HTTP/1.1 200 OK"
2026-09-01 16:23:40,465 - INFO - HTTP Request: POST https://generativelanguage.googleapis.com/v1beta/models/gemini-2.5-pro:generateContent "HTTP/1.1 200 OK"
2026-09-01 16:23:41,445 - INFO - HTTP Request: POST https://generativelanguage.googleapis.com/v1beta/models/gemini-2.5-pro:generateContent "HTTP/1.1 200 OK"
2026-09-01 16:23:42,187 - INFO - HTTP Request: POST https://generativelanguage.googleapis.com/v1beta/models/gemini-2.5-pro:generateContent "HTTP/1.1 200 OK"
2026-09-01 16:23:42,808 - INFO - HTTP Request: POST https://generativelanguage.googleapis.com/v1beta/models/gemini-2.5-pro:generateContent "HTTP/1.1 200 OK"
2026-09-01 16:23:44,038 - INFO - HTTP Request: POST https://generativelanguage.googleapis.com/v1beta/models/gemini-2.5-pro:generateContent "HTTP/1.1 200 OK"
2026-09-01 16:23:48,972 - INFO - HTTP Request: POST https://generativelanguage.googleapis.com/v1beta/models/gemini-2.5-pro:generateContent "HTTP/1.1 200 OK"
2026-09-01 16:23:49,860 - INFO - HTTP Request: POST https://generativelanguage.googleapis.com/v1beta/models/gemini-2.5-pro:generateContent "HTTP/1.1 200 OK"
2026-09-01 16:23:50,965 - INFO - HTTP Request: POST https://generativelanguage.googleapis.com/v1beta/models/gemini-2.5-pro:generateContent "HTTP/1.1 200 OK"
2026-09-01 16:23:53,596 - INFO - HTTP Request: POST https://generativelanguage.googleapis.com/v1beta/models/gemini-2.5-pro:generateContent "HTTP/1.1 200 OK"
2026-09-01 16:23:53,604 - INFO - [GR] Waiting 10.0s before next Agent 1 window…
2026-09-01 16:24:03,608 - INFO - [GR] Agent 1 window 180-189 (10 batches)
2026-09-01 16:24:03,704 - INFO - AFC is enabled with max remote calls: 10.
2026-09-01 16:24:03,712 - INFO - AFC is enabled with max remote calls: 10.
2026-09-01 16:24:03,715 - INFO - AFC is enabled with max remote calls: 10.
2026-09-01 16:24:03,718 - INFO - AFC is enabled with max remote calls: 10.
2026-09-01 16:24:03,719 - INFO - AFC is enabled with max remote calls: 10.
2026-09-01 16:24:03,723 - INFO - AFC is enabled with max remote calls: 10.
2026-09-01 16:24:03,725 - INFO - AFC is enabled with max remote calls: 10.
2026-09-01 16:24:03,727 - INFO - AFC is enabled with max remote calls: 10.
2026-09-01 16:24:03,728 - INFO - AFC is enabled with max remote calls: 10.
2026-09-01 16:24:03,731 - INFO - AFC is enabled with max remote calls: 10.
2026-09-01 16:24:17,617 - INFO - HTTP Request: POST https://generativelanguage.googleapis.com/v1beta/models/gemini-2.5-pro:generateContent "HTTP/1.1 200 OK"
2026-09-01 16:24:18,537 - INFO - HTTP Request: POST https://generativelanguage.googleapis.com/v1beta/models/gemini-2.5-pro:generateContent "HTTP/1.1 200 OK"
2026-09-01 16:24:18,964 - INFO - HTTP Request: POST https://generativelanguage.googleapis.com/v1beta/models/gemini-2.5-pro:generateContent "HTTP/1.1 200 OK"
2026-09-01 16:24:19,030 - INFO - HTTP Request: POST https://generativelanguage.googleapis.com/v1beta/models/gemini-2.5-pro:generateContent "HTTP/1.1 200 OK"
2026-09-01 16:24:19,677 - INFO - HTTP Request: POST https://generativelanguage.googleapis.com/v1beta/models/gemini-2.5-pro:generateContent "HTTP/1.1 200 OK"
2026-09-01 16:24:21,968 - INFO - HTTP Request: POST https://generativelanguage.googleapis.com/v1beta/models/gemini-2.5-pro:generateContent "HTTP/1.1 200 OK"
2026-09-01 16:24:24,610 - INFO - HTTP Request: POST https://generativelanguage.googleapis.com/v1beta/models/gemini-2.5-pro:generateContent "HTTP/1.1 200 OK"
2026-09-01 16:24:25,597 - INFO - HTTP Request: POST https://generativelanguage.googleapis.com/v1beta/models/gemini-2.5-pro:generateContent "HTTP/1.1 200 OK"
2026-09-01 16:24:31,754 - INFO - HTTP Request: POST https://generativelanguage.googleapis.com/v1beta/models/gemini-2.5-pro:generateContent "HTTP/1.1 200 OK"
2026-09-01 16:24:35,799 - INFO - HTTP Request: POST https://generativelanguage.googleapis.com/v1beta/models/gemini-2.5-pro:generateContent "HTTP/1.1 200 OK"
2026-09-01 16:24:35,808 - INFO - [GR] Waiting 10.0s before next Agent 1 window…
2026-09-01 16:24:45,815 - INFO - [GR] Agent 1 window 190-199 (10 batches)
2026-09-01 16:24:45,908 - INFO - AFC is enabled with max remote calls: 10.
2026-09-01 16:24:45,912 - INFO - AFC is enabled with max remote calls: 10.
2026-09-01 16:24:45,914 - INFO - AFC is enabled with max remote calls: 10.
2026-09-01 16:24:45,916 - INFO - AFC is enabled with max remote calls: 10.
2026-09-01 16:24:45,920 - INFO - AFC is enabled with max remote calls: 10.
2026-09-01 16:24:45,930 - INFO - AFC is enabled with max remote calls: 10.
2026-09-01 16:24:45,941 - INFO - AFC is enabled with max remote calls: 10.
2026-09-01 16:24:45,944 - INFO - AFC is enabled with max remote calls: 10.
2026-09-01 16:24:45,946 - INFO - AFC is enabled with max remote calls: 10.
2026-09-01 16:24:45,948 - INFO - AFC is enabled with max remote calls: 10.
2026-09-01 16:24:59,541 - INFO - HTTP Request: POST https://generativelanguage.googleapis.com/v1beta/models/gemini-2.5-pro:generateContent "HTTP/1.1 200 OK"
2026-09-01 16:25:00,237 - INFO - HTTP Request: POST https://generativelanguage.googleapis.com/v1beta/models/gemini-2.5-pro:generateContent "HTTP/1.1 200 OK"
2026-09-01 16:25:01,167 - INFO - HTTP Request: POST https://generativelanguage.googleapis.com/v1beta/models/gemini-2.5-pro:generateContent "HTTP/1.1 200 OK"
2026-09-01 16:25:02,885 - INFO - HTTP Request: POST https://generativelanguage.googleapis.com/v1beta/models/gemini-2.5-pro:generateContent "HTTP/1.1 200 OK"
2026-09-01 16:25:05,348 - INFO - HTTP Request: POST https://generativelanguage.googleapis.com/v1beta/models/gemini-2.5-pro:generateContent "HTTP/1.1 200 OK"
2026-09-01 16:25:08,761 - INFO - HTTP Request: POST https://generativelanguage.googleapis.com/v1beta/models/gemini-2.5-pro:generateContent "HTTP/1.1 200 OK"
2026-09-01 16:25:10,052 - INFO - HTTP Request: POST https://generativelanguage.googleapis.com/v1beta/models/gemini-2.5-pro:generateContent "HTTP/1.1 200 OK"
2026-09-01 16:25:12,743 - INFO - HTTP Request: POST https://generativelanguage.googleapis.com/v1beta/models/gemini-2.5-pro:generateContent "HTTP/1.1 200 OK"
2026-09-01 16:25:15,376 - INFO - HTTP Request: POST https://generativelanguage.googleapis.com/v1beta/models/gemini-2.5-pro:generateContent "HTTP/1.1 200 OK"
2026-09-01 16:25:16,042 - INFO - HTTP Request: POST https://generativelanguage.googleapis.com/v1beta/models/gemini-2.5-pro:generateContent "HTTP/1.1 200 OK"
2026-09-01 16:25:16,045 - INFO - [GR] Waiting 10.0s before next Agent 1 window…
2026-09-01 16:25:26,061 - INFO - [GR] Agent 1 window 200-209 (10 batches)
2026-09-01 16:25:26,137 - INFO - AFC is enabled with max remote calls: 10.
2026-09-01 16:25:26,150 - INFO - AFC is enabled with max remote calls: 10.
2026-09-01 16:25:26,154 - INFO - AFC is enabled with max remote calls: 10.
2026-09-01 16:25:26,156 - INFO - AFC is enabled with max remote calls: 10.
2026-09-01 16:25:26,162 - INFO - AFC is enabled with max remote calls: 10.
2026-09-01 16:25:26,167 - INFO - AFC is enabled with max remote calls: 10.
2026-09-01 16:25:26,174 - INFO - AFC is enabled with max remote calls: 10.
2026-09-01 16:25:26,176 - INFO - AFC is enabled with max remote calls: 10.
2026-09-01 16:25:26,179 - INFO - AFC is enabled with max remote calls: 10.
2026-09-01 16:25:26,181 - INFO - AFC is enabled with max remote calls: 10.
2026-09-01 16:25:39,269 - INFO - HTTP Request: POST https://generativelanguage.googleapis.com/v1beta/models/gemini-2.5-pro:generateContent "HTTP/1.1 200 OK"
2026-09-01 16:25:40,844 - INFO - HTTP Request: POST https://generativelanguage.googleapis.com/v1beta/models/gemini-2.5-pro:generateContent "HTTP/1.1 200 OK"
2026-09-01 16:25:41,084 - INFO - HTTP Request: POST https://generativelanguage.googleapis.com/v1beta/models/gemini-2.5-pro:generateContent "HTTP/1.1 200 OK"
2026-09-01 16:25:44,502 - INFO - HTTP Request: POST https://generativelanguage.googleapis.com/v1beta/models/gemini-2.5-pro:generateContent "HTTP/1.1 200 OK"
2026-09-01 16:25:47,891 - INFO - HTTP Request: POST https://generativelanguage.googleapis.com/v1beta/models/gemini-2.5-pro:generateContent "HTTP/1.1 200 OK"
2026-09-01 16:25:48,076 - INFO - HTTP Request: POST https://generativelanguage.googleapis.com/v1beta/models/gemini-2.5-pro:generateContent "HTTP/1.1 200 OK"
2026-09-01 16:25:51,085 - INFO - HTTP Request: POST https://generativelanguage.googleapis.com/v1beta/models/gemini-2.5-pro:generateContent "HTTP/1.1 200 OK"
2026-09-01 16:25:53,039 - INFO - HTTP Request: POST https://generativelanguage.googleapis.com/v1beta/models/gemini-2.5-pro:generateContent "HTTP/1.1 200 OK"
2026-09-01 16:25:54,144 - INFO - HTTP Request: POST https://generativelanguage.googleapis.com/v1beta/models/gemini-2.5-pro:generateContent "HTTP/1.1 200 OK"
2026-09-01 16:25:57,566 - INFO - HTTP Request: POST https://generativelanguage.googleapis.com/v1beta/models/gemini-2.5-pro:generateContent "HTTP/1.1 200 OK"
2026-09-01 16:25:57,580 - INFO - [GR] Waiting 10.0s before next Agent 1 window…
2026-09-01 16:26:07,588 - INFO - [GR] Agent 1 window 210-219 (10 batches)
2026-09-01 16:26:07,656 - INFO - AFC is enabled with max remote calls: 10.
2026-09-01 16:26:07,661 - INFO - AFC is enabled with max remote calls: 10.
2026-09-01 16:26:07,664 - INFO - AFC is enabled with max remote calls: 10.
2026-09-01 16:26:07,666 - INFO - AFC is enabled with max remote calls: 10.
2026-09-01 16:26:07,667 - INFO - AFC is enabled with max remote calls: 10.
2026-09-01 16:26:07,669 - INFO - AFC is enabled with max remote calls: 10.
2026-09-01 16:26:07,672 - INFO - AFC is enabled with max remote calls: 10.
2026-09-01 16:26:07,673 - INFO - AFC is enabled with max remote calls: 10.
2026-09-01 16:26:07,675 - INFO - AFC is enabled with max remote calls: 10.
2026-09-01 16:26:07,678 - INFO - AFC is enabled with max remote calls: 10.
2026-09-01 16:26:22,415 - INFO - HTTP Request: POST https://generativelanguage.googleapis.com/v1beta/models/gemini-2.5-pro:generateContent "HTTP/1.1 200 OK"
2026-09-01 16:26:23,277 - INFO - HTTP Request: POST https://generativelanguage.googleapis.com/v1beta/models/gemini-2.5-pro:generateContent "HTTP/1.1 200 OK"
2026-09-01 16:26:24,785 - INFO - HTTP Request: POST https://generativelanguage.googleapis.com/v1beta/models/gemini-2.5-pro:generateContent "HTTP/1.1 200 OK"
2026-09-01 16:26:24,841 - INFO - HTTP Request: POST https://generativelanguage.googleapis.com/v1beta/models/gemini-2.5-pro:generateContent "HTTP/1.1 200 OK"
2026-09-01 16:26:25,549 - INFO - HTTP Request: POST https://generativelanguage.googleapis.com/v1beta/models/gemini-2.5-pro:generateContent "HTTP/1.1 200 OK"
2026-09-01 16:26:27,302 - INFO - HTTP Request: POST https://generativelanguage.googleapis.com/v1beta/models/gemini-2.5-pro:generateContent "HTTP/1.1 200 OK"
2026-09-01 16:26:38,071 - INFO - HTTP Request: POST https://generativelanguage.googleapis.com/v1beta/models/gemini-2.5-pro:generateContent "HTTP/1.1 200 OK"
2026-09-01 16:26:40,071 - INFO - HTTP Request: POST https://generativelanguage.googleapis.com/v1beta/models/gemini-2.5-pro:generateContent "HTTP/1.1 200 OK"
2026-09-01 16:26:41,378 - INFO - HTTP Request: POST https://generativelanguage.googleapis.com/v1beta/models/gemini-2.5-pro:generateContent "HTTP/1.1 200 OK"
2026-09-01 16:26:42,711 - INFO - HTTP Request: POST https://generativelanguage.googleapis.com/v1beta/models/gemini-2.5-pro:generateContent "HTTP/1.1 200 OK"
2026-09-01 16:26:42,721 - INFO - [GR] Waiting 10.0s before next Agent 1 window…
2026-09-01 16:26:52,727 - INFO - [GR] Agent 1 window 220-229 (10 batches)
2026-09-01 16:26:52,815 - INFO - AFC is enabled with max remote calls: 10.
2026-09-01 16:26:52,820 - INFO - AFC is enabled with max remote calls: 10.
2026-09-01 16:26:52,822 - INFO - AFC is enabled with max remote calls: 10.
2026-09-01 16:26:52,824 - INFO - AFC is enabled with max remote calls: 10.
2026-09-01 16:26:52,825 - INFO - AFC is enabled with max remote calls: 10.
2026-09-01 16:26:52,827 - INFO - AFC is enabled with max remote calls: 10.
2026-09-01 16:26:52,829 - INFO - AFC is enabled with max remote calls: 10.
2026-09-01 16:26:52,831 - INFO - AFC is enabled with max remote calls: 10.
2026-09-01 16:26:52,832 - INFO - AFC is enabled with max remote calls: 10.
2026-09-01 16:26:52,834 - INFO - AFC is enabled with max remote calls: 10.
2026-09-01 16:27:10,401 - INFO - HTTP Request: POST https://generativelanguage.googleapis.com/v1beta/models/gemini-2.5-pro:generateContent "HTTP/1.1 200 OK"
2026-09-01 16:27:11,149 - INFO - HTTP Request: POST https://generativelanguage.googleapis.com/v1beta/models/gemini-2.5-pro:generateContent "HTTP/1.1 200 OK"
2026-09-01 16:27:12,741 - INFO - HTTP Request: POST https://generativelanguage.googleapis.com/v1beta/models/gemini-2.5-pro:generateContent "HTTP/1.1 200 OK"
2026-09-01 16:27:14,014 - INFO - HTTP Request: POST https://generativelanguage.googleapis.com/v1beta/models/gemini-2.5-pro:generateContent "HTTP/1.1 200 OK"
2026-09-01 16:27:15,056 - INFO - HTTP Request: POST https://generativelanguage.googleapis.com/v1beta/models/gemini-2.5-pro:generateContent "HTTP/1.1 200 OK"
2026-09-01 16:27:16,464 - INFO - HTTP Request: POST https://generativelanguage.googleapis.com/v1beta/models/gemini-2.5-pro:generateContent "HTTP/1.1 200 OK"
2026-09-01 16:27:17,563 - INFO - HTTP Request: POST https://generativelanguage.googleapis.com/v1beta/models/gemini-2.5-pro:generateContent "HTTP/1.1 200 OK"
2026-09-01 16:27:21,129 - INFO - HTTP Request: POST https://generativelanguage.googleapis.com/v1beta/models/gemini-2.5-pro:generateContent "HTTP/1.1 200 OK"
2026-09-01 16:27:25,332 - INFO - HTTP Request: POST https://generativelanguage.googleapis.com/v1beta/models/gemini-2.5-pro:generateContent "HTTP/1.1 200 OK"
2026-09-01 16:27:37,097 - INFO - HTTP Request: POST https://generativelanguage.googleapis.com/v1beta/models/gemini-2.5-pro:generateContent "HTTP/1.1 200 OK"
2026-09-01 16:27:37,103 - INFO - [GR] Waiting 10.0s before next Agent 1 window…
2026-09-01 16:27:47,108 - INFO - [GR] Agent 1 window 230-239 (10 batches)
2026-09-01 16:27:47,175 - INFO - AFC is enabled with max remote calls: 10.
2026-09-01 16:27:47,181 - INFO - AFC is enabled with max remote calls: 10.
2026-09-01 16:27:47,183 - INFO - AFC is enabled with max remote calls: 10.
2026-09-01 16:27:47,184 - INFO - AFC is enabled with max remote calls: 10.
2026-09-01 16:27:47,186 - INFO - AFC is enabled with max remote calls: 10.
2026-09-01 16:27:47,188 - INFO - AFC is enabled with max remote calls: 10.
2026-09-01 16:27:47,189 - INFO - AFC is enabled with max remote calls: 10.
2026-09-01 16:27:47,191 - INFO - AFC is enabled with max remote calls: 10.
2026-09-01 16:27:47,194 - INFO - AFC is enabled with max remote calls: 10.
2026-09-01 16:27:47,196 - INFO - AFC is enabled with max remote calls: 10.
2026-09-01 16:28:04,114 - INFO - HTTP Request: POST https://generativelanguage.googleapis.com/v1beta/models/gemini-2.5-pro:generateContent "HTTP/1.1 200 OK"
2026-09-01 16:28:04,632 - INFO - HTTP Request: POST https://generativelanguage.googleapis.com/v1beta/models/gemini-2.5-pro:generateContent "HTTP/1.1 200 OK"
2026-09-01 16:28:06,793 - INFO - HTTP Request: POST https://generativelanguage.googleapis.com/v1beta/models/gemini-2.5-pro:generateContent "HTTP/1.1 200 OK"
2026-09-01 16:28:10,235 - INFO - HTTP Request: POST https://generativelanguage.googleapis.com/v1beta/models/gemini-2.5-pro:generateContent "HTTP/1.1 200 OK"
2026-09-01 16:28:11,323 - INFO - HTTP Request: POST https://generativelanguage.googleapis.com/v1beta/models/gemini-2.5-pro:generateContent "HTTP/1.1 200 OK"
2026-09-01 16:28:12,308 - INFO - HTTP Request: POST https://generativelanguage.googleapis.com/v1beta/models/gemini-2.5-pro:generateContent "HTTP/1.1 200 OK"
2026-09-01 16:28:13,024 - INFO - HTTP Request: POST https://generativelanguage.googleapis.com/v1beta/models/gemini-2.5-pro:generateContent "HTTP/1.1 200 OK"
2026-09-01 16:28:13,649 - INFO - HTTP Request: POST https://generativelanguage.googleapis.com/v1beta/models/gemini-2.5-pro:generateContent "HTTP/1.1 200 OK"
2026-09-01 16:28:16,480 - INFO - HTTP Request: POST https://generativelanguage.googleapis.com/v1beta/models/gemini-2.5-pro:generateContent "HTTP/1.1 200 OK"
2026-09-01 16:28:30,532 - INFO - HTTP Request: POST https://generativelanguage.googleapis.com/v1beta/models/gemini-2.5-pro:generateContent "HTTP/1.1 200 OK"
2026-09-01 16:28:30,541 - INFO - [GR] Waiting 10.0s before next Agent 1 window…
2026-09-01 16:28:40,543 - INFO - [GR] Agent 1 window 240-249 (10 batches)
2026-09-01 16:28:40,602 - INFO - AFC is enabled with max remote calls: 10.
2026-09-01 16:28:40,609 - INFO - AFC is enabled with max remote calls: 10.
2026-09-01 16:28:40,611 - INFO - AFC is enabled with max remote calls: 10.
2026-09-01 16:28:40,613 - INFO - AFC is enabled with max remote calls: 10.
2026-09-01 16:28:40,615 - INFO - AFC is enabled with max remote calls: 10.
2026-09-01 16:28:40,618 - INFO - AFC is enabled with max remote calls: 10.
2026-09-01 16:28:40,621 - INFO - AFC is enabled with max remote calls: 10.
2026-09-01 16:28:40,623 - INFO - AFC is enabled with max remote calls: 10.
2026-09-01 16:28:40,624 - INFO - AFC is enabled with max remote calls: 10.
2026-09-01 16:28:40,626 - INFO - AFC is enabled with max remote calls: 10.
2026-09-01 16:28:59,638 - INFO - HTTP Request: POST https://generativelanguage.googleapis.com/v1beta/models/gemini-2.5-pro:generateContent "HTTP/1.1 200 OK"
2026-09-01 16:28:59,654 - INFO - HTTP Request: POST https://generativelanguage.googleapis.com/v1beta/models/gemini-2.5-pro:generateContent "HTTP/1.1 200 OK"
2026-09-01 16:28:59,676 - INFO - HTTP Request: POST https://generativelanguage.googleapis.com/v1beta/models/gemini-2.5-pro:generateContent "HTTP/1.1 200 OK"
2026-09-01 16:28:59,677 - INFO - HTTP Request: POST https://generativelanguage.googleapis.com/v1beta/models/gemini-2.5-pro:generateContent "HTTP/1.1 200 OK"
2026-09-01 16:28:59,678 - INFO - HTTP Request: POST https://generativelanguage.googleapis.com/v1beta/models/gemini-2.5-pro:generateContent "HTTP/1.1 200 OK"
2026-09-01 16:28:59,679 - INFO - HTTP Request: POST https://generativelanguage.googleapis.com/v1beta/models/gemini-2.5-pro:generateContent "HTTP/1.1 200 OK"
2026-09-01 16:28:59,680 - INFO - HTTP Request: POST https://generativelanguage.googleapis.com/v1beta/models/gemini-2.5-pro:generateContent "HTTP/1.1 200 OK"
2026-09-01 16:29:09,473 - INFO - HTTP Request: POST https://generativelanguage.googleapis.com/v1beta/models/gemini-2.5-pro:generateContent "HTTP/1.1 200 OK"
2026-09-01 16:29:16,219 - INFO - HTTP Request: POST https://generativelanguage.googleapis.com/v1beta/models/gemini-2.5-pro:generateContent "HTTP/1.1 200 OK"
2026-09-01 16:29:23,304 - INFO - HTTP Request: POST https://generativelanguage.googleapis.com/v1beta/models/gemini-2.5-pro:generateContent "HTTP/1.1 200 OK"
2026-09-01 16:29:23,363 - INFO - [A2][GR][2026-2027-gr-car-hire-city-06__0001] SYSTEM PROMPT (first batch only):
# ROLE & MISSION

You are an **Expert Technical LQA Auditor — Validator (Final Pass)**. Your mission is to review the localized content **together with a draft JSON report of findings** and return a **final, clean JSON report** that:

* **Keeps only valid, objective, rule-based errors**;
* **Corrects categories, severities, and score mappings** where needed;
* **Adds a missed error only when it is *clear, objective, and within scope*** (see *Additions Policy*);
* **Preserves the exact JSON schema** used by the LQA pipeline.

You return the **final report as if you authored it from scratch**. Do **not** comment on previous reviewers/agents, and do **not** include explanatory prose. Your output is the **single JSON object only**.

This prompt is used across multiple languages. A locale-specific instruction pack is auto-injected. **These instructions are your highest authority and override any general rules in this document where they differ.**

You will receive a `Topic Name` for each batch (e.g., a route or travel topic). Use it as context and **do not flag hardcoded city/route mentions as errors when they match the Topic Name** (destination/from cities already specified by the topic are not mistakes).

---

## PROJECT-SPECIFIC EXCLUSIONS (HIGHEST PRIORITY)

Do not flag, keep, add, or correct a finding merely because a name, city/place name, car-rental provider, or car model/type is not localized or remains in another language/alphabet. The agency will handle these. Preserve such text exactly in `updated_sentence` and `corrected_content`.

For Greek specifically, preserve Latin-script place names such as `Kalithèa` and `Argásion`; do not transliterate, translate, or rewrite them. This does not suppress independent objective errors written in the target script: for example, a genuine Greek typo such as `Πετρα` must still be flagged and minimally corrected to `Πέτρα`.


---

## THE PRIME DIRECTIVE: OBJECTIVITY OVER PREFERENCE

Your role is to enforce objectivity and consistency:

**✅ KEEP (Objective & Actionable Issues Only)**

* **Grammar:** Agreement, case, tense, government, prepositions **that alter meaning**.
* **Punctuation/Spelling/Typos:** Typos/diacritics; locale punctuation rules (e.g., FR NBSP before `: ; ? !`, DE „…“ quotes).
* **Compliance:** Glossary/brand/register violations that are **explicitly mandated**; mandated units/currency formatting; required conversions.
* **Accuracy:** Internal contradictions, wrong numbers, mistranslation that changes meaning, **wrong currency for location**.
* **Severe Clarity:** Run‑ons/structures that **objectively** hinder comprehension.
* **SEO paragraph segmentation:** A single SEO/editorial body paragraph that packs multiple distinct ideas and is objectively hard to scan — keep/add as **Style** with a split fix. Not for synonym preference.

**❌ DISCARD (Subjective or Out of Scope)**

* "Awkward/natural/flow" without a rule violation.
* Synonyms/paraphrases that keep the same meaning.
* Content improvements beyond the provided text.
* External fact corrections (laws/limits/prices) unless the text **internally contradicts itself** or `lang instructions` requires a specific presentation.

---

## **TERMS / GLOSSARY HANDLING (IMPORTANT)**

* Treat key terms/keywords as **reference**, not rigid commands. **Case‑insensitive** by default; morphology allowed.
* Enforce a term as **Compliance** only when **explicitly mandatory** (or for brands/proper names). Do **not** impose Title Case just because the list shows a capitalized entry.
* **Do not rename brands.** If uncertain, adjust only casing/spacing or remove the finding.


---

## LANGUAGE‑AGNOSTIC CATEGORIZATION RULES

1. **No external fact‑checking**

   * Do **not** verify laws, limits, or prices with outside knowledge. Use **Accuracy** only for **internal contradictions**, **mistranslations**, or **objective numeric/format errors** visible in the text.
   * Missing metric↔imperial conversion or required primary unit for the locale → **Compliance**.

2. **Brand / Proper‑noun rules are Compliance**

   * Misspelling, wrong casing, spacing of official names → **Compliance** (not Punctuation).
   * Examples: *star car → starcar* (DE), *yalla → Yalla* (pt‑BR), *Rental plus → Rental Plus* (NL).

3. **Currency: what vs how**

   * **What** currency is used for the location (e.g., £ in California) → **Accuracy** (Major).
   * **How** it is formatted/spaced/symbol order → **Compliance** per locale.

4. **Headings & typography**

   * Punctuation in headings (e.g., stray period) → **Punctuation/Spelling/Typos**.
   * Locale‑specific quotes/spaces/diacritics → **Punctuation/Spelling/Typos**.
   * Do **not** force Title Case unless `lang instructions` explicitly mandates it.

5. **Clarity vs preference**

   * Use **Style** only for **objective readability breakdowns** (run‑ons, tangled structure, ambiguous segmentation, or SEO body paragraphs that objectively pack multiple distinct ideas and must be split). Do **not** use Style for “sounds nicer”.

---

## **ADDITIONS POLICY (WHEN MAY YOU ADD A NEW ERROR?)**
Your default is to **validate and prune**. Add a new finding **only if ALL** are true:

1. The error is **clear, objective, and high‑confidence**;
2. It is **within scope** of allowed categories and `GR_instructions`;
3. It has **material impact** (Minor/Major/Critical as per ladder) and is not preferential;
4. The **updated\_sentence** applies a **minimal fix** (no creative rewrite or new facts);
5. **No brand renames**: you **may not** invent or substitute a brand name. Only correct brand spelling if it’s in the glossary/terms or is an obvious simple typo of a known brand. Otherwise, restrict to casing/spacing or omit.

If any condition is doubtful, **do not add**. Prefer under‑addition to over‑flagging.


---

## DE‑DUPLICATION & MINIMAL FIX

* **De‑duplication:** If the same **rule** is violated repeatedly in a contiguous pattern, keep **one representative instance**. In `issue`, note: *“Pattern repeats in similar sentences.”*
* **Minimal change principle:** `updated_sentence` must apply **only** the fix needed for the error. Do not rephrase unrelated parts, change mood/voice/wording, or introduce new content.

---

## SCOPE OF QA (ERROR CATEGORIES)

Use one of the following exact labels for `type_of_issue`.

1. **AI-issues**

   * **Hallucination:** Fabricated content presented as fact **within the text**.
   * **Bias / Cultural Sensitivity:** Offensive, biased, or culturally insensitive content.

2. **Style**

   * **Definition:** Clarity/readability issues that **objectively** hinder comprehension (run‑ons, tangled structure, ambiguous segmentation).
   * **Do not use for:** Preferred phrasings or cosmetic rewrites.

3. **Accuracy**

   * **Definition:** Semantic fidelity or numeric correctness **within the provided text**.
   * **Use for:** Mistranslation altering meaning; internal contradictions; wrong numbers/arithmetic; **wrong currency for location**.
   * **Do not use for:** External fact‑checking (laws/speed limits/prices not contradicted by the text).

4. **Compliance**

   * **Definition:** Violations of glossary/brand/locale rules or mandated presentation.
   * **Use for:** Brand/proper‑noun casing; unit presentation & required conversions; currency **formatting** rules; register required by `lang instructions`.

5. **Grammar**

   * **Definition:** Morphology/syntax agreement and government errors.
   * **Examples:** Case errors; agreement; required repetition in parallel lists.

6. **Punctuation/Spelling/Typos**

   * **Definition:** Orthography, diacritics, locale punctuation/spacing, stray characters.
   * **Examples:** Double spaces; FR NBSP; heading stray period.

---

## SEVERITY LEVELS & DECISION LADDER

Map severity to points exactly (Minor=1, Major=3, Critical=25):

**Critical (25)** – Safety/legal risk, offensive bias, or fabricated claims **within the text** that could dangerously mislead.

**Major (3)** – Errors that change meaning or materially impair comprehension (mistranslation; missing mandated conversion in a metric locale; wrong currency for location; run‑on that creates ambiguity).

**Minor (1)** – Objective errors not blocking understanding (typos; locale spaces/quotes; heading with stray period; non‑blocking agreement/casing/commas per locale rules).

**Decision Ladder**

1. Policy/safety/offense? → **Critical**.
2. Misleads/changes meaning/blocks understanding? → **Major**.
3. Otherwise objective correctness/formatting breaches → **Minor**.
4. If purely preferential → **Remove**.

---

## Lang‑SPECIFIC RULES

# Greek (el-GR) Style Guide for Skyscanner

## Project-specific exclusions (ticket 2026_8983 — highest priority)
- Ignore place names written in the Latin alphabet. Do not flag, transliterate, translate, or rewrite them.
- Ignore missing accents/tonos in section headings. Do not flag or add those accents.
- The injected project instructions take priority over any geo-name guidance.

## Critical requirements
- Use the formal plural `εσείς` / `σας` consistently, with a friendly and helpful tone.
- Prefer active voice and formal imperative CTAs. Clarity takes priority over wordplay.
- Keep Skyscanner unchanged and use the feminine article where required: `η Skyscanner`, never `το Skyscanner`.

## Language and typography
- Use the Greek decimal comma and locale-appropriate punctuation. Use one ellipsis character `…`, straight quotation marks consistently, and no more than one exclamation mark.
- Use sentence case for headings and CTAs.
- Write dates as `16 Μαρτίου 2025` or `16/03/2025`; write time in 24-hour form such as `15:30`.
- Apply standard final-n rules; `δεν` always keeps final `ν`.
- Distinguish interrogative `πού`/`πώς`, comparative `σαν` from attributive `ως`, and indefinite `μια` from numeric `μία`.

## Technical content
- Preserve placeholders, variables, tags, numbers, and product tokens exactly.
- Do not duplicate the word for airport when it is already part of the source name.
- CTA translations must remain buttons/actions; for example, “Cancel” may require the noun `Ακύρωση` depending on UI context.

## Content and compliance
- Use natural SEO language; no keyword stuffing or preference-only rewrites.
- Do not externally fact-check laws, prices, limits, or policies.
- Do not claim Skyscanner provides discounts. Use “best” only with a supplied measurable basis.
- Avoid greenwashing and absolute claims that travel is green, clean, eco-friendly, or sustainable.


---

## OUTPUT JSON CONTRACT (RETURN THIS OBJECT ONLY)

Return a **single, valid JSON object** using the exact schema below. Do **not** add any explanatory text.

```json
{
  "review_findings": [
    {
      "text": "<The full, original sentence or text snippet containing the error>",
      "issue": "<A concise, one-sentence description of the objective error.>",
      "type_of_issue": "<Must be one of: AI-issues, Style, Accuracy, Compliance, Grammar, Punctuation/Spelling/Typos>",
      "solution": "<A brief, actionable instruction for the fix.>",
      "updated_sentence": "<The full sentence, rewritten with the solution correctly applied. For paragraph splits, include blank lines between paragraphs.>",
      "severity": "<Must be one of: Minor, Major, Critical>",
      "score_deduction": "<Must be 1, 3, or 25, matching the severity>"
    }
  ],
  "corrected_content": "<REQUIRED: the full corrected body text for THIS batch/section after applying all kept fixes. Preserve meaning. Use blank lines between paragraphs when splitting for readability. If no findings, return the original content unchanged.>",
  "overall_feedback": {
    "summary": "<2–3 bullet points on systemic error patterns found in THIS final report>",
    "action_plan": "<2–3 concrete, high-level preventive actions consistent with THIS final report>"
  }
}
```

**`corrected_content` rules**

* Always include `corrected_content` for the **entire section body** you were given (not just one sentence).
* Apply every kept finding’s fix; do not introduce new facts, brands, or creative rewrites.
* When splitting paragraphs, separate them with a blank line (`\\n\\n`).
* If there are no findings, set `corrected_content` to the original `$content` unchanged.

---

## COMMON MISCLASSIFICATIONS TO AVOID (CHECK BEFORE SUBMIT)

* **External fact corrections** (laws, limits, prices) → **Remove** unless contradicted internally. Missing metric conversion → **Compliance**, not **Accuracy**.
* **Brand/proper‑noun casing** → **Compliance**, not **Punctuation**.
* **Currency** → **what** currency for the location = **Accuracy**; **how** it’s formatted = **Compliance**.
* **Generic vertical nouns** (e.g., ES *alquiler de coches*) → keep in **sentence case** unless locale pack mandates Title Case.
* **Headings punctuation** (stray period) → **Punctuation/Spelling/Typos**.
* **“Awkward/natural” only** → **Remove** unless readability is objectively impaired (then **Style**).

---

## FINAL SELF‑CHECK (RUN BEFORE RETURNING JSON)

1. **Did I return exactly one JSON object with the correct schema, including `corrected_content`?**
2. **Did I eliminate preferential or externally fact‑checked items?**
3. **Did I add a new error only if it was *clear, objective, and within scope*?**
4. **Are categories normalized and severities mapped to 1/3/25 correctly?**
5. **Do terms/keywords follow the reference‑not‑mandatory rule (unless explicitly mandated)?**
6. **Are issue/solution concise and minimal, and do updated sentences apply only the fix?**
7. **Does `corrected_content` reflect the full section body with all kept fixes applied?**

Return only the JSON object.

2026-09-01 16:29:23,372 - INFO - [A2][GR][2026-2027-gr-car-hire-city-06__0001] USER PROMPT (first batch only):
Topic Name: Πώς να βρείτε μια οικονομική προσφορά για ενοικίαση αυτοκινήτου στη Σαλαμίνα

Here is the content to review:

Η αναζήτηση οικονομικής ενοικίασης αυτοκινήτου στη Salamina ξεκινά με σύγκριση τιμών ανάμεσα στους διαθέσιμους παρόχους. Η χαμηλότερη τιμή που εντοπίζεται αυτή τη στιγμή ανέρχεται σε 34 €, ενώ η μέση ετήσια τιμή διαμορφώνεται στα 41 €. Ο μήνας Απριλίου τείνει να προσφέρει τις πιο προσιτές τιμές για την ενοικίαση οχήματος. Η κράτηση 2 εβδομάδες πριν από την ημερομηνία παραλαβής συμβάλλει στην εξασφάλιση ευνοϊκότερης τιμής. Η έγκαιρη σύγκριση των επιλογών επιτρέπει τον εντοπισμό της καταλληλότερης προσφοράς για τις ανάγκες κάθε ταξιδιώτη.

Available key terms:

### Skyscanner Multilingual Glossary ###
- EN: additional driver → el-GR: επιπλέον οδηγός | Definition: An extra person authorized to drive a rented vehicle. | Example: Μπορείτε να προσθέσετε έναν επιπλέον οδηγό στην κράτησή σας όταν φτάσετε στο γκισέ της εταιρείας {supplier}.
- EN: air conditioning → el-GR: κλιματισμός | Definition: A system for cooling and dehumidifying the air. | Example: Μόνο αυτοκίνητα με κλιματισμό
- EN: airline → el-GR: αεροπορική εταιρεία | Definition: A company that provides air transport services for traveling passengers. | Example: Αναζητήστε εκατομμύρια πτήσεις από εκατοντάδες αεροπορικές εταιρείες μέσα σε δευτερόλεπτα
- EN: airline alliance → el-GR: αεροπορική συμμαχία | Definition: A partnership between multiple airlines to provide mutual benefits and seamless travel. | Example: Κερδίζετε πόντους αεροπορικής όταν πετάτε συχνά με την αεροπορική εταιρεία και τους συνεργάτες αεροπορικής συμμαχίας της.
- EN: all inclusive → el-GR: all inclusive | Definition: Hotel package that includes accommodation, all meals, snacks, drinks (both alcoholic and non-alcoholic), and often additional amenities and activities
- EN: amenities → el-GR: παροχές | Definition: Title of filter section mainly in hotel search | Example: Δείτε όλες τις παροχές ξενοδοχείων
- EN: apartment → el-GR: διαμέρισμα | Definition: A self-contained housing unit that occupies part of a building.
- EN: App → el-GR: εφαρμογή | Definition: An application designed for use on mobile devices.
- EN: Art and culture → el-GR: τέχνη και πολιτισμός | Definition: Activities or attractions related to visual arts, music, theater, and heritage.
- EN: automatic → el-GR: αυτόματο | Definition: A type of vehicle transmission that shifts gears automatically.
- EN: baggage allowance → el-GR: όρια αποσκευών | Definition: The amount of luggage a traveler is permitted to carry without incurring additional fees, as defined by the transportation provider
- EN: Beach → el-GR: παραλία | Definition: A sandy or pebbly shore by a body of water, often a popular destination for relaxation and recreation.
- EN: Black Friday → el-GR: Black Friday | Definition: A major retail event with extensive sales and promotions, often lasting beyond the day after Thanksgiving. | Notes: we just use the American-English term for it. Please use the feminine article for it: "η Black Friday" | Example: Η Black Friday έφτασε και φέτος!
- EN: board type → el-GR: πρόγραμμα διατροφής | Definition: This term refers to the meal plan included with a hotel stay.
- EN: book → el-GR: κάνω κράτηση | Definition: Verb. To reserve a service, such as a flight. | Example: Κάντε κράτηση σε πτήση
- EN: book → el-GR: κάνω κράτηση | Definition: Verb. To reserve a service, such as a hotel room. | Example: Κάντε κράτηση σε ξενοδοχείο
- EN: book → el-GR: κάνω κράτηση | Definition: Verb. To reserve a service, such as a car. | Example: Κάντε κράτηση σε αυτοκίνητο
- EN: booking → el-GR: κράτηση | Definition: Noun. A reservation for a service. | Example: Κράτηση πτήσης
- EN: booking → el-GR: κράτηση | Definition: Noun. A reservation for a service. | Example: Κράτηση ξενοδοχείου
- EN: booking → el-GR: κράτηση | Definition: Noun. A reservation for a service. | Example: Κράτηση αυτοκινήτου
- EN: Business Class → el-GR: κατηγορία business/business class | Definition: A class of airline service offering more comfort and amenities than economy class. | Example: Βρείτε τις φθηνότερες πτήσεις @@departure@@-@@destination@@ με κατηγορία Business Class.
- EN: business travellers → el-GR: ταξιδιώτες για επαγγελματικούς λόγους | Definition: Individuals traveling for work-related purposes.
- EN: cabin bag → el-GR: χειραποσκευή | Definition: A small piece of luggage carried into the passenger cabin. | Example: Συμπεριλαμβάνεται 1 χειραποσκευή στον ναύλο σας
- EN: cabin baggage → el-GR: χειραποσκευές | Definition: Same as cabin bag. | Example: Ταξιδέψτε χωρίς πολύ βάρος, προσθέτοντας μόνο χειραποσκευές.
- EN: cabin class → el-GR: κατηγορία θέσης | Definition: The category of service on an aircraft, such as economy, business, or first class. | Example: Επιλέξτε αριθμό ταξιδιωτών και κατηγορία θεσης
- EN: cancellation policy → el-GR: πολιτική ακύρωσης | Definition: The terms and conditions under which a booking can be canceled. | Example: Επικοινωνήστε με την εταιρεία ενοικίασης για να ελέγξετε τις ακριβείς λεπτομέρειες της πολιτικής ακύρωσης.
- EN: car hire → el-GR: ενοικίαση αυτοκινήτου | Definition: The act of renting a vehicle. | Example: Αναζητήστε και συγκρίνετε τις καλύτερες προσφορές για ενοικίαση αυτοκινήτου σε όλο τον κόσμο.
- EN: Car hire → el-GR: Ενοικίαση αυτοκινήτου | Definition: Rental of an automobile for a specified period | Example: Αναζητήστε και συγκρίνετε τις καλύτερες προσφορές για ενοικίαση αυτοκινήτου σε όλο τον κόσμο.
- EN: car hire company → el-GR: εταιρεία ενοικίασης αυτοκινήτου | Definition: A business that provides rental vehicles. | Example: Ποια είναι η φθηνότερη εταιρεία ενοικίασης αυτοκινήτου στην πόλη {car_hire_origin_city};
- EN: car hire deal → el-GR: προσφορά ενοικίασης αυτοκινήτου | Definition: Discounted or special offer on car rental services.
- EN: carbon footprint → el-GR: αποτύπωμα άνθρακα | Definition: A carbon footprint refers to the total amount of CO2 emissions released into the atmosphere as a result of the activities of an business, individual or event.
- EN: charge → el-GR: χρεώνω | Definition: Verb. To add fee for a service or product. | Example: Δεν χρεώνουμε προμήθειες κράτησης.
- EN: charge → el-GR: χρέωση | Definition: Noun. Fee for a service or product | Example: Λάβετε υπόψη ότι οι εταιρείες ενοικίασης ενδέχεται να εφαρμόσουν επιπλέον χρεώσεις και περιορισμούς.
- EN: Cheapest month → el-GR: φθηνότερος μήνας | Definition: The cheapest month features in ‘Flexible Dates’ tab highlights the cheapest month to travel, as well as the lowest price per month to travel to the destination.
- EN: check in → el-GR: check in | Definition: Verb - The process of registering for a flight. | Example: Κάντε check in πριν από τις {check_in_time}
- EN: check in → el-GR: check in | Definition: Verb - The process of registering for a hotel stay. | Example: Κάντε check in πριν από τις {check_in_time}
- EN: check out → el-GR: αναχώρηση | Definition: Verb - The process of completing a stay at a hotel. | Example: Στο ξενοδοχείο {hotel_name}, μπορείτε να κάνετε check in από τις {check_in_time}, ενώ η αναχώρησή σας θα πρέπει να γίνει έως τις {check_out_time}.
- EN: check-in → el-GR: check in | Definition: Noun - The process of registering for a flight. | Example: Σε πτήσεις εσωτερικού, το check in και η παράδοση των αποσκευών πολύ συχνά κλείνουν μία ώρα πριν από την προγραμματισμένη ώρα αναχώρησης
- EN: check-in → el-GR: άφιξη/check in | Definition: Noun - The process of completing a stay at a hotel. | Example: Επιλέξτε ημερομηνία άφιξης
- EN: check-out → el-GR: αναχώρηση | Definition: Noun - The process of leaving and settling the bill at a hotel. | Example: Επιλέξτε ημερομηνία αναχώρησης
- EN: checked bag → el-GR: παραδοτέα αποσκευή | Definition: Bag that is handed over to the airline for transport in the cargo hold. | Example: Συμπεριλαμβάνεται 1 παραδοτέα αποσκευή
- EN: checked luggage → el-GR: παραδοτέες αποσκευές | Definition: Luggage that is handed over to the airline for transport in the cargo hold. | Example: Παραδοτέες αποσκευές 23 κιλών
- EN: cO2e emissions → el-GR: εκπομπές cO2e | Definition: Carbon dioxide equivalent emissions, measuring the impact of greenhouse gases.
- EN: Collision Damage Waiver → el-GR: Μικτή Ασφάλεια με Απαλλαγή | Definition: This is a type of insurance offered by rental car companies that limits your liability if the car is damaged in an accident. 
However, it typically doesn’t cover the full cost; you still have to pay a portion of  the repair costs, called the excess or deductible. | Notes: In Greek, this is commonly referred to as "Απαλλαγή Ζημιάς από Σύγκρουση" or just "Μικτή Ασφάλεια με Απαλλαγή". This coverage limits your financial responsibility for damages to the rental car, but you are still liable for the excess amount​ | Example: Τα καλά νέα νέα είναι ότι, στην τιμή ενοικιίασης περιλαμβάνεται η "Μικτή Ασφάλεια με Απαλλαγή", οπότε δεν χρειάζεστε επιπλέον ασφάλεια.
- EN: commercial van → el-GR: εμπορικό φορτηγό | Definition: Vehicles designed for transporting goods and materials for business purposes.
- EN: compact → el-GR: μικρό | Definition: A category of rental cars that are slightly larger than economy cars but still small and efficient.
- EN: connecting flight → el-GR: πτήση ανταπόκρισης | Definition: A flight requiring a change of planes to reach the final destination. | Example: Όταν κάνετε κράτηση πτήσεων με περισσότερους από έναν παρόχους, υπάρχει η πιθανότητα η πτήση ανταπόκρισης να καθυστερήσει ή να ακυρωθεί.
- EN: convertible → el-GR: κάμπριο | Definition: A car with a roof structure that can be 'converted' to allow open-air or enclosed driving.
- EN: Cookie Policy → el-GR: Πολιτική Cookie | Definition: Policy that governs the use of cookies on Skyscanner's website, ensuring transparency regarding data usage | Example: Συλλέγουμε δεδομένα για το πώς και πότε χρησιμοποιείτε αυτήν την εφαρμογή. Για περισσότερες πληροφορίες, διαβάστε την Πολιτική Cookie μας
- EN: country house → el-GR: εξοχικό σπίτι | Definition: A large house in the countryside
- EN: coupe → el-GR: κουπέ | Definition: A car with a fixed-roof body style that is shorter than a sedan of the same model.
- EN: couples → el-GR: ζευγάρια | Definition: Pairs of individuals traveling together
- EN: Cyber Monday → el-GR: Cyber Monday | Definition: An online shopping event on the Monday after Thanksgiving, featuring exclusive digital deals and discounts. | Notes: we just use the American-English term for it. Please use the feminine article for it: "η Cyber Monday" | Example: Η φετινή Cyber Monday είναι!
- EN: deal → el-GR: προσφορά | Definition: A special offer or discount. | Example: Πτήσεις: Εξερευνήστε προσφορές σε πτήσεις

Ξενοδοχεία: Αναζητήστε προσφορές για ξενοδοχεία στη Skyscanner

Ενοικίαση αυτοκινήτου: Επιλέξτε την προσφορά ενοικίασης αυτοκινήτου που σας ταιριάζει καλύτερα
- EN: departure country → el-GR: χώρα αναχώρησης | Definition: The country from which a journey begins. | Example: Επιλέξτε χώρα αναχώρησης
- EN: departure date → el-GR: ημερομηνία αναχώρησης | Definition: The date on which a journey starts. | Example: Επιλέξτε ημερομηνία αναχώρησης
- EN: departure time → el-GR: ώρα αναχώρησης | Definition: The scheduled time a flight is set to leave. | Example: Παρατηρήσαμε ότι η ώρα αναχώρησης αυτής της πτήσης άλλαξε.
- EN: destination → el-GR: προορισμός | Definition: The final place or location to which someone is traveling. It is the end point of a journey where travelers intend to stay, explore, or visit. Destinations can range from cities and countries to specific attractions or resorts.
- EN: destination airport → el-GR: αεροδρόμιο προορισμού | Definition: The airport where a journey ends. | Example: Επιλέξτε αεροδρόμιο προορισμού
- EN: destination country → el-GR: χώρα προορισμού | Definition: The country where a journey ends. | Example: Επιλέξτε χώρα προορισμού
- EN: direct → el-GR: απευθείας | Definition: A flight with no scheduled stops between the departure and arrival points. | Example: Δυστυχώς, δεν βρέθηκαν αποτελέσματα για απευθείας πτήσεις, οπότε βλέπετε αποτελέσματα με στάσεις.
Μόνο απευθείας
- EN: direct flight → el-GR: απευθείας πτήση | Definition: A flight with no scheduled stops between the departure and arrival points. | Example: Μόνο απευθείας πτήσεις
- EN: domestic flight → el-GR: πτήση εσωτερικού | Definition: A flight within the same country. | Example: Βρείτε φθηνές πτήσεις εσωτερικού στη χώρα @@country@@
- EN: drop → el-GR: μείωση τιμής/Drops | Notes: Since there is no equivalent in Greek that could work in all cases, please adapt the sentence so that is sounds natural instead of sticking strictly to the source | Example: Μείωση τιμής στα 36 £

Εμφάνιση των Drops από το Λονδίνο

Οι πιο πρόσφατες μειώσεις τιμής
- EN: drop → el-GR: μειώνω/Drops | Notes: Since there is no equivalent in Greek that could work in all cases, please adapt the sentence so that is sounds natural instead of sticking strictly to the source | Example: Η τιμή του επόμενου ταξιδιού σας μπορεί να μειωθεί σήμερα

Διαλέξτε άλλη πόλη αναχώρησης ή ελέγξτε αν οι τιμές μειώθηκαν αργότερα.

Τα Drops της ημέρας μόλις έφτασαν
- EN: drop-off → el-GR: παράδοση | Definition: The date, time or location where a rented vehicle is returned at the end of the rental period. | Example: Τοποθεσία παράδοσης: Πληκτρολογήστε μια τοποθεσία.
Πατήστε δύο φορές για να επιλέξετε ημερομηνία παράδοσης
Η ώρα παράδοσης πρέπει να είναι μεταγενέστερη της ώρας παραλαβής.
- EN: DROPS → el-GR: DROPS | Definition: Feature name.

DROPS is a new “sub-brand” of Skyscanner. It is an app-exclusive product only available for logged-in users that helps travelers spot flight deals that have dropped by more than 20% and that are available for only 24h. | Notes: To be left in English when used as a proper/feature name. 

Follow the source capitalization. 

To be used as a plural neuter noun, i.e. τα DROPS | Example: Καλωσορίσατε στα DROPS

Πάρτε ιδέες για το επόμενο ταξίδι από τα DROPS
- EN: Drops → el-GR: Drops | Definition: Feature name.

Drops is a new “sub-brand” of Skyscanner. It is an app-exclusive product only available for logged-in users that helps travelers spot flight deals that have dropped by more than 20% and that are available for only 24h. | Notes: To be left in English when used as a proper/feature name. 

Follow the source capitalization. 

To be used as a plural neuter noun, i.e. τα Drops | Example: Ανανέωση Drops

Μάθετε περισσότερα για τα Drops
- EN: economy → el-GR: οικονομικό | Definition: A category of rental cars that are typically small, fuel-efficient, and inexpensive. | Example: Νοικιάστε ένα οικονομικό αυτοκίνητο
- EN: Economy → el-GR: (κατηγορία) Economy | Definition: The Economy flight class refers to the most basic and affordable class of service on an airplane. | Example: Ακόμη κι αν συνήθως πετάτε σε κατηγορία Economy, μερικές φορές μπορεί να εξασφαλίσετε μια προσφορά σε ναύλο κατηγορίας Business.
- EN: electric → el-GR: ηλεκτρικό | Definition: Vehicles powered by electricity, typically from batteries.
- EN: email → el-GR: email | Definition: Electronic mail address used for communication. | Example: Θέλετε αποκλειστικές προσφορές, νέα και ιδέες μέσω email;
- EN: estimated price → el-GR: εκτίμηση τιμής | Definition: An approximate cost for a service. | Example: Η εκτίμηση τιμής μας αφορά τη μέση τιμή ανά διανυκτέρευση των δωματίων ξενοδοχείου στην περιοχή που αναζητήσατε.
- EN: Everywhere → el-GR: Παντού | Definition: Option to search for travel destinations worldwide. | Example: Αναζητήστε και εξερευνήστε παντού.
- EN: Excellent → el-GR: Εξαιρετικό | Definition: Rating indicating superior quality or performance.
- EN: Excess Waiver → el-GR: Ασφάλεια Απαλλαγής | Definition: This is an additional insurance that covers the excess amount not covered by the CDW. If you buy an excess waiver, you won’t have to pay  anything in the event of a claim, as it "waives" your responsibility for the excess 
portion. So, the CDW reduces your liability for damage, while the excess waiver eliminates your out-of-pocket costs for the excess amount. | Notes: "Ασφάλεια Απαλλαγής" provides additional coverage to remove your liability for the excess amount not covered by the CDW, meaning you won't have to pay out-of-pocket for damages​. | Example: Πολλοί από τους ασφαλιστικούς μας συνεργάτες προσφέρουν επιλογή επιστροφής της απαλλαγής, η οποία μπορεί να αποδειχθεί οικονομικότερη από την ασφάλεια απαλλαγής που προσφέρουν οι εταιρείες ενοικίασης κατά την παραλαβή του οχήματος.
- EN: explore → el-GR: εξερευνώ | Definition: Option to discover new destinations or services. | Example: Εξερευνήστε περισσότερους προορισμούς
- EN: Explore everywhere → el-GR: Εξερευνήστε παντού | Definition: The sentence case will be used whenever the term is employed in the UI itself or as part of a sentence. | Example: Εξερευνήστε παντού τον Μάιο.
- EN: Explore Everywhere → el-GR: Εξερευνήστε Παντού | Definition: Used as feature or proper noun - Option to view travel options for various destinations globally. | Example: Εξερευνήστε παντού τον Μάιο.
- EN: extra charge → el-GR: επιπλέον χρέωση | Definition: An additional fee for a service or product. | Example: Δεν σας χρεώνουμε τίποτα παραπάνω από την τιμή της πτήσης ή της κράτησής σας. Χωρίς κρυφές χρεώσεις, χωρίς προμήθειες, χωρίς εκπλήξεις.
- EN: Fair Fuel Policy → el-GR: Δίκαιη πολιτική καυσίμων | Definition: A policy ensuring fair charges for fuel in rental agreements. | Example: Συγκρίνετε επιλογές ενοικίασης αυτοκινήτου βάσει τιμής, ευκολίας παραλαβής, δίκαιης πολιτικής καυσίμων και πολλά άλλα
- EN: families → el-GR: οικογένειες | Definition: Groups traveling together, typically including parents and children.
- EN: FAQ → el-GR: Συχνή ερώτηση | Definition: Frequently Asked Question
- EN: FAQs → el-GR: Συχνές ερωτήσεις | Definition: Frequently Asked Questions | Example: Συχνές ερωτήσεις ταξιδιωτών
- EN: fare → el-GR: ναύλος | Definition: The cost of a ticket for travel. | Example: Δεν μπορούμε να σας προσφέρουμε πληροφορίες σχετικά με αποσκευές αυτήν τη στιγμή. Για να δείτε τι περιέχεται στον ναύλο σας, ελέγξτε την ιστοσελίδα του παρόχου σας. Δημιουργήστε μια Ειδοποίηση Τιμών και θα σας ενημερώσουμε όταν οι ναύλοι αλλάξουν για αυτό το δρομολόγιο.
- EN: fee → el-GR: προμήθεια | Definition: A charge for a service or product. | Example: Ορισμένοι συνεργάτες καταβάλλουν σε εμάς προμήθεια σύστασης. Ωστόσο, η κατάταξη των ξενοδοχείων δεν επηρεάζεται ποτέ από αυτήν την προμήθεια.
- EN: First Class → el-GR: (κατηγορία) first class | Definition: A premium class of airline service offering high level of comfort and amenities. | Example: Για να δείτε επιλογές κατηγορίας Business και First Class, μοιραστείτε μαζί μας τις ημερομηνίες του ταξιδιού ή τον προορισμό σας.
- EN: Flexible dates → el-GR: ευέλικτες ημερομηνίες | Definition: Previous "Whole month" feature. Calendar Tab that shows Whole month prices that allows users to make month view searches.
- EN: flight deal → el-GR: προσφορά σε πτήση | Definition: Discounted or special offer on air travel tickets. | Example: Εξερευνήστε προσφορές σε πτήσεις
- EN: flight details → el-GR: λεπτομέρειες πτήσης | Definition: Information about a specific flight. | Example: Σας προτείνουμε να ελέγχετε όλες τις λεπτομέρειες των πτήσεων, τις τελικές τιμές και τους όρους και προϋποθέσεις με τον πάροχο @@ticket provider@@ προτού κάνετε κράτηση.
- EN: flight emissions → el-GR: εκπομπές πτήσης | Definition: The amount of CO2 produced by a flight. Title for a feature that badges up flights with lower carbon dioxide emissions compared to other flights in the result set.
- EN: flight time → el-GR: ώρα πτήσης | Definition: The duration of a flight. | Example: Ο μέσος χρόνος πτήσης προς την πόλη {destinationCity} είναι {duration}.
- EN: Flights → el-GR: Πτήσεις | Definition: Air travel services provided by airlines.
- EN: fuel → el-GR: καύσιμο | Definition: Gasoline or diesel used to power vehicles, including cars, motorcycles, boats, or recreational vehicles.
- EN: full board → el-GR: πλήρης διατροφή | Definition: Hotel option that covers accommodation and three meals a day (breakfast, lunch, and dinner). Drinks and additional activities are usually not included
- EN: full to full → el-GR: γεμάτο-γεμάτο | Definition: Fuel policy where the car is provided with a full tank and must be returned with a full tank.
- EN: fullsize → el-GR: μεγάλα | Definition: A category of rental cars that are larger and offer more comfort and space.
- EN: getaway → el-GR: απόδραση | Definition: A short vacation or trip, often taken to escape from daily routine and responsibilities. It usually involves traveling to a relaxing or enjoyable destination.
- EN: Good → el-GR: Καλό | Definition: Rating indicating satisfactory quality or performance.
- EN: Great food → el-GR: Εξαιρετικό φαγητό | Definition: High-quality or highly recommended culinary experiences.
- EN: guest → el-GR: άτομο/επισκέπτης | Definition: A person staying at a hotel or other accommodation. | Example: Πληκτρολογήστε τα στοιχεία για τουλάχιστον ένα άτομο.
- EN: guest house → el-GR: ξενώνας | Definition: A small, private hotel or lodging.
- EN: guest reviews → el-GR: κριτικές επισκεπτών | Definition: Feedback and ratings from customers who have used a service or stayed at a property.
- EN: half board → el-GR: ημιδιατροφή | Definition: Hotel option that covers accommodation, breakfast, and one other meal (usually dinner). Drinks and additional meals are typically not included.
- EN: hire car → el-GR: ενοικιαζόμενο αυτοκίνητο | Definition: A vehicle rented for a short period, ranging from a few hours to several weeks, typically from a rental agency.
- EN: holiday rentals → el-GR: ενοικιαζόμενα για διακοπές | Definition: Properties available for short-term vacation stays.
- EN: home airport → el-GR: αεροδρόμιο αναχώρησης | Definition: The airport closest to a traveler's residence. | Example: Ορίστε το αεροδρόμιο αναχώρησής σας και θα σας στέλνουμε τις καλύτερες προσφορές για πτήσεις που αναχωρούν από κοντά σας.
- EN: hostel → el-GR: χόστελ | Definition: Budget-friendly accommodation | Example: Μπορείτε να συγκρίνετε και να κλείσετε με χιλιάδες προσφορές για φθηνά ξενοδοχεία, θέρετρα, διαμερίσματα, μοτέλ και χόστελ σε όλο τον κόσμο για το επόμενο ταξίδι σας.
- EN: hotel → el-GR: ξενοδοχείο | Definition: An establishment providing lodging, meals, or other guest services. | Example: Βρήκατε πτήσεις; Τώρα, βρείτε ένα ξενοδοχείο
- EN: hotel deal → el-GR: προσφορά σε ξενοδοχείο | Definition: Discounted or special offer on hotel bookings.
- EN: Hotels → el-GR: Ξενοδοχεία | Definition: Establishments providing lodging, meals, and other services for travelers.
- EN: hybrid → el-GR: υβριδικό | Definition: Vehicles powered by both an internal combustion engine and an electric motor.
- EN: inbound flight → el-GR: εισερχόμενη πτήση | Definition: The flight that takes the passenger back from their destination to their original departure location.
- EN: intermediate → el-GR: μεσαίο | Definition: A category of rental cars that are larger than economy but smaller than full-size.
- EN: itinerary → el-GR: δρομολόγιο | Definition: A detailed plan or schedule of a trip, listing all destinations, activities, and accommodations, along with the times and dates for each part of the journey.
- EN: journey → el-GR: διαδρομή | Definition: A journey refers to the act of traveling from one place to another, usually involving a significant distance or time commitment. | Example: Μία από τις αποστολές μας είναι να σας βοηθάμε να ταξιδεύετε με σιγουριά και να κάνετε το ταξίδι σας όσο το δυνατόν πιο ομαλό.
Η μέση διάρκεια πτήσης από την πόλη {destinationCity} είναι {duration}.
Οι υπολογισμοί μας βασίζονται σε δρομολόγια από την πόλη {nearestOriginCity}.
- EN: latest price → el-GR: η πιο πρόσφατη τιμή | Definition: The most recent cost for a service or product. | Example: Αυτά τα αποτελέσματα ενδέχεται να μην είναι πια διαθέσιμα. Για τις πιο πρόσφατες τιμές, ανανεώστε την αναζήτησή σας.
- EN: location → el-GR: τοποθεσία | Definition: A specific place or position where something is situated or where an event occurs.
- EN: log in → el-GR: συνδέομαι | Definition: To access an account by entering credentials. | Example: Συνδεθείτε ή εγγραφείτε για να αποθηκεύσετε τις πρόσφατες αναζητήσεις σας σε όλες τις συσκευές σας και να συνεχίσετε από εκεί που είχατε σταματήσει
- EN: log out → el-GR: αποσυνδέομαι | Definition: To exit an account. | Example: Θέλετε σίγουρα να αποσυνδεθείτε;
- EN: login → el-GR: σύνδεση | Definition: The act of logging in to a computer, database, or system. | Example: Καταχωρίστε μια έγκυρη διεύθυνση email για να ολοκληρώσετε τη σύνδεσή σας.
- EN: long wait → el-GR: μεγάλη αναμονή | Definition: An extended period of waiting, often at airports between flights. | Example: Το σκέλος της εισερχόμενης πτήσης συμπεριλαμβάνει μεγάλη αναμονή.
- EN: Low emissions vehicles → el-GR: οχήματα με χαμηλές εκπομπές | Definition: Vehicles that produce a reduced amount of CO2. Title for a feature that badges up electrical and hybrid cars with lower carbon dioxide emissions compared to other car types.
- EN: low-cost → el-GR: χαμηλού κόστους | Definition: Services, particularly airlines, that are designed to offer lower prices by reducing the range of services and amenities traditionally included in the fare. | Example: We're here to help round-off your entire trip with millions of rooms from all around the world, from low-cost to luxury.
- Είμαστε εδώ για να ολοκληρώσετε τον σχεδιασμό του ταξιδιού σας με εκατομμύρια δωμάτια σε όλο τον κόσμο, από τα πιο οικονομικά μέχρι και τα πιο πολυτελή.
- EN: lowest price → el-GR: χαμηλότερη τιμή | Definition: The least expensive cost for a service or product. | Example: Αυτές είναι οι εκτιμήσεις χαμηλότερης τιμής για τις κατηγορίες θέσης Economy για έναν ταξιδιώτη. Οι τιμές βασίζονται στους πιο πρόσφατους ναύλους.
- EN: luxury → el-GR: πολυτελές | Definition: High-end, premium vehicles offering superior comfort and features.
- EN: manual → el-GR: με ταχύτητες | Definition: A type of vehicle transmission that requires the driver to manually shift gears.
- EN: mini → el-GR: μίνι | Definition: A category of rental cars that are very small, typically suitable for city driving.
- EN: mobile app → el-GR: εφαρμογή για κινητά | Definition: An application designed for use on mobile devices. | Example: Επωφεληθείτε γρήγορα από εξαιρετικές προσφορές για πτήσεις, ξενοδοχεία και ενοικίαση αυτοκινήτου με τη δωρεάν εφαρμογή για κινητά.
- EN: motorcycle → el-GR: μοτοσικλέτα | Definition: A two-wheeled motor vehicle.
- EN: Multi-city → el-GR: πολλαπλές πόλεις | Definition: Multi-city flights are a smart way to see more destinations in one go, by adding extra legs to your trip. If, for example, you can’t decide between Paris or Rome, you can book flights to both cities and turn your trip into an itinerary.
- EN: multi-city → el-GR: πολλαπλές πόλεις | Definition: Multi-city flights are a smart way to see more destinations in one go, by adding extra legs to your trip. If, for example, you can’t decide between Paris or Rome, you can book flights to both cities and turn your trip into an itinerary.
- EN: Nearby airports → el-GR: κοντινά αεροδρόμια | Definition: Widen your search for flight deals by selecting the “add nearby airports” option to search flight prices for all the nearest airports at your departure point and your destination to increases your chances of finding the best deal at both ends of your trip.
- EN: nearby airports → el-GR: κοντινά αεροδρόμια | Definition: Widen your search for flight deals by selecting the “add nearby airports” option to search flight prices for all the nearest airports at your departure point and your destination to increases your chances of finding the best deal at both ends of your trip.
- EN: Nightlife and entertainment → el-GR: νυχτερινή ζωή και διασκέδαση | Definition: Activities and venues that provide entertainment, typically during the evening, such as clubs and bars.
- EN: no extra fees → el-GR: χωρίς πρόσθετες χρεώσεις | Definition: Indicates that there are no additional charges beyond the listed price. | Example: Βρείτε και νοικιάστε αυτοκίνητα με ευέλικτη κράτηση, δωρεάν ακύρωση, δίκαιες πολιτικές κράτησης και χωρίς πρόσθετες χρεώσεις.
- EN: non refundable → el-GR: χωρίς επιστροφή χρημάτων | Definition: A booking or a charge that cannot be refunded.
- EN: non-protected transfer → el-GR: μεταφορά χωρίς εγγύηση | Definition: Booking connecting flights with more than one provider means the ongoing flight may not be guaranteed, and is at risk from delays or cancellations. It's also needed to collect your luggage and check into the second flight. | Example: Κρατήσεις με πολλαπλά σκέλη (μεταφορά χωρίς εγγύηση). Για αυτό το δρομολόγιο, θα πρέπει να κλείσετε περισσότερα από ένα εισιτήρια (συνήθως από διαφορετικούς παρόχους).
Όταν κάνετε κράτηση σε πτήσεις με ανταπόκριση με περισσότερους από έναν παρόχους, τότε δεν εξασφαλίζεται ότι θα ολοκληρώσετε με επιτυχία όλα τα σκέλη της πτήσης σας και ενδέχεται να υπάρχει το ρίσκο καθυστέρησης ή ακύρωσης.
- EN: one way → el-GR: απλής μετάβασης/
με παράδοση σε άλλη τοποθεσία | Definition: A trip that does not include a return journey. | Notes: second alternative is for one-way car hire | Example: Επιλέξτε πότε θα επιστρέψετε ή επιλέξτε πτήση απλής μετάβασης

Προσθέστε ημερομηνίες επιστροφής ή αναζητήστε πτήσεις απλής μετάβασης        

Στην πόλη {car_hire_origin_city}, υπάρχει η δυνατότητα ενοικίασης με παράδοση σε άλλη τοποθεσία;

Ψάχνετε απευθείας πτήση, πτήση μετ' επιστροφής ή απλής μετάβασης; Ό,τι κι αν χρειάζεστε, είστε στο σωστό μέρος.
- EN: one way → el-GR: Απλή μετάβαση | Definition: A train trip that does not include a return journey. | Example: Ισχύει μόνο για εισιτήρια απλής μετάβασης.
- EN: one-way → el-GR: απλής μετάβασης | Definition: A trip that does not include a return journey.
- EN: outbound → el-GR: εξερχόμενη | Definition: The flight that takes a passenger from their home or starting location to their destination. | Example: Με την αναζήτηση πτήσεων της πλατφόρμας μας, μπορείτε να ελέγχετε τις πτήσεις αναχώρησης από την πόλη {{origin_city}

Πτήση αναχώρησης με την {{airline}}
- EN: outbound flight → el-GR: πτήση αναχώρησης | Definition: The flight that takes a passenger from their home or starting location to their destination. | Example: Με την αναζήτηση πτήσεων της πλατφόρμας μας, μπορείτε να ελέγχετε τις πτήσεις αναχώρησης από την πόλη {{origin_city}

Πτήση αναχώρησης με την {{airline}}
- EN: Outdoor adventures → el-GR: εξερευνήσεις στη φύση | Definition: Activities involving physical exertion in natural settings, such as hiking, rafting, or camping.
- EN: package → el-GR: πακέτο | Definition: Used in the meaning of “package holiday”, referring to the package deals in our Packages vertical that include flights and a hotel. This is for when we talk about packages in running copy and in general, as opposed to the vertical name.
- EN: Packages → el-GR: Πακέτα
- EN: parking → el-GR: πάρκινγκ | Definition: Space or facility to park vehicles. | Example: Ίσως μπορείτε να βρείτε ξενοδοχεία που είναι ιδανικά για οικογένειες, ζευγάρια ή για επαγγελματικά ταξίδια.
Διαφορετικά, μπορείτε να χρησιμοποιήσετε φίλτρα για απαραίτητες παροχές, όπως σπα ή πάρκινγκ.
- EN: passenger → el-GR: επιβάτης | Definition: An individual traveling on a plane, train, or other mode of transport. | Notes: Κάθε επιβάτης φέρει την ευθύνη να διασφαλίζει ότι διαθέτει τα σωστά έγγραφα πριν από το ταξίδι του. | Example: Κάθε επιβάτης έχει την ευθύνη να διασφαλίζει ότι έχει τα σωστά έγγραφα προτού ταξιδέψει.
- EN: passenger van → el-GR: επιβατικό βαν | Definition: A van configured to carry passengers.
- EN: Pay on arrival → el-GR: Πληρωμή κατά την άφιξη | Definition: Option to pay for a service upon arrival at the location. | Example: Πατήστε στην επιλογή «Πληρωμή κατά την άφιξη» αργότερα στα αποτελέσματα αναζήτησης για να βλέπετε μόνο τα αποτελέσματα ξενοδοχείων στην πόλη {hotel_name} όπου μπορείτε να πληρώσετε κατά την άφιξή σας στο ξενοδοχείο.
- EN: pay on arrival → el-GR: πληρωμή κατά την άφιξη | Example: Πατήστε στην επιλογή «Πληρωμή κατά την άφιξη» αργότερα στα αποτελέσματα αναζήτησης για να βλέπετε μόνο τα αποτελέσματα ξενοδοχείων στην πόλη {hotel_name} όπου μπορείτε να πληρώσετε κατά την άφιξή σας στο ξενοδοχείο.
- EN: people carrier → el-GR: μίνι βαν | Definition: A vehicle designed to transport multiple passengers
- EN: pick up truck → el-GR: ημιφορτηγό | Definition: A light-duty truck with an enclosed cab and an open cargo area.
- EN: pick-up → el-GR: παραλαβή | Definition: The act of collecting a rental vehicle. | Example: Αν επιλέξετε παραλαβή με αυτοεξυπηρέτηση, δεν θα χρειαστεί καν να περιμένετε στην ουρά για να παραλάβετε τα κλειδιά ή να παραδώσετε έγγραφα.

Δωρεάν ακύρωση έως και 48 ώρες πριν από την ώρα παραλαβής σας.

Επιλέξτε μια τοποθεσία παραλαβής
- EN: Premium → el-GR: premium | Definition: A category of rental cars that offer higher-end features and more comfort. | Example: premium σπορ αυτοκίνητο
- EN: Premium Economy → el-GR: premium economy | Definition: A class of airline service between economy and business class. | Example: Ελέγξτε τη διαφορά στην τιμή του αεροπορικού εισιτηρίου σας από την τοποθεσία @@place@@ όταν ταξιδεύετε με θέσεις Economy, Premium Economy, Business ή First Class.
- EN: Price → el-GR: Τιμή | Definition: The cost of a service or product. | Example: Συγκρίνετε τιμές από εκατοντάδες άλλους ιστότοπους ξενοδοχείων, όλα από ένα σημείο
- EN: Price Alert → el-GR: Ειδοποίηση Τιμών | Definition: Skyscanner's Price Alert feature notifies users via email or push notification about fluctuations in the prices of plane tickets they're interested in.
- EN: Price Alerts → el-GR: Ειδοποιήσεις Τιμών | Definition: Skyscanner's Price Alert feature notifies users via email or push notification about fluctuations in the prices of plane tickets they're interested in. | Example: Αν δημιουργήσετε μια Ειδοποίηση Τιμής, θα παρακολουθούμε τις τιμές των αεροπορικών εισιτηρίων για εσάς και θα σας ενημερώνουμε με email ή με ειδοποιήσεις push μέσω της εφαρμογής για τυχόν αυξήσεις ή μειώσεις των τιμών.

Λάβετε Ειδοποιήσεις Τιμών στο τηλέφωνό σας με την εφαρμογή

Ενεργοποιήστε τις ειδοποιήσεις τιμών και θα σας ενημερώσουμε όταν οι τιμές αυξηθούν ή μειωθούν.
- EN: price per night → el-GR: τιμή ανά διανυκτέρευση(/βράδυ) | Definition: The cost of accommodation for one night. | Example: Μέση τιμή ανά διανυκτέρευση
Μέση τιμή ανά βράδυ
- EN: Privacy Policy → el-GR: Πολιτική Απορρήτου | Definition: Policy that outlines how Skyscanner handles users' personal information, emphasizing user control and transparency | Example: Συμφωνώ με τη συλλογή και τη χρήση των προσωπικών μου δεδομένων σύμφωνα με την Πολιτική Απορρήτου.
- EN: private home → el-GR: ιδιωτικό κατάλυμα | Definition: Residential property that is rented out to travelers for short-term stays
- EN: property → el-GR: κατάλυμα | Definition: In the travel context, a property refers to a place of lodging, such as a hotel, resort, bed and breakfast, or vacation rental, where travelers can stay during their trip. | Example: Επιλέξτε «δωρεάν ακύρωση» για να βρείτε μια ιδιοκτησία όπου μπορείτε να αλλάξετε τις κρατήσεις σας εύκολα, σε περίπτωση που τα σχέδιά σας αλλάξουν.
Θέλετε να μείνετε σε ένα συγκεκριμένο ξενοδοχείο; Απλώς χρησιμοποιήστε το παραπάνω πλαίσιο αναζήτησης και αναζητήστε τα αγαπημένα σας καταλύματα.
- EN: provider → el-GR: πάροχος | Definition: A company or individual offering a service. Car Hire vertical | Example: Ενοικίαση αυτοκινήτου: Αυτός ο πάροχος προσφέρει σημεία παραλαβής χωρίς αναμονή σε ουρά ή μια εφαρμογή για το ξεκλείδωμα του αυτοκινήτου.

Γενική χρήση: Αφού βρείτε την καλύτερη πτήση, ενοικιαζόμενο αυτοκίνητο ή ξενοδοχείο, μπορείτε να κάνετε κράτηση απευθείας από τον πάροχο.
- EN: provider → el-GR: πάροχος | Definition: A company or individual offering a service. | Example: Πτήσεις: Όταν κάνετε κράτηση σε πτήσεις με ανταπόκριση με περισσότερους από έναν παρόχους, τότε δεν εξασφαλίζεται ότι θα ολοκληρώσετε με επιτυχία όλα τα σκέλη της πτήσης σας και ενδέχεται να υπάρχει το ρίσκο καθυστέρησης ή ακύρωσης.

Γενική χρήση: Αφού βρείτε την καλύτερη πτήση, ενοικιαζόμενο αυτοκίνητο ή ξενοδοχείο, μπορείτε να κάνετε κράτηση απευθείας από τον πάροχο.
- EN: provider → el-GR: πάροχος | Definition: A company or individual offering a service. Hotel vertical | Example: Ξενοδοχεία: Ορισμένες φορές, περισσότεροι από έναν πάροχοι προσφέρουν το ίδιο δωμάτιο στην ίδια τιμή. Σε αυτήν την περίπτωση, κατατάσσουμε αυτά τα αποτελέσματα βάσει άλλων παραγόντων, όπως είναι η δημοτικότητά τους με τους ταξιδιώτες της πλατφόρμας μας.

Γενική χρήση: Αφού βρείτε την καλύτερη πτήση, ενοικιαζόμενο αυτοκίνητο ή ξενοδοχείο, μπορείτε να κάνετε κράτηση απευθείας από τον πάροχο.
- EN: rating → el-GR: Βαθμολογία | Definition: A score or review given to a service or product. | Example: Σύνοψη βαθμολογιών επισκεπτών
- EN: Read more → el-GR: Διαβάστε περισσότερα | Definition: Option to view additional information. | Example: Διαβάστε περισσότερα για την ιστορία της Skyscanner εδώ
- EN: recent searches → el-GR: πρόσφατες αναζητήσεις | Definition: A list of previous search queries. | Example: Προορισμοί που προτείνονται βάσει των πρόσφατων αναζητήσεών σας
- EN: Recommended Provider → el-GR: Κορυφαίος πάροχος | Definition: A booking partner that meets our top-quality criteria, demonstrated by a high Partner Quality Score, strong price accuracy, and reliable downstream visibility. This designation helps travelers make informed choices by identifying partners that offer a trustworthy and seamless booking experience.
- EN: recreational vehicle → el-GR: τροχόσπιτο | Definition: RV, a motor vehicle or trailer equipped with living space and amenities for travel.
- EN: residence → el-GR: κατοικία | Definition: Fully furnished apartments or suites that are available for short-term or long-term stays or  a private home or villa that is rented out to travelers for short-term stays,
- EN: resort → el-GR: θέρετρο | Definition: A place that offers a variety of recreational activities and amenities
- EN: result → el-GR: αποτέλεσμα | Definition: An outcome from a search or query. | Example: Κορυφαία 10 αποτελέσματα που ταξινομούνται βάσει Απόστασης
- EN: return → el-GR: επιστροφής | Definition: A flight that includes both the outbound and inbound journeys, completing the round trip. | Notes: Usually used in genitive case (the flight back = πτήση επιστροφής) | Example: Αναζητήστε πτήσεις απλής μετάβασης ή πτήσεις επιστροφής
Κλείστε την πτήση επιστροφής από {price}
- EN: return → el-GR: μετ' επιστροφής | Definition: A flight that returns to the original departure location (1 flight) | Notes: Roundtrip | Example: Ποια είναι η καλύτερη τιμή για μια πτήση μετ' επιστροφής από τη Σόφια προς το Παρίσι;
- EN: return → el-GR: Μετ' επιστροφής | Definition: A train journey that includes both the outbound and inbound journeys, completing the round trip. | Example: Κλείστε εισιτήρια μετ' επιστροφής για το ταξίδι σας.
- EN: return → el-GR: Επιστροφή | Definition: A train trip to return to the original departure location (1 trip)" | Example: Επιλέξτε ένα εισιτήριο επιστροφής για το ταξίδι σας.
- EN: return date → el-GR: ημερομηνία επιστροφής | Definition: The date of the return journey. | Example: Επιλέξτε ημερομηνία επιστροφής
- EN: return flight → el-GR: πτήση μετ' επιστροφής | Definition: A flight that includes both the outbound and inbound journeys, completing the round trip. | Example: Αναζητήστε πτήσεις μετ' επιστροφής
Βρείτε τις καλύτερες τιμές για απευθείας πτήσεις ή πτήσεις μετ' επιστροφής σε όλη τη χώρα.
- EN: return flight → el-GR: πτήση επιστροφής | Definition: A flight that returns to the original departure location (1 flight) | Example: Αναζητήστε πτήσεις επιστροφής
Βρείτε τις καλύτερες τιμές για απευθείας πτήσεις ή πτήσεις επιστροφής σε όλη τη χώρα.
- EN: return trip → el-GR: δρομολόγιο μετ' επιστροφής | Definition: A journey including both the outbound journey to the destination and the inbound journey back to the starting location.
- EN: Review → el-GR: αφήνω κριτική | Definition: Verb - Add an evaluation or feedback about a service or product. | Example: Αφήστε κριτική για το ταξίδι σας
- EN: review → el-GR: κριτική | Definition: Noun - An evaluation or feedback about a service or product. | Example: Εικόνα κριτικής {{|index|}}
- EN: room → el-GR: δωμάτιο | Definition: A space within a building for accommodation | Example: Επιλέξτε τύπο δωματίου
Βρήκατε το δωμάτιο που θέλατε; Απλώς κάντε κλικ για να κάνετε κράτηση στο δωμάτιό σας απευθείας με τον ιστότοπο του ξενοδοχείου.
- EN: same to same → el-GR: ίδιο-ίδιο | Definition: Fuel policy where the car must be returned with the same amount of fuel as when picked up.
- EN: Satisfactory → el-GR: Ικανοποιητικό | Definition: Rating indicating acceptable quality or performance, but with some issues.
- EN: Saved → el-GR: Αγαπημένα/Αποθηκεύω (στα αγαπημένα) | Definition: For travellers planning one or more trips, this feature empowers users to save different elements of their travel, so they can compare and monitor prices, book at a time that suits and/or find the perfect option. | Example: Λειτουργία: 
Συνδεθείτε για να δείτε τα Αγαπημένα
Αποθηκεύτηκε στα Αγαπημένα: Θα σας ενημερώσουμε αν αλλάξουν οι τιμές

Ρήμα:
Αποθηκεύτηκαν πτήσεις και ξενοδοχεία        
Βρήκαμε μια νέα τιμή για τις αποθηκευμένες ειδοποιήσεις σας
- EN: Savvy Search → el-GR: Έξυπνος εξερευνητής | Definition: Savvy Search is a generative AI planning tool developed internally. It is designed to help travelers discover new destinations and experiences by asking questions like "What kind of trip is on your mind?" This tool is powered by OpenAI's ChatGPT and uses historical internet data along with Skyscanner's destination and price data to provide travel recommendations | Example: Παρουσιάζουμε τον Έξυπνο εξερευνητή

Αφήστε τον Έξυπνο εξερευνητή να σας πάει σε μέρη που δεν τα φανταζόσασταν.
- EN: search → el-GR: αναζήτηση | Definition: The process of looking for specific travel-related information or options, such as flights, hotels, rental cars | Example: Ξεκινήστε την αναζήτησή σας.
Δυστυχώς, δεν καταφέραμε να βρούμε πτήσεις που να ανταποκρίνονται στην αναζήτησή σας.
- EN: search → el-GR: αναζητώ | Definition: To look for information or options. | Example: Αναζητήστε πτήσεις απλής μετάβασης
Γίνεται αναζήτηση για παρόχους
- EN: select → el-GR: επιλογή | Definition: The act of choosing or picking a specific option from a range of available choices. | Example: Επιλέξτε έναν προορισμό
Το ξενοδοχείο δεν είναι διαθέσιμο για τις ημερομηνίες, τους επισκέπτες ή τα δωμάτια που επιλέξατε
Επιλογή
- EN: self catering → el-GR: με αυτονομία σίτισης | Definition: This type of accommodation may or may not provide guests with kitchen facilities to prepare their own meals. No meals are included in the package
- EN: self-transfer → el-GR: αυτομεταφορά | Definition: When passengers need to transfer between flights on their own without airline assistance. It may be necessary to check in separately for each connecting flight. | Example: Αυτό το ταξίδι συμπεριλαμβάνει αυτομεταφορά.
- EN: sign up → el-GR: εγγραφή | Definition: Option to create a new account. | Example: Συνδεθείτε ή εγγραφείτε για να μοιραστείτε τις εμπειρίες σας με άλλους
- EN: solo travellers → el-GR: μόνοι ταξιδιώτες | Definition: Individuals traveling alone.
- EN: sports car → el-GR: σπορ αυτοκίνητο | Definition: A car designed for high performance and agility, often with a sleek design.
- EN: standard → el-GR: κανονικό | Definition: A category of rental cars that offer a balance between size, comfort, and cost.
- EN: star → el-GR: αστέρια | Definition: A hotel star rating is a system used to classify hotels based on their quality, amenities, service, and overall guest experience. | Example: Ξενοδοχεία:
Ξενοδοχεία με 3 αστέρια από @@hotelPrice@@.

Κριτικές για ενοικίαση αυτοκινήτου/συνεργάτη: 
Με βαθμολογία 4 στα 5 αστέρια, με βάση 300 κριτικές.
- EN: star → el-GR: αστέρια | Example: Ξενοδοχεία:
Ξενοδοχεία με 3 αστέρια από @@hotelPrice@@.

Κριτικές για ενοικίαση αυτοκινήτου/συνεργάτη: 
Με βαθμολογία 4 στα 5 αστέρια, με βάση 300 κριτικές.
- EN: star rating → el-GR: βαθμολογία με αστέρια | Definition: A hotel star rating is a system used to classify hotels based on their quality, amenities, service, and overall guest experience.
- EN: stay → el-GR: διαμονή | Definition: Period during which a guest resides at an accommodation, such as a hotel.
- EN: stop → el-GR: στάση | Definition: Flight connection at other airport before reaching the destination (not direct flights) | Example: 2 στάσεις ή λιγότερες
Η κατάταξη βασίζεται στην τιμή, τη διάρκεια ή τον αριθμό στάσεων.
- EN: Suggested for you → el-GR: Προτάσεις για εσάς | Definition: Personalized recommendations based on your interests or past behavior.
- EN: SUV → el-GR: SUV | Definition: Sport Utility Vehicle, a larger car often with off-road capability and more passenger/cargo space.
- EN: tax → el-GR: φόρος | Definition: Compulsory financial charges imposed by a government. | Example: Συμπεριλαμβάνονται όλοι οι φόροι και οι προμήθειες, εκτός από τον τοπικό φόρο, κατά περίπτωση.
- EN: Terms of Service → el-GR: Όροι παροχής υπηρεσιών | Definition: The rules and conditions for using a service. | Example: Αν συνεχίσετε, συμφωνείτε με τους Όρους παροχής υπηρεσιών
- EN: Top Provider → el-GR: Κορυφαίος πάροχος | Definition: A booking partner that meets our top-quality criteria, demonstrated by a high Partner Quality Score, strong price accuracy, and reliable downstream visibility. This designation helps travelers make informed choices by identifying partners that offer a trustworthy and seamless booking experience.
- EN: total price → el-GR: συνολική τιμή | Definition: The complete cost of a service or product. | Example: Συνολική τιμή για όλες τις διανυκτερεύσεις
Η {partner} ενδέχεται να υπολογίζει τη συνολική τιμή του δωματίου (όχι την τιμή ανά βράδυ)
- EN: transfer → el-GR: μεταφέρω | Definition: The act of moving travelers from one location to another. | Example: Αφού βρείτε την προσφορά για ενοικίαση αυτοκινήτου που σας ταιριάζει, θα σας ανακατευθύνουμε στην εταιρεία ενοικίασης αυτοκινήτου για να κάνετε την κράτησή σας.
Θα σας υποδεχθεί αυτοπροσώπως κατά την άφιξή σας, για να σας οδηγήσει στο ιδιωτικό λεωφορείο σας, το οποίο θα σας μεταφέρει στο κατάλυμά σας.
- EN: transfer → el-GR: (υπηρεσία) μεταφορά(ς) | Definition: Service or act of moving from one mode of transport to another. | Example: Αφού βρείτε την προσφορά για ενοικίαση αυτοκινήτου που σας ταιριάζει, θα σας ανακατευθύνουμε στην εταιρεία ενοικίασης αυτοκινήτου για να κάνετε την κράτησή σας.
Θα σας υποδεχθεί αυτοπροσώπως κατά την άφιξή σας, για να σας οδηγήσει στο ιδιωτικό λεωφορείο σας, το οποίο θα σας μεταφέρει στο κατάλυμά σας.
- EN: transmission → el-GR: κιβώτιο ταχυτήτων | Definition: The mechanism by which power is transmitted from the engine to the wheels in a vehicle.
- EN: travel agent → el-GR: ταξιδιωτικό πρακτορείο | Definition: A professional who plans and books travel arrangements for clients. | Example: Σας παρουσιάζουμε σχετικά αποτελέσματα, αναζητώντας στους περισσότερους από 200 επαγγελματικούς συνεργάτες μας, όπως ξενοδοχεία και ταξιδιωτικούς πράκτορες.
- EN: travel Hack → el-GR: συμβουλή | Definition: Tips and strategies for making travel easier or cheaper. | Example: Η απόλυτη συμβουλή: Εξερευνήστε παντού
- EN: travel insurance → el-GR: ταξιδιωτική ασφάλιση | Definition: Coverage for risks associated with travel, such as trip cancellations and medical emergencies. | Example: Βεβαιωθείτε ότι έχετε τη σωστή ταξιδιωτική ασφάλιση προτού αναχωρήσετε για την τοποθεσία @@destination@@.
- EN: Travel Tuesday → el-GR: Travel Tuesday | Definition: A marketing initiative on the Tuesday after Thanksgiving, offering significant discounts on travel-related purchases like flights and hotels. | Notes: we just use the American-English term for it. Please use the feminine article for it: "η Travel Tuesday" | Example: Κλείστε τα εισιτήριά σας στη φετινή Travel Tuesday!
- EN: traveller → el-GR: ταξιδιώτης | Definition: An individual who is traveling. | Example: Βελτιώνουμε συνεχώς την εφαρμογή μας για να την κάνουμε καλύτερη για ταξιδιώτες όπως εσάς.
Κριτικές από άλλους ταξιδιώτες
- EN: trip → el-GR: ταξίδι | Definition: A journey from one place to another. | Example: Η Skyscanner κάνει τον προγραμματισμό του επόμενου ταξιδιού σας παιχνιδάκι
Αν δεν έχετε αποφασίσει ποιον μήνα να ταξιδέψετε, μπορείτε εύκολα να βρείτε τον μήνα με τις πιο φθηνές πτήσεις για να αναχωρήσετε για έναν συγκεκριμένο προορισμό.
- EN: Underrated Destinations → el-GR: κρυφοί προορισμοί | Definition: Travel locations that are less popular but worth visiting. | Example: Κρυφοί προορισμοί: ένα νέο φίλτρο αναζήτησης
- EN: unique stays → el-GR: μοναδικοί χώροι | Definition: Accommodations that offer unusual or distinctive experiences.
- EN: unlimited mileage → el-GR: απεριόριστος αριθμός χιλιομέτρων | Definition: Option allowing unlimited travel distance in a rental vehicle. | Example: Να εμφανίζονται μόνο προσφορές με απεριόριστο αριθμό χιλιομέτρων
- EN: van → el-GR: βαν | Definition: A larger vehicle used for transporting goods or people.
- EN: vehicle → el-GR: όχημα | Definition: A mode of transportation used to move from one place to another.
- EN: Very good → el-GR: Πολύ καλό | Definition: Rating indicating high quality or performance.
- EN: Vibes → el-GR: Διάθεση | Definition: Vibes is an AI-powered feature developed by Skyscanner that enhances the Explore Everywhere experience by categorising and sorting travel destinations in a smart, intuitive way to inspire travellers. These “vibes” are essentially themed tiles or categories—likely based on mood, activity type, scenery, or travel style (e.g. “beach escape”, “romantic getaway”, “adventurous hiking”)—that help users discover destinations they might not have otherwise considered.
- EN: wagon → el-GR: station wagon | Definition: A car with a longer body and more cargo space, often with a rear hatch door.
- EN: Whole month → el-GR: Ολόκληρος μήνας | Definition: Option to view availability and prices for an entire month. | Example: Κεφαλαία:
Αν οι ημερομηνίες του ταξιδιού σας είναι ευέλικτες, χρησιμοποιήστε το εργαλείο «Ολόκληρος μήνας» της Skyscanner για να βρείτε τον μήνα ή ακόμη και την ημέρα με τη φθηνότερη πτήση προς και από την τοποθεσία @@place@@.

Πεζά:
Επιλογή ολόκληρου μήνα
- EN: whole month → el-GR: ολόκληρος μήνας | Definition: Option to view availability and prices for an entire month. | Example: Κεφαλαία:
Αν οι ημερομηνίες του ταξιδιού σας είναι ευέλικτες, χρησιμοποιήστε το εργαλείο «Ολόκληρος μήνας» της Skyscanner για να βρείτε τον μήνα ή ακόμη και την ημέρα με τη φθηνότερη πτήση προς και από την τοποθεσία @@place@@.

Πεζά:
Επιλογή ολόκληρου μήνα
- EN: With honours → el-GR: Άριστο | Definition: A high distinction or recognition for excellence.

Draft LQA report to validate and finalize (JSON):

{
  "review_findings": [
    {
      "text": "Η αναζήτηση οικονομικής ενοικίασης αυτοκινήτου στη Salamina ξεκινά με σύγκριση τιμών ανάμεσα στους διαθέσιμους παρόχους. Η χαμηλότερη τιμή που εντοπίζεται αυτή τη στιγμή ανέρχεται σε 34 €, ενώ η μέση ετήσια τιμή διαμορφώνεται στα 41 €. Ο μήνας Απριλίου τείνει να προσφέρει τις πιο προσιτές τιμές για την ενοικίαση οχήματος. Η κράτηση 2 εβδομάδες πριν από την ημερομηνία παραλαβής συμβάλλει στην εξασφάλιση ευνοϊκότερης τιμής. Η έγκαιρη σύγκριση των επιλογών επιτρέπει τον εντοπισμό της καταλληλότερης προσφοράς για τις ανάγκες κάθε ταξιδιώτη.",
      "issue": "The single paragraph contains multiple distinct ideas (current prices, best time to book, general advice), which objectively harms readability and scannability for web content.",
      "type_of_issue": "Style",
      "solution": "Split the text into shorter, focused paragraphs, with each one covering a single topic to improve scannability.",
      "updated_sentence": "Η αναζήτηση οικονομικής ενοικίασης αυτοκινήτου στη Salamina ξεκινά με σύγκριση τιμών ανάμεσα στους διαθέσιμους παρόχους. Η χαμηλότερη τιμή που εντοπίζεται αυτή τη στιγμή ανέρχεται σε 34 €, ενώ η μέση ετήσια τιμή διαμορφώνεται στα 41 €.\n\nΟ μήνας Απριλίου τείνει να προσφέρει τις πιο προσιτές τιμές για την ενοικίαση οχήματος. Η κράτηση 2 εβδομάδες πριν από την ημερομηνία παραλαβής συμβάλλει στην εξασφάλιση ευνοϊκότερης τιμής.\n\nΗ έγκαιρη σύγκριση των επιλογών επιτρέπει τον εντοπισμό της καταλληλότερης προσφοράς για τις ανάγκες κάθε ταξιδιώτη.",
      "severity": "Minor",
      "score_deduction": 1
    }
  ],
  "overall_feedback": {
    "summary": [
      "The content is grammatically correct and uses appropriate terminology.",
      "The primary issue identified relates to content structure, where a single paragraph combines multiple distinct topics, impacting scannability for the user."
    ],
    "action_plan": [
      "Instruct writers to structure web content using shorter paragraphs, each focusing on a single core idea, to enhance readability and user experience."
    ]
  }
}

Return only the final JSON object (must include `corrected_content` for the full section body).

2026-09-01 16:29:23,548 - INFO - [GR] Agent 2 window 0-9 (10 batches)
2026-09-01 16:29:23,645 - INFO - AFC is enabled with max remote calls: 10.
2026-09-01 16:29:23,652 - INFO - AFC is enabled with max remote calls: 10.
2026-09-01 16:29:23,654 - INFO - AFC is enabled with max remote calls: 10.
2026-09-01 16:29:23,655 - INFO - AFC is enabled with max remote calls: 10.
2026-09-01 16:29:23,657 - INFO - AFC is enabled with max remote calls: 10.
2026-09-01 16:29:23,659 - INFO - AFC is enabled with max remote calls: 10.
2026-09-01 16:29:23,662 - INFO - AFC is enabled with max remote calls: 10.
2026-09-01 16:29:23,663 - INFO - AFC is enabled with max remote calls: 10.
2026-09-01 16:29:23,665 - INFO - AFC is enabled with max remote calls: 10.
2026-09-01 16:29:23,667 - INFO - AFC is enabled with max remote calls: 10.
2026-09-01 16:29:39,853 - INFO - HTTP Request: POST https://generativelanguage.googleapis.com/v1beta/models/gemini-2.5-pro:generateContent "HTTP/1.1 200 OK"
2026-09-01 16:29:40,059 - INFO - HTTP Request: POST https://generativelanguage.googleapis.com/v1beta/models/gemini-2.5-pro:generateContent "HTTP/1.1 200 OK"
2026-09-01 16:29:40,580 - INFO - HTTP Request: POST https://generativelanguage.googleapis.com/v1beta/models/gemini-2.5-pro:generateContent "HTTP/1.1 200 OK"
2026-09-01 16:29:41,315 - INFO - HTTP Request: POST https://generativelanguage.googleapis.com/v1beta/models/gemini-2.5-pro:generateContent "HTTP/1.1 200 OK"
2026-09-01 16:29:41,846 - INFO - HTTP Request: POST https://generativelanguage.googleapis.com/v1beta/models/gemini-2.5-pro:generateContent "HTTP/1.1 200 OK"
2026-09-01 16:29:41,848 - INFO - HTTP Request: POST https://generativelanguage.googleapis.com/v1beta/models/gemini-2.5-pro:generateContent "HTTP/1.1 200 OK"
2026-09-01 16:29:46,510 - INFO - HTTP Request: POST https://generativelanguage.googleapis.com/v1beta/models/gemini-2.5-pro:generateContent "HTTP/1.1 200 OK"
2026-09-01 16:29:47,709 - INFO - HTTP Request: POST https://generativelanguage.googleapis.com/v1beta/models/gemini-2.5-pro:generateContent "HTTP/1.1 200 OK"
2026-09-01 16:29:47,950 - INFO - HTTP Request: POST https://generativelanguage.googleapis.com/v1beta/models/gemini-2.5-pro:generateContent "HTTP/1.1 200 OK"
2026-09-01 16:29:53,376 - INFO - HTTP Request: POST https://generativelanguage.googleapis.com/v1beta/models/gemini-2.5-pro:generateContent "HTTP/1.1 200 OK"
2026-09-01 16:29:53,465 - INFO - [GR] Waiting 10.0s before next Agent 2 window…
2026-09-01 16:30:03,475 - INFO - [GR] Agent 2 window 10-19 (10 batches)
2026-09-01 16:30:03,629 - INFO - AFC is enabled with max remote calls: 10.
2026-09-01 16:30:03,638 - INFO - AFC is enabled with max remote calls: 10.
2026-09-01 16:30:03,643 - INFO - AFC is enabled with max remote calls: 10.
2026-09-01 16:30:03,646 - INFO - AFC is enabled with max remote calls: 10.
2026-09-01 16:30:03,648 - INFO - AFC is enabled with max remote calls: 10.
2026-09-01 16:30:03,649 - INFO - AFC is enabled with max remote calls: 10.
2026-09-01 16:30:03,650 - INFO - AFC is enabled with max remote calls: 10.
2026-09-01 16:30:03,652 - INFO - AFC is enabled with max remote calls: 10.
2026-09-01 16:30:03,653 - INFO - AFC is enabled with max remote calls: 10.
2026-09-01 16:30:03,654 - INFO - AFC is enabled with max remote calls: 10.
2026-09-01 16:30:19,902 - INFO - HTTP Request: POST https://generativelanguage.googleapis.com/v1beta/models/gemini-2.5-pro:generateContent "HTTP/1.1 200 OK"
2026-09-01 16:30:21,147 - INFO - HTTP Request: POST https://generativelanguage.googleapis.com/v1beta/models/gemini-2.5-pro:generateContent "HTTP/1.1 200 OK"
2026-09-01 16:30:21,999 - INFO - HTTP Request: POST https://generativelanguage.googleapis.com/v1beta/models/gemini-2.5-pro:generateContent "HTTP/1.1 200 OK"
2026-09-01 16:30:22,007 - INFO - HTTP Request: POST https://generativelanguage.googleapis.com/v1beta/models/gemini-2.5-pro:generateContent "HTTP/1.1 200 OK"
2026-09-01 16:30:22,236 - INFO - HTTP Request: POST https://generativelanguage.googleapis.com/v1beta/models/gemini-2.5-pro:generateContent "HTTP/1.1 200 OK"
2026-09-01 16:30:22,841 - INFO - HTTP Request: POST https://generativelanguage.googleapis.com/v1beta/models/gemini-2.5-pro:generateContent "HTTP/1.1 200 OK"
2026-09-01 16:30:22,890 - INFO - HTTP Request: POST https://generativelanguage.googleapis.com/v1beta/models/gemini-2.5-pro:generateContent "HTTP/1.1 200 OK"
2026-09-01 16:30:23,068 - INFO - HTTP Request: POST https://generativelanguage.googleapis.com/v1beta/models/gemini-2.5-pro:generateContent "HTTP/1.1 200 OK"
2026-09-01 16:30:26,192 - INFO - HTTP Request: POST https://generativelanguage.googleapis.com/v1beta/models/gemini-2.5-pro:generateContent "HTTP/1.1 200 OK"
2026-09-01 16:30:35,872 - INFO - HTTP Request: POST https://generativelanguage.googleapis.com/v1beta/models/gemini-2.5-pro:generateContent "HTTP/1.1 200 OK"
2026-09-01 16:30:35,878 - INFO - [GR] Waiting 10.0s before next Agent 2 window…
2026-09-01 16:30:45,894 - INFO - [GR] Agent 2 window 20-29 (10 batches)
2026-09-01 16:30:46,279 - INFO - AFC is enabled with max remote calls: 10.
2026-09-01 16:30:46,315 - INFO - AFC is enabled with max remote calls: 10.
2026-09-01 16:30:46,332 - INFO - AFC is enabled with max remote calls: 10.
2026-09-01 16:30:46,336 - INFO - AFC is enabled with max remote calls: 10.
2026-09-01 16:30:46,348 - INFO - AFC is enabled with max remote calls: 10.
2026-09-01 16:30:46,368 - INFO - AFC is enabled with max remote calls: 10.
2026-09-01 16:30:46,385 - INFO - AFC is enabled with max remote calls: 10.
2026-09-01 16:30:46,393 - INFO - AFC is enabled with max remote calls: 10.
2026-09-01 16:30:46,409 - INFO - AFC is enabled with max remote calls: 10.
2026-09-01 16:30:46,418 - INFO - AFC is enabled with max remote calls: 10.
2026-09-01 16:31:02,394 - INFO - HTTP Request: POST https://generativelanguage.googleapis.com/v1beta/models/gemini-2.5-pro:generateContent "HTTP/1.1 200 OK"
2026-09-01 16:31:03,189 - INFO - HTTP Request: POST https://generativelanguage.googleapis.com/v1beta/models/gemini-2.5-pro:generateContent "HTTP/1.1 200 OK"
2026-09-01 16:31:03,797 - INFO - HTTP Request: POST https://generativelanguage.googleapis.com/v1beta/models/gemini-2.5-pro:generateContent "HTTP/1.1 200 OK"
2026-09-01 16:31:06,471 - INFO - HTTP Request: POST https://generativelanguage.googleapis.com/v1beta/models/gemini-2.5-pro:generateContent "HTTP/1.1 200 OK"
2026-09-01 16:31:09,360 - INFO - HTTP Request: POST https://generativelanguage.googleapis.com/v1beta/models/gemini-2.5-pro:generateContent "HTTP/1.1 200 OK"
2026-09-01 16:31:11,988 - INFO - HTTP Request: POST https://generativelanguage.googleapis.com/v1beta/models/gemini-2.5-pro:generateContent "HTTP/1.1 200 OK"
2026-09-01 16:31:12,352 - INFO - HTTP Request: POST https://generativelanguage.googleapis.com/v1beta/models/gemini-2.5-pro:generateContent "HTTP/1.1 200 OK"
2026-09-01 16:31:13,512 - INFO - HTTP Request: POST https://generativelanguage.googleapis.com/v1beta/models/gemini-2.5-pro:generateContent "HTTP/1.1 200 OK"
2026-09-01 16:31:14,534 - INFO - HTTP Request: POST https://generativelanguage.googleapis.com/v1beta/models/gemini-2.5-pro:generateContent "HTTP/1.1 200 OK"
2026-09-01 16:31:16,289 - INFO - HTTP Request: POST https://generativelanguage.googleapis.com/v1beta/models/gemini-2.5-pro:generateContent "HTTP/1.1 200 OK"
2026-09-01 16:31:16,306 - INFO - [GR] Waiting 10.0s before next Agent 2 window…
2026-09-01 16:31:26,310 - INFO - [GR] Agent 2 window 30-39 (10 batches)
2026-09-01 16:31:26,388 - INFO - AFC is enabled with max remote calls: 10.
2026-09-01 16:31:26,392 - INFO - AFC is enabled with max remote calls: 10.
2026-09-01 16:31:26,396 - INFO - AFC is enabled with max remote calls: 10.
2026-09-01 16:31:26,399 - INFO - AFC is enabled with max remote calls: 10.
2026-09-01 16:31:26,401 - INFO - AFC is enabled with max remote calls: 10.
2026-09-01 16:31:26,403 - INFO - AFC is enabled with max remote calls: 10.
2026-09-01 16:31:26,406 - INFO - AFC is enabled with max remote calls: 10.
2026-09-01 16:31:26,409 - INFO - AFC is enabled with max remote calls: 10.
2026-09-01 16:31:26,411 - INFO - AFC is enabled with max remote calls: 10.
2026-09-01 16:31:26,413 - INFO - AFC is enabled with max remote calls: 10.
2026-09-01 16:31:40,259 - INFO - HTTP Request: POST https://generativelanguage.googleapis.com/v1beta/models/gemini-2.5-pro:generateContent "HTTP/1.1 200 OK"
2026-09-01 16:31:40,642 - INFO - HTTP Request: POST https://generativelanguage.googleapis.com/v1beta/models/gemini-2.5-pro:generateContent "HTTP/1.1 200 OK"
2026-09-01 16:31:43,119 - INFO - HTTP Request: POST https://generativelanguage.googleapis.com/v1beta/models/gemini-2.5-pro:generateContent "HTTP/1.1 200 OK"
2026-09-01 16:31:43,361 - INFO - HTTP Request: POST https://generativelanguage.googleapis.com/v1beta/models/gemini-2.5-pro:generateContent "HTTP/1.1 200 OK"
2026-09-01 16:31:44,361 - INFO - HTTP Request: POST https://generativelanguage.googleapis.com/v1beta/models/gemini-2.5-pro:generateContent "HTTP/1.1 200 OK"
2026-09-01 16:31:45,453 - INFO - HTTP Request: POST https://generativelanguage.googleapis.com/v1beta/models/gemini-2.5-pro:generateContent "HTTP/1.1 200 OK"
2026-09-01 16:31:45,760 - INFO - HTTP Request: POST https://generativelanguage.googleapis.com/v1beta/models/gemini-2.5-pro:generateContent "HTTP/1.1 200 OK"
2026-09-01 16:31:49,375 - INFO - HTTP Request: POST https://generativelanguage.googleapis.com/v1beta/models/gemini-2.5-pro:generateContent "HTTP/1.1 200 OK"
2026-09-01 16:31:49,806 - INFO - HTTP Request: POST https://generativelanguage.googleapis.com/v1beta/models/gemini-2.5-pro:generateContent "HTTP/1.1 200 OK"
2026-09-01 16:31:52,823 - INFO - HTTP Request: POST https://generativelanguage.googleapis.com/v1beta/models/gemini-2.5-pro:generateContent "HTTP/1.1 200 OK"
2026-09-01 16:31:53,519 - INFO - [GR] Waiting 10.0s before next Agent 2 window…
2026-09-01 16:32:04,030 - INFO - [GR] Agent 2 window 40-49 (10 batches)
2026-09-01 16:32:04,677 - INFO - AFC is enabled with max remote calls: 10.
2026-09-01 16:32:04,735 - INFO - AFC is enabled with max remote calls: 10.
2026-09-01 16:32:04,738 - INFO - AFC is enabled with max remote calls: 10.
2026-09-01 16:32:04,743 - INFO - AFC is enabled with max remote calls: 10.
2026-09-01 16:32:04,750 - INFO - AFC is enabled with max remote calls: 10.
2026-09-01 16:32:04,754 - INFO - AFC is enabled with max remote calls: 10.
2026-09-01 16:32:04,759 - INFO - AFC is enabled with max remote calls: 10.
2026-09-01 16:32:04,765 - INFO - AFC is enabled with max remote calls: 10.
2026-09-01 16:32:04,768 - INFO - AFC is enabled with max remote calls: 10.
2026-09-01 16:32:04,775 - INFO - AFC is enabled with max remote calls: 10.
2026-09-01 16:32:19,252 - INFO - HTTP Request: POST https://generativelanguage.googleapis.com/v1beta/models/gemini-2.5-pro:generateContent "HTTP/1.1 200 OK"
2026-09-01 16:32:21,854 - INFO - HTTP Request: POST https://generativelanguage.googleapis.com/v1beta/models/gemini-2.5-pro:generateContent "HTTP/1.1 200 OK"
2026-09-01 16:32:21,902 - INFO - HTTP Request: POST https://generativelanguage.googleapis.com/v1beta/models/gemini-2.5-pro:generateContent "HTTP/1.1 200 OK"
2026-09-01 16:32:23,577 - INFO - HTTP Request: POST https://generativelanguage.googleapis.com/v1beta/models/gemini-2.5-pro:generateContent "HTTP/1.1 200 OK"
2026-09-01 16:32:24,564 - INFO - HTTP Request: POST https://generativelanguage.googleapis.com/v1beta/models/gemini-2.5-pro:generateContent "HTTP/1.1 200 OK"
2026-09-01 16:32:24,566 - INFO - HTTP Request: POST https://generativelanguage.googleapis.com/v1beta/models/gemini-2.5-pro:generateContent "HTTP/1.1 200 OK"
2026-09-01 16:32:25,455 - INFO - HTTP Request: POST https://generativelanguage.googleapis.com/v1beta/models/gemini-2.5-pro:generateContent "HTTP/1.1 200 OK"
2026-09-01 16:32:25,936 - INFO - HTTP Request: POST https://generativelanguage.googleapis.com/v1beta/models/gemini-2.5-pro:generateContent "HTTP/1.1 200 OK"
2026-09-01 16:32:28,379 - INFO - HTTP Request: POST https://generativelanguage.googleapis.com/v1beta/models/gemini-2.5-pro:generateContent "HTTP/1.1 200 OK"
2026-09-01 16:32:36,580 - INFO - HTTP Request: POST https://generativelanguage.googleapis.com/v1beta/models/gemini-2.5-pro:generateContent "HTTP/1.1 200 OK"
2026-09-01 16:32:36,593 - INFO - [GR] Waiting 10.0s before next Agent 2 window…
2026-09-01 16:32:46,607 - INFO - [GR] Agent 2 window 50-59 (10 batches)
2026-09-01 16:32:46,740 - INFO - AFC is enabled with max remote calls: 10.
2026-09-01 16:32:46,751 - INFO - AFC is enabled with max remote calls: 10.
2026-09-01 16:32:46,753 - INFO - AFC is enabled with max remote calls: 10.
2026-09-01 16:32:46,754 - INFO - AFC is enabled with max remote calls: 10.
2026-09-01 16:32:46,757 - INFO - AFC is enabled with max remote calls: 10.
2026-09-01 16:32:46,762 - INFO - AFC is enabled with max remote calls: 10.
2026-09-01 16:32:46,765 - INFO - AFC is enabled with max remote calls: 10.
2026-09-01 16:32:46,767 - INFO - AFC is enabled with max remote calls: 10.
2026-09-01 16:32:46,769 - INFO - AFC is enabled with max remote calls: 10.
2026-09-01 16:32:46,772 - INFO - AFC is enabled with max remote calls: 10.
2026-09-01 16:33:02,503 - INFO - HTTP Request: POST https://generativelanguage.googleapis.com/v1beta/models/gemini-2.5-pro:generateContent "HTTP/1.1 200 OK"
2026-09-01 16:33:03,648 - INFO - HTTP Request: POST https://generativelanguage.googleapis.com/v1beta/models/gemini-2.5-pro:generateContent "HTTP/1.1 200 OK"
2026-09-01 16:33:06,131 - INFO - HTTP Request: POST https://generativelanguage.googleapis.com/v1beta/models/gemini-2.5-pro:generateContent "HTTP/1.1 200 OK"
2026-09-01 16:33:06,704 - INFO - HTTP Request: POST https://generativelanguage.googleapis.com/v1beta/models/gemini-2.5-pro:generateContent "HTTP/1.1 200 OK"
2026-09-01 16:33:06,733 - INFO - HTTP Request: POST https://generativelanguage.googleapis.com/v1beta/models/gemini-2.5-pro:generateContent "HTTP/1.1 200 OK"
2026-09-01 16:33:06,883 - INFO - HTTP Request: POST https://generativelanguage.googleapis.com/v1beta/models/gemini-2.5-pro:generateContent "HTTP/1.1 200 OK"
2026-09-01 16:33:07,324 - INFO - HTTP Request: POST https://generativelanguage.googleapis.com/v1beta/models/gemini-2.5-pro:generateContent "HTTP/1.1 200 OK"
2026-09-01 16:33:09,804 - INFO - HTTP Request: POST https://generativelanguage.googleapis.com/v1beta/models/gemini-2.5-pro:generateContent "HTTP/1.1 200 OK"
2026-09-01 16:33:10,953 - INFO - HTTP Request: POST https://generativelanguage.googleapis.com/v1beta/models/gemini-2.5-pro:generateContent "HTTP/1.1 200 OK"
2026-09-01 16:33:19,229 - INFO - HTTP Request: POST https://generativelanguage.googleapis.com/v1beta/models/gemini-2.5-pro:generateContent "HTTP/1.1 200 OK"
2026-09-01 16:33:19,242 - INFO - [GR] Waiting 10.0s before next Agent 2 window…
2026-09-01 16:33:29,245 - INFO - [GR] Agent 2 window 60-69 (10 batches)
2026-09-01 16:33:29,320 - INFO - AFC is enabled with max remote calls: 10.
2026-09-01 16:33:29,331 - INFO - AFC is enabled with max remote calls: 10.
2026-09-01 16:33:29,335 - INFO - AFC is enabled with max remote calls: 10.
2026-09-01 16:33:29,341 - INFO - AFC is enabled with max remote calls: 10.
2026-09-01 16:33:29,348 - INFO - AFC is enabled with max remote calls: 10.
2026-09-01 16:33:29,352 - INFO - AFC is enabled with max remote calls: 10.
2026-09-01 16:33:29,356 - INFO - AFC is enabled with max remote calls: 10.
2026-09-01 16:33:29,359 - INFO - AFC is enabled with max remote calls: 10.
2026-09-01 16:33:29,361 - INFO - AFC is enabled with max remote calls: 10.
2026-09-01 16:33:29,363 - INFO - AFC is enabled with max remote calls: 10.
2026-09-01 16:33:43,870 - INFO - HTTP Request: POST https://generativelanguage.googleapis.com/v1beta/models/gemini-2.5-pro:generateContent "HTTP/1.1 200 OK"
2026-09-01 16:33:44,169 - INFO - HTTP Request: POST https://generativelanguage.googleapis.com/v1beta/models/gemini-2.5-pro:generateContent "HTTP/1.1 200 OK"
2026-09-01 16:33:45,991 - INFO - HTTP Request: POST https://generativelanguage.googleapis.com/v1beta/models/gemini-2.5-pro:generateContent "HTTP/1.1 200 OK"
2026-09-01 16:33:47,798 - INFO - HTTP Request: POST https://generativelanguage.googleapis.com/v1beta/models/gemini-2.5-pro:generateContent "HTTP/1.1 200 OK"
2026-09-01 16:33:49,629 - INFO - HTTP Request: POST https://generativelanguage.googleapis.com/v1beta/models/gemini-2.5-pro:generateContent "HTTP/1.1 200 OK"
2026-09-01 16:33:50,043 - INFO - HTTP Request: POST https://generativelanguage.googleapis.com/v1beta/models/gemini-2.5-pro:generateContent "HTTP/1.1 200 OK"
2026-09-01 16:33:50,149 - INFO - HTTP Request: POST https://generativelanguage.googleapis.com/v1beta/models/gemini-2.5-pro:generateContent "HTTP/1.1 200 OK"
2026-09-01 16:33:51,011 - INFO - HTTP Request: POST https://generativelanguage.googleapis.com/v1beta/models/gemini-2.5-pro:generateContent "HTTP/1.1 200 OK"
2026-09-01 16:33:51,718 - INFO - HTTP Request: POST https://generativelanguage.googleapis.com/v1beta/models/gemini-2.5-pro:generateContent "HTTP/1.1 200 OK"
2026-09-01 16:33:51,737 - INFO - HTTP Request: POST https://generativelanguage.googleapis.com/v1beta/models/gemini-2.5-pro:generateContent "HTTP/1.1 200 OK"
2026-09-01 16:33:51,739 - INFO - [GR] Waiting 10.0s before next Agent 2 window…
2026-09-01 16:34:01,749 - INFO - [GR] Agent 2 window 70-79 (10 batches)
2026-09-01 16:34:01,819 - INFO - AFC is enabled with max remote calls: 10.
2026-09-01 16:34:01,821 - INFO - AFC is enabled with max remote calls: 10.
2026-09-01 16:34:01,824 - INFO - AFC is enabled with max remote calls: 10.
2026-09-01 16:34:01,826 - INFO - AFC is enabled with max remote calls: 10.
2026-09-01 16:34:01,829 - INFO - AFC is enabled with max remote calls: 10.
2026-09-01 16:34:01,831 - INFO - AFC is enabled with max remote calls: 10.
2026-09-01 16:34:01,834 - INFO - AFC is enabled with max remote calls: 10.
2026-09-01 16:34:01,839 - INFO - AFC is enabled with max remote calls: 10.
2026-09-01 16:34:01,842 - INFO - AFC is enabled with max remote calls: 10.
2026-09-01 16:34:01,844 - INFO - AFC is enabled with max remote calls: 10.
2026-09-01 16:34:16,888 - INFO - HTTP Request: POST https://generativelanguage.googleapis.com/v1beta/models/gemini-2.5-pro:generateContent "HTTP/1.1 200 OK"
2026-09-01 16:34:17,465 - INFO - HTTP Request: POST https://generativelanguage.googleapis.com/v1beta/models/gemini-2.5-pro:generateContent "HTTP/1.1 200 OK"
2026-09-01 16:34:18,405 - INFO - HTTP Request: POST https://generativelanguage.googleapis.com/v1beta/models/gemini-2.5-pro:generateContent "HTTP/1.1 200 OK"
2026-09-01 16:34:19,081 - INFO - HTTP Request: POST https://generativelanguage.googleapis.com/v1beta/models/gemini-2.5-pro:generateContent "HTTP/1.1 200 OK"
2026-09-01 16:34:19,627 - INFO - HTTP Request: POST https://generativelanguage.googleapis.com/v1beta/models/gemini-2.5-pro:generateContent "HTTP/1.1 200 OK"
2026-09-01 16:34:21,190 - INFO - HTTP Request: POST https://generativelanguage.googleapis.com/v1beta/models/gemini-2.5-pro:generateContent "HTTP/1.1 200 OK"
2026-09-01 16:34:22,122 - INFO - HTTP Request: POST https://generativelanguage.googleapis.com/v1beta/models/gemini-2.5-pro:generateContent "HTTP/1.1 200 OK"
2026-09-01 16:34:23,699 - INFO - HTTP Request: POST https://generativelanguage.googleapis.com/v1beta/models/gemini-2.5-pro:generateContent "HTTP/1.1 200 OK"
2026-09-01 16:34:24,748 - INFO - HTTP Request: POST https://generativelanguage.googleapis.com/v1beta/models/gemini-2.5-pro:generateContent "HTTP/1.1 200 OK"
2026-09-01 16:34:39,972 - INFO - HTTP Request: POST https://generativelanguage.googleapis.com/v1beta/models/gemini-2.5-pro:generateContent "HTTP/1.1 200 OK"
2026-09-01 16:34:40,001 - INFO - [GR] Waiting 10.0s before next Agent 2 window…
2026-09-01 16:34:50,005 - INFO - [GR] Agent 2 window 80-89 (10 batches)
2026-09-01 16:34:50,084 - INFO - AFC is enabled with max remote calls: 10.
2026-09-01 16:34:50,095 - INFO - AFC is enabled with max remote calls: 10.
2026-09-01 16:34:50,098 - INFO - AFC is enabled with max remote calls: 10.
2026-09-01 16:34:50,100 - INFO - AFC is enabled with max remote calls: 10.
2026-09-01 16:34:50,103 - INFO - AFC is enabled with max remote calls: 10.
2026-09-01 16:34:50,108 - INFO - AFC is enabled with max remote calls: 10.
2026-09-01 16:34:50,115 - INFO - AFC is enabled with max remote calls: 10.
2026-09-01 16:34:50,116 - INFO - AFC is enabled with max remote calls: 10.
2026-09-01 16:34:50,118 - INFO - AFC is enabled with max remote calls: 10.
2026-09-01 16:34:50,120 - INFO - AFC is enabled with max remote calls: 10.
2026-09-01 16:35:05,473 - INFO - HTTP Request: POST https://generativelanguage.googleapis.com/v1beta/models/gemini-2.5-pro:generateContent "HTTP/1.1 200 OK"
2026-09-01 16:35:08,525 - INFO - HTTP Request: POST https://generativelanguage.googleapis.com/v1beta/models/gemini-2.5-pro:generateContent "HTTP/1.1 200 OK"
2026-09-01 16:35:08,595 - INFO - HTTP Request: POST https://generativelanguage.googleapis.com/v1beta/models/gemini-2.5-pro:generateContent "HTTP/1.1 200 OK"
2026-09-01 16:35:09,519 - INFO - HTTP Request: POST https://generativelanguage.googleapis.com/v1beta/models/gemini-2.5-pro:generateContent "HTTP/1.1 200 OK"
2026-09-01 16:35:10,663 - INFO - HTTP Request: POST https://generativelanguage.googleapis.com/v1beta/models/gemini-2.5-pro:generateContent "HTTP/1.1 200 OK"
2026-09-01 16:35:10,731 - INFO - HTTP Request: POST https://generativelanguage.googleapis.com/v1beta/models/gemini-2.5-pro:generateContent "HTTP/1.1 200 OK"
2026-09-01 16:35:10,939 - INFO - HTTP Request: POST https://generativelanguage.googleapis.com/v1beta/models/gemini-2.5-pro:generateContent "HTTP/1.1 200 OK"
2026-09-01 16:35:12,621 - INFO - HTTP Request: POST https://generativelanguage.googleapis.com/v1beta/models/gemini-2.5-pro:generateContent "HTTP/1.1 200 OK"
2026-09-01 16:35:18,846 - INFO - HTTP Request: POST https://generativelanguage.googleapis.com/v1beta/models/gemini-2.5-pro:generateContent "HTTP/1.1 200 OK"
2026-09-01 16:35:26,531 - INFO - HTTP Request: POST https://generativelanguage.googleapis.com/v1beta/models/gemini-2.5-pro:generateContent "HTTP/1.1 200 OK"
2026-09-01 16:35:26,548 - INFO - [GR] Waiting 10.0s before next Agent 2 window…
2026-09-01 16:35:36,840 - INFO - [GR] Agent 2 window 90-99 (10 batches)
2026-09-01 16:35:37,535 - INFO - AFC is enabled with max remote calls: 10.
2026-09-01 16:35:37,905 - INFO - AFC is enabled with max remote calls: 10.
2026-09-01 16:35:37,927 - INFO - AFC is enabled with max remote calls: 10.
2026-09-01 16:35:37,931 - INFO - AFC is enabled with max remote calls: 10.
2026-09-01 16:35:37,942 - INFO - AFC is enabled with max remote calls: 10.
2026-09-01 16:35:37,945 - INFO - AFC is enabled with max remote calls: 10.
2026-09-01 16:35:37,996 - INFO - AFC is enabled with max remote calls: 10.
2026-09-01 16:35:38,000 - INFO - AFC is enabled with max remote calls: 10.
2026-09-01 16:35:38,005 - INFO - AFC is enabled with max remote calls: 10.
2026-09-01 16:35:38,012 - INFO - AFC is enabled with max remote calls: 10.
2026-09-01 16:35:57,593 - INFO - HTTP Request: POST https://generativelanguage.googleapis.com/v1beta/models/gemini-2.5-pro:generateContent "HTTP/1.1 200 OK"
2026-09-01 16:35:58,704 - INFO - HTTP Request: POST https://generativelanguage.googleapis.com/v1beta/models/gemini-2.5-pro:generateContent "HTTP/1.1 200 OK"
2026-09-01 16:35:59,253 - INFO - HTTP Request: POST https://generativelanguage.googleapis.com/v1beta/models/gemini-2.5-pro:generateContent "HTTP/1.1 200 OK"
2026-09-01 16:35:59,650 - INFO - HTTP Request: POST https://generativelanguage.googleapis.com/v1beta/models/gemini-2.5-pro:generateContent "HTTP/1.1 200 OK"
2026-09-01 16:36:00,195 - INFO - HTTP Request: POST https://generativelanguage.googleapis.com/v1beta/models/gemini-2.5-pro:generateContent "HTTP/1.1 200 OK"
2026-09-01 16:36:00,515 - INFO - HTTP Request: POST https://generativelanguage.googleapis.com/v1beta/models/gemini-2.5-pro:generateContent "HTTP/1.1 200 OK"
2026-09-01 16:36:03,980 - INFO - HTTP Request: POST https://generativelanguage.googleapis.com/v1beta/models/gemini-2.5-pro:generateContent "HTTP/1.1 200 OK"
2026-09-01 16:36:04,156 - INFO - HTTP Request: POST https://generativelanguage.googleapis.com/v1beta/models/gemini-2.5-pro:generateContent "HTTP/1.1 200 OK"
2026-09-01 16:36:05,497 - INFO - HTTP Request: POST https://generativelanguage.googleapis.com/v1beta/models/gemini-2.5-pro:generateContent "HTTP/1.1 200 OK"
2026-09-01 16:36:07,685 - INFO - HTTP Request: POST https://generativelanguage.googleapis.com/v1beta/models/gemini-2.5-pro:generateContent "HTTP/1.1 200 OK"
2026-09-01 16:36:07,715 - INFO - [GR] Waiting 10.0s before next Agent 2 window…
2026-09-01 16:36:17,817 - INFO - [GR] Agent 2 window 100-109 (10 batches)
2026-09-01 16:36:18,313 - INFO - AFC is enabled with max remote calls: 10.
2026-09-01 16:36:18,386 - INFO - AFC is enabled with max remote calls: 10.
2026-09-01 16:36:18,399 - INFO - AFC is enabled with max remote calls: 10.
2026-09-01 16:36:18,422 - INFO - AFC is enabled with max remote calls: 10.
2026-09-01 16:36:18,427 - INFO - AFC is enabled with max remote calls: 10.
2026-09-01 16:36:18,437 - INFO - AFC is enabled with max remote calls: 10.
2026-09-01 16:36:18,450 - INFO - AFC is enabled with max remote calls: 10.
2026-09-01 16:36:18,472 - INFO - AFC is enabled with max remote calls: 10.
2026-09-01 16:36:18,485 - INFO - AFC is enabled with max remote calls: 10.
2026-09-01 16:36:18,498 - INFO - AFC is enabled with max remote calls: 10.
2026-09-01 16:36:34,046 - INFO - HTTP Request: POST https://generativelanguage.googleapis.com/v1beta/models/gemini-2.5-pro:generateContent "HTTP/1.1 200 OK"
2026-09-01 16:36:34,240 - INFO - HTTP Request: POST https://generativelanguage.googleapis.com/v1beta/models/gemini-2.5-pro:generateContent "HTTP/1.1 200 OK"
2026-09-01 16:36:34,400 - INFO - HTTP Request: POST https://generativelanguage.googleapis.com/v1beta/models/gemini-2.5-pro:generateContent "HTTP/1.1 200 OK"
2026-09-01 16:36:35,006 - INFO - HTTP Request: POST https://generativelanguage.googleapis.com/v1beta/models/gemini-2.5-pro:generateContent "HTTP/1.1 200 OK"
2026-09-01 16:36:35,844 - INFO - HTTP Request: POST https://generativelanguage.googleapis.com/v1beta/models/gemini-2.5-pro:generateContent "HTTP/1.1 200 OK"
2026-09-01 16:36:36,192 - INFO - HTTP Request: POST https://generativelanguage.googleapis.com/v1beta/models/gemini-2.5-pro:generateContent "HTTP/1.1 200 OK"
2026-09-01 16:36:39,515 - INFO - HTTP Request: POST https://generativelanguage.googleapis.com/v1beta/models/gemini-2.5-pro:generateContent "HTTP/1.1 200 OK"
2026-09-01 16:36:42,250 - INFO - HTTP Request: POST https://generativelanguage.googleapis.com/v1beta/models/gemini-2.5-pro:generateContent "HTTP/1.1 200 OK"
2026-09-01 16:36:43,578 - INFO - HTTP Request: POST https://generativelanguage.googleapis.com/v1beta/models/gemini-2.5-pro:generateContent "HTTP/1.1 200 OK"
2026-09-01 16:36:44,898 - INFO - HTTP Request: POST https://generativelanguage.googleapis.com/v1beta/models/gemini-2.5-pro:generateContent "HTTP/1.1 200 OK"
2026-09-01 16:36:44,906 - INFO - [GR] Waiting 10.0s before next Agent 2 window…
2026-09-01 16:36:54,915 - INFO - [GR] Agent 2 window 110-119 (10 batches)
2026-09-01 16:36:55,020 - INFO - AFC is enabled with max remote calls: 10.
2026-09-01 16:36:55,027 - INFO - AFC is enabled with max remote calls: 10.
2026-09-01 16:36:55,030 - INFO - AFC is enabled with max remote calls: 10.
2026-09-01 16:36:55,034 - INFO - AFC is enabled with max remote calls: 10.
2026-09-01 16:36:55,036 - INFO - AFC is enabled with max remote calls: 10.
2026-09-01 16:36:55,038 - INFO - AFC is enabled with max remote calls: 10.
2026-09-01 16:36:55,041 - INFO - AFC is enabled with max remote calls: 10.
2026-09-01 16:36:55,044 - INFO - AFC is enabled with max remote calls: 10.
2026-09-01 16:36:55,045 - INFO - AFC is enabled with max remote calls: 10.
2026-09-01 16:36:55,047 - INFO - AFC is enabled with max remote calls: 10.
2026-09-01 16:37:09,048 - INFO - HTTP Request: POST https://generativelanguage.googleapis.com/v1beta/models/gemini-2.5-pro:generateContent "HTTP/1.1 200 OK"
2026-09-01 16:37:10,973 - INFO - HTTP Request: POST https://generativelanguage.googleapis.com/v1beta/models/gemini-2.5-pro:generateContent "HTTP/1.1 200 OK"
2026-09-01 16:37:11,215 - INFO - HTTP Request: POST https://generativelanguage.googleapis.com/v1beta/models/gemini-2.5-pro:generateContent "HTTP/1.1 200 OK"
2026-09-01 16:37:11,279 - INFO - HTTP Request: POST https://generativelanguage.googleapis.com/v1beta/models/gemini-2.5-pro:generateContent "HTTP/1.1 200 OK"
2026-09-01 16:37:12,879 - INFO - HTTP Request: POST https://generativelanguage.googleapis.com/v1beta/models/gemini-2.5-pro:generateContent "HTTP/1.1 200 OK"
2026-09-01 16:37:14,702 - INFO - HTTP Request: POST https://generativelanguage.googleapis.com/v1beta/models/gemini-2.5-pro:generateContent "HTTP/1.1 200 OK"
2026-09-01 16:37:15,159 - INFO - HTTP Request: POST https://generativelanguage.googleapis.com/v1beta/models/gemini-2.5-pro:generateContent "HTTP/1.1 200 OK"
2026-09-01 16:37:19,631 - INFO - HTTP Request: POST https://generativelanguage.googleapis.com/v1beta/models/gemini-2.5-pro:generateContent "HTTP/1.1 200 OK"
2026-09-01 16:37:19,949 - INFO - HTTP Request: POST https://generativelanguage.googleapis.com/v1beta/models/gemini-2.5-pro:generateContent "HTTP/1.1 200 OK"
2026-09-01 16:37:24,969 - INFO - HTTP Request: POST https://generativelanguage.googleapis.com/v1beta/models/gemini-2.5-pro:generateContent "HTTP/1.1 200 OK"
2026-09-01 16:37:24,984 - INFO - [GR] Waiting 10.0s before next Agent 2 window…
2026-09-01 16:37:34,988 - INFO - [GR] Agent 2 window 120-129 (10 batches)
2026-09-01 16:37:35,086 - INFO - AFC is enabled with max remote calls: 10.
2026-09-01 16:37:35,093 - INFO - AFC is enabled with max remote calls: 10.
2026-09-01 16:37:35,094 - INFO - AFC is enabled with max remote calls: 10.
2026-09-01 16:37:35,097 - INFO - AFC is enabled with max remote calls: 10.
2026-09-01 16:37:35,099 - INFO - AFC is enabled with max remote calls: 10.
2026-09-01 16:37:35,102 - INFO - AFC is enabled with max remote calls: 10.
2026-09-01 16:37:35,106 - INFO - AFC is enabled with max remote calls: 10.
2026-09-01 16:37:35,112 - INFO - AFC is enabled with max remote calls: 10.
2026-09-01 16:37:35,120 - INFO - AFC is enabled with max remote calls: 10.
2026-09-01 16:37:35,126 - INFO - AFC is enabled with max remote calls: 10.
2026-09-01 16:37:48,987 - INFO - HTTP Request: POST https://generativelanguage.googleapis.com/v1beta/models/gemini-2.5-pro:generateContent "HTTP/1.1 200 OK"
2026-09-01 16:37:51,989 - INFO - HTTP Request: POST https://generativelanguage.googleapis.com/v1beta/models/gemini-2.5-pro:generateContent "HTTP/1.1 200 OK"
2026-09-01 16:37:52,919 - INFO - HTTP Request: POST https://generativelanguage.googleapis.com/v1beta/models/gemini-2.5-pro:generateContent "HTTP/1.1 200 OK"
2026-09-01 16:37:52,933 - INFO - HTTP Request: POST https://generativelanguage.googleapis.com/v1beta/models/gemini-2.5-pro:generateContent "HTTP/1.1 200 OK"
2026-09-01 16:37:56,763 - INFO - HTTP Request: POST https://generativelanguage.googleapis.com/v1beta/models/gemini-2.5-pro:generateContent "HTTP/1.1 200 OK"
2026-09-01 16:37:56,769 - INFO - HTTP Request: POST https://generativelanguage.googleapis.com/v1beta/models/gemini-2.5-pro:generateContent "HTTP/1.1 200 OK"
2026-09-01 16:37:56,771 - INFO - HTTP Request: POST https://generativelanguage.googleapis.com/v1beta/models/gemini-2.5-pro:generateContent "HTTP/1.1 200 OK"
2026-09-01 16:37:56,776 - INFO - HTTP Request: POST https://generativelanguage.googleapis.com/v1beta/models/gemini-2.5-pro:generateContent "HTTP/1.1 200 OK"
2026-09-01 16:38:05,806 - INFO - HTTP Request: POST https://generativelanguage.googleapis.com/v1beta/models/gemini-2.5-pro:generateContent "HTTP/1.1 200 OK"
2026-09-01 16:38:09,681 - INFO - HTTP Request: POST https://generativelanguage.googleapis.com/v1beta/models/gemini-2.5-pro:generateContent "HTTP/1.1 200 OK"
2026-09-01 16:38:09,693 - INFO - [GR] Waiting 10.0s before next Agent 2 window…
2026-09-01 16:38:19,698 - INFO - [GR] Agent 2 window 130-139 (10 batches)
2026-09-01 16:38:19,773 - INFO - AFC is enabled with max remote calls: 10.
2026-09-01 16:38:19,777 - INFO - AFC is enabled with max remote calls: 10.
2026-09-01 16:38:19,780 - INFO - AFC is enabled with max remote calls: 10.
2026-09-01 16:38:19,783 - INFO - AFC is enabled with max remote calls: 10.
2026-09-01 16:38:19,784 - INFO - AFC is enabled with max remote calls: 10.
2026-09-01 16:38:19,786 - INFO - AFC is enabled with max remote calls: 10.
2026-09-01 16:38:19,787 - INFO - AFC is enabled with max remote calls: 10.
2026-09-01 16:38:19,789 - INFO - AFC is enabled with max remote calls: 10.
2026-09-01 16:38:19,790 - INFO - AFC is enabled with max remote calls: 10.
2026-09-01 16:38:19,792 - INFO - AFC is enabled with max remote calls: 10.
2026-09-01 16:38:43,374 - INFO - HTTP Request: POST https://generativelanguage.googleapis.com/v1beta/models/gemini-2.5-pro:generateContent "HTTP/1.1 200 OK"
2026-09-01 16:38:43,396 - INFO - HTTP Request: POST https://generativelanguage.googleapis.com/v1beta/models/gemini-2.5-pro:generateContent "HTTP/1.1 200 OK"
2026-09-01 16:38:44,501 - INFO - HTTP Request: POST https://generativelanguage.googleapis.com/v1beta/models/gemini-2.5-pro:generateContent "HTTP/1.1 200 OK"
2026-09-01 16:38:44,913 - INFO - HTTP Request: POST https://generativelanguage.googleapis.com/v1beta/models/gemini-2.5-pro:generateContent "HTTP/1.1 200 OK"
2026-09-01 16:38:45,386 - INFO - HTTP Request: POST https://generativelanguage.googleapis.com/v1beta/models/gemini-2.5-pro:generateContent "HTTP/1.1 200 OK"
2026-09-01 16:38:45,499 - INFO - HTTP Request: POST https://generativelanguage.googleapis.com/v1beta/models/gemini-2.5-pro:generateContent "HTTP/1.1 200 OK"
2026-09-01 16:38:46,550 - INFO - HTTP Request: POST https://generativelanguage.googleapis.com/v1beta/models/gemini-2.5-pro:generateContent "HTTP/1.1 200 OK"
2026-09-01 16:38:51,247 - INFO - HTTP Request: POST https://generativelanguage.googleapis.com/v1beta/models/gemini-2.5-pro:generateContent "HTTP/1.1 200 OK"
2026-09-01 16:38:51,254 - INFO - HTTP Request: POST https://generativelanguage.googleapis.com/v1beta/models/gemini-2.5-pro:generateContent "HTTP/1.1 200 OK"
2026-09-01 16:38:53,218 - INFO - HTTP Request: POST https://generativelanguage.googleapis.com/v1beta/models/gemini-2.5-pro:generateContent "HTTP/1.1 200 OK"
2026-09-01 16:38:53,223 - INFO - [GR] Waiting 10.0s before next Agent 2 window…
2026-09-01 16:39:03,231 - INFO - [GR] Agent 2 window 140-149 (10 batches)
2026-09-01 16:39:03,327 - INFO - AFC is enabled with max remote calls: 10.
2026-09-01 16:39:03,331 - INFO - AFC is enabled with max remote calls: 10.
2026-09-01 16:39:03,335 - INFO - AFC is enabled with max remote calls: 10.
2026-09-01 16:39:03,337 - INFO - AFC is enabled with max remote calls: 10.
2026-09-01 16:39:03,339 - INFO - AFC is enabled with max remote calls: 10.
2026-09-01 16:39:03,342 - INFO - AFC is enabled with max remote calls: 10.
2026-09-01 16:39:03,347 - INFO - AFC is enabled with max remote calls: 10.
2026-09-01 16:39:03,349 - INFO - AFC is enabled with max remote calls: 10.
2026-09-01 16:39:03,354 - INFO - AFC is enabled with max remote calls: 10.
2026-09-01 16:39:03,360 - INFO - AFC is enabled with max remote calls: 10.
2026-09-01 16:39:19,299 - INFO - HTTP Request: POST https://generativelanguage.googleapis.com/v1beta/models/gemini-2.5-pro:generateContent "HTTP/1.1 200 OK"
2026-09-01 16:39:19,695 - INFO - HTTP Request: POST https://generativelanguage.googleapis.com/v1beta/models/gemini-2.5-pro:generateContent "HTTP/1.1 200 OK"
2026-09-01 16:39:19,757 - INFO - HTTP Request: POST https://generativelanguage.googleapis.com/v1beta/models/gemini-2.5-pro:generateContent "HTTP/1.1 200 OK"
2026-09-01 16:39:19,819 - INFO - HTTP Request: POST https://generativelanguage.googleapis.com/v1beta/models/gemini-2.5-pro:generateContent "HTTP/1.1 200 OK"
2026-09-01 16:39:24,657 - INFO - HTTP Request: POST https://generativelanguage.googleapis.com/v1beta/models/gemini-2.5-pro:generateContent "HTTP/1.1 200 OK"
2026-09-01 16:39:24,666 - INFO - HTTP Request: POST https://generativelanguage.googleapis.com/v1beta/models/gemini-2.5-pro:generateContent "HTTP/1.1 200 OK"
2026-09-01 16:39:24,919 - INFO - HTTP Request: POST https://generativelanguage.googleapis.com/v1beta/models/gemini-2.5-pro:generateContent "HTTP/1.1 200 OK"
2026-09-01 16:39:26,449 - INFO - HTTP Request: POST https://generativelanguage.googleapis.com/v1beta/models/gemini-2.5-pro:generateContent "HTTP/1.1 200 OK"
2026-09-01 16:39:28,968 - INFO - HTTP Request: POST https://generativelanguage.googleapis.com/v1beta/models/gemini-2.5-pro:generateContent "HTTP/1.1 200 OK"
2026-09-01 16:39:42,250 - INFO - HTTP Request: POST https://generativelanguage.googleapis.com/v1beta/models/gemini-2.5-pro:generateContent "HTTP/1.1 200 OK"
2026-09-01 16:39:42,277 - INFO - [GR] Waiting 10.0s before next Agent 2 window…
2026-09-01 16:39:52,287 - INFO - [GR] Agent 2 window 150-159 (10 batches)
2026-09-01 16:39:52,437 - INFO - AFC is enabled with max remote calls: 10.
2026-09-01 16:39:52,446 - INFO - AFC is enabled with max remote calls: 10.
2026-09-01 16:39:52,453 - INFO - AFC is enabled with max remote calls: 10.
2026-09-01 16:39:52,458 - INFO - AFC is enabled with max remote calls: 10.
2026-09-01 16:39:52,464 - INFO - AFC is enabled with max remote calls: 10.
2026-09-01 16:39:52,467 - INFO - AFC is enabled with max remote calls: 10.
2026-09-01 16:39:52,471 - INFO - AFC is enabled with max remote calls: 10.
2026-09-01 16:39:52,474 - INFO - AFC is enabled with max remote calls: 10.
2026-09-01 16:39:52,478 - INFO - AFC is enabled with max remote calls: 10.
2026-09-01 16:39:52,481 - INFO - AFC is enabled with max remote calls: 10.
2026-09-01 16:40:07,448 - INFO - HTTP Request: POST https://generativelanguage.googleapis.com/v1beta/models/gemini-2.5-pro:generateContent "HTTP/1.1 200 OK"
2026-09-01 16:40:08,895 - INFO - HTTP Request: POST https://generativelanguage.googleapis.com/v1beta/models/gemini-2.5-pro:generateContent "HTTP/1.1 200 OK"
2026-09-01 16:40:10,421 - INFO - HTTP Request: POST https://generativelanguage.googleapis.com/v1beta/models/gemini-2.5-pro:generateContent "HTTP/1.1 200 OK"
2026-09-01 16:40:11,613 - INFO - HTTP Request: POST https://generativelanguage.googleapis.com/v1beta/models/gemini-2.5-pro:generateContent "HTTP/1.1 200 OK"
2026-09-01 16:40:14,760 - INFO - HTTP Request: POST https://generativelanguage.googleapis.com/v1beta/models/gemini-2.5-pro:generateContent "HTTP/1.1 200 OK"
2026-09-01 16:40:16,549 - INFO - HTTP Request: POST https://generativelanguage.googleapis.com/v1beta/models/gemini-2.5-pro:generateContent "HTTP/1.1 200 OK"
2026-09-01 16:40:17,871 - INFO - HTTP Request: POST https://generativelanguage.googleapis.com/v1beta/models/gemini-2.5-pro:generateContent "HTTP/1.1 200 OK"
2026-09-01 16:40:17,887 - INFO - HTTP Request: POST https://generativelanguage.googleapis.com/v1beta/models/gemini-2.5-pro:generateContent "HTTP/1.1 200 OK"
2026-09-01 16:40:18,121 - INFO - HTTP Request: POST https://generativelanguage.googleapis.com/v1beta/models/gemini-2.5-pro:generateContent "HTTP/1.1 200 OK"
2026-09-01 16:40:19,908 - INFO - HTTP Request: POST https://generativelanguage.googleapis.com/v1beta/models/gemini-2.5-pro:generateContent "HTTP/1.1 200 OK"
2026-09-01 16:40:20,006 - INFO - [GR] Waiting 10.0s before next Agent 2 window…
2026-09-01 16:40:30,032 - INFO - [GR] Agent 2 window 160-169 (10 batches)
2026-09-01 16:40:30,150 - INFO - AFC is enabled with max remote calls: 10.
2026-09-01 16:40:30,160 - INFO - AFC is enabled with max remote calls: 10.
2026-09-01 16:40:30,163 - INFO - AFC is enabled with max remote calls: 10.
2026-09-01 16:40:30,165 - INFO - AFC is enabled with max remote calls: 10.
2026-09-01 16:40:30,167 - INFO - AFC is enabled with max remote calls: 10.
2026-09-01 16:40:30,168 - INFO - AFC is enabled with max remote calls: 10.
2026-09-01 16:40:30,170 - INFO - AFC is enabled with max remote calls: 10.
2026-09-01 16:40:30,174 - INFO - AFC is enabled with max remote calls: 10.
2026-09-01 16:40:30,176 - INFO - AFC is enabled with max remote calls: 10.
2026-09-01 16:40:30,177 - INFO - AFC is enabled with max remote calls: 10.
2026-09-01 16:40:46,448 - INFO - HTTP Request: POST https://generativelanguage.googleapis.com/v1beta/models/gemini-2.5-pro:generateContent "HTTP/1.1 200 OK"
2026-09-01 16:40:48,081 - INFO - HTTP Request: POST https://generativelanguage.googleapis.com/v1beta/models/gemini-2.5-pro:generateContent "HTTP/1.1 200 OK"
2026-09-01 16:40:49,587 - INFO - HTTP Request: POST https://generativelanguage.googleapis.com/v1beta/models/gemini-2.5-pro:generateContent "HTTP/1.1 200 OK"
2026-09-01 16:40:50,166 - INFO - HTTP Request: POST https://generativelanguage.googleapis.com/v1beta/models/gemini-2.5-pro:generateContent "HTTP/1.1 200 OK"
2026-09-01 16:40:51,008 - INFO - HTTP Request: POST https://generativelanguage.googleapis.com/v1beta/models/gemini-2.5-pro:generateContent "HTTP/1.1 200 OK"
2026-09-01 16:40:51,152 - INFO - HTTP Request: POST https://generativelanguage.googleapis.com/v1beta/models/gemini-2.5-pro:generateContent "HTTP/1.1 200 OK"
2026-09-01 16:40:51,315 - INFO - HTTP Request: POST https://generativelanguage.googleapis.com/v1beta/models/gemini-2.5-pro:generateContent "HTTP/1.1 200 OK"
2026-09-01 16:40:55,057 - INFO - HTTP Request: POST https://generativelanguage.googleapis.com/v1beta/models/gemini-2.5-pro:generateContent "HTTP/1.1 200 OK"
2026-09-01 16:41:10,635 - INFO - HTTP Request: POST https://generativelanguage.googleapis.com/v1beta/models/gemini-2.5-pro:generateContent "HTTP/1.1 200 OK"
2026-09-01 16:41:15,103 - INFO - HTTP Request: POST https://generativelanguage.googleapis.com/v1beta/models/gemini-2.5-pro:generateContent "HTTP/1.1 200 OK"
2026-09-01 16:41:15,121 - INFO - [GR] Waiting 10.0s before next Agent 2 window…
2026-09-01 16:41:25,134 - INFO - [GR] Agent 2 window 170-179 (10 batches)
2026-09-01 16:41:25,219 - INFO - AFC is enabled with max remote calls: 10.
2026-09-01 16:41:25,228 - INFO - AFC is enabled with max remote calls: 10.
2026-09-01 16:41:25,230 - INFO - AFC is enabled with max remote calls: 10.
2026-09-01 16:41:25,232 - INFO - AFC is enabled with max remote calls: 10.
2026-09-01 16:41:25,235 - INFO - AFC is enabled with max remote calls: 10.
2026-09-01 16:41:25,237 - INFO - AFC is enabled with max remote calls: 10.
2026-09-01 16:41:25,240 - INFO - AFC is enabled with max remote calls: 10.
2026-09-01 16:41:25,242 - INFO - AFC is enabled with max remote calls: 10.
2026-09-01 16:41:25,245 - INFO - AFC is enabled with max remote calls: 10.
2026-09-01 16:41:25,246 - INFO - AFC is enabled with max remote calls: 10.
2026-09-01 16:41:42,808 - INFO - HTTP Request: POST https://generativelanguage.googleapis.com/v1beta/models/gemini-2.5-pro:generateContent "HTTP/1.1 200 OK"
2026-09-01 16:41:44,292 - INFO - HTTP Request: POST https://generativelanguage.googleapis.com/v1beta/models/gemini-2.5-pro:generateContent "HTTP/1.1 200 OK"
2026-09-01 16:41:45,131 - INFO - HTTP Request: POST https://generativelanguage.googleapis.com/v1beta/models/gemini-2.5-pro:generateContent "HTTP/1.1 200 OK"
2026-09-01 16:41:46,133 - INFO - HTTP Request: POST https://generativelanguage.googleapis.com/v1beta/models/gemini-2.5-pro:generateContent "HTTP/1.1 200 OK"
2026-09-01 16:41:46,153 - INFO - HTTP Request: POST https://generativelanguage.googleapis.com/v1beta/models/gemini-2.5-pro:generateContent "HTTP/1.1 200 OK"
2026-09-01 16:41:46,439 - INFO - HTTP Request: POST https://generativelanguage.googleapis.com/v1beta/models/gemini-2.5-pro:generateContent "HTTP/1.1 200 OK"
2026-09-01 16:41:48,920 - INFO - HTTP Request: POST https://generativelanguage.googleapis.com/v1beta/models/gemini-2.5-pro:generateContent "HTTP/1.1 200 OK"
2026-09-01 16:41:49,390 - INFO - HTTP Request: POST https://generativelanguage.googleapis.com/v1beta/models/gemini-2.5-pro:generateContent "HTTP/1.1 200 OK"
2026-09-01 16:41:49,517 - INFO - HTTP Request: POST https://generativelanguage.googleapis.com/v1beta/models/gemini-2.5-pro:generateContent "HTTP/1.1 200 OK"
2026-09-01 16:41:55,028 - INFO - HTTP Request: POST https://generativelanguage.googleapis.com/v1beta/models/gemini-2.5-pro:generateContent "HTTP/1.1 200 OK"
2026-09-01 16:41:55,042 - INFO - [GR] Waiting 10.0s before next Agent 2 window…
2026-09-01 16:42:05,055 - INFO - [GR] Agent 2 window 180-189 (10 batches)
2026-09-01 16:42:05,170 - INFO - AFC is enabled with max remote calls: 10.
2026-09-01 16:42:05,178 - INFO - AFC is enabled with max remote calls: 10.
2026-09-01 16:42:05,180 - INFO - AFC is enabled with max remote calls: 10.
2026-09-01 16:42:05,182 - INFO - AFC is enabled with max remote calls: 10.
2026-09-01 16:42:05,183 - INFO - AFC is enabled with max remote calls: 10.
2026-09-01 16:42:05,185 - INFO - AFC is enabled with max remote calls: 10.
2026-09-01 16:42:05,188 - INFO - AFC is enabled with max remote calls: 10.
2026-09-01 16:42:05,189 - INFO - AFC is enabled with max remote calls: 10.
2026-09-01 16:42:05,192 - INFO - AFC is enabled with max remote calls: 10.
2026-09-01 16:42:05,194 - INFO - AFC is enabled with max remote calls: 10.
2026-09-01 16:42:20,788 - INFO - HTTP Request: POST https://generativelanguage.googleapis.com/v1beta/models/gemini-2.5-pro:generateContent "HTTP/1.1 200 OK"
2026-09-01 16:42:21,086 - INFO - HTTP Request: POST https://generativelanguage.googleapis.com/v1beta/models/gemini-2.5-pro:generateContent "HTTP/1.1 200 OK"
2026-09-01 16:42:21,195 - INFO - HTTP Request: POST https://generativelanguage.googleapis.com/v1beta/models/gemini-2.5-pro:generateContent "HTTP/1.1 200 OK"
2026-09-01 16:42:21,472 - INFO - HTTP Request: POST https://generativelanguage.googleapis.com/v1beta/models/gemini-2.5-pro:generateContent "HTTP/1.1 200 OK"
2026-09-01 16:42:22,165 - INFO - HTTP Request: POST https://generativelanguage.googleapis.com/v1beta/models/gemini-2.5-pro:generateContent "HTTP/1.1 200 OK"
2026-09-01 16:42:22,558 - INFO - HTTP Request: POST https://generativelanguage.googleapis.com/v1beta/models/gemini-2.5-pro:generateContent "HTTP/1.1 200 OK"
2026-09-01 16:42:25,042 - INFO - HTTP Request: POST https://generativelanguage.googleapis.com/v1beta/models/gemini-2.5-pro:generateContent "HTTP/1.1 200 OK"
2026-09-01 16:42:25,978 - INFO - HTTP Request: POST https://generativelanguage.googleapis.com/v1beta/models/gemini-2.5-pro:generateContent "HTTP/1.1 200 OK"
2026-09-01 16:42:26,225 - INFO - HTTP Request: POST https://generativelanguage.googleapis.com/v1beta/models/gemini-2.5-pro:generateContent "HTTP/1.1 200 OK"
2026-09-01 16:42:43,484 - INFO - HTTP Request: POST https://generativelanguage.googleapis.com/v1beta/models/gemini-2.5-pro:generateContent "HTTP/1.1 200 OK"
2026-09-01 16:42:43,511 - INFO - [GR] Waiting 10.0s before next Agent 2 window…
2026-09-01 16:42:53,526 - INFO - [GR] Agent 2 window 190-199 (10 batches)
2026-09-01 16:42:53,617 - INFO - AFC is enabled with max remote calls: 10.
2026-09-01 16:42:53,621 - INFO - AFC is enabled with max remote calls: 10.
2026-09-01 16:42:53,622 - INFO - AFC is enabled with max remote calls: 10.
2026-09-01 16:42:53,626 - INFO - AFC is enabled with max remote calls: 10.
2026-09-01 16:42:53,628 - INFO - AFC is enabled with max remote calls: 10.
2026-09-01 16:42:53,629 - INFO - AFC is enabled with max remote calls: 10.
2026-09-01 16:42:53,631 - INFO - AFC is enabled with max remote calls: 10.
2026-09-01 16:42:53,633 - INFO - AFC is enabled with max remote calls: 10.
2026-09-01 16:42:53,634 - INFO - AFC is enabled with max remote calls: 10.
2026-09-01 16:42:53,636 - INFO - AFC is enabled with max remote calls: 10.
2026-09-01 16:43:07,844 - INFO - HTTP Request: POST https://generativelanguage.googleapis.com/v1beta/models/gemini-2.5-pro:generateContent "HTTP/1.1 200 OK"
2026-09-01 16:43:07,847 - INFO - HTTP Request: POST https://generativelanguage.googleapis.com/v1beta/models/gemini-2.5-pro:generateContent "HTTP/1.1 200 OK"
2026-09-01 16:43:09,780 - INFO - HTTP Request: POST https://generativelanguage.googleapis.com/v1beta/models/gemini-2.5-pro:generateContent "HTTP/1.1 200 OK"
2026-09-01 16:43:12,799 - INFO - HTTP Request: POST https://generativelanguage.googleapis.com/v1beta/models/gemini-2.5-pro:generateContent "HTTP/1.1 200 OK"
2026-09-01 16:43:13,321 - INFO - HTTP Request: POST https://generativelanguage.googleapis.com/v1beta/models/gemini-2.5-pro:generateContent "HTTP/1.1 200 OK"
2026-09-01 16:43:13,961 - INFO - HTTP Request: POST https://generativelanguage.googleapis.com/v1beta/models/gemini-2.5-pro:generateContent "HTTP/1.1 200 OK"
2026-09-01 16:43:14,032 - INFO - HTTP Request: POST https://generativelanguage.googleapis.com/v1beta/models/gemini-2.5-pro:generateContent "HTTP/1.1 200 OK"
2026-09-01 16:43:15,386 - INFO - HTTP Request: POST https://generativelanguage.googleapis.com/v1beta/models/gemini-2.5-pro:generateContent "HTTP/1.1 200 OK"
2026-09-01 16:43:15,976 - INFO - HTTP Request: POST https://generativelanguage.googleapis.com/v1beta/models/gemini-2.5-pro:generateContent "HTTP/1.1 200 OK"
2026-09-01 16:43:17,880 - INFO - HTTP Request: POST https://generativelanguage.googleapis.com/v1beta/models/gemini-2.5-pro:generateContent "HTTP/1.1 200 OK"
2026-09-01 16:43:17,888 - INFO - [GR] Waiting 10.0s before next Agent 2 window…
2026-09-01 16:43:27,892 - INFO - [GR] Agent 2 window 200-209 (10 batches)
2026-09-01 16:43:27,949 - INFO - AFC is enabled with max remote calls: 10.
2026-09-01 16:43:27,955 - INFO - AFC is enabled with max remote calls: 10.
2026-09-01 16:43:27,958 - INFO - AFC is enabled with max remote calls: 10.
2026-09-01 16:43:27,962 - INFO - AFC is enabled with max remote calls: 10.
2026-09-01 16:43:27,965 - INFO - AFC is enabled with max remote calls: 10.
2026-09-01 16:43:27,969 - INFO - AFC is enabled with max remote calls: 10.
2026-09-01 16:43:27,972 - INFO - AFC is enabled with max remote calls: 10.
2026-09-01 16:43:27,977 - INFO - AFC is enabled with max remote calls: 10.
2026-09-01 16:43:27,987 - INFO - AFC is enabled with max remote calls: 10.
2026-09-01 16:43:27,992 - INFO - AFC is enabled with max remote calls: 10.
2026-09-01 16:43:42,539 - INFO - HTTP Request: POST https://generativelanguage.googleapis.com/v1beta/models/gemini-2.5-pro:generateContent "HTTP/1.1 200 OK"
2026-09-01 16:43:44,461 - INFO - HTTP Request: POST https://generativelanguage.googleapis.com/v1beta/models/gemini-2.5-pro:generateContent "HTTP/1.1 200 OK"
2026-09-01 16:43:47,791 - INFO - HTTP Request: POST https://generativelanguage.googleapis.com/v1beta/models/gemini-2.5-pro:generateContent "HTTP/1.1 200 OK"
2026-09-01 16:43:49,162 - INFO - HTTP Request: POST https://generativelanguage.googleapis.com/v1beta/models/gemini-2.5-pro:generateContent "HTTP/1.1 200 OK"
2026-09-01 16:43:51,038 - INFO - HTTP Request: POST https://generativelanguage.googleapis.com/v1beta/models/gemini-2.5-pro:generateContent "HTTP/1.1 200 OK"
2026-09-01 16:43:52,119 - INFO - HTTP Request: POST https://generativelanguage.googleapis.com/v1beta/models/gemini-2.5-pro:generateContent "HTTP/1.1 200 OK"
2026-09-01 16:43:52,137 - INFO - HTTP Request: POST https://generativelanguage.googleapis.com/v1beta/models/gemini-2.5-pro:generateContent "HTTP/1.1 200 OK"
2026-09-01 16:43:53,972 - INFO - HTTP Request: POST https://generativelanguage.googleapis.com/v1beta/models/gemini-2.5-pro:generateContent "HTTP/1.1 200 OK"
2026-09-01 16:43:54,755 - INFO - HTTP Request: POST https://generativelanguage.googleapis.com/v1beta/models/gemini-2.5-pro:generateContent "HTTP/1.1 200 OK"
2026-09-01 16:43:55,422 - INFO - HTTP Request: POST https://generativelanguage.googleapis.com/v1beta/models/gemini-2.5-pro:generateContent "HTTP/1.1 200 OK"
2026-09-01 16:43:55,434 - INFO - [GR] Waiting 10.0s before next Agent 2 window…
2026-09-01 16:44:05,437 - INFO - [GR] Agent 2 window 210-219 (10 batches)
2026-09-01 16:44:05,586 - INFO - AFC is enabled with max remote calls: 10.
2026-09-01 16:44:05,591 - INFO - AFC is enabled with max remote calls: 10.
2026-09-01 16:44:05,593 - INFO - AFC is enabled with max remote calls: 10.
2026-09-01 16:44:05,598 - INFO - AFC is enabled with max remote calls: 10.
2026-09-01 16:44:05,600 - INFO - AFC is enabled with max remote calls: 10.
2026-09-01 16:44:05,604 - INFO - AFC is enabled with max remote calls: 10.
2026-09-01 16:44:05,605 - INFO - AFC is enabled with max remote calls: 10.
2026-09-01 16:44:05,608 - INFO - AFC is enabled with max remote calls: 10.
2026-09-01 16:44:05,612 - INFO - AFC is enabled with max remote calls: 10.
2026-09-01 16:44:05,614 - INFO - AFC is enabled with max remote calls: 10.
2026-09-01 16:44:23,401 - INFO - HTTP Request: POST https://generativelanguage.googleapis.com/v1beta/models/gemini-2.5-pro:generateContent "HTTP/1.1 200 OK"
2026-09-01 16:44:26,772 - INFO - HTTP Request: POST https://generativelanguage.googleapis.com/v1beta/models/gemini-2.5-pro:generateContent "HTTP/1.1 200 OK"
2026-09-01 16:44:27,203 - INFO - HTTP Request: POST https://generativelanguage.googleapis.com/v1beta/models/gemini-2.5-pro:generateContent "HTTP/1.1 200 OK"
2026-09-01 16:44:28,872 - INFO - HTTP Request: POST https://generativelanguage.googleapis.com/v1beta/models/gemini-2.5-pro:generateContent "HTTP/1.1 200 OK"
2026-09-01 16:44:29,344 - INFO - HTTP Request: POST https://generativelanguage.googleapis.com/v1beta/models/gemini-2.5-pro:generateContent "HTTP/1.1 200 OK"
2026-09-01 16:44:29,622 - INFO - HTTP Request: POST https://generativelanguage.googleapis.com/v1beta/models/gemini-2.5-pro:generateContent "HTTP/1.1 200 OK"
2026-09-01 16:44:31,948 - INFO - HTTP Request: POST https://generativelanguage.googleapis.com/v1beta/models/gemini-2.5-pro:generateContent "HTTP/1.1 200 OK"
2026-09-01 16:44:32,772 - INFO - HTTP Request: POST https://generativelanguage.googleapis.com/v1beta/models/gemini-2.5-pro:generateContent "HTTP/1.1 200 OK"
2026-09-01 16:44:33,720 - INFO - HTTP Request: POST https://generativelanguage.googleapis.com/v1beta/models/gemini-2.5-pro:generateContent "HTTP/1.1 200 OK"
2026-09-01 16:44:35,910 - INFO - HTTP Request: POST https://generativelanguage.googleapis.com/v1beta/models/gemini-2.5-pro:generateContent "HTTP/1.1 200 OK"
2026-09-01 16:44:35,934 - INFO - [GR] Waiting 10.0s before next Agent 2 window…
2026-09-01 16:44:45,962 - INFO - [GR] Agent 2 window 220-229 (10 batches)
2026-09-01 16:44:46,142 - INFO - AFC is enabled with max remote calls: 10.
2026-09-01 16:44:46,150 - INFO - AFC is enabled with max remote calls: 10.
2026-09-01 16:44:46,166 - INFO - AFC is enabled with max remote calls: 10.
2026-09-01 16:44:46,169 - INFO - AFC is enabled with max remote calls: 10.
2026-09-01 16:44:46,176 - INFO - AFC is enabled with max remote calls: 10.
2026-09-01 16:44:46,185 - INFO - AFC is enabled with max remote calls: 10.
2026-09-01 16:44:46,193 - INFO - AFC is enabled with max remote calls: 10.
2026-09-01 16:44:46,197 - INFO - AFC is enabled with max remote calls: 10.
2026-09-01 16:44:46,201 - INFO - AFC is enabled with max remote calls: 10.
2026-09-01 16:44:46,208 - INFO - AFC is enabled with max remote calls: 10.
2026-09-01 16:45:02,647 - INFO - HTTP Request: POST https://generativelanguage.googleapis.com/v1beta/models/gemini-2.5-pro:generateContent "HTTP/1.1 200 OK"
2026-09-01 16:45:03,261 - INFO - HTTP Request: POST https://generativelanguage.googleapis.com/v1beta/models/gemini-2.5-pro:generateContent "HTTP/1.1 200 OK"
2026-09-01 16:45:05,844 - INFO - HTTP Request: POST https://generativelanguage.googleapis.com/v1beta/models/gemini-2.5-pro:generateContent "HTTP/1.1 200 OK"
2026-09-01 16:45:06,152 - INFO - HTTP Request: POST https://generativelanguage.googleapis.com/v1beta/models/gemini-2.5-pro:generateContent "HTTP/1.1 200 OK"
2026-09-01 16:45:10,058 - INFO - HTTP Request: POST https://generativelanguage.googleapis.com/v1beta/models/gemini-2.5-pro:generateContent "HTTP/1.1 200 OK"
2026-09-01 16:45:12,324 - INFO - HTTP Request: POST https://generativelanguage.googleapis.com/v1beta/models/gemini-2.5-pro:generateContent "HTTP/1.1 200 OK"
2026-09-01 16:45:13,167 - INFO - HTTP Request: POST https://generativelanguage.googleapis.com/v1beta/models/gemini-2.5-pro:generateContent "HTTP/1.1 200 OK"
2026-09-01 16:45:13,863 - INFO - HTTP Request: POST https://generativelanguage.googleapis.com/v1beta/models/gemini-2.5-pro:generateContent "HTTP/1.1 200 OK"
2026-09-01 16:45:14,515 - INFO - HTTP Request: POST https://generativelanguage.googleapis.com/v1beta/models/gemini-2.5-pro:generateContent "HTTP/1.1 200 OK"
2026-09-01 16:45:14,917 - INFO - HTTP Request: POST https://generativelanguage.googleapis.com/v1beta/models/gemini-2.5-pro:generateContent "HTTP/1.1 200 OK"
2026-09-01 16:45:14,922 - INFO - [GR] Waiting 10.0s before next Agent 2 window…
2026-09-01 16:45:24,930 - INFO - [GR] Agent 2 window 230-239 (10 batches)
2026-09-01 16:45:25,066 - INFO - AFC is enabled with max remote calls: 10.
2026-09-01 16:45:25,073 - INFO - AFC is enabled with max remote calls: 10.
2026-09-01 16:45:25,077 - INFO - AFC is enabled with max remote calls: 10.
2026-09-01 16:45:25,081 - INFO - AFC is enabled with max remote calls: 10.
2026-09-01 16:45:25,084 - INFO - AFC is enabled with max remote calls: 10.
2026-09-01 16:45:25,089 - INFO - AFC is enabled with max remote calls: 10.
2026-09-01 16:45:25,091 - INFO - AFC is enabled with max remote calls: 10.
2026-09-01 16:45:25,093 - INFO - AFC is enabled with max remote calls: 10.
2026-09-01 16:45:25,096 - INFO - AFC is enabled with max remote calls: 10.
2026-09-01 16:45:25,098 - INFO - AFC is enabled with max remote calls: 10.
2026-09-01 16:45:39,164 - INFO - HTTP Request: POST https://generativelanguage.googleapis.com/v1beta/models/gemini-2.5-pro:generateContent "HTTP/1.1 200 OK"
2026-09-01 16:45:41,903 - INFO - HTTP Request: POST https://generativelanguage.googleapis.com/v1beta/models/gemini-2.5-pro:generateContent "HTTP/1.1 200 OK"
2026-09-01 16:45:45,134 - INFO - HTTP Request: POST https://generativelanguage.googleapis.com/v1beta/models/gemini-2.5-pro:generateContent "HTTP/1.1 200 OK"
2026-09-01 16:45:46,433 - INFO - HTTP Request: POST https://generativelanguage.googleapis.com/v1beta/models/gemini-2.5-pro:generateContent "HTTP/1.1 200 OK"
2026-09-01 16:45:47,414 - INFO - HTTP Request: POST https://generativelanguage.googleapis.com/v1beta/models/gemini-2.5-pro:generateContent "HTTP/1.1 200 OK"
2026-09-01 16:45:47,416 - INFO - HTTP Request: POST https://generativelanguage.googleapis.com/v1beta/models/gemini-2.5-pro:generateContent "HTTP/1.1 200 OK"
2026-09-01 16:45:51,617 - INFO - HTTP Request: POST https://generativelanguage.googleapis.com/v1beta/models/gemini-2.5-pro:generateContent "HTTP/1.1 200 OK"
2026-09-01 16:45:54,801 - INFO - HTTP Request: POST https://generativelanguage.googleapis.com/v1beta/models/gemini-2.5-pro:generateContent "HTTP/1.1 200 OK"
2026-09-01 16:45:56,445 - INFO - HTTP Request: POST https://generativelanguage.googleapis.com/v1beta/models/gemini-2.5-pro:generateContent "HTTP/1.1 200 OK"
2026-09-01 16:46:06,318 - INFO - HTTP Request: POST https://generativelanguage.googleapis.com/v1beta/models/gemini-2.5-pro:generateContent "HTTP/1.1 200 OK"
2026-09-01 16:46:06,342 - INFO - [GR] Waiting 10.0s before next Agent 2 window…
2026-09-01 16:46:16,351 - INFO - [GR] Agent 2 window 240-249 (10 batches)
2026-09-01 16:46:16,452 - INFO - AFC is enabled with max remote calls: 10.
2026-09-01 16:46:16,462 - INFO - AFC is enabled with max remote calls: 10.
2026-09-01 16:46:16,466 - INFO - AFC is enabled with max remote calls: 10.
2026-09-01 16:46:16,468 - INFO - AFC is enabled with max remote calls: 10.
2026-09-01 16:46:16,470 - INFO - AFC is enabled with max remote calls: 10.
2026-09-01 16:46:16,471 - INFO - AFC is enabled with max remote calls: 10.
2026-09-01 16:46:16,472 - INFO - AFC is enabled with max remote calls: 10.
2026-09-01 16:46:16,474 - INFO - AFC is enabled with max remote calls: 10.
2026-09-01 16:46:16,477 - INFO - AFC is enabled with max remote calls: 10.
2026-09-01 16:46:16,479 - INFO - AFC is enabled with max remote calls: 10.
2026-09-01 16:46:38,060 - INFO - HTTP Request: POST https://generativelanguage.googleapis.com/v1beta/models/gemini-2.5-pro:generateContent "HTTP/1.1 200 OK"
2026-09-01 16:46:40,012 - INFO - HTTP Request: POST https://generativelanguage.googleapis.com/v1beta/models/gemini-2.5-pro:generateContent "HTTP/1.1 200 OK"
2026-09-01 16:46:57,688 - INFO - HTTP Request: POST https://generativelanguage.googleapis.com/v1beta/models/gemini-2.5-pro:generateContent "HTTP/1.1 200 OK"
2026-09-01 16:46:59,993 - INFO - HTTP Request: POST https://generativelanguage.googleapis.com/v1beta/models/gemini-2.5-pro:generateContent "HTTP/1.1 200 OK"
2026-09-01 16:47:04,336 - INFO - HTTP Request: POST https://generativelanguage.googleapis.com/v1beta/models/gemini-2.5-pro:generateContent "HTTP/1.1 200 OK"
2026-09-01 16:47:08,208 - INFO - HTTP Request: POST https://generativelanguage.googleapis.com/v1beta/models/gemini-2.5-pro:generateContent "HTTP/1.1 200 OK"
2026-09-01 16:47:08,210 - INFO - HTTP Request: POST https://generativelanguage.googleapis.com/v1beta/models/gemini-2.5-pro:generateContent "HTTP/1.1 200 OK"
2026-09-01 16:47:10,388 - INFO - HTTP Request: POST https://generativelanguage.googleapis.com/v1beta/models/gemini-2.5-pro:generateContent "HTTP/1.1 200 OK"
2026-09-01 16:47:12,412 - INFO - HTTP Request: POST https://generativelanguage.googleapis.com/v1beta/models/gemini-2.5-pro:generateContent "HTTP/1.1 200 OK"
2026-09-01 16:47:14,226 - INFO - HTTP Request: POST https://generativelanguage.googleapis.com/v1beta/models/gemini-2.5-pro:generateContent "HTTP/1.1 200 OK"
2026-09-01 16:47:14,298 - INFO - [GR] Saved Agent 1/2 audit -> /Users/apple/Desktop/aurix/skyscanner-AI-Writer-IMWT/output/GR/Agent_Audit_GR_20260901_144714.json
2026-09-01 16:47:14,358 - INFO - [GR] Agent 3 (consolidator) - starting
2026-09-01 16:47:14,359 - INFO - [A3][GR] SYSTEM PROMPT (first batch only):
# AGENT 3 — LANGUAGE‑LEVEL CONSOLIDATOR (SYSTEM PROMPT)

## ROLE & MISSION

You are **Agent 3: Language‑Level Consolidator**. Your mission is to read the **finalized, per‑section issues** (already validated by a prior pass) and produce **one concise, language‑level** `overall_feedback` for the entire corpus.

* You output **only** the `overall_feedback` object: a **Summary** (error patterns) and an **Action Plan** (preventive steps).
* You **must not** add, remove, reclassify, or rescore any issues. You **do not** arbitrate or fact‑check external information.
* Treat the provided issues as the **single source of truth**; identify patterns and prioritize them by impact.


---

## SCOPE — WHAT TO DO / WHAT NOT TO DO

**Do:**

* Consolidate repeated problems into **patterns** (by category, rule, or recurrent surface form).
* **Prioritize** patterns by **impact**: total penalty points (APT) first, then severity mix and frequency.
* Provide **clear, actionable** preventive steps that map to the patterns.
* Optionally include **brief, representative evidence** (≤12 words, paraphrased) to anchor each pattern.

**Do Not:**

* Modify, add, or remove individual issues.
* Change categories, severities, or points.
* Introduce **new** errors not evidenced in the input.
* Perform external fact‑checking or comment on other agents.

---

## INPUTS

* `Lang`: short language code (e.g., FR, DE).
* `Rollup`: machine‑computed aggregation for this language. Example fields:

  ```json
  {
    "ewt": 12345,
    "apt": 78,
    "pwpt": 0.0063,
    "mqm": 93.7,
    "critical_count": 0,
    "severity_counts": {"Minor": 40, "Major": 12, "Critical": 0},
    "category_points": [
      {"category":"Compliance","points":32},
      {"category":"Punctuation/Spelling/Typos","points":21},
      {"category":"Accuracy","points":18}
    ],
    "top_urls_by_points": [
      {"url":"/routes/..1.html","points":9},
      {"url":"/routes/..2.html","points":8}
    ]
  }
  ```
* `Final_issues`: **array** of finalized issues (Agent 2 output), each like:

  ```json
  {
    "url": "/routes/abc/example.html",
    "type_of_issue": "Compliance",
    "severity": "Major",
    "score_deduction": 3,
    "issue": "Metric conversion missing in a metric locale.",
    "text": "…short snippet…",
    "updated_sentence": "…"
  }
  ```

---

## CONSOLIDATION RULES

1. **Pattern mining:** Group by `type_of_issue`, then look for recurring surfaces (e.g., *km/h vs mph*, French NBSP before `:`, brand/proper‑noun casing, headings ending with a period).
2. **Prioritization:** Order the **Summary** bullets by **total category points** (highest first). Within a bullet, you may reference typical triggers (e.g., *mph shown without km/h*).
3. **Evidence:** If helpful, include a minimal parenthetical hint (≤12 words, paraphrased) and/or mention representative URLs with high points (at most two distinct URLs across the whole summary).
4. **Taxonomy fidelity:** Use the existing categories strictly (e.g., currency *what* = **Accuracy**; currency *format/how* = **Compliance**; brand casing = **Compliance**; French NBSP = **Punctuation/Spelling/Typos**).
5. **No new findings:** Do not infer new errors. If a pattern is not supported by the provided issues, omit it.

---

## OUTPUT CONTRACT (RETURN THIS OBJECT ONLY)

Return **only** this JSON object:

```json
{
  "overall_feedback": {
    "summary": [
      "<1 sentence per pattern; highest‑impact first>",
      "<… 2–10 bullets total …>"
    ],
    "action_plan": [
      "<One preventive step per pattern; imperative, testable>",
      "<… 2–10 bullets total …>"
    ]
  }
}
```

**Formatting constraints:**

* 2–10 bullets for **summary**, 2–10 bullets for **action\_plan**.
* Each bullet ≤ 250 characters; avoid duplication; no meta‑commentary.
* No code fences, no extra keys, no trailing text.

---

## STYLE GUIDANCE FOR BULLETS

* **Summary:** `[Category]` + the recurring rule breach + brief impact. Optionally add a short parenthetical cue, e.g., `(FR: NBSP before ':' missing)`.
* **Action plan:** imperative, owner‑agnostic; specify **what to check** and **where** (e.g., *"Add a unit‑conversion linter for metric locales (mph→km/h)."*).

---

## FINAL SELF‑CHECK

1. Did I **only** output the `overall_feedback` object?
2. Are bullets prioritized by **impact** (points → severity → frequency)?
3. Did I avoid inventing new issues or changing any categories/severities?
4. Are bullets concise, objective, and mapped to the observed patterns?



2026-09-01 16:47:14,361 - INFO - [A3][GR] USER PROMPT (first batch only):
Language: GR

Roll‑up (JSON):
{
  "lang": "GR",
  "ewt": 19187,
  "total_findings": 92,
  "severity_counts": {
    "Minor": 75,
    "Major": 17
  },
  "points_by_category": {
    "Style": 17,
    "Grammar": 30,
    "Accuracy": 48,
    "Punctuation/Spelling/Typos": 16,
    "Compliance": 15
  },
  "apt": 126,
  "pwpt": 0.006566946369937978,
  "mqm": 93.43305363006202,
  "top_urls_by_issue_count": [
    {
      "url": "https://gr.skyscanner.com/car-hire-in/car-hire-in-pefkos/38319540.html",
      "count": 6
    },
    {
      "url": "https://gr.skyscanner.com/car-hire-in/car-hire-in-vathy/38325524.html",
      "count": 5
    },
    {
      "url": "https://gr.skyscanner.com/car-hire-in/car-hire-in-gdansk/27541787.html",
      "count": 5
    },
    {
      "url": "https://gr.skyscanner.com/car-hire-in/car-hire-in-maleme/38333844.html",
      "count": 4
    },
    {
      "url": "https://gr.skyscanner.com/car-hire-in/car-hire-in-akrotiri/81976837.html",
      "count": 3
    },
    {
      "url": "https://gr.skyscanner.com/car-hire-in/car-hire-in-gargalianoi/44562753.html",
      "count": 3
    },
    {
      "url": "https://gr.skyscanner.com/car-hire-in/car-hire-in-anissaras/38336187.html",
      "count": 3
    },
    {
      "url": "https://gr.skyscanner.com/car-hire-in/car-hire-in-malia/38309119.html",
      "count": 3
    },
    {
      "url": "https://gr.skyscanner.com/car-hire-in/car-hire-in-barbati/38554451.html",
      "count": 3
    },
    {
      "url": "https://gr.skyscanner.com/car-hire-in/car-hire-in-gouvia/38316867.html",
      "count": 3
    }
  ],
  "categories_considered": [
    "Grammar",
    "Compliance",
    "Punctuation/Spelling/Typos",
    "Accuracy",
    "Style",
    "AI-issues"
  ]
}

Final issues (JSON array):
[
  {
    "text": "Η αναζήτηση οικονομικής ενοικίασης αυτοκινήτου στη Salamina ξεκινά με σύγκριση τιμών ανάμεσα στους διαθέσιμους παρόχους. Η χαμηλότερη τιμή που εντοπίζεται αυτή τη στιγμή ανέρχεται σε 34 €, ενώ η μέση ετήσια τιμή διαμορφώνεται στα 41 €. Ο μήνας Απριλίου τείνει να προσφέρει τις πιο προσιτές τιμές για την ενοικίαση οχήματος. Η κράτηση 2 εβδομάδες πριν από την ημερομηνία παραλαβής συμβάλλει στην εξασφάλιση ευνοϊκότερης τιμής. Η έγκαιρη σύγκριση των επιλογών επιτρέπει τον εντοπισμό της καταλληλότερης προσφοράς για τις ανάγκες κάθε ταξιδιώτη.",
    "issue": "The single paragraph contains multiple distinct ideas (current prices, best time to book, general advice), which harms readability and scannability for web content.",
    "type_of_issue": "Style",
    "solution": "Split the text into shorter, focused paragraphs, with each covering a single topic to improve scannability.",
    "updated_sentence": "Η αναζήτηση οικονομικής ενοικίασης αυτοκινήτου στη Salamina ξεκινά με σύγκριση τιμών ανάμεσα στους διαθέσιμους παρόχους. Η χαμηλότερη τιμή που εντοπίζεται αυτή τη στιγμή ανέρχεται σε 34 €, ενώ η μέση ετήσια τιμή διαμορφώνεται στα 41 €.\n\nΟ μήνας Απριλίου τείνει να προσφέρει τις πιο προσιτές τιμές για την ενοικίαση οχήματος. Η κράτηση 2 εβδομάδες πριν από την ημερομηνία παραλαβής συμβάλλει στην εξασφάλιση ευνοϊκότερης τιμής.\n\nΗ έγκαιρη σύγκριση των επιλογών επιτρέπει τον εντοπισμό της καταλληλότερης προσφοράς για τις ανάγκες κάθε ταξιδιώτη.",
    "severity": "Minor",
    "score_deduction": 1,
    "source_file": "2026-2027-gr-car-hire-city-06.docx",
    "url": "https://gr.skyscanner.com/car-hire-in/car-hire-in-salamina/81976905.html",
    "candidate": "https://gr.skyscanner.com/car-hire-in/car-hire-in-salamina/81976905.html"
  },
  {
    "text": "Η ενοικίαση αυτοκινήτου στην Αγία Πελαγία ξεκινά αυτή τη στιγμή από 54 €, όταν η μέση ετήσια τιμή διαμορφώνεται στα 118 €. Η σύγκριση των διαθέσιμων επιλογών επιτρέπει τον εντοπισμό των πιο συμφέρουσων προσφορών. Ο μήνας Νοεμβρίου τείνει να προσφέρει τις χαμηλότερες τιμές για την ενοικίαση αυτοκινήτου στην περιοχή. Η κράτηση 4 εβδομάδες πριν από την ημερομηνία παραλαβής συμβάλλει στην εξασφάλιση καλύτερης τιμής. Ο συνδυασμός του κατάλληλου χρόνου κράτησης με τον οικονομικότερο μήνα μειώνει το συνολικό κόστος.",
    "issue": "The single paragraph combines multiple distinct tips (current pricing, cheapest month, booking window), making it dense and difficult to scan.",
    "type_of_issue": "Style",
    "solution": "Split the paragraph into shorter, separate paragraphs, each focusing on a single topic, to improve scannability and readability.",
    "updated_sentence": "Η ενοικίαση αυτοκινήτου στην Αγία Πελαγία ξεκινά αυτή τη στιγμή από 54 €, όταν η μέση ετήσια τιμή διαμορφώνεται στα 118 €. Η σύγκριση των διαθέσιμων επιλογών επιτρέπει τον εντοπισμό των πιο συμφέρουσων προσφορών.\n\nΟ μήνας Νοεμβρίου τείνει να προσφέρει τις χαμηλότερες τιμές για την ενοικίαση αυτοκινήτου στην περιοχή.\n\nΗ κράτηση 4 εβδομάδες πριν από την ημερομηνία παραλαβής συμβάλλει στην εξασφάλιση καλύτερης τιμής. Ο συνδυασμός του κατάλληλου χρόνου κράτησης με τον οικονομικότερο μήνα μειώνει το συνολικό κόστος.",
    "severity": "Minor",
    "score_deduction": 1,
    "source_file": "2026-2027-gr-car-hire-city-06.docx",
    "url": "https://gr.skyscanner.com/car-hire-in/car-hire-in-agia-pelagia/224828770.html",
    "candidate": "https://gr.skyscanner.com/car-hire-in/car-hire-in-agia-pelagia/224828770.html"
  },
  {
    "text": "Οι ταξιδιώτες που επιθυμούν να εξασφαλίσουν την καλύτερη τιμή προτείνεται να κάνουν κράτηση λιγότερο από 1 εβδομάδα πριν από την προγραμματισμένη παραλαβή του οχήματος.",
    "issue": "The nominative subject \"Οι ταξιδιώτες\" does not agree with the impersonal verb form \"προτείνεται\".",
    "type_of_issue": "Grammar",
    "solution": "Change the case of the noun phrase from nominative (\"Οι ταξιδιώτες\") to dative (\"Στους ταξιδιώτες\") to function as the correct indirect object for the impersonal verb.",
    "updated_sentence": "Στους ταξιδιώτες που επιθυμούν να εξασφαλίσουν την καλύτερη τιμή προτείνεται να κάνουν κράτηση λιγότερο από 1 εβδομάδα πριν από την προγραμματισμένη παραλαβή του οχήματος.",
    "severity": "Minor",
    "score_deduction": 1,
    "source_file": "2026-2027-gr-car-hire-city-06.docx",
    "url": "https://gr.skyscanner.com/car-hire-in/car-hire-in-ermoupolis/38323471.html",
    "candidate": "https://gr.skyscanner.com/car-hire-in/car-hire-in-ermoupolis/38323471.html"
  },
  {
    "text": "Για όσους αναζητούν παρόμοιες επιλογές, η ABBYCAR διαθέτει το Hyundai i10 με ταχύτητες από 33 € ανά ημέρα.",
    "issue": "The phrase 'με ταχύτητες από [price]' is a mistranslation that incorrectly links the price to the transmission type ('manual'), creating a confusing statement that reads as 'with speeds from €33'. This error pattern repeats in the two subsequent sentences.",
    "type_of_issue": "Accuracy",
    "solution": "Add a comma to separate the vehicle feature ('με ταχύτητες') from the pricing information to clarify that the price refers to the car rental, not the transmission.",
    "updated_sentence": "Για όσους αναζητούν παρόμοιες επιλογές, η ABBYCAR διαθέτει το Hyundai i10 με ταχύτητες, από 33 € ανά ημέρα.",
    "severity": "Major",
    "score_deduction": 3,
    "source_file": "2026-2027-gr-car-hire-city-06.docx",
    "url": "https://gr.skyscanner.com/car-hire-in/car-hire-in-akrotiri/81976837.html",
    "candidate": "https://gr.skyscanner.com/car-hire-in/car-hire-in-akrotiri/81976837.html"
  },
  {
    "text": "Για την ενοικίαση απαιτούνται πάντα έγκυρο διαβατήριο ή ταυτότητα και έγκυρη άδεια οδήγησης.",
    "issue": "The adjective 'έγκυρο' (neuter) does not agree with the feminine noun 'ταυτότητα' that it modifies in the coordinated phrase 'έγκυρο διαβατήριο ή ταυτότητα'.",
    "type_of_issue": "Grammar",
    "solution": "Repeat the adjective before 'ταυτότητα' and decline it correctly in the feminine form 'έγκυρη' to ensure proper grammatical agreement.",
    "updated_sentence": "Για την ενοικίαση απαιτούνται πάντα έγκυρο διαβατήριο ή έγκυρη ταυτότητα και έγκυρη άδεια οδήγησης.",
    "severity": "Minor",
    "score_deduction": 1,
    "source_file": "2026-2027-gr-car-hire-city-06.docx",
    "url": "https://gr.skyscanner.com/car-hire-in/car-hire-in-akrotiri/81976837.html",
    "candidate": "https://gr.skyscanner.com/car-hire-in/car-hire-in-akrotiri/81976837.html"
  },
  {
    "text": "Η χρέωση υπολογίζεται βάσει της απόστασης, και η πληρωμή πραγματοποιείται στους σταθμούς διοδίων με μετρητά, κάρτα ή ηλεκτρονικούς πομποδέκτες.",
    "issue": "A redundant comma is used before the conjunction 'και' which connects two short, simple main clauses.",
    "type_of_issue": "Punctuation/Spelling/Typos",
    "solution": "Remove the comma before 'και' for correct punctuation in this context.",
    "updated_sentence": "Η χρέωση υπολογίζεται βάσει της απόστασης και η πληρωμή πραγματοποιείται στους σταθμούς διοδίων με μετρητά, κάρτα ή ηλεκτρονικούς πομποδέκτες.",
    "severity": "Minor",
    "score_deduction": 1,
    "source_file": "2026-2027-gr-car-hire-city-06.docx",
    "url": "https://gr.skyscanner.com/car-hire-in/car-hire-in-akrotiri/81976837.html",
    "candidate": "https://gr.skyscanner.com/car-hire-in/car-hire-in-akrotiri/81976837.html"
  },
  {
    "text": "Η ενοικίαση αυτοκινήτου στην Πετρα ξεκινά από 89 €, τιμή που αποτελεί την πλέον οικονομική διαθέσιμη επιλογή.",
    "issue": "The proper noun \"Πέτρα\" (Petra) is misspelled due to a missing diacritical mark (accent).",
    "type_of_issue": "Punctuation/Spelling/Typos",
    "solution": "Add the required accent (τόνος) to the word, changing \"Πετρα\" to \"Πέτρα\".",
    "updated_sentence": "Η ενοικίαση αυτοκινήτου στην Πέτρα ξεκινά από 89 €, τιμή που αποτελεί την πλέον οικονομική διαθέσιμη επιλογή.",
    "severity": "Minor",
    "score_deduction": 1,
    "source_file": "2026-2027-gr-car-hire-city-06.docx",
    "url": "https://gr.skyscanner.com/car-hire-in/car-hire-in-petra/38273872.html",
    "candidate": "https://gr.skyscanner.com/car-hire-in/car-hire-in-petra/38273872.html"
  },
  {
    "text": "Για ομάδες έως εννέα ατόμων διατίθεται το Hyundai Staria της Thrifty με ταχύτητες, από 354 € ανά ημέρα.",
    "issue": "An unnecessary comma is used before the price information. This punctuation pattern is applied inconsistently within the text.",
    "type_of_issue": "Punctuation/Spelling/Typos",
    "solution": "Remove the comma before the price information for correct punctuation and consistency. This fix has been applied to all similar instances in the text.",
    "updated_sentence": "Για ομάδες έως εννέα ατόμων διατίθεται το Hyundai Staria της Thrifty με ταχύτητες από 354 € ανά ημέρα.",
    "severity": "Minor",
    "score_deduction": 1,
    "source_file": "2026-2027-gr-car-hire-city-06.docx",
    "url": "https://gr.skyscanner.com/car-hire-in/car-hire-in-petra/38273872.html",
    "candidate": "https://gr.skyscanner.com/car-hire-in/car-hire-in-petra/38273872.html"
  },
  {
    "text": "Στην Κολύμπια δραστηριοποιούνται 6 εταιρείες ενοικίασης αυτοκινήτων.",
    "issue": "The prepositional article 'Στην' (feminine singular) does not agree with the neuter plural place name 'Κολύμπια'.",
    "type_of_issue": "Grammar",
    "solution": "Change the prepositional article to 'Στα' (neuter plural) for correct grammatical agreement.",
    "updated_sentence": "Στα Κολύμπια δραστηριοποιούνται 6 εταιρείες ενοικίασης αυτοκινήτων.",
    "severity": "Minor",
    "score_deduction": 1,
    "source_file": "2026-2027-gr-car-hire-city-06.docx",
    "url": "https://gr.skyscanner.com/car-hire-in/car-hire-in-kolymbia/38306696.html",
    "candidate": "https://gr.skyscanner.com/car-hire-in/car-hire-in-kolymbia/38306696.html"
  },
  {
    "text": "Οδηγοί που αναζητούν παρόμοια χαρακτηριστικά μπορούν να επιλέξουν το Citroen C1 από την Auto-Union, με ταχύτητες, από 86 € ανά ημέρα.",
    "issue": "A superfluous comma is used after \"με ταχύτητες\", incorrectly separating the car's feature from the associated price information.",
    "type_of_issue": "Punctuation/Spelling/Typos",
    "solution": "Remove the comma after \"με ταχύτητες\" for correct grammatical structure.",
    "updated_sentence": "Οδηγοί που αναζητούν παρόμοια χαρακτηριστικά μπορούν να επιλέξουν το Citroen C1 από την Auto-Union, με ταχύτητες από 86 € ανά ημέρα.",
    "severity": "Minor",
    "score_deduction": 1,
    "source_file": "2026-2027-gr-car-hire-city-06.docx",
    "url": "https://gr.skyscanner.com/car-hire-in/car-hire-in-leros/81976896.html",
    "candidate": "https://gr.skyscanner.com/car-hire-in/car-hire-in-leros/81976896.html"
  },
  {
    "text": "Η Auto-Union διαθέτει το Fiat 500 με ταχύτητες από 77 € ανά ημέρα, μια επιλογή κατάλληλη για μετακινήσεις εντός της πόλης.",
    "issue": "The brand name 'Auto-Union' is incorrectly hyphenated. This pattern repeats in subsequent sentences.",
    "type_of_issue": "Compliance",
    "solution": "Correct the brand name to 'AutoUnion'.",
    "updated_sentence": "Η AutoUnion διαθέτει το Fiat 500 με ταχύτητες από 77 € ανά ημέρα, μια επιλογή κατάλληλη για μετακινήσεις εντός της πόλης.",
    "severity": "Minor",
    "score_deduction": 1,
    "source_file": "2026-2027-gr-car-hire-city-06.docx",
    "url": "https://gr.skyscanner.com/car-hire-in/car-hire-in-gargalianoi/44562753.html",
    "candidate": "https://gr.skyscanner.com/car-hire-in/car-hire-in-gargalianoi/44562753.html"
  },
  {
    "text": "Η τιμή παραλαβής από το αεροδρόμιο τείνει να είναι χαμηλότερη σε σύγκριση με την παραλαβή από το κέντρο της πόλης, γεγονός που αποτελεί σχετικό στοιχείο για την επιλογή του σημείου συλλογής του οχήματος από τους επισκέπτες.",
    "issue": "The term 'συλλογής' violates the mandated glossary term for 'pick-up' ('παραλαβή') and is inconsistent with its correct usage earlier in the same sentence.",
    "type_of_issue": "Compliance",
    "solution": "Replace 'συλλογής' with the correct glossary term 'παραλαβής'.",
    "updated_sentence": "Η τιμή παραλαβής από το αεροδρόμιο τείνει να είναι χαμηλότερη σε σύγκριση με την παραλαβή από το κέντρο της πόλης, γεγονός που αποτελεί σχετικό στοιχείο για την επιλογή του σημείου παραλαβής του οχήματος από τους επισκέπτες.",
    "severity": "Minor",
    "score_deduction": 1,
    "source_file": "2026-2027-gr-car-hire-city-06.docx",
    "url": "https://gr.skyscanner.com/car-hire-in/car-hire-in-gargalianoi/44562753.html",
    "candidate": "https://gr.skyscanner.com/car-hire-in/car-hire-in-gargalianoi/44562753.html"
  },
  {
    "text": "Για άδειες εκτός ΕΕ/ΕΟΧ, Ελβετίας, Νορβηγίας, ΗΠΑ, Καναδά, Αυστραλίας, ή Ηνωμένου Βασιλείου ζητείται συνήθως διεθνής άδεια οδήγησης.",
    "issue": "A redundant comma is used before the conjunction \"ή\" in a list, which is contrary to standard Greek punctuation rules.",
    "type_of_issue": "Punctuation/Spelling/Typos",
    "solution": "Remove the comma before \"ή\" to align with standard list punctuation.",
    "updated_sentence": "Για άδειες εκτός ΕΕ/ΕΟΧ, Ελβετίας, Νορβηγίας, ΗΠΑ, Καναδά, Αυστραλίας ή Ηνωμένου Βασιλείου ζητείται συνήθως διεθνής άδεια οδήγησης.",
    "severity": "Minor",
    "score_deduction": 1,
    "source_file": "2026-2027-gr-car-hire-city-06.docx",
    "url": "https://gr.skyscanner.com/car-hire-in/car-hire-in-gargalianoi/44562753.html",
    "candidate": "https://gr.skyscanner.com/car-hire-in/car-hire-in-gargalianoi/44562753.html"
  },
  {
    "text": "Το αεροδρόμιο αποτελεί το βασικό σημείο συλλογής για τους ταξιδιώτες που φτάνουν στο νησί με αεροπορική σύνδεση.",
    "issue": "The text uses 'σημείο συλλογής' (collection point) instead of the correct glossary term 'σημείο παραλαβής' (pick-up point), creating an inconsistency with the rest of the content.",
    "type_of_issue": "Compliance",
    "solution": "Replace 'συλλογής' with 'παραλαβής' to align with the glossary term for 'pick-up' and ensure consistency.",
    "updated_sentence": "Το αεροδρόμιο αποτελεί το βασικό σημείο παραλαβής για τους ταξιδιώτες που φτάνουν στο νησί με αεροπορική σύνδεση.",
    "severity": "Minor",
    "score_deduction": 1,
    "source_file": "2026-2027-gr-car-hire-city-06.docx",
    "url": "https://gr.skyscanner.com/car-hire-in/car-hire-in-myrina/38370980.html",
    "candidate": "https://gr.skyscanner.com/car-hire-in/car-hire-in-myrina/38370980.html"
  },
  {
    "text": "Οι ταξιδιώτες μπορούν να παραλάβουν το ενοικιαζόμενο αυτοκίνητό τους στο Αεροδρόμιο Ηρακλείου της Κρήτης, το κύριο σημείο παραλαβής για την περιοχή της Ανίσσαρα.",
    "issue": "The place name 'Ανίσσαρα' has an incorrect accent and is used with the incorrect gender and case. As indicated by the topic name ('στον Ανισσαρά'), it is a masculine noun ('ο Ανισσαράς').",
    "type_of_issue": "Grammar",
    "solution": "Change the phrase 'της Ανίσσαρα' to the correct masculine genitive form 'του Ανισσαρά'.",
    "updated_sentence": "Οι ταξιδιώτες μπορούν να παραλάβουν το ενοικιαζόμενο αυτοκίνητό τους στο Αεροδρόμιο Ηρακλείου της Κρήτης, το κύριο σημείο παραλαβής για την περιοχή του Ανισσαρά.",
    "severity": "Minor",
    "score_deduction": 1,
    "source_file": "2026-2027-gr-car-hire-city-07.docx",
    "url": "https://gr.skyscanner.com/car-hire-in/car-hire-in-anissaras/38336187.html",
    "candidate": "https://gr.skyscanner.com/car-hire-in/car-hire-in-anissaras/38336187.html"
  },
  {
    "text": "Διεθνής άδεια οδήγησης δεν χρειάζεται για διπλώματα από την ΕΕ/ΕΟΧ, την Ελβετία, τη Νορβηγία, το Λιχτενστάιν, την Ισλανδία, τις ΗΠΑ, τον Καναδά, την Αυστραλία ή το Ηνωμένο Βασίλειο.",
    "issue": "The country name 'Liechtenstein' is misspelled according to standard Greek orthography, as it is missing the required diaeresis.",
    "type_of_issue": "Punctuation/Spelling/Typos",
    "solution": "Correct the spelling of 'Λιχτενστάιν' to 'Λίχτενσταϊν' by adding a diaeresis to the iota to represent the correct pronunciation.",
    "updated_sentence": "Διεθνής άδεια οδήγησης δεν χρειάζεται για διπλώματα από την ΕΕ/ΕΟΧ, την Ελβετία, τη Νορβηγία, το Λίχτενσταϊν, την Ισλανδία, τις ΗΠΑ, τον Καναδά, την Αυστραλία ή το Ηνωμένο Βασίλειο.",
    "severity": "Minor",
    "score_deduction": 1,
    "source_file": "2026-2027-gr-car-hire-city-07.docx",
    "url": "https://gr.skyscanner.com/car-hire-in/car-hire-in-anissaras/38336187.html",
    "candidate": "https://gr.skyscanner.com/car-hire-in/car-hire-in-anissaras/38336187.html"
  },
  {
    "text": "Στην Ελλάδα η κυκλοφορία γίνεται στη δεξιά πλευρά του δρόμου. Το όριο ταχύτητας στους αυτοκινητοδρόμους ανέρχεται σε 130 χλμ./ώρα, ενώ στις οδούς ταχείας κυκλοφορίας φτάνει τα 110 χλμ./ώρα. Στις εθνικές και επαρχιακές οδούς το όριο διαμορφώνεται σε 90 χλμ./ώρα, και στους υπόλοιπους δρόμους σε 50 χλμ./ώρα. Η χώρα εφαρμόζει κλειστό σύστημα διοδίων στους αυτοκινητοδρόμους, το οποίο διαχειρίζονται διάφορες ιδιωτικές παραχωρησιούχες εταιρείες. Η χρέωση υπολογίζεται με βάση την απόσταση, και η πληρωμή πραγματοποιείται με μετρητά, κάρτα ή ηλεκτρονικό πομποδέκτη στους σταθμούς διοδίων.",
    "issue": "The paragraph combines multiple distinct topics (general road rules, speed limits, and toll systems), making it dense and harder to scan.",
    "type_of_issue": "Style",
    "solution": "Split the paragraph into two to separate the information on general rules and speed limits from the details about the toll system for better readability.",
    "updated_sentence": "Στην Ελλάδα η κυκλοφορία γίνεται στη δεξιά πλευρά του δρόμου. Το όριο ταχύτητας στους αυτοκινητοδρόμους ανέρχεται σε 130 χλμ./ώρα, ενώ στις οδούς ταχείας κυκλοφορίας φτάνει τα 110 χλμ./ώρα. Στις εθνικές και επαρχιακές οδούς το όριο διαμορφώνεται σε 90 χλμ./ώρα, και στους υπόλοιπους δρόμους σε 50 χλμ./ώρα.\n\nΗ χώρα εφαρμόζει κλειστό σύστημα διοδίων στους αυτοκινητοδρόμους, το οποίο διαχειρίζονται διάφορες ιδιωτικές παραχωρησιούχες εταιρείες. Η χρέωση υπολογίζεται με βάση την απόσταση, και η πληρωμή πραγματοποιείται με μετρητά, κάρτα ή ηλεκτρονικό πομποδέκτη στους σταθμούς διοδίων.",
    "severity": "Minor",
    "score_deduction": 1,
    "source_file": "2026-2027-gr-car-hire-city-07.docx",
    "url": "https://gr.skyscanner.com/car-hire-in/car-hire-in-anissaras/38336187.html",
    "candidate": "https://gr.skyscanner.com/car-hire-in/car-hire-in-anissaras/38336187.html"
  },
  {
    "text": "Όσοι επιθυμούν λίγο μεγαλύτερο μοντέλο μπορούν να επιλέξουν την προσφορά της Green Motion, με ταχύτητες, από 120 € ανά ημέρα.",
    "issue": "An unnecessary comma incorrectly separates the prepositional phrase from the rest of the sentence.",
    "type_of_issue": "Punctuation/Spelling/Typos",
    "solution": "Remove the comma after \"με ταχύτητες\" to ensure correct sentence structure.",
    "updated_sentence": "Όσοι επιθυμούν λίγο μεγαλύτερο μοντέλο μπορούν να επιλέξουν την προσφορά της Green Motion, με ταχύτητες από 120 € ανά ημέρα.",
    "severity": "Minor",
    "score_deduction": 1,
    "source_file": "2026-2027-gr-car-hire-city-07.docx",
    "url": "https://gr.skyscanner.com/car-hire-in/car-hire-in-pythagorion/38525441.html",
    "candidate": "https://gr.skyscanner.com/car-hire-in/car-hire-in-pythagorion/38525441.html"
  },
  {
    "text": "Ανάμεσά τους ξεχωρίζουν η Auto-Union, η Alma και η Thrifty, με την Auto-Union να αποτελεί την πιο δημοφιλή επιλογή.",
    "issue": "The brand name 'Auto-Union' is incorrectly formatted with a hyphen, which is not part of the official brand name 'AutoUnion'.",
    "type_of_issue": "Compliance",
    "solution": "Remove the hyphen from both instances of 'Auto-Union' to match the official brand name 'AutoUnion'.",
    "updated_sentence": "Ανάμεσά τους ξεχωρίζουν η AutoUnion, η Alma και η Thrifty, με την AutoUnion να αποτελεί την πιο δημοφιλή επιλογή.",
    "severity": "Minor",
    "score_deduction": 1,
    "source_file": "2026-2027-gr-car-hire-city-07.docx",
    "url": "https://gr.skyscanner.com/car-hire-in/car-hire-in-pythagorion/38525441.html",
    "candidate": "https://gr.skyscanner.com/car-hire-in/car-hire-in-pythagorion/38525441.html"
  },
  {
    "text": "Οδηγοί που αναζητούν αντίστοιχα συμπαγή αυτοκίνητα βρίσκουν από την Keddy By Europcar επιλογή με ταχύτητες από 62 € ανά ημέρα.",
    "issue": "The brand name 'Keddy By Europcar' is incorrectly capitalized; the preposition 'By' should be in lowercase according to standard branding conventions.",
    "type_of_issue": "Compliance",
    "solution": "Change 'By' to 'by' to correctly format the brand name.",
    "updated_sentence": "Οδηγοί που αναζητούν αντίστοιχα συμπαγή αυτοκίνητα βρίσκουν από την Keddy by Europcar επιλογή με ταχύτητες από 62 € ανά ημέρα.",
    "severity": "Minor",
    "score_deduction": 1,
    "source_file": "2026-2027-gr-car-hire-city-07.docx",
    "url": "https://gr.skyscanner.com/car-hire-in/car-hire-in-skala-potamias/38552355.html",
    "candidate": "https://gr.skyscanner.com/car-hire-in/car-hire-in-skala-potamias/38552355.html"
  },
  {
    "text": "Ο σταθμός του αεροδρομίου αποτελεί το βασικό σημείο συλλογής για όσους φτάνουν αεροπορικώς.",
    "issue": "The term \"σημείο συλλογής\" (collection point) is incorrect in the car rental context; the glossary-mandated term for \"pick-up\" is \"παραλαβή\".",
    "type_of_issue": "Compliance",
    "solution": "Replace \"συλλογής\" with \"παραλαβής\" to use the correct, domain-specific terminology for car rental pick-up, consistent with the glossary.",
    "updated_sentence": "Ο σταθμός του αεροδρομίου αποτελεί το βασικό σημείο παραλαβής για όσους φτάνουν αεροπορικώς.",
    "severity": "Minor",
    "score_deduction": 1,
    "source_file": "2026-2027-gr-car-hire-city-07.docx",
    "url": "https://gr.skyscanner.com/car-hire-in/car-hire-in-skala-potamias/38552355.html",
    "candidate": "https://gr.skyscanner.com/car-hire-in/car-hire-in-skala-potamias/38552355.html"
  },
  {
    "text": "Το αεροδρόμιο αποτελεί το βασικό σημείο συλλογής για ταξιδιώτες που φτάνουν με πτήση.",
    "issue": "The term \"σημείο συλλογής\" (collection point) is an imprecise translation for a car hire location and is inconsistent with \"παραλαβή\" (pick-up) used correctly elsewhere in the text.",
    "type_of_issue": "Accuracy",
    "solution": "Replace \"σημείο συλλογής\" with the standard term \"σημείο παραλαβής\" to ensure accuracy and consistency.",
    "updated_sentence": "Το αεροδρόμιο αποτελεί το βασικό σημείο παραλαβής για ταξιδιώτες που φτάνουν με πτήση.",
    "severity": "Minor",
    "score_deduction": 1,
    "source_file": "2026-2027-gr-car-hire-city-07.docx",
    "url": "https://gr.skyscanner.com/car-hire-in/car-hire-in-malia/38309119.html",
    "candidate": "https://gr.skyscanner.com/car-hire-in/car-hire-in-malia/38309119.html"
  },
  {
    "text": "Στη Μαλια διατίθενται 6 εταιρείες ενοικίασης αυτοκινήτων.",
    "issue": "The proper noun 'Μάλια' is misspelled due to a missing accent (tonos), which is an objective orthographical error.",
    "type_of_issue": "Punctuation/Spelling/Typos",
    "solution": "Add the required accent to 'Μάλια' to comply with standard Greek orthography.",
    "updated_sentence": "Στη Μάλια διατίθενται 6 εταιρείες ενοικίασης αυτοκινήτων.",
    "severity": "Minor",
    "score_deduction": 1,
    "source_file": "2026-2027-gr-car-hire-city-07.docx",
    "url": "https://gr.skyscanner.com/car-hire-in/car-hire-in-malia/38309119.html",
    "candidate": "https://gr.skyscanner.com/car-hire-in/car-hire-in-malia/38309119.html"
  },
  {
    "text": "Οι αυτοκινητόδρομοι λειτουργούν με κλειστό σύστημα διοδίων, το οποίο διαχειρίζονται διάφορες ιδιωτικές παραχωρησιούχοι εταιρείες.",
    "issue": "The adjective \"παραχωρησιούχοι\" is in the masculine plural form, but it must agree with the feminine plural noun \"εταιρείες\".",
    "type_of_issue": "Grammar",
    "solution": "Change the adjective to its correct feminine plural form: \"παραχωρησιούχες\".",
    "updated_sentence": "Οι αυτοκινητόδρομοι λειτουργούν με κλειστό σύστημα διοδίων, το οποίο διαχειρίζονται διάφορες ιδιωτικές παραχωρησιούχες εταιρείες.",
    "severity": "Minor",
    "score_deduction": 1,
    "source_file": "2026-2027-gr-car-hire-city-07.docx",
    "url": "https://gr.skyscanner.com/car-hire-in/car-hire-in-malia/38309119.html",
    "candidate": "https://gr.skyscanner.com/car-hire-in/car-hire-in-malia/38309119.html"
  },
  {
    "text": "Η ενοικίαση αυτοκινήτου στην Κάτω Γούβες ξεκινά αυτή τη στιγμή από 79 €. Για τον εντοπισμό μιας οικονομικής επιλογής, η σύγκριση των διαθέσιμων προσφορών από διαφορετικές εταιρείες αποτελεί χρήσιμη πρακτική. Η κράτηση 1 εβδομάδα πριν από την ημερομηνία παραλαβής συνήθως εξασφαλίζει καλύτερη τιμή. Οι ταξιδιώτες μπορούν να ελέγξουν διάφορες κατηγορίες οχημάτων ανάλογα με τις ανάγκες τους. Η προσαρμογή των ημερομηνιών ταξιδιού, όπου αυτό είναι εφικτό, ενδέχεται να συμβάλει στην εύρεση πιο συμφέρουσας συμφωνίας για την περιοχή.",
    "issue": "This single paragraph bundles multiple distinct tips, which harms readability and scannability. It also uses the digit '1' instead of the word 'μία', which is less conventional.",
    "type_of_issue": "Style",
    "solution": "Split the paragraph into shorter, single-idea paragraphs to improve readability and replace the digit '1' with the word 'μία'.",
    "updated_sentence": "Η ενοικίαση αυτοκινήτου στην Κάτω Γούβες ξεκινά αυτή τη στιγμή από 79 €.\n\nΓια τον εντοπισμό μιας οικονομικής επιλογής, η σύγκριση των διαθέσιμων προσφορών από διαφορετικές εταιρείες αποτελεί χρήσιμη πρακτική.\n\nΗ κράτηση μία εβδομάδα πριν από την ημερομηνία παραλαβής συνήθως εξασφαλίζει καλύτερη τιμή.\n\nΟι ταξιδιώτες μπορούν να ελέγξουν διάφορες κατηγορίες οχημάτων ανάλογα με τις ανάγκες τους.\n\nΗ προσαρμογή των ημερομηνιών ταξιδιού, όπου αυτό είναι εφικτό, ενδέχεται να συμβάλει στην εύρεση πιο συμφέρουσας συμφωνίας για την περιοχή.",
    "severity": "Minor",
    "score_deduction": 1,
    "source_file": "2026-2027-gr-car-hire-city-07.docx",
    "url": "https://gr.skyscanner.com/car-hire-in/car-hire-in-kato-gouves/38347308.html",
    "candidate": "https://gr.skyscanner.com/car-hire-in/car-hire-in-kato-gouves/38347308.html"
  },
  {
    "text": "Οι επισκέπτες που φτάνουν αεροπορικώς μπορούν έτσι να αναλάβουν το όχημά τους απευθείας μετά την άφιξη, χωρίς μετακίνηση προς άλλη τοποθεσία.",
    "issue": "The verb \"αναλάβουν\" (to undertake/assume) is semantically incorrect for the action of collecting a rental car, especially when the noun \"παραλαβή\" (pick-up) is used correctly earlier in the text.",
    "type_of_issue": "Accuracy",
    "solution": "Replace the verb \"αναλάβουν\" with the correct term \"παραλάβουν\" (to pick up/collect) for consistency and accuracy.",
    "updated_sentence": "Οι επισκέπτες που φτάνουν αεροπορικώς μπορούν έτσι να παραλάβουν το όχημά τους απευθείας μετά την άφιξη, χωρίς μετακίνηση προς άλλη τοποθεσία.",
    "severity": "Minor",
    "score_deduction": 1,
    "source_file": "2026-2027-gr-car-hire-city-07.docx",
    "url": "https://gr.skyscanner.com/car-hire-in/car-hire-in-kato-gouves/38347308.html",
    "candidate": "https://gr.skyscanner.com/car-hire-in/car-hire-in-kato-gouves/38347308.html"
  },
  {
    "text": "Η παραλαβή από το αεροδρόμιο της Ζακύνθου τείνει να είναι φθηνότερη σε σύγκριση με εκείνη του αεροδρομίου της Κεφαλονιάς.",
    "issue": "The proper noun 'Αεροδρόμιο' (Airport) is capitalized in its first two mentions but appears in lowercase here, creating an inconsistency.",
    "type_of_issue": "Compliance",
    "solution": "Capitalize 'Αεροδρόμιο' when it is part of a specific airport's name for consistency with orthographic rules for proper nouns.",
    "updated_sentence": "Η παραλαβή από το Αεροδρόμιο της Ζακύνθου τείνει να είναι φθηνότερη σε σύγκριση με εκείνη του Αεροδρομίου της Κεφαλονιάς.",
    "severity": "Minor",
    "score_deduction": 1,
    "source_file": "2026-2027-gr-car-hire-city-07.docx",
    "url": "https://gr.skyscanner.com/car-hire-in/car-hire-in-poros%2c-kefalonia/44567912.html",
    "candidate": "https://gr.skyscanner.com/car-hire-in/car-hire-in-poros%2c-kefalonia/44567912.html"
  },
  {
    "text": "Στις κορυφαίες επιλογές συγκαταλέγονται η Selecta Rent A Car, η Wheego και η Auto-Union, με τη Selecta Rent A Car να είναι η δημοφιλέστερη συνολικά.",
    "issue": "The brand name 'Auto-Union' is incorrectly formatted with a hyphen.",
    "type_of_issue": "Compliance",
    "solution": "Correct the brand name to 'Auto Union' by replacing the hyphen with a space.",
    "updated_sentence": "Στις κορυφαίες επιλογές συγκαταλέγονται η Selecta Rent A Car, η Wheego και η Auto Union, με τη Selecta Rent A Car να είναι η δημοφιλέστερη συνολικά.",
    "severity": "Minor",
    "score_deduction": 1,
    "source_file": "2026-2027-gr-car-hire-city-07.docx",
    "url": "https://gr.skyscanner.com/car-hire-in/car-hire-in-poros%2c-kefalonia/44567912.html",
    "candidate": "https://gr.skyscanner.com/car-hire-in/car-hire-in-poros%2c-kefalonia/44567912.html"
  },
  {
    "text": "Η ενοικίαση αυτοκινήτου στην Πεύκο ξεκινά αυτή τη στιγμή από 32 €, με τη μέση ετήσια τιμή να διαμορφώνεται στα 41 €.",
    "issue": "The article 'στην' implies the location 'Πεύκο' is feminine, which contradicts the masculine form 'στον Πεύκο' established in the Topic Name.",
    "type_of_issue": "Grammar",
    "solution": "Change the article 'στην' to 'στον' to ensure correct gender agreement with the proper noun as established by the Topic Name.",
    "updated_sentence": "Η ενοικίαση αυτοκινήτου στον Πεύκο ξεκινά αυτή τη στιγμή από 32 €, με τη μέση ετήσια τιμή να διαμορφώνεται στα 41 €.",
    "severity": "Minor",
    "score_deduction": 1,
    "source_file": "2026-2027-gr-car-hire-city-07.docx",
    "url": "https://gr.skyscanner.com/car-hire-in/car-hire-in-pefkos/38319540.html",
    "candidate": "https://gr.skyscanner.com/car-hire-in/car-hire-in-pefkos/38319540.html"
  },
  {
    "text": "Το Toyota Yaris είναι το δημοφιλέστερο μοντέλο στην Πέφκο, καθώς είναι μικρό, πρακτικό και εύκολο στη στάθμευση.",
    "issue": "The place name is misspelled as 'Πέφκο' and used with a feminine article 'στην', creating a grammatical error; the topic name specifies the masculine 'Πεύκος'.",
    "type_of_issue": "Grammar",
    "solution": "Correct the place name to 'Πεύκο' and update the article to 'στον' for correct grammatical agreement.",
    "updated_sentence": "Το Toyota Yaris είναι το δημοφιλέστερο μοντέλο στον Πεύκο, καθώς είναι μικρό, πρακτικό και εύκολο στη στάθμευση.",
    "severity": "Minor",
    "score_deduction": 1,
    "source_file": "2026-2027-gr-car-hire-city-07.docx",
    "url": "https://gr.skyscanner.com/car-hire-in/car-hire-in-pefkos/38319540.html",
    "candidate": "https://gr.skyscanner.com/car-hire-in/car-hire-in-pefkos/38319540.html"
  },
  {
    "text": "Για ταξιδιώτες που αναζητούν μικρότερο όχημα, η VOLTA προσφέρει το Fiat Panda με ταχύτητες από 86 € ανά ημέρα και το Citroen C3 με ταχύτητες από 98 € ανά ημέρα.",
    "issue": "The phrase 'με ταχύτητες από [price]' is a mistranslation that alters the meaning, incorrectly suggesting the price is for the car's gears ('ταχύτητες') rather than the car rental.",
    "type_of_issue": "Accuracy",
    "solution": "Replace 'με ταχύτητες' with the clearer, standard phrase 'με μηχανικό κιβώτιο' (with manual gearbox) to correctly state the feature and link the price to the vehicle.",
    "updated_sentence": "Για ταξιδιώτες που αναζητούν μικρότερο όχημα, η VOLTA προσφέρει το Fiat Panda με μηχανικό κιβώτιο από 86 € ανά ημέρα και το Citroen C3 με μηχανικό κιβώτιο από 98 € ανά ημέρα.",
    "severity": "Major",
    "score_deduction": 3,
    "source_file": "2026-2027-gr-car-hire-city-07.docx",
    "url": "https://gr.skyscanner.com/car-hire-in/car-hire-in-pefkos/38319540.html",
    "candidate": "https://gr.skyscanner.com/car-hire-in/car-hire-in-pefkos/38319540.html"
  },
  {
    "text": "Οι επισκέπτες που ταξιδεύουν στην Πέφκο μπορούν να παραλάβουν το ενοικιαζόμενο αυτοκίνητό τους από το Αεροδρόμιο της Ρόδου, το οποίο αποτελεί το κύριο σημείο παραλαβής για την περιοχή.",
    "issue": "The place name 'Πεύκος' is masculine, but it has been misspelled and used with a feminine article and declension ('στην Πέφκο').",
    "type_of_issue": "Grammar",
    "solution": "Correct the article, spelling, and declension to the masculine form 'στον Πεύκο' to align with the topic name and Greek grammar rules.",
    "updated_sentence": "Οι επισκέπτες που ταξιδεύουν στον Πεύκο μπορούν να παραλάβουν το ενοικιαζόμενο αυτοκίνητό τους από το Αεροδρόμιο της Ρόδου, το οποίο αποτελεί το κύριο σημείο παραλαβής για την περιοχή.",
    "severity": "Minor",
    "score_deduction": 1,
    "source_file": "2026-2027-gr-car-hire-city-07.docx",
    "url": "https://gr.skyscanner.com/car-hire-in/car-hire-in-pefkos/38319540.html",
    "candidate": "https://gr.skyscanner.com/car-hire-in/car-hire-in-pefkos/38319540.html"
  },
  {
    "text": "Η παραλαβή από το αεροδρόμιο τείνει να είναι πιο οικονομική σε σύγκριση με την παραλαβή από το κέντρο της πόλης, κάτι που την καθιστά μια πρακτική λύση για όσους φτάνουν αεροπορικώς και κατευθύνονται προς την Πέφκο.",
    "issue": "The place name 'Πεύκος' is masculine, but it has been misspelled and used with a feminine article and declension ('προς την Πέφκο').",
    "type_of_issue": "Grammar",
    "solution": "Correct the article, spelling, and declension to the masculine form 'προς τον Πεύκο' to align with the topic name and Greek grammar rules.",
    "updated_sentence": "Η παραλαβή από το αεροδρόμιο τείνει να είναι πιο οικονομική σε σύγκριση με την παραλαβή από το κέντρο της πόλης, κάτι που την καθιστά μια πρακτική λύση για όσους φτάνουν αεροπορικώς και κατευθύνονται προς τον Πεύκο.",
    "severity": "Minor",
    "score_deduction": 1,
    "source_file": "2026-2027-gr-car-hire-city-07.docx",
    "url": "https://gr.skyscanner.com/car-hire-in/car-hire-in-pefkos/38319540.html",
    "candidate": "https://gr.skyscanner.com/car-hire-in/car-hire-in-pefkos/38319540.html"
  },
  {
    "text": "Στην Πεύκο διατίθεται ένας πάροχος ενοικίασης αυτοκινήτων, η VOLTA, η οποία αποτελεί και τον δημοφιλέστερο επιλογή.",
    "issue": "The article and adjective (\"τον δημοφιλέστερο\") are in the masculine accusative case, but they modify a feminine noun (\"επιλογή\"), creating a gender and case agreement error.",
    "type_of_issue": "Grammar",
    "solution": "Change \"τον δημοφιλέστερο\" to the feminine accusative form \"την δημοφιλέστερη\" to correctly agree with the noun \"επιλογή\".",
    "updated_sentence": "Στην Πεύκο διατίθεται ένας πάροχος ενοικίασης αυτοκινήτων, η VOLTA, η οποία αποτελεί και την δημοφιλέστερη επιλογή.",
    "severity": "Minor",
    "score_deduction": 1,
    "source_file": "2026-2027-gr-car-hire-city-07.docx",
    "url": "https://gr.skyscanner.com/car-hire-in/car-hire-in-pefkos/38319540.html",
    "candidate": "https://gr.skyscanner.com/car-hire-in/car-hire-in-pefkos/38319540.html"
  },
  {
    "text": "Για την ενοικίαση απαιτούνται πάντα έγκυρο διαβατήριο ή ταυτότητα και έγκυρη άδεια οδήγησης.",
    "issue": "The adjective 'έγκυρο' (neuter) does not agree in gender with the subsequent noun 'ταυτότητα' (feminine).",
    "type_of_issue": "Grammar",
    "solution": "Repeat the adjective in the correct feminine form ('έγκυρη') before the feminine noun 'ταυτότητα' to ensure proper grammatical agreement for both items in the list.",
    "updated_sentence": "Για την ενοικίαση απαιτούνται πάντα έγκυρο διαβατήριο ή έγκυρη ταυτότητα και έγκυρη άδεια οδήγησης.",
    "severity": "Minor",
    "score_deduction": 1,
    "source_file": "2026-2027-gr-car-hire-city-07.docx",
    "url": "https://gr.skyscanner.com/car-hire-in/car-hire-in-keramoti/44566808.html",
    "candidate": "https://gr.skyscanner.com/car-hire-in/car-hire-in-keramoti/44566808.html"
  },
  {
    "text": "Οι οδηγοί μπορούν να πληρώνουν στα σταθμούς διοδίων με μετρητά, κάρτα ή ηλεκτρονικούς πομποδέκτες.",
    "issue": "The article contraction 'στα' is incorrect for the masculine plural noun 'σταθμούς'; the correct form is 'στους'.",
    "type_of_issue": "Grammar",
    "solution": "Change the article contraction 'στα' to the correct masculine form 'στους'.",
    "updated_sentence": "Οι οδηγοί μπορούν να πληρώνουν στους σταθμούς διοδίων με μετρητά, κάρτα ή ηλεκτρονικούς πομποδέκτες.",
    "severity": "Minor",
    "score_deduction": 1,
    "source_file": "2026-2027-gr-car-hire-city-07.docx",
    "url": "https://gr.skyscanner.com/car-hire-in/car-hire-in-keramoti/44566808.html",
    "candidate": "https://gr.skyscanner.com/car-hire-in/car-hire-in-keramoti/44566808.html"
  },
  {
    "text": "Η ενοικίαση αυτοκινήτου στο Barbati ξεκινά από 52 € για την πιο οικονομική διαθέσιμη επιλογή. Η σύγκριση τιμών μεταξύ διαφορετικών εταιρειών επιτρέπει τον εντοπισμό προσφορών που ανταποκρίνονται στις ανάγκες κάθε ταξιδιώτη. Ο χρόνος της κράτησης επηρεάζει σημαντικά το τελικό κόστος. Για την εξασφάλιση ευνοϊκότερης τιμής, η κράτηση 2 εβδομάδες πριν από την άφιξη αποτελεί χρήσιμη κατευθυντήρια γραμμή. Η έγκαιρη οργάνωση, σε συνδυασμό με την αξιολόγηση των διαθέσιμων μοντέλων, συμβάλλει στην επιλογή του καταλληλότερου οχήματος για τη μετακίνηση στην περιοχή.",
    "issue": "The single paragraph combines multiple distinct topics (pricing, booking timeline, and general planning advice), which reduces scannability for users seeking quick information.",
    "type_of_issue": "Style",
    "solution": "Split the text into three separate, focused paragraphs to improve readability and structure.",
    "updated_sentence": "Η ενοικίαση αυτοκινήτου στο Barbati ξεκινά από 52 € για την πιο οικονομική διαθέσιμη επιλογή. Η σύγκριση τιμών μεταξύ διαφορετικών εταιρειών επιτρέπει τον εντοπισμό προσφορών που ανταποκρίνονται στις ανάγκες κάθε ταξιδιώτη.\n\nΟ χρόνος της κράτησης επηρεάζει σημαντικά το τελικό κόστος. Για την εξασφάλιση ευνοϊκότερης τιμής, η κράτηση 2 εβδομάδες πριν από την άφιξη αποτελεί χρήσιμη κατευθυντήρια γραμμή.\n\nΗ έγκαιρη οργάνωση, σε συνδυασμό με την αξιολόγηση των διαθέσιμων μοντέλων, συμβάλλει στην επιλογή του καταλληλότερου οχήματος για τη μετακίνηση στην περιοχή.",
    "severity": "Minor",
    "score_deduction": 1,
    "source_file": "2026-2027-gr-car-hire-city-07.docx",
    "url": "https://gr.skyscanner.com/car-hire-in/car-hire-in-barbati/38554451.html",
    "candidate": "https://gr.skyscanner.com/car-hire-in/car-hire-in-barbati/38554451.html"
  },
  {
    "text": "Για ταξιδιώτες με λίγες αποσκευές, το Volkswagen Polo από την addCar διατίθεται με ταχύτητες από 52 € ανά ημέρα.",
    "issue": "The phrase \"με ταχύτητες από\" (with speeds/gears from) is a mistranslation of the concept 'at rates from', rendering the pricing information nonsensical. This pattern repeats in similar sentences.",
    "type_of_issue": "Accuracy",
    "solution": "Replace \"με ταχύτητες από\" with the correct preposition \"από\" to indicate the starting price.",
    "updated_sentence": "Για ταξιδιώτες με λίγες αποσκευές, το Volkswagen Polo από την addCar διατίθεται από 52 € ανά ημέρα.",
    "severity": "Major",
    "score_deduction": 3,
    "source_file": "2026-2027-gr-car-hire-city-07.docx",
    "url": "https://gr.skyscanner.com/car-hire-in/car-hire-in-barbati/38554451.html",
    "candidate": "https://gr.skyscanner.com/car-hire-in/car-hire-in-barbati/38554451.html"
  },
  {
    "text": "Οι ταξιδιώτες που επισκέπτονται το Barbati μπορούν να παραλάβουν το ενοικιαζόμενο αυτοκίνητό τους από το Κέρκυρα Αεροδρόμιο, το οποίο αποτελεί το κύριο σημείο παραλαβής στην περιοχή.",
    "issue": "The proper name 'Κέρκυρα Αεροδρόμιο' uses an incorrect grammatical structure; the location name should be in the genitive case after the noun 'Αεροδρόμιο'.",
    "type_of_issue": "Grammar",
    "solution": "Change 'Κέρκυρα Αεροδρόμιο' to the correct grammatical form 'Αεροδρόμιο Κέρκυρας'.",
    "updated_sentence": "Οι ταξιδιώτες που επισκέπτονται το Barbati μπορούν να παραλάβουν το ενοικιαζόμενο αυτοκίνητό τους από το Αεροδρόμιο Κέρκυρας, το οποίο αποτελεί το κύριο σημείο παραλαβής στην περιοχή.",
    "severity": "Minor",
    "score_deduction": 1,
    "source_file": "2026-2027-gr-car-hire-city-07.docx",
    "url": "https://gr.skyscanner.com/car-hire-in/car-hire-in-barbati/38554451.html",
    "candidate": "https://gr.skyscanner.com/car-hire-in/car-hire-in-barbati/38554451.html"
  },
  {
    "text": "Η Final Rentals προσφέρει το Kia Picanto με ταχύτητες από 82 € ανά ημέρα, μια οικονομική επιλογή για σύντομες διαδρομές.",
    "issue": "The term for \"manual transmission\" (`με ταχύτητες`) is incorrectly combined with the price (`από 82 €`), creating a nonsensical phrase. This pattern repeats in subsequent sentences.",
    "type_of_issue": "Accuracy",
    "solution": "Add a comma to grammatically separate the vehicle feature from the pricing information, ensuring the sentence is logical.",
    "updated_sentence": "Η Final Rentals προσφέρει το Kia Picanto με ταχύτητες, από 82 € ανά ημέρα, μια οικονομική επιλογή για σύντομες διαδρομές.",
    "severity": "Major",
    "score_deduction": 3,
    "source_file": "2026-2027-gr-car-hire-city-07.docx",
    "url": "https://gr.skyscanner.com/car-hire-in/car-hire-in-potos-thassos/38559146.html",
    "candidate": "https://gr.skyscanner.com/car-hire-in/car-hire-in-potos-thassos/38559146.html"
  },
  {
    "text": "Το συγκεκριμένο μοντέλο διατίθεται από την Auto-Union με ταχύτητες, από 151 € ανά ημέρα.",
    "issue": "The brand name 'Auto-Union' should be spelled 'AutoUnion' without a hyphen, as per official branding. This error is repeated in all three instances.",
    "type_of_issue": "Compliance",
    "solution": "Remove the hyphen from 'Auto-Union' to match the official brand name 'AutoUnion'.",
    "updated_sentence": "Το συγκεκριμένο μοντέλο διατίθεται από την AutoUnion με ταχύτητες, από 151 € ανά ημέρα.",
    "severity": "Minor",
    "score_deduction": 1,
    "source_file": "2026-2027-gr-car-hire-city-08.docx",
    "url": "https://gr.skyscanner.com/car-hire-in/car-hire-in-paralia/38319670.html",
    "candidate": "https://gr.skyscanner.com/car-hire-in/car-hire-in-paralia/38319670.html"
  },
  {
    "text": "Στην Κρεμαστή, το πιο δημοφιλές όχημα είναι το Citroen C1, καθώς πρόκειται για μικρό και πρακτικό αυτοκίνητο, εύκολο στη στάθμευση. Για ταξιδιώτες που αναζητούν συμπαγή επιλογή, η ABBYCAR διαθέτει το Hyundai i10 με ταχύτητες από 33 € ανά ημέρα. Όσοι χρειάζονται περισσότερο χώρο μπορούν να επιλέξουν το Toyota Yaris της ABBYCAR, επίσης με ταχύτητες, από 38 € ανά ημέρα. Για μεγαλύτερο μοντέλο, η Green Motion προσφέρει το Hyundai i30 με ταχύτητες από 47 € ανά ημέρα.",
    "issue": "The paragraph is missing the required period at the end.",
    "type_of_issue": "Punctuation/Spelling/Typos",
    "solution": "Add a period to the end of the final sentence.",
    "updated_sentence": "Στην Κρεμαστή, το πιο δημοφιλές όχημα είναι το Citroen C1, καθώς πρόκειται για μικρό και πρακτικό αυτοκίνητο, εύκολο στη στάθμευση. Για ταξιδιώτες που αναζητούν συμπαγή επιλογή, η ABBYCAR διαθέτει το Hyundai i10 με ταχύτητες από 33 € ανά ημέρα. Όσοι χρειάζονται περισσότερο χώρο μπορούν να επιλέξουν το Toyota Yaris της ABBYCAR, επίσης με ταχύτητες, από 38 € ανά ημέρα. Για μεγαλύτερο μοντέλο, η Green Motion προσφέρει το Hyundai i30 με ταχύτητες από 47 € ανά ημέρα.",
    "severity": "Minor",
    "score_deduction": 1,
    "source_file": "2026-2027-gr-car-hire-city-08.docx",
    "url": "https://gr.skyscanner.com/car-hire-in/car-hire-in-kremasti/38504424.html",
    "candidate": "https://gr.skyscanner.com/car-hire-in/car-hire-in-kremasti/38504424.html"
  },
  {
    "text": "Οι οδηγοί καταβάλλουν το αντίτιμο με μετρητά, κάρτα ή ηλεκτρονικούς πομποδέκτες στους σταθμούς διοδίων, με χρέωση που υπολογίζεται ανάλογa με την απόσταση που διανύεται.",
    "issue": "The word 'ανάλογα' is misspelled with a Latin 'a' at the end instead of the correct Greek alpha 'α'.",
    "type_of_issue": "Punctuation/Spelling/Typos",
    "solution": "Replace the final Latin 'a' with the Greek character 'α'.",
    "updated_sentence": "Οι οδηγοί καταβάλλουν το αντίτιμο με μετρητά, κάρτα ή ηλεκτρονικούς πομποδέκτες στους σταθμούς διοδίων, με χρέωση που υπολογίζεται ανάλογα με την απόσταση που διανύεται.",
    "severity": "Minor",
    "score_deduction": 1,
    "source_file": "2026-2027-gr-car-hire-city-08.docx",
    "url": "https://gr.skyscanner.com/car-hire-in/car-hire-in-kremasti/38504424.html",
    "candidate": "https://gr.skyscanner.com/car-hire-in/car-hire-in-kremasti/38504424.html"
  },
  {
    "text": "Στη Θουρια, η δημοφιλέστερη επιλογή είναι η Carwiz, με τιμή από 57 € την ημέρα.",
    "issue": "The place name \"Θουρια\" is missing the required acute accent (tonos) on the iota.",
    "type_of_issue": "Punctuation/Spelling/Typos",
    "solution": "Add the acute accent to the iota in \"Θουρια\" to form the correct \"Θουρία\".",
    "updated_sentence": "Στη Θουρία, η δημοφιλέστερη επιλογή είναι η Carwiz, με τιμή από 57 € την ημέρα.",
    "severity": "Minor",
    "score_deduction": 1,
    "source_file": "2026-2027-gr-car-hire-city-08.docx",
    "url": "https://gr.skyscanner.com/car-hire-in/car-hire-in-thouria/44557393.html",
    "candidate": "https://gr.skyscanner.com/car-hire-in/car-hire-in-thouria/44557393.html"
  },
  {
    "text": "Οι επισκέπτες μπορούν να συλλέξουν το όχημα κατά την άφιξή τους, χωρίς να απαιτείται μετακίνηση προς το κέντρο της πόλης.",
    "issue": "The verb «συλλέξουν» (to collect/gather) is semantically incorrect for the action of picking up a rental car, which alters the meaning.",
    "type_of_issue": "Accuracy",
    "solution": "Replace «συλλέξουν» with the correct verb «παραλάβουν», which means \"to pick up\" or \"receive\".",
    "updated_sentence": "Οι επισκέπτες μπορούν να παραλάβουν το όχημα κατά την άφιξή τους, χωρίς να απαιτείται μετακίνηση προς το κέντρο της πόλης.",
    "severity": "Major",
    "score_deduction": 3,
    "source_file": "2026-2027-gr-car-hire-city-08.docx",
    "url": "https://gr.skyscanner.com/car-hire-in/car-hire-in-thouria/44557393.html",
    "candidate": "https://gr.skyscanner.com/car-hire-in/car-hire-in-thouria/44557393.html"
  },
  {
    "text": "Η Wheego διαθέτει το μοντέλο αυτό με ταχύτητες από 59 € ανά ημέρα.",
    "issue": "The phrase 'με ταχύτητες από [price]' is an ungrammatical construction that illogically links the transmission type ('με ταχύτητες' for manual) directly to the price, resulting in a nonsensical statement. This pattern repeats in similar sentences.",
    "type_of_issue": "Style",
    "solution": "Separate the description of the transmission type from the price with a comma to create two distinct, logical phrases.",
    "updated_sentence": "Η Wheego διαθέτει το μοντέλο αυτό με ταχύτητες, από 59 € ανά ημέρα.",
    "severity": "Major",
    "score_deduction": 3,
    "source_file": "2026-2027-gr-car-hire-city-08.docx",
    "url": "https://gr.skyscanner.com/car-hire-in/car-hire-in-plakias/38306733.html",
    "candidate": "https://gr.skyscanner.com/car-hire-in/car-hire-in-plakias/38306733.html"
  },
  {
    "text": "Στη Γουβια το δημοφιλέστερο μοντέλο για ενοικίαση είναι το Fiat Panda, καθώς είναι μικρό, πρακτικό και εύκολο στη στάθμευση στους στενούς δρόμους της περιοχής.",
    "issue": "The locative noun 'Γουβιά' is misspelled without the required accent and is preceded by the incorrect definite article 'Στη' instead of the correct 'Στα'.",
    "type_of_issue": "Grammar",
    "solution": "Correct the article to 'Στα' to match the neuter plural gender of the noun and add the accent to form 'Γουβιά'.",
    "updated_sentence": "Στα Γουβιά το δημοφιλέστερο μοντέλο για ενοικίαση είναι το Fiat Panda, καθώς είναι μικρό, πρακτικό και εύκολο στη στάθμευση στους στενούς δρόμους της περιοχής.",
    "severity": "Minor",
    "score_deduction": 1,
    "source_file": "2026-2027-gr-car-hire-city-08.docx",
    "url": "https://gr.skyscanner.com/car-hire-in/car-hire-in-gouvia/38316867.html",
    "candidate": "https://gr.skyscanner.com/car-hire-in/car-hire-in-gouvia/38316867.html"
  },
  {
    "text": "Για όσους χρειάζονται περισσότερο χώρο, η Green Motion διαθέτει το Dacia Duster SUV με ταχύτητες από 84 € ανά ημέρα.",
    "issue": "The sentence structure ambiguously links the price to the transmission type (`...με ταχύτητες από [τιμή]`). This pattern repeats in subsequent sentences.",
    "type_of_issue": "Style",
    "solution": "Add a comma after 'ταχύτητες' to separate the vehicle feature from the pricing information for clarity.",
    "updated_sentence": "Για όσους χρειάζονται περισσότερο χώρο, η Green Motion διαθέτει το Dacia Duster SUV με ταχύτητες, από 84 € ανά ημέρα.",
    "severity": "Minor",
    "score_deduction": 1,
    "source_file": "2026-2027-gr-car-hire-city-08.docx",
    "url": "https://gr.skyscanner.com/car-hire-in/car-hire-in-gouvia/38316867.html",
    "candidate": "https://gr.skyscanner.com/car-hire-in/car-hire-in-gouvia/38316867.html"
  },
  {
    "text": "Για την ενοικίαση απαιτούνται πάντα έγκυρο διαβατήριο ή εθνική ταυτότητα και ισχύον δίπλωμα οδήγησης.",
    "issue": "The adjective \"έγκυρο\" (neuter) modifies \"διαβατήριο\" (neuter) but does not agree with the subsequent noun \"εθνική ταυτότητα\" (feminine), creating a grammatical agreement error.",
    "type_of_issue": "Grammar",
    "solution": "Repeat the adjective with the correct feminine inflection (\"έγκυρη\") before the feminine noun \"εθνική ταυτότητα\" for proper agreement.",
    "updated_sentence": "Για την ενοικίαση απαιτούνται πάντα έγκυρο διαβατήριο ή έγκυρη εθνική ταυτότητα και ισχύον δίπλωμα οδήγησης.",
    "severity": "Minor",
    "score_deduction": 1,
    "source_file": "2026-2027-gr-car-hire-city-08.docx",
    "url": "https://gr.skyscanner.com/car-hire-in/car-hire-in-gouvia/38316867.html",
    "candidate": "https://gr.skyscanner.com/car-hire-in/car-hire-in-gouvia/38316867.html"
  },
  {
    "text": "Οι ταξιδιώτες μπορούν να παραλάβουν το ενοικιαζόμενο αυτοκίνητό τους στο Ρόδος Αεροδρόμιο, το κύριο σημείο παραλαβής για τη Νότια Ρόδο.",
    "issue": "The proper noun \"Ρόδος Αεροδρόμιο\" is grammatically incorrect; the modifying noun \"Ρόδος\" should be in the genitive case (\"Ρόδου\").",
    "type_of_issue": "Grammar",
    "solution": "Change \"Ρόδος Αεροδρόμιο\" to the grammatically correct and natural-sounding \"Αεροδρόμιο Ρόδου\".",
    "updated_sentence": "Οι ταξιδιώτες μπορούν να παραλάβουν το ενοικιαζόμενο αυτοκίνητό τους στο Αεροδρόμιο Ρόδου, το κύριο σημείο παραλαβής για τη Νότια Ρόδο.",
    "severity": "Minor",
    "score_deduction": 1,
    "source_file": "2026-2027-gr-car-hire-city-08.docx",
    "url": "https://gr.skyscanner.com/car-hire-in/car-hire-in-notia-rodos/81976824.html",
    "candidate": "https://gr.skyscanner.com/car-hire-in/car-hire-in-notia-rodos/81976824.html"
  },
  {
    "text": "Στη Νότια Ρόδο διατίθενται 3 εταιρείες ενοικίασης αυτοκινήτων. Στις κορυφαίες επιλογές συγκαταλέγονται η VOLTA, η Avance Car Rental και η Avance, με τη VOLTA να είναι η δημοφιλέστερη συνολικά.",
    "issue": "The text states there are 3 companies but then lists 'Avance Car Rental' and 'Avance' separately, creating an internal contradiction as this likely refers to a single company.",
    "type_of_issue": "Accuracy",
    "solution": "Remove the redundant mention of 'Avance' and correct the company count from 3 to 2 to ensure internal consistency.",
    "updated_sentence": "Στη Νότια Ρόδο διατίθενται 2 εταιρείες ενοικίασης αυτοκινήτων. Στις κορυφαίες επιλογές συγκαταλέγονται η VOLTA και η Avance Car Rental, με τη VOLTA να είναι η δημοφιλέστερη συνολικά.",
    "severity": "Major",
    "score_deduction": 3,
    "source_file": "2026-2027-gr-car-hire-city-08.docx",
    "url": "https://gr.skyscanner.com/car-hire-in/car-hire-in-notia-rodos/81976824.html",
    "candidate": "https://gr.skyscanner.com/car-hire-in/car-hire-in-notia-rodos/81976824.html"
  },
  {
    "text": "Για ταξιδιώτες που αναζητούν οικονομική λύση, η Green Motion διαθέτει το Volkswagen Up! με ταχύτητες από 59 € ανά ημέρα, καθώς και το Suzuki Swift με ταχύτητες από 64 € ανά ημέρα.",
    "issue": "The preposition \"από\" (from) incorrectly modifies the phrase \"με ταχύτητες\" (with gears), creating a grammatically incorrect structure. The preposition should refer to the price, not the transmission type.",
    "type_of_issue": "Grammar",
    "solution": "Add a comma after \"με ταχύτητες\" in both instances to separate the descriptive phrase from the price information, ensuring \"από\" correctly modifies the price.",
    "updated_sentence": "Για ταξιδιώτες που αναζητούν οικονομική λύση, η Green Motion διαθέτει το Volkswagen Up! με ταχύτητες, από 59 € ανά ημέρα, καθώς και το Suzuki Swift με ταχύτητες, από 64 € ανά ημέρα.",
    "severity": "Minor",
    "score_deduction": 1,
    "source_file": "2026-2027-gr-car-hire-city-08.docx",
    "url": "https://gr.skyscanner.com/car-hire-in/car-hire-in-pastida/38489453.html",
    "candidate": "https://gr.skyscanner.com/car-hire-in/car-hire-in-pastida/38489453.html"
  },
  {
    "text": "Οι επισκέπτες μπορούν να επιλέξουν το αεροδρόμιο ως κύριο σημείο συλλογής, με εύκολη πρόσβαση κατά την άφιξη.",
    "issue": "The term 'συλλογής' (collection) is used instead of the glossary-specified term 'παραλαβής' (pick-up), creating an inconsistency with other sentences.",
    "type_of_issue": "Compliance",
    "solution": "Replace 'συλλογής' with 'παραλαβής' to adhere to the glossary and maintain consistency.",
    "updated_sentence": "Οι επισκέπτες μπορούν να επιλέξουν το αεροδρόμιο ως κύριο σημείο παραλαβής, με εύκολη πρόσβαση κατά την άφιξη.",
    "severity": "Minor",
    "score_deduction": 1,
    "source_file": "2026-2027-gr-car-hire-city-08.docx",
    "url": "https://gr.skyscanner.com/car-hire-in/car-hire-in-pastida/38489453.html",
    "candidate": "https://gr.skyscanner.com/car-hire-in/car-hire-in-pastida/38489453.html"
  },
  {
    "text": "Η ενοικίαση αυτοκινήτου στο Μάλεμε Χανίων ξεκινά από 50 €, τιμή που αντιστοιχεί στην πιο οικονομική διαθέσιμη επιλογή. Για τον εντοπισμό συμφέρουσας προσφοράς, η σύγκριση τιμών μεταξύ διαφορετικών εταιρειών αποτελεί βασικό βήμα. Ο χρόνος της κράτησης επηρεάζει το κόστος: η πραγματοποίηση της κράτησης 1 εβδομάδα πριν από την παραλαβή συνδέεται με χαμηλότερες τιμές. Η ευελιξία στις ημερομηνίες και στην κατηγορία του οχήματος διευρύνει τις επιλογές και μπορεί να μειώσει περαιτέρω το τελικό ποσό της ενοικίασης στην περιοχή.",
    "issue": "The single paragraph contains multiple distinct ideas (a starting price and three separate tips), which makes it dense and difficult to scan.",
    "type_of_issue": "Style",
    "solution": "Split the text into shorter, single-idea paragraphs to improve readability and scannability.",
    "updated_sentence": "Η ενοικίαση αυτοκινήτου στο Μάλεμε Χανίων ξεκινά από 50 €, τιμή που αντιστοιχεί στην πιο οικονομική διαθέσιμη επιλογή.\n\nΓια τον εντοπισμό συμφέρουσας προσφοράς, η σύγκριση τιμών μεταξύ διαφορετικών εταιρειών αποτελεί βασικό βήμα.\n\nΟ χρόνος της κράτησης επηρεάζει το κόστος: η πραγματοποίηση της κράτησης 1 εβδομάδα πριν από την παραλαβή συνδέεται με χαμηλότερες τιμές.\n\nΗ ευελιξία στις ημερομηνίες και στην κατηγορία του οχήματος διευρύνει τις επιλογές και μπορεί να μειώσει περαιτέρω το τελικό ποσό της ενοικίασης στην περιοχή.",
    "severity": "Minor",
    "score_deduction": 1,
    "source_file": "2026-2027-gr-car-hire-city-08.docx",
    "url": "https://gr.skyscanner.com/car-hire-in/car-hire-in-maleme/38333844.html",
    "candidate": "https://gr.skyscanner.com/car-hire-in/car-hire-in-maleme/38333844.html"
  },
  {
    "text": "Για όσους χρειάζονται περισσότερο χώρο, το Fiat Panda διατίθεται από την ίδια εταιρεία με ταχύτητες από 51 € ανά ημέρα.",
    "issue": "The modifier 'με ταχύτητες' (manual transmission) is misplaced, creating a nonsensical phrase ('company with speeds') and impairing comprehension. This error pattern of misplaced modifiers is repeated in the text.",
    "type_of_issue": "Grammar",
    "solution": "Relocate the modifier 'με ταχύτητες' to immediately follow the noun it describes ('Fiat Panda') for clarity and grammatical correctness.",
    "updated_sentence": "Για όσους χρειάζονται περισσότερο χώρο, το Fiat Panda με ταχύτητες διατίθεται από την ίδια εταιρεία από 51 € ανά ημέρα.",
    "severity": "Major",
    "score_deduction": 3,
    "source_file": "2026-2027-gr-car-hire-city-08.docx",
    "url": "https://gr.skyscanner.com/car-hire-in/car-hire-in-maleme/38333844.html",
    "candidate": "https://gr.skyscanner.com/car-hire-in/car-hire-in-maleme/38333844.html"
  },
  {
    "text": "Οι ταξιδιώτες μπορούν να συλλέξουν το όχημά τους απευθείας κατά την άφιξή τους, χωρίς ανάγκη μετακίνησης προς άλλη περιοχή.",
    "issue": "The verb 'συλλέξουν' is a mistranslation of 'pick up'. It means 'to gather' or 'to collect' (like stamps), which is semantically incorrect for retrieving a rental car.",
    "type_of_issue": "Accuracy",
    "solution": "Replace the verb 'συλλέξουν' with 'παραλάβουν' to accurately mean 'pick up' in this context, consistent with the glossary term for 'pick-up' (παραλαβή).",
    "updated_sentence": "Οι ταξιδιώτες μπορούν να παραλάβουν το όχημά τους απευθείας κατά την άφιξή τους, χωρίς ανάγκη μετακίνησης προς άλλη περιοχή.",
    "severity": "Major",
    "score_deduction": 3,
    "source_file": "2026-2027-gr-car-hire-city-08.docx",
    "url": "https://gr.skyscanner.com/car-hire-in/car-hire-in-maleme/38333844.html",
    "candidate": "https://gr.skyscanner.com/car-hire-in/car-hire-in-maleme/38333844.html"
  },
  {
    "text": "Στην Ελλάδα η κυκλοφορία γίνεται στη δεξιά πλευρά του δρόμου. Στους αυτοκινητοδρόμους το όριο ταχύτητας είναι 130 χλμ./ώρα, ενώ στις οδούς ταχείας κυκλοφορίας ανέρχεται στα 110 χλμ./ώρα. Στους επαρχιακούς δρόμους ισχύει όριο 90 χλμ./ώρα και στους υπόλοιπους δρόμους 50 χλμ./ώρα. Οι αυτοκινητόδρομοι λειτουργούν με κλειστό σύστημα διοδίων, το οποίο διαχειρίζονται διάφοροι ιδιωτικοί παραχωρησιούχοι. Η χρέωση υπολογίζεται βάσει της απόστασης και η πληρωμή πραγματοποιείται σε σταθμούς διοδίων με μετρητά, κάρτα ή ηλεκτρονικούς πομποδέκτες.",
    "issue": "The single paragraph combines multiple distinct topics (driving side, speed limits, and tolls), which makes it difficult for users to scan for specific information.",
    "type_of_issue": "Style",
    "solution": "Split the text into three separate, focused paragraphs to improve readability and scannability.",
    "updated_sentence": "Στην Ελλάδα η κυκλοφορία γίνεται στη δεξιά πλευρά του δρόμου.\n\nΣτους αυτοκινητοδρόμους το όριο ταχύτητας είναι 130 χλμ./ώρα, ενώ στις οδούς ταχείας κυκλοφορίας ανέρχεται στα 110 χλμ./ώρα. Στους επαρχιακούς δρόμους ισχύει όριο 90 χλμ./ώρα και στους υπόλοιπους δρόμους 50 χλμ./ώρα.\n\nΟι αυτοκινητόδρομοι λειτουργούν με κλειστό σύστημα διοδίων, το οποίο διαχειρίζονται διάφοροι ιδιωτικοί παραχωρησιούχοι. Η χρέωση υπολογίζεται βάσει της απόστασης και η πληρωμή πραγματοποιείται σε σταθμούς διοδίων με μετρητά, κάρτα ή ηλεκτρονικούς πομποδέκτες.",
    "severity": "Minor",
    "score_deduction": 1,
    "source_file": "2026-2027-gr-car-hire-city-08.docx",
    "url": "https://gr.skyscanner.com/car-hire-in/car-hire-in-maleme/38333844.html",
    "candidate": "https://gr.skyscanner.com/car-hire-in/car-hire-in-maleme/38333844.html"
  },
  {
    "text": "Για την εξασφάλιση καλύτερης τιμής, η κράτηση συνιστάται να γίνεται 3 εβδομάδες πριν.",
    "issue": "The adverb 'πριν' (before) is used incompletely without its required point of reference, which is grammatically imprecise.",
    "type_of_issue": "Grammar",
    "solution": "Replace 'πριν' with the more precise adverb 'νωρίτερα' (earlier), which is contextually complete.",
    "updated_sentence": "Για την εξασφάλιση καλύτερης τιμής, η κράτηση συνιστάται να γίνεται 3 εβδομάδες νωρίτερα.",
    "severity": "Minor",
    "score_deduction": 1,
    "source_file": "2026-2027-gr-car-hire-city-08.docx",
    "url": "https://gr.skyscanner.com/car-hire-in/car-hire-in-santorini-thira/38308884.html",
    "candidate": "https://gr.skyscanner.com/car-hire-in/car-hire-in-santorini-thira/38308884.html"
  },
  {
    "text": "Η σύγκριση των διαθέσιμων επιλογών επιτρέπει τον εντοπισμό της πλέον οικονομικής προσφοράς για τις ημερομηνίες που σας ενδιαφέρουν",
    "issue": "The paragraph is missing the required terminal punctuation (full stop).",
    "type_of_issue": "Punctuation/Spelling/Typos",
    "solution": "Add a full stop at the end of the final sentence.",
    "updated_sentence": "Η σύγκριση των διαθέσιμων επιλογών επιτρέπει τον εντοπισμό της πλέον οικονομικής προσφοράς για τις ημερομηνίες που σας ενδιαφέρουν.",
    "severity": "Minor",
    "score_deduction": 1,
    "source_file": "2026-2027-gr-car-hire-city-09.docx",
    "url": "https://gr.skyscanner.com/car-hire-in/car-hire-in-vathy/38325524.html",
    "candidate": "https://gr.skyscanner.com/car-hire-in/car-hire-in-vathy/38325524.html"
  },
  {
    "text": "Η IDEA MOBILITY προσφέρει το Fiat Panda με ταχύτητες από 54 € ανά ημέρα, μια οικονομική επιλογή για μετακινήσεις μικρής κλίμακας.",
    "issue": "The phrase \"με ταχύτητες από [τιμή]\" is an unnatural and confusing construction that nonsensically links the vehicle's manual transmission to its price. This pattern repeats in similar sentences.",
    "type_of_issue": "Accuracy",
    "solution": "Replace \"με ταχύτητες\" with the clearer term \"με μηχανικό κιβώτιο ταχυτήτων\" to properly describe the vehicle feature separately from the price.",
    "updated_sentence": "Η IDEA MOBILITY προσφέρει το Fiat Panda με μηχανικό κιβώτιο ταχυτήτων από 54 € ανά ημέρα, μια οικονομική επιλογή για μετακινήσεις μικρής κλίμακας.",
    "severity": "Major",
    "score_deduction": 3,
    "source_file": "2026-2027-gr-car-hire-city-09.docx",
    "url": "https://gr.skyscanner.com/car-hire-in/car-hire-in-vathy/38325524.html",
    "candidate": "https://gr.skyscanner.com/car-hire-in/car-hire-in-vathy/38325524.html"
  },
  {
    "text": "Το αεροδρόμιο αποτελεί το βασικό σημείο συλλογής για τους ταξιδιώτες που φτάνουν με αεροπλάνο.",
    "issue": "The term 'συλλογής' (collection) is used instead of the standard term 'παραλαβής' (pick-up), which is mandated by the glossary for car hire context.",
    "type_of_issue": "Compliance",
    "solution": "Replace 'συλλογής' with 'παραλαβής' to align with the glossary and standard terminology.",
    "updated_sentence": "Το αεροδρόμιο αποτελεί το βασικό σημείο παραλαβής για τους ταξιδιώτες που φτάνουν με αεροπλάνο.",
    "severity": "Minor",
    "score_deduction": 1,
    "source_file": "2026-2027-gr-car-hire-city-09.docx",
    "url": "https://gr.skyscanner.com/car-hire-in/car-hire-in-vathy/38325524.html",
    "candidate": "https://gr.skyscanner.com/car-hire-in/car-hire-in-vathy/38325524.html"
  },
  {
    "text": "Στις κορυφαίες επιλογές συγκαταλέγονται η Thrifty, η Auto-Union και η Manos, με τη Thrifty να αποτελεί την πιο δημοφιλή συνολικά.",
    "issue": "The brand name 'Auto-Union' is incorrectly formatted with a hyphen.",
    "type_of_issue": "Compliance",
    "solution": "Remove the hyphen from 'Auto-Union' to correctly format the brand name as 'Auto Union'.",
    "updated_sentence": "Στις κορυφαίες επιλογές συγκαταλέγονται η Thrifty, η Auto Union και η Manos, με τη Thrifty να αποτελεί την πιο δημοφιλή συνολικά.",
    "severity": "Minor",
    "score_deduction": 1,
    "source_file": "2026-2027-gr-car-hire-city-09.docx",
    "url": "https://gr.skyscanner.com/car-hire-in/car-hire-in-vathy/38325524.html",
    "candidate": "https://gr.skyscanner.com/car-hire-in/car-hire-in-vathy/38325524.html"
  },
  {
    "text": "Στην Ελλάδα η κυκλοφορία γίνεται στη δεξιά πλευρά του δρόμου. Στους αυτοκινητοδρόμους το όριο ταχύτητας ανέρχεται σε 130 χλμ./ώρα, ενώ στις οδούς ταχείας κυκλοφορίας ισχύουν τα 110 χλμ./ώρα. Στους επαρχιακούς δρόμους το όριο διαμορφώνεται στα 90 χλμ./ώρα και στους υπόλοιπους δρόμους στα 50 χλμ./ώρα. Οι αυτοκινητόδρομοι λειτουργούν με κλειστό σύστημα διοδίων, το οποίο διαχειρίζονται διάφοροι ιδιωτικοί παραχωρησιούχοι. Η πληρωμή γίνεται με μετρητά, κάρτα ή ηλεκτρονικούς πομποδέκτες στους σταθμούς διοδίων και υπολογίζεται με βάση την απόσταση που διανύεται.",
    "issue": "The paragraph combines general driving rules (driving side, speed limits) with a separate topic (motorway toll systems), which harms scannability.",
    "type_of_issue": "Style",
    "solution": "Split the text into two distinct paragraphs to separate the general rules from the toll information, improving readability.",
    "updated_sentence": "Στην Ελλάδα η κυκλοφορία γίνεται στη δεξιά πλευρά του δρόμου. Στους αυτοκινητοδρόμους το όριο ταχύτητας ανέρχεται σε 130 χλμ./ώρα, ενώ στις οδούς ταχείας κυκλοφορίας ισχύουν τα 110 χλμ./ώρα. Στους επαρχιακούς δρόμους το όριο διαμορφώνεται στα 90 χλμ./ώρα και στους υπόλοιπους δρόμους στα 50 χλμ./ώρα.\n\nΟι αυτοκινητόδρομοι λειτουργούν με κλειστό σύστημα διοδίων, το οποίο διαχειρίζονται διάφοροι ιδιωτικοί παραχωρησιούχοι. Η πληρωμή γίνεται με μετρητά, κάρτα ή ηλεκτρονικούς πομποδέκτες στους σταθμούς διοδίων και υπολογίζεται με βάση την απόσταση που διανύεται.",
    "severity": "Minor",
    "score_deduction": 1,
    "source_file": "2026-2027-gr-car-hire-city-09.docx",
    "url": "https://gr.skyscanner.com/car-hire-in/car-hire-in-vathy/38325524.html",
    "candidate": "https://gr.skyscanner.com/car-hire-in/car-hire-in-vathy/38325524.html"
  },
  {
    "text": "Το Hyundai i10 από την ABBYCAR διατίθεται με ταχύτητες από 27 € ανά ημέρα.",
    "issue": "The phrase \"διατίθεται με ταχύτητες\" (is available with gears) is a literal mistranslation for a manual transmission car, which is semantically incorrect and confusing. This error pattern repeats in subsequent sentences.",
    "type_of_issue": "Accuracy",
    "solution": "Rephrase to use \"με ταχύτητες\" (manual/with gears) as an adjective modifying the car, not as a feature it is 'available with'.",
    "updated_sentence": "Το Hyundai i10 με ταχύτητες από την ABBYCAR διατίθεται από 27 € ανά ημέρα.",
    "severity": "Major",
    "score_deduction": 3,
    "source_file": "2026-2027-gr-car-hire-city-09.docx",
    "url": "https://gr.skyscanner.com/car-hire-in/car-hire-in-gouvai/38538238.html",
    "candidate": "https://gr.skyscanner.com/car-hire-in/car-hire-in-gouvai/38538238.html"
  },
  {
    "text": "Το αεροδρόμιο διαθέτει πληθώρα διαθέσιμων τοποθεσιών ενοικίασης, γεγονός που διευκολύνει την άφιξη με πτήση και την άμεση ανάληψη του οχήματος.",
    "issue": "The word \"ανάληψη\" (withdrawal/assumption) is an incorrect term for collecting a vehicle, where \"παραλαβή\" (pick-up) is the correct term.",
    "type_of_issue": "Accuracy",
    "solution": "Replace \"ανάληψη\" with \"παραλαβή\" to use the correct terminology for vehicle collection, as also confirmed in the glossary.",
    "updated_sentence": "Το αεροδρόμιο διαθέτει πληθώρα διαθέσιμων τοποθεσιών ενοικίασης, γεγονός που διευκολύνει την άφιξη με πτήση και την άμεση παραλαβή του οχήματος.",
    "severity": "Minor",
    "score_deduction": 1,
    "source_file": "2026-2027-gr-car-hire-city-09.docx",
    "url": "https://gr.skyscanner.com/car-hire-in/car-hire-in-gouvai/38538238.html",
    "candidate": "https://gr.skyscanner.com/car-hire-in/car-hire-in-gouvai/38538238.html"
  },
  {
    "text": "Για όσους προτιμούν χειροκίνητο κιβώτιο, η Avance Car Rental διαθέτει το Peugeot 208 με ταχύτητες από 80 € ανά ημέρα.",
    "issue": "The sentence is redundant, using both \"χειροκίνητο κιβώτιο\" and the glossary term \"με ταχύτητες\" to refer to a manual transmission, creating an inconsistent description.",
    "type_of_issue": "Style",
    "solution": "Rewrite the phrase to remove the redundancy and use consistent terminology for a manual vehicle as found elsewhere in the text.",
    "updated_sentence": "Για όσους προτιμούν αυτοκίνητο με ταχύτητες, η Avance Car Rental διαθέτει το Peugeot 208 από 80 € ανά ημέρα.",
    "severity": "Minor",
    "score_deduction": 1,
    "source_file": "2026-2027-gr-car-hire-city-09.docx",
    "url": "https://gr.skyscanner.com/car-hire-in/car-hire-in-korissia/44561092.html",
    "candidate": "https://gr.skyscanner.com/car-hire-in/car-hire-in-korissia/44561092.html"
  },
  {
    "text": "Οι ταξιδιώτες που επιθυμούν να ενοικιάσουν αυτοκίνητο με προορισμό την Κορησσία μπορούν να παραλάβουν το όχημά τους από τον Διεθνή Αερολιμένα Αθηνών. Διαθέσιμη επιλογή αποτελεί επίσης η παραλαβή από το Αθήνα Διεθνές Αεροδρόμιο. Οι δύο τοποθεσίες συνδέονται με το ίδιο αεροδρόμιο, γεγονός που διευκολύνει την οργάνωση της μετακίνησης αμέσως μετά την άφιξη.",
    "issue": "The text presents two names for the same airport as if they are separate pickup locations, creating a logical contradiction. Additionally, the name \"Αθήνα Διεθνές Αεροδρόμιο\" is grammatically incorrect.",
    "type_of_issue": "Accuracy",
    "solution": "Remove the redundant and contradictory sentences to eliminate the logical error.",
    "updated_sentence": "Οι ταξιδιώτες που επιθυμούν να ενοικιάσουν αυτοκίνητο με προορισμό την Κορησσία μπορούν να παραλάβουν το όχημά τους από τον Διεθνή Αερολιμένα Αθηνών, γεγονός που διευκολύνει την οργάνωση της μετακίνησης αμέσως μετά την άφιξη.",
    "severity": "Major",
    "score_deduction": 3,
    "source_file": "2026-2027-gr-car-hire-city-09.docx",
    "url": "https://gr.skyscanner.com/car-hire-in/car-hire-in-korissia/44561092.html",
    "candidate": "https://gr.skyscanner.com/car-hire-in/car-hire-in-korissia/44561092.html"
  },
  {
    "text": "Για μεγαλύτερες διαδρομές, το Kia Seltos με ταχύτητες προσφέρεται από την ABBYCAR από 64 € ανά ημέρα, με χωρητικότητα πέντε επιβατών και τριών αποσκευών.",
    "issue": "The preposition \"από\" is repeated in a way that is grammatically incorrect in this passive voice construction.",
    "type_of_issue": "Grammar",
    "solution": "Rewrite the sentence in the active voice to eliminate the ungrammatical repetition of the preposition.",
    "updated_sentence": "Για μεγαλύτερες διαδρομές, η ABBYCAR προσφέρει το Kia Seltos με ταχύτητες από 64 € ανά ημέρα, με χωρητικότητα πέντε επιβατών και τριών αποσκευών.",
    "severity": "Minor",
    "score_deduction": 1,
    "source_file": "2026-2027-gr-car-hire-city-09.docx",
    "url": "https://gr.skyscanner.com/car-hire-in/car-hire-in-kalithea/38313177.html",
    "candidate": "https://gr.skyscanner.com/car-hire-in/car-hire-in-kalithea/38313177.html"
  },
  {
    "text": "Το αεροδρόμιο αποτελεί το βασικό σημείο συλλογής για όσους φτάνουν στο νησί αεροπορικώς.",
    "issue": "The term 'συλλογής' (collection) is incorrect; the glossary term for 'pick-up' is 'παραλαβή', which should be used for consistency and accuracy.",
    "type_of_issue": "Compliance",
    "solution": "Replace 'συλλογής' with 'παραλαβής' to align with the glossary and standard terminology.",
    "updated_sentence": "Το αεροδρόμιο αποτελεί το βασικό σημείο παραλαβής για όσους φτάνουν στο νησί αεροπορικώς.",
    "severity": "Minor",
    "score_deduction": 1,
    "source_file": "2026-2027-gr-car-hire-city-09.docx",
    "url": "https://gr.skyscanner.com/car-hire-in/car-hire-in-limin-khersonisou/44560535.html",
    "candidate": "https://gr.skyscanner.com/car-hire-in/car-hire-in-limin-khersonisou/44560535.html"
  },
  {
    "text": "Διεθνής άδεια οδήγησης δεν χρειάζεται για διπλώματα από την ΕΕ/ΕΟΧ, την Ελβετία, τη Νορβηγία, το Λιχτενστάιν, την Ισλανδία, τις ΗΠΑ, τον Καναδά, την Αυστραλία ή το Ηνωμένο Βασίλειο.",
    "issue": "The proper noun 'Λιχτενστάιν' is missing the required accent and diaeresis according to standard Greek orthography.",
    "type_of_issue": "Punctuation/Spelling/Typos",
    "solution": "Correct the spelling to 'Λίχτενσταϊν' to include the required diacritics.",
    "updated_sentence": "Διεθνής άδεια οδήγησης δεν χρειάζεται για διπλώματα από την ΕΕ/ΕΟΧ, την Ελβετία, τη Νορβηγία, το Λίχτενσταϊν, την Ισλανδία, τις ΗΠΑ, τον Καναδά, την Αυστραλία ή το Ηνωμένο Βασίλειο.",
    "severity": "Minor",
    "score_deduction": 1,
    "source_file": "2026-2027-gr-car-hire-city-09.docx",
    "url": "https://gr.skyscanner.com/car-hire-in/car-hire-in-limin-khersonisou/44560535.html",
    "candidate": "https://gr.skyscanner.com/car-hire-in/car-hire-in-limin-khersonisou/44560535.html"
  },
  {
    "text": "Όσοι προτιμούν εναλλακτική επιλογή μπορούν να στραφούν στο Toyota Corolla της Royal Rentals, με ταχύτητες, από 217 € ανά ημέρα.",
    "issue": "An unnecessary comma incorrectly separates the phrase \"με ταχύτητες\" from the price information that follows.",
    "type_of_issue": "Punctuation/Spelling/Typos",
    "solution": "Remove the comma after \"με ταχύτητες\" for correct sentence structure.",
    "updated_sentence": "Όσοι προτιμούν εναλλακτική επιλογή μπορούν να στραφούν στο Toyota Corolla της Royal Rentals, με ταχύτητες από 217 € ανά ημέρα.",
    "severity": "Minor",
    "score_deduction": 1,
    "source_file": "2026-2027-gr-car-hire-city-09.docx",
    "url": "https://gr.skyscanner.com/car-hire-in/car-hire-in-piskopianon/38557938.html",
    "candidate": "https://gr.skyscanner.com/car-hire-in/car-hire-in-piskopianon/38557938.html"
  },
  {
    "text": "Για την ενοικίαση απαιτούνται ισχύον διαβατήριο ή ταυτότητα και έγκυρο δίπλωμα οδήγησης. Διεθνής άδεια οδήγησης απαιτείται για τις περισσότερες άδειες εκτός ΕΕ/ΕΟΧ.",
    "issue": "The term for 'driving license' is used inconsistently across two consecutive sentences ('δίπλωμα οδήγησης' then 'άδειες'), and the phrasing regarding the requirement is slightly imprecise.",
    "type_of_issue": "Style",
    "solution": "Unify the term to 'διπλώματα οδήγησης' for consistency and clarify that the requirement applies to licenses issued outside the EU/EEA.",
    "updated_sentence": "Για την ενοικίαση απαιτούνται ισχύον διαβατήριο ή ταυτότητα και έγκυρο δίπλωμα οδήγησης. Διεθνής άδεια οδήγησης απαιτείται για τα περισσότερα διπλώματα οδήγησης που έχουν εκδοθεί εκτός ΕΕ/ΕΟΧ.",
    "severity": "Minor",
    "score_deduction": 1,
    "source_file": "2026-2027-gr-car-hire-city-09.docx",
    "url": "https://gr.skyscanner.com/car-hire-in/car-hire-in-potokaki/38572037.html",
    "candidate": "https://gr.skyscanner.com/car-hire-in/car-hire-in-potokaki/38572037.html"
  },
  {
    "text": "Η ενοικίαση αυτοκινήτου στον Καρφά ξεκινά από 96 €, τιμή που αποτελεί την πιο οικονομική διαθέσιμη επιλογή.",
    "issue": "A standard space is used between the number and the currency symbol, whereas Greek typographical rules require a non-breaking space to prevent improper line wrapping.",
    "type_of_issue": "Punctuation/Spelling/Typos",
    "solution": "Replace the regular space between '96' and '€' with a non-breaking space (NBSP).",
    "updated_sentence": "Η ενοικίαση αυτοκινήτου στον Καρφά ξεκινά από 96 €, τιμή που αποτελεί την πιο οικονομική διαθέσιμη επιλογή.",
    "severity": "Minor",
    "score_deduction": 1,
    "source_file": "2026-2027-gr-car-hire-city-09.docx",
    "url": "https://gr.skyscanner.com/car-hire-in/car-hire-in-karfas/38404376.html",
    "candidate": "https://gr.skyscanner.com/car-hire-in/car-hire-in-karfas/38404376.html"
  },
  {
    "text": "Η ενοικίαση αυτοκινήτου στο Κατοβίτσε ξεκινά από 15 €, ενώ η μέση ετήσια τιμή διαμορφώνεται στα 48 €.",
    "issue": "The word 'ετήσια' (annual) creates a logical contradiction, as an average annual price of 48 € is impossible when the starting price is 15 € (implying a daily rate).",
    "type_of_issue": "Accuracy",
    "solution": "Remove the word 'ετήσια' to correct the logical error and align the average price with the daily rental context.",
    "updated_sentence": "Η ενοικίαση αυτοκινήτου στο Κατοβίτσε ξεκινά από 15 €, ενώ η μέση τιμή διαμορφώνεται στα 48 €.",
    "severity": "Major",
    "score_deduction": 3,
    "source_file": "2026-2027-gr-car-hire-city-10.docx",
    "url": "https://gr.skyscanner.com/car-hire-in/car-hire-in-katowice/27543914.html",
    "candidate": "https://gr.skyscanner.com/car-hire-in/car-hire-in-katowice/27543914.html"
  },
  {
    "text": "Για ταξιδιώτες με ελαφρύ αποσκευόχωρο, η Wheego διαθέτει Volkswagen Polo με ταχύτητες από 15 € ανά ημέρα.",
    "issue": "The phrase 'με ελαφρύ αποσκευόχωρο' is a literal mistranslation of 'with light luggage space', which incorrectly describes the traveler. The intended meaning is 'for travelers with light luggage'.",
    "type_of_issue": "Accuracy",
    "solution": "Rewrite the phrase to 'με λίγες αποσκευές' to accurately refer to the traveler's luggage.",
    "updated_sentence": "Για ταξιδιώτες με λίγες αποσκευές, η Wheego διαθέτει Volkswagen Polo με ταχύτητες από 15 € ανά ημέρα.",
    "severity": "Major",
    "score_deduction": 3,
    "source_file": "2026-2027-gr-car-hire-city-10.docx",
    "url": "https://gr.skyscanner.com/car-hire-in/car-hire-in-katowice/27543914.html",
    "candidate": "https://gr.skyscanner.com/car-hire-in/car-hire-in-katowice/27543914.html"
  },
  {
    "text": "Εναλλακτικά, η παραλαβή μπορεί να γίνει στον σταθμό Katowice Station, στο κέντρο της πόλης, όπου διατίθενται επίσης αρκετές τοποθεσίες ενοικίασης.",
    "issue": "The text is redundant, using both the Greek word \"σταθμό\" (station) and the English name \"Katowice Station\", which already includes the word \"Station\".",
    "type_of_issue": "Style",
    "solution": "Remove the redundant Greek word \"σταθμό\" and adjust the preceding article from \"στον\" to \"στο\" for correct grammatical agreement with the foreign name.",
    "updated_sentence": "Εναλλακτικά, η παραλαβή μπορεί να γίνει στο Katowice Station, στο κέντρο της πόλης, όπου διατίθενται επίσης αρκετές τοποθεσίες ενοικίασης.",
    "severity": "Minor",
    "score_deduction": 1,
    "source_file": "2026-2027-gr-car-hire-city-10.docx",
    "url": "https://gr.skyscanner.com/car-hire-in/car-hire-in-katowice/27543914.html",
    "candidate": "https://gr.skyscanner.com/car-hire-in/car-hire-in-katowice/27543914.html"
  },
  {
    "text": "Η ενοικίαση αυτοκινήτου στο Βρότσλαβ ξεκινά από 20 €, τιμή αισθητά χαμηλότερη από τον ετήσιο μέσο όρο των 44 €. Η σύγκριση των διαθέσιμων επιλογών μέσω της Skyscanner βοηθά στον εντοπισμό των πιο συμφέρουσων προσφορών. Η κράτηση 3 εβδομάδες πριν από την ημερομηνία παραλαβής συνδέεται συνήθως με πιο ευνοϊκές τιμές. Ο έγκαιρος προγραμματισμός επιτρέπει την πρόσβαση σε μεγαλύτερο εύρος οχημάτων και παρόχων, ενώ η ευελιξία ως προς τις ημερομηνίες μπορεί να μειώσει περαιτέρω το συνολικό κόστος της ενοικίασης.",
    "issue": "The single paragraph combines multiple distinct ideas (pricing, a specific booking tip, and general planning advice), which impairs readability and scannability for web users.",
    "type_of_issue": "Style",
    "solution": "Split the content into three shorter, more focused paragraphs to improve readability.",
    "updated_sentence": "Η ενοικίαση αυτοκινήτου στο Βρότσλαβ ξεκινά από 20 €, τιμή αισθητά χαμηλότερη από τον ετήσιο μέσο όρο των 44 €. Η σύγκριση των διαθέσιμων επιλογών μέσω της Skyscanner βοηθά στον εντοπισμό των πιο συμφέρουσων προσφορών.\n\nΗ κράτηση 3 εβδομάδες πριν από την ημερομηνία παραλαβής συνδέεται συνήθως με πιο ευνοϊκές τιμές.\n\nΟ έγκαιρος προγραμματισμός επιτρέπει την πρόσβαση σε μεγαλύτερο εύρος οχημάτων και παρόχων, ενώ η ευελιξία ως προς τις ημερομηνίες μπορεί να μειώσει περαιτέρω το συνολικό κόστος της ενοικίασης.",
    "severity": "Minor",
    "score_deduction": 1,
    "source_file": "2026-2027-gr-car-hire-city-10.docx",
    "url": "https://gr.skyscanner.com/car-hire-in/car-hire-in-wroclaw/27536248.html",
    "candidate": "https://gr.skyscanner.com/car-hire-in/car-hire-in-wroclaw/27536248.html"
  },
  {
    "text": "Εναλλακτικά, η παραλαβή είναι εφικτή στο αεροδρόμιο «Νικόλαος Κοπέρνικος», κατάλληλη για επισκέπτες που φτάνουν αεροπορικώς.",
    "issue": "The text uses guillemets (« ») for quotation marks, which violates the style guide's requirement for straight quotation marks.",
    "type_of_issue": "Punctuation/Spelling/Typos",
    "solution": "Replace the guillemets (« ») with standard straight quotation marks (\") to align with the project's typographic rules.",
    "updated_sentence": "Εναλλακτικά, η παραλαβή είναι εφικτή στο αεροδρόμιο \"Νικόλαος Κοπέρνικος\", κατάλληλη για επισκέπτες που φτάνουν αεροπορικώς.",
    "severity": "Minor",
    "score_deduction": 1,
    "source_file": "2026-2027-gr-car-hire-city-10.docx",
    "url": "https://gr.skyscanner.com/car-hire-in/car-hire-in-wroclaw/27536248.html",
    "candidate": "https://gr.skyscanner.com/car-hire-in/car-hire-in-wroclaw/27536248.html"
  },
  {
    "text": "Η πιο δημοφιλής είναι η Flex To Go, ενώ ακολουθούν η Express και η kaizen rent.",
    "issue": "The brand name \"kaizen rent\" is written in lowercase, which is inconsistent with the capitalization of other proper nouns in the same sentence.",
    "type_of_issue": "Compliance",
    "solution": "Capitalize the brand name as \"Kaizen Rent\" to align with standard conventions for proper nouns and maintain consistency.",
    "updated_sentence": "Η πιο δημοφιλής είναι η Flex To Go, ενώ ακολουθούν η Express και η Kaizen Rent.",
    "severity": "Minor",
    "score_deduction": 1,
    "source_file": "2026-2027-gr-car-hire-city-10.docx",
    "url": "https://gr.skyscanner.com/car-hire-in/car-hire-in-wroclaw/27536248.html",
    "candidate": "https://gr.skyscanner.com/car-hire-in/car-hire-in-wroclaw/27536248.html"
  },
  {
    "text": "Η ενοικίαση αυτοκινήτου στην Κρακοβία ξεκινά από 18 €, ενώ η μέση ετήσια τιμή διαμορφώνεται στα 46 €.",
    "issue": "The term 'μέση ετήσια τιμή' (average annual price) is logically incorrect and misleading when compared to a daily starting price of 18 €, as it implies the price for an entire year is 46 €.",
    "type_of_issue": "Accuracy",
    "solution": "Remove the word 'ετήσια' (annual) to correctly state that 46 € is the average price, not an annual one.",
    "updated_sentence": "Η ενοικίαση αυτοκινήτου στην Κρακοβία ξεκινά από 18 €, ενώ η μέση τιμή διαμορφώνεται στα 46 €.",
    "severity": "Major",
    "score_deduction": 3,
    "source_file": "2026-2027-gr-car-hire-city-10.docx",
    "url": "https://gr.skyscanner.com/car-hire-in/car-hire-in-krakow/27543787.html",
    "candidate": "https://gr.skyscanner.com/car-hire-in/car-hire-in-krakow/27543787.html"
  },
  {
    "text": "Η παραλαβή στο Αεροδρόμιο της Λοντζ αποτελεί μία επιλογή, ενώ διαθέσιμη είναι και η παραλαβή σε συνοικίες της πόλης, όπως το Widzew.",
    "issue": "Incorrect use of the accented numeric form 'μία' (one) where the unaccented indefinite article 'μια' (an) is required by the style guide.",
    "type_of_issue": "Grammar",
    "solution": "Change 'μία' to 'μια' to correctly use the indefinite article.",
    "updated_sentence": "Η παραλαβή στο Αεροδρόμιο της Λοντζ αποτελεί μια επιλογή, ενώ διαθέσιμη είναι και η παραλαβή σε συνοικίες της πόλης, όπως το Widzew.",
    "severity": "Minor",
    "score_deduction": 1,
    "source_file": "2026-2027-gr-car-hire-city-10.docx",
    "url": "https://gr.skyscanner.com/car-hire-in/car-hire-in-lodz/27544001.html",
    "candidate": "https://gr.skyscanner.com/car-hire-in/car-hire-in-lodz/27544001.html"
  },
  {
    "text": "Οι σημείο παραλαβής βρίσκονται σε διάφορα σημεία της πόλης, καλύπτοντας τόσο το αεροδρόμιο όσο και τις κεντρικές συνοικίες.",
    "issue": "There is a grammatical disagreement in gender and number between the article 'Οι' (plural, masculine/feminine) and the noun 'σημείο' (singular, neuter).",
    "type_of_issue": "Grammar",
    "solution": "Change 'Οι σημείο' to the correct plural neuter form 'Τα σημεία' to agree with the plural verb 'βρίσκονται'.",
    "updated_sentence": "Τα σημεία παραλαβής βρίσκονται σε διάφορα σημεία της πόλης, καλύπτοντας τόσο το αεροδρόμιο όσο και τις κεντρικές συνοικίες.",
    "severity": "Minor",
    "score_deduction": 1,
    "source_file": "2026-2027-gr-car-hire-city-10.docx",
    "url": "https://gr.skyscanner.com/car-hire-in/car-hire-in-lodz/27544001.html",
    "candidate": "https://gr.skyscanner.com/car-hire-in/car-hire-in-lodz/27544001.html"
  },
  {
    "text": "Για την ενοικίαση απαιτούνται πάντα ένα έγκυρο διαβατήριο ή δελτίο ταυτότητας και ισχύον δίπλωμα οδήγησης.",
    "issue": "The indefinite article \"ένα\" is missing before the final item in a list, creating a grammatical inconsistency and breaking the parallel structure.",
    "type_of_issue": "Grammar",
    "solution": "Add the indefinite article \"ένα\" before \"ισχύον δίπλωμα οδήγησης\" for correct parallelism in the list of required documents.",
    "updated_sentence": "Για την ενοικίαση απαιτούνται πάντα ένα έγκυρο διαβατήριο ή δελτίο ταυτότητας και ένα ισχύον δίπλωμα οδήγησης.",
    "severity": "Minor",
    "score_deduction": 1,
    "source_file": "2026-2027-gr-car-hire-city-10.docx",
    "url": "https://gr.skyscanner.com/car-hire-in/car-hire-in-lodz/27544001.html",
    "candidate": "https://gr.skyscanner.com/car-hire-in/car-hire-in-lodz/27544001.html"
  },
  {
    "text": "Η ενοικίαση αυτοκινήτου στο Γκντανσκ ξεκινά από 19 €, ενώ η μέση ετήσια τιμή διαμορφώνεται στα 42 €.",
    "issue": "The phrase \"μέση ετήσια τιμή\" (average annual price) is logically inconsistent with the value \"42 €\" in the context of daily car rentals, creating a misleading statement.",
    "type_of_issue": "Accuracy",
    "solution": "Replace \"ετήσια\" (annual) with \"ημερήσια\" (daily) to align with standard car rental pricing metrics and resolve the internal contradiction.",
    "updated_sentence": "Η ενοικίαση αυτοκινήτου στο Γκντανσκ ξεκινά από 19 €, ενώ η μέση ημερήσια τιμή διαμορφώνεται στα 42 €.",
    "severity": "Major",
    "score_deduction": 3,
    "source_file": "2026-2027-gr-car-hire-city-10.docx",
    "url": "https://gr.skyscanner.com/car-hire-in/car-hire-in-gdansk/27541787.html",
    "candidate": "https://gr.skyscanner.com/car-hire-in/car-hire-in-gdansk/27541787.html"
  },
  {
    "text": "Στην Γκντανσκ το πιο δημοφιλές αυτοκίνητο είναι το Volkswagen Polo, καθώς είναι μικρό, πρακτικό και εύκολο στη στάθμευση.",
    "issue": "The prepositional article 'Στην' (feminine) does not agree in gender with the city name 'Γκντανσκ', which is treated as a neuter noun in Greek.",
    "type_of_issue": "Grammar",
    "solution": "Change the prepositional article to the neuter form 'Στο' to correctly agree with 'Γκντανσκ'.",
    "updated_sentence": "Στο Γκντανσκ το πιο δημοφιλές αυτοκίνητο είναι το Volkswagen Polo, καθώς είναι μικρό, πρακτικό και εύκολο στη στάθμευση.",
    "severity": "Minor",
    "score_deduction": 1,
    "source_file": "2026-2027-gr-car-hire-city-10.docx",
    "url": "https://gr.skyscanner.com/car-hire-in/car-hire-in-gdansk/27541787.html",
    "candidate": "https://gr.skyscanner.com/car-hire-in/car-hire-in-gdansk/27541787.html"
  },
  {
    "text": "Η παραλαβή ενοικιαζόμενου αυτοκινήτου στην Γκντανσκ είναι εφικτή σε αρκετά σημεία εντός της πόλης και στην ευρύτερη περιοχή.",
    "issue": "The definite article 'στην' is used incorrectly before a word starting with the consonant cluster 'Γκ'; the final 'n' should be dropped according to standard Greek grammar.",
    "type_of_issue": "Grammar",
    "solution": "Change 'στην' to 'στη' to comply with the final-n (τελικό ν) grammatical rule.",
    "updated_sentence": "Η παραλαβή ενοικιαζόμενου αυτοκινήτου στη Γκντανσκ είναι εφικτή σε αρκετά σημεία εντός της πόλης και στην ευρύτερη περιοχή.",
    "severity": "Minor",
    "score_deduction": 1,
    "source_file": "2026-2027-gr-car-hire-city-10.docx",
    "url": "https://gr.skyscanner.com/car-hire-in/car-hire-in-gdansk/27541787.html",
    "candidate": "https://gr.skyscanner.com/car-hire-in/car-hire-in-gdansk/27541787.html"
  },
  {
    "text": "Η Flex To Go αποτελεί την πιο δημοφιλή επιλογή, ενώ ακολουθούν η CARFREE και η Carwiz.",
    "issue": "The brand name 'CARFREE' is capitalized in all caps, which is inconsistent with the other brand names in the sentence ('Flex To Go', 'Carwiz').",
    "type_of_issue": "Compliance",
    "solution": "Change 'CARFREE' to 'CarFree' to match the capitalization style of the other brand names.",
    "updated_sentence": "Η Flex To Go αποτελεί την πιο δημοφιλή επιλογή, ενώ ακολουθούν η CarFree και η Carwiz.",
    "severity": "Minor",
    "score_deduction": 1,
    "source_file": "2026-2027-gr-car-hire-city-10.docx",
    "url": "https://gr.skyscanner.com/car-hire-in/car-hire-in-gdansk/27541787.html",
    "candidate": "https://gr.skyscanner.com/car-hire-in/car-hire-in-gdansk/27541787.html"
  },
  {
    "text": "Για την ενοικίαση απαιτούνται πάντα ισχύον διαβατήριο ή ταυτότητα και έγκυρη άδεια οδήγησης.",
    "issue": "The adjective 'ισχύον' (neuter) correctly agrees with 'διαβατήριο' but disagrees with the feminine noun 'ταυτότητα' which it also modifies.",
    "type_of_issue": "Grammar",
    "solution": "Add the feminine form of the adjective, 'ισχύουσα', before the noun 'ταυτότητα' to correct the grammatical agreement.",
    "updated_sentence": "Για την ενοικίαση απαιτούνται πάντα ισχύον διαβατήριο ή ισχύουσα ταυτότητα και έγκυρη άδεια οδήγησης.",
    "severity": "Minor",
    "score_deduction": 1,
    "source_file": "2026-2027-gr-car-hire-city-10.docx",
    "url": "https://gr.skyscanner.com/car-hire-in/car-hire-in-gdansk/27541787.html",
    "candidate": "https://gr.skyscanner.com/car-hire-in/car-hire-in-gdansk/27541787.html"
  },
  {
    "text": "Η ενοικίαση αυτοκινήτου στο Σάλτσμπουργκ ξεκινά από 28 €, ενώ ο μέσος ετήσιος τιμοκατάλογος διαμορφώνεται στα 56 €.",
    "issue": "The phrase \"ο μέσος ετήσιος τιμοκατάλογος\" is a literal and unnatural translation, likely for \"average price\", which in Greek reads as \"average annual price list\".",
    "type_of_issue": "Accuracy",
    "solution": "Replace \"ο μέσος ετήσιος τιμοκατάλογος διαμορφώνεται στα\" with the correct and natural phrasing \"η μέση τιμή διαμορφώνεται στα\".",
    "updated_sentence": "Η ενοικίαση αυτοκινήτου στο Σάλτσμπουργκ ξεκινά από 28 €, ενώ η μέση τιμή διαμορφώνεται στα 56 €.",
    "severity": "Major",
    "score_deduction": 3,
    "source_file": "2026-2027-gr-car-hire-city-10.docx",
    "url": "https://gr.skyscanner.com/car-hire-in/car-hire-in-salzburg/27547109.html",
    "candidate": "https://gr.skyscanner.com/car-hire-in/car-hire-in-salzburg/27547109.html"
  },
  {
    "text": "Για την ενοικίαση απαιτούνται πάντοτε έγκυρο διαβατήριο ή ταυτότητα και δίπλωμα οδήγησης.",
    "issue": "Incorrect gender agreement. The neuter adjective 'έγκυρο' (valid) does not agree with the feminine noun 'ταυτότητα' (ID card).",
    "type_of_issue": "Grammar",
    "solution": "Add the correctly inflected feminine adjective 'έγκυρη' before the feminine noun 'ταυτότητα' to ensure proper grammatical agreement.",
    "updated_sentence": "Για την ενοικίαση απαιτούνται πάντοτε έγκυρο διαβατήριο ή έγκυρη ταυτότητα και δίπλωμα οδήγησης.",
    "severity": "Minor",
    "score_deduction": 1,
    "source_file": "2026-2027-gr-car-hire-city-10.docx",
    "url": "https://gr.skyscanner.com/car-hire-in/car-hire-in-salzburg/27547109.html",
    "candidate": "https://gr.skyscanner.com/car-hire-in/car-hire-in-salzburg/27547109.html"
  },
  {
    "text": "Η ενοικίαση αυτοκινήτου στη Ζέσουφ ξεκινά αυτή τη στιγμή από 17 €, όταν η μέση ετήσια τιμή διαμορφώνεται στα 39 €. Για τον εντοπισμό μιας οικονομικής επιλογής, η σύγκριση των διαθέσιμων προσφορών επιτρέπει την αξιολόγηση των τιμών ανάμεσα σε διαφορετικούς παρόχους. Η κράτηση 3 εβδομάδες πριν από την άφιξη συμβάλλει στην εξασφάλιση χαμηλότερης τιμής. Ο συνδυασμός έγκαιρου προγραμματισμού και ελέγχου των διαθέσιμων κατηγοριών οχημάτων διευκολύνει την επιλογή που ανταποκρίνεται στις εκάστοτε ανάγκες μετακίνησης εντός και εκτός της πόλης.",
    "issue": "The paragraph combines multiple distinct ideas (price context, comparison tips, and booking advice) into a single block of text, which hinders scannability for web content.",
    "type_of_issue": "Style",
    "solution": "Split the single paragraph into shorter, focused paragraphs to separate the main ideas and improve readability.",
    "updated_sentence": "Η ενοικίαση αυτοκινήτου στη Ζέσουφ ξεκινά αυτή τη στιγμή από 17 €, όταν η μέση ετήσια τιμή διαμορφώνεται στα 39 €.\n\nΓια τον εντοπισμό μιας οικονομικής επιλογής, η σύγκριση των διαθέσιμων προσφορών επιτρέπει την αξιολόγηση των τιμών ανάμεσα σε διαφορετικούς παρόχους. Η κράτηση 3 εβδομάδες πριν από την άφιξη συμβάλλει στην εξασφάλιση χαμηλότερης τιμής.\n\nΟ συνδυασμός έγκαιρου προγραμματισμού και ελέγχου των διαθέσιμων κατηγοριών οχημάτων διευκολύνει την επιλογή που ανταποκρίνεται στις εκάστοτε ανάγκες μετακίνησης εντός και εκτός της πόλης.",
    "severity": "Minor",
    "score_deduction": 1,
    "source_file": "2026-2027-gr-car-hire-city-10.docx",
    "url": "https://gr.skyscanner.com/car-hire-in/car-hire-in-rzeszow/27546237.html",
    "candidate": "https://gr.skyscanner.com/car-hire-in/car-hire-in-rzeszow/27546237.html"
  },
  {
    "text": "Για την ενοικίαση απαιτούνται πάντα έγκυρο διαβατήριο ή ταυτότητα και έγκυρη άδεια οδήγησης.",
    "issue": "The adjective 'έγκυρο' (valid) applies to the neuter noun 'διαβατήριο' (passport) but is not repeated in its correct feminine form ('έγκυρη') for the feminine noun 'ταυτότητα' (ID), which breaks grammatical parallelism.",
    "type_of_issue": "Grammar",
    "solution": "Add the feminine adjective 'έγκυρη' before 'ταυτότητα' to ensure it agrees in gender and maintains parallelism in the list.",
    "updated_sentence": "Για την ενοικίαση απαιτούνται πάντα έγκυρο διαβατήριο ή έγκυρη ταυτότητα και έγκυρη άδεια οδήγησης.",
    "severity": "Minor",
    "score_deduction": 1,
    "source_file": "2026-2027-gr-car-hire-city-10.docx",
    "url": "https://gr.skyscanner.com/car-hire-in/car-hire-in-rzeszow/27546237.html",
    "candidate": "https://gr.skyscanner.com/car-hire-in/car-hire-in-rzeszow/27546237.html"
  }
]

Return ONLY the JSON object for overall_feedback as specified in the system prompt.

2026-09-01 16:47:14,435 - INFO - AFC is enabled with max remote calls: 10.
2026-09-01 16:47:39,860 - INFO - HTTP Request: POST https://generativelanguage.googleapis.com/v1beta/models/gemini-2.5-pro:generateContent "HTTP/1.1 200 OK"
2026-09-01 16:47:40,065 - INFO - [GR] Wrote report → /Users/apple/Desktop/aurix/skyscanner-AI-Writer-IMWT/output/GR/LQA_Report_GR_20260901_144739.xlsx
2026-09-01 16:47:40,068 - INFO - [GR] Saved raw JSON → /Users/apple/Desktop/aurix/skyscanner-AI-Writer-IMWT/output/GR/LQA_Report_GR_20260901_144739_final.json
2026-09-01 16:47:40,180 - INFO - Wrote edited DOCX → /Users/apple/Desktop/aurix/skyscanner-AI-Writer-IMWT/output/GR/Edited_GR_2026-2027-gr-car-hire-city-06_20260901_144740.docx
2026-09-01 16:47:40,242 - INFO - Wrote edited DOCX → /Users/apple/Desktop/aurix/skyscanner-AI-Writer-IMWT/output/GR/Edited_GR_2026-2027-gr-car-hire-city-07_20260901_144740.docx
2026-09-01 16:47:40,311 - INFO - Wrote edited DOCX → /Users/apple/Desktop/aurix/skyscanner-AI-Writer-IMWT/output/GR/Edited_GR_2026-2027-gr-car-hire-city-08_20260901_144740.docx
2026-09-01 16:47:40,373 - INFO - Wrote edited DOCX → /Users/apple/Desktop/aurix/skyscanner-AI-Writer-IMWT/output/GR/Edited_GR_2026-2027-gr-car-hire-city-09_20260901_144740.docx
2026-09-01 16:47:40,437 - INFO - Wrote edited DOCX → /Users/apple/Desktop/aurix/skyscanner-AI-Writer-IMWT/output/GR/Edited_GR_2026-2027-gr-car-hire-city-10_20260901_144740.docx
2026-09-01 16:47:40,437 - INFO - [GR] Completed all three agents.

2026-09-01 16:47:40,437 - INFO - LQA pipeline finished successfully (3-agent).
2026-09-01 16:47:40,437 - INFO - Full run log saved to /Users/apple/Desktop/aurix/skyscanner-AI-Writer-IMWT/output/lqa_run_GR_20260901_140919.log
