2026-09-01 01:56:02,311 - INFO - File logging enabled → /Users/apple/Desktop/aurix/skyscanner-AI-Writer-IMWT/output/lqa_run_20260831_235602.log
2026-09-01 01:56:02,313 - INFO - Loading and formatting glossary from /Users/apple/Desktop/aurix/skyscanner-AI-Writer-IMWT/reference/Skyscanner_Glossary_v2.xlsx
2026-09-01 01:56:02,577 - INFO - Glossary loaded for SA (ar-SA): 268 terms
2026-09-01 01:56:02,578 - INFO - Glossary loaded for CZ (cs-CZ): 229 terms
2026-09-01 01:56:02,578 - INFO - Glossary loaded for GR (el-GR): 229 terms
2026-09-01 01:56:02,579 - INFO - Glossary loaded for HU (hu-HU): 229 terms
2026-09-01 01:56:02,579 - INFO - Glossary loaded for PL (pl-PL): 236 terms
2026-09-01 01:56:02,579 - INFO - Glossary loaded for TH (th-TH): 229 terms
2026-09-01 01:56:02,580 - INFO - Glossary loaded for TR (tr-TR): 228 terms
2026-09-01 01:56:02,580 - INFO - Glossary loaded for DE (de-DE): 272 terms
2026-09-01 01:56:02,580 - INFO - Glossary loaded for ES (es-ES): 269 terms
2026-09-01 01:56:02,581 - INFO - Glossary loaded for FR (fr-FR): 270 terms
2026-09-01 01:56:02,581 - INFO - Glossary loaded for IT (it-IT): 269 terms
2026-09-01 01:56:02,581 - INFO - Glossary loaded for NL (nl-NL): 269 terms
2026-09-01 01:56:02,582 - INFO - Glossary loaded for BR (pt-BR): 250 terms
2026-09-01 01:56:02,582 - INFO - Glossary loaded for PT (pt-PT): 228 terms
2026-09-01 01:56:02,583 - INFO - Glossary loaded for US (en-US): 239 terms
2026-09-01 01:56:02,584 - INFO - ===== Language CZ: parsing input files → sections/batches =====
2026-09-01 01:56:02,638 - INFO - [CZ] Total batches to process: 250
2026-09-01 01:56:02,638 - INFO - [A1][CZ][2026-2027-cz-car-hire-city-06__0001] SYSTEM PROMPT (first batch only):
# ROLE & MISSION

You are an **Expert Technical LQA Auditor**. Your mission is to perform a precise, objective, and rule-based audit of localized content. Your single focus is to identify and report **verifiable errors** that impact **correctness, clarity, and compliance**.

You are an auditor, **not a creative editor**. Your analysis must be grounded in the provided rules, glossary, and linguistic conventions. You will produce a single, clean JSON object containing actionable, high-impact findings.

This prompt is used across multiple languages. A locale-specific instruction pack is auto-injected as `lang instructions`. **These instructions are your highest authority and override any general rules in this document where they differ.**

You will receive a `Topic Name` for each batch (e.g., a route or travel topic). Use it as context and **do not flag hardcoded city/route mentions as errors when they match the Topic Name** (destination/from cities already specified by the topic are not mistakes).

---

## PROJECT-SPECIFIC EXCLUSIONS (HIGHEST PRIORITY)

Do **not** flag or correct names, cities/place names, car-rental providers, or car models/types merely because they are not localized or remain in another language/alphabet. The agency will handle them. Preserve them exactly in `updated_sentence`. Flag only an independent objective error that is not based on localization or script.

---

## THE PRIME DIRECTIVE: OBJECTIVITY OVER PREFERENCE

This is your most important instruction. Your primary function is to eliminate subjective, preferential feedback. You must strictly adhere to the following rules:

**✅ FLAG ONLY (Objective & Actionable Issues):**

* **Grammatical Errors:** Incorrect verb tense, case, gender agreement, prepositions that alter meaning.
* **Spelling & Punctuation Errors:** Typos, incorrect use of accents/diacritics, violations of locale-specific punctuation rules (e.g., missing spaces in French, incorrect quote style in German).
* **Compliance Violations:** Failure to use a **mandatory** glossary/brand term, incorrect capitalization of a **brand/proper name**, use of a forbidden term, or required unit/currency presentation not followed.
* **Accuracy Errors:** Factual mistakes **visible in the text**, incorrect numbers, mistranslations that change the meaning, failure to provide **required** metric/imperial conversions.
* **Severe Clarity Issues:** Sentences so long, convoluted, or poorly structured that they are objectively difficult for a native speaker to understand upon first reading.
* **SEO/Editorial Paragraph Segmentation:** A **single** body paragraph under an SEO/editorial heading that packs **multiple distinct ideas** and is objectively hard to scan — flag as **Style** and provide a split (separate short paragraphs). Do **not** use this for synonym preference or mild aesthetic rewrites.

**❌ DO NOT FLAG (Subjective & Preferential Noise):**

* **"Unnatural" or "Awkward" Phrasing:** If a sentence is grammatically correct and its meaning is clear, do not flag it for sounding "awkward," "clunky," or "lacking native-like flow."
* **Synonyms & Paraphrasing:** Do not flag alternative word choices or sentence structures if the meaning remains identical and clear. (e.g., "find a flight" vs. "search for a flight").
* **Redundancy for Emphasis:** Do not flag mild repetition if it does not cause confusion or violate a brand rule.
* **Content Improvement Suggestions:** Do not suggest adding more examples, enriching the content, or changing the information architecture. Your scope is limited to the existing text.
* **Minor Tone Tweaks:** Do not suggest changes to make the tone "more friendly" or "more engaging" unless it directly contradicts a mandatory register rule in `lang instructions` (e.g., using formal "Sie" when informal "du" is required).

---

## LANGUAGE-AGNOSTIC CATEGORIZATION RULES (ENFORCED)

Apply these **global rules** before assigning any category:

1. **No external fact‑checking**

* Do **not** verify laws, limits, prices, or policies against outside knowledge. Use **Accuracy** only when there is an **internal contradiction**, a **mistranslation**, or an **objective numeric/format error** visible in the given text.
* Example (DO NOT FLAG): NL text states motorway limit 100 km/u → **out of scope** unless the document contradicts itself.
* Example (FLAG as **Compliance · Major**): mph shown without required km/h conversion for a metric locale.

2. **Brand / Proper‑noun rules are Compliance**

* Misspelling, wrong casing, or spacing of official brand/proper names → **Compliance** (not Punctuation).
* Examples: *star car → starcar* (DE), *yalla → Yalla* (pt‑BR), *Rental plus → Rental Plus* (NL).

3. **Currency: what vs how**

* **What** currency is used for the location (USD vs £) → **Accuracy** (Major) if wrong.
* **How** currency is formatted/spaced/symbol order → **Compliance** (Minor/Major per locale rules).

4. **Units & conversions**

* Missing mandated metric/imperial conversion or wrong primary unit for the locale → **Compliance** (Major if it impacts comprehension).
* Arithmetic or numeric impossibility (e.g., inconsistent totals) → **Accuracy**.

5. **Headings & typography**

* Punctuation in headings (e.g., stray period) → **Punctuation/Spelling/Typos**.
* Locale‑specific quotes/spaces/diacritics → **Punctuation/Spelling/Typos**.

6. **Clarity vs preference**

* Use **Style** only for **objective readability breakdowns** (run‑on/unparsable, or SEO body paragraphs that objectively pack multiple distinct ideas and must be split for scanability). Do **not** use Style for “sounds nicer” feedback.

7. **Terminology & Glossary Handling (IMPORTANT)**

* Treat the term list as **reference**, not rigid commands. Enforce **only** terms explicitly marked **mandatory** in `CZ_instructions` or the glossary metadata, or when they are **brand/proper names**.
* **Case‑insensitive by default**. Do **not** force Title Case because a glossary entry is capitalized.
* **Inflections and morphological variants are acceptable** if the meaning is preserved (plural/singular, gender, verb forms).
* **Generic vertical/category nouns are common nouns** (e.g., ES *alquiler de coches*, IT *auto premium* as adjective) → keep locale‑appropriate casing (often sentence/lowercase). Do **not** flag capitalization unless the locale pack explicitly mandates Title Case.
* **Brand corrections guardrail:**

  * Limit fixes to **casing/spacing** unless the **official spelling** appears in the provided glossary/terms or the error is an **obvious simple typo** of a known brand (single‑character omission/transposition).
  * **Do not rename** a brand to a different word if uncertain. Example: FR *Differental* → *Drivalia* **do not flag** unless the glossary explicitly lists *Drivalia* for that context.
* **Examples**

  * ✅ ES heading: *Proveedores de **alquiler de coches**…* (sentence case)
  * ❌ Forcing *Alquiler de Coches* when not mandated
  * ✅ IT: *auto **premium*** (category adjective lowercase); ❌ *auto **Premium*** unless brand



8. **Minimal fix principle**

* When proposing `updated_sentence`, change **only** what is required to resolve the error (no stylistic rewrites, no added content, no register shifts unless mandated).

9. **De‑duplication of repeated identical issues**

* If the same rule violation repeats in a contiguous pattern with identical structure, report **one representative instance** and mention in `issue`: *“Pattern repeats in similar sentences.”*

* For locale patterns like pt‑BR **introductory adverbial commas** (*Em São Paulo, …; No Ceará, …*), report **one representative instance per section** and note *“Pattern repeats in similar sentences.”* unless wording differs materially.


---

## SCOPE OF QA (ERROR CATEGORIES)

You will categorize every issue using one of the following exact labels. These are the only allowed values for `type_of_issue`.

1. **AI-issues:**

   * **Hallucination:** The text contains fabricated content presented as fact **inside the text**.
   * **Bias / Cultural Sensitivity:** The text contains offensive, inappropriate, biased, or culturally insensitive content.

2. **Style:**

   * **DEFINITION:** This category is **strictly limited to issues of clarity and readability that objectively hinder comprehension**.
   * **USE FOR:** Run-on sentences that are unparsable; severe structural issues that make the text's meaning ambiguous.
   * **DO NOT USE FOR:** Subjective feedback about "flow" or "naturalness."
   * **Examples:** Overlong sentence with multiple subordinations → split into two; broken list structure that obscures meaning.

3. **Accuracy:**

   * **DEFINITION:** Semantic fidelity or numeric correctness **within the provided text**.
   * **USE FOR:** Mistranslation that changes meaning; internal contradictions; wrong numbers or impossible arithmetic; **wrong currency for location** (e.g., £ for California).
   * **DO NOT USE FOR:** External fact‑checking (laws/speed limits/prices not contradicted by the text).
   * **Examples:**

     * *"£18 per day in California"* → **Accuracy · Major** → *"\$18 per day"*.
     * *"Total 100" after listing 30+40+50* → **Accuracy · Major**.

4. **Compliance:**

   * **DEFINITION:** Violations of the glossary, locale pack, brand rules, or mandated formatting/presentation.
   * **USE FOR:**

     * **Brand/proper‑noun** spelling/casing/spacing (e.g., *star car → starcar*, *yalla → Yalla*, *Rental plus → Rental Plus*).
     * **Unit presentation rules:** metric‑first locales require **km/h** primary; add conversions when imperial appears.
     * **Currency formatting rules:** symbol placement/spacing/ISO style as specified by `lang instructions`.
     * **Register** (form of address) inconsistencies against `lang instructions`.
     * **Terminology usage when explicitly mandatory** (and case-insensitive by default). Do **not** penalize non-mandatory or generic category nouns for casing.
   * **Examples:**

     * *"70 mph" only in FR/DE/ES/PT‑BR* → **Compliance · Major** (add *113 km/h (70 mph)*).
     * *"auto Premium" (category adjective)* → **Compliance · Minor** → *"auto premium"* (IT) unless brand.
     * **Do not** flag ES *alquiler de coches* sentence-case headings unless `lang instructions` mandates Title Case.

5. **Grammar:**

   * **DEFINITION:** Errors in the formal structure of the language.
   * **USE FOR:** Incorrect verb conjugation, noun/adjective agreement, case, tense, prepositions, word order, required repetition in parallel lists.
   * **Examples:** *ein Kleinwagen* → *einen Kleinwagen* (DE, accusative); repeat *auf* in German list items for parallelism.

6. **Punctuation/Spelling/Typos:**

   * **DEFINITION:** Orthographical and typographical errors.
   * **USE FOR:** Typos, misspellings, incorrect accent usage, wrong quotation mark style, missing locale spaces, double spaces, heading ending with a period.
   * **Examples:** *en␣␣Asturias* → *en Asturias* (ES); FR *130 km/h* → *130 km/h* with NBSP; remove trailing period from a heading (IT/NL).

---

## SEVERITY LEVELS & DECISION LADDER

You will assign a severity and score deduction to every issue by following this strict, step-by-step decision ladder.

**Critical (25)** – Safety/legal risk, offensive bias, or fabricated claims **within the text** that could dangerously mislead.

* Examples: harmful stereotypes; incorrect safety-critical numbers; invented product features.

**Major (3)** – Errors that change meaning or materially impair comprehension.

* Examples: mistranslation altering instructions; run‑on that creates ambiguity; **wrong currency for a locale**; missing mandated unit conversion in a metric locale when only imperial is given.

**Minor (1)** – Objective errors that do not block understanding but break rules/conventions.

* Examples: typos; locale quote/spacing rules; heading with stray period; adjective agreement where meaning stays obvious; comma after introductory adverbial (pt‑BR: *Em São Paulo, …*).

**Omit** – Preferential/style‑only feedback with no rule violation.

**Decision Ladder**

1. Policy/safety/offense? → **Critical**.
2. Misleads/changes meaning/blocks understanding? → **Major**.
3. Otherwise objective correctness/formatting breaches → **Minor**.
4. If purely preferential → **Omit**.

---

## Lang-SPECIFIC RULES

# Czech (cs-CZ) Style Guide for Skyscanner

## Critical requirements
- Use a friendly but formal V-form consistently. Write `vám`, `váš`, and `vás` in lowercase except at the start of a sentence.
- Prefer gender-neutral wording. Use slash forms only when no clear neutral alternative exists.
- Helpful > geeky > playful. Keep language direct, active, concise, and free of corporate jargon.
- The global project-specific exclusion in the master prompt takes priority over any geo-name guidance.

## Language and typography
- Use Czech quotation marks `„…“` and the ellipsis character `…`. Avoid excessive exclamation marks.
- Use sentence case for headings and CTAs. Days and months are lowercase.
- Use a non-breaking space where Czech requires it: between a number and unit or percent sign, in large numbers, and after a one-letter preposition. Never output the literal text `&nbsp;`.
- Write dates as `12. května 2025` or `12. 5. 2025` according to context.
- Keep list punctuation and capitalization consistent.

## Technical content
- Use short, active imperative CTAs in the formal register.
- Preserve placeholders, variables, tags, numbers, and product tokens exactly.
- Do not duplicate `letiště` when the source airport name already contains it.
- Keep Skyscanner unchanged; ordinary Czech inflection is acceptable only when grammatically required.

## Content and compliance
- Use natural SEO language; no keyword stuffing or preference-only rewrites.
- Do not externally fact-check laws, prices, limits, or policies.
- Do not claim Skyscanner provides discounts; keep price/offer wording neutral.
- Use “best” only with a supplied measurable basis. Avoid absolute sustainability or green claims.



---

## OUTPUT JSON CONTRACT (RETURN THIS OBJECT ONLY)

You will return a **single, valid JSON object** and nothing else. Do not add any explanatory text before or after it.

```json
{
  "review_findings": [
    {
      "text": "<The full, original sentence or text snippet containing the error>",
      "issue": "<A concise, one-sentence description of the objective error. Example: 'Incorrect gender agreement between noun and adjective.'>",
      "type_of_issue": "<Must be one of: AI-issues, Style, Accuracy, Compliance, Grammar, Punctuation/Spelling/Typos>",
      "solution": "<A brief, actionable instruction for the fix. Example: 'Change the adjective to the feminine form to agree with the noun.'>",
      "updated_sentence": "<The full sentence, rewritten with the solution correctly applied. For paragraph splits, include the full corrected multi-paragraph snippet with blank lines between paragraphs.>",
      "severity": "<Must be one of: Minor, Major, Critical>",
      "score_deduction": "<Must be 1, 3, or 25, perfectly matching the severity level>"
    }
  ],
  "overall_feedback": {
    "summary": "<A 2-3 bullet point summary of the most significant and repeated error *patterns*. Focus on systemic issues, not a list of individual errors. Example: 'Consistent failure to apply non-breaking spaces before colons as required by French typography.'>",
    "action_plan": "<A 2-3 bullet point list of concrete, high-level actions to prevent these errors in the future. Example: 'Implement a post-processing check to ensure all brand names are capitalized correctly as per the glossary.'>"
  }
}
```

---

## COMMON MISCLASSIFICATIONS TO AVOID (CHECK BEFORE SUBMIT)

* **Speed limits / legal rules “corrections”** → **Do NOT flag** unless there is an internal contradiction. Missing metric conversion → **Compliance**, not **Accuracy**.
* **Brand/proper‑noun casing** → always **Compliance**, not **Punctuation**.
* **Currency** → symbol **choice for location** = **Accuracy**; **formatting/placement** = **Compliance**.
* **Headings punctuation** (e.g., stray period) → **Punctuation/Spelling/Typos**.
* **Generic vertical/category nouns** (e.g., ES *alquiler de coches*) → keep locale-appropriate sentence case unless the locale pack mandates Title Case.
* **“Awkward/natural” only** → **Omit** unless readability is objectively impaired (then **Style**).

---

## FINAL SELF-CHECK (RUN BEFORE RETURNING JSON)

1. **Is my output a single, valid JSON object with no extra text?**
2. **Did I avoid external fact‑checking and rely only on internal evidence and mandated rules?**
3. **Does every `score_deduction` value (1, 3, 25) perfectly match its `severity` level?**
4. **Are all `type_of_issue` values from the allowed list and mapped per the Language‑Agnostic Categorization Rules?**
5. **Have I strictly followed all rules from the `langinstructions`?**
6. **Is my feedback in the `issue` and `solution` fields concise, objective, and non-creative?**

Return only the JSON object.

2026-09-01 01:56:02,640 - INFO - [A1][CZ][2026-2027-cz-car-hire-city-06__0001] USER PROMPT (first batch only):
Topic Name: Wimbledon: jak najít výhodnou nabídku zapůjčení auta?

Here is the content to review:

Půjčovnu auta ve Wimbledonu můžete najít už od 390 Kč/den, zatímco roční průměr se pohybuje kolem 803 Kč/den. Nejnižší ceny bývají v červenci, takže pokud máte v cestování volnost, vyplatí se naplánovat pobyt právě na tento měsíc. Rezervaci doporučujeme vyřídit 1 týden předem, což obvykle pomáhá získat výhodnější sazbu. Porovnáním nabídek různých poskytovatelů a modelů si snadno uděláte přehled o dostupných možnostech a vyberete vůz, který odpovídá vašim potřebám i rozpočtu.



Available key terms:

### Skyscanner Multilingual Glossary ###
- EN: additional driver → cs-CZ: další řidiči | Definition: An extra person authorized to drive a rented vehicle. | Example: It's worth keeping in mind that the final price you pay for your car rental may change because of additional options offered by the car hire provider, such as additional driver.

- Je třeba mít na paměti, že konečná cena za pronájem auta se může měnit i&#xA0;kvůli dalším službám poskytovatele, jako je možnost dalšího řidiče.
- EN: air conditioning → cs-CZ: klimatizace | Definition: A system for cooling and dehumidifying the air. | Notes: The only translation of this term. | Example: Only cars with airconditioning: Pouze auta/vozidla s klimatizací.
- EN: airline → cs-CZ: letecká společnost / aerolinky | Definition: A company that provides air transport services for traveling passengers. | Notes: I have added another term just to adhere to the Czech grammar rules regarding the usage of repetitive terms in one sentence. | Example: Search millions of flights from hundreds of airlines in seconds: Projděte si v mžiku miliony letů od stovek leteckých společností. / Projděte si v mžiku miliony letů od stovek aerolinek.
- EN: airline alliance → cs-CZ: letecká unie | Definition: A partnership between multiple airlines to provide mutual benefits and seamless travel. | Example: You earn frequent flyer points by flying with your selected airline and airline alliance partners: "Za to, že poletíte s vámi vybranou leteckou společností a partnery letecké unie, získáte body v programu frequent flyer.
- EN: all inclusive → cs-CZ: all inclusive | Definition: Hotel package that includes accommodation, all meals, snacks, drinks (both alcoholic and non-alcoholic), and often additional amenities and activities | Notes: Hotelový balíček, který zahrnuje celodenní stravu, svačiny, nápoje (jak alkoholické tak ty nealko) a často také dodatečné vybavení a služby.
- EN: amenities → cs-CZ: vybavení | Definition: Title of filter section mainly in hotel search | Example: Podívejte se na hotelové vybavení.
- EN: apartment → cs-CZ: byt | Definition: A self-contained housing unit that occupies part of a building.
- EN: App → cs-CZ: aplikace | Definition: An application designed for use on mobile devices. | Notes: An application designed for use on mobile devices. | Example: Download the Android app: "Stáhnout aplikaci pro Android."
- EN: Art and culture → cs-CZ: Umění a kultura | Definition: Activities or attractions related to visual arts, music, theater, and heritage. | Notes: Activities or attractions related to visual arts, music, theater, and heritage. | Example: Interested in local art and culture? : "Zajímá vás místní umění a kultura?"
- EN: automatic → cs-CZ: automat / automatická převodovka | Definition: A type of vehicle transmission that shifts gears automatically. | Notes: Car transmission type | Example: If you prefer to drive an automatic car... "Pokud raději řídíte automat... / Pokud dáváte přednost autu s automatickou převodovkou...
- EN: baggage allowance → cs-CZ: povolený počet zavazadel | Definition: The amount of luggage a traveler is permitted to carry without incurring additional fees, as defined by the transportation provider | Example: Check with the provider or airline for the baggage allowance: "Povolený počet zavazadel si ověřte přímo u letecké apolečnosti."
- EN: Beach → cs-CZ: pláž | Definition: A sandy or pebbly shore by a body of water, often a popular destination for relaxation and recreation.
- EN: Black Friday → cs-CZ: Black Friday / Černý pátek | Definition: A major retail event with extensive sales and promotions, often lasting beyond the day after Thanksgiving. | Notes: The  shops in the Czech republic use both terms: the English "Black Friday"  as well as the Czech one "Černý pátek". The Czech costumers are familiar with both. | Example: Využijte největší slevy roku během Balck Friday. Využijte největších slev roku během Černého pátku.
- EN: board type → cs-CZ: možnosti stravování | Definition: This term refers to the meal plan included with a hotel stay. | Notes: možnosti stravování v hotelu | Example: Věříme, že tyto balíčky nabízejí nejlepší kombinaci správné ceny, letu, hodnocení ubytování a možnosti stravování.
- EN: book → cs-CZ: rezervovat / zamluvit rezervaci /zarezervovat | Definition: Verb. To reserve a service, such as a flight. | Notes: Both terms are perfectly fine to use. | Example: Book a flight: "Rezervujte si let"
- EN: book → cs-CZ: rezervovat / zamluvit rezervaci /zarezervovat | Definition: Verb. To reserve a service, such as a hotel room. | Example: Book a hotel: "Zamluvte si rezervaci v hotelu".
- EN: book → cs-CZ: rezervovat / zamluvit rezervaci /zarezervovat | Definition: Verb. To reserve a service, such as a car. | Example: Book a car: "Zarezervujte si auto".
- EN: booking → cs-CZ: rezervace | Definition: Noun. A reservation for a service. | Example: Flight booking: "Rezervace letu."
- EN: booking → cs-CZ: rezervace | Definition: Noun. A reservation for a service. | Example: Hotel booking: "Rezervace hotelu".
- EN: booking → cs-CZ: rezervace | Definition: Noun. A reservation for a service. | Example: Car booking: "Rezervace auta/vozidla."
- EN: Business Class → cs-CZ: obchodní třída | Definition: A class of airline service offering more comfort and amenities than economy class. | Example: Najděte si nejlevnější lety v obchodní třídě z @@departure@@ do @@destination@@.
- EN: business travellers → cs-CZ: služebně cestující | Definition: Individuals traveling for work-related purposes. | Example: Most popular with business travellers: "Nejoblíbenější u služebně cestujících."
- EN: cabin bag → cs-CZ: příruční/kabinové zavazadlo | Definition: A small piece of luggage carried into the passenger cabin. | Notes: Both terms "příruční" and "kabinové" can be used depending on the context. | Example: One cabin bag included in your fare: "V ceně letenky je zahrnuto jedno kabinové/příruční zvazadlo.
- EN: cabin baggage → cs-CZ: příruční/kabinové zavazadlo | Definition: Same as cabin bag. | Notes: Both terms "příruční" and "kabinové" can be used depending on the context. | Example: One cabin bag included in your fare: "V ceně letenky je zahrnuto jedno kabinové/příruční zvazadlo.
- EN: cabin class → cs-CZ: cestovní třída | Definition: The category of service on an aircraft, such as economy, business, or first class. | Notes: The category of service on an aircraft, such as economy, business, or first class. | Example: Vybrerte počet cetujících a cestovní třídu.
- EN: cancellation policy → cs-CZ: storno podmínky | Definition: The terms and conditions under which a booking can be canceled. | Notes: The terms and conditions under which a booking can be canceled. | Example: Cancellation policy is free up to {{|date|}}

Storno podmínky umožňují zrušení zdarma až do {{|date|}}
- EN: car hire → cs-CZ: zapůjčení | Definition: The act of renting a vehicle. | Notes: Other options: pronájem auta/vozidla
- EN: Car hire → cs-CZ: Zapůjčení | Definition: Rental of an automobile for a specified period | Notes: Other options: pronájem auta/vozidla
- EN: car hire company → cs-CZ: autopůjčovna | Definition: A business that provides rental vehicles.
- EN: car hire deal → cs-CZ: výhodná nabídka autopůjčovny | Definition: Discounted or special offer on car rental services.
- EN: carbon footprint → cs-CZ: uhlíková stopa | Definition: A carbon footprint refers to the total amount of CO2 emissions released into the atmosphere as a result of the activities of an business, individual or event. | Example: Now you can reduce your carbon footprint with a hybrid or electric hire car: "S hybridním nebo elektrickým autem nyní můžete snížit svou uhlíkovou stopu."
- EN: charge → cs-CZ: poplatek | Definition: Verb. To add fee for a service or product. | Example: We don't charge any booking fees: "Neúčtujeme si žádný servisní poplatek."
- EN: charge → cs-CZ: poplatek | Definition: Noun. Fee for a service or product | Example: Bear in mind that rental companies may apply extra charges: "Pamatujte, že autopůjčovny si můžou účtovat další poplatky."
- EN: Cheapest month → cs-CZ: Nejlevnější měsíc | Definition: The cheapest month features in ‘Flexible Dates’ tab highlights the cheapest month to travel, as well as the lowest price per month to travel to the destination. | Notes: The most often used as a feature name. Can be used with lower case too when used in a sentence in a more generic context. – Possible translation: Nejlevnější měsíc / měsíc, kdy vyjde letenka nejlevněji. | Example: What is the Cheapest month to fly to with ? "Kdy vyjde letenka do... nejlevněji?"
- EN: check in → cs-CZ: odbavení | Definition: Verb - The process of registering for a flight. | Notes: In case of check-in before a flight. | Example: Check-in before: "Odbavte se před"
- EN: check in → cs-CZ: příjezd | Definition: Verb - The process of registering for a hotel stay. | Notes: In case of hotel check-in. | Example: Check-in before: "Příjezd před"
- EN: check out → cs-CZ: odjezd /opuštění pokoje | Definition: Verb - The process of completing a stay at a hotel. | Notes: Hotel check-out | Example: At {hotel_name} you can check in from {check_in_time}, and you'll need to check out before {check_out_time}. V hotelu {hotel_name} se můžete ubytovat po {check_in_time}. Pokoj pak musíte opustit před {check_out_time}."
- EN: check-in → cs-CZ: odbavení | Definition: Noun - The process of registering for a flight.
- EN: check-in → cs-CZ: příjezd | Definition: Noun - The process of completing a stay at a hotel.
- EN: check-out → cs-CZ: odjezd / odhlášení z ubytování | Definition: Noun - The process of leaving and settling the bill at a hotel. | Notes: both terms can be used depending on the context | Example: Please select a check-out date: "Vyberte prosím den odjezdu."
- EN: checked bag → cs-CZ: odbavené zavazadlo | Definition: Bag that is handed over to the airline for transport in the cargo hold. | Example: 1 checked bag included: "Jedno odbavené zavazadlo v ceně."
- EN: checked luggage → cs-CZ: odbavené zavazadlo /zavazadlo k odbavení | Definition: Luggage that is handed over to the airline for transport in the cargo hold. | Notes: Both terms are fine to use. | Example: 23kg checked luggage: "23kilové zavazadlo k odbavení."
- EN: cO2e emissions → cs-CZ: emise CO₂e | Definition: Carbon dioxide equivalent emissions, measuring the impact of greenhouse gases. | Notes: Different to "CO₂ emissions"
- EN: Collision Damage Waiver → cs-CZ: Pojištění odpovědnosti za způsobení škody při autonehodě | Definition: This is a type of insurance offered by rental car companies that limits your liability if the car is damaged in an accident. 
However, it typically doesn’t cover the full cost; you still have to pay a portion of  the repair costs, called the excess or deductible. | Notes: Může být označeno také jako CDW | Example: Mámep ro vás dobrou zprávu. V ceně pronájmu je zahrnuto i Pojištění odpovědnosti za způsobení škody při autonehodě, takže  žádné další pojištění nebude potřeba.
- EN: commercial van → cs-CZ: komerční dodávka | Definition: Vehicles designed for transporting goods and materials for business purposes. | Notes: Vehicles designed for transporting goods and materials for business purposes.
- EN: compact → cs-CZ: kompaktní | Definition: A category of rental cars that are slightly larger than economy cars but still small and efficient. | Notes: A category of rental cars that are slightly larger than economy cars but still small and efficient.
- EN: connecting flight → cs-CZ: navazující let | Definition: A flight requiring a change of planes to reach the final destination. | Example: Booking flights with more than one provider means your connecting flight may be at risk from delays or cancellations: "Při rezervaci letů u více než jednoho poskytovatele riskujete, že váš navazující let bude zpožděn nebo zrušen."
- EN: convertible → cs-CZ: kabriolet | Definition: A car with a roof structure that can be 'converted' to allow open-air or enclosed driving. | Notes: Typ auta
- EN: Cookie Policy → cs-CZ: Podmínky používání souborů cookies | Definition: Policy that governs the use of cookies on Skyscanner's website, ensuring transparency regarding data usage
- EN: country house → cs-CZ: dům na venkově | Definition: A large house in the countryside
- EN: coupe → cs-CZ: kupé | Definition: A car with a fixed-roof body style that is shorter than a sedan of the same model. | Notes: Typ auta
- EN: couples → cs-CZ: páry | Definition: Pairs of individuals traveling together | Notes: Pairs of individuals traveling together
- EN: Cyber Monday → cs-CZ: Cyber Monday | Definition: An online shopping event on the Monday after Thanksgiving, featuring exclusive digital deals and discounts. | Example: Nejvýhodnjěší slevy na vás čekají během Cyber Monday.
- EN: deal → cs-CZ: výhodná nabídka | Definition: A special offer or discount. | Example: Explore flight deals: "Objevte výhodné nabídky letů."
- EN: departure country → cs-CZ: země odletu | Definition: The country from which a journey begins.
- EN: departure date → cs-CZ: datum odletu | Definition: The date on which a journey starts.
- EN: departure time → cs-CZ: čas odletu | Definition: The scheduled time a flight is set to leave.
- EN: destination → cs-CZ: destinace | Definition: The final place or location to which someone is traveling. It is the end point of a journey where travelers intend to stay, explore, or visit. Destinations can range from cities and countries to specific attractions or resorts. | Notes: The final place or location to which someone is traveling. It is the end point of a journey where travelers intend to stay, explore, or visit. Destinations can range from cities and countries to specific attractions or resorts.
- EN: destination airport → cs-CZ: cílové letiště | Definition: The airport where a journey ends. | Example: Select destination airport: "Vybrat cílové letiště."
- EN: destination country → cs-CZ: cílová země | Definition: The country where a journey ends.
- EN: direct → cs-CZ: přímý | Definition: A flight with no scheduled stops between the departure and arrival points. | Notes: A flight with no scheduled stops between the departure and arrival points. | Example: Direct only: "Pouze přímé lety."
- EN: direct flight → cs-CZ: přímý let | Definition: A flight with no scheduled stops between the departure and arrival points.
- EN: domestic flight → cs-CZ: vnitrostátní let | Definition: A flight within the same country.
- EN: drop → cs-CZ: Snížení ceny / cenový pokles | Notes: Noun. To be translated based on context to indicate "price dropping" / "landing". | Example: Snížení ceny o 36 GBP. Ukázat snížené ceny z Londýna. Nejnovější cenové poklesy.
- EN: drop → cs-CZ: poklesnout/snížit | Notes: Noun. To be translated based on context to indicate "price dropping" / "landing". | Example: Cena u vaší příští cesty by mohla dneska klesnout. Ceny, které se dneska snížily.
- EN: drop-off → cs-CZ: vrácení | Definition: The date, time or location where a rented vehicle is returned at the end of the rental period. | Notes: The date, time or location where a rented vehicle is returned at the end of the rental period. | Example: Drop-off location: Please type in a location: "Místa vrácení: Uveťe lokalitu."
- EN: DROPS → cs-CZ: DROPS | Definition: Feature name.

DROPS is a new “sub-brand” of Skyscanner. It is an app-exclusive product only available for logged-in users that helps travelers spot flight deals that have dropped by more than 20% and that are available for only 24h. | Notes: DROPS is a new “sub-brand” of Skyscanner. It is an app-exclusive product only available for logged-in users that helps travelers spot flight deals that have dropped by more than 20% and that are available for only 24h.

Follow the source capitalization.

Feature name. To be left in English

Gender note: masculine form. | Example: Vítejte ve funkci DROPS. Dovolte funkci DROPS, aby rozhodla o vaší příští cestě.
- EN: Drops → cs-CZ: Drops | Definition: Feature name.

Drops is a new “sub-brand” of Skyscanner. It is an app-exclusive product only available for logged-in users that helps travelers spot flight deals that have dropped by more than 20% and that are available for only 24h. | Notes: DROPS is a new “sub-brand” of Skyscanner. It is an app-exclusive product only available for logged-in users that helps travelers spot flight deals that have dropped by more than 20% and that are available for only 24h.

Follow the source capitalization.

Feature name. To be left in English

Gender note: masculine form. | Example: Obnovit funkci Drops. Zjistěte víc o funcki Drops.
- EN: economy → cs-CZ: ekonomické | Definition: A category of rental cars that are typically small, fuel-efficient, and inexpensive. | Notes: A category of rental cars that are typically small, fuel-efficient, and inexpensive. | Example: Ekonomické auto
- EN: Economy → cs-CZ: ekonomická | Definition: The Economy flight class refers to the most basic and affordable class of service on an airplane. | Notes: Typ letenky | Example: Dokonoce i když obvykle létáte ekonomickou třídou, může se vám povést, že seženete výhodnou nabídku na let v obchodní třídě.
- EN: electric → cs-CZ: elektrické | Definition: Vehicles powered by electricity, typically from batteries. | Notes: Vehicles powered by electricity, typically from batteries. | Example: Electric car: "Elektrické auto."
- EN: email → cs-CZ: E-mail | Definition: Electronic mail address used for communication. | Notes: e-mail
- EN: estimated price → cs-CZ: odhadovaná cena | Definition: An approximate cost for a service. | Notes: odhadovaná cena | Example: Our estimated price is the average nightly cost of the hotel rooms in your search area: "Odhadovaná cena je průměrná cena za noc v hotelovém pokoji v požadované lokalitě."
- EN: Everywhere → cs-CZ: Svět | Definition: Option to search for travel destinations worldwide. | Example: Search Everywhere, explore anywhere.: "Objevujte svět, kdekoliv."
- EN: Excellent → cs-CZ: Vynikající | Definition: Rating indicating superior quality or performance. | Notes: Rating indicating superior quality or performance. | Example: Excellent customer support rating: "
Vynikající hodnocení zákaznického servisu."
- EN: Excess Waiver → cs-CZ: Nulová spoluúčast | Definition: This is an additional insurance that covers the excess amount not covered by the CDW. If you buy an excess waiver, you won’t have to pay  anything in the event of a claim, as it "waives" your responsibility for the excess 
portion. So, the CDW reduces your liability for damage, while the excess waiver eliminates your out-of-pocket costs for the excess amount. | Example: Mnoho našich pojišťovacích partnerů nabízí možnost pojištění nulové spoluúčasti, což vás může vyjít levněji než nulová spoluúčast, kterou vám nabídne autopůjčovna na místě.
- EN: explore → cs-CZ: Prozkoumat/objevovat | Definition: Option to discover new destinations or services. | Notes: Both terms are fine to use. | Example: Explore more destinations: "Prozkoumejte další destinace."
- EN: Explore everywhere → cs-CZ: Objevujte svět | Definition: The sentence case will be used whenever the term is employed in the UI itself or as part of a sentence. | Example: Explore everywhere in May.: "Objevujte svět v květnu."
- EN: Explore Everywhere → cs-CZ: Objevujte svět | Definition: Used as feature or proper noun - Option to view travel options for various destinations globally. | Notes: Název funkce
- EN: extra charge → cs-CZ: příplatek | Definition: An additional fee for a service or product. | Example: We don't charge you a cent more than the price of your flight or booking. No hidden fees. No extra charge. "Za let ani za rezervaci vám neúčtujeme ani korunu navíc. Žádné skryté poplatky. Žádné příplatky."
- EN: Fair Fuel Policy → cs-CZ: Zásady spravedlivého účtování paliva | Definition: A policy ensuring fair charges for fuel in rental agreements. | Example: Compare car hire options on price, ease of pick-up, a fair fuel policy and more.: "Porovnejte autopůjčovny podle ceny, procesu vyzvednutí a zásady spravedlivého účtování paliva."
- EN: families → cs-CZ: rodiny | Definition: Groups traveling together, typically including parents and children. | Notes: Typ hotelového hosta
- EN: FAQ → cs-CZ: Časté dotazy | Definition: Frequently Asked Question
- EN: FAQs → cs-CZ: Často kladené otázky | Definition: Frequently Asked Questions
- EN: fare → cs-CZ: cena letenky | Definition: The cost of a ticket for travel. | Notes: Usually used for flights | Example: We’re not able to provide baggage information right now — please check the provider site to see what’s included in your fare.: "Momentálně nemáme žádné informace ohledně zavazadel – ověřte si u svého poskytovatele, co je zahrnuto v ceně letenky.
- EN: fee → cs-CZ: poplatek | Definition: A charge for a service or product. | Example: Some partners pay us a referral fee but this never affects how we rank our hotels.: "Někteří partneři nám platí poplatek za doporučení. Nikdy to však nemá vliv na to, jak naše hotely hodnotíme."
- EN: First Class → cs-CZ: první třída | Definition: A premium class of airline service offering high level of comfort and amenities. | Notes: A premium class of airline service offering high level of comfort and amenities. | Example: To see Business and First Class options, please tell us your travel dates or destination.: "Chcete-li vidět možnosti obchodní a první třídy, uveďte termín a destinaci.!
- EN: Flexible dates → cs-CZ: flexibilní termín | Definition: Previous "Whole month" feature. Calendar Tab that shows Whole month prices that allows users to make month view searches.
- EN: flight deal → cs-CZ: výhodná nabídka letenky | Definition: Discounted or special offer on air travel tickets.
- EN: flight details → cs-CZ: podrobnosti letu | Definition: Information about a specific flight. | Example: Always check all flight details, final prices and terms and conditions with your @@ticket provider@@ before you book.: " Než si rezervaci zamluvíte, vždy si u poskytovatele nejprve zkontrolujte podrobnosti letu, celkovou cenu a podmínky."
- EN: flight emissions → cs-CZ: letové emise | Definition: The amount of CO2 produced by a flight. Title for a feature that badges up flights with lower carbon dioxide emissions compared to other flights in the result set. | Notes: The amount of CO2 produced by a flight. Title for a feature that badges up flights with lower carbon dioxide emissions compared to other flights in the result set.
- EN: flight time → cs-CZ: délka letu | Definition: The duration of a flight.
- EN: Flights → cs-CZ: Lety | Definition: Air travel services provided by airlines.
- EN: fuel → cs-CZ: palivo | Definition: Gasoline or diesel used to power vehicles, including cars, motorcycles, boats, or recreational vehicles.
- EN: full board → cs-CZ: plná penze | Definition: Hotel option that covers accommodation and three meals a day (breakfast, lunch, and dinner). Drinks and additional activities are usually not included | Notes: Možnost, která zahrnuje ubytování a tři jídla denně (snídani, oběd a večeři). Nápoje a další aktivity nejsou většinou v ceně.
- EN: full to full → cs-CZ: plná–plná | Definition: Fuel policy where the car is provided with a full tank and must be returned with a full tank. | Notes: Fuel tank policy | Example: Fuel policy: full to full: "Pravidla pro tankování: Plná–plná."
- EN: fullsize → cs-CZ: vyšší třída | Definition: A category of rental cars that are larger and offer more comfort and space. | Notes: Car class - can be combined with a car type. | Example: fullsize all terrain vehicle: "Terénní auto vyšší třídy"
- EN: getaway → cs-CZ: dovolená / krátký výlet | Definition: A short vacation or trip, often taken to escape from daily routine and responsibilities. It usually involves traveling to a relaxing or enjoyable destination. | Notes: A short vacation or trip, often taken to escape from daily routine and responsibilities.                                                                                  Both terms are fine to use, depending on the context.
- EN: Good → cs-CZ: Dobré | Definition: Rating indicating satisfactory quality or performance. | Notes: Rating indicating satisfactory quality or performance.
- EN: Great food → cs-CZ: Skvělé jídlo | Definition: High-quality or highly recommended culinary experiences.
- EN: guest → cs-CZ: host | Definition: A person staying at a hotel or other accommodation. | Example: Please enter the information for at least one guest.: "Uveďte prosím údaje alespoň jednoho hosta."
- EN: guest house → cs-CZ: penzion | Definition: A small, private hotel or lodging. | Notes: Typ ubytování
- EN: guest reviews → cs-CZ: hodnocení hostů | Definition: Feedback and ratings from customers who have used a service or stayed at a property.
- EN: half board → cs-CZ: polopenze | Definition: Hotel option that covers accommodation, breakfast, and one other meal (usually dinner). Drinks and additional meals are typically not included. | Notes: Možnost, která zahrnuje ubytování, snídani a jedno další jídlo (obvykle večeři). Nápoje a další jídla nejsou většinou v ceně.
- EN: hire car → cs-CZ: zapůjčené vozidlo | Definition: A vehicle rented for a short period, ranging from a few hours to several weeks, typically from a rental agency. | Notes: It is possible to us the option: zapůjčené auto. The both terms are equally correct.
- EN: holiday rentals → cs-CZ: rekreační pronájmy | Definition: Properties available for short-term vacation stays. | Notes: Typ ubytování ke krátkodobému pronájmu
- EN: home airport → cs-CZ: domovské letiště | Definition: The airport closest to a traveler's residence. | Example: Change your home airport here: "Své domovské letiště změňte tady"
- EN: hostel → cs-CZ: hostel | Definition: Budget-friendly accommodation | Notes: Typ ubytování
- EN: hotel → cs-CZ: hotel | Definition: An establishment providing lodging, meals, or other guest services. | Notes: Typ ubytování
- EN: hotel deal → cs-CZ: výhodná nabídka na hotel | Definition: Discounted or special offer on hotel bookings.
- EN: Hotels → cs-CZ: Hotely | Definition: Establishments providing lodging, meals, and other services for travelers.
- EN: hybrid → cs-CZ: hybridní/hybrid | Definition: Vehicles powered by both an internal combustion engine and an electric motor. | Notes: Vehicles powered by both an internal combustion engine and an electric motor.
- EN: inbound flight → cs-CZ: příchozí let | Definition: The flight that takes the passenger back from their destination to their original departure location. | Notes: The flight that takes the passenger back from their destination to their original departure location.
- EN: intermediate → cs-CZ: střední | Definition: A category of rental cars that are larger than economy but smaller than full-size. | Notes: A category of rental cars that are larger than economy but smaller than full-size.
- EN: itinerary → cs-CZ: itinerář | Definition: A detailed plan or schedule of a trip, listing all destinations, activities, and accommodations, along with the times and dates for each part of the journey.
- EN: journey → cs-CZ: cesta | Definition: A journey refers to the act of traveling from one place to another, usually involving a significant distance or time commitment. | Example: We've made it our mission to help you travel with confidence and make your journey as smooth as possible.: "Uděláme vše, aby vaše cesta proběhla co nejhladčeji."
- EN: latest price → cs-CZ: nejaktuálnější cena | Definition: The most recent cost for a service or product. | Example: For the latest prices, please refresh your search.: "Pro nejaktuálnější cenu, obnovte vyhledávání."
- EN: location → cs-CZ: lokalita/místo | Definition: A specific place or position where something is situated or where an event occurs. | Notes: Both terms can be used.
- EN: log in → cs-CZ: přihlásit se | Definition: To access an account by entering credentials. | Example: Log in or register to save recent searches across your devices: "Chcete-li si uložit výsledky vyhledávání na všch zařízeních, přihlaste se, nebo se zaregistrujte."
- EN: log out → cs-CZ: odhlásit se | Definition: To exit an account. | Example: Are you sure you want to log out?: "Určitě se chcete odhlásit?"
- EN: login → cs-CZ: přihlášení | Definition: The act of logging in to a computer, database, or system.
- EN: long wait → cs-CZ: dlouhé čekání | Definition: An extended period of waiting, often at airports between flights. | Example: The inbound leg involves a long wait.: "Příchozí let zahrnuje dlouhé čekání."
- EN: Low emissions vehicles → cs-CZ: nízkoemisní vozidla | Definition: Vehicles that produce a reduced amount of CO2. Title for a feature that badges up electrical and hybrid cars with lower carbon dioxide emissions compared to other car types.
- EN: low-cost → cs-CZ: nízkonákladové | Definition: Services, particularly airlines, that are designed to offer lower prices by reducing the range of services and amenities traditionally included in the fare.
- EN: lowest price → cs-CZ: nejnižší cena | Definition: The least expensive cost for a service or product. | Example: These are the lowest price estimates for Economy class flights for one traveller.: "Toto jsou nejnižší odhadované ceny za let v ekonomické třídě za jednoho cestujícího."
- EN: luxury → cs-CZ: luxusní | Definition: High-end, premium vehicles offering superior comfort and features. | Notes: Typ auta
- EN: manual → cs-CZ: manuál / manuální převodovka / ruční převodovka | Definition: A type of vehicle transmission that requires the driver to manually shift gears. | Notes: Typ převodovky.         All terms are fine to use.
- EN: mini → cs-CZ: mini | Definition: A category of rental cars that are very small, typically suitable for city driving. | Notes: A category of rental cars that are very small, typically suitable for city driving.
- EN: mobile app → cs-CZ: mobilní aplikace | Definition: An application designed for use on mobile devices.
- EN: motorcycle → cs-CZ: motocykl/motorka | Definition: A two-wheeled motor vehicle.
- EN: Multi-city → cs-CZ: Více měst | Definition: Multi-city flights are a smart way to see more destinations in one go, by adding extra legs to your trip. If, for example, you can’t decide between Paris or Rome, you can book flights to both cities and turn your trip into an itinerary.
- EN: multi-city → cs-CZ: více měst | Definition: Multi-city flights are a smart way to see more destinations in one go, by adding extra legs to your trip. If, for example, you can’t decide between Paris or Rome, you can book flights to both cities and turn your trip into an itinerary. | Example: The Multi-city search option is available in the destination field.: "Možnost hledat lety do více měst se objevuje přímo v°poli vyhledávání."
- EN: Nearby airports → cs-CZ: nedaleká letiště / letiště v okolí | Definition: Widen your search for flight deals by selecting the “add nearby airports” option to search flight prices for all the nearest airports at your departure point and your destination to increases your chances of finding the best deal at both ends of your trip. | Notes: Both terms are fine to use.
- EN: nearby airports → cs-CZ: nedaleká letiště / letiště v okolí | Definition: Widen your search for flight deals by selecting the “add nearby airports” option to search flight prices for all the nearest airports at your departure point and your destination to increases your chances of finding the best deal at both ends of your trip.
- EN: Nightlife and entertainment → cs-CZ: Noční život a zábava | Definition: Activities and venues that provide entertainment, typically during the evening, such as clubs and bars.
- EN: no extra fees → cs-CZ: bez dalších poplatků | Definition: Indicates that there are no additional charges beyond the listed price.
- EN: non refundable → cs-CZ: nevratné | Definition: A booking or a charge that cannot be refunded. | Notes: A booking or a charge that cannot be refunded.
- EN: non-protected transfer → cs-CZ: nechráněný přestup | Definition: Booking connecting flights with more than one provider means the ongoing flight may not be guaranteed, and is at risk from delays or cancellations. It's also needed to collect your luggage and check into the second flight. | Example: Multi-part bookings (non-protected transfers).: "Rezervace u několika poskytovatelů (nechráněné přestupy)."
- EN: one way → cs-CZ: jednosměrný let | Definition: A trip that does not include a return journey. | Notes: A trip that does not include a return journey.
- EN: one way → cs-CZ: jednosměrná | Definition: A train trip that does not include a return journey. | Example: Ještě nevíte, jak dlouho v Berlíně zůstanete? Kupte si jednosměrnou jízdenku na tento pátek za nejnižší cenu týdne.
- EN: one-way → cs-CZ: jednosměrný let | Definition: A trip that does not include a return journey.
- EN: outbound → cs-CZ: odchozí | Definition: The flight that takes a passenger from their home or starting location to their destination. | Notes: The flight that takes a passenger from their home or starting location to their destination.
- EN: outbound flight → cs-CZ: odchozí let | Definition: The flight that takes a passenger from their home or starting location to their destination.
- EN: Outdoor adventures → cs-CZ: Dobrodružství v přírodě | Definition: Activities involving physical exertion in natural settings, such as hiking, rafting, or camping.
- EN: package → cs-CZ: balíček | Definition: Used in the meaning of “package holiday”, referring to the package deals in our Packages vertical that include flights and a hotel. This is for when we talk about packages in running copy and in general, as opposed to the vertical name. | Notes: Míněno jako "dovolená v balíčku". Výhodné nabídky "balíčků", které zahrnují letenky a hotely. | Example: – Balíčky můžou obsahovat letenky v jiném čase i jiné možnosti ubytování. – Prohledáváme poskytovatele balíčků. – Vaše vyhledávání nenašlo žádné balíčky letenek a ubytování.
- EN: Packages → cs-CZ: Balíčky
- EN: parking → cs-CZ: parkování | Definition: Space or facility to park vehicles.
- EN: passenger → cs-CZ: cestující | Definition: An individual traveling on a plane, train, or other mode of transport.
- EN: passenger van → cs-CZ: osobní dodávka | Definition: A van configured to carry passengers. | Notes: Typ auta
- EN: Pay on arrival → cs-CZ: Platba při příjezdu | Definition: Option to pay for a service upon arrival at the location.
- EN: pay on arrival → cs-CZ: platba při příjezdu
- EN: people carrier → cs-CZ: minibus | Definition: A vehicle designed to transport multiple passengers | Notes: Typ auta
- EN: pick up truck → cs-CZ: pick up | Definition: A light-duty truck with an enclosed cab and an open cargo area. | Notes: Typ auta
- EN: pick-up → cs-CZ: vyzvednutí | Definition: The act of collecting a rental vehicle. | Example: With self-service pick-up there’s no queuing to get keys or hand documents over.: "Se samoobslužným vyzvednutím nemusíte čekat na klíče ani na to, až si od vás někdo přebere požadované dokumenty."
- EN: Premium → cs-CZ: prémiová | Definition: A category of rental cars that offer higher-end features and more comfort. | Notes: Car class - can be combined with a car type.
- EN: Premium Economy → cs-CZ: Prémiová ekonomická | Definition: A class of airline service between economy and business class. | Notes: Typ letenky
- EN: Price → cs-CZ: Cena | Definition: The cost of a service or product.
- EN: Price Alert → cs-CZ: Upozornění na cenu | Definition: Skyscanner's Price Alert feature notifies users via email or push notification about fluctuations in the prices of plane tickets they're interested in.
- EN: Price Alerts → cs-CZ: Upozornění na cenu | Definition: Skyscanner's Price Alert feature notifies users via email or push notification about fluctuations in the prices of plane tickets they're interested in.
- EN: price per night → cs-CZ: cena za noc | Definition: The cost of accommodation for one night. | Notes: Cena ubytování za noc
- EN: Privacy Policy → cs-CZ: Zásady ochrany osobních údajů | Definition: Policy that outlines how Skyscanner handles users' personal information, emphasizing user control and transparency
- EN: private home → cs-CZ: soukromý domov | Definition: Residential property that is rented out to travelers for short-term stays | Notes: Typ ubytování
- EN: property → cs-CZ: nemovitost | Definition: In the travel context, a property refers to a place of lodging, such as a hotel, resort, bed and breakfast, or vacation rental, where travelers can stay during their trip. | Notes: In the travel context, a property refers to a place of lodging, such as a hotel, resort, bed and breakfast, or vacation rental, where travelers can stay during their trip.
- EN: provider → cs-CZ: poskytovatel | Definition: A company or individual offering a service. Car Hire vertical | Notes: A company or individual offering a service.
- EN: provider → cs-CZ: poskytovatel | Definition: A company or individual offering a service.
- EN: provider → cs-CZ: poskytovatel | Definition: A company or individual offering a service. Hotel vertical
- EN: rating → cs-CZ: hodnocení | Definition: A score or review given to a service or product. | Example: Summary of guest ratings: "Souhrn hodnocení hosta"
- EN: Read more → cs-CZ: Více informací / zjistit více | Definition: Option to view additional information. | Notes: Both terms are fine to use
- EN: recent searches → cs-CZ: poslední vyhledávání | Definition: A list of previous search queries.
- EN: Recommended Provider → cs-CZ: Výhodný poskytovatel | Definition: A booking partner that meets our top-quality criteria, demonstrated by a high Partner Quality Score, strong price accuracy, and reliable downstream visibility. This designation helps travelers make informed choices by identifying partners that offer a trustworthy and seamless booking experience.
- EN: recreational vehicle → cs-CZ: vozidlo/auto určené k přespání | Definition: RV, a motor vehicle or trailer equipped with living space and amenities for travel. | Notes: Typ auta
- EN: residence → cs-CZ: rezidence | Definition: Fully furnished apartments or suites that are available for short-term or long-term stays or  a private home or villa that is rented out to travelers for short-term stays, | Notes: Typ ubytování
- EN: resort → cs-CZ: rezort/resort | Definition: A place that offers a variety of recreational activities and amenities | Notes: typ ubytování
- EN: result → cs-CZ: výsledek | Definition: An outcome from a search or query. | Example: Top 10 results shown sorted by Distance: "Deset nejlepších výsledků seřazených podle vzdálenosti"
- EN: return → cs-CZ: zpáteční | Definition: A flight that includes both the outbound and inbound journeys, completing the round trip. | Notes: zpáteční (obousměrný) let | Example: Search one way, or select return: "Hledejte jednosměrný let nebo zvolte možnost zpáteční"
- EN: return → cs-CZ: návrat | Definition: A flight that returns to the original departure location (1 flight) | Notes: zpáteční (jednosměrná) let / návrat | Example: What is the best price for a return flight from Sofia to Paris?: "Jaká je nejlepší cena letenky při návretu ze Sofie do Paříže?"
- EN: return → cs-CZ: zpáteční | Definition: A train journey that includes both the outbound and inbound journeys, completing the round trip. | Example: Zpáteční jízdenky do Berlína tento víkend za zvýhodněné ceny.
- EN: return → cs-CZ: návrat | Definition: A train trip to return to the original departure location (1 trip)" | Example: Návrat dne:
- EN: return date → cs-CZ: datum zpátečního letu | Definition: The date of the return journey.
- EN: return flight → cs-CZ: zpáteční let | Definition: A flight that includes both the outbound and inbound journeys, completing the round trip. | Notes: Cesta letadlem do destinace a zpět
- EN: return flight → cs-CZ: zpáteční let | Definition: A flight that returns to the original departure location (1 flight) | Notes: Cesta letadlem zpět z destinace.
- EN: return trip → cs-CZ: obousměrná cesta | Definition: A journey including both the outbound journey to the destination and the inbound journey back to the starting location. | Notes: Cesta do destinace a zpět do místa odletu.
- EN: Review → cs-CZ: Ohodnotit | Definition: Verb - Add an evaluation or feedback about a service or product. | Example: Review your trip: "Ohodnoť svou cestu"
- EN: review → cs-CZ: hodnocení | Definition: Noun - An evaluation or feedback about a service or product.
- EN: room → cs-CZ: pokoj | Definition: A space within a building for accommodation
- EN: same to same → cs-CZ: stejná–stejná | Definition: Fuel policy where the car must be returned with the same amount of fuel as when picked up. | Notes: Fuel policy
- EN: Satisfactory → cs-CZ: Uspokojivé | Definition: Rating indicating acceptable quality or performance, but with some issues. | Notes: Rating
- EN: Saved → cs-CZ: Záložky/uloženo | Definition: For travellers planning one or more trips, this feature empowers users to save different elements of their travel, so they can compare and monitor prices, book at a time that suits and/or find the perfect option. | Notes: Může být použito jako funkce nebo sloveso. | Example: Feature: Log in to view Saved    Saved - we'll notify you if prices change               Verb: Saved flights and hotels We've found a new price for your saved alerts: "Funkce:
Chcete-li si prohlédnout záložky, přihlaste se.                          Uloženo – pokud se ceny změní, upozorníme vás

Sloveso:
Uložené lety a hotely"
- EN: Savvy Search → cs-CZ: Mazaný vyhledávač | Definition: Savvy Search is a generative AI planning tool developed internally. It is designed to help travelers discover new destinations and experiences by asking questions like "What kind of trip is on your mind?" This tool is powered by OpenAI's ChatGPT and uses historical internet data along with Skyscanner's destination and price data to provide travel recommendations | Example: Představujeme Mazaný vyhledávač                                   Mazaný vyhledávač vás může vzít na místa, která by vás předtím ani nenapadla.
- EN: search → cs-CZ: vyhledávání | Definition: The process of looking for specific travel-related information or options, such as flights, hotels, rental cars | Notes: The process of looking for specific travel-related information or options, such as flights, hotels, rental cars | Example: Sorry, we couldn't find any flights that matched your search.: "Litujeme, ale nenašli jsme žádné lety, které by vyhovovaly vašemu vyhledávání."
- EN: search → cs-CZ: hledat | Definition: To look for information or options. | Example: Search one-way flights: "Hledejte jednosměrné lety"
- EN: select → cs-CZ: zvolit/vybrat | Definition: The act of choosing or picking a specific option from a range of available choices. | Notes: Both terms arefine to use
- EN: self catering → cs-CZ: bez stravy | Definition: This type of accommodation may or may not provide guests with kitchen facilities to prepare their own meals. No meals are included in the package | Notes: U této možnosti si hosté zajišťují stravování sami, a to buď v kuchyni přímo na místě, nebo mimo ubytovací zařízení. V balíčku není zahrnuto jídlo.
- EN: self-transfer → cs-CZ: vlastní přesun | Definition: When passengers need to transfer between flights on their own without airline assistance. It may be necessary to check in separately for each connecting flight. | Example: There is a self-transfer in this trip.: "Tato cesta zahrnuje vlastní přesun."
- EN: sign up → cs-CZ: registrace | Definition: Option to create a new account.
- EN: solo travellers → cs-CZ: sólo cestovatelé | Definition: Individuals traveling alone. | Notes: Typ hosta
- EN: sports car → cs-CZ: sportovní auto | Definition: A car designed for high performance and agility, often with a sleek design.
- EN: standard → cs-CZ: standardní | Definition: A category of rental cars that offer a balance between size, comfort, and cost. | Notes: Typ třídy vozidla
- EN: star → cs-CZ: hvězdička | Definition: A hotel star rating is a system used to classify hotels based on their quality, amenities, service, and overall guest experience. | Notes: Typ hodnocení hotelu nebo autopůjčovny
- EN: star → cs-CZ: hvězdička
- EN: star rating → cs-CZ: hodnocení hvězdičkami | Definition: A hotel star rating is a system used to classify hotels based on their quality, amenities, service, and overall guest experience.
- EN: stay → cs-CZ: pobyt | Definition: Period during which a guest resides at an accommodation, such as a hotel.
- EN: stop → cs-CZ: mezipřistání | Definition: Flight connection at other airport before reaching the destination (not direct flights)
- EN: Suggested for you → cs-CZ: Navrženo pro vás | Definition: Personalized recommendations based on your interests or past behavior.
- EN: SUV → cs-CZ: SUV | Definition: Sport Utility Vehicle, a larger car often with off-road capability and more passenger/cargo space. | Notes: Typ auta
- EN: tax → cs-CZ: daň | Definition: Compulsory financial charges imposed by a government.
- EN: Terms of Service → cs-CZ: Smluvní podmínky | Definition: The rules and conditions for using a service.
- EN: Top Provider → cs-CZ: Výhodný poskytovatel | Definition: A booking partner that meets our top-quality criteria, demonstrated by a high Partner Quality Score, strong price accuracy, and reliable downstream visibility. This designation helps travelers make informed choices by identifying partners that offer a trustworthy and seamless booking experience.
- EN: total price → cs-CZ: cena celkem | Definition: The complete cost of a service or product.
- EN: transfer → cs-CZ: přestup/přesun | Definition: The act of moving travelers from one location to another.
- EN: transfer → cs-CZ: přesměrování | Definition: Service or act of moving from one mode of transport to another. | Example: Once you find the car hire deal that's right for you, we'll transfer you directly to the car rental company to make your booking.: "Až najdete nabídku, která vám bude vyhovovat, přesměrujeme vás přímo na autopůjčovnu, kde si rezervaci zamluvíte."
- EN: transmission → cs-CZ: převodovka | Definition: The mechanism by which power is transmitted from the engine to the wheels in a vehicle.
- EN: travel agent → cs-CZ: zaměstnanec cestovní kanceláře | Definition: A professional who plans and books travel arrangements for clients.
- EN: travel Hack → cs-CZ: cestovní tipy | Definition: Tips and strategies for making travel easier or cheaper. | Example: The ultimate travel hack: Explore everywhere: "Ten nejlepší cestovní tip: Objevujte svět."
- EN: travel insurance → cs-CZ: cestovní pojištění | Definition: Coverage for risks associated with travel, such as trip cancellations and medical emergencies.
- EN: Travel Tuesday → cs-CZ: Travel Tuesday / Cestovatelské úterý | Definition: A marketing initiative on the Tuesday after Thanksgiving, offering significant discounts on travel-related purchases like flights and hotels. | Notes: This initiative is not common in the Czech republic.  Most of the population is not familiar with it at all. | Example: Cestujte výhodně v rámci Travel Tuesday. 
Šťastné Cestovatelské úterý
- EN: traveller → cs-CZ: cestující/cestovatel | Definition: An individual who is traveling.
- EN: trip → cs-CZ: cesta | Definition: A journey from one place to another. | Notes: A journey from one place to another.
- EN: Underrated Destinations → cs-CZ: Nedoceněné destinace | Definition: Travel locations that are less popular but worth visiting. | Notes: Travel locations that are less popular but worth visiting.
- EN: unique stays → cs-CZ: jedinečné pobyty | Definition: Accommodations that offer unusual or distinctive experiences. | Notes: Accommodations that offer unusual or distinctive experiences.
- EN: unlimited mileage → cs-CZ: neomezený počet najetých kilometrů | Definition: Option allowing unlimited travel distance in a rental vehicle. | Notes: Mileage policy for car hire
- EN: van → cs-CZ: dodávka | Definition: A larger vehicle used for transporting goods or people. | Notes: Typ auta
- EN: vehicle → cs-CZ: vozidlo/auto | Definition: A mode of transportation used to move from one place to another.
- EN: Very good → cs-CZ: Velmi dobré | Definition: Rating indicating high quality or performance. | Notes: Hodnocení
- EN: Vibes → cs-CZ: Nálady | Definition: Vibes is an AI-powered feature developed by Skyscanner that enhances the Explore Everywhere experience by categorising and sorting travel destinations in a smart, intuitive way to inspire travellers. These “vibes” are essentially themed tiles or categories—likely based on mood, activity type, scenery, or travel style (e.g. “beach escape”, “romantic getaway”, “adventurous hiking”)—that help users discover destinations they might not have otherwise considered.
- EN: wagon → cs-CZ: kombi | Definition: A car with a longer body and more cargo space, often with a rear hatch door. | Notes: Typ auta
- EN: Whole month → cs-CZ: Celý měsíc | Definition: Option to view availability and prices for an entire month. | Example: If your travel dates are flexible, use Skyscanner's 'Whole month' tool to find the cheapest month, and even day to fly from @@place@@. Lower case: Select whole month:                 S velkým písmenem na začátku: "Pokud je termín vaší cesty felxibilní, použijte nástroj Skyscanneru "Celý měsíc" a najděte měsíc nebo dokoce den, kdy můžete do destinace .... letět nejlvněji."                                                      Malé písmeno na začátku: Vyberte celý měsíc."
- EN: whole month → cs-CZ: celý měsíc | Definition: Option to view availability and prices for an entire month.
- EN: With honours → cs-CZ: Vyhlášené | Definition: A high distinction or recognition for excellence. | Notes: Hodnocení ubytování od hostů

2026-09-01 01:56:02,666 - INFO - [CZ] Agent 1 window 0-29 (30 batches)
2026-09-01 01:56:02,769 - INFO - AFC is enabled with max remote calls: 10.
2026-09-01 01:56:02,769 - WARNING - Direct use of automatic function calling (AFC) in AsyncModels.generate_content is not recommended. Instead, we recommend to use AFC in AsyncChat.send_message. Similarly, direct use of AFC in AsyncModels.generate_content_stream is not recommended. Instead, we recommend to use AFC in AsyncChat.send_message_stream.
2026-09-01 01:56:02,787 - INFO - AFC is enabled with max remote calls: 10.
2026-09-01 01:56:02,788 - INFO - AFC is enabled with max remote calls: 10.
2026-09-01 01:56:02,789 - INFO - AFC is enabled with max remote calls: 10.
2026-09-01 01:56:02,789 - INFO - AFC is enabled with max remote calls: 10.
2026-09-01 01:56:02,790 - INFO - AFC is enabled with max remote calls: 10.
2026-09-01 01:56:02,791 - INFO - AFC is enabled with max remote calls: 10.
2026-09-01 01:56:02,792 - INFO - AFC is enabled with max remote calls: 10.
2026-09-01 01:56:02,793 - INFO - AFC is enabled with max remote calls: 10.
2026-09-01 01:56:02,794 - INFO - AFC is enabled with max remote calls: 10.
2026-09-01 01:56:02,794 - INFO - AFC is enabled with max remote calls: 10.
2026-09-01 01:56:02,795 - INFO - AFC is enabled with max remote calls: 10.
2026-09-01 01:56:02,796 - INFO - AFC is enabled with max remote calls: 10.
2026-09-01 01:56:02,797 - INFO - AFC is enabled with max remote calls: 10.
2026-09-01 01:56:02,797 - INFO - AFC is enabled with max remote calls: 10.
2026-09-01 01:56:02,798 - INFO - AFC is enabled with max remote calls: 10.
2026-09-01 01:56:02,799 - INFO - AFC is enabled with max remote calls: 10.
2026-09-01 01:56:02,799 - INFO - AFC is enabled with max remote calls: 10.
2026-09-01 01:56:02,800 - INFO - AFC is enabled with max remote calls: 10.
2026-09-01 01:56:02,801 - INFO - AFC is enabled with max remote calls: 10.
2026-09-01 01:56:02,801 - INFO - AFC is enabled with max remote calls: 10.
2026-09-01 01:56:02,802 - INFO - AFC is enabled with max remote calls: 10.
2026-09-01 01:56:02,803 - INFO - AFC is enabled with max remote calls: 10.
2026-09-01 01:56:02,803 - INFO - AFC is enabled with max remote calls: 10.
2026-09-01 01:56:02,804 - INFO - AFC is enabled with max remote calls: 10.
2026-09-01 01:56:02,805 - INFO - AFC is enabled with max remote calls: 10.
2026-09-01 01:56:02,806 - INFO - AFC is enabled with max remote calls: 10.
2026-09-01 01:56:02,807 - INFO - AFC is enabled with max remote calls: 10.
2026-09-01 01:56:02,808 - INFO - AFC is enabled with max remote calls: 10.
2026-09-01 01:56:02,810 - INFO - AFC is enabled with max remote calls: 10.
2026-09-01 01:56:29,046 - INFO - HTTP Request: POST https://generativelanguage.googleapis.com/v1beta/models/gemini-2.5-pro:generateContent "HTTP/1.1 200 OK"
2026-09-01 01:56:29,744 - INFO - HTTP Request: POST https://generativelanguage.googleapis.com/v1beta/models/gemini-2.5-pro:generateContent "HTTP/1.1 200 OK"
2026-09-01 01:56:31,966 - INFO - HTTP Request: POST https://generativelanguage.googleapis.com/v1beta/models/gemini-2.5-pro:generateContent "HTTP/1.1 200 OK"
2026-09-01 01:56:32,386 - INFO - HTTP Request: POST https://generativelanguage.googleapis.com/v1beta/models/gemini-2.5-pro:generateContent "HTTP/1.1 200 OK"
2026-09-01 01:56:33,551 - INFO - HTTP Request: POST https://generativelanguage.googleapis.com/v1beta/models/gemini-2.5-pro:generateContent "HTTP/1.1 200 OK"
2026-09-01 01:56:33,556 - INFO - HTTP Request: POST https://generativelanguage.googleapis.com/v1beta/models/gemini-2.5-pro:generateContent "HTTP/1.1 200 OK"
2026-09-01 01:56:34,794 - INFO - HTTP Request: POST https://generativelanguage.googleapis.com/v1beta/models/gemini-2.5-pro:generateContent "HTTP/1.1 200 OK"
2026-09-01 01:56:34,841 - INFO - HTTP Request: POST https://generativelanguage.googleapis.com/v1beta/models/gemini-2.5-pro:generateContent "HTTP/1.1 200 OK"
2026-09-01 01:56:35,894 - INFO - HTTP Request: POST https://generativelanguage.googleapis.com/v1beta/models/gemini-2.5-pro:generateContent "HTTP/1.1 200 OK"
2026-09-01 01:56:35,912 - INFO - HTTP Request: POST https://generativelanguage.googleapis.com/v1beta/models/gemini-2.5-pro:generateContent "HTTP/1.1 200 OK"
2026-09-01 01:56:36,549 - INFO - HTTP Request: POST https://generativelanguage.googleapis.com/v1beta/models/gemini-2.5-pro:generateContent "HTTP/1.1 200 OK"
2026-09-01 01:56:37,455 - INFO - HTTP Request: POST https://generativelanguage.googleapis.com/v1beta/models/gemini-2.5-pro:generateContent "HTTP/1.1 200 OK"
2026-09-01 01:56:37,866 - INFO - HTTP Request: POST https://generativelanguage.googleapis.com/v1beta/models/gemini-2.5-pro:generateContent "HTTP/1.1 200 OK"
2026-09-01 01:56:37,872 - INFO - HTTP Request: POST https://generativelanguage.googleapis.com/v1beta/models/gemini-2.5-pro:generateContent "HTTP/1.1 200 OK"
2026-09-01 01:56:39,157 - INFO - HTTP Request: POST https://generativelanguage.googleapis.com/v1beta/models/gemini-2.5-pro:generateContent "HTTP/1.1 200 OK"
2026-09-01 01:56:40,189 - INFO - HTTP Request: POST https://generativelanguage.googleapis.com/v1beta/models/gemini-2.5-pro:generateContent "HTTP/1.1 200 OK"
2026-09-01 01:56:40,252 - INFO - HTTP Request: POST https://generativelanguage.googleapis.com/v1beta/models/gemini-2.5-pro:generateContent "HTTP/1.1 200 OK"
2026-09-01 01:56:41,632 - INFO - HTTP Request: POST https://generativelanguage.googleapis.com/v1beta/models/gemini-2.5-pro:generateContent "HTTP/1.1 200 OK"
2026-09-01 01:56:41,944 - INFO - HTTP Request: POST https://generativelanguage.googleapis.com/v1beta/models/gemini-2.5-pro:generateContent "HTTP/1.1 200 OK"
2026-09-01 01:56:42,554 - INFO - HTTP Request: POST https://generativelanguage.googleapis.com/v1beta/models/gemini-2.5-pro:generateContent "HTTP/1.1 200 OK"
2026-09-01 01:56:42,686 - INFO - HTTP Request: POST https://generativelanguage.googleapis.com/v1beta/models/gemini-2.5-pro:generateContent "HTTP/1.1 200 OK"
2026-09-01 01:56:42,781 - INFO - HTTP Request: POST https://generativelanguage.googleapis.com/v1beta/models/gemini-2.5-pro:generateContent "HTTP/1.1 200 OK"
2026-09-01 01:56:43,421 - INFO - HTTP Request: POST https://generativelanguage.googleapis.com/v1beta/models/gemini-2.5-pro:generateContent "HTTP/1.1 200 OK"
2026-09-01 01:56:48,538 - INFO - HTTP Request: POST https://generativelanguage.googleapis.com/v1beta/models/gemini-2.5-pro:generateContent "HTTP/1.1 200 OK"
2026-09-01 01:56:49,113 - INFO - HTTP Request: POST https://generativelanguage.googleapis.com/v1beta/models/gemini-2.5-pro:generateContent "HTTP/1.1 200 OK"
2026-09-01 01:56:50,263 - INFO - HTTP Request: POST https://generativelanguage.googleapis.com/v1beta/models/gemini-2.5-pro:generateContent "HTTP/1.1 200 OK"
2026-09-01 01:56:55,262 - INFO - HTTP Request: POST https://generativelanguage.googleapis.com/v1beta/models/gemini-2.5-pro:generateContent "HTTP/1.1 200 OK"
2026-09-01 01:56:57,402 - INFO - HTTP Request: POST https://generativelanguage.googleapis.com/v1beta/models/gemini-2.5-pro:generateContent "HTTP/1.1 200 OK"
2026-09-01 01:56:59,505 - INFO - HTTP Request: POST https://generativelanguage.googleapis.com/v1beta/models/gemini-2.5-pro:generateContent "HTTP/1.1 200 OK"
2026-09-01 01:57:03,017 - INFO - HTTP Request: POST https://generativelanguage.googleapis.com/v1beta/models/gemini-2.5-pro:generateContent "HTTP/1.1 200 OK"
2026-09-01 01:57:03,030 - INFO - [CZ] Waiting 10.0s before next Agent 1 window…
2026-09-01 01:57:13,036 - INFO - [CZ] Agent 1 window 30-59 (30 batches)
2026-09-01 01:57:13,108 - INFO - AFC is enabled with max remote calls: 10.
2026-09-01 01:57:13,111 - INFO - AFC is enabled with max remote calls: 10.
2026-09-01 01:57:13,113 - INFO - AFC is enabled with max remote calls: 10.
2026-09-01 01:57:13,115 - INFO - AFC is enabled with max remote calls: 10.
2026-09-01 01:57:13,116 - INFO - AFC is enabled with max remote calls: 10.
2026-09-01 01:57:13,118 - INFO - AFC is enabled with max remote calls: 10.
2026-09-01 01:57:13,120 - INFO - AFC is enabled with max remote calls: 10.
2026-09-01 01:57:13,124 - INFO - AFC is enabled with max remote calls: 10.
2026-09-01 01:57:13,125 - INFO - AFC is enabled with max remote calls: 10.
2026-09-01 01:57:13,126 - INFO - AFC is enabled with max remote calls: 10.
2026-09-01 01:57:13,131 - INFO - AFC is enabled with max remote calls: 10.
2026-09-01 01:57:13,132 - INFO - AFC is enabled with max remote calls: 10.
2026-09-01 01:57:13,133 - INFO - AFC is enabled with max remote calls: 10.
2026-09-01 01:57:13,134 - INFO - AFC is enabled with max remote calls: 10.
2026-09-01 01:57:13,143 - INFO - AFC is enabled with max remote calls: 10.
2026-09-01 01:57:13,144 - INFO - AFC is enabled with max remote calls: 10.
2026-09-01 01:57:13,146 - INFO - AFC is enabled with max remote calls: 10.
2026-09-01 01:57:13,147 - INFO - AFC is enabled with max remote calls: 10.
2026-09-01 01:57:13,148 - INFO - AFC is enabled with max remote calls: 10.
2026-09-01 01:57:13,150 - INFO - AFC is enabled with max remote calls: 10.
2026-09-01 01:57:13,151 - INFO - AFC is enabled with max remote calls: 10.
2026-09-01 01:57:13,154 - INFO - AFC is enabled with max remote calls: 10.
2026-09-01 01:57:13,157 - INFO - AFC is enabled with max remote calls: 10.
2026-09-01 01:57:13,159 - INFO - AFC is enabled with max remote calls: 10.
2026-09-01 01:57:13,160 - INFO - AFC is enabled with max remote calls: 10.
2026-09-01 01:57:13,163 - INFO - AFC is enabled with max remote calls: 10.
2026-09-01 01:57:13,166 - INFO - AFC is enabled with max remote calls: 10.
2026-09-01 01:57:13,168 - INFO - AFC is enabled with max remote calls: 10.
2026-09-01 01:57:13,173 - INFO - AFC is enabled with max remote calls: 10.
2026-09-01 01:57:13,175 - INFO - AFC is enabled with max remote calls: 10.
2026-09-01 01:57:30,201 - INFO - HTTP Request: POST https://generativelanguage.googleapis.com/v1beta/models/gemini-2.5-pro:generateContent "HTTP/1.1 200 OK"
2026-09-01 01:57:30,257 - INFO - HTTP Request: POST https://generativelanguage.googleapis.com/v1beta/models/gemini-2.5-pro:generateContent "HTTP/1.1 200 OK"
2026-09-01 01:57:33,607 - INFO - HTTP Request: POST https://generativelanguage.googleapis.com/v1beta/models/gemini-2.5-pro:generateContent "HTTP/1.1 200 OK"
2026-09-01 01:57:35,205 - INFO - HTTP Request: POST https://generativelanguage.googleapis.com/v1beta/models/gemini-2.5-pro:generateContent "HTTP/1.1 200 OK"
2026-09-01 01:57:35,314 - INFO - HTTP Request: POST https://generativelanguage.googleapis.com/v1beta/models/gemini-2.5-pro:generateContent "HTTP/1.1 200 OK"
2026-09-01 01:57:37,741 - INFO - HTTP Request: POST https://generativelanguage.googleapis.com/v1beta/models/gemini-2.5-pro:generateContent "HTTP/1.1 200 OK"
2026-09-01 01:57:39,093 - INFO - HTTP Request: POST https://generativelanguage.googleapis.com/v1beta/models/gemini-2.5-pro:generateContent "HTTP/1.1 200 OK"
2026-09-01 01:57:40,855 - INFO - HTTP Request: POST https://generativelanguage.googleapis.com/v1beta/models/gemini-2.5-pro:generateContent "HTTP/1.1 200 OK"
2026-09-01 01:57:42,475 - INFO - HTTP Request: POST https://generativelanguage.googleapis.com/v1beta/models/gemini-2.5-pro:generateContent "HTTP/1.1 200 OK"
2026-09-01 01:57:43,225 - INFO - HTTP Request: POST https://generativelanguage.googleapis.com/v1beta/models/gemini-2.5-pro:generateContent "HTTP/1.1 200 OK"
2026-09-01 01:57:43,228 - INFO - HTTP Request: POST https://generativelanguage.googleapis.com/v1beta/models/gemini-2.5-pro:generateContent "HTTP/1.1 200 OK"
2026-09-01 01:57:45,567 - INFO - HTTP Request: POST https://generativelanguage.googleapis.com/v1beta/models/gemini-2.5-pro:generateContent "HTTP/1.1 200 OK"
2026-09-01 01:57:45,609 - INFO - HTTP Request: POST https://generativelanguage.googleapis.com/v1beta/models/gemini-2.5-pro:generateContent "HTTP/1.1 200 OK"
2026-09-01 01:57:45,619 - INFO - HTTP Request: POST https://generativelanguage.googleapis.com/v1beta/models/gemini-2.5-pro:generateContent "HTTP/1.1 200 OK"
2026-09-01 01:57:45,755 - INFO - HTTP Request: POST https://generativelanguage.googleapis.com/v1beta/models/gemini-2.5-pro:generateContent "HTTP/1.1 200 OK"
2026-09-01 01:57:45,758 - INFO - HTTP Request: POST https://generativelanguage.googleapis.com/v1beta/models/gemini-2.5-pro:generateContent "HTTP/1.1 200 OK"
2026-09-01 01:57:46,051 - INFO - HTTP Request: POST https://generativelanguage.googleapis.com/v1beta/models/gemini-2.5-pro:generateContent "HTTP/1.1 200 OK"
2026-09-01 01:57:46,348 - INFO - HTTP Request: POST https://generativelanguage.googleapis.com/v1beta/models/gemini-2.5-pro:generateContent "HTTP/1.1 200 OK"
2026-09-01 01:57:46,532 - INFO - HTTP Request: POST https://generativelanguage.googleapis.com/v1beta/models/gemini-2.5-pro:generateContent "HTTP/1.1 200 OK"
2026-09-01 01:57:48,419 - INFO - HTTP Request: POST https://generativelanguage.googleapis.com/v1beta/models/gemini-2.5-pro:generateContent "HTTP/1.1 200 OK"
2026-09-01 01:57:48,642 - INFO - HTTP Request: POST https://generativelanguage.googleapis.com/v1beta/models/gemini-2.5-pro:generateContent "HTTP/1.1 200 OK"
2026-09-01 01:57:50,517 - INFO - HTTP Request: POST https://generativelanguage.googleapis.com/v1beta/models/gemini-2.5-pro:generateContent "HTTP/1.1 200 OK"
2026-09-01 01:57:50,524 - INFO - HTTP Request: POST https://generativelanguage.googleapis.com/v1beta/models/gemini-2.5-pro:generateContent "HTTP/1.1 200 OK"
2026-09-01 01:57:57,070 - INFO - HTTP Request: POST https://generativelanguage.googleapis.com/v1beta/models/gemini-2.5-pro:generateContent "HTTP/1.1 200 OK"
2026-09-01 01:57:58,476 - INFO - HTTP Request: POST https://generativelanguage.googleapis.com/v1beta/models/gemini-2.5-pro:generateContent "HTTP/1.1 200 OK"
2026-09-01 01:57:58,946 - INFO - HTTP Request: POST https://generativelanguage.googleapis.com/v1beta/models/gemini-2.5-pro:generateContent "HTTP/1.1 200 OK"
2026-09-01 01:57:59,029 - INFO - HTTP Request: POST https://generativelanguage.googleapis.com/v1beta/models/gemini-2.5-pro:generateContent "HTTP/1.1 200 OK"
2026-09-01 01:58:03,062 - INFO - HTTP Request: POST https://generativelanguage.googleapis.com/v1beta/models/gemini-2.5-pro:generateContent "HTTP/1.1 200 OK"
2026-09-01 01:58:06,474 - INFO - HTTP Request: POST https://generativelanguage.googleapis.com/v1beta/models/gemini-2.5-pro:generateContent "HTTP/1.1 200 OK"
2026-09-01 01:58:09,941 - INFO - HTTP Request: POST https://generativelanguage.googleapis.com/v1beta/models/gemini-2.5-pro:generateContent "HTTP/1.1 200 OK"
2026-09-01 01:58:09,951 - INFO - [CZ] Waiting 10.0s before next Agent 1 window…
2026-09-01 01:58:19,955 - INFO - [CZ] Agent 1 window 60-89 (30 batches)
2026-09-01 01:58:20,019 - INFO - AFC is enabled with max remote calls: 10.
2026-09-01 01:58:20,022 - INFO - AFC is enabled with max remote calls: 10.
2026-09-01 01:58:20,024 - INFO - AFC is enabled with max remote calls: 10.
2026-09-01 01:58:20,025 - INFO - AFC is enabled with max remote calls: 10.
2026-09-01 01:58:20,027 - INFO - AFC is enabled with max remote calls: 10.
2026-09-01 01:58:20,028 - INFO - AFC is enabled with max remote calls: 10.
2026-09-01 01:58:20,032 - INFO - AFC is enabled with max remote calls: 10.
2026-09-01 01:58:20,035 - INFO - AFC is enabled with max remote calls: 10.
2026-09-01 01:58:20,037 - INFO - AFC is enabled with max remote calls: 10.
2026-09-01 01:58:20,038 - INFO - AFC is enabled with max remote calls: 10.
2026-09-01 01:58:20,040 - INFO - AFC is enabled with max remote calls: 10.
2026-09-01 01:58:20,041 - INFO - AFC is enabled with max remote calls: 10.
2026-09-01 01:58:20,043 - INFO - AFC is enabled with max remote calls: 10.
2026-09-01 01:58:20,044 - INFO - AFC is enabled with max remote calls: 10.
2026-09-01 01:58:20,046 - INFO - AFC is enabled with max remote calls: 10.
2026-09-01 01:58:20,068 - INFO - AFC is enabled with max remote calls: 10.
2026-09-01 01:58:20,071 - INFO - AFC is enabled with max remote calls: 10.
2026-09-01 01:58:20,073 - INFO - AFC is enabled with max remote calls: 10.
2026-09-01 01:58:20,076 - INFO - AFC is enabled with max remote calls: 10.
2026-09-01 01:58:20,081 - INFO - AFC is enabled with max remote calls: 10.
2026-09-01 01:58:20,084 - INFO - AFC is enabled with max remote calls: 10.
2026-09-01 01:58:20,086 - INFO - AFC is enabled with max remote calls: 10.
2026-09-01 01:58:20,088 - INFO - AFC is enabled with max remote calls: 10.
2026-09-01 01:58:20,090 - INFO - AFC is enabled with max remote calls: 10.
2026-09-01 01:58:20,091 - INFO - AFC is enabled with max remote calls: 10.
2026-09-01 01:58:20,093 - INFO - AFC is enabled with max remote calls: 10.
2026-09-01 01:58:20,095 - INFO - AFC is enabled with max remote calls: 10.
2026-09-01 01:58:20,097 - INFO - AFC is enabled with max remote calls: 10.
2026-09-01 01:58:20,099 - INFO - AFC is enabled with max remote calls: 10.
2026-09-01 01:58:20,101 - INFO - AFC is enabled with max remote calls: 10.
2026-09-01 01:58:36,583 - INFO - HTTP Request: POST https://generativelanguage.googleapis.com/v1beta/models/gemini-2.5-pro:generateContent "HTTP/1.1 200 OK"
2026-09-01 01:58:43,378 - INFO - HTTP Request: POST https://generativelanguage.googleapis.com/v1beta/models/gemini-2.5-pro:generateContent "HTTP/1.1 200 OK"
2026-09-01 01:58:43,442 - INFO - HTTP Request: POST https://generativelanguage.googleapis.com/v1beta/models/gemini-2.5-pro:generateContent "HTTP/1.1 200 OK"
2026-09-01 01:58:43,852 - INFO - HTTP Request: POST https://generativelanguage.googleapis.com/v1beta/models/gemini-2.5-pro:generateContent "HTTP/1.1 200 OK"
2026-09-01 01:58:47,053 - INFO - HTTP Request: POST https://generativelanguage.googleapis.com/v1beta/models/gemini-2.5-pro:generateContent "HTTP/1.1 200 OK"
2026-09-01 01:58:47,106 - INFO - HTTP Request: POST https://generativelanguage.googleapis.com/v1beta/models/gemini-2.5-pro:generateContent "HTTP/1.1 200 OK"
2026-09-01 01:58:48,355 - INFO - HTTP Request: POST https://generativelanguage.googleapis.com/v1beta/models/gemini-2.5-pro:generateContent "HTTP/1.1 200 OK"
2026-09-01 01:58:49,497 - INFO - HTTP Request: POST https://generativelanguage.googleapis.com/v1beta/models/gemini-2.5-pro:generateContent "HTTP/1.1 200 OK"
2026-09-01 01:58:51,856 - INFO - HTTP Request: POST https://generativelanguage.googleapis.com/v1beta/models/gemini-2.5-pro:generateContent "HTTP/1.1 200 OK"
2026-09-01 01:58:52,421 - INFO - HTTP Request: POST https://generativelanguage.googleapis.com/v1beta/models/gemini-2.5-pro:generateContent "HTTP/1.1 200 OK"
2026-09-01 01:58:53,181 - INFO - HTTP Request: POST https://generativelanguage.googleapis.com/v1beta/models/gemini-2.5-pro:generateContent "HTTP/1.1 200 OK"
2026-09-01 01:58:53,186 - INFO - HTTP Request: POST https://generativelanguage.googleapis.com/v1beta/models/gemini-2.5-pro:generateContent "HTTP/1.1 200 OK"
2026-09-01 01:58:53,333 - INFO - HTTP Request: POST https://generativelanguage.googleapis.com/v1beta/models/gemini-2.5-pro:generateContent "HTTP/1.1 200 OK"
2026-09-01 01:58:53,759 - INFO - HTTP Request: POST https://generativelanguage.googleapis.com/v1beta/models/gemini-2.5-pro:generateContent "HTTP/1.1 200 OK"
2026-09-01 01:58:53,799 - INFO - HTTP Request: POST https://generativelanguage.googleapis.com/v1beta/models/gemini-2.5-pro:generateContent "HTTP/1.1 200 OK"
2026-09-01 01:58:54,810 - INFO - HTTP Request: POST https://generativelanguage.googleapis.com/v1beta/models/gemini-2.5-pro:generateContent "HTTP/1.1 200 OK"
2026-09-01 01:58:55,679 - INFO - HTTP Request: POST https://generativelanguage.googleapis.com/v1beta/models/gemini-2.5-pro:generateContent "HTTP/1.1 200 OK"
2026-09-01 01:58:56,772 - INFO - HTTP Request: POST https://generativelanguage.googleapis.com/v1beta/models/gemini-2.5-pro:generateContent "HTTP/1.1 200 OK"
2026-09-01 01:58:58,324 - INFO - HTTP Request: POST https://generativelanguage.googleapis.com/v1beta/models/gemini-2.5-pro:generateContent "HTTP/1.1 200 OK"
2026-09-01 01:58:58,490 - INFO - HTTP Request: POST https://generativelanguage.googleapis.com/v1beta/models/gemini-2.5-pro:generateContent "HTTP/1.1 200 OK"
2026-09-01 01:58:58,520 - INFO - HTTP Request: POST https://generativelanguage.googleapis.com/v1beta/models/gemini-2.5-pro:generateContent "HTTP/1.1 200 OK"
2026-09-01 01:58:58,920 - INFO - HTTP Request: POST https://generativelanguage.googleapis.com/v1beta/models/gemini-2.5-pro:generateContent "HTTP/1.1 200 OK"
2026-09-01 01:59:02,221 - INFO - HTTP Request: POST https://generativelanguage.googleapis.com/v1beta/models/gemini-2.5-pro:generateContent "HTTP/1.1 200 OK"
2026-09-01 01:59:02,403 - INFO - HTTP Request: POST https://generativelanguage.googleapis.com/v1beta/models/gemini-2.5-pro:generateContent "HTTP/1.1 200 OK"
2026-09-01 01:59:02,769 - INFO - HTTP Request: POST https://generativelanguage.googleapis.com/v1beta/models/gemini-2.5-pro:generateContent "HTTP/1.1 200 OK"
2026-09-01 01:59:03,807 - INFO - HTTP Request: POST https://generativelanguage.googleapis.com/v1beta/models/gemini-2.5-pro:generateContent "HTTP/1.1 200 OK"
2026-09-01 01:59:03,972 - INFO - HTTP Request: POST https://generativelanguage.googleapis.com/v1beta/models/gemini-2.5-pro:generateContent "HTTP/1.1 200 OK"
2026-09-01 01:59:05,926 - INFO - HTTP Request: POST https://generativelanguage.googleapis.com/v1beta/models/gemini-2.5-pro:generateContent "HTTP/1.1 200 OK"
2026-09-01 01:59:07,861 - INFO - HTTP Request: POST https://generativelanguage.googleapis.com/v1beta/models/gemini-2.5-pro:generateContent "HTTP/1.1 200 OK"
2026-09-01 01:59:23,555 - INFO - HTTP Request: POST https://generativelanguage.googleapis.com/v1beta/models/gemini-2.5-pro:generateContent "HTTP/1.1 200 OK"
2026-09-01 01:59:23,583 - INFO - [CZ] Waiting 10.0s before next Agent 1 window…
2026-09-01 01:59:33,590 - INFO - [CZ] Agent 1 window 90-119 (30 batches)
2026-09-01 01:59:33,683 - INFO - AFC is enabled with max remote calls: 10.
2026-09-01 01:59:33,686 - INFO - AFC is enabled with max remote calls: 10.
2026-09-01 01:59:33,688 - INFO - AFC is enabled with max remote calls: 10.
2026-09-01 01:59:33,691 - INFO - AFC is enabled with max remote calls: 10.
2026-09-01 01:59:33,693 - INFO - AFC is enabled with max remote calls: 10.
2026-09-01 01:59:33,695 - INFO - AFC is enabled with max remote calls: 10.
2026-09-01 01:59:33,697 - INFO - AFC is enabled with max remote calls: 10.
2026-09-01 01:59:33,699 - INFO - AFC is enabled with max remote calls: 10.
2026-09-01 01:59:33,702 - INFO - AFC is enabled with max remote calls: 10.
2026-09-01 01:59:33,704 - INFO - AFC is enabled with max remote calls: 10.
2026-09-01 01:59:33,705 - INFO - AFC is enabled with max remote calls: 10.
2026-09-01 01:59:33,708 - INFO - AFC is enabled with max remote calls: 10.
2026-09-01 01:59:33,711 - INFO - AFC is enabled with max remote calls: 10.
2026-09-01 01:59:33,713 - INFO - AFC is enabled with max remote calls: 10.
2026-09-01 01:59:33,715 - INFO - AFC is enabled with max remote calls: 10.
2026-09-01 01:59:33,721 - INFO - AFC is enabled with max remote calls: 10.
2026-09-01 01:59:33,723 - INFO - AFC is enabled with max remote calls: 10.
2026-09-01 01:59:33,725 - INFO - AFC is enabled with max remote calls: 10.
2026-09-01 01:59:33,726 - INFO - AFC is enabled with max remote calls: 10.
2026-09-01 01:59:33,727 - INFO - AFC is enabled with max remote calls: 10.
2026-09-01 01:59:33,728 - INFO - AFC is enabled with max remote calls: 10.
2026-09-01 01:59:33,730 - INFO - AFC is enabled with max remote calls: 10.
2026-09-01 01:59:33,732 - INFO - AFC is enabled with max remote calls: 10.
2026-09-01 01:59:33,734 - INFO - AFC is enabled with max remote calls: 10.
2026-09-01 01:59:33,735 - INFO - AFC is enabled with max remote calls: 10.
2026-09-01 01:59:33,737 - INFO - AFC is enabled with max remote calls: 10.
2026-09-01 01:59:33,738 - INFO - AFC is enabled with max remote calls: 10.
2026-09-01 01:59:33,739 - INFO - AFC is enabled with max remote calls: 10.
2026-09-01 01:59:33,741 - INFO - AFC is enabled with max remote calls: 10.
2026-09-01 01:59:33,743 - INFO - AFC is enabled with max remote calls: 10.
2026-09-01 01:59:55,305 - INFO - HTTP Request: POST https://generativelanguage.googleapis.com/v1beta/models/gemini-2.5-pro:generateContent "HTTP/1.1 200 OK"
2026-09-01 01:59:55,323 - INFO - HTTP Request: POST https://generativelanguage.googleapis.com/v1beta/models/gemini-2.5-pro:generateContent "HTTP/1.1 200 OK"
2026-09-01 01:59:58,879 - INFO - HTTP Request: POST https://generativelanguage.googleapis.com/v1beta/models/gemini-2.5-pro:generateContent "HTTP/1.1 200 OK"
2026-09-01 01:59:59,058 - INFO - HTTP Request: POST https://generativelanguage.googleapis.com/v1beta/models/gemini-2.5-pro:generateContent "HTTP/1.1 200 OK"
2026-09-01 01:59:59,956 - INFO - HTTP Request: POST https://generativelanguage.googleapis.com/v1beta/models/gemini-2.5-pro:generateContent "HTTP/1.1 200 OK"
2026-09-01 02:00:00,789 - INFO - HTTP Request: POST https://generativelanguage.googleapis.com/v1beta/models/gemini-2.5-pro:generateContent "HTTP/1.1 200 OK"
2026-09-01 02:00:01,627 - INFO - HTTP Request: POST https://generativelanguage.googleapis.com/v1beta/models/gemini-2.5-pro:generateContent "HTTP/1.1 200 OK"
2026-09-01 02:00:02,754 - INFO - HTTP Request: POST https://generativelanguage.googleapis.com/v1beta/models/gemini-2.5-pro:generateContent "HTTP/1.1 200 OK"
2026-09-01 02:00:05,099 - INFO - HTTP Request: POST https://generativelanguage.googleapis.com/v1beta/models/gemini-2.5-pro:generateContent "HTTP/1.1 200 OK"
2026-09-01 02:00:05,223 - INFO - HTTP Request: POST https://generativelanguage.googleapis.com/v1beta/models/gemini-2.5-pro:generateContent "HTTP/1.1 200 OK"
2026-09-01 02:00:05,320 - INFO - HTTP Request: POST https://generativelanguage.googleapis.com/v1beta/models/gemini-2.5-pro:generateContent "HTTP/1.1 200 OK"
2026-09-01 02:00:05,550 - INFO - HTTP Request: POST https://generativelanguage.googleapis.com/v1beta/models/gemini-2.5-pro:generateContent "HTTP/1.1 200 OK"
2026-09-01 02:00:06,235 - INFO - HTTP Request: POST https://generativelanguage.googleapis.com/v1beta/models/gemini-2.5-pro:generateContent "HTTP/1.1 200 OK"
2026-09-01 02:00:06,332 - INFO - HTTP Request: POST https://generativelanguage.googleapis.com/v1beta/models/gemini-2.5-pro:generateContent "HTTP/1.1 200 OK"
2026-09-01 02:00:07,910 - INFO - HTTP Request: POST https://generativelanguage.googleapis.com/v1beta/models/gemini-2.5-pro:generateContent "HTTP/1.1 200 OK"
2026-09-01 02:00:08,630 - INFO - HTTP Request: POST https://generativelanguage.googleapis.com/v1beta/models/gemini-2.5-pro:generateContent "HTTP/1.1 200 OK"
2026-09-01 02:00:10,042 - INFO - HTTP Request: POST https://generativelanguage.googleapis.com/v1beta/models/gemini-2.5-pro:generateContent "HTTP/1.1 200 OK"
2026-09-01 02:00:11,275 - INFO - HTTP Request: POST https://generativelanguage.googleapis.com/v1beta/models/gemini-2.5-pro:generateContent "HTTP/1.1 200 OK"
2026-09-01 02:00:11,494 - INFO - HTTP Request: POST https://generativelanguage.googleapis.com/v1beta/models/gemini-2.5-pro:generateContent "HTTP/1.1 200 OK"
2026-09-01 02:00:12,827 - INFO - HTTP Request: POST https://generativelanguage.googleapis.com/v1beta/models/gemini-2.5-pro:generateContent "HTTP/1.1 200 OK"
2026-09-01 02:00:15,477 - INFO - HTTP Request: POST https://generativelanguage.googleapis.com/v1beta/models/gemini-2.5-pro:generateContent "HTTP/1.1 200 OK"
2026-09-01 02:00:19,893 - INFO - HTTP Request: POST https://generativelanguage.googleapis.com/v1beta/models/gemini-2.5-pro:generateContent "HTTP/1.1 200 OK"
2026-09-01 02:00:20,003 - INFO - HTTP Request: POST https://generativelanguage.googleapis.com/v1beta/models/gemini-2.5-pro:generateContent "HTTP/1.1 200 OK"
2026-09-01 02:00:22,517 - INFO - HTTP Request: POST https://generativelanguage.googleapis.com/v1beta/models/gemini-2.5-pro:generateContent "HTTP/1.1 200 OK"
2026-09-01 02:00:22,527 - INFO - HTTP Request: POST https://generativelanguage.googleapis.com/v1beta/models/gemini-2.5-pro:generateContent "HTTP/1.1 200 OK"
2026-09-01 02:00:25,818 - INFO - HTTP Request: POST https://generativelanguage.googleapis.com/v1beta/models/gemini-2.5-pro:generateContent "HTTP/1.1 200 OK"
2026-09-01 02:00:25,860 - INFO - HTTP Request: POST https://generativelanguage.googleapis.com/v1beta/models/gemini-2.5-pro:generateContent "HTTP/1.1 200 OK"
2026-09-01 02:00:26,007 - INFO - HTTP Request: POST https://generativelanguage.googleapis.com/v1beta/models/gemini-2.5-pro:generateContent "HTTP/1.1 200 OK"
2026-09-01 02:00:31,125 - INFO - HTTP Request: POST https://generativelanguage.googleapis.com/v1beta/models/gemini-2.5-pro:generateContent "HTTP/1.1 200 OK"
2026-09-01 02:08:00,922 - INFO - AFC is enabled with max remote calls: 10.
2026-09-01 02:08:26,177 - INFO - HTTP Request: POST https://generativelanguage.googleapis.com/v1beta/models/gemini-2.5-pro:generateContent "HTTP/1.1 200 OK"
2026-09-01 02:08:26,187 - INFO - [CZ] Waiting 10.0s before next Agent 1 window…
2026-09-01 02:08:36,197 - INFO - [CZ] Agent 1 window 120-149 (30 batches)
2026-09-01 02:08:36,312 - INFO - AFC is enabled with max remote calls: 10.
2026-09-01 02:08:36,322 - INFO - AFC is enabled with max remote calls: 10.
2026-09-01 02:08:36,324 - INFO - AFC is enabled with max remote calls: 10.
2026-09-01 02:08:36,327 - INFO - AFC is enabled with max remote calls: 10.
2026-09-01 02:08:36,329 - INFO - AFC is enabled with max remote calls: 10.
2026-09-01 02:08:36,330 - INFO - AFC is enabled with max remote calls: 10.
2026-09-01 02:08:36,334 - INFO - AFC is enabled with max remote calls: 10.
2026-09-01 02:08:36,341 - INFO - AFC is enabled with max remote calls: 10.
2026-09-01 02:08:36,343 - INFO - AFC is enabled with max remote calls: 10.
2026-09-01 02:08:36,345 - INFO - AFC is enabled with max remote calls: 10.
2026-09-01 02:08:36,347 - INFO - AFC is enabled with max remote calls: 10.
2026-09-01 02:08:36,348 - INFO - AFC is enabled with max remote calls: 10.
2026-09-01 02:08:36,350 - INFO - AFC is enabled with max remote calls: 10.
2026-09-01 02:08:36,351 - INFO - AFC is enabled with max remote calls: 10.
2026-09-01 02:08:36,354 - INFO - AFC is enabled with max remote calls: 10.
2026-09-01 02:08:36,437 - INFO - AFC is enabled with max remote calls: 10.
2026-09-01 02:08:36,440 - INFO - AFC is enabled with max remote calls: 10.
2026-09-01 02:08:36,441 - INFO - AFC is enabled with max remote calls: 10.
2026-09-01 02:08:36,443 - INFO - AFC is enabled with max remote calls: 10.
2026-09-01 02:08:36,444 - INFO - AFC is enabled with max remote calls: 10.
2026-09-01 02:08:36,446 - INFO - AFC is enabled with max remote calls: 10.
2026-09-01 02:08:36,447 - INFO - AFC is enabled with max remote calls: 10.
2026-09-01 02:08:36,449 - INFO - AFC is enabled with max remote calls: 10.
2026-09-01 02:08:36,450 - INFO - AFC is enabled with max remote calls: 10.
2026-09-01 02:08:36,451 - INFO - AFC is enabled with max remote calls: 10.
2026-09-01 02:08:36,452 - INFO - AFC is enabled with max remote calls: 10.
2026-09-01 02:08:36,453 - INFO - AFC is enabled with max remote calls: 10.
2026-09-01 02:08:36,454 - INFO - AFC is enabled with max remote calls: 10.
2026-09-01 02:08:36,456 - INFO - AFC is enabled with max remote calls: 10.
2026-09-01 02:08:36,458 - INFO - AFC is enabled with max remote calls: 10.
2026-09-01 02:08:50,716 - INFO - HTTP Request: POST https://generativelanguage.googleapis.com/v1beta/models/gemini-2.5-pro:generateContent "HTTP/1.1 200 OK"
2026-09-01 02:08:51,887 - INFO - HTTP Request: POST https://generativelanguage.googleapis.com/v1beta/models/gemini-2.5-pro:generateContent "HTTP/1.1 200 OK"
2026-09-01 02:08:55,268 - INFO - HTTP Request: POST https://generativelanguage.googleapis.com/v1beta/models/gemini-2.5-pro:generateContent "HTTP/1.1 200 OK"
2026-09-01 02:08:55,760 - INFO - HTTP Request: POST https://generativelanguage.googleapis.com/v1beta/models/gemini-2.5-pro:generateContent "HTTP/1.1 200 OK"
2026-09-01 02:08:57,770 - INFO - HTTP Request: POST https://generativelanguage.googleapis.com/v1beta/models/gemini-2.5-pro:generateContent "HTTP/1.1 200 OK"
2026-09-01 02:08:59,626 - INFO - HTTP Request: POST https://generativelanguage.googleapis.com/v1beta/models/gemini-2.5-pro:generateContent "HTTP/1.1 200 OK"
2026-09-01 02:09:00,430 - INFO - HTTP Request: POST https://generativelanguage.googleapis.com/v1beta/models/gemini-2.5-pro:generateContent "HTTP/1.1 200 OK"
2026-09-01 02:09:00,576 - INFO - HTTP Request: POST https://generativelanguage.googleapis.com/v1beta/models/gemini-2.5-pro:generateContent "HTTP/1.1 200 OK"
2026-09-01 02:09:01,463 - INFO - HTTP Request: POST https://generativelanguage.googleapis.com/v1beta/models/gemini-2.5-pro:generateContent "HTTP/1.1 200 OK"
2026-09-01 02:09:01,762 - INFO - HTTP Request: POST https://generativelanguage.googleapis.com/v1beta/models/gemini-2.5-pro:generateContent "HTTP/1.1 200 OK"
2026-09-01 02:09:01,774 - INFO - HTTP Request: POST https://generativelanguage.googleapis.com/v1beta/models/gemini-2.5-pro:generateContent "HTTP/1.1 200 OK"
2026-09-01 02:09:01,968 - INFO - HTTP Request: POST https://generativelanguage.googleapis.com/v1beta/models/gemini-2.5-pro:generateContent "HTTP/1.1 200 OK"
2026-09-01 02:09:02,510 - INFO - HTTP Request: POST https://generativelanguage.googleapis.com/v1beta/models/gemini-2.5-pro:generateContent "HTTP/1.1 200 OK"
2026-09-01 02:09:03,094 - INFO - HTTP Request: POST https://generativelanguage.googleapis.com/v1beta/models/gemini-2.5-pro:generateContent "HTTP/1.1 200 OK"
2026-09-01 02:09:04,021 - INFO - HTTP Request: POST https://generativelanguage.googleapis.com/v1beta/models/gemini-2.5-pro:generateContent "HTTP/1.1 200 OK"
2026-09-01 02:09:04,633 - INFO - HTTP Request: POST https://generativelanguage.googleapis.com/v1beta/models/gemini-2.5-pro:generateContent "HTTP/1.1 200 OK"
2026-09-01 02:09:05,348 - INFO - HTTP Request: POST https://generativelanguage.googleapis.com/v1beta/models/gemini-2.5-pro:generateContent "HTTP/1.1 200 OK"
2026-09-01 02:09:05,846 - INFO - HTTP Request: POST https://generativelanguage.googleapis.com/v1beta/models/gemini-2.5-pro:generateContent "HTTP/1.1 200 OK"
2026-09-01 02:09:07,123 - INFO - HTTP Request: POST https://generativelanguage.googleapis.com/v1beta/models/gemini-2.5-pro:generateContent "HTTP/1.1 200 OK"
2026-09-01 02:09:07,999 - INFO - HTTP Request: POST https://generativelanguage.googleapis.com/v1beta/models/gemini-2.5-pro:generateContent "HTTP/1.1 200 OK"
2026-09-01 02:09:08,466 - INFO - HTTP Request: POST https://generativelanguage.googleapis.com/v1beta/models/gemini-2.5-pro:generateContent "HTTP/1.1 200 OK"
2026-09-01 02:09:09,857 - INFO - HTTP Request: POST https://generativelanguage.googleapis.com/v1beta/models/gemini-2.5-pro:generateContent "HTTP/1.1 200 OK"
2026-09-01 02:09:10,930 - INFO - HTTP Request: POST https://generativelanguage.googleapis.com/v1beta/models/gemini-2.5-pro:generateContent "HTTP/1.1 200 OK"
2026-09-01 02:09:11,126 - INFO - HTTP Request: POST https://generativelanguage.googleapis.com/v1beta/models/gemini-2.5-pro:generateContent "HTTP/1.1 200 OK"
2026-09-01 02:09:14,506 - INFO - HTTP Request: POST https://generativelanguage.googleapis.com/v1beta/models/gemini-2.5-pro:generateContent "HTTP/1.1 200 OK"
2026-09-01 02:09:15,995 - INFO - HTTP Request: POST https://generativelanguage.googleapis.com/v1beta/models/gemini-2.5-pro:generateContent "HTTP/1.1 200 OK"
2026-09-01 02:09:18,885 - INFO - HTTP Request: POST https://generativelanguage.googleapis.com/v1beta/models/gemini-2.5-pro:generateContent "HTTP/1.1 200 OK"
2026-09-01 02:09:22,795 - INFO - HTTP Request: POST https://generativelanguage.googleapis.com/v1beta/models/gemini-2.5-pro:generateContent "HTTP/1.1 200 OK"
2026-09-01 02:09:28,709 - INFO - HTTP Request: POST https://generativelanguage.googleapis.com/v1beta/models/gemini-2.5-pro:generateContent "HTTP/1.1 200 OK"
2026-09-01 02:09:39,065 - INFO - HTTP Request: POST https://generativelanguage.googleapis.com/v1beta/models/gemini-2.5-pro:generateContent "HTTP/1.1 200 OK"
2026-09-01 02:09:39,079 - INFO - [CZ] Waiting 10.0s before next Agent 1 window…
2026-09-01 02:09:49,082 - INFO - [CZ] Agent 1 window 150-179 (30 batches)
2026-09-01 02:09:49,181 - INFO - AFC is enabled with max remote calls: 10.
2026-09-01 02:09:49,186 - INFO - AFC is enabled with max remote calls: 10.
2026-09-01 02:09:49,187 - INFO - AFC is enabled with max remote calls: 10.
2026-09-01 02:09:49,189 - INFO - AFC is enabled with max remote calls: 10.
2026-09-01 02:09:49,190 - INFO - AFC is enabled with max remote calls: 10.
2026-09-01 02:09:49,193 - INFO - AFC is enabled with max remote calls: 10.
2026-09-01 02:09:49,194 - INFO - AFC is enabled with max remote calls: 10.
2026-09-01 02:09:49,195 - INFO - AFC is enabled with max remote calls: 10.
2026-09-01 02:09:49,197 - INFO - AFC is enabled with max remote calls: 10.
2026-09-01 02:09:49,198 - INFO - AFC is enabled with max remote calls: 10.
2026-09-01 02:09:49,200 - INFO - AFC is enabled with max remote calls: 10.
2026-09-01 02:09:49,201 - INFO - AFC is enabled with max remote calls: 10.
2026-09-01 02:09:49,203 - INFO - AFC is enabled with max remote calls: 10.
2026-09-01 02:09:49,204 - INFO - AFC is enabled with max remote calls: 10.
2026-09-01 02:09:49,206 - INFO - AFC is enabled with max remote calls: 10.
2026-09-01 02:09:49,218 - INFO - AFC is enabled with max remote calls: 10.
2026-09-01 02:09:49,221 - INFO - AFC is enabled with max remote calls: 10.
2026-09-01 02:09:49,222 - INFO - AFC is enabled with max remote calls: 10.
2026-09-01 02:09:49,226 - INFO - AFC is enabled with max remote calls: 10.
2026-09-01 02:09:49,228 - INFO - AFC is enabled with max remote calls: 10.
2026-09-01 02:09:49,233 - INFO - AFC is enabled with max remote calls: 10.
2026-09-01 02:09:49,238 - INFO - AFC is enabled with max remote calls: 10.
2026-09-01 02:09:49,242 - INFO - AFC is enabled with max remote calls: 10.
2026-09-01 02:09:49,245 - INFO - AFC is enabled with max remote calls: 10.
2026-09-01 02:09:49,247 - INFO - AFC is enabled with max remote calls: 10.
2026-09-01 02:09:49,248 - INFO - AFC is enabled with max remote calls: 10.
2026-09-01 02:09:49,249 - INFO - AFC is enabled with max remote calls: 10.
2026-09-01 02:09:49,250 - INFO - AFC is enabled with max remote calls: 10.
2026-09-01 02:09:49,251 - INFO - AFC is enabled with max remote calls: 10.
2026-09-01 02:09:49,251 - INFO - AFC is enabled with max remote calls: 10.
2026-09-01 02:10:04,815 - INFO - HTTP Request: POST https://generativelanguage.googleapis.com/v1beta/models/gemini-2.5-pro:generateContent "HTTP/1.1 200 OK"
2026-09-01 02:10:06,267 - INFO - HTTP Request: POST https://generativelanguage.googleapis.com/v1beta/models/gemini-2.5-pro:generateContent "HTTP/1.1 200 OK"
2026-09-01 02:10:06,835 - INFO - HTTP Request: POST https://generativelanguage.googleapis.com/v1beta/models/gemini-2.5-pro:generateContent "HTTP/1.1 200 OK"
2026-09-01 02:10:07,290 - INFO - HTTP Request: POST https://generativelanguage.googleapis.com/v1beta/models/gemini-2.5-pro:generateContent "HTTP/1.1 200 OK"
2026-09-01 02:10:09,329 - INFO - HTTP Request: POST https://generativelanguage.googleapis.com/v1beta/models/gemini-2.5-pro:generateContent "HTTP/1.1 200 OK"
2026-09-01 02:10:10,657 - INFO - HTTP Request: POST https://generativelanguage.googleapis.com/v1beta/models/gemini-2.5-pro:generateContent "HTTP/1.1 200 OK"
2026-09-01 02:10:11,397 - INFO - HTTP Request: POST https://generativelanguage.googleapis.com/v1beta/models/gemini-2.5-pro:generateContent "HTTP/1.1 200 OK"
2026-09-01 02:10:11,461 - INFO - HTTP Request: POST https://generativelanguage.googleapis.com/v1beta/models/gemini-2.5-pro:generateContent "HTTP/1.1 200 OK"
2026-09-01 02:10:14,075 - INFO - HTTP Request: POST https://generativelanguage.googleapis.com/v1beta/models/gemini-2.5-pro:generateContent "HTTP/1.1 200 OK"
2026-09-01 02:10:14,378 - INFO - HTTP Request: POST https://generativelanguage.googleapis.com/v1beta/models/gemini-2.5-pro:generateContent "HTTP/1.1 200 OK"
2026-09-01 02:10:15,021 - INFO - HTTP Request: POST https://generativelanguage.googleapis.com/v1beta/models/gemini-2.5-pro:generateContent "HTTP/1.1 200 OK"
2026-09-01 02:10:15,262 - INFO - HTTP Request: POST https://generativelanguage.googleapis.com/v1beta/models/gemini-2.5-pro:generateContent "HTTP/1.1 200 OK"
2026-09-01 02:10:17,117 - INFO - HTTP Request: POST https://generativelanguage.googleapis.com/v1beta/models/gemini-2.5-pro:generateContent "HTTP/1.1 200 OK"
2026-09-01 02:10:20,857 - INFO - HTTP Request: POST https://generativelanguage.googleapis.com/v1beta/models/gemini-2.5-pro:generateContent "HTTP/1.1 200 OK"
2026-09-01 02:10:21,668 - INFO - HTTP Request: POST https://generativelanguage.googleapis.com/v1beta/models/gemini-2.5-pro:generateContent "HTTP/1.1 200 OK"
2026-09-01 02:10:21,966 - INFO - HTTP Request: POST https://generativelanguage.googleapis.com/v1beta/models/gemini-2.5-pro:generateContent "HTTP/1.1 200 OK"
2026-09-01 02:10:24,344 - INFO - HTTP Request: POST https://generativelanguage.googleapis.com/v1beta/models/gemini-2.5-pro:generateContent "HTTP/1.1 200 OK"
2026-09-01 02:10:24,793 - INFO - HTTP Request: POST https://generativelanguage.googleapis.com/v1beta/models/gemini-2.5-pro:generateContent "HTTP/1.1 200 OK"
2026-09-01 02:10:25,187 - INFO - HTTP Request: POST https://generativelanguage.googleapis.com/v1beta/models/gemini-2.5-pro:generateContent "HTTP/1.1 200 OK"
2026-09-01 02:10:27,324 - INFO - HTTP Request: POST https://generativelanguage.googleapis.com/v1beta/models/gemini-2.5-pro:generateContent "HTTP/1.1 200 OK"
2026-09-01 02:10:27,678 - INFO - HTTP Request: POST https://generativelanguage.googleapis.com/v1beta/models/gemini-2.5-pro:generateContent "HTTP/1.1 200 OK"
2026-09-01 02:10:28,870 - INFO - HTTP Request: POST https://generativelanguage.googleapis.com/v1beta/models/gemini-2.5-pro:generateContent "HTTP/1.1 200 OK"
2026-09-01 02:10:29,740 - INFO - HTTP Request: POST https://generativelanguage.googleapis.com/v1beta/models/gemini-2.5-pro:generateContent "HTTP/1.1 200 OK"
2026-09-01 02:10:30,441 - INFO - HTTP Request: POST https://generativelanguage.googleapis.com/v1beta/models/gemini-2.5-pro:generateContent "HTTP/1.1 200 OK"
2026-09-01 02:10:33,206 - INFO - HTTP Request: POST https://generativelanguage.googleapis.com/v1beta/models/gemini-2.5-pro:generateContent "HTTP/1.1 200 OK"
2026-09-01 02:10:33,961 - INFO - HTTP Request: POST https://generativelanguage.googleapis.com/v1beta/models/gemini-2.5-pro:generateContent "HTTP/1.1 200 OK"
2026-09-01 02:10:35,382 - INFO - HTTP Request: POST https://generativelanguage.googleapis.com/v1beta/models/gemini-2.5-pro:generateContent "HTTP/1.1 200 OK"
2026-09-01 02:10:35,816 - INFO - HTTP Request: POST https://generativelanguage.googleapis.com/v1beta/models/gemini-2.5-pro:generateContent "HTTP/1.1 200 OK"
2026-09-01 02:10:36,245 - INFO - HTTP Request: POST https://generativelanguage.googleapis.com/v1beta/models/gemini-2.5-pro:generateContent "HTTP/1.1 200 OK"
2026-09-01 02:10:37,018 - INFO - HTTP Request: POST https://generativelanguage.googleapis.com/v1beta/models/gemini-2.5-pro:generateContent "HTTP/1.1 200 OK"
2026-09-01 02:10:37,021 - INFO - [CZ] Waiting 10.0s before next Agent 1 window…
2026-09-01 02:10:47,026 - INFO - [CZ] Agent 1 window 180-209 (30 batches)
2026-09-01 02:10:47,114 - INFO - AFC is enabled with max remote calls: 10.
2026-09-01 02:10:47,117 - INFO - AFC is enabled with max remote calls: 10.
2026-09-01 02:10:47,119 - INFO - AFC is enabled with max remote calls: 10.
2026-09-01 02:10:47,120 - INFO - AFC is enabled with max remote calls: 10.
2026-09-01 02:10:47,122 - INFO - AFC is enabled with max remote calls: 10.
2026-09-01 02:10:47,125 - INFO - AFC is enabled with max remote calls: 10.
2026-09-01 02:10:47,126 - INFO - AFC is enabled with max remote calls: 10.
2026-09-01 02:10:47,127 - INFO - AFC is enabled with max remote calls: 10.
2026-09-01 02:10:47,129 - INFO - AFC is enabled with max remote calls: 10.
2026-09-01 02:10:47,130 - INFO - AFC is enabled with max remote calls: 10.
2026-09-01 02:10:47,131 - INFO - AFC is enabled with max remote calls: 10.
2026-09-01 02:10:47,132 - INFO - AFC is enabled with max remote calls: 10.
2026-09-01 02:10:47,133 - INFO - AFC is enabled with max remote calls: 10.
2026-09-01 02:10:47,135 - INFO - AFC is enabled with max remote calls: 10.
2026-09-01 02:10:47,136 - INFO - AFC is enabled with max remote calls: 10.
2026-09-01 02:10:47,147 - INFO - AFC is enabled with max remote calls: 10.
2026-09-01 02:10:47,149 - INFO - AFC is enabled with max remote calls: 10.
2026-09-01 02:10:47,150 - INFO - AFC is enabled with max remote calls: 10.
2026-09-01 02:10:47,152 - INFO - AFC is enabled with max remote calls: 10.
2026-09-01 02:10:47,153 - INFO - AFC is enabled with max remote calls: 10.
2026-09-01 02:10:47,154 - INFO - AFC is enabled with max remote calls: 10.
2026-09-01 02:10:47,155 - INFO - AFC is enabled with max remote calls: 10.
2026-09-01 02:10:47,156 - INFO - AFC is enabled with max remote calls: 10.
2026-09-01 02:10:47,158 - INFO - AFC is enabled with max remote calls: 10.
2026-09-01 02:10:47,159 - INFO - AFC is enabled with max remote calls: 10.
2026-09-01 02:10:47,161 - INFO - AFC is enabled with max remote calls: 10.
2026-09-01 02:10:47,162 - INFO - AFC is enabled with max remote calls: 10.
2026-09-01 02:10:47,163 - INFO - AFC is enabled with max remote calls: 10.
2026-09-01 02:10:47,164 - INFO - AFC is enabled with max remote calls: 10.
2026-09-01 02:10:47,165 - INFO - AFC is enabled with max remote calls: 10.
2026-09-01 02:11:04,839 - INFO - HTTP Request: POST https://generativelanguage.googleapis.com/v1beta/models/gemini-2.5-pro:generateContent "HTTP/1.1 200 OK"
2026-09-01 02:11:08,462 - INFO - HTTP Request: POST https://generativelanguage.googleapis.com/v1beta/models/gemini-2.5-pro:generateContent "HTTP/1.1 200 OK"
2026-09-01 02:11:08,712 - INFO - HTTP Request: POST https://generativelanguage.googleapis.com/v1beta/models/gemini-2.5-pro:generateContent "HTTP/1.1 200 OK"
2026-09-01 02:11:09,274 - INFO - HTTP Request: POST https://generativelanguage.googleapis.com/v1beta/models/gemini-2.5-pro:generateContent "HTTP/1.1 200 OK"
2026-09-01 02:11:09,534 - INFO - HTTP Request: POST https://generativelanguage.googleapis.com/v1beta/models/gemini-2.5-pro:generateContent "HTTP/1.1 200 OK"
2026-09-01 02:11:09,593 - INFO - HTTP Request: POST https://generativelanguage.googleapis.com/v1beta/models/gemini-2.5-pro:generateContent "HTTP/1.1 200 OK"
2026-09-01 02:11:10,218 - INFO - HTTP Request: POST https://generativelanguage.googleapis.com/v1beta/models/gemini-2.5-pro:generateContent "HTTP/1.1 200 OK"
2026-09-01 02:11:10,287 - INFO - HTTP Request: POST https://generativelanguage.googleapis.com/v1beta/models/gemini-2.5-pro:generateContent "HTTP/1.1 200 OK"
2026-09-01 02:11:11,822 - INFO - HTTP Request: POST https://generativelanguage.googleapis.com/v1beta/models/gemini-2.5-pro:generateContent "HTTP/1.1 200 OK"
2026-09-01 02:11:12,326 - INFO - HTTP Request: POST https://generativelanguage.googleapis.com/v1beta/models/gemini-2.5-pro:generateContent "HTTP/1.1 200 OK"
2026-09-01 02:11:13,861 - INFO - HTTP Request: POST https://generativelanguage.googleapis.com/v1beta/models/gemini-2.5-pro:generateContent "HTTP/1.1 200 OK"
2026-09-01 02:11:13,977 - INFO - HTTP Request: POST https://generativelanguage.googleapis.com/v1beta/models/gemini-2.5-pro:generateContent "HTTP/1.1 200 OK"
2026-09-01 02:11:14,879 - INFO - HTTP Request: POST https://generativelanguage.googleapis.com/v1beta/models/gemini-2.5-pro:generateContent "HTTP/1.1 200 OK"
2026-09-01 02:11:16,145 - INFO - HTTP Request: POST https://generativelanguage.googleapis.com/v1beta/models/gemini-2.5-pro:generateContent "HTTP/1.1 200 OK"
2026-09-01 02:11:17,246 - INFO - HTTP Request: POST https://generativelanguage.googleapis.com/v1beta/models/gemini-2.5-pro:generateContent "HTTP/1.1 200 OK"
2026-09-01 02:11:17,650 - INFO - HTTP Request: POST https://generativelanguage.googleapis.com/v1beta/models/gemini-2.5-pro:generateContent "HTTP/1.1 200 OK"
2026-09-01 02:11:17,657 - INFO - HTTP Request: POST https://generativelanguage.googleapis.com/v1beta/models/gemini-2.5-pro:generateContent "HTTP/1.1 200 OK"
2026-09-01 02:11:18,980 - INFO - HTTP Request: POST https://generativelanguage.googleapis.com/v1beta/models/gemini-2.5-pro:generateContent "HTTP/1.1 200 OK"
2026-09-01 02:11:19,308 - INFO - HTTP Request: POST https://generativelanguage.googleapis.com/v1beta/models/gemini-2.5-pro:generateContent "HTTP/1.1 200 OK"
2026-09-01 02:11:20,731 - INFO - HTTP Request: POST https://generativelanguage.googleapis.com/v1beta/models/gemini-2.5-pro:generateContent "HTTP/1.1 200 OK"
2026-09-01 02:11:21,848 - INFO - HTTP Request: POST https://generativelanguage.googleapis.com/v1beta/models/gemini-2.5-pro:generateContent "HTTP/1.1 200 OK"
2026-09-01 02:11:21,856 - INFO - HTTP Request: POST https://generativelanguage.googleapis.com/v1beta/models/gemini-2.5-pro:generateContent "HTTP/1.1 200 OK"
2026-09-01 02:11:24,335 - INFO - HTTP Request: POST https://generativelanguage.googleapis.com/v1beta/models/gemini-2.5-pro:generateContent "HTTP/1.1 200 OK"
2026-09-01 02:11:27,065 - INFO - HTTP Request: POST https://generativelanguage.googleapis.com/v1beta/models/gemini-2.5-pro:generateContent "HTTP/1.1 200 OK"
2026-09-01 02:11:27,111 - INFO - HTTP Request: POST https://generativelanguage.googleapis.com/v1beta/models/gemini-2.5-pro:generateContent "HTTP/1.1 200 OK"
2026-09-01 02:11:27,622 - INFO - HTTP Request: POST https://generativelanguage.googleapis.com/v1beta/models/gemini-2.5-pro:generateContent "HTTP/1.1 200 OK"
2026-09-01 02:11:29,848 - INFO - HTTP Request: POST https://generativelanguage.googleapis.com/v1beta/models/gemini-2.5-pro:generateContent "HTTP/1.1 200 OK"
2026-09-01 02:11:30,988 - INFO - HTTP Request: POST https://generativelanguage.googleapis.com/v1beta/models/gemini-2.5-pro:generateContent "HTTP/1.1 200 OK"
2026-09-01 02:11:41,263 - INFO - HTTP Request: POST https://generativelanguage.googleapis.com/v1beta/models/gemini-2.5-pro:generateContent "HTTP/1.1 200 OK"
2026-09-01 02:11:57,703 - INFO - HTTP Request: POST https://generativelanguage.googleapis.com/v1beta/models/gemini-2.5-pro:generateContent "HTTP/1.1 200 OK"
2026-09-01 02:11:57,713 - INFO - [CZ] Waiting 10.0s before next Agent 1 window…
2026-09-01 02:12:07,719 - INFO - [CZ] Agent 1 window 210-239 (30 batches)
2026-09-01 02:12:07,790 - INFO - AFC is enabled with max remote calls: 10.
2026-09-01 02:12:07,800 - INFO - AFC is enabled with max remote calls: 10.
2026-09-01 02:12:07,803 - INFO - AFC is enabled with max remote calls: 10.
2026-09-01 02:12:07,805 - INFO - AFC is enabled with max remote calls: 10.
2026-09-01 02:12:07,807 - INFO - AFC is enabled with max remote calls: 10.
2026-09-01 02:12:07,809 - INFO - AFC is enabled with max remote calls: 10.
2026-09-01 02:12:07,811 - INFO - AFC is enabled with max remote calls: 10.
2026-09-01 02:12:07,813 - INFO - AFC is enabled with max remote calls: 10.
2026-09-01 02:12:07,814 - INFO - AFC is enabled with max remote calls: 10.
2026-09-01 02:12:07,816 - INFO - AFC is enabled with max remote calls: 10.
2026-09-01 02:12:07,818 - INFO - AFC is enabled with max remote calls: 10.
2026-09-01 02:12:07,820 - INFO - AFC is enabled with max remote calls: 10.
2026-09-01 02:12:07,822 - INFO - AFC is enabled with max remote calls: 10.
2026-09-01 02:12:07,823 - INFO - AFC is enabled with max remote calls: 10.
2026-09-01 02:12:07,827 - INFO - AFC is enabled with max remote calls: 10.
2026-09-01 02:12:07,836 - INFO - AFC is enabled with max remote calls: 10.
2026-09-01 02:12:07,843 - INFO - AFC is enabled with max remote calls: 10.
2026-09-01 02:12:07,846 - INFO - AFC is enabled with max remote calls: 10.
2026-09-01 02:12:07,848 - INFO - AFC is enabled with max remote calls: 10.
2026-09-01 02:12:07,850 - INFO - AFC is enabled with max remote calls: 10.
2026-09-01 02:12:07,853 - INFO - AFC is enabled with max remote calls: 10.
2026-09-01 02:12:07,855 - INFO - AFC is enabled with max remote calls: 10.
2026-09-01 02:12:07,858 - INFO - AFC is enabled with max remote calls: 10.
2026-09-01 02:12:07,861 - INFO - AFC is enabled with max remote calls: 10.
2026-09-01 02:12:07,863 - INFO - AFC is enabled with max remote calls: 10.
2026-09-01 02:12:07,864 - INFO - AFC is enabled with max remote calls: 10.
2026-09-01 02:12:07,867 - INFO - AFC is enabled with max remote calls: 10.
2026-09-01 02:12:07,869 - INFO - AFC is enabled with max remote calls: 10.
2026-09-01 02:12:07,871 - INFO - AFC is enabled with max remote calls: 10.
2026-09-01 02:12:07,874 - INFO - AFC is enabled with max remote calls: 10.
2026-09-01 02:12:21,503 - INFO - HTTP Request: POST https://generativelanguage.googleapis.com/v1beta/models/gemini-2.5-pro:generateContent "HTTP/1.1 200 OK"
2026-09-01 02:12:27,505 - INFO - HTTP Request: POST https://generativelanguage.googleapis.com/v1beta/models/gemini-2.5-pro:generateContent "HTTP/1.1 200 OK"
2026-09-01 02:12:27,941 - INFO - HTTP Request: POST https://generativelanguage.googleapis.com/v1beta/models/gemini-2.5-pro:generateContent "HTTP/1.1 200 OK"
2026-09-01 02:12:29,629 - INFO - HTTP Request: POST https://generativelanguage.googleapis.com/v1beta/models/gemini-2.5-pro:generateContent "HTTP/1.1 200 OK"
2026-09-01 02:12:30,666 - INFO - HTTP Request: POST https://generativelanguage.googleapis.com/v1beta/models/gemini-2.5-pro:generateContent "HTTP/1.1 200 OK"
2026-09-01 02:12:32,254 - INFO - HTTP Request: POST https://generativelanguage.googleapis.com/v1beta/models/gemini-2.5-pro:generateContent "HTTP/1.1 200 OK"
2026-09-01 02:12:32,885 - INFO - HTTP Request: POST https://generativelanguage.googleapis.com/v1beta/models/gemini-2.5-pro:generateContent "HTTP/1.1 200 OK"
2026-09-01 02:12:33,009 - INFO - HTTP Request: POST https://generativelanguage.googleapis.com/v1beta/models/gemini-2.5-pro:generateContent "HTTP/1.1 200 OK"
2026-09-01 02:12:33,467 - INFO - HTTP Request: POST https://generativelanguage.googleapis.com/v1beta/models/gemini-2.5-pro:generateContent "HTTP/1.1 200 OK"
2026-09-01 02:12:35,373 - INFO - HTTP Request: POST https://generativelanguage.googleapis.com/v1beta/models/gemini-2.5-pro:generateContent "HTTP/1.1 200 OK"
2026-09-01 02:12:35,619 - INFO - HTTP Request: POST https://generativelanguage.googleapis.com/v1beta/models/gemini-2.5-pro:generateContent "HTTP/1.1 200 OK"
2026-09-01 02:12:35,742 - INFO - HTTP Request: POST https://generativelanguage.googleapis.com/v1beta/models/gemini-2.5-pro:generateContent "HTTP/1.1 200 OK"
2026-09-01 02:12:39,841 - INFO - HTTP Request: POST https://generativelanguage.googleapis.com/v1beta/models/gemini-2.5-pro:generateContent "HTTP/1.1 200 OK"
2026-09-01 02:12:40,380 - INFO - HTTP Request: POST https://generativelanguage.googleapis.com/v1beta/models/gemini-2.5-pro:generateContent "HTTP/1.1 200 OK"
2026-09-01 02:12:40,439 - INFO - HTTP Request: POST https://generativelanguage.googleapis.com/v1beta/models/gemini-2.5-pro:generateContent "HTTP/1.1 200 OK"
2026-09-01 02:12:40,443 - INFO - HTTP Request: POST https://generativelanguage.googleapis.com/v1beta/models/gemini-2.5-pro:generateContent "HTTP/1.1 200 OK"
2026-09-01 02:12:40,762 - INFO - HTTP Request: POST https://generativelanguage.googleapis.com/v1beta/models/gemini-2.5-pro:generateContent "HTTP/1.1 200 OK"
2026-09-01 02:12:41,012 - INFO - HTTP Request: POST https://generativelanguage.googleapis.com/v1beta/models/gemini-2.5-pro:generateContent "HTTP/1.1 200 OK"
2026-09-01 02:12:41,904 - INFO - HTTP Request: POST https://generativelanguage.googleapis.com/v1beta/models/gemini-2.5-pro:generateContent "HTTP/1.1 200 OK"
2026-09-01 02:12:42,337 - INFO - HTTP Request: POST https://generativelanguage.googleapis.com/v1beta/models/gemini-2.5-pro:generateContent "HTTP/1.1 200 OK"
2026-09-01 02:12:42,345 - INFO - HTTP Request: POST https://generativelanguage.googleapis.com/v1beta/models/gemini-2.5-pro:generateContent "HTTP/1.1 200 OK"
2026-09-01 02:12:42,796 - INFO - HTTP Request: POST https://generativelanguage.googleapis.com/v1beta/models/gemini-2.5-pro:generateContent "HTTP/1.1 200 OK"
2026-09-01 02:12:43,683 - INFO - HTTP Request: POST https://generativelanguage.googleapis.com/v1beta/models/gemini-2.5-pro:generateContent "HTTP/1.1 200 OK"
2026-09-01 02:12:44,908 - INFO - HTTP Request: POST https://generativelanguage.googleapis.com/v1beta/models/gemini-2.5-pro:generateContent "HTTP/1.1 200 OK"
2026-09-01 02:12:45,141 - INFO - HTTP Request: POST https://generativelanguage.googleapis.com/v1beta/models/gemini-2.5-pro:generateContent "HTTP/1.1 200 OK"
2026-09-01 02:12:45,204 - INFO - HTTP Request: POST https://generativelanguage.googleapis.com/v1beta/models/gemini-2.5-pro:generateContent "HTTP/1.1 200 OK"
2026-09-01 02:12:45,456 - INFO - HTTP Request: POST https://generativelanguage.googleapis.com/v1beta/models/gemini-2.5-pro:generateContent "HTTP/1.1 200 OK"
2026-09-01 02:12:45,766 - INFO - HTTP Request: POST https://generativelanguage.googleapis.com/v1beta/models/gemini-2.5-pro:generateContent "HTTP/1.1 200 OK"
2026-09-01 02:12:48,370 - INFO - HTTP Request: POST https://generativelanguage.googleapis.com/v1beta/models/gemini-2.5-pro:generateContent "HTTP/1.1 200 OK"
2026-09-01 02:12:49,574 - INFO - HTTP Request: POST https://generativelanguage.googleapis.com/v1beta/models/gemini-2.5-pro:generateContent "HTTP/1.1 200 OK"
2026-09-01 02:12:49,578 - INFO - [CZ] Waiting 10.0s before next Agent 1 window…
2026-09-01 02:12:59,586 - INFO - [CZ] Agent 1 window 240-249 (10 batches)
2026-09-01 02:12:59,663 - INFO - AFC is enabled with max remote calls: 10.
2026-09-01 02:12:59,665 - INFO - AFC is enabled with max remote calls: 10.
2026-09-01 02:12:59,667 - INFO - AFC is enabled with max remote calls: 10.
2026-09-01 02:12:59,669 - INFO - AFC is enabled with max remote calls: 10.
2026-09-01 02:12:59,670 - INFO - AFC is enabled with max remote calls: 10.
2026-09-01 02:12:59,671 - INFO - AFC is enabled with max remote calls: 10.
2026-09-01 02:12:59,675 - INFO - AFC is enabled with max remote calls: 10.
2026-09-01 02:12:59,676 - INFO - AFC is enabled with max remote calls: 10.
2026-09-01 02:12:59,678 - INFO - AFC is enabled with max remote calls: 10.
2026-09-01 02:12:59,679 - INFO - AFC is enabled with max remote calls: 10.
2026-09-01 02:13:19,256 - INFO - HTTP Request: POST https://generativelanguage.googleapis.com/v1beta/models/gemini-2.5-pro:generateContent "HTTP/1.1 200 OK"
2026-09-01 02:13:22,081 - INFO - HTTP Request: POST https://generativelanguage.googleapis.com/v1beta/models/gemini-2.5-pro:generateContent "HTTP/1.1 200 OK"
2026-09-01 02:13:24,818 - INFO - HTTP Request: POST https://generativelanguage.googleapis.com/v1beta/models/gemini-2.5-pro:generateContent "HTTP/1.1 200 OK"
2026-09-01 02:13:26,850 - INFO - HTTP Request: POST https://generativelanguage.googleapis.com/v1beta/models/gemini-2.5-pro:generateContent "HTTP/1.1 200 OK"
2026-09-01 02:13:27,230 - INFO - HTTP Request: POST https://generativelanguage.googleapis.com/v1beta/models/gemini-2.5-pro:generateContent "HTTP/1.1 200 OK"
2026-09-01 02:13:28,734 - INFO - HTTP Request: POST https://generativelanguage.googleapis.com/v1beta/models/gemini-2.5-pro:generateContent "HTTP/1.1 200 OK"
2026-09-01 02:13:29,131 - INFO - HTTP Request: POST https://generativelanguage.googleapis.com/v1beta/models/gemini-2.5-pro:generateContent "HTTP/1.1 200 OK"
2026-09-01 02:13:31,165 - INFO - HTTP Request: POST https://generativelanguage.googleapis.com/v1beta/models/gemini-2.5-pro:generateContent "HTTP/1.1 200 OK"
2026-09-01 02:13:39,073 - INFO - HTTP Request: POST https://generativelanguage.googleapis.com/v1beta/models/gemini-2.5-pro:generateContent "HTTP/1.1 200 OK"
2026-09-01 02:13:41,567 - INFO - HTTP Request: POST https://generativelanguage.googleapis.com/v1beta/models/gemini-2.5-pro:generateContent "HTTP/1.1 200 OK"
2026-09-01 02:13:41,578 - INFO - [A2][CZ][2026-2027-cz-car-hire-city-06__0001] SYSTEM PROMPT (first batch only):
# ROLE & MISSION

You are an **Expert Technical LQA Auditor — Validator (Final Pass)**. Your mission is to review the localized content **together with a draft JSON report of findings** and return a **final, clean JSON report** that:

* **Keeps only valid, objective, rule-based errors**;
* **Corrects categories, severities, and score mappings** where needed;
* **Adds a missed error only when it is *clear, objective, and within scope*** (see *Additions Policy*);
* **Preserves the exact JSON schema** used by the LQA pipeline.

You return the **final report as if you authored it from scratch**. Do **not** comment on previous reviewers/agents, and do **not** include explanatory prose. Your output is the **single JSON object only**.

This prompt is used across multiple languages. A locale-specific instruction pack is auto-injected. **These instructions are your highest authority and override any general rules in this document where they differ.**

You will receive a `Topic Name` for each batch (e.g., a route or travel topic). Use it as context and **do not flag hardcoded city/route mentions as errors when they match the Topic Name** (destination/from cities already specified by the topic are not mistakes).

---

## PROJECT-SPECIFIC EXCLUSIONS (HIGHEST PRIORITY)

Do **not** keep, add, or correct findings about names, cities/place names, car-rental providers, or car models/types merely because they are not localized or remain in another language/alphabet. The agency will handle them. Preserve them exactly in `updated_sentence` and `corrected_content`. Keep only an independent objective error that is not based on localization or script.

---

## THE PRIME DIRECTIVE: OBJECTIVITY OVER PREFERENCE

Your role is to enforce objectivity and consistency:

**✅ KEEP (Objective & Actionable Issues Only)**

* **Grammar:** Agreement, case, tense, government, prepositions **that alter meaning**.
* **Punctuation/Spelling/Typos:** Typos/diacritics; locale punctuation rules (e.g., FR NBSP before `: ; ? !`, DE „…“ quotes).
* **Compliance:** Glossary/brand/register violations that are **explicitly mandated**; mandated units/currency formatting; required conversions.
* **Accuracy:** Internal contradictions, wrong numbers, mistranslation that changes meaning, **wrong currency for location**.
* **Severe Clarity:** Run‑ons/structures that **objectively** hinder comprehension.
* **SEO paragraph segmentation:** A single SEO/editorial body paragraph that packs multiple distinct ideas and is objectively hard to scan — keep/add as **Style** with a split fix. Not for synonym preference.

**❌ DISCARD (Subjective or Out of Scope)**

* "Awkward/natural/flow" without a rule violation.
* Synonyms/paraphrases that keep the same meaning.
* Content improvements beyond the provided text.
* External fact corrections (laws/limits/prices) unless the text **internally contradicts itself** or `lang instructions` requires a specific presentation.

---

## **TERMS / GLOSSARY HANDLING (IMPORTANT)**

* Treat key terms/keywords as **reference**, not rigid commands. **Case‑insensitive** by default; morphology allowed.
* Enforce a term as **Compliance** only when **explicitly mandatory** (or for brands/proper names). Do **not** impose Title Case just because the list shows a capitalized entry.
* **Do not rename brands.** If uncertain, adjust only casing/spacing or remove the finding.


---

## LANGUAGE‑AGNOSTIC CATEGORIZATION RULES

1. **No external fact‑checking**

   * Do **not** verify laws, limits, or prices with outside knowledge. Use **Accuracy** only for **internal contradictions**, **mistranslations**, or **objective numeric/format errors** visible in the text.
   * Missing metric↔imperial conversion or required primary unit for the locale → **Compliance**.

2. **Brand / Proper‑noun rules are Compliance**

   * Misspelling, wrong casing, spacing of official names → **Compliance** (not Punctuation).
   * Examples: *star car → starcar* (DE), *yalla → Yalla* (pt‑BR), *Rental plus → Rental Plus* (NL).

3. **Currency: what vs how**

   * **What** currency is used for the location (e.g., £ in California) → **Accuracy** (Major).
   * **How** it is formatted/spaced/symbol order → **Compliance** per locale.

4. **Headings & typography**

   * Punctuation in headings (e.g., stray period) → **Punctuation/Spelling/Typos**.
   * Locale‑specific quotes/spaces/diacritics → **Punctuation/Spelling/Typos**.
   * Do **not** force Title Case unless `lang instructions` explicitly mandates it.

5. **Clarity vs preference**

   * Use **Style** only for **objective readability breakdowns** (run‑ons, tangled structure, ambiguous segmentation, or SEO body paragraphs that objectively pack multiple distinct ideas and must be split). Do **not** use Style for “sounds nicer”.

---

## **ADDITIONS POLICY (WHEN MAY YOU ADD A NEW ERROR?)**
Your default is to **validate and prune**. Add a new finding **only if ALL** are true:

1. The error is **clear, objective, and high‑confidence**;
2. It is **within scope** of allowed categories and `CZ_instructions`;
3. It has **material impact** (Minor/Major/Critical as per ladder) and is not preferential;
4. The **updated\_sentence** applies a **minimal fix** (no creative rewrite or new facts);
5. **No brand renames**: you **may not** invent or substitute a brand name. Only correct brand spelling if it’s in the glossary/terms or is an obvious simple typo of a known brand. Otherwise, restrict to casing/spacing or omit.

If any condition is doubtful, **do not add**. Prefer under‑addition to over‑flagging.


---

## DE‑DUPLICATION & MINIMAL FIX

* **De‑duplication:** If the same **rule** is violated repeatedly in a contiguous pattern, keep **one representative instance**. In `issue`, note: *“Pattern repeats in similar sentences.”*
* **Minimal change principle:** `updated_sentence` must apply **only** the fix needed for the error. Do not rephrase unrelated parts, change mood/voice/wording, or introduce new content.

---

## SCOPE OF QA (ERROR CATEGORIES)

Use one of the following exact labels for `type_of_issue`.

1. **AI-issues**

   * **Hallucination:** Fabricated content presented as fact **within the text**.
   * **Bias / Cultural Sensitivity:** Offensive, biased, or culturally insensitive content.

2. **Style**

   * **Definition:** Clarity/readability issues that **objectively** hinder comprehension (run‑ons, tangled structure, ambiguous segmentation).
   * **Do not use for:** Preferred phrasings or cosmetic rewrites.

3. **Accuracy**

   * **Definition:** Semantic fidelity or numeric correctness **within the provided text**.
   * **Use for:** Mistranslation altering meaning; internal contradictions; wrong numbers/arithmetic; **wrong currency for location**.
   * **Do not use for:** External fact‑checking (laws/speed limits/prices not contradicted by the text).

4. **Compliance**

   * **Definition:** Violations of glossary/brand/locale rules or mandated presentation.
   * **Use for:** Brand/proper‑noun casing; unit presentation & required conversions; currency **formatting** rules; register required by `lang instructions`.

5. **Grammar**

   * **Definition:** Morphology/syntax agreement and government errors.
   * **Examples:** Case errors; agreement; required repetition in parallel lists.

6. **Punctuation/Spelling/Typos**

   * **Definition:** Orthography, diacritics, locale punctuation/spacing, stray characters.
   * **Examples:** Double spaces; FR NBSP; heading stray period.

---

## SEVERITY LEVELS & DECISION LADDER

Map severity to points exactly (Minor=1, Major=3, Critical=25):

**Critical (25)** – Safety/legal risk, offensive bias, or fabricated claims **within the text** that could dangerously mislead.

**Major (3)** – Errors that change meaning or materially impair comprehension (mistranslation; missing mandated conversion in a metric locale; wrong currency for location; run‑on that creates ambiguity).

**Minor (1)** – Objective errors not blocking understanding (typos; locale spaces/quotes; heading with stray period; non‑blocking agreement/casing/commas per locale rules).

**Decision Ladder**

1. Policy/safety/offense? → **Critical**.
2. Misleads/changes meaning/blocks understanding? → **Major**.
3. Otherwise objective correctness/formatting breaches → **Minor**.
4. If purely preferential → **Remove**.

---

## Lang‑SPECIFIC RULES

# Czech (cs-CZ) Style Guide for Skyscanner

## Critical requirements
- Use a friendly but formal V-form consistently. Write `vám`, `váš`, and `vás` in lowercase except at the start of a sentence.
- Prefer gender-neutral wording. Use slash forms only when no clear neutral alternative exists.
- Helpful > geeky > playful. Keep language direct, active, concise, and free of corporate jargon.
- The global project-specific exclusion in the master prompt takes priority over any geo-name guidance.

## Language and typography
- Use Czech quotation marks `„…“` and the ellipsis character `…`. Avoid excessive exclamation marks.
- Use sentence case for headings and CTAs. Days and months are lowercase.
- Use a non-breaking space where Czech requires it: between a number and unit or percent sign, in large numbers, and after a one-letter preposition. Never output the literal text `&nbsp;`.
- Write dates as `12. května 2025` or `12. 5. 2025` according to context.
- Keep list punctuation and capitalization consistent.

## Technical content
- Use short, active imperative CTAs in the formal register.
- Preserve placeholders, variables, tags, numbers, and product tokens exactly.
- Do not duplicate `letiště` when the source airport name already contains it.
- Keep Skyscanner unchanged; ordinary Czech inflection is acceptable only when grammatically required.

## Content and compliance
- Use natural SEO language; no keyword stuffing or preference-only rewrites.
- Do not externally fact-check laws, prices, limits, or policies.
- Do not claim Skyscanner provides discounts; keep price/offer wording neutral.
- Use “best” only with a supplied measurable basis. Avoid absolute sustainability or green claims.



---

## OUTPUT JSON CONTRACT (RETURN THIS OBJECT ONLY)

Return a **single, valid JSON object** using the exact schema below. Do **not** add any explanatory text.

```json
{
  "review_findings": [
    {
      "text": "<The full, original sentence or text snippet containing the error>",
      "issue": "<A concise, one-sentence description of the objective error.>",
      "type_of_issue": "<Must be one of: AI-issues, Style, Accuracy, Compliance, Grammar, Punctuation/Spelling/Typos>",
      "solution": "<A brief, actionable instruction for the fix.>",
      "updated_sentence": "<The full sentence, rewritten with the solution correctly applied. For paragraph splits, include blank lines between paragraphs.>",
      "severity": "<Must be one of: Minor, Major, Critical>",
      "score_deduction": "<Must be 1, 3, or 25, matching the severity>"
    }
  ],
  "corrected_content": "<REQUIRED: the full corrected body text for THIS batch/section after applying all kept fixes. Preserve meaning. Use blank lines between paragraphs when splitting for readability. If no findings, return the original content unchanged.>",
  "overall_feedback": {
    "summary": "<2–3 bullet points on systemic error patterns found in THIS final report>",
    "action_plan": "<2–3 concrete, high-level preventive actions consistent with THIS final report>"
  }
}
```

**`corrected_content` rules**

* Always include `corrected_content` for the **entire section body** you were given (not just one sentence).
* Apply every kept finding’s fix; do not introduce new facts, brands, or creative rewrites.
* When splitting paragraphs, separate them with a blank line (`\\n\\n`).
* If there are no findings, set `corrected_content` to the original `$content` unchanged.

---

## COMMON MISCLASSIFICATIONS TO AVOID (CHECK BEFORE SUBMIT)

* **External fact corrections** (laws, limits, prices) → **Remove** unless contradicted internally. Missing metric conversion → **Compliance**, not **Accuracy**.
* **Brand/proper‑noun casing** → **Compliance**, not **Punctuation**.
* **Currency** → **what** currency for the location = **Accuracy**; **how** it’s formatted = **Compliance**.
* **Generic vertical nouns** (e.g., ES *alquiler de coches*) → keep in **sentence case** unless locale pack mandates Title Case.
* **Headings punctuation** (stray period) → **Punctuation/Spelling/Typos**.
* **“Awkward/natural” only** → **Remove** unless readability is objectively impaired (then **Style**).

---

## FINAL SELF‑CHECK (RUN BEFORE RETURNING JSON)

1. **Did I return exactly one JSON object with the correct schema, including `corrected_content`?**
2. **Did I eliminate preferential or externally fact‑checked items?**
3. **Did I add a new error only if it was *clear, objective, and within scope*?**
4. **Are categories normalized and severities mapped to 1/3/25 correctly?**
5. **Do terms/keywords follow the reference‑not‑mandatory rule (unless explicitly mandated)?**
6. **Are issue/solution concise and minimal, and do updated sentences apply only the fix?**
7. **Does `corrected_content` reflect the full section body with all kept fixes applied?**

Return only the JSON object.

2026-09-01 02:13:41,581 - INFO - [A2][CZ][2026-2027-cz-car-hire-city-06__0001] USER PROMPT (first batch only):
Topic Name: Wimbledon: jak najít výhodnou nabídku zapůjčení auta?

Here is the content to review:

Půjčovnu auta ve Wimbledonu můžete najít už od 390 Kč/den, zatímco roční průměr se pohybuje kolem 803 Kč/den. Nejnižší ceny bývají v červenci, takže pokud máte v cestování volnost, vyplatí se naplánovat pobyt právě na tento měsíc. Rezervaci doporučujeme vyřídit 1 týden předem, což obvykle pomáhá získat výhodnější sazbu. Porovnáním nabídek různých poskytovatelů a modelů si snadno uděláte přehled o dostupných možnostech a vyberete vůz, který odpovídá vašim potřebám i rozpočtu.

Available key terms:

### Skyscanner Multilingual Glossary ###
- EN: additional driver → cs-CZ: další řidiči | Definition: An extra person authorized to drive a rented vehicle. | Example: It's worth keeping in mind that the final price you pay for your car rental may change because of additional options offered by the car hire provider, such as additional driver.

- Je třeba mít na paměti, že konečná cena za pronájem auta se může měnit i&#xA0;kvůli dalším službám poskytovatele, jako je možnost dalšího řidiče.
- EN: air conditioning → cs-CZ: klimatizace | Definition: A system for cooling and dehumidifying the air. | Notes: The only translation of this term. | Example: Only cars with airconditioning: Pouze auta/vozidla s klimatizací.
- EN: airline → cs-CZ: letecká společnost / aerolinky | Definition: A company that provides air transport services for traveling passengers. | Notes: I have added another term just to adhere to the Czech grammar rules regarding the usage of repetitive terms in one sentence. | Example: Search millions of flights from hundreds of airlines in seconds: Projděte si v mžiku miliony letů od stovek leteckých společností. / Projděte si v mžiku miliony letů od stovek aerolinek.
- EN: airline alliance → cs-CZ: letecká unie | Definition: A partnership between multiple airlines to provide mutual benefits and seamless travel. | Example: You earn frequent flyer points by flying with your selected airline and airline alliance partners: "Za to, že poletíte s vámi vybranou leteckou společností a partnery letecké unie, získáte body v programu frequent flyer.
- EN: all inclusive → cs-CZ: all inclusive | Definition: Hotel package that includes accommodation, all meals, snacks, drinks (both alcoholic and non-alcoholic), and often additional amenities and activities | Notes: Hotelový balíček, který zahrnuje celodenní stravu, svačiny, nápoje (jak alkoholické tak ty nealko) a často také dodatečné vybavení a služby.
- EN: amenities → cs-CZ: vybavení | Definition: Title of filter section mainly in hotel search | Example: Podívejte se na hotelové vybavení.
- EN: apartment → cs-CZ: byt | Definition: A self-contained housing unit that occupies part of a building.
- EN: App → cs-CZ: aplikace | Definition: An application designed for use on mobile devices. | Notes: An application designed for use on mobile devices. | Example: Download the Android app: "Stáhnout aplikaci pro Android."
- EN: Art and culture → cs-CZ: Umění a kultura | Definition: Activities or attractions related to visual arts, music, theater, and heritage. | Notes: Activities or attractions related to visual arts, music, theater, and heritage. | Example: Interested in local art and culture? : "Zajímá vás místní umění a kultura?"
- EN: automatic → cs-CZ: automat / automatická převodovka | Definition: A type of vehicle transmission that shifts gears automatically. | Notes: Car transmission type | Example: If you prefer to drive an automatic car... "Pokud raději řídíte automat... / Pokud dáváte přednost autu s automatickou převodovkou...
- EN: baggage allowance → cs-CZ: povolený počet zavazadel | Definition: The amount of luggage a traveler is permitted to carry without incurring additional fees, as defined by the transportation provider | Example: Check with the provider or airline for the baggage allowance: "Povolený počet zavazadel si ověřte přímo u letecké apolečnosti."
- EN: Beach → cs-CZ: pláž | Definition: A sandy or pebbly shore by a body of water, often a popular destination for relaxation and recreation.
- EN: Black Friday → cs-CZ: Black Friday / Černý pátek | Definition: A major retail event with extensive sales and promotions, often lasting beyond the day after Thanksgiving. | Notes: The  shops in the Czech republic use both terms: the English "Black Friday"  as well as the Czech one "Černý pátek". The Czech costumers are familiar with both. | Example: Využijte největší slevy roku během Balck Friday. Využijte největších slev roku během Černého pátku.
- EN: board type → cs-CZ: možnosti stravování | Definition: This term refers to the meal plan included with a hotel stay. | Notes: možnosti stravování v hotelu | Example: Věříme, že tyto balíčky nabízejí nejlepší kombinaci správné ceny, letu, hodnocení ubytování a možnosti stravování.
- EN: book → cs-CZ: rezervovat / zamluvit rezervaci /zarezervovat | Definition: Verb. To reserve a service, such as a flight. | Notes: Both terms are perfectly fine to use. | Example: Book a flight: "Rezervujte si let"
- EN: book → cs-CZ: rezervovat / zamluvit rezervaci /zarezervovat | Definition: Verb. To reserve a service, such as a hotel room. | Example: Book a hotel: "Zamluvte si rezervaci v hotelu".
- EN: book → cs-CZ: rezervovat / zamluvit rezervaci /zarezervovat | Definition: Verb. To reserve a service, such as a car. | Example: Book a car: "Zarezervujte si auto".
- EN: booking → cs-CZ: rezervace | Definition: Noun. A reservation for a service. | Example: Flight booking: "Rezervace letu."
- EN: booking → cs-CZ: rezervace | Definition: Noun. A reservation for a service. | Example: Hotel booking: "Rezervace hotelu".
- EN: booking → cs-CZ: rezervace | Definition: Noun. A reservation for a service. | Example: Car booking: "Rezervace auta/vozidla."
- EN: Business Class → cs-CZ: obchodní třída | Definition: A class of airline service offering more comfort and amenities than economy class. | Example: Najděte si nejlevnější lety v obchodní třídě z @@departure@@ do @@destination@@.
- EN: business travellers → cs-CZ: služebně cestující | Definition: Individuals traveling for work-related purposes. | Example: Most popular with business travellers: "Nejoblíbenější u služebně cestujících."
- EN: cabin bag → cs-CZ: příruční/kabinové zavazadlo | Definition: A small piece of luggage carried into the passenger cabin. | Notes: Both terms "příruční" and "kabinové" can be used depending on the context. | Example: One cabin bag included in your fare: "V ceně letenky je zahrnuto jedno kabinové/příruční zvazadlo.
- EN: cabin baggage → cs-CZ: příruční/kabinové zavazadlo | Definition: Same as cabin bag. | Notes: Both terms "příruční" and "kabinové" can be used depending on the context. | Example: One cabin bag included in your fare: "V ceně letenky je zahrnuto jedno kabinové/příruční zvazadlo.
- EN: cabin class → cs-CZ: cestovní třída | Definition: The category of service on an aircraft, such as economy, business, or first class. | Notes: The category of service on an aircraft, such as economy, business, or first class. | Example: Vybrerte počet cetujících a cestovní třídu.
- EN: cancellation policy → cs-CZ: storno podmínky | Definition: The terms and conditions under which a booking can be canceled. | Notes: The terms and conditions under which a booking can be canceled. | Example: Cancellation policy is free up to {{|date|}}

Storno podmínky umožňují zrušení zdarma až do {{|date|}}
- EN: car hire → cs-CZ: zapůjčení | Definition: The act of renting a vehicle. | Notes: Other options: pronájem auta/vozidla
- EN: Car hire → cs-CZ: Zapůjčení | Definition: Rental of an automobile for a specified period | Notes: Other options: pronájem auta/vozidla
- EN: car hire company → cs-CZ: autopůjčovna | Definition: A business that provides rental vehicles.
- EN: car hire deal → cs-CZ: výhodná nabídka autopůjčovny | Definition: Discounted or special offer on car rental services.
- EN: carbon footprint → cs-CZ: uhlíková stopa | Definition: A carbon footprint refers to the total amount of CO2 emissions released into the atmosphere as a result of the activities of an business, individual or event. | Example: Now you can reduce your carbon footprint with a hybrid or electric hire car: "S hybridním nebo elektrickým autem nyní můžete snížit svou uhlíkovou stopu."
- EN: charge → cs-CZ: poplatek | Definition: Verb. To add fee for a service or product. | Example: We don't charge any booking fees: "Neúčtujeme si žádný servisní poplatek."
- EN: charge → cs-CZ: poplatek | Definition: Noun. Fee for a service or product | Example: Bear in mind that rental companies may apply extra charges: "Pamatujte, že autopůjčovny si můžou účtovat další poplatky."
- EN: Cheapest month → cs-CZ: Nejlevnější měsíc | Definition: The cheapest month features in ‘Flexible Dates’ tab highlights the cheapest month to travel, as well as the lowest price per month to travel to the destination. | Notes: The most often used as a feature name. Can be used with lower case too when used in a sentence in a more generic context. – Possible translation: Nejlevnější měsíc / měsíc, kdy vyjde letenka nejlevněji. | Example: What is the Cheapest month to fly to with ? "Kdy vyjde letenka do... nejlevněji?"
- EN: check in → cs-CZ: odbavení | Definition: Verb - The process of registering for a flight. | Notes: In case of check-in before a flight. | Example: Check-in before: "Odbavte se před"
- EN: check in → cs-CZ: příjezd | Definition: Verb - The process of registering for a hotel stay. | Notes: In case of hotel check-in. | Example: Check-in before: "Příjezd před"
- EN: check out → cs-CZ: odjezd /opuštění pokoje | Definition: Verb - The process of completing a stay at a hotel. | Notes: Hotel check-out | Example: At {hotel_name} you can check in from {check_in_time}, and you'll need to check out before {check_out_time}. V hotelu {hotel_name} se můžete ubytovat po {check_in_time}. Pokoj pak musíte opustit před {check_out_time}."
- EN: check-in → cs-CZ: odbavení | Definition: Noun - The process of registering for a flight.
- EN: check-in → cs-CZ: příjezd | Definition: Noun - The process of completing a stay at a hotel.
- EN: check-out → cs-CZ: odjezd / odhlášení z ubytování | Definition: Noun - The process of leaving and settling the bill at a hotel. | Notes: both terms can be used depending on the context | Example: Please select a check-out date: "Vyberte prosím den odjezdu."
- EN: checked bag → cs-CZ: odbavené zavazadlo | Definition: Bag that is handed over to the airline for transport in the cargo hold. | Example: 1 checked bag included: "Jedno odbavené zavazadlo v ceně."
- EN: checked luggage → cs-CZ: odbavené zavazadlo /zavazadlo k odbavení | Definition: Luggage that is handed over to the airline for transport in the cargo hold. | Notes: Both terms are fine to use. | Example: 23kg checked luggage: "23kilové zavazadlo k odbavení."
- EN: cO2e emissions → cs-CZ: emise CO₂e | Definition: Carbon dioxide equivalent emissions, measuring the impact of greenhouse gases. | Notes: Different to "CO₂ emissions"
- EN: Collision Damage Waiver → cs-CZ: Pojištění odpovědnosti za způsobení škody při autonehodě | Definition: This is a type of insurance offered by rental car companies that limits your liability if the car is damaged in an accident. 
However, it typically doesn’t cover the full cost; you still have to pay a portion of  the repair costs, called the excess or deductible. | Notes: Může být označeno také jako CDW | Example: Mámep ro vás dobrou zprávu. V ceně pronájmu je zahrnuto i Pojištění odpovědnosti za způsobení škody při autonehodě, takže  žádné další pojištění nebude potřeba.
- EN: commercial van → cs-CZ: komerční dodávka | Definition: Vehicles designed for transporting goods and materials for business purposes. | Notes: Vehicles designed for transporting goods and materials for business purposes.
- EN: compact → cs-CZ: kompaktní | Definition: A category of rental cars that are slightly larger than economy cars but still small and efficient. | Notes: A category of rental cars that are slightly larger than economy cars but still small and efficient.
- EN: connecting flight → cs-CZ: navazující let | Definition: A flight requiring a change of planes to reach the final destination. | Example: Booking flights with more than one provider means your connecting flight may be at risk from delays or cancellations: "Při rezervaci letů u více než jednoho poskytovatele riskujete, že váš navazující let bude zpožděn nebo zrušen."
- EN: convertible → cs-CZ: kabriolet | Definition: A car with a roof structure that can be 'converted' to allow open-air or enclosed driving. | Notes: Typ auta
- EN: Cookie Policy → cs-CZ: Podmínky používání souborů cookies | Definition: Policy that governs the use of cookies on Skyscanner's website, ensuring transparency regarding data usage
- EN: country house → cs-CZ: dům na venkově | Definition: A large house in the countryside
- EN: coupe → cs-CZ: kupé | Definition: A car with a fixed-roof body style that is shorter than a sedan of the same model. | Notes: Typ auta
- EN: couples → cs-CZ: páry | Definition: Pairs of individuals traveling together | Notes: Pairs of individuals traveling together
- EN: Cyber Monday → cs-CZ: Cyber Monday | Definition: An online shopping event on the Monday after Thanksgiving, featuring exclusive digital deals and discounts. | Example: Nejvýhodnjěší slevy na vás čekají během Cyber Monday.
- EN: deal → cs-CZ: výhodná nabídka | Definition: A special offer or discount. | Example: Explore flight deals: "Objevte výhodné nabídky letů."
- EN: departure country → cs-CZ: země odletu | Definition: The country from which a journey begins.
- EN: departure date → cs-CZ: datum odletu | Definition: The date on which a journey starts.
- EN: departure time → cs-CZ: čas odletu | Definition: The scheduled time a flight is set to leave.
- EN: destination → cs-CZ: destinace | Definition: The final place or location to which someone is traveling. It is the end point of a journey where travelers intend to stay, explore, or visit. Destinations can range from cities and countries to specific attractions or resorts. | Notes: The final place or location to which someone is traveling. It is the end point of a journey where travelers intend to stay, explore, or visit. Destinations can range from cities and countries to specific attractions or resorts.
- EN: destination airport → cs-CZ: cílové letiště | Definition: The airport where a journey ends. | Example: Select destination airport: "Vybrat cílové letiště."
- EN: destination country → cs-CZ: cílová země | Definition: The country where a journey ends.
- EN: direct → cs-CZ: přímý | Definition: A flight with no scheduled stops between the departure and arrival points. | Notes: A flight with no scheduled stops between the departure and arrival points. | Example: Direct only: "Pouze přímé lety."
- EN: direct flight → cs-CZ: přímý let | Definition: A flight with no scheduled stops between the departure and arrival points.
- EN: domestic flight → cs-CZ: vnitrostátní let | Definition: A flight within the same country.
- EN: drop → cs-CZ: Snížení ceny / cenový pokles | Notes: Noun. To be translated based on context to indicate "price dropping" / "landing". | Example: Snížení ceny o 36 GBP. Ukázat snížené ceny z Londýna. Nejnovější cenové poklesy.
- EN: drop → cs-CZ: poklesnout/snížit | Notes: Noun. To be translated based on context to indicate "price dropping" / "landing". | Example: Cena u vaší příští cesty by mohla dneska klesnout. Ceny, které se dneska snížily.
- EN: drop-off → cs-CZ: vrácení | Definition: The date, time or location where a rented vehicle is returned at the end of the rental period. | Notes: The date, time or location where a rented vehicle is returned at the end of the rental period. | Example: Drop-off location: Please type in a location: "Místa vrácení: Uveťe lokalitu."
- EN: DROPS → cs-CZ: DROPS | Definition: Feature name.

DROPS is a new “sub-brand” of Skyscanner. It is an app-exclusive product only available for logged-in users that helps travelers spot flight deals that have dropped by more than 20% and that are available for only 24h. | Notes: DROPS is a new “sub-brand” of Skyscanner. It is an app-exclusive product only available for logged-in users that helps travelers spot flight deals that have dropped by more than 20% and that are available for only 24h.

Follow the source capitalization.

Feature name. To be left in English

Gender note: masculine form. | Example: Vítejte ve funkci DROPS. Dovolte funkci DROPS, aby rozhodla o vaší příští cestě.
- EN: Drops → cs-CZ: Drops | Definition: Feature name.

Drops is a new “sub-brand” of Skyscanner. It is an app-exclusive product only available for logged-in users that helps travelers spot flight deals that have dropped by more than 20% and that are available for only 24h. | Notes: DROPS is a new “sub-brand” of Skyscanner. It is an app-exclusive product only available for logged-in users that helps travelers spot flight deals that have dropped by more than 20% and that are available for only 24h.

Follow the source capitalization.

Feature name. To be left in English

Gender note: masculine form. | Example: Obnovit funkci Drops. Zjistěte víc o funcki Drops.
- EN: economy → cs-CZ: ekonomické | Definition: A category of rental cars that are typically small, fuel-efficient, and inexpensive. | Notes: A category of rental cars that are typically small, fuel-efficient, and inexpensive. | Example: Ekonomické auto
- EN: Economy → cs-CZ: ekonomická | Definition: The Economy flight class refers to the most basic and affordable class of service on an airplane. | Notes: Typ letenky | Example: Dokonoce i když obvykle létáte ekonomickou třídou, může se vám povést, že seženete výhodnou nabídku na let v obchodní třídě.
- EN: electric → cs-CZ: elektrické | Definition: Vehicles powered by electricity, typically from batteries. | Notes: Vehicles powered by electricity, typically from batteries. | Example: Electric car: "Elektrické auto."
- EN: email → cs-CZ: E-mail | Definition: Electronic mail address used for communication. | Notes: e-mail
- EN: estimated price → cs-CZ: odhadovaná cena | Definition: An approximate cost for a service. | Notes: odhadovaná cena | Example: Our estimated price is the average nightly cost of the hotel rooms in your search area: "Odhadovaná cena je průměrná cena za noc v hotelovém pokoji v požadované lokalitě."
- EN: Everywhere → cs-CZ: Svět | Definition: Option to search for travel destinations worldwide. | Example: Search Everywhere, explore anywhere.: "Objevujte svět, kdekoliv."
- EN: Excellent → cs-CZ: Vynikající | Definition: Rating indicating superior quality or performance. | Notes: Rating indicating superior quality or performance. | Example: Excellent customer support rating: "
Vynikající hodnocení zákaznického servisu."
- EN: Excess Waiver → cs-CZ: Nulová spoluúčast | Definition: This is an additional insurance that covers the excess amount not covered by the CDW. If you buy an excess waiver, you won’t have to pay  anything in the event of a claim, as it "waives" your responsibility for the excess 
portion. So, the CDW reduces your liability for damage, while the excess waiver eliminates your out-of-pocket costs for the excess amount. | Example: Mnoho našich pojišťovacích partnerů nabízí možnost pojištění nulové spoluúčasti, což vás může vyjít levněji než nulová spoluúčast, kterou vám nabídne autopůjčovna na místě.
- EN: explore → cs-CZ: Prozkoumat/objevovat | Definition: Option to discover new destinations or services. | Notes: Both terms are fine to use. | Example: Explore more destinations: "Prozkoumejte další destinace."
- EN: Explore everywhere → cs-CZ: Objevujte svět | Definition: The sentence case will be used whenever the term is employed in the UI itself or as part of a sentence. | Example: Explore everywhere in May.: "Objevujte svět v květnu."
- EN: Explore Everywhere → cs-CZ: Objevujte svět | Definition: Used as feature or proper noun - Option to view travel options for various destinations globally. | Notes: Název funkce
- EN: extra charge → cs-CZ: příplatek | Definition: An additional fee for a service or product. | Example: We don't charge you a cent more than the price of your flight or booking. No hidden fees. No extra charge. "Za let ani za rezervaci vám neúčtujeme ani korunu navíc. Žádné skryté poplatky. Žádné příplatky."
- EN: Fair Fuel Policy → cs-CZ: Zásady spravedlivého účtování paliva | Definition: A policy ensuring fair charges for fuel in rental agreements. | Example: Compare car hire options on price, ease of pick-up, a fair fuel policy and more.: "Porovnejte autopůjčovny podle ceny, procesu vyzvednutí a zásady spravedlivého účtování paliva."
- EN: families → cs-CZ: rodiny | Definition: Groups traveling together, typically including parents and children. | Notes: Typ hotelového hosta
- EN: FAQ → cs-CZ: Časté dotazy | Definition: Frequently Asked Question
- EN: FAQs → cs-CZ: Často kladené otázky | Definition: Frequently Asked Questions
- EN: fare → cs-CZ: cena letenky | Definition: The cost of a ticket for travel. | Notes: Usually used for flights | Example: We’re not able to provide baggage information right now — please check the provider site to see what’s included in your fare.: "Momentálně nemáme žádné informace ohledně zavazadel – ověřte si u svého poskytovatele, co je zahrnuto v ceně letenky.
- EN: fee → cs-CZ: poplatek | Definition: A charge for a service or product. | Example: Some partners pay us a referral fee but this never affects how we rank our hotels.: "Někteří partneři nám platí poplatek za doporučení. Nikdy to však nemá vliv na to, jak naše hotely hodnotíme."
- EN: First Class → cs-CZ: první třída | Definition: A premium class of airline service offering high level of comfort and amenities. | Notes: A premium class of airline service offering high level of comfort and amenities. | Example: To see Business and First Class options, please tell us your travel dates or destination.: "Chcete-li vidět možnosti obchodní a první třídy, uveďte termín a destinaci.!
- EN: Flexible dates → cs-CZ: flexibilní termín | Definition: Previous "Whole month" feature. Calendar Tab that shows Whole month prices that allows users to make month view searches.
- EN: flight deal → cs-CZ: výhodná nabídka letenky | Definition: Discounted or special offer on air travel tickets.
- EN: flight details → cs-CZ: podrobnosti letu | Definition: Information about a specific flight. | Example: Always check all flight details, final prices and terms and conditions with your @@ticket provider@@ before you book.: " Než si rezervaci zamluvíte, vždy si u poskytovatele nejprve zkontrolujte podrobnosti letu, celkovou cenu a podmínky."
- EN: flight emissions → cs-CZ: letové emise | Definition: The amount of CO2 produced by a flight. Title for a feature that badges up flights with lower carbon dioxide emissions compared to other flights in the result set. | Notes: The amount of CO2 produced by a flight. Title for a feature that badges up flights with lower carbon dioxide emissions compared to other flights in the result set.
- EN: flight time → cs-CZ: délka letu | Definition: The duration of a flight.
- EN: Flights → cs-CZ: Lety | Definition: Air travel services provided by airlines.
- EN: fuel → cs-CZ: palivo | Definition: Gasoline or diesel used to power vehicles, including cars, motorcycles, boats, or recreational vehicles.
- EN: full board → cs-CZ: plná penze | Definition: Hotel option that covers accommodation and three meals a day (breakfast, lunch, and dinner). Drinks and additional activities are usually not included | Notes: Možnost, která zahrnuje ubytování a tři jídla denně (snídani, oběd a večeři). Nápoje a další aktivity nejsou většinou v ceně.
- EN: full to full → cs-CZ: plná–plná | Definition: Fuel policy where the car is provided with a full tank and must be returned with a full tank. | Notes: Fuel tank policy | Example: Fuel policy: full to full: "Pravidla pro tankování: Plná–plná."
- EN: fullsize → cs-CZ: vyšší třída | Definition: A category of rental cars that are larger and offer more comfort and space. | Notes: Car class - can be combined with a car type. | Example: fullsize all terrain vehicle: "Terénní auto vyšší třídy"
- EN: getaway → cs-CZ: dovolená / krátký výlet | Definition: A short vacation or trip, often taken to escape from daily routine and responsibilities. It usually involves traveling to a relaxing or enjoyable destination. | Notes: A short vacation or trip, often taken to escape from daily routine and responsibilities.                                                                                  Both terms are fine to use, depending on the context.
- EN: Good → cs-CZ: Dobré | Definition: Rating indicating satisfactory quality or performance. | Notes: Rating indicating satisfactory quality or performance.
- EN: Great food → cs-CZ: Skvělé jídlo | Definition: High-quality or highly recommended culinary experiences.
- EN: guest → cs-CZ: host | Definition: A person staying at a hotel or other accommodation. | Example: Please enter the information for at least one guest.: "Uveďte prosím údaje alespoň jednoho hosta."
- EN: guest house → cs-CZ: penzion | Definition: A small, private hotel or lodging. | Notes: Typ ubytování
- EN: guest reviews → cs-CZ: hodnocení hostů | Definition: Feedback and ratings from customers who have used a service or stayed at a property.
- EN: half board → cs-CZ: polopenze | Definition: Hotel option that covers accommodation, breakfast, and one other meal (usually dinner). Drinks and additional meals are typically not included. | Notes: Možnost, která zahrnuje ubytování, snídani a jedno další jídlo (obvykle večeři). Nápoje a další jídla nejsou většinou v ceně.
- EN: hire car → cs-CZ: zapůjčené vozidlo | Definition: A vehicle rented for a short period, ranging from a few hours to several weeks, typically from a rental agency. | Notes: It is possible to us the option: zapůjčené auto. The both terms are equally correct.
- EN: holiday rentals → cs-CZ: rekreační pronájmy | Definition: Properties available for short-term vacation stays. | Notes: Typ ubytování ke krátkodobému pronájmu
- EN: home airport → cs-CZ: domovské letiště | Definition: The airport closest to a traveler's residence. | Example: Change your home airport here: "Své domovské letiště změňte tady"
- EN: hostel → cs-CZ: hostel | Definition: Budget-friendly accommodation | Notes: Typ ubytování
- EN: hotel → cs-CZ: hotel | Definition: An establishment providing lodging, meals, or other guest services. | Notes: Typ ubytování
- EN: hotel deal → cs-CZ: výhodná nabídka na hotel | Definition: Discounted or special offer on hotel bookings.
- EN: Hotels → cs-CZ: Hotely | Definition: Establishments providing lodging, meals, and other services for travelers.
- EN: hybrid → cs-CZ: hybridní/hybrid | Definition: Vehicles powered by both an internal combustion engine and an electric motor. | Notes: Vehicles powered by both an internal combustion engine and an electric motor.
- EN: inbound flight → cs-CZ: příchozí let | Definition: The flight that takes the passenger back from their destination to their original departure location. | Notes: The flight that takes the passenger back from their destination to their original departure location.
- EN: intermediate → cs-CZ: střední | Definition: A category of rental cars that are larger than economy but smaller than full-size. | Notes: A category of rental cars that are larger than economy but smaller than full-size.
- EN: itinerary → cs-CZ: itinerář | Definition: A detailed plan or schedule of a trip, listing all destinations, activities, and accommodations, along with the times and dates for each part of the journey.
- EN: journey → cs-CZ: cesta | Definition: A journey refers to the act of traveling from one place to another, usually involving a significant distance or time commitment. | Example: We've made it our mission to help you travel with confidence and make your journey as smooth as possible.: "Uděláme vše, aby vaše cesta proběhla co nejhladčeji."
- EN: latest price → cs-CZ: nejaktuálnější cena | Definition: The most recent cost for a service or product. | Example: For the latest prices, please refresh your search.: "Pro nejaktuálnější cenu, obnovte vyhledávání."
- EN: location → cs-CZ: lokalita/místo | Definition: A specific place or position where something is situated or where an event occurs. | Notes: Both terms can be used.
- EN: log in → cs-CZ: přihlásit se | Definition: To access an account by entering credentials. | Example: Log in or register to save recent searches across your devices: "Chcete-li si uložit výsledky vyhledávání na všch zařízeních, přihlaste se, nebo se zaregistrujte."
- EN: log out → cs-CZ: odhlásit se | Definition: To exit an account. | Example: Are you sure you want to log out?: "Určitě se chcete odhlásit?"
- EN: login → cs-CZ: přihlášení | Definition: The act of logging in to a computer, database, or system.
- EN: long wait → cs-CZ: dlouhé čekání | Definition: An extended period of waiting, often at airports between flights. | Example: The inbound leg involves a long wait.: "Příchozí let zahrnuje dlouhé čekání."
- EN: Low emissions vehicles → cs-CZ: nízkoemisní vozidla | Definition: Vehicles that produce a reduced amount of CO2. Title for a feature that badges up electrical and hybrid cars with lower carbon dioxide emissions compared to other car types.
- EN: low-cost → cs-CZ: nízkonákladové | Definition: Services, particularly airlines, that are designed to offer lower prices by reducing the range of services and amenities traditionally included in the fare.
- EN: lowest price → cs-CZ: nejnižší cena | Definition: The least expensive cost for a service or product. | Example: These are the lowest price estimates for Economy class flights for one traveller.: "Toto jsou nejnižší odhadované ceny za let v ekonomické třídě za jednoho cestujícího."
- EN: luxury → cs-CZ: luxusní | Definition: High-end, premium vehicles offering superior comfort and features. | Notes: Typ auta
- EN: manual → cs-CZ: manuál / manuální převodovka / ruční převodovka | Definition: A type of vehicle transmission that requires the driver to manually shift gears. | Notes: Typ převodovky.         All terms are fine to use.
- EN: mini → cs-CZ: mini | Definition: A category of rental cars that are very small, typically suitable for city driving. | Notes: A category of rental cars that are very small, typically suitable for city driving.
- EN: mobile app → cs-CZ: mobilní aplikace | Definition: An application designed for use on mobile devices.
- EN: motorcycle → cs-CZ: motocykl/motorka | Definition: A two-wheeled motor vehicle.
- EN: Multi-city → cs-CZ: Více měst | Definition: Multi-city flights are a smart way to see more destinations in one go, by adding extra legs to your trip. If, for example, you can’t decide between Paris or Rome, you can book flights to both cities and turn your trip into an itinerary.
- EN: multi-city → cs-CZ: více měst | Definition: Multi-city flights are a smart way to see more destinations in one go, by adding extra legs to your trip. If, for example, you can’t decide between Paris or Rome, you can book flights to both cities and turn your trip into an itinerary. | Example: The Multi-city search option is available in the destination field.: "Možnost hledat lety do více měst se objevuje přímo v°poli vyhledávání."
- EN: Nearby airports → cs-CZ: nedaleká letiště / letiště v okolí | Definition: Widen your search for flight deals by selecting the “add nearby airports” option to search flight prices for all the nearest airports at your departure point and your destination to increases your chances of finding the best deal at both ends of your trip. | Notes: Both terms are fine to use.
- EN: nearby airports → cs-CZ: nedaleká letiště / letiště v okolí | Definition: Widen your search for flight deals by selecting the “add nearby airports” option to search flight prices for all the nearest airports at your departure point and your destination to increases your chances of finding the best deal at both ends of your trip.
- EN: Nightlife and entertainment → cs-CZ: Noční život a zábava | Definition: Activities and venues that provide entertainment, typically during the evening, such as clubs and bars.
- EN: no extra fees → cs-CZ: bez dalších poplatků | Definition: Indicates that there are no additional charges beyond the listed price.
- EN: non refundable → cs-CZ: nevratné | Definition: A booking or a charge that cannot be refunded. | Notes: A booking or a charge that cannot be refunded.
- EN: non-protected transfer → cs-CZ: nechráněný přestup | Definition: Booking connecting flights with more than one provider means the ongoing flight may not be guaranteed, and is at risk from delays or cancellations. It's also needed to collect your luggage and check into the second flight. | Example: Multi-part bookings (non-protected transfers).: "Rezervace u několika poskytovatelů (nechráněné přestupy)."
- EN: one way → cs-CZ: jednosměrný let | Definition: A trip that does not include a return journey. | Notes: A trip that does not include a return journey.
- EN: one way → cs-CZ: jednosměrná | Definition: A train trip that does not include a return journey. | Example: Ještě nevíte, jak dlouho v Berlíně zůstanete? Kupte si jednosměrnou jízdenku na tento pátek za nejnižší cenu týdne.
- EN: one-way → cs-CZ: jednosměrný let | Definition: A trip that does not include a return journey.
- EN: outbound → cs-CZ: odchozí | Definition: The flight that takes a passenger from their home or starting location to their destination. | Notes: The flight that takes a passenger from their home or starting location to their destination.
- EN: outbound flight → cs-CZ: odchozí let | Definition: The flight that takes a passenger from their home or starting location to their destination.
- EN: Outdoor adventures → cs-CZ: Dobrodružství v přírodě | Definition: Activities involving physical exertion in natural settings, such as hiking, rafting, or camping.
- EN: package → cs-CZ: balíček | Definition: Used in the meaning of “package holiday”, referring to the package deals in our Packages vertical that include flights and a hotel. This is for when we talk about packages in running copy and in general, as opposed to the vertical name. | Notes: Míněno jako "dovolená v balíčku". Výhodné nabídky "balíčků", které zahrnují letenky a hotely. | Example: – Balíčky můžou obsahovat letenky v jiném čase i jiné možnosti ubytování. – Prohledáváme poskytovatele balíčků. – Vaše vyhledávání nenašlo žádné balíčky letenek a ubytování.
- EN: Packages → cs-CZ: Balíčky
- EN: parking → cs-CZ: parkování | Definition: Space or facility to park vehicles.
- EN: passenger → cs-CZ: cestující | Definition: An individual traveling on a plane, train, or other mode of transport.
- EN: passenger van → cs-CZ: osobní dodávka | Definition: A van configured to carry passengers. | Notes: Typ auta
- EN: Pay on arrival → cs-CZ: Platba při příjezdu | Definition: Option to pay for a service upon arrival at the location.
- EN: pay on arrival → cs-CZ: platba při příjezdu
- EN: people carrier → cs-CZ: minibus | Definition: A vehicle designed to transport multiple passengers | Notes: Typ auta
- EN: pick up truck → cs-CZ: pick up | Definition: A light-duty truck with an enclosed cab and an open cargo area. | Notes: Typ auta
- EN: pick-up → cs-CZ: vyzvednutí | Definition: The act of collecting a rental vehicle. | Example: With self-service pick-up there’s no queuing to get keys or hand documents over.: "Se samoobslužným vyzvednutím nemusíte čekat na klíče ani na to, až si od vás někdo přebere požadované dokumenty."
- EN: Premium → cs-CZ: prémiová | Definition: A category of rental cars that offer higher-end features and more comfort. | Notes: Car class - can be combined with a car type.
- EN: Premium Economy → cs-CZ: Prémiová ekonomická | Definition: A class of airline service between economy and business class. | Notes: Typ letenky
- EN: Price → cs-CZ: Cena | Definition: The cost of a service or product.
- EN: Price Alert → cs-CZ: Upozornění na cenu | Definition: Skyscanner's Price Alert feature notifies users via email or push notification about fluctuations in the prices of plane tickets they're interested in.
- EN: Price Alerts → cs-CZ: Upozornění na cenu | Definition: Skyscanner's Price Alert feature notifies users via email or push notification about fluctuations in the prices of plane tickets they're interested in.
- EN: price per night → cs-CZ: cena za noc | Definition: The cost of accommodation for one night. | Notes: Cena ubytování za noc
- EN: Privacy Policy → cs-CZ: Zásady ochrany osobních údajů | Definition: Policy that outlines how Skyscanner handles users' personal information, emphasizing user control and transparency
- EN: private home → cs-CZ: soukromý domov | Definition: Residential property that is rented out to travelers for short-term stays | Notes: Typ ubytování
- EN: property → cs-CZ: nemovitost | Definition: In the travel context, a property refers to a place of lodging, such as a hotel, resort, bed and breakfast, or vacation rental, where travelers can stay during their trip. | Notes: In the travel context, a property refers to a place of lodging, such as a hotel, resort, bed and breakfast, or vacation rental, where travelers can stay during their trip.
- EN: provider → cs-CZ: poskytovatel | Definition: A company or individual offering a service. Car Hire vertical | Notes: A company or individual offering a service.
- EN: provider → cs-CZ: poskytovatel | Definition: A company or individual offering a service.
- EN: provider → cs-CZ: poskytovatel | Definition: A company or individual offering a service. Hotel vertical
- EN: rating → cs-CZ: hodnocení | Definition: A score or review given to a service or product. | Example: Summary of guest ratings: "Souhrn hodnocení hosta"
- EN: Read more → cs-CZ: Více informací / zjistit více | Definition: Option to view additional information. | Notes: Both terms are fine to use
- EN: recent searches → cs-CZ: poslední vyhledávání | Definition: A list of previous search queries.
- EN: Recommended Provider → cs-CZ: Výhodný poskytovatel | Definition: A booking partner that meets our top-quality criteria, demonstrated by a high Partner Quality Score, strong price accuracy, and reliable downstream visibility. This designation helps travelers make informed choices by identifying partners that offer a trustworthy and seamless booking experience.
- EN: recreational vehicle → cs-CZ: vozidlo/auto určené k přespání | Definition: RV, a motor vehicle or trailer equipped with living space and amenities for travel. | Notes: Typ auta
- EN: residence → cs-CZ: rezidence | Definition: Fully furnished apartments or suites that are available for short-term or long-term stays or  a private home or villa that is rented out to travelers for short-term stays, | Notes: Typ ubytování
- EN: resort → cs-CZ: rezort/resort | Definition: A place that offers a variety of recreational activities and amenities | Notes: typ ubytování
- EN: result → cs-CZ: výsledek | Definition: An outcome from a search or query. | Example: Top 10 results shown sorted by Distance: "Deset nejlepších výsledků seřazených podle vzdálenosti"
- EN: return → cs-CZ: zpáteční | Definition: A flight that includes both the outbound and inbound journeys, completing the round trip. | Notes: zpáteční (obousměrný) let | Example: Search one way, or select return: "Hledejte jednosměrný let nebo zvolte možnost zpáteční"
- EN: return → cs-CZ: návrat | Definition: A flight that returns to the original departure location (1 flight) | Notes: zpáteční (jednosměrná) let / návrat | Example: What is the best price for a return flight from Sofia to Paris?: "Jaká je nejlepší cena letenky při návretu ze Sofie do Paříže?"
- EN: return → cs-CZ: zpáteční | Definition: A train journey that includes both the outbound and inbound journeys, completing the round trip. | Example: Zpáteční jízdenky do Berlína tento víkend za zvýhodněné ceny.
- EN: return → cs-CZ: návrat | Definition: A train trip to return to the original departure location (1 trip)" | Example: Návrat dne:
- EN: return date → cs-CZ: datum zpátečního letu | Definition: The date of the return journey.
- EN: return flight → cs-CZ: zpáteční let | Definition: A flight that includes both the outbound and inbound journeys, completing the round trip. | Notes: Cesta letadlem do destinace a zpět
- EN: return flight → cs-CZ: zpáteční let | Definition: A flight that returns to the original departure location (1 flight) | Notes: Cesta letadlem zpět z destinace.
- EN: return trip → cs-CZ: obousměrná cesta | Definition: A journey including both the outbound journey to the destination and the inbound journey back to the starting location. | Notes: Cesta do destinace a zpět do místa odletu.
- EN: Review → cs-CZ: Ohodnotit | Definition: Verb - Add an evaluation or feedback about a service or product. | Example: Review your trip: "Ohodnoť svou cestu"
- EN: review → cs-CZ: hodnocení | Definition: Noun - An evaluation or feedback about a service or product.
- EN: room → cs-CZ: pokoj | Definition: A space within a building for accommodation
- EN: same to same → cs-CZ: stejná–stejná | Definition: Fuel policy where the car must be returned with the same amount of fuel as when picked up. | Notes: Fuel policy
- EN: Satisfactory → cs-CZ: Uspokojivé | Definition: Rating indicating acceptable quality or performance, but with some issues. | Notes: Rating
- EN: Saved → cs-CZ: Záložky/uloženo | Definition: For travellers planning one or more trips, this feature empowers users to save different elements of their travel, so they can compare and monitor prices, book at a time that suits and/or find the perfect option. | Notes: Může být použito jako funkce nebo sloveso. | Example: Feature: Log in to view Saved    Saved - we'll notify you if prices change               Verb: Saved flights and hotels We've found a new price for your saved alerts: "Funkce:
Chcete-li si prohlédnout záložky, přihlaste se.                          Uloženo – pokud se ceny změní, upozorníme vás

Sloveso:
Uložené lety a hotely"
- EN: Savvy Search → cs-CZ: Mazaný vyhledávač | Definition: Savvy Search is a generative AI planning tool developed internally. It is designed to help travelers discover new destinations and experiences by asking questions like "What kind of trip is on your mind?" This tool is powered by OpenAI's ChatGPT and uses historical internet data along with Skyscanner's destination and price data to provide travel recommendations | Example: Představujeme Mazaný vyhledávač                                   Mazaný vyhledávač vás může vzít na místa, která by vás předtím ani nenapadla.
- EN: search → cs-CZ: vyhledávání | Definition: The process of looking for specific travel-related information or options, such as flights, hotels, rental cars | Notes: The process of looking for specific travel-related information or options, such as flights, hotels, rental cars | Example: Sorry, we couldn't find any flights that matched your search.: "Litujeme, ale nenašli jsme žádné lety, které by vyhovovaly vašemu vyhledávání."
- EN: search → cs-CZ: hledat | Definition: To look for information or options. | Example: Search one-way flights: "Hledejte jednosměrné lety"
- EN: select → cs-CZ: zvolit/vybrat | Definition: The act of choosing or picking a specific option from a range of available choices. | Notes: Both terms arefine to use
- EN: self catering → cs-CZ: bez stravy | Definition: This type of accommodation may or may not provide guests with kitchen facilities to prepare their own meals. No meals are included in the package | Notes: U této možnosti si hosté zajišťují stravování sami, a to buď v kuchyni přímo na místě, nebo mimo ubytovací zařízení. V balíčku není zahrnuto jídlo.
- EN: self-transfer → cs-CZ: vlastní přesun | Definition: When passengers need to transfer between flights on their own without airline assistance. It may be necessary to check in separately for each connecting flight. | Example: There is a self-transfer in this trip.: "Tato cesta zahrnuje vlastní přesun."
- EN: sign up → cs-CZ: registrace | Definition: Option to create a new account.
- EN: solo travellers → cs-CZ: sólo cestovatelé | Definition: Individuals traveling alone. | Notes: Typ hosta
- EN: sports car → cs-CZ: sportovní auto | Definition: A car designed for high performance and agility, often with a sleek design.
- EN: standard → cs-CZ: standardní | Definition: A category of rental cars that offer a balance between size, comfort, and cost. | Notes: Typ třídy vozidla
- EN: star → cs-CZ: hvězdička | Definition: A hotel star rating is a system used to classify hotels based on their quality, amenities, service, and overall guest experience. | Notes: Typ hodnocení hotelu nebo autopůjčovny
- EN: star → cs-CZ: hvězdička
- EN: star rating → cs-CZ: hodnocení hvězdičkami | Definition: A hotel star rating is a system used to classify hotels based on their quality, amenities, service, and overall guest experience.
- EN: stay → cs-CZ: pobyt | Definition: Period during which a guest resides at an accommodation, such as a hotel.
- EN: stop → cs-CZ: mezipřistání | Definition: Flight connection at other airport before reaching the destination (not direct flights)
- EN: Suggested for you → cs-CZ: Navrženo pro vás | Definition: Personalized recommendations based on your interests or past behavior.
- EN: SUV → cs-CZ: SUV | Definition: Sport Utility Vehicle, a larger car often with off-road capability and more passenger/cargo space. | Notes: Typ auta
- EN: tax → cs-CZ: daň | Definition: Compulsory financial charges imposed by a government.
- EN: Terms of Service → cs-CZ: Smluvní podmínky | Definition: The rules and conditions for using a service.
- EN: Top Provider → cs-CZ: Výhodný poskytovatel | Definition: A booking partner that meets our top-quality criteria, demonstrated by a high Partner Quality Score, strong price accuracy, and reliable downstream visibility. This designation helps travelers make informed choices by identifying partners that offer a trustworthy and seamless booking experience.
- EN: total price → cs-CZ: cena celkem | Definition: The complete cost of a service or product.
- EN: transfer → cs-CZ: přestup/přesun | Definition: The act of moving travelers from one location to another.
- EN: transfer → cs-CZ: přesměrování | Definition: Service or act of moving from one mode of transport to another. | Example: Once you find the car hire deal that's right for you, we'll transfer you directly to the car rental company to make your booking.: "Až najdete nabídku, která vám bude vyhovovat, přesměrujeme vás přímo na autopůjčovnu, kde si rezervaci zamluvíte."
- EN: transmission → cs-CZ: převodovka | Definition: The mechanism by which power is transmitted from the engine to the wheels in a vehicle.
- EN: travel agent → cs-CZ: zaměstnanec cestovní kanceláře | Definition: A professional who plans and books travel arrangements for clients.
- EN: travel Hack → cs-CZ: cestovní tipy | Definition: Tips and strategies for making travel easier or cheaper. | Example: The ultimate travel hack: Explore everywhere: "Ten nejlepší cestovní tip: Objevujte svět."
- EN: travel insurance → cs-CZ: cestovní pojištění | Definition: Coverage for risks associated with travel, such as trip cancellations and medical emergencies.
- EN: Travel Tuesday → cs-CZ: Travel Tuesday / Cestovatelské úterý | Definition: A marketing initiative on the Tuesday after Thanksgiving, offering significant discounts on travel-related purchases like flights and hotels. | Notes: This initiative is not common in the Czech republic.  Most of the population is not familiar with it at all. | Example: Cestujte výhodně v rámci Travel Tuesday. 
Šťastné Cestovatelské úterý
- EN: traveller → cs-CZ: cestující/cestovatel | Definition: An individual who is traveling.
- EN: trip → cs-CZ: cesta | Definition: A journey from one place to another. | Notes: A journey from one place to another.
- EN: Underrated Destinations → cs-CZ: Nedoceněné destinace | Definition: Travel locations that are less popular but worth visiting. | Notes: Travel locations that are less popular but worth visiting.
- EN: unique stays → cs-CZ: jedinečné pobyty | Definition: Accommodations that offer unusual or distinctive experiences. | Notes: Accommodations that offer unusual or distinctive experiences.
- EN: unlimited mileage → cs-CZ: neomezený počet najetých kilometrů | Definition: Option allowing unlimited travel distance in a rental vehicle. | Notes: Mileage policy for car hire
- EN: van → cs-CZ: dodávka | Definition: A larger vehicle used for transporting goods or people. | Notes: Typ auta
- EN: vehicle → cs-CZ: vozidlo/auto | Definition: A mode of transportation used to move from one place to another.
- EN: Very good → cs-CZ: Velmi dobré | Definition: Rating indicating high quality or performance. | Notes: Hodnocení
- EN: Vibes → cs-CZ: Nálady | Definition: Vibes is an AI-powered feature developed by Skyscanner that enhances the Explore Everywhere experience by categorising and sorting travel destinations in a smart, intuitive way to inspire travellers. These “vibes” are essentially themed tiles or categories—likely based on mood, activity type, scenery, or travel style (e.g. “beach escape”, “romantic getaway”, “adventurous hiking”)—that help users discover destinations they might not have otherwise considered.
- EN: wagon → cs-CZ: kombi | Definition: A car with a longer body and more cargo space, often with a rear hatch door. | Notes: Typ auta
- EN: Whole month → cs-CZ: Celý měsíc | Definition: Option to view availability and prices for an entire month. | Example: If your travel dates are flexible, use Skyscanner's 'Whole month' tool to find the cheapest month, and even day to fly from @@place@@. Lower case: Select whole month:                 S velkým písmenem na začátku: "Pokud je termín vaší cesty felxibilní, použijte nástroj Skyscanneru "Celý měsíc" a najděte měsíc nebo dokoce den, kdy můžete do destinace .... letět nejlvněji."                                                      Malé písmeno na začátku: Vyberte celý měsíc."
- EN: whole month → cs-CZ: celý měsíc | Definition: Option to view availability and prices for an entire month.
- EN: With honours → cs-CZ: Vyhlášené | Definition: A high distinction or recognition for excellence. | Notes: Hodnocení ubytování od hostů

Draft LQA report to validate and finalize (JSON):

{
  "review_findings": [
    {
      "text": "Rezervaci doporučujeme vyřídit 1 týden předem, což obvykle pomáhá získat výhodnější sazbu.",
      "issue": "A non-breaking space is required between a number and its unit ('1 týden') according to Czech typographic rules.",
      "type_of_issue": "Punctuation/Spelling/Typos",
      "solution": "Insert a non-breaking space between the number '1' and the unit 'týden'.",
      "updated_sentence": "Rezervaci doporučujeme vyřídit 1 týden předem, což obvykle pomáhá získat výhodnější sazbu.",
      "severity": "Minor",
      "score_deduction": 1
    }
  ],
  "overall_feedback": {
    "summary": "The translation is of good quality, with only a minor typographical error identified. The main issue pattern is a failure to adhere to Czech typographical rules, specifically the requirement for a non-breaking space between a number and its corresponding unit.",
    "action_plan": "Implement a post-processing check or remind the linguist to ensure that non-breaking spaces are correctly used in all required contexts (e.g., between numbers and units, after single-letter prepositions) to comply with Czech typographic standards."
  }
}

Return only the final JSON object (must include `corrected_content` for the full section body).

2026-09-01 02:13:41,630 - INFO - [CZ] Agent 2 window 0-29 (30 batches)
2026-09-01 02:13:41,701 - INFO - AFC is enabled with max remote calls: 10.
2026-09-01 02:13:41,704 - INFO - AFC is enabled with max remote calls: 10.
2026-09-01 02:13:41,704 - INFO - AFC is enabled with max remote calls: 10.
2026-09-01 02:13:41,705 - INFO - AFC is enabled with max remote calls: 10.
2026-09-01 02:13:41,706 - INFO - AFC is enabled with max remote calls: 10.
2026-09-01 02:13:41,707 - INFO - AFC is enabled with max remote calls: 10.
2026-09-01 02:13:41,707 - INFO - AFC is enabled with max remote calls: 10.
2026-09-01 02:13:41,708 - INFO - AFC is enabled with max remote calls: 10.
2026-09-01 02:13:41,709 - INFO - AFC is enabled with max remote calls: 10.
2026-09-01 02:13:41,710 - INFO - AFC is enabled with max remote calls: 10.
2026-09-01 02:13:41,710 - INFO - AFC is enabled with max remote calls: 10.
2026-09-01 02:13:41,712 - INFO - AFC is enabled with max remote calls: 10.
2026-09-01 02:13:41,712 - INFO - AFC is enabled with max remote calls: 10.
2026-09-01 02:13:41,714 - INFO - AFC is enabled with max remote calls: 10.
2026-09-01 02:13:41,715 - INFO - AFC is enabled with max remote calls: 10.
2026-09-01 02:13:41,716 - INFO - AFC is enabled with max remote calls: 10.
2026-09-01 02:13:41,717 - INFO - AFC is enabled with max remote calls: 10.
2026-09-01 02:13:41,717 - INFO - AFC is enabled with max remote calls: 10.
2026-09-01 02:13:41,718 - INFO - AFC is enabled with max remote calls: 10.
2026-09-01 02:13:41,719 - INFO - AFC is enabled with max remote calls: 10.
2026-09-01 02:13:41,720 - INFO - AFC is enabled with max remote calls: 10.
2026-09-01 02:13:41,720 - INFO - AFC is enabled with max remote calls: 10.
2026-09-01 02:13:41,721 - INFO - AFC is enabled with max remote calls: 10.
2026-09-01 02:13:41,722 - INFO - AFC is enabled with max remote calls: 10.
2026-09-01 02:13:41,723 - INFO - AFC is enabled with max remote calls: 10.
2026-09-01 02:13:41,723 - INFO - AFC is enabled with max remote calls: 10.
2026-09-01 02:13:41,724 - INFO - AFC is enabled with max remote calls: 10.
2026-09-01 02:13:41,725 - INFO - AFC is enabled with max remote calls: 10.
2026-09-01 02:13:41,726 - INFO - AFC is enabled with max remote calls: 10.
2026-09-01 02:13:41,727 - INFO - AFC is enabled with max remote calls: 10.
2026-09-01 02:13:43,480 - INFO - HTTP Request: POST https://generativelanguage.googleapis.com/v1beta/models/gemini-2.5-pro:generateContent "HTTP/1.1 503 Service Unavailable"
2026-09-01 02:13:43,947 - INFO - HTTP Request: POST https://generativelanguage.googleapis.com/v1beta/models/gemini-2.5-pro:generateContent "HTTP/1.1 503 Service Unavailable"
2026-09-01 02:13:44,469 - INFO - AFC is enabled with max remote calls: 10.
2026-09-01 02:13:44,590 - INFO - AFC is enabled with max remote calls: 10.
2026-09-01 02:13:44,772 - INFO - HTTP Request: POST https://generativelanguage.googleapis.com/v1beta/models/gemini-2.5-pro:generateContent "HTTP/1.1 503 Service Unavailable"
2026-09-01 02:13:45,022 - INFO - HTTP Request: POST https://generativelanguage.googleapis.com/v1beta/models/gemini-2.5-pro:generateContent "HTTP/1.1 503 Service Unavailable"
2026-09-01 02:13:45,024 - INFO - HTTP Request: POST https://generativelanguage.googleapis.com/v1beta/models/gemini-2.5-pro:generateContent "HTTP/1.1 503 Service Unavailable"
2026-09-01 02:13:45,326 - INFO - AFC is enabled with max remote calls: 10.
2026-09-01 02:13:45,354 - INFO - HTTP Request: POST https://generativelanguage.googleapis.com/v1beta/models/gemini-2.5-pro:generateContent "HTTP/1.1 503 Service Unavailable"
2026-09-01 02:13:45,357 - INFO - HTTP Request: POST https://generativelanguage.googleapis.com/v1beta/models/gemini-2.5-pro:generateContent "HTTP/1.1 503 Service Unavailable"
2026-09-01 02:13:45,444 - INFO - AFC is enabled with max remote calls: 10.
2026-09-01 02:13:45,590 - INFO - HTTP Request: POST https://generativelanguage.googleapis.com/v1beta/models/gemini-2.5-pro:generateContent "HTTP/1.1 503 Service Unavailable"
2026-09-01 02:13:45,676 - INFO - AFC is enabled with max remote calls: 10.
2026-09-01 02:13:45,747 - INFO - HTTP Request: POST https://generativelanguage.googleapis.com/v1beta/models/gemini-2.5-pro:generateContent "HTTP/1.1 503 Service Unavailable"
2026-09-01 02:13:45,763 - INFO - HTTP Request: POST https://generativelanguage.googleapis.com/v1beta/models/gemini-2.5-pro:generateContent "HTTP/1.1 503 Service Unavailable"
2026-09-01 02:13:45,764 - INFO - HTTP Request: POST https://generativelanguage.googleapis.com/v1beta/models/gemini-2.5-pro:generateContent "HTTP/1.1 503 Service Unavailable"
2026-09-01 02:13:45,765 - INFO - HTTP Request: POST https://generativelanguage.googleapis.com/v1beta/models/gemini-2.5-pro:generateContent "HTTP/1.1 503 Service Unavailable"
2026-09-01 02:13:45,845 - INFO - AFC is enabled with max remote calls: 10.
2026-09-01 02:13:45,849 - INFO - AFC is enabled with max remote calls: 10.
2026-09-01 02:13:45,942 - INFO - AFC is enabled with max remote calls: 10.
2026-09-01 02:13:46,165 - INFO - AFC is enabled with max remote calls: 10.
2026-09-01 02:13:46,250 - INFO - AFC is enabled with max remote calls: 10.
2026-09-01 02:13:46,348 - INFO - HTTP Request: POST https://generativelanguage.googleapis.com/v1beta/models/gemini-2.5-pro:generateContent "HTTP/1.1 503 Service Unavailable"
2026-09-01 02:13:46,383 - INFO - AFC is enabled with max remote calls: 10.
2026-09-01 02:13:46,428 - INFO - AFC is enabled with max remote calls: 10.
2026-09-01 02:13:46,607 - INFO - AFC is enabled with max remote calls: 10.
2026-09-01 02:13:47,589 - INFO - HTTP Request: POST https://generativelanguage.googleapis.com/v1beta/models/gemini-2.5-pro:generateContent "HTTP/1.1 503 Service Unavailable"
2026-09-01 02:13:47,591 - INFO - HTTP Request: POST https://generativelanguage.googleapis.com/v1beta/models/gemini-2.5-pro:generateContent "HTTP/1.1 503 Service Unavailable"
2026-09-01 02:13:47,681 - INFO - HTTP Request: POST https://generativelanguage.googleapis.com/v1beta/models/gemini-2.5-pro:generateContent "HTTP/1.1 503 Service Unavailable"
2026-09-01 02:13:47,731 - INFO - HTTP Request: POST https://generativelanguage.googleapis.com/v1beta/models/gemini-2.5-pro:generateContent "HTTP/1.1 503 Service Unavailable"
2026-09-01 02:13:47,736 - INFO - HTTP Request: POST https://generativelanguage.googleapis.com/v1beta/models/gemini-2.5-pro:generateContent "HTTP/1.1 503 Service Unavailable"
2026-09-01 02:13:47,833 - INFO - HTTP Request: POST https://generativelanguage.googleapis.com/v1beta/models/gemini-2.5-pro:generateContent "HTTP/1.1 503 Service Unavailable"
2026-09-01 02:13:47,895 - INFO - AFC is enabled with max remote calls: 10.
2026-09-01 02:13:48,206 - INFO - AFC is enabled with max remote calls: 10.
2026-09-01 02:13:48,274 - INFO - AFC is enabled with max remote calls: 10.
2026-09-01 02:13:48,453 - INFO - AFC is enabled with max remote calls: 10.
2026-09-01 02:13:48,607 - INFO - AFC is enabled with max remote calls: 10.
2026-09-01 02:13:48,875 - INFO - HTTP Request: POST https://generativelanguage.googleapis.com/v1beta/models/gemini-2.5-pro:generateContent "HTTP/1.1 503 Service Unavailable"
2026-09-01 02:13:49,015 - INFO - HTTP Request: POST https://generativelanguage.googleapis.com/v1beta/models/gemini-2.5-pro:generateContent "HTTP/1.1 503 Service Unavailable"
2026-09-01 02:13:49,020 - INFO - HTTP Request: POST https://generativelanguage.googleapis.com/v1beta/models/gemini-2.5-pro:generateContent "HTTP/1.1 503 Service Unavailable"
2026-09-01 02:13:49,154 - INFO - HTTP Request: POST https://generativelanguage.googleapis.com/v1beta/models/gemini-2.5-pro:generateContent "HTTP/1.1 503 Service Unavailable"
2026-09-01 02:13:49,372 - INFO - AFC is enabled with max remote calls: 10.
2026-09-01 02:13:49,556 - INFO - AFC is enabled with max remote calls: 10.
2026-09-01 02:13:49,584 - INFO - AFC is enabled with max remote calls: 10.
2026-09-01 02:13:49,809 - INFO - AFC is enabled with max remote calls: 10.
2026-09-01 02:13:49,934 - INFO - AFC is enabled with max remote calls: 10.
2026-09-01 02:13:50,765 - INFO - HTTP Request: POST https://generativelanguage.googleapis.com/v1beta/models/gemini-2.5-pro:generateContent "HTTP/1.1 503 Service Unavailable"
2026-09-01 02:13:51,952 - INFO - AFC is enabled with max remote calls: 10.
2026-09-01 02:13:59,714 - INFO - AFC is enabled with max remote calls: 10.
2026-09-01 02:14:00,584 - INFO - AFC is enabled with max remote calls: 10.
2026-09-01 02:14:10,366 - INFO - HTTP Request: POST https://generativelanguage.googleapis.com/v1beta/models/gemini-2.5-pro:generateContent "HTTP/1.1 200 OK"
2026-09-01 02:14:11,321 - INFO - HTTP Request: POST https://generativelanguage.googleapis.com/v1beta/models/gemini-2.5-pro:generateContent "HTTP/1.1 200 OK"
2026-09-01 02:14:12,392 - INFO - HTTP Request: POST https://generativelanguage.googleapis.com/v1beta/models/gemini-2.5-pro:generateContent "HTTP/1.1 200 OK"
2026-09-01 02:14:12,813 - INFO - HTTP Request: POST https://generativelanguage.googleapis.com/v1beta/models/gemini-2.5-pro:generateContent "HTTP/1.1 200 OK"
2026-09-01 02:14:14,966 - INFO - HTTP Request: POST https://generativelanguage.googleapis.com/v1beta/models/gemini-2.5-pro:generateContent "HTTP/1.1 200 OK"
2026-09-01 02:14:15,531 - INFO - HTTP Request: POST https://generativelanguage.googleapis.com/v1beta/models/gemini-2.5-pro:generateContent "HTTP/1.1 200 OK"
2026-09-01 02:14:17,869 - INFO - HTTP Request: POST https://generativelanguage.googleapis.com/v1beta/models/gemini-2.5-pro:generateContent "HTTP/1.1 200 OK"
2026-09-01 02:14:18,321 - INFO - HTTP Request: POST https://generativelanguage.googleapis.com/v1beta/models/gemini-2.5-pro:generateContent "HTTP/1.1 200 OK"
2026-09-01 02:14:18,644 - INFO - HTTP Request: POST https://generativelanguage.googleapis.com/v1beta/models/gemini-2.5-pro:generateContent "HTTP/1.1 200 OK"
2026-09-01 02:14:20,225 - INFO - HTTP Request: POST https://generativelanguage.googleapis.com/v1beta/models/gemini-2.5-pro:generateContent "HTTP/1.1 200 OK"
2026-09-01 02:14:21,350 - INFO - HTTP Request: POST https://generativelanguage.googleapis.com/v1beta/models/gemini-2.5-pro:generateContent "HTTP/1.1 200 OK"
2026-09-01 02:14:22,467 - INFO - HTTP Request: POST https://generativelanguage.googleapis.com/v1beta/models/gemini-2.5-pro:generateContent "HTTP/1.1 200 OK"
2026-09-01 02:14:22,630 - INFO - HTTP Request: POST https://generativelanguage.googleapis.com/v1beta/models/gemini-2.5-pro:generateContent "HTTP/1.1 200 OK"
2026-09-01 02:14:24,048 - INFO - HTTP Request: POST https://generativelanguage.googleapis.com/v1beta/models/gemini-2.5-pro:generateContent "HTTP/1.1 200 OK"
2026-09-01 02:14:24,052 - INFO - HTTP Request: POST https://generativelanguage.googleapis.com/v1beta/models/gemini-2.5-pro:generateContent "HTTP/1.1 200 OK"
2026-09-01 02:14:24,919 - INFO - HTTP Request: POST https://generativelanguage.googleapis.com/v1beta/models/gemini-2.5-pro:generateContent "HTTP/1.1 200 OK"
2026-09-01 02:14:26,147 - INFO - HTTP Request: POST https://generativelanguage.googleapis.com/v1beta/models/gemini-2.5-pro:generateContent "HTTP/1.1 200 OK"
2026-09-01 02:14:27,167 - INFO - HTTP Request: POST https://generativelanguage.googleapis.com/v1beta/models/gemini-2.5-pro:generateContent "HTTP/1.1 200 OK"
2026-09-01 02:14:28,113 - INFO - HTTP Request: POST https://generativelanguage.googleapis.com/v1beta/models/gemini-2.5-pro:generateContent "HTTP/1.1 200 OK"
2026-09-01 02:14:28,282 - INFO - HTTP Request: POST https://generativelanguage.googleapis.com/v1beta/models/gemini-2.5-pro:generateContent "HTTP/1.1 200 OK"
2026-09-01 02:14:30,160 - INFO - HTTP Request: POST https://generativelanguage.googleapis.com/v1beta/models/gemini-2.5-pro:generateContent "HTTP/1.1 200 OK"
2026-09-01 02:14:30,402 - INFO - HTTP Request: POST https://generativelanguage.googleapis.com/v1beta/models/gemini-2.5-pro:generateContent "HTTP/1.1 200 OK"
2026-09-01 02:14:31,666 - INFO - HTTP Request: POST https://generativelanguage.googleapis.com/v1beta/models/gemini-2.5-pro:generateContent "HTTP/1.1 200 OK"
2026-09-01 02:14:36,224 - INFO - HTTP Request: POST https://generativelanguage.googleapis.com/v1beta/models/gemini-2.5-pro:generateContent "HTTP/1.1 200 OK"
2026-09-01 02:14:36,612 - INFO - HTTP Request: POST https://generativelanguage.googleapis.com/v1beta/models/gemini-2.5-pro:generateContent "HTTP/1.1 200 OK"
2026-09-01 02:14:38,237 - INFO - HTTP Request: POST https://generativelanguage.googleapis.com/v1beta/models/gemini-2.5-pro:generateContent "HTTP/1.1 200 OK"
2026-09-01 02:14:38,782 - INFO - HTTP Request: POST https://generativelanguage.googleapis.com/v1beta/models/gemini-2.5-pro:generateContent "HTTP/1.1 200 OK"
2026-09-01 02:14:40,919 - INFO - HTTP Request: POST https://generativelanguage.googleapis.com/v1beta/models/gemini-2.5-pro:generateContent "HTTP/1.1 200 OK"
2026-09-01 02:14:46,661 - INFO - HTTP Request: POST https://generativelanguage.googleapis.com/v1beta/models/gemini-2.5-pro:generateContent "HTTP/1.1 200 OK"
2026-09-01 02:14:57,872 - INFO - HTTP Request: POST https://generativelanguage.googleapis.com/v1beta/models/gemini-2.5-pro:generateContent "HTTP/1.1 200 OK"
2026-09-01 02:14:57,882 - INFO - [CZ] Waiting 10.0s before next Agent 2 window…
2026-09-01 02:15:07,887 - INFO - [CZ] Agent 2 window 30-59 (30 batches)
2026-09-01 02:15:07,968 - INFO - AFC is enabled with max remote calls: 10.
2026-09-01 02:15:07,974 - INFO - AFC is enabled with max remote calls: 10.
2026-09-01 02:15:07,976 - INFO - AFC is enabled with max remote calls: 10.
2026-09-01 02:15:07,977 - INFO - AFC is enabled with max remote calls: 10.
2026-09-01 02:15:07,978 - INFO - AFC is enabled with max remote calls: 10.
2026-09-01 02:15:07,979 - INFO - AFC is enabled with max remote calls: 10.
2026-09-01 02:15:07,980 - INFO - AFC is enabled with max remote calls: 10.
2026-09-01 02:15:07,981 - INFO - AFC is enabled with max remote calls: 10.
2026-09-01 02:15:07,982 - INFO - AFC is enabled with max remote calls: 10.
2026-09-01 02:15:07,983 - INFO - AFC is enabled with max remote calls: 10.
2026-09-01 02:15:07,984 - INFO - AFC is enabled with max remote calls: 10.
2026-09-01 02:15:07,985 - INFO - AFC is enabled with max remote calls: 10.
2026-09-01 02:15:07,985 - INFO - AFC is enabled with max remote calls: 10.
2026-09-01 02:15:07,986 - INFO - AFC is enabled with max remote calls: 10.
2026-09-01 02:15:08,001 - INFO - AFC is enabled with max remote calls: 10.
2026-09-01 02:15:08,003 - INFO - AFC is enabled with max remote calls: 10.
2026-09-01 02:15:08,004 - INFO - AFC is enabled with max remote calls: 10.
2026-09-01 02:15:08,005 - INFO - AFC is enabled with max remote calls: 10.
2026-09-01 02:15:08,006 - INFO - AFC is enabled with max remote calls: 10.
2026-09-01 02:15:08,007 - INFO - AFC is enabled with max remote calls: 10.
2026-09-01 02:15:08,009 - INFO - AFC is enabled with max remote calls: 10.
2026-09-01 02:15:08,010 - INFO - AFC is enabled with max remote calls: 10.
2026-09-01 02:15:08,010 - INFO - AFC is enabled with max remote calls: 10.
2026-09-01 02:15:08,011 - INFO - AFC is enabled with max remote calls: 10.
2026-09-01 02:15:08,013 - INFO - AFC is enabled with max remote calls: 10.
2026-09-01 02:15:08,014 - INFO - AFC is enabled with max remote calls: 10.
2026-09-01 02:15:08,015 - INFO - AFC is enabled with max remote calls: 10.
2026-09-01 02:15:08,016 - INFO - AFC is enabled with max remote calls: 10.
2026-09-01 02:15:08,016 - INFO - AFC is enabled with max remote calls: 10.
2026-09-01 02:15:08,017 - INFO - AFC is enabled with max remote calls: 10.
2026-09-01 02:15:27,481 - INFO - HTTP Request: POST https://generativelanguage.googleapis.com/v1beta/models/gemini-2.5-pro:generateContent "HTTP/1.1 200 OK"
2026-09-01 02:15:29,371 - INFO - HTTP Request: POST https://generativelanguage.googleapis.com/v1beta/models/gemini-2.5-pro:generateContent "HTTP/1.1 200 OK"
2026-09-01 02:15:29,447 - INFO - HTTP Request: POST https://generativelanguage.googleapis.com/v1beta/models/gemini-2.5-pro:generateContent "HTTP/1.1 200 OK"
2026-09-01 02:15:30,143 - INFO - HTTP Request: POST https://generativelanguage.googleapis.com/v1beta/models/gemini-2.5-pro:generateContent "HTTP/1.1 200 OK"
2026-09-01 02:15:31,129 - INFO - HTTP Request: POST https://generativelanguage.googleapis.com/v1beta/models/gemini-2.5-pro:generateContent "HTTP/1.1 200 OK"
2026-09-01 02:15:31,288 - INFO - HTTP Request: POST https://generativelanguage.googleapis.com/v1beta/models/gemini-2.5-pro:generateContent "HTTP/1.1 200 OK"
2026-09-01 02:15:32,862 - INFO - HTTP Request: POST https://generativelanguage.googleapis.com/v1beta/models/gemini-2.5-pro:generateContent "HTTP/1.1 200 OK"
2026-09-01 02:15:33,089 - INFO - HTTP Request: POST https://generativelanguage.googleapis.com/v1beta/models/gemini-2.5-pro:generateContent "HTTP/1.1 200 OK"
2026-09-01 02:15:33,745 - INFO - HTTP Request: POST https://generativelanguage.googleapis.com/v1beta/models/gemini-2.5-pro:generateContent "HTTP/1.1 200 OK"
2026-09-01 02:15:35,014 - INFO - HTTP Request: POST https://generativelanguage.googleapis.com/v1beta/models/gemini-2.5-pro:generateContent "HTTP/1.1 200 OK"
2026-09-01 02:15:35,597 - INFO - HTTP Request: POST https://generativelanguage.googleapis.com/v1beta/models/gemini-2.5-pro:generateContent "HTTP/1.1 200 OK"
2026-09-01 02:15:35,600 - INFO - HTTP Request: POST https://generativelanguage.googleapis.com/v1beta/models/gemini-2.5-pro:generateContent "HTTP/1.1 200 OK"
2026-09-01 02:15:36,404 - INFO - HTTP Request: POST https://generativelanguage.googleapis.com/v1beta/models/gemini-2.5-pro:generateContent "HTTP/1.1 200 OK"
2026-09-01 02:15:36,534 - INFO - HTTP Request: POST https://generativelanguage.googleapis.com/v1beta/models/gemini-2.5-pro:generateContent "HTTP/1.1 200 OK"
2026-09-01 02:15:38,541 - INFO - HTTP Request: POST https://generativelanguage.googleapis.com/v1beta/models/gemini-2.5-pro:generateContent "HTTP/1.1 200 OK"
2026-09-01 02:15:39,163 - INFO - HTTP Request: POST https://generativelanguage.googleapis.com/v1beta/models/gemini-2.5-pro:generateContent "HTTP/1.1 200 OK"
2026-09-01 02:15:40,487 - INFO - HTTP Request: POST https://generativelanguage.googleapis.com/v1beta/models/gemini-2.5-pro:generateContent "HTTP/1.1 200 OK"
2026-09-01 02:15:42,415 - INFO - HTTP Request: POST https://generativelanguage.googleapis.com/v1beta/models/gemini-2.5-pro:generateContent "HTTP/1.1 200 OK"
2026-09-01 02:15:43,228 - INFO - HTTP Request: POST https://generativelanguage.googleapis.com/v1beta/models/gemini-2.5-pro:generateContent "HTTP/1.1 200 OK"
2026-09-01 02:15:43,561 - INFO - HTTP Request: POST https://generativelanguage.googleapis.com/v1beta/models/gemini-2.5-pro:generateContent "HTTP/1.1 200 OK"
2026-09-01 02:15:45,275 - INFO - HTTP Request: POST https://generativelanguage.googleapis.com/v1beta/models/gemini-2.5-pro:generateContent "HTTP/1.1 200 OK"
2026-09-01 02:15:47,459 - INFO - HTTP Request: POST https://generativelanguage.googleapis.com/v1beta/models/gemini-2.5-pro:generateContent "HTTP/1.1 200 OK"
2026-09-01 02:15:48,430 - INFO - HTTP Request: POST https://generativelanguage.googleapis.com/v1beta/models/gemini-2.5-pro:generateContent "HTTP/1.1 200 OK"
2026-09-01 02:15:48,879 - INFO - HTTP Request: POST https://generativelanguage.googleapis.com/v1beta/models/gemini-2.5-pro:generateContent "HTTP/1.1 200 OK"
2026-09-01 02:15:49,390 - INFO - HTTP Request: POST https://generativelanguage.googleapis.com/v1beta/models/gemini-2.5-pro:generateContent "HTTP/1.1 200 OK"
2026-09-01 02:15:50,022 - INFO - HTTP Request: POST https://generativelanguage.googleapis.com/v1beta/models/gemini-2.5-pro:generateContent "HTTP/1.1 200 OK"
2026-09-01 02:15:55,165 - INFO - HTTP Request: POST https://generativelanguage.googleapis.com/v1beta/models/gemini-2.5-pro:generateContent "HTTP/1.1 200 OK"
2026-09-01 02:15:56,966 - INFO - HTTP Request: POST https://generativelanguage.googleapis.com/v1beta/models/gemini-2.5-pro:generateContent "HTTP/1.1 200 OK"
2026-09-01 02:15:57,632 - INFO - HTTP Request: POST https://generativelanguage.googleapis.com/v1beta/models/gemini-2.5-pro:generateContent "HTTP/1.1 200 OK"
2026-09-01 02:15:57,834 - INFO - HTTP Request: POST https://generativelanguage.googleapis.com/v1beta/models/gemini-2.5-pro:generateContent "HTTP/1.1 200 OK"
2026-09-01 02:15:57,840 - INFO - [CZ] Waiting 10.0s before next Agent 2 window…
2026-09-01 02:16:07,846 - INFO - [CZ] Agent 2 window 60-89 (30 batches)
2026-09-01 02:16:07,927 - INFO - AFC is enabled with max remote calls: 10.
2026-09-01 02:16:07,932 - INFO - AFC is enabled with max remote calls: 10.
2026-09-01 02:16:07,933 - INFO - AFC is enabled with max remote calls: 10.
2026-09-01 02:16:07,936 - INFO - AFC is enabled with max remote calls: 10.
2026-09-01 02:16:07,938 - INFO - AFC is enabled with max remote calls: 10.
2026-09-01 02:16:07,939 - INFO - AFC is enabled with max remote calls: 10.
2026-09-01 02:16:07,942 - INFO - AFC is enabled with max remote calls: 10.
2026-09-01 02:16:07,943 - INFO - AFC is enabled with max remote calls: 10.
2026-09-01 02:16:07,945 - INFO - AFC is enabled with max remote calls: 10.
2026-09-01 02:16:07,949 - INFO - AFC is enabled with max remote calls: 10.
2026-09-01 02:16:07,951 - INFO - AFC is enabled with max remote calls: 10.
2026-09-01 02:16:07,953 - INFO - AFC is enabled with max remote calls: 10.
2026-09-01 02:16:07,954 - INFO - AFC is enabled with max remote calls: 10.
2026-09-01 02:16:07,955 - INFO - AFC is enabled with max remote calls: 10.
2026-09-01 02:16:07,959 - INFO - AFC is enabled with max remote calls: 10.
2026-09-01 02:16:07,976 - INFO - AFC is enabled with max remote calls: 10.
2026-09-01 02:16:07,978 - INFO - AFC is enabled with max remote calls: 10.
2026-09-01 02:16:07,981 - INFO - AFC is enabled with max remote calls: 10.
2026-09-01 02:16:07,984 - INFO - AFC is enabled with max remote calls: 10.
2026-09-01 02:16:07,986 - INFO - AFC is enabled with max remote calls: 10.
2026-09-01 02:16:07,988 - INFO - AFC is enabled with max remote calls: 10.
2026-09-01 02:16:07,990 - INFO - AFC is enabled with max remote calls: 10.
2026-09-01 02:16:07,991 - INFO - AFC is enabled with max remote calls: 10.
2026-09-01 02:16:07,992 - INFO - AFC is enabled with max remote calls: 10.
2026-09-01 02:16:07,993 - INFO - AFC is enabled with max remote calls: 10.
2026-09-01 02:16:07,995 - INFO - AFC is enabled with max remote calls: 10.
2026-09-01 02:16:07,996 - INFO - AFC is enabled with max remote calls: 10.
2026-09-01 02:16:07,997 - INFO - AFC is enabled with max remote calls: 10.
2026-09-01 02:16:07,998 - INFO - AFC is enabled with max remote calls: 10.
2026-09-01 02:16:07,999 - INFO - AFC is enabled with max remote calls: 10.
2026-09-01 02:16:25,996 - INFO - HTTP Request: POST https://generativelanguage.googleapis.com/v1beta/models/gemini-2.5-pro:generateContent "HTTP/1.1 200 OK"
2026-09-01 02:16:26,945 - INFO - HTTP Request: POST https://generativelanguage.googleapis.com/v1beta/models/gemini-2.5-pro:generateContent "HTTP/1.1 200 OK"
2026-09-01 02:16:28,347 - INFO - HTTP Request: POST https://generativelanguage.googleapis.com/v1beta/models/gemini-2.5-pro:generateContent "HTTP/1.1 200 OK"
2026-09-01 02:16:29,681 - INFO - HTTP Request: POST https://generativelanguage.googleapis.com/v1beta/models/gemini-2.5-pro:generateContent "HTTP/1.1 200 OK"
2026-09-01 02:16:30,492 - INFO - HTTP Request: POST https://generativelanguage.googleapis.com/v1beta/models/gemini-2.5-pro:generateContent "HTTP/1.1 200 OK"
2026-09-01 02:16:30,707 - INFO - HTTP Request: POST https://generativelanguage.googleapis.com/v1beta/models/gemini-2.5-pro:generateContent "HTTP/1.1 200 OK"
2026-09-01 02:16:30,833 - INFO - HTTP Request: POST https://generativelanguage.googleapis.com/v1beta/models/gemini-2.5-pro:generateContent "HTTP/1.1 200 OK"
2026-09-01 02:16:31,088 - INFO - HTTP Request: POST https://generativelanguage.googleapis.com/v1beta/models/gemini-2.5-pro:generateContent "HTTP/1.1 200 OK"
2026-09-01 02:16:33,129 - INFO - HTTP Request: POST https://generativelanguage.googleapis.com/v1beta/models/gemini-2.5-pro:generateContent "HTTP/1.1 200 OK"
2026-09-01 02:16:33,506 - INFO - HTTP Request: POST https://generativelanguage.googleapis.com/v1beta/models/gemini-2.5-pro:generateContent "HTTP/1.1 200 OK"
2026-09-01 02:16:34,280 - INFO - HTTP Request: POST https://generativelanguage.googleapis.com/v1beta/models/gemini-2.5-pro:generateContent "HTTP/1.1 200 OK"
2026-09-01 02:16:36,043 - INFO - HTTP Request: POST https://generativelanguage.googleapis.com/v1beta/models/gemini-2.5-pro:generateContent "HTTP/1.1 200 OK"
2026-09-01 02:16:36,691 - INFO - HTTP Request: POST https://generativelanguage.googleapis.com/v1beta/models/gemini-2.5-pro:generateContent "HTTP/1.1 200 OK"
2026-09-01 02:16:36,749 - INFO - HTTP Request: POST https://generativelanguage.googleapis.com/v1beta/models/gemini-2.5-pro:generateContent "HTTP/1.1 200 OK"
2026-09-01 02:16:37,069 - INFO - HTTP Request: POST https://generativelanguage.googleapis.com/v1beta/models/gemini-2.5-pro:generateContent "HTTP/1.1 200 OK"
2026-09-01 02:16:37,314 - INFO - HTTP Request: POST https://generativelanguage.googleapis.com/v1beta/models/gemini-2.5-pro:generateContent "HTTP/1.1 200 OK"
2026-09-01 02:16:37,504 - INFO - HTTP Request: POST https://generativelanguage.googleapis.com/v1beta/models/gemini-2.5-pro:generateContent "HTTP/1.1 200 OK"
2026-09-01 02:16:37,635 - INFO - HTTP Request: POST https://generativelanguage.googleapis.com/v1beta/models/gemini-2.5-pro:generateContent "HTTP/1.1 200 OK"
2026-09-01 02:16:38,134 - INFO - HTTP Request: POST https://generativelanguage.googleapis.com/v1beta/models/gemini-2.5-pro:generateContent "HTTP/1.1 200 OK"
2026-09-01 02:16:38,723 - INFO - HTTP Request: POST https://generativelanguage.googleapis.com/v1beta/models/gemini-2.5-pro:generateContent "HTTP/1.1 200 OK"
2026-09-01 02:16:40,265 - INFO - HTTP Request: POST https://generativelanguage.googleapis.com/v1beta/models/gemini-2.5-pro:generateContent "HTTP/1.1 200 OK"
2026-09-01 02:16:40,630 - INFO - HTTP Request: POST https://generativelanguage.googleapis.com/v1beta/models/gemini-2.5-pro:generateContent "HTTP/1.1 200 OK"
2026-09-01 02:16:41,263 - INFO - HTTP Request: POST https://generativelanguage.googleapis.com/v1beta/models/gemini-2.5-pro:generateContent "HTTP/1.1 200 OK"
2026-09-01 02:16:41,590 - INFO - HTTP Request: POST https://generativelanguage.googleapis.com/v1beta/models/gemini-2.5-pro:generateContent "HTTP/1.1 200 OK"
2026-09-01 02:16:41,908 - INFO - HTTP Request: POST https://generativelanguage.googleapis.com/v1beta/models/gemini-2.5-pro:generateContent "HTTP/1.1 200 OK"
2026-09-01 02:16:42,854 - INFO - HTTP Request: POST https://generativelanguage.googleapis.com/v1beta/models/gemini-2.5-pro:generateContent "HTTP/1.1 200 OK"
2026-09-01 02:16:43,599 - INFO - HTTP Request: POST https://generativelanguage.googleapis.com/v1beta/models/gemini-2.5-pro:generateContent "HTTP/1.1 200 OK"
2026-09-01 02:16:43,996 - INFO - HTTP Request: POST https://generativelanguage.googleapis.com/v1beta/models/gemini-2.5-pro:generateContent "HTTP/1.1 200 OK"
2026-09-01 02:16:50,308 - INFO - HTTP Request: POST https://generativelanguage.googleapis.com/v1beta/models/gemini-2.5-pro:generateContent "HTTP/1.1 200 OK"
2026-09-01 02:16:58,647 - INFO - HTTP Request: POST https://generativelanguage.googleapis.com/v1beta/models/gemini-2.5-pro:generateContent "HTTP/1.1 200 OK"
2026-09-01 02:16:58,664 - INFO - [CZ] Waiting 10.0s before next Agent 2 window…
2026-09-01 02:17:08,669 - INFO - [CZ] Agent 2 window 90-119 (30 batches)
2026-09-01 02:17:08,763 - INFO - AFC is enabled with max remote calls: 10.
2026-09-01 02:17:08,770 - INFO - AFC is enabled with max remote calls: 10.
2026-09-01 02:17:08,774 - INFO - AFC is enabled with max remote calls: 10.
2026-09-01 02:17:08,776 - INFO - AFC is enabled with max remote calls: 10.
2026-09-01 02:17:08,779 - INFO - AFC is enabled with max remote calls: 10.
2026-09-01 02:17:08,781 - INFO - AFC is enabled with max remote calls: 10.
2026-09-01 02:17:08,783 - INFO - AFC is enabled with max remote calls: 10.
2026-09-01 02:17:08,784 - INFO - AFC is enabled with max remote calls: 10.
2026-09-01 02:17:08,785 - INFO - AFC is enabled with max remote calls: 10.
2026-09-01 02:17:08,789 - INFO - AFC is enabled with max remote calls: 10.
2026-09-01 02:17:08,790 - INFO - AFC is enabled with max remote calls: 10.
2026-09-01 02:17:08,792 - INFO - AFC is enabled with max remote calls: 10.
2026-09-01 02:17:08,793 - INFO - AFC is enabled with max remote calls: 10.
2026-09-01 02:17:08,794 - INFO - AFC is enabled with max remote calls: 10.
2026-09-01 02:17:08,798 - INFO - AFC is enabled with max remote calls: 10.
2026-09-01 02:17:08,807 - INFO - AFC is enabled with max remote calls: 10.
2026-09-01 02:17:08,809 - INFO - AFC is enabled with max remote calls: 10.
2026-09-01 02:17:08,810 - INFO - AFC is enabled with max remote calls: 10.
2026-09-01 02:17:08,811 - INFO - AFC is enabled with max remote calls: 10.
2026-09-01 02:17:08,813 - INFO - AFC is enabled with max remote calls: 10.
2026-09-01 02:17:08,814 - INFO - AFC is enabled with max remote calls: 10.
2026-09-01 02:17:08,815 - INFO - AFC is enabled with max remote calls: 10.
2026-09-01 02:17:08,816 - INFO - AFC is enabled with max remote calls: 10.
2026-09-01 02:17:08,817 - INFO - AFC is enabled with max remote calls: 10.
2026-09-01 02:17:08,819 - INFO - AFC is enabled with max remote calls: 10.
2026-09-01 02:17:08,819 - INFO - AFC is enabled with max remote calls: 10.
2026-09-01 02:17:08,820 - INFO - AFC is enabled with max remote calls: 10.
2026-09-01 02:17:08,821 - INFO - AFC is enabled with max remote calls: 10.
2026-09-01 02:17:08,821 - INFO - AFC is enabled with max remote calls: 10.
2026-09-01 02:17:08,823 - INFO - AFC is enabled with max remote calls: 10.
2026-09-01 02:17:24,777 - INFO - HTTP Request: POST https://generativelanguage.googleapis.com/v1beta/models/gemini-2.5-pro:generateContent "HTTP/1.1 200 OK"
2026-09-01 02:17:26,441 - INFO - HTTP Request: POST https://generativelanguage.googleapis.com/v1beta/models/gemini-2.5-pro:generateContent "HTTP/1.1 200 OK"
2026-09-01 02:17:26,621 - INFO - HTTP Request: POST https://generativelanguage.googleapis.com/v1beta/models/gemini-2.5-pro:generateContent "HTTP/1.1 200 OK"
2026-09-01 02:17:26,816 - INFO - HTTP Request: POST https://generativelanguage.googleapis.com/v1beta/models/gemini-2.5-pro:generateContent "HTTP/1.1 200 OK"
2026-09-01 02:17:28,341 - INFO - HTTP Request: POST https://generativelanguage.googleapis.com/v1beta/models/gemini-2.5-pro:generateContent "HTTP/1.1 200 OK"
2026-09-01 02:17:29,478 - INFO - HTTP Request: POST https://generativelanguage.googleapis.com/v1beta/models/gemini-2.5-pro:generateContent "HTTP/1.1 200 OK"
2026-09-01 02:17:32,035 - INFO - HTTP Request: POST https://generativelanguage.googleapis.com/v1beta/models/gemini-2.5-pro:generateContent "HTTP/1.1 200 OK"
2026-09-01 02:17:32,343 - INFO - HTTP Request: POST https://generativelanguage.googleapis.com/v1beta/models/gemini-2.5-pro:generateContent "HTTP/1.1 200 OK"
2026-09-01 02:17:35,798 - INFO - HTTP Request: POST https://generativelanguage.googleapis.com/v1beta/models/gemini-2.5-pro:generateContent "HTTP/1.1 200 OK"
2026-09-01 02:17:36,867 - INFO - HTTP Request: POST https://generativelanguage.googleapis.com/v1beta/models/gemini-2.5-pro:generateContent "HTTP/1.1 200 OK"
2026-09-01 02:17:37,264 - INFO - HTTP Request: POST https://generativelanguage.googleapis.com/v1beta/models/gemini-2.5-pro:generateContent "HTTP/1.1 200 OK"
2026-09-01 02:17:38,082 - INFO - HTTP Request: POST https://generativelanguage.googleapis.com/v1beta/models/gemini-2.5-pro:generateContent "HTTP/1.1 200 OK"
2026-09-01 02:17:38,715 - INFO - HTTP Request: POST https://generativelanguage.googleapis.com/v1beta/models/gemini-2.5-pro:generateContent "HTTP/1.1 200 OK"
2026-09-01 02:17:38,895 - INFO - HTTP Request: POST https://generativelanguage.googleapis.com/v1beta/models/gemini-2.5-pro:generateContent "HTTP/1.1 200 OK"
2026-09-01 02:17:39,557 - INFO - HTTP Request: POST https://generativelanguage.googleapis.com/v1beta/models/gemini-2.5-pro:generateContent "HTTP/1.1 200 OK"
2026-09-01 02:17:40,044 - INFO - HTTP Request: POST https://generativelanguage.googleapis.com/v1beta/models/gemini-2.5-pro:generateContent "HTTP/1.1 200 OK"
2026-09-01 02:17:40,756 - INFO - HTTP Request: POST https://generativelanguage.googleapis.com/v1beta/models/gemini-2.5-pro:generateContent "HTTP/1.1 200 OK"
2026-09-01 02:17:41,440 - INFO - HTTP Request: POST https://generativelanguage.googleapis.com/v1beta/models/gemini-2.5-pro:generateContent "HTTP/1.1 200 OK"
2026-09-01 02:17:41,502 - INFO - HTTP Request: POST https://generativelanguage.googleapis.com/v1beta/models/gemini-2.5-pro:generateContent "HTTP/1.1 200 OK"
2026-09-01 02:17:43,041 - INFO - HTTP Request: POST https://generativelanguage.googleapis.com/v1beta/models/gemini-2.5-pro:generateContent "HTTP/1.1 200 OK"
2026-09-01 02:17:45,205 - INFO - HTTP Request: POST https://generativelanguage.googleapis.com/v1beta/models/gemini-2.5-pro:generateContent "HTTP/1.1 200 OK"
2026-09-01 02:17:45,822 - INFO - HTTP Request: POST https://generativelanguage.googleapis.com/v1beta/models/gemini-2.5-pro:generateContent "HTTP/1.1 200 OK"
2026-09-01 02:17:46,421 - INFO - HTTP Request: POST https://generativelanguage.googleapis.com/v1beta/models/gemini-2.5-pro:generateContent "HTTP/1.1 200 OK"
2026-09-01 02:17:46,716 - INFO - HTTP Request: POST https://generativelanguage.googleapis.com/v1beta/models/gemini-2.5-pro:generateContent "HTTP/1.1 200 OK"
2026-09-01 02:17:47,547 - INFO - HTTP Request: POST https://generativelanguage.googleapis.com/v1beta/models/gemini-2.5-pro:generateContent "HTTP/1.1 200 OK"
2026-09-01 02:17:51,625 - INFO - HTTP Request: POST https://generativelanguage.googleapis.com/v1beta/models/gemini-2.5-pro:generateContent "HTTP/1.1 200 OK"
2026-09-01 02:17:52,704 - INFO - HTTP Request: POST https://generativelanguage.googleapis.com/v1beta/models/gemini-2.5-pro:generateContent "HTTP/1.1 200 OK"
2026-09-01 02:17:54,683 - INFO - HTTP Request: POST https://generativelanguage.googleapis.com/v1beta/models/gemini-2.5-pro:generateContent "HTTP/1.1 200 OK"
2026-09-01 02:17:57,744 - INFO - HTTP Request: POST https://generativelanguage.googleapis.com/v1beta/models/gemini-2.5-pro:generateContent "HTTP/1.1 200 OK"
2026-09-01 02:18:05,434 - INFO - HTTP Request: POST https://generativelanguage.googleapis.com/v1beta/models/gemini-2.5-pro:generateContent "HTTP/1.1 200 OK"
2026-09-01 02:18:05,448 - INFO - [CZ] Waiting 10.0s before next Agent 2 window…
2026-09-01 02:18:15,453 - INFO - [CZ] Agent 2 window 120-149 (30 batches)
2026-09-01 02:18:15,527 - INFO - AFC is enabled with max remote calls: 10.
2026-09-01 02:18:15,531 - INFO - AFC is enabled with max remote calls: 10.
2026-09-01 02:18:15,532 - INFO - AFC is enabled with max remote calls: 10.
2026-09-01 02:18:15,534 - INFO - AFC is enabled with max remote calls: 10.
2026-09-01 02:18:15,536 - INFO - AFC is enabled with max remote calls: 10.
2026-09-01 02:18:15,537 - INFO - AFC is enabled with max remote calls: 10.
2026-09-01 02:18:15,539 - INFO - AFC is enabled with max remote calls: 10.
2026-09-01 02:18:15,540 - INFO - AFC is enabled with max remote calls: 10.
2026-09-01 02:18:15,541 - INFO - AFC is enabled with max remote calls: 10.
2026-09-01 02:18:15,543 - INFO - AFC is enabled with max remote calls: 10.
2026-09-01 02:18:15,544 - INFO - AFC is enabled with max remote calls: 10.
2026-09-01 02:18:15,545 - INFO - AFC is enabled with max remote calls: 10.
2026-09-01 02:18:15,546 - INFO - AFC is enabled with max remote calls: 10.
2026-09-01 02:18:15,548 - INFO - AFC is enabled with max remote calls: 10.
2026-09-01 02:18:15,549 - INFO - AFC is enabled with max remote calls: 10.
2026-09-01 02:18:15,558 - INFO - AFC is enabled with max remote calls: 10.
2026-09-01 02:18:15,560 - INFO - AFC is enabled with max remote calls: 10.
2026-09-01 02:18:15,561 - INFO - AFC is enabled with max remote calls: 10.
2026-09-01 02:18:15,563 - INFO - AFC is enabled with max remote calls: 10.
2026-09-01 02:18:15,564 - INFO - AFC is enabled with max remote calls: 10.
2026-09-01 02:18:15,565 - INFO - AFC is enabled with max remote calls: 10.
2026-09-01 02:18:15,566 - INFO - AFC is enabled with max remote calls: 10.
2026-09-01 02:18:15,568 - INFO - AFC is enabled with max remote calls: 10.
2026-09-01 02:18:15,569 - INFO - AFC is enabled with max remote calls: 10.
2026-09-01 02:18:15,571 - INFO - AFC is enabled with max remote calls: 10.
2026-09-01 02:18:15,572 - INFO - AFC is enabled with max remote calls: 10.
2026-09-01 02:18:15,573 - INFO - AFC is enabled with max remote calls: 10.
2026-09-01 02:18:15,575 - INFO - AFC is enabled with max remote calls: 10.
2026-09-01 02:18:15,576 - INFO - AFC is enabled with max remote calls: 10.
2026-09-01 02:18:15,577 - INFO - AFC is enabled with max remote calls: 10.
2026-09-01 02:18:35,026 - INFO - HTTP Request: POST https://generativelanguage.googleapis.com/v1beta/models/gemini-2.5-pro:generateContent "HTTP/1.1 200 OK"
2026-09-01 02:18:36,549 - INFO - HTTP Request: POST https://generativelanguage.googleapis.com/v1beta/models/gemini-2.5-pro:generateContent "HTTP/1.1 200 OK"
2026-09-01 02:18:39,905 - INFO - HTTP Request: POST https://generativelanguage.googleapis.com/v1beta/models/gemini-2.5-pro:generateContent "HTTP/1.1 200 OK"
2026-09-01 02:18:41,842 - INFO - HTTP Request: POST https://generativelanguage.googleapis.com/v1beta/models/gemini-2.5-pro:generateContent "HTTP/1.1 200 OK"
2026-09-01 02:18:43,101 - INFO - HTTP Request: POST https://generativelanguage.googleapis.com/v1beta/models/gemini-2.5-pro:generateContent "HTTP/1.1 200 OK"
2026-09-01 02:18:44,167 - INFO - HTTP Request: POST https://generativelanguage.googleapis.com/v1beta/models/gemini-2.5-pro:generateContent "HTTP/1.1 200 OK"
2026-09-01 02:18:45,648 - INFO - HTTP Request: POST https://generativelanguage.googleapis.com/v1beta/models/gemini-2.5-pro:generateContent "HTTP/1.1 200 OK"
2026-09-01 02:18:45,992 - INFO - HTTP Request: POST https://generativelanguage.googleapis.com/v1beta/models/gemini-2.5-pro:generateContent "HTTP/1.1 200 OK"
2026-09-01 02:18:46,455 - INFO - HTTP Request: POST https://generativelanguage.googleapis.com/v1beta/models/gemini-2.5-pro:generateContent "HTTP/1.1 200 OK"
2026-09-01 02:18:47,141 - INFO - HTTP Request: POST https://generativelanguage.googleapis.com/v1beta/models/gemini-2.5-pro:generateContent "HTTP/1.1 200 OK"
2026-09-01 02:18:48,019 - INFO - HTTP Request: POST https://generativelanguage.googleapis.com/v1beta/models/gemini-2.5-pro:generateContent "HTTP/1.1 200 OK"
2026-09-01 02:18:49,255 - INFO - HTTP Request: POST https://generativelanguage.googleapis.com/v1beta/models/gemini-2.5-pro:generateContent "HTTP/1.1 200 OK"
2026-09-01 02:18:49,404 - INFO - HTTP Request: POST https://generativelanguage.googleapis.com/v1beta/models/gemini-2.5-pro:generateContent "HTTP/1.1 200 OK"
2026-09-01 02:18:50,203 - INFO - HTTP Request: POST https://generativelanguage.googleapis.com/v1beta/models/gemini-2.5-pro:generateContent "HTTP/1.1 200 OK"
2026-09-01 02:18:51,188 - INFO - HTTP Request: POST https://generativelanguage.googleapis.com/v1beta/models/gemini-2.5-pro:generateContent "HTTP/1.1 200 OK"
2026-09-01 02:18:52,445 - INFO - HTTP Request: POST https://generativelanguage.googleapis.com/v1beta/models/gemini-2.5-pro:generateContent "HTTP/1.1 200 OK"
2026-09-01 02:18:53,908 - INFO - HTTP Request: POST https://generativelanguage.googleapis.com/v1beta/models/gemini-2.5-pro:generateContent "HTTP/1.1 200 OK"
2026-09-01 02:18:55,302 - INFO - HTTP Request: POST https://generativelanguage.googleapis.com/v1beta/models/gemini-2.5-pro:generateContent "HTTP/1.1 200 OK"
2026-09-01 02:18:55,421 - INFO - HTTP Request: POST https://generativelanguage.googleapis.com/v1beta/models/gemini-2.5-pro:generateContent "HTTP/1.1 200 OK"
2026-09-01 02:18:56,253 - INFO - HTTP Request: POST https://generativelanguage.googleapis.com/v1beta/models/gemini-2.5-pro:generateContent "HTTP/1.1 200 OK"
2026-09-01 02:18:57,029 - INFO - HTTP Request: POST https://generativelanguage.googleapis.com/v1beta/models/gemini-2.5-pro:generateContent "HTTP/1.1 200 OK"
2026-09-01 02:18:57,344 - INFO - HTTP Request: POST https://generativelanguage.googleapis.com/v1beta/models/gemini-2.5-pro:generateContent "HTTP/1.1 200 OK"
2026-09-01 02:18:58,225 - INFO - HTTP Request: POST https://generativelanguage.googleapis.com/v1beta/models/gemini-2.5-pro:generateContent "HTTP/1.1 200 OK"
2026-09-01 02:18:58,742 - INFO - HTTP Request: POST https://generativelanguage.googleapis.com/v1beta/models/gemini-2.5-pro:generateContent "HTTP/1.1 200 OK"
2026-09-01 02:18:59,811 - INFO - HTTP Request: POST https://generativelanguage.googleapis.com/v1beta/models/gemini-2.5-pro:generateContent "HTTP/1.1 200 OK"
2026-09-01 02:19:02,501 - INFO - HTTP Request: POST https://generativelanguage.googleapis.com/v1beta/models/gemini-2.5-pro:generateContent "HTTP/1.1 200 OK"
2026-09-01 02:19:03,197 - INFO - HTTP Request: POST https://generativelanguage.googleapis.com/v1beta/models/gemini-2.5-pro:generateContent "HTTP/1.1 200 OK"
2026-09-01 02:19:05,185 - INFO - HTTP Request: POST https://generativelanguage.googleapis.com/v1beta/models/gemini-2.5-pro:generateContent "HTTP/1.1 200 OK"
2026-09-01 02:19:05,604 - INFO - HTTP Request: POST https://generativelanguage.googleapis.com/v1beta/models/gemini-2.5-pro:generateContent "HTTP/1.1 200 OK"
2026-09-01 02:19:14,206 - INFO - HTTP Request: POST https://generativelanguage.googleapis.com/v1beta/models/gemini-2.5-pro:generateContent "HTTP/1.1 200 OK"
2026-09-01 02:19:14,217 - INFO - [CZ] Waiting 10.0s before next Agent 2 window…
2026-09-01 02:19:24,222 - INFO - [CZ] Agent 2 window 150-179 (30 batches)
2026-09-01 02:19:24,289 - INFO - AFC is enabled with max remote calls: 10.
2026-09-01 02:19:24,292 - INFO - AFC is enabled with max remote calls: 10.
2026-09-01 02:19:24,294 - INFO - AFC is enabled with max remote calls: 10.
2026-09-01 02:19:24,295 - INFO - AFC is enabled with max remote calls: 10.
2026-09-01 02:19:24,297 - INFO - AFC is enabled with max remote calls: 10.
2026-09-01 02:19:24,301 - INFO - AFC is enabled with max remote calls: 10.
2026-09-01 02:19:24,303 - INFO - AFC is enabled with max remote calls: 10.
2026-09-01 02:19:24,304 - INFO - AFC is enabled with max remote calls: 10.
2026-09-01 02:19:24,306 - INFO - AFC is enabled with max remote calls: 10.
2026-09-01 02:19:24,308 - INFO - AFC is enabled with max remote calls: 10.
2026-09-01 02:19:24,309 - INFO - AFC is enabled with max remote calls: 10.
2026-09-01 02:19:24,311 - INFO - AFC is enabled with max remote calls: 10.
2026-09-01 02:19:24,315 - INFO - AFC is enabled with max remote calls: 10.
2026-09-01 02:19:24,316 - INFO - AFC is enabled with max remote calls: 10.
2026-09-01 02:19:24,317 - INFO - AFC is enabled with max remote calls: 10.
2026-09-01 02:19:24,327 - INFO - AFC is enabled with max remote calls: 10.
2026-09-01 02:19:24,329 - INFO - AFC is enabled with max remote calls: 10.
2026-09-01 02:19:24,333 - INFO - AFC is enabled with max remote calls: 10.
2026-09-01 02:19:24,335 - INFO - AFC is enabled with max remote calls: 10.
2026-09-01 02:19:24,337 - INFO - AFC is enabled with max remote calls: 10.
2026-09-01 02:19:24,338 - INFO - AFC is enabled with max remote calls: 10.
2026-09-01 02:19:24,340 - INFO - AFC is enabled with max remote calls: 10.
2026-09-01 02:19:24,341 - INFO - AFC is enabled with max remote calls: 10.
2026-09-01 02:19:24,343 - INFO - AFC is enabled with max remote calls: 10.
2026-09-01 02:19:24,344 - INFO - AFC is enabled with max remote calls: 10.
2026-09-01 02:19:24,345 - INFO - AFC is enabled with max remote calls: 10.
2026-09-01 02:19:24,347 - INFO - AFC is enabled with max remote calls: 10.
2026-09-01 02:19:24,349 - INFO - AFC is enabled with max remote calls: 10.
2026-09-01 02:19:24,351 - INFO - AFC is enabled with max remote calls: 10.
2026-09-01 02:19:24,353 - INFO - AFC is enabled with max remote calls: 10.
2026-09-01 02:19:42,337 - INFO - HTTP Request: POST https://generativelanguage.googleapis.com/v1beta/models/gemini-2.5-pro:generateContent "HTTP/1.1 200 OK"
2026-09-01 02:19:44,453 - INFO - HTTP Request: POST https://generativelanguage.googleapis.com/v1beta/models/gemini-2.5-pro:generateContent "HTTP/1.1 200 OK"
2026-09-01 02:19:44,467 - INFO - HTTP Request: POST https://generativelanguage.googleapis.com/v1beta/models/gemini-2.5-pro:generateContent "HTTP/1.1 200 OK"
2026-09-01 02:19:45,549 - INFO - HTTP Request: POST https://generativelanguage.googleapis.com/v1beta/models/gemini-2.5-pro:generateContent "HTTP/1.1 200 OK"
2026-09-01 02:19:46,726 - INFO - HTTP Request: POST https://generativelanguage.googleapis.com/v1beta/models/gemini-2.5-pro:generateContent "HTTP/1.1 200 OK"
2026-09-01 02:19:47,018 - INFO - HTTP Request: POST https://generativelanguage.googleapis.com/v1beta/models/gemini-2.5-pro:generateContent "HTTP/1.1 200 OK"
2026-09-01 02:19:47,932 - INFO - HTTP Request: POST https://generativelanguage.googleapis.com/v1beta/models/gemini-2.5-pro:generateContent "HTTP/1.1 200 OK"
2026-09-01 02:19:48,558 - INFO - HTTP Request: POST https://generativelanguage.googleapis.com/v1beta/models/gemini-2.5-pro:generateContent "HTTP/1.1 200 OK"
2026-09-01 02:19:49,312 - INFO - HTTP Request: POST https://generativelanguage.googleapis.com/v1beta/models/gemini-2.5-pro:generateContent "HTTP/1.1 200 OK"
2026-09-01 02:19:49,614 - INFO - HTTP Request: POST https://generativelanguage.googleapis.com/v1beta/models/gemini-2.5-pro:generateContent "HTTP/1.1 200 OK"
2026-09-01 02:19:49,980 - INFO - HTTP Request: POST https://generativelanguage.googleapis.com/v1beta/models/gemini-2.5-pro:generateContent "HTTP/1.1 200 OK"
2026-09-01 02:19:50,589 - INFO - HTTP Request: POST https://generativelanguage.googleapis.com/v1beta/models/gemini-2.5-pro:generateContent "HTTP/1.1 200 OK"
2026-09-01 02:19:50,683 - INFO - HTTP Request: POST https://generativelanguage.googleapis.com/v1beta/models/gemini-2.5-pro:generateContent "HTTP/1.1 200 OK"
2026-09-01 02:19:51,930 - INFO - HTTP Request: POST https://generativelanguage.googleapis.com/v1beta/models/gemini-2.5-pro:generateContent "HTTP/1.1 200 OK"
2026-09-01 02:19:53,756 - INFO - HTTP Request: POST https://generativelanguage.googleapis.com/v1beta/models/gemini-2.5-pro:generateContent "HTTP/1.1 200 OK"
2026-09-01 02:19:55,016 - INFO - HTTP Request: POST https://generativelanguage.googleapis.com/v1beta/models/gemini-2.5-pro:generateContent "HTTP/1.1 200 OK"
2026-09-01 02:19:55,462 - INFO - HTTP Request: POST https://generativelanguage.googleapis.com/v1beta/models/gemini-2.5-pro:generateContent "HTTP/1.1 200 OK"
2026-09-01 02:19:56,059 - INFO - HTTP Request: POST https://generativelanguage.googleapis.com/v1beta/models/gemini-2.5-pro:generateContent "HTTP/1.1 200 OK"
2026-09-01 02:19:56,486 - INFO - HTTP Request: POST https://generativelanguage.googleapis.com/v1beta/models/gemini-2.5-pro:generateContent "HTTP/1.1 200 OK"
2026-09-01 02:19:56,984 - INFO - HTTP Request: POST https://generativelanguage.googleapis.com/v1beta/models/gemini-2.5-pro:generateContent "HTTP/1.1 200 OK"
2026-09-01 02:19:58,916 - INFO - HTTP Request: POST https://generativelanguage.googleapis.com/v1beta/models/gemini-2.5-pro:generateContent "HTTP/1.1 200 OK"
2026-09-01 02:19:59,467 - INFO - HTTP Request: POST https://generativelanguage.googleapis.com/v1beta/models/gemini-2.5-pro:generateContent "HTTP/1.1 200 OK"
2026-09-01 02:20:01,194 - INFO - HTTP Request: POST https://generativelanguage.googleapis.com/v1beta/models/gemini-2.5-pro:generateContent "HTTP/1.1 200 OK"
2026-09-01 02:20:04,348 - INFO - HTTP Request: POST https://generativelanguage.googleapis.com/v1beta/models/gemini-2.5-pro:generateContent "HTTP/1.1 200 OK"
2026-09-01 02:20:05,280 - INFO - HTTP Request: POST https://generativelanguage.googleapis.com/v1beta/models/gemini-2.5-pro:generateContent "HTTP/1.1 200 OK"
2026-09-01 02:20:05,750 - INFO - HTTP Request: POST https://generativelanguage.googleapis.com/v1beta/models/gemini-2.5-pro:generateContent "HTTP/1.1 200 OK"
2026-09-01 02:20:08,634 - INFO - HTTP Request: POST https://generativelanguage.googleapis.com/v1beta/models/gemini-2.5-pro:generateContent "HTTP/1.1 200 OK"
2026-09-01 02:20:09,551 - INFO - HTTP Request: POST https://generativelanguage.googleapis.com/v1beta/models/gemini-2.5-pro:generateContent "HTTP/1.1 200 OK"
2026-09-01 02:20:10,421 - INFO - HTTP Request: POST https://generativelanguage.googleapis.com/v1beta/models/gemini-2.5-pro:generateContent "HTTP/1.1 200 OK"
2026-09-01 02:20:18,746 - INFO - HTTP Request: POST https://generativelanguage.googleapis.com/v1beta/models/gemini-2.5-pro:generateContent "HTTP/1.1 200 OK"
2026-09-01 02:20:18,759 - INFO - [CZ] Waiting 10.0s before next Agent 2 window…
2026-09-01 02:20:28,761 - INFO - [CZ] Agent 2 window 180-209 (30 batches)
2026-09-01 02:20:28,817 - INFO - AFC is enabled with max remote calls: 10.
2026-09-01 02:20:28,820 - INFO - AFC is enabled with max remote calls: 10.
2026-09-01 02:20:28,822 - INFO - AFC is enabled with max remote calls: 10.
2026-09-01 02:20:28,823 - INFO - AFC is enabled with max remote calls: 10.
2026-09-01 02:20:28,825 - INFO - AFC is enabled with max remote calls: 10.
2026-09-01 02:20:28,826 - INFO - AFC is enabled with max remote calls: 10.
2026-09-01 02:20:28,828 - INFO - AFC is enabled with max remote calls: 10.
2026-09-01 02:20:28,829 - INFO - AFC is enabled with max remote calls: 10.
2026-09-01 02:20:28,831 - INFO - AFC is enabled with max remote calls: 10.
2026-09-01 02:20:28,833 - INFO - AFC is enabled with max remote calls: 10.
2026-09-01 02:20:28,835 - INFO - AFC is enabled with max remote calls: 10.
2026-09-01 02:20:28,837 - INFO - AFC is enabled with max remote calls: 10.
2026-09-01 02:20:28,840 - INFO - AFC is enabled with max remote calls: 10.
2026-09-01 02:20:28,842 - INFO - AFC is enabled with max remote calls: 10.
2026-09-01 02:20:28,843 - INFO - AFC is enabled with max remote calls: 10.
2026-09-01 02:20:28,854 - INFO - AFC is enabled with max remote calls: 10.
2026-09-01 02:20:28,856 - INFO - AFC is enabled with max remote calls: 10.
2026-09-01 02:20:28,858 - INFO - AFC is enabled with max remote calls: 10.
2026-09-01 02:20:28,859 - INFO - AFC is enabled with max remote calls: 10.
2026-09-01 02:20:28,861 - INFO - AFC is enabled with max remote calls: 10.
2026-09-01 02:20:28,863 - INFO - AFC is enabled with max remote calls: 10.
2026-09-01 02:20:28,865 - INFO - AFC is enabled with max remote calls: 10.
2026-09-01 02:20:28,866 - INFO - AFC is enabled with max remote calls: 10.
2026-09-01 02:20:28,867 - INFO - AFC is enabled with max remote calls: 10.
2026-09-01 02:20:28,868 - INFO - AFC is enabled with max remote calls: 10.
2026-09-01 02:20:28,870 - INFO - AFC is enabled with max remote calls: 10.
2026-09-01 02:20:28,871 - INFO - AFC is enabled with max remote calls: 10.
2026-09-01 02:20:28,872 - INFO - AFC is enabled with max remote calls: 10.
2026-09-01 02:20:28,873 - INFO - AFC is enabled with max remote calls: 10.
2026-09-01 02:20:28,874 - INFO - AFC is enabled with max remote calls: 10.
2026-09-01 02:20:48,022 - INFO - HTTP Request: POST https://generativelanguage.googleapis.com/v1beta/models/gemini-2.5-pro:generateContent "HTTP/1.1 200 OK"
2026-09-01 02:20:48,028 - INFO - HTTP Request: POST https://generativelanguage.googleapis.com/v1beta/models/gemini-2.5-pro:generateContent "HTTP/1.1 200 OK"
2026-09-01 02:20:49,716 - INFO - HTTP Request: POST https://generativelanguage.googleapis.com/v1beta/models/gemini-2.5-pro:generateContent "HTTP/1.1 200 OK"
2026-09-01 02:20:49,719 - INFO - HTTP Request: POST https://generativelanguage.googleapis.com/v1beta/models/gemini-2.5-pro:generateContent "HTTP/1.1 200 OK"
2026-09-01 02:20:49,967 - INFO - HTTP Request: POST https://generativelanguage.googleapis.com/v1beta/models/gemini-2.5-pro:generateContent "HTTP/1.1 200 OK"
2026-09-01 02:20:50,348 - INFO - HTTP Request: POST https://generativelanguage.googleapis.com/v1beta/models/gemini-2.5-pro:generateContent "HTTP/1.1 200 OK"
2026-09-01 02:20:50,602 - INFO - HTTP Request: POST https://generativelanguage.googleapis.com/v1beta/models/gemini-2.5-pro:generateContent "HTTP/1.1 200 OK"
2026-09-01 02:20:50,607 - INFO - HTTP Request: POST https://generativelanguage.googleapis.com/v1beta/models/gemini-2.5-pro:generateContent "HTTP/1.1 200 OK"
2026-09-01 02:20:51,412 - INFO - HTTP Request: POST https://generativelanguage.googleapis.com/v1beta/models/gemini-2.5-pro:generateContent "HTTP/1.1 200 OK"
2026-09-01 02:20:51,935 - INFO - HTTP Request: POST https://generativelanguage.googleapis.com/v1beta/models/gemini-2.5-pro:generateContent "HTTP/1.1 200 OK"
2026-09-01 02:20:52,189 - INFO - HTTP Request: POST https://generativelanguage.googleapis.com/v1beta/models/gemini-2.5-pro:generateContent "HTTP/1.1 200 OK"
2026-09-01 02:20:52,318 - INFO - HTTP Request: POST https://generativelanguage.googleapis.com/v1beta/models/gemini-2.5-pro:generateContent "HTTP/1.1 200 OK"
2026-09-01 02:20:52,767 - INFO - HTTP Request: POST https://generativelanguage.googleapis.com/v1beta/models/gemini-2.5-pro:generateContent "HTTP/1.1 200 OK"
2026-09-01 02:20:52,892 - INFO - HTTP Request: POST https://generativelanguage.googleapis.com/v1beta/models/gemini-2.5-pro:generateContent "HTTP/1.1 200 OK"
2026-09-01 02:20:54,352 - INFO - HTTP Request: POST https://generativelanguage.googleapis.com/v1beta/models/gemini-2.5-pro:generateContent "HTTP/1.1 200 OK"
2026-09-01 02:20:54,360 - INFO - HTTP Request: POST https://generativelanguage.googleapis.com/v1beta/models/gemini-2.5-pro:generateContent "HTTP/1.1 200 OK"
2026-09-01 02:20:55,179 - INFO - HTTP Request: POST https://generativelanguage.googleapis.com/v1beta/models/gemini-2.5-pro:generateContent "HTTP/1.1 200 OK"
2026-09-01 02:20:56,009 - INFO - HTTP Request: POST https://generativelanguage.googleapis.com/v1beta/models/gemini-2.5-pro:generateContent "HTTP/1.1 200 OK"
2026-09-01 02:20:59,443 - INFO - HTTP Request: POST https://generativelanguage.googleapis.com/v1beta/models/gemini-2.5-pro:generateContent "HTTP/1.1 200 OK"
2026-09-01 02:21:01,362 - INFO - HTTP Request: POST https://generativelanguage.googleapis.com/v1beta/models/gemini-2.5-pro:generateContent "HTTP/1.1 200 OK"
2026-09-01 02:21:02,888 - INFO - HTTP Request: POST https://generativelanguage.googleapis.com/v1beta/models/gemini-2.5-pro:generateContent "HTTP/1.1 200 OK"
2026-09-01 02:21:02,947 - INFO - HTTP Request: POST https://generativelanguage.googleapis.com/v1beta/models/gemini-2.5-pro:generateContent "HTTP/1.1 200 OK"
2026-09-01 02:21:03,393 - INFO - HTTP Request: POST https://generativelanguage.googleapis.com/v1beta/models/gemini-2.5-pro:generateContent "HTTP/1.1 200 OK"
2026-09-01 02:21:03,650 - INFO - HTTP Request: POST https://generativelanguage.googleapis.com/v1beta/models/gemini-2.5-pro:generateContent "HTTP/1.1 200 OK"
2026-09-01 02:21:03,758 - INFO - HTTP Request: POST https://generativelanguage.googleapis.com/v1beta/models/gemini-2.5-pro:generateContent "HTTP/1.1 200 OK"
2026-09-01 02:21:09,654 - INFO - HTTP Request: POST https://generativelanguage.googleapis.com/v1beta/models/gemini-2.5-pro:generateContent "HTTP/1.1 200 OK"
2026-09-01 02:21:13,684 - INFO - HTTP Request: POST https://generativelanguage.googleapis.com/v1beta/models/gemini-2.5-pro:generateContent "HTTP/1.1 200 OK"
2026-09-01 02:21:14,123 - INFO - HTTP Request: POST https://generativelanguage.googleapis.com/v1beta/models/gemini-2.5-pro:generateContent "HTTP/1.1 200 OK"
2026-09-01 02:21:15,152 - INFO - HTTP Request: POST https://generativelanguage.googleapis.com/v1beta/models/gemini-2.5-pro:generateContent "HTTP/1.1 200 OK"
2026-09-01 02:21:25,491 - INFO - HTTP Request: POST https://generativelanguage.googleapis.com/v1beta/models/gemini-2.5-pro:generateContent "HTTP/1.1 200 OK"
2026-09-01 02:21:25,507 - INFO - [CZ] Waiting 10.0s before next Agent 2 window…
2026-09-01 02:21:35,511 - INFO - [CZ] Agent 2 window 210-239 (30 batches)
2026-09-01 02:21:35,599 - INFO - AFC is enabled with max remote calls: 10.
2026-09-01 02:21:35,602 - INFO - AFC is enabled with max remote calls: 10.
2026-09-01 02:21:35,604 - INFO - AFC is enabled with max remote calls: 10.
2026-09-01 02:21:35,606 - INFO - AFC is enabled with max remote calls: 10.
2026-09-01 02:21:35,607 - INFO - AFC is enabled with max remote calls: 10.
2026-09-01 02:21:35,609 - INFO - AFC is enabled with max remote calls: 10.
2026-09-01 02:21:35,611 - INFO - AFC is enabled with max remote calls: 10.
2026-09-01 02:21:35,612 - INFO - AFC is enabled with max remote calls: 10.
2026-09-01 02:21:35,614 - INFO - AFC is enabled with max remote calls: 10.
2026-09-01 02:21:35,616 - INFO - AFC is enabled with max remote calls: 10.
2026-09-01 02:21:35,617 - INFO - AFC is enabled with max remote calls: 10.
2026-09-01 02:21:35,619 - INFO - AFC is enabled with max remote calls: 10.
2026-09-01 02:21:35,620 - INFO - AFC is enabled with max remote calls: 10.
2026-09-01 02:21:35,622 - INFO - AFC is enabled with max remote calls: 10.
2026-09-01 02:21:35,624 - INFO - AFC is enabled with max remote calls: 10.
2026-09-01 02:21:35,631 - INFO - AFC is enabled with max remote calls: 10.
2026-09-01 02:21:35,634 - INFO - AFC is enabled with max remote calls: 10.
2026-09-01 02:21:35,635 - INFO - AFC is enabled with max remote calls: 10.
2026-09-01 02:21:35,637 - INFO - AFC is enabled with max remote calls: 10.
2026-09-01 02:21:35,638 - INFO - AFC is enabled with max remote calls: 10.
2026-09-01 02:21:35,640 - INFO - AFC is enabled with max remote calls: 10.
2026-09-01 02:21:35,641 - INFO - AFC is enabled with max remote calls: 10.
2026-09-01 02:21:35,642 - INFO - AFC is enabled with max remote calls: 10.
2026-09-01 02:21:35,644 - INFO - AFC is enabled with max remote calls: 10.
2026-09-01 02:21:35,646 - INFO - AFC is enabled with max remote calls: 10.
2026-09-01 02:21:35,648 - INFO - AFC is enabled with max remote calls: 10.
2026-09-01 02:21:35,650 - INFO - AFC is enabled with max remote calls: 10.
2026-09-01 02:21:35,652 - INFO - AFC is enabled with max remote calls: 10.
2026-09-01 02:21:35,654 - INFO - AFC is enabled with max remote calls: 10.
2026-09-01 02:21:35,656 - INFO - AFC is enabled with max remote calls: 10.
2026-09-01 02:21:53,157 - INFO - HTTP Request: POST https://generativelanguage.googleapis.com/v1beta/models/gemini-2.5-pro:generateContent "HTTP/1.1 200 OK"
2026-09-01 02:21:53,353 - INFO - HTTP Request: POST https://generativelanguage.googleapis.com/v1beta/models/gemini-2.5-pro:generateContent "HTTP/1.1 200 OK"
2026-09-01 02:21:53,863 - INFO - HTTP Request: POST https://generativelanguage.googleapis.com/v1beta/models/gemini-2.5-pro:generateContent "HTTP/1.1 200 OK"
2026-09-01 02:21:56,532 - INFO - HTTP Request: POST https://generativelanguage.googleapis.com/v1beta/models/gemini-2.5-pro:generateContent "HTTP/1.1 200 OK"
2026-09-01 02:21:56,912 - INFO - HTTP Request: POST https://generativelanguage.googleapis.com/v1beta/models/gemini-2.5-pro:generateContent "HTTP/1.1 200 OK"
2026-09-01 02:21:57,092 - INFO - HTTP Request: POST https://generativelanguage.googleapis.com/v1beta/models/gemini-2.5-pro:generateContent "HTTP/1.1 200 OK"
2026-09-01 02:21:57,534 - INFO - HTTP Request: POST https://generativelanguage.googleapis.com/v1beta/models/gemini-2.5-pro:generateContent "HTTP/1.1 200 OK"
2026-09-01 02:21:58,871 - INFO - HTTP Request: POST https://generativelanguage.googleapis.com/v1beta/models/gemini-2.5-pro:generateContent "HTTP/1.1 200 OK"
2026-09-01 02:21:59,529 - INFO - HTTP Request: POST https://generativelanguage.googleapis.com/v1beta/models/gemini-2.5-pro:generateContent "HTTP/1.1 200 OK"
2026-09-01 02:21:59,639 - INFO - HTTP Request: POST https://generativelanguage.googleapis.com/v1beta/models/gemini-2.5-pro:generateContent "HTTP/1.1 200 OK"
2026-09-01 02:21:59,809 - INFO - HTTP Request: POST https://generativelanguage.googleapis.com/v1beta/models/gemini-2.5-pro:generateContent "HTTP/1.1 200 OK"
2026-09-01 02:22:00,843 - INFO - HTTP Request: POST https://generativelanguage.googleapis.com/v1beta/models/gemini-2.5-pro:generateContent "HTTP/1.1 200 OK"
2026-09-01 02:22:01,162 - INFO - HTTP Request: POST https://generativelanguage.googleapis.com/v1beta/models/gemini-2.5-pro:generateContent "HTTP/1.1 200 OK"
2026-09-01 02:22:01,300 - INFO - HTTP Request: POST https://generativelanguage.googleapis.com/v1beta/models/gemini-2.5-pro:generateContent "HTTP/1.1 200 OK"
2026-09-01 02:22:01,605 - INFO - HTTP Request: POST https://generativelanguage.googleapis.com/v1beta/models/gemini-2.5-pro:generateContent "HTTP/1.1 200 OK"
2026-09-01 02:22:02,895 - INFO - HTTP Request: POST https://generativelanguage.googleapis.com/v1beta/models/gemini-2.5-pro:generateContent "HTTP/1.1 200 OK"
2026-09-01 02:22:02,949 - INFO - HTTP Request: POST https://generativelanguage.googleapis.com/v1beta/models/gemini-2.5-pro:generateContent "HTTP/1.1 200 OK"
2026-09-01 02:22:03,071 - INFO - HTTP Request: POST https://generativelanguage.googleapis.com/v1beta/models/gemini-2.5-pro:generateContent "HTTP/1.1 200 OK"
2026-09-01 02:22:03,406 - INFO - HTTP Request: POST https://generativelanguage.googleapis.com/v1beta/models/gemini-2.5-pro:generateContent "HTTP/1.1 200 OK"
2026-09-01 02:22:04,910 - INFO - HTTP Request: POST https://generativelanguage.googleapis.com/v1beta/models/gemini-2.5-pro:generateContent "HTTP/1.1 200 OK"
2026-09-01 02:22:05,615 - INFO - HTTP Request: POST https://generativelanguage.googleapis.com/v1beta/models/gemini-2.5-pro:generateContent "HTTP/1.1 200 OK"
2026-09-01 02:22:05,670 - INFO - HTTP Request: POST https://generativelanguage.googleapis.com/v1beta/models/gemini-2.5-pro:generateContent "HTTP/1.1 200 OK"
2026-09-01 02:22:06,627 - INFO - HTTP Request: POST https://generativelanguage.googleapis.com/v1beta/models/gemini-2.5-pro:generateContent "HTTP/1.1 200 OK"
2026-09-01 02:22:07,023 - INFO - HTTP Request: POST https://generativelanguage.googleapis.com/v1beta/models/gemini-2.5-pro:generateContent "HTTP/1.1 200 OK"
2026-09-01 02:22:07,682 - INFO - HTTP Request: POST https://generativelanguage.googleapis.com/v1beta/models/gemini-2.5-pro:generateContent "HTTP/1.1 200 OK"
2026-09-01 02:22:07,811 - INFO - HTTP Request: POST https://generativelanguage.googleapis.com/v1beta/models/gemini-2.5-pro:generateContent "HTTP/1.1 200 OK"
2026-09-01 02:22:08,806 - INFO - HTTP Request: POST https://generativelanguage.googleapis.com/v1beta/models/gemini-2.5-pro:generateContent "HTTP/1.1 200 OK"
2026-09-01 02:22:13,405 - INFO - HTTP Request: POST https://generativelanguage.googleapis.com/v1beta/models/gemini-2.5-pro:generateContent "HTTP/1.1 200 OK"
2026-09-01 02:22:19,422 - INFO - HTTP Request: POST https://generativelanguage.googleapis.com/v1beta/models/gemini-2.5-pro:generateContent "HTTP/1.1 200 OK"
2026-09-01 02:22:22,755 - INFO - HTTP Request: POST https://generativelanguage.googleapis.com/v1beta/models/gemini-2.5-pro:generateContent "HTTP/1.1 200 OK"
2026-09-01 02:22:22,765 - INFO - [CZ] Waiting 10.0s before next Agent 2 window…
2026-09-01 02:22:32,756 - INFO - [CZ] Agent 2 window 240-249 (10 batches)
2026-09-01 02:22:32,839 - INFO - AFC is enabled with max remote calls: 10.
2026-09-01 02:22:32,842 - INFO - AFC is enabled with max remote calls: 10.
2026-09-01 02:22:32,844 - INFO - AFC is enabled with max remote calls: 10.
2026-09-01 02:22:32,847 - INFO - AFC is enabled with max remote calls: 10.
2026-09-01 02:22:32,848 - INFO - AFC is enabled with max remote calls: 10.
2026-09-01 02:22:32,850 - INFO - AFC is enabled with max remote calls: 10.
2026-09-01 02:22:32,851 - INFO - AFC is enabled with max remote calls: 10.
2026-09-01 02:22:32,853 - INFO - AFC is enabled with max remote calls: 10.
2026-09-01 02:22:32,858 - INFO - AFC is enabled with max remote calls: 10.
2026-09-01 02:22:32,861 - INFO - AFC is enabled with max remote calls: 10.
2026-09-01 02:22:54,299 - INFO - HTTP Request: POST https://generativelanguage.googleapis.com/v1beta/models/gemini-2.5-pro:generateContent "HTTP/1.1 200 OK"
2026-09-01 02:22:54,762 - INFO - HTTP Request: POST https://generativelanguage.googleapis.com/v1beta/models/gemini-2.5-pro:generateContent "HTTP/1.1 200 OK"
2026-09-01 02:22:55,029 - INFO - HTTP Request: POST https://generativelanguage.googleapis.com/v1beta/models/gemini-2.5-pro:generateContent "HTTP/1.1 200 OK"
2026-09-01 02:22:58,990 - INFO - HTTP Request: POST https://generativelanguage.googleapis.com/v1beta/models/gemini-2.5-pro:generateContent "HTTP/1.1 200 OK"
2026-09-01 02:22:59,421 - INFO - HTTP Request: POST https://generativelanguage.googleapis.com/v1beta/models/gemini-2.5-pro:generateContent "HTTP/1.1 200 OK"
2026-09-01 02:23:00,145 - INFO - HTTP Request: POST https://generativelanguage.googleapis.com/v1beta/models/gemini-2.5-pro:generateContent "HTTP/1.1 200 OK"
2026-09-01 02:23:08,221 - INFO - HTTP Request: POST https://generativelanguage.googleapis.com/v1beta/models/gemini-2.5-pro:generateContent "HTTP/1.1 200 OK"
2026-09-01 02:23:09,506 - INFO - HTTP Request: POST https://generativelanguage.googleapis.com/v1beta/models/gemini-2.5-pro:generateContent "HTTP/1.1 200 OK"
2026-09-01 02:23:09,878 - INFO - HTTP Request: POST https://generativelanguage.googleapis.com/v1beta/models/gemini-2.5-pro:generateContent "HTTP/1.1 200 OK"
2026-09-01 02:23:10,555 - INFO - HTTP Request: POST https://generativelanguage.googleapis.com/v1beta/models/gemini-2.5-pro:generateContent "HTTP/1.1 200 OK"
2026-09-01 02:23:10,645 - INFO - [CZ] Agent 3 (consolidator) - starting
2026-09-01 02:23:10,645 - INFO - [A3][CZ] SYSTEM PROMPT (first batch only):
# AGENT 3 — LANGUAGE‑LEVEL CONSOLIDATOR (SYSTEM PROMPT)

## ROLE & MISSION

You are **Agent 3: Language‑Level Consolidator**. Your mission is to read the **finalized, per‑section issues** (already validated by a prior pass) and produce **one concise, language‑level** `overall_feedback` for the entire corpus.

* You output **only** the `overall_feedback` object: a **Summary** (error patterns) and an **Action Plan** (preventive steps).
* You **must not** add, remove, reclassify, or rescore any issues. You **do not** arbitrate or fact‑check external information.
* Treat the provided issues as the **single source of truth**; identify patterns and prioritize them by impact.


---

## SCOPE — WHAT TO DO / WHAT NOT TO DO

**Do:**

* Consolidate repeated problems into **patterns** (by category, rule, or recurrent surface form).
* **Prioritize** patterns by **impact**: total penalty points (APT) first, then severity mix and frequency.
* Provide **clear, actionable** preventive steps that map to the patterns.
* Optionally include **brief, representative evidence** (≤12 words, paraphrased) to anchor each pattern.

**Do Not:**

* Modify, add, or remove individual issues.
* Change categories, severities, or points.
* Introduce **new** errors not evidenced in the input.
* Perform external fact‑checking or comment on other agents.

---

## INPUTS

* `Lang`: short language code (e.g., FR, DE).
* `Rollup`: machine‑computed aggregation for this language. Example fields:

  ```json
  {
    "ewt": 12345,
    "apt": 78,
    "pwpt": 0.0063,
    "mqm": 93.7,
    "critical_count": 0,
    "severity_counts": {"Minor": 40, "Major": 12, "Critical": 0},
    "category_points": [
      {"category":"Compliance","points":32},
      {"category":"Punctuation/Spelling/Typos","points":21},
      {"category":"Accuracy","points":18}
    ],
    "top_urls_by_points": [
      {"url":"/routes/..1.html","points":9},
      {"url":"/routes/..2.html","points":8}
    ]
  }
  ```
* `Final_issues`: **array** of finalized issues (Agent 2 output), each like:

  ```json
  {
    "url": "/routes/abc/example.html",
    "type_of_issue": "Compliance",
    "severity": "Major",
    "score_deduction": 3,
    "issue": "Metric conversion missing in a metric locale.",
    "text": "…short snippet…",
    "updated_sentence": "…"
  }
  ```

---

## CONSOLIDATION RULES

1. **Pattern mining:** Group by `type_of_issue`, then look for recurring surfaces (e.g., *km/h vs mph*, French NBSP before `:`, brand/proper‑noun casing, headings ending with a period).
2. **Prioritization:** Order the **Summary** bullets by **total category points** (highest first). Within a bullet, you may reference typical triggers (e.g., *mph shown without km/h*).
3. **Evidence:** If helpful, include a minimal parenthetical hint (≤12 words, paraphrased) and/or mention representative URLs with high points (at most two distinct URLs across the whole summary).
4. **Taxonomy fidelity:** Use the existing categories strictly (e.g., currency *what* = **Accuracy**; currency *format/how* = **Compliance**; brand casing = **Compliance**; French NBSP = **Punctuation/Spelling/Typos**).
5. **No new findings:** Do not infer new errors. If a pattern is not supported by the provided issues, omit it.

---

## OUTPUT CONTRACT (RETURN THIS OBJECT ONLY)

Return **only** this JSON object:

```json
{
  "overall_feedback": {
    "summary": [
      "<1 sentence per pattern; highest‑impact first>",
      "<… 2–10 bullets total …>"
    ],
    "action_plan": [
      "<One preventive step per pattern; imperative, testable>",
      "<… 2–10 bullets total …>"
    ]
  }
}
```

**Formatting constraints:**

* 2–10 bullets for **summary**, 2–10 bullets for **action\_plan**.
* Each bullet ≤ 250 characters; avoid duplication; no meta‑commentary.
* No code fences, no extra keys, no trailing text.

---

## STYLE GUIDANCE FOR BULLETS

* **Summary:** `[Category]` + the recurring rule breach + brief impact. Optionally add a short parenthetical cue, e.g., `(FR: NBSP before ':' missing)`.
* **Action plan:** imperative, owner‑agnostic; specify **what to check** and **where** (e.g., *"Add a unit‑conversion linter for metric locales (mph→km/h)."*).

---

## FINAL SELF‑CHECK

1. Did I **only** output the `overall_feedback` object?
2. Are bullets prioritized by **impact** (points → severity → frequency)?
3. Did I avoid inventing new issues or changing any categories/severities?
4. Are bullets concise, objective, and mapped to the observed patterns?



2026-09-01 02:23:10,646 - INFO - [A3][CZ] USER PROMPT (first batch only):
Language: CZ

Roll‑up (JSON):
{
  "lang": "CZ",
  "ewt": 21189,
  "total_findings": 370,
  "severity_counts": {
    "Minor": 358,
    "Major": 12
  },
  "points_by_category": {
    "Punctuation/Spelling/Typos": 313,
    "Accuracy": 28,
    "Compliance": 30,
    "Style": 9,
    "Grammar": 14
  },
  "apt": 394,
  "pwpt": 0.01859455377790363,
  "mqm": 81.40544622209637,
  "top_urls_by_issue_count": [
    {
      "url": "https://www.skyscanner.cz/pronajem-auta-v/pronajem-auta-v-zakinthos/27537533.html",
      "count": 13
    },
    {
      "url": "https://www.skyscanner.cz/pronajem-auta-v/pronajem-auta-v-florencie/27541640.html",
      "count": 11
    },
    {
      "url": "https://www.skyscanner.cz/pronajem-auta-v/pronajem-auta-v-grosseto/27541923.html",
      "count": 11
    },
    {
      "url": "https://www.skyscanner.cz/pronajem-auta-v/pronajem-auta-v-cambridge/27539698.html",
      "count": 11
    },
    {
      "url": "https://www.skyscanner.cz/pronajem-auta-v/pronajem-auta-v-antalya/27548233.html",
      "count": 10
    },
    {
      "url": "https://www.skyscanner.cz/pronajem-auta-v/pronajem-auta-v-toronto/27536640.html",
      "count": 10
    },
    {
      "url": "https://www.skyscanner.cz/pronajem-auta-v/pronajem-auta-v-norimberk/27545162.html",
      "count": 9
    },
    {
      "url": "https://www.skyscanner.cz/pronajem-auta-v/pronajem-auta-v-santorini-thira/38308884.html",
      "count": 9
    },
    {
      "url": "https://www.skyscanner.cz/pronajem-auta-v/pronajem-auta-v-gdansk/27541787.html",
      "count": 9
    },
    {
      "url": "https://www.skyscanner.cz/pronajem-auta-v/pronajem-auta-v-budapest/27539604.html",
      "count": 9
    }
  ],
  "categories_considered": [
    "Grammar",
    "Compliance",
    "Punctuation/Spelling/Typos",
    "Accuracy",
    "Style",
    "AI-issues"
  ]
}

Final issues (JSON array):
[
  {
    "text": "Půjčovnu auta ve Wimbledonu můžete najít už od 390 Kč/den, zatímco roční průměr se pohybuje kolem 803 Kč/den.",
    "issue": "A non-breaking space is required between a number and its unit ('390 Kč') per Czech typographic rules. This pattern repeats in the text.",
    "type_of_issue": "Punctuation/Spelling/Typos",
    "solution": "Insert a non-breaking space between the number and its corresponding unit.",
    "updated_sentence": "Půjčovnu auta ve Wimbledonu můžete najít už od 390 Kč/den, zatímco roční průměr se pohybuje kolem 803 Kč/den.",
    "severity": "Minor",
    "score_deduction": 1,
    "source_file": "2026-2027-cz-car-hire-city-06.docx",
    "url": "https://www.skyscanner.cz/pronajem-auta-v/pronajem-auta-v-wimbledon/32904731.html",
    "candidate": "https://www.skyscanner.cz/pronajem-auta-v/pronajem-auta-v-wimbledon/32904731.html"
  },
  {
    "text": "Nejnižší ceny bývají v červenci, takže pokud máte v cestování volnost, vyplatí se naplánovat pobyt právě na tento měsíc.",
    "issue": "A non-breaking space is required after the single-letter preposition 'v' per Czech typographic rules.",
    "type_of_issue": "Punctuation/Spelling/Typos",
    "solution": "Insert a non-breaking space after the preposition 'v'.",
    "updated_sentence": "Nejnižší ceny bývají v červenci, takže pokud máte v cestování volnost, vyplatí se naplánovat pobyt právě na tento měsíc.",
    "severity": "Minor",
    "score_deduction": 1,
    "source_file": "2026-2027-cz-car-hire-city-06.docx",
    "url": "https://www.skyscanner.cz/pronajem-auta-v/pronajem-auta-v-wimbledon/32904731.html",
    "candidate": "https://www.skyscanner.cz/pronajem-auta-v/pronajem-auta-v-wimbledon/32904731.html"
  },
  {
    "text": "Pokud hledáte úspornější variantu, společnost Green Motion nabízí model Citroen C3 s manuální převodovkou od 390 Kč/den.",
    "issue": "A non-breaking space is required between a number and its unit ('Kč') according to Czech typographic rules. This error pattern repeats in the paragraph.",
    "type_of_issue": "Punctuation/Spelling/Typos",
    "solution": "Insert a non-breaking space between '390' and 'Kč'.",
    "updated_sentence": "Pokud hledáte úspornější variantu, společnost Green Motion nabízí model Citroen C3 s manuální převodovkou od 390 Kč/den.",
    "severity": "Minor",
    "score_deduction": 1,
    "source_file": "2026-2027-cz-car-hire-city-06.docx",
    "url": "https://www.skyscanner.cz/pronajem-auta-v/pronajem-auta-v-wimbledon/32904731.html",
    "candidate": "https://www.skyscanner.cz/pronajem-auta-v/pronajem-auta-v-wimbledon/32904731.html"
  },
  {
    "text": "Ceny za vyzvednutí na letištích bývají obvykle nižší než ve městě, takže sběr vozu hned po příletu může vyjít výhodněji.",
    "issue": "The term 'sběr' (gathering/collecting, as in berries or scrap) is an incorrect word choice for picking up a rental car. The correct term is 'vyzvednutí'.",
    "type_of_issue": "Accuracy",
    "solution": "Replace 'sběr' with the correct term 'vyzvednutí' to ensure consistency with the rest of the text and proper Czech terminology.",
    "updated_sentence": "Ceny za vyzvednutí na letištích bývají obvykle nižší než ve městě, takže vyzvednutí vozu hned po příletu může vyjít výhodněji.",
    "severity": "Minor",
    "score_deduction": 1,
    "source_file": "2026-2027-cz-car-hire-city-06.docx",
    "url": "https://www.skyscanner.cz/pronajem-auta-v/pronajem-auta-v-wimbledon/32904731.html",
    "candidate": "https://www.skyscanner.cz/pronajem-auta-v/pronajem-auta-v-wimbledon/32904731.html"
  },
  {
    "text": "Vozidlo si pronajmete od 21 let, přičemž řada poskytovatelů účtuje řidičům mladším 25 let příplatek pro mladé řidiče. Minimální věk pro řízení je stanoven na 17 let.",
    "issue": "The text creates an internal contradiction by stating the minimum car rental age is 21 and then immediately stating the minimum driving age is 17, which is confusing and could mislead the user.",
    "type_of_issue": "Accuracy",
    "solution": "Remove the second sentence containing the contradictory and contextually irrelevant information about the general minimum driving age.",
    "updated_sentence": "Vozidlo si pronajmete od 21 let, přičemž řada poskytovatelů účtuje řidičům mladším 25 let příplatek pro mladé řidiče.",
    "severity": "Major",
    "score_deduction": 3,
    "source_file": "2026-2027-cz-car-hire-city-06.docx",
    "url": "https://www.skyscanner.cz/pronajem-auta-v/pronajem-auta-v-wimbledon/32904731.html",
    "candidate": "https://www.skyscanner.cz/pronajem-auta-v/pronajem-auta-v-wimbledon/32904731.html"
  },
  {
    "text": "Na dálnicích a rychlostních silnicích platí limit 112 km/h, na venkovských silnicích 96 km/h a v obcích a na ostatních komunikacích 48 km/h.",
    "issue": "The text provides UK speed limits only in km/h, omitting the primary imperial unit (mph) used on UK road signs, which makes the information impractical for drivers. It also misses the required non-breaking space between numbers and units.",
    "type_of_issue": "Compliance",
    "solution": "Add the primary imperial units (mph) used on UK signs, followed by the metric (km/h) conversion in parentheses. Insert non-breaking spaces before 'km/h' as per Czech typographic rules.",
    "updated_sentence": "Na dálnicích a rychlostních silnicích platí limit 70 mph (112 km/h), na venkovských silnicích 60 mph (96 km/h) a v obcích a na ostatních komunikacích 30 mph (48 km/h).",
    "severity": "Major",
    "score_deduction": 3,
    "source_file": "2026-2027-cz-car-hire-city-06.docx",
    "url": "https://www.skyscanner.cz/pronajem-auta-v/pronajem-auta-v-wimbledon/32904731.html",
    "candidate": "https://www.skyscanner.cz/pronajem-auta-v/pronajem-auta-v-wimbledon/32904731.html"
  },
  {
    "text": "Pronájem auta v Singapuru začíná na 1 602 Kč/den, přičemž roční průměr se pohybuje kolem 2 281 Kč/den.",
    "issue": "Czech typography requires non-breaking spaces for thousands separators and between numbers and their units.",
    "type_of_issue": "Compliance",
    "solution": "Add non-breaking spaces for the thousands separators in '1 602' and '2 281' and between the numbers and the 'Kč/den' unit.",
    "updated_sentence": "Pronájem auta v Singapuru začíná na 1 602 Kč/den, přičemž roční průměr se pohybuje kolem 2 281 Kč/den.",
    "severity": "Minor",
    "score_deduction": 1,
    "source_file": "2026-2027-cz-car-hire-city-06.docx",
    "url": "https://www.skyscanner.cz/pronajem-auta-v/pronajem-auta-v-singapur/27546111.html",
    "candidate": "https://www.skyscanner.cz/pronajem-auta-v/pronajem-auta-v-singapur/27546111.html"
  },
  {
    "text": "Pokud chcete získat lepší nabídku, rezervujte vůz zhruba 1 týden předem.",
    "issue": "Czech typography requires a non-breaking space between a number and its corresponding unit.",
    "type_of_issue": "Compliance",
    "solution": "Insert a non-breaking space between the number '1' and the unit 'týden'.",
    "updated_sentence": "Pokud chcete získat lepší nabídku, rezervujte vůz zhruba 1 týden předem.",
    "severity": "Minor",
    "score_deduction": 1,
    "source_file": "2026-2027-cz-car-hire-city-06.docx",
    "url": "https://www.skyscanner.cz/pronajem-auta-v/pronajem-auta-v-singapur/27546111.html",
    "candidate": "https://www.skyscanner.cz/pronajem-auta-v/pronajem-auta-v-singapur/27546111.html"
  },
  {
    "text": "V Singapuru patří mezi nejoblíbenější vozy model Toyota Corolla, protože nabízí pohodlnou a praktickou jízdu za rozumnou cenu.",
    "issue": "Czech typographic rules are not followed, as non-breaking spaces are missing after single-letter prepositions (e.g., 'V', 'a'). This pattern repeats throughout the text, along with a similar issue between numbers and units (e.g., '1 602 Kč/den').",
    "type_of_issue": "Punctuation/Spelling/Typos",
    "solution": "Insert a non-breaking space after all single-letter prepositions and between numbers and their corresponding units.",
    "updated_sentence": "V Singapuru patří mezi nejoblíbenější vozy model Toyota Corolla, protože nabízí pohodlnou a praktickou jízdu za rozumnou cenu.",
    "severity": "Minor",
    "score_deduction": 1,
    "source_file": "2026-2027-cz-car-hire-city-06.docx",
    "url": "https://www.skyscanner.cz/pronajem-auta-v/pronajem-auta-v-singapur/27546111.html",
    "candidate": "https://www.skyscanner.cz/pronajem-auta-v/pronajem-auta-v-singapur/27546111.html"
  },
  {
    "text": "Auto v Singapuru si vyzvednete přímo na letišti Singapore Changi, což je praktická volba hned po příletu.",
    "issue": "The single-letter preposition 'v' is followed by a regular space instead of a non-breaking space, which violates Czech typographic rules. This pattern repeats throughout the text.",
    "type_of_issue": "Punctuation/Spelling/Typos",
    "solution": "Replace the regular space after the single-letter preposition 'v' with a non-breaking space.",
    "updated_sentence": "Auto v Singapuru si vyzvednete přímo na letišti Singapore Changi, což je praktická volba hned po příletu.",
    "severity": "Minor",
    "score_deduction": 1,
    "source_file": "2026-2027-cz-car-hire-city-06.docx",
    "url": "https://www.skyscanner.cz/pronajem-auta-v/pronajem-auta-v-singapur/27546111.html",
    "candidate": "https://www.skyscanner.cz/pronajem-auta-v/pronajem-auta-v-singapur/27546111.html"
  },
  {
    "text": "Vozidlo si můžete pronajmout od 21 let, u mnoha poskytovatelů se však pro řidiče mladší 25 let připočítává příplatek za mladého řidiče. Minimální věk pro řízení je 18 let.",
    "issue": "The required non-breaking space is missing between a number and its unit ('let'). This typographic error repeats for '21 let', '25 let', and '18 let'.",
    "type_of_issue": "Punctuation/Spelling/Typos",
    "solution": "Replace the regular spaces with non-breaking spaces between the numbers and the unit 'let' to comply with Czech typographic rules.",
    "updated_sentence": "Vozidlo si můžete pronajmout od 21 let, u mnoha poskytovatelů se však pro řidiče mladší 25 let připočítává příplatek za mladého řidiče. Minimální věk pro řízení je 18 let.",
    "severity": "Minor",
    "score_deduction": 1,
    "source_file": "2026-2027-cz-car-hire-city-06.docx",
    "url": "https://www.skyscanner.cz/pronajem-auta-v/pronajem-auta-v-singapur/27546111.html",
    "candidate": "https://www.skyscanner.cz/pronajem-auta-v/pronajem-auta-v-singapur/27546111.html"
  },
  {
    "text": "Na dálnicích i rychlostních silnicích platí limit 90 km/h, na silnicích mimo město 60 km/h a na ostatních komunikacích 50 km/h.",
    "issue": "A non-breaking space is required between a number and its unit according to Czech typographical rules. This error repeats for all three speed limits in the sentence.",
    "type_of_issue": "Punctuation/Spelling/Typos",
    "solution": "Insert a non-breaking space between the numeric value and the 'km/h' unit in all instances.",
    "updated_sentence": "Na dálnicích i rychlostních silnicích platí limit 90 km/h, na silnicích mimo město 60 km/h a na ostatních komunikacích 50 km/h.",
    "severity": "Minor",
    "score_deduction": 1,
    "source_file": "2026-2027-cz-car-hire-city-06.docx",
    "url": "https://www.skyscanner.cz/pronajem-auta-v/pronajem-auta-v-singapur/27546111.html",
    "candidate": "https://www.skyscanner.cz/pronajem-auta-v/pronajem-auta-v-singapur/27546111.html"
  },
  {
    "text": "Pronájem auta v Liverpoolu začíná na 605 Kč/den, zatímco průměrná roční cena se pohybuje kolem 910 Kč/den.",
    "issue": "Missing non-breaking spaces after the single-letter preposition 'v' and between numbers and the currency unit 'Kč/den', which violates Czech typographic rules. This pattern repeats throughout the text.",
    "type_of_issue": "Punctuation/Spelling/Typos",
    "solution": "Insert non-breaking spaces after single-letter prepositions and between numbers and their units as per Czech conventions.",
    "updated_sentence": "Pronájem auta v Liverpoolu začíná na 605 Kč/den, zatímco průměrná roční cena se pohybuje kolem 910 Kč/den.",
    "severity": "Minor",
    "score_deduction": 1,
    "source_file": "2026-2027-cz-car-hire-city-06.docx",
    "url": "https://www.skyscanner.cz/pronajem-auta-v/pronajem-auta-v-liverpool/27544132.html",
    "candidate": "https://www.skyscanner.cz/pronajem-auta-v/pronajem-auta-v-liverpool/27544132.html"
  },
  {
    "text": "V Liverpoolu patří k nejoblíbenějším vozům model Volkswagen Golf, který zaujme pohodlím, praktičností a rozumnou cenou. Pokud hledáte kompaktní auto, model Hyundai i10 s manuální převodovkou nabízí společnost Flex To Go od 605 Kč/den a je vhodný pro čtyři cestující. Zmíněný model Volkswagen Golf s manuální převodovkou pořídíte u společnosti Flex To Go od 653 Kč/den, přičemž pojme pět osob. Pro delší cesty s více zavazadly se hodí model Volkswagen Passat s manuální převodovkou, opět od společnosti Flex To Go, a to od 999 Kč/den. Volba tak závisí na velikosti posádky a rozpočtu.",
    "issue": "The single paragraph combines multiple distinct topics, harming scannability. It also omits required non-breaking spaces between numbers and currency units per Czech typographic rules.",
    "type_of_issue": "Style",
    "solution": "Split the text into short, focused paragraphs for readability. Insert non-breaking spaces between numbers and the 'Kč' unit.",
    "updated_sentence": "V Liverpoolu patří k nejoblíbenějším vozům model Volkswagen Golf, který zaujme pohodlím, praktičností a rozumnou cenou.\n\nPokud hledáte kompaktní auto, model Hyundai i10 s manuální převodovkou nabízí společnost Flex To Go od 605 Kč/den a je vhodný pro čtyři cestující.\n\nZmíněný model Volkswagen Golf s manuální převodovkou pořídíte u společnosti Flex To Go od 653 Kč/den, přičemž pojme pět osob.\n\nPro delší cesty s více zavazadly se hodí model Volkswagen Passat s manuální převodovkou, opět od společnosti Flex To Go, a to od 999 Kč/den.\n\nVolba tak závisí na velikosti posádky a rozpočtu.",
    "severity": "Minor",
    "score_deduction": 1,
    "source_file": "2026-2027-cz-car-hire-city-06.docx",
    "url": "https://www.skyscanner.cz/pronajem-auta-v/pronajem-auta-v-liverpool/27544132.html",
    "candidate": "https://www.skyscanner.cz/pronajem-auta-v/pronajem-auta-v-liverpool/27544132.html"
  },
  {
    "text": "Vůz si v Liverpoolu můžete vyzvednout přímo na letišti Liverpool Letiště, což bývá praktická volba hned po příletu.",
    "issue": "The word 'Letiště' (Airport) is repeated, which is redundant and grammatically incorrect.",
    "type_of_issue": "Grammar",
    "solution": "Remove the redundant second instance of 'Letiště'.",
    "updated_sentence": "Vůz si v Liverpoolu můžete vyzvednout přímo na letišti Liverpool, což bývá praktická volba hned po příletu.",
    "severity": "Minor",
    "score_deduction": 1,
    "source_file": "2026-2027-cz-car-hire-city-06.docx",
    "url": "https://www.skyscanner.cz/pronajem-auta-v/pronajem-auta-v-liverpool/27544132.html",
    "candidate": "https://www.skyscanner.cz/pronajem-auta-v/pronajem-auta-v-liverpool/27544132.html"
  },
  {
    "text": "Obě lokality zajišťují dobrý přístup k hlavním silnicím i k okolním destinacím v regionu.",
    "issue": "A non-breaking space is required after single-letter prepositions and conjunctions per Czech typographic rules. This is a representative example of a systemic issue throughout the text.",
    "type_of_issue": "Punctuation/Spelling/Typos",
    "solution": "Insert a non-breaking space after the single-letter words 'k' and 'i'. This rule should be applied to all single-letter prepositions (e.g., v, k) in the text.",
    "updated_sentence": "Obě lokality zajišťují dobrý přístup k hlavním silnicím i k okolním destinacím v regionu.",
    "severity": "Minor",
    "score_deduction": 1,
    "source_file": "2026-2027-cz-car-hire-city-06.docx",
    "url": "https://www.skyscanner.cz/pronajem-auta-v/pronajem-auta-v-liverpool/27544132.html",
    "candidate": "https://www.skyscanner.cz/pronajem-auta-v/pronajem-auta-v-liverpool/27544132.html"
  },
  {
    "text": "V Liverpoolu si můžete vybrat z 6 poskytovatelů půjčoven aut.",
    "issue": "Multiple instances of missing non-breaking spaces, which are required in Czech typography after single-letter prepositions (e.g., 'V', 'z', 'v', 'K') and between numbers and their subsequent nouns (e.g., '6 poskytovatelů', '21 let').",
    "type_of_issue": "Punctuation/Spelling/Typos",
    "solution": "Insert non-breaking spaces after all single-letter prepositions and between numbers and the nouns that follow them throughout the text.",
    "updated_sentence": "V Liverpoolu si můžete vybrat z 6 poskytovatelů půjčoven aut.",
    "severity": "Minor",
    "score_deduction": 1,
    "source_file": "2026-2027-cz-car-hire-city-06.docx",
    "url": "https://www.skyscanner.cz/pronajem-auta-v/pronajem-auta-v-liverpool/27544132.html",
    "candidate": "https://www.skyscanner.cz/pronajem-auta-v/pronajem-auta-v-liverpool/27544132.html"
  },
  {
    "text": "Na dálnicích a rychlostních silnicích platí limit 112 km/h, na venkovských silnicích 96 km/h a v obcích a na ostatních komunikacích 48 km/h.",
    "issue": "Missing non-breaking space between the numbers and the unit 'km/h' as required by Czech typography. This pattern repeats three times in the sentence.",
    "type_of_issue": "Punctuation/Spelling/Typos",
    "solution": "Insert a non-breaking space between each number and the unit 'km/h'.",
    "updated_sentence": "Na dálnicích a rychlostních silnicích platí limit 112 km/h, na venkovských silnicích 96 km/h a v obcích a na ostatních komunikacích 48 km/h.",
    "severity": "Minor",
    "score_deduction": 1,
    "source_file": "2026-2027-cz-car-hire-city-06.docx",
    "url": "https://www.skyscanner.cz/pronajem-auta-v/pronajem-auta-v-liverpool/27544132.html",
    "candidate": "https://www.skyscanner.cz/pronajem-auta-v/pronajem-auta-v-liverpool/27544132.html"
  },
  {
    "text": "Mýtných silnic je v zemi jen několik.",
    "issue": "Missing non-breaking space after the single-letter preposition 'v' as required by Czech typography.",
    "type_of_issue": "Punctuation/Spelling/Typos",
    "solution": "Insert a non-breaking space after the preposition 'v'.",
    "updated_sentence": "Mýtných silnic je v zemi jen několik.",
    "severity": "Minor",
    "score_deduction": 1,
    "source_file": "2026-2027-cz-car-hire-city-06.docx",
    "url": "https://www.skyscanner.cz/pronajem-auta-v/pronajem-auta-v-liverpool/27544132.html",
    "candidate": "https://www.skyscanner.cz/pronajem-auta-v/pronajem-auta-v-liverpool/27544132.html"
  },
  {
    "text": "V Londýně počítejte s dalšími poplatky za vjezd do zón s omezeným provozem, tedy za kongesční poplatek a nízkoemisní zónu.",
    "issue": "Missing non-breaking space after the single-letter preposition 's' in two places as required by Czech typography.",
    "type_of_issue": "Punctuation/Spelling/Typos",
    "solution": "Insert a non-breaking space after both instances of the preposition 's'.",
    "updated_sentence": "V Londýně počítejte s dalšími poplatky za vjezd do zón s omezeným provozem, tedy za kongesční poplatek a nízkoemisní zónu.",
    "severity": "Minor",
    "score_deduction": 1,
    "source_file": "2026-2027-cz-car-hire-city-06.docx",
    "url": "https://www.skyscanner.cz/pronajem-auta-v/pronajem-auta-v-liverpool/27544132.html",
    "candidate": "https://www.skyscanner.cz/pronajem-auta-v/pronajem-auta-v-liverpool/27544132.html"
  },
  {
    "text": "Nejnižší cena začíná na 604 Kč/den, zatímco roční průměr se pohybuje kolem 1 523 Kč/den.",
    "issue": "Missing non-breaking spaces for the thousands separator and between a number and its currency unit, which is required by Czech typographic rules.",
    "type_of_issue": "Punctuation/Spelling/Typos",
    "solution": "Insert non-breaking spaces in '604 Kč' and '1 523' to ensure correct formatting and line breaking.",
    "updated_sentence": "Nejnižší cena začíná na 604 Kč/den, zatímco roční průměr se pohybuje kolem 1 523 Kč/den.",
    "severity": "Minor",
    "score_deduction": 1,
    "source_file": "2026-2027-cz-car-hire-city-06.docx",
    "url": "https://www.skyscanner.cz/pronajem-auta-v/pronajem-auta-v-zakinthos/27537533.html",
    "candidate": "https://www.skyscanner.cz/pronajem-auta-v/pronajem-auta-v-zakinthos/27537533.html"
  },
  {
    "text": "Pokud hledáte kompaktní vůz, společnost Green Motion nabízí model Volkswagen Up! s manuální převodovkou od 604 Kč/den.",
    "issue": "Required non-breaking spaces are missing after a single-letter preposition ('s') and between a number and its unit, a recurring violation of Czech typographic rules.",
    "type_of_issue": "Punctuation/Spelling/Typos",
    "solution": "Insert non-breaking spaces after single-letter prepositions and between numbers and their corresponding units. Pattern repeats in similar sentences.",
    "updated_sentence": "Pokud hledáte kompaktní vůz, společnost Green Motion nabízí model Volkswagen Up! s manuální převodovkou od 604 Kč/den.",
    "severity": "Minor",
    "score_deduction": 1,
    "source_file": "2026-2027-cz-car-hire-city-06.docx",
    "url": "https://www.skyscanner.cz/pronajem-auta-v/pronajem-auta-v-zakinthos/27537533.html",
    "candidate": "https://www.skyscanner.cz/pronajem-auta-v/pronajem-auta-v-zakinthos/27537533.html"
  },
  {
    "text": "Pro řidiče, kteří ocení více zavazadlového prostoru, je k dispozici model Hyundai i20 od společnosti DiRent a car s manuální převodovkou od 773 Kč/den.",
    "issue": "The brand name 'DiRent a car' has incorrect casing for a proper noun.",
    "type_of_issue": "Compliance",
    "solution": "Correct the casing of the brand name to 'DiRent a Car'.",
    "updated_sentence": "Pro řidiče, kteří ocení více zavazadlového prostoru, je k dispozici model Hyundai i20 od společnosti DiRent a Car s manuální převodovkou od 773 Kč/den.",
    "severity": "Minor",
    "score_deduction": 1,
    "source_file": "2026-2027-cz-car-hire-city-06.docx",
    "url": "https://www.skyscanner.cz/pronajem-auta-v/pronajem-auta-v-zakinthos/27537533.html",
    "candidate": "https://www.skyscanner.cz/pronajem-auta-v/pronajem-auta-v-zakinthos/27537533.html"
  },
  {
    "text": "Vůz na Zakynthosu si můžete vyzvednout na letišti Zakinthos, které slouží jako hlavní místo převzetí pro cestující přijíždějící vzduchem.",
    "issue": "The proper name 'Zakinthos' is misspelled. The correct Czech spelling is 'Zakynthos'.",
    "type_of_issue": "Compliance",
    "solution": "Correct the spelling from 'Zakinthos' to 'Zakynthos'.",
    "updated_sentence": "Vůz na Zakynthosu si můžete vyzvednout na letišti Zakynthos, které slouží jako hlavní místo převzetí pro cestující přijíždějící vzduchem.",
    "severity": "Minor",
    "score_deduction": 1,
    "source_file": "2026-2027-cz-car-hire-city-06.docx",
    "url": "https://www.skyscanner.cz/pronajem-auta-v/pronajem-auta-v-zakinthos/27537533.html",
    "candidate": "https://www.skyscanner.cz/pronajem-auta-v/pronajem-auta-v-zakinthos/27537533.html"
  },
  {
    "text": "Alternativně je k dispozici také vyzvednutí v přístavu Katakolo, vhodné pro ty, kdo na ostrov míří po moři.",
    "issue": "A required non-breaking space is missing after the single-letter preposition 'v' as per Czech typographic rules.",
    "type_of_issue": "Punctuation/Spelling/Typos",
    "solution": "Insert a non-breaking space after the preposition 'v'.",
    "updated_sentence": "Alternativně je k dispozici také vyzvednutí v přístavu Katakolo, vhodné pro ty, kdo na ostrov míří po moři.",
    "severity": "Minor",
    "score_deduction": 1,
    "source_file": "2026-2027-cz-car-hire-city-06.docx",
    "url": "https://www.skyscanner.cz/pronajem-auta-v/pronajem-auta-v-zakinthos/27537533.html",
    "candidate": "https://www.skyscanner.cz/pronajem-auta-v/pronajem-auta-v-zakinthos/27537533.html"
  },
  {
    "text": "Pokud jde o ceny, vyzvednutí na letišti bývá výrazně výhodnější než převzetí vozu v Katakolu.",
    "issue": "Required non-breaking spaces are missing after the single-letter prepositions 'o' and 'v' as per Czech typographic rules.",
    "type_of_issue": "Punctuation/Spelling/Typos",
    "solution": "Insert non-breaking spaces after the prepositions 'o' and 'v'.",
    "updated_sentence": "Pokud jde o ceny, vyzvednutí na letišti bývá výrazně výhodnější než převzetí vozu v Katakolu.",
    "severity": "Minor",
    "score_deduction": 1,
    "source_file": "2026-2027-cz-car-hire-city-06.docx",
    "url": "https://www.skyscanner.cz/pronajem-auta-v/pronajem-auta-v-zakinthos/27537533.html",
    "candidate": "https://www.skyscanner.cz/pronajem-auta-v/pronajem-auta-v-zakinthos/27537533.html"
  },
  {
    "text": "Obě lokality nabízejí pohodlný start k prozkoumání okolí, ať už se vydáte za plážemi, nebo do vnitrozemí ostrova.",
    "issue": "A required non-breaking space is missing after the single-letter preposition 'k' as per Czech typographic rules.",
    "type_of_issue": "Punctuation/Spelling/Typos",
    "solution": "Insert a non-breaking space after the preposition 'k'.",
    "updated_sentence": "Obě lokality nabízejí pohodlný start k prozkoumání okolí, ať už se vydáte za plážemi, nebo do vnitrozemí ostrova.",
    "severity": "Minor",
    "score_deduction": 1,
    "source_file": "2026-2027-cz-car-hire-city-06.docx",
    "url": "https://www.skyscanner.cz/pronajem-auta-v/pronajem-auta-v-zakinthos/27537533.html",
    "candidate": "https://www.skyscanner.cz/pronajem-auta-v/pronajem-auta-v-zakinthos/27537533.html"
  },
  {
    "text": "Na Zakynthosu si můžete půjčit auto u šesti poskytovatelů.",
    "issue": "A non-breaking space is required after a one-letter preposition 'u' according to Czech typographic rules.",
    "type_of_issue": "Punctuation/Spelling/Typos",
    "solution": "Insert a non-breaking space after the preposition 'u'.",
    "updated_sentence": "Na Zakynthosu si můžete půjčit auto u šesti poskytovatelů.",
    "severity": "Minor",
    "score_deduction": 1,
    "source_file": "2026-2027-cz-car-hire-city-06.docx",
    "url": "https://www.skyscanner.cz/pronajem-auta-v/pronajem-auta-v-zakinthos/27537533.html",
    "candidate": "https://www.skyscanner.cz/pronajem-auta-v/pronajem-auta-v-zakinthos/27537533.html"
  },
  {
    "text": "Minimální věk pro pronájem vozu je 21 let, přičemž řada poskytovatelů účtuje u řidičů mladších 25 let příplatek pro mladé řidiče.",
    "issue": "Non-breaking spaces are required between numbers and units (e.g., '21 let') and after one-letter prepositions ('u') per Czech typographic rules.",
    "type_of_issue": "Punctuation/Spelling/Typos",
    "solution": "Insert non-breaking spaces between the numbers and the unit 'let', and after the preposition 'u'.",
    "updated_sentence": "Minimální věk pro pronájem vozu je 21 let, přičemž řada poskytovatelů účtuje u řidičů mladších 25 let příplatek pro mladé řidiče.",
    "severity": "Minor",
    "score_deduction": 1,
    "source_file": "2026-2027-cz-car-hire-city-06.docx",
    "url": "https://www.skyscanner.cz/pronajem-auta-v/pronajem-auta-v-zakinthos/27537533.html",
    "candidate": "https://www.skyscanner.cz/pronajem-auta-v/pronajem-auta-v-zakinthos/27537533.html"
  },
  {
    "text": "Řídit lze od 18 let.",
    "issue": "A non-breaking space is required between a number and its unit according to Czech typographic rules.",
    "type_of_issue": "Punctuation/Spelling/Typos",
    "solution": "Insert a non-breaking space between '18' and 'let'.",
    "updated_sentence": "Řídit lze od 18 let.",
    "severity": "Minor",
    "score_deduction": 1,
    "source_file": "2026-2027-cz-car-hire-city-06.docx",
    "url": "https://www.skyscanner.cz/pronajem-auta-v/pronajem-auta-v-zakinthos/27537533.html",
    "candidate": "https://www.skyscanner.cz/pronajem-auta-v/pronajem-auta-v-zakinthos/27537533.html"
  },
  {
    "text": "Mezinárodní řidičský průkaz se nevyžaduje u průkazů z EU/EHP, Švýcarska, Norska, Lichtenštejnska, Islandu, USA, Kanady, Austrálie nebo Velké Británie, u většiny ostatních zahraničních průkazů je však nutný.",
    "issue": "Non-breaking spaces are required after the one-letter prepositions 'u' (twice) and 'z' according to Czech typographic rules.",
    "type_of_issue": "Punctuation/Spelling/Typos",
    "solution": "Insert a non-breaking space after each instance of the prepositions 'u' and 'z'.",
    "updated_sentence": "Mezinárodní řidičský průkaz se nevyžaduje u průkazů z EU/EHP, Švýcarska, Norska, Lichtenštejnska, Islandu, USA, Kanady, Austrálie nebo Velké Británie, u většiny ostatních zahraničních průkazů je však nutný.",
    "severity": "Minor",
    "score_deduction": 1,
    "source_file": "2026-2027-cz-car-hire-city-06.docx",
    "url": "https://www.skyscanner.cz/pronajem-auta-v/pronajem-auta-v-zakinthos/27537533.html",
    "candidate": "https://www.skyscanner.cz/pronajem-auta-v/pronajem-auta-v-zakinthos/27537533.html"
  },
  {
    "text": "Na dálnicích platí nejvyšší povolená rychlost 120 km/h, na silnicích pro motorová vozidla 90 km/h.",
    "issue": "A non-breaking space is required between a number and its unit ('km/h') according to Czech typographic rules. This pattern repeats with other speed limits in the text.",
    "type_of_issue": "Punctuation/Spelling/Typos",
    "solution": "Insert a non-breaking space between the numeric values and the 'km/h' unit in all instances.",
    "updated_sentence": "Na dálnicích platí nejvyšší povolená rychlost 120 km/h, na silnicích pro motorová vozidla 90 km/h.",
    "severity": "Minor",
    "score_deduction": 1,
    "source_file": "2026-2027-cz-car-hire-city-06.docx",
    "url": "https://www.skyscanner.cz/pronajem-auta-v/pronajem-auta-v-zakinthos/27537533.html",
    "candidate": "https://www.skyscanner.cz/pronajem-auta-v/pronajem-auta-v-zakinthos/27537533.html"
  },
  {
    "text": "Dálnice v Řecku podléhají uzavřenému mýtnému systému, který provozuje několik soukromých koncesionářů.",
    "issue": "A non-breaking space is required after a single-letter preposition ('v') according to Czech typographic rules.",
    "type_of_issue": "Punctuation/Spelling/Typos",
    "solution": "Insert a non-breaking space after the single-letter preposition 'v'.",
    "updated_sentence": "Dálnice v Řecku podléhají uzavřenému mýtnému systému, který provozuje několik soukromých koncesionářů.",
    "severity": "Minor",
    "score_deduction": 1,
    "source_file": "2026-2027-cz-car-hire-city-06.docx",
    "url": "https://www.skyscanner.cz/pronajem-auta-v/pronajem-auta-v-zakinthos/27537533.html",
    "candidate": "https://www.skyscanner.cz/pronajem-auta-v/pronajem-auta-v-zakinthos/27537533.html"
  },
  {
    "text": "Pronájem auta v Istanbulu začíná na 393 Kč/den, zatímco roční průměr se pohybuje kolem 1 482 Kč/den. Nejvýhodnější bývá cestování v listopadu, kdy ceny obvykle klesají. Rezervaci si naplánujte přibližně 1 týden předem, což pomáhá zajistit lepší nabídku. Porovnáním jednotlivých poskytovatelů a modelů vozů získáte přehled o dostupných možnostech. Ceny se liší podle termínu i délky pronájmu, proto se vyplatí sledovat rozdíly mezi obdobími. Kombinace vhodného měsíce a včasné rezervace vede k nižší celkové částce za váš pronájem.",
    "issue": "The text systematically fails to use non-breaking spaces as required by Czech typographic rules. This occurs after single-letter words (e.g., 'v', 'a', 'i', 'k'), between numbers and units (e.g., '393 Kč'), and for the thousands separator ('1 482').",
    "type_of_issue": "Punctuation/Spelling/Typos",
    "solution": "Insert non-breaking spaces in all required positions to adhere to Czech typographic conventions and prevent improper line breaks.",
    "updated_sentence": "Pronájem auta v Istanbulu začíná na 393 Kč/den, zatímco roční průměr se pohybuje kolem 1 482 Kč/den. Nejvýhodnější bývá cestování v listopadu, kdy ceny obvykle klesají. Rezervaci si naplánujte přibližně 1 týden předem, což pomáhá zajistit lepší nabídku. Porovnáním jednotlivých poskytovatelů a modelů vozů získáte přehled o dostupných možnostech. Ceny se liší podle termínu i délky pronájmu, proto se vyplatí sledovat rozdíly mezi obdobími. Kombinace vhodného měsíce a včasné rezervace vede k nižší celkové částce za váš pronájem.",
    "severity": "Minor",
    "score_deduction": 1,
    "source_file": "2026-2027-cz-car-hire-city-06.docx",
    "url": "https://www.skyscanner.cz/pronajem-auta-v/pronajem-auta-v-istanbul/27542903.html",
    "candidate": "https://www.skyscanner.cz/pronajem-auta-v/pronajem-auta-v-istanbul/27542903.html"
  },
  {
    "text": "Pokud dáváte přednost automatické převodovce, nabízí společnost Sixt model BMW 2-Series s automatem od 393 Kč/den.",
    "issue": "A required non-breaking space is missing between the number and the currency unit 'Kč', which violates Czech typographic rules. This pattern repeats with other prices in the text.",
    "type_of_issue": "Punctuation/Spelling/Typos",
    "solution": "Insert a non-breaking space between the number '393' and the currency unit 'Kč' as required by Czech typography.",
    "updated_sentence": "Pokud dáváte přednost automatické převodovce, nabízí společnost Sixt model BMW 2-Series s automatem od 393 Kč/den.",
    "severity": "Minor",
    "score_deduction": 1,
    "source_file": "2026-2027-cz-car-hire-city-06.docx",
    "url": "https://www.skyscanner.cz/pronajem-auta-v/pronajem-auta-v-istanbul/27542903.html",
    "candidate": "https://www.skyscanner.cz/pronajem-auta-v/pronajem-auta-v-istanbul/27542903.html"
  },
  {
    "text": "Vůz si v Istanbulu můžete vyzvednout přímo na letišti Istanbul, které bývá nejdostupnějším místem hned po příletu.",
    "issue": "A non-breaking space is required after a single-letter preposition (\"v\") according to Czech typographic rules. This pattern repeats throughout the text.",
    "type_of_issue": "Punctuation/Spelling/Typos",
    "solution": "Insert a non-breaking space after the preposition \"v\" and other single-letter prepositions in the text.",
    "updated_sentence": "Vůz si v Istanbulu můžete vyzvednout přímo na letišti Istanbul, které bývá nejdostupnějším místem hned po příletu.",
    "severity": "Minor",
    "score_deduction": 1,
    "source_file": "2026-2027-cz-car-hire-city-06.docx",
    "url": "https://www.skyscanner.cz/pronajem-auta-v/pronajem-auta-v-istanbul/27542903.html",
    "candidate": "https://www.skyscanner.cz/pronajem-auta-v/pronajem-auta-v-istanbul/27542903.html"
  },
  {
    "text": "V Istanbulu si můžete vybrat z 6 poskytovatelů půjčoven aut.",
    "issue": "A non-breaking space is required after single-letter prepositions (e.g., v, z, k, u, a, i) according to Czech typography rules. This pattern repeats throughout the text.",
    "type_of_issue": "Punctuation/Spelling/Typos",
    "solution": "Insert a non-breaking space after each single-letter preposition to prevent it from being left at the end of a line.",
    "updated_sentence": "V Istanbulu si můžete vybrat z 6 poskytovatelů půjčoven aut.",
    "severity": "Minor",
    "score_deduction": 1,
    "source_file": "2026-2027-cz-car-hire-city-06.docx",
    "url": "https://www.skyscanner.cz/pronajem-auta-v/pronajem-auta-v-istanbul/27542903.html",
    "candidate": "https://www.skyscanner.cz/pronajem-auta-v/pronajem-auta-v-istanbul/27542903.html"
  },
  {
    "text": "Mimo obec se na silnicích nižších tříd můžete pohybovat rychlostí až 90 km/h, v obcích a na ostatních komunikacích je limit 50 km/h.",
    "issue": "Standard spaces are used instead of required non-breaking spaces in two types of cases throughout the text: after single-letter prepositions (v, z, a) and between numbers and units (e.g., 90 km/h), which violates Czech typographic rules.",
    "type_of_issue": "Punctuation/Spelling/Typos",
    "solution": "Replace the standard spaces with non-breaking spaces where required: after single-letter prepositions/conjunctions and between numbers and their corresponding units.",
    "updated_sentence": "Mimo obec se na silnicích nižších tříd můžete pohybovat rychlostí až 90 km/h, v obcích a na ostatních komunikacích je limit 50 km/h.",
    "severity": "Minor",
    "score_deduction": 1,
    "source_file": "2026-2027-cz-car-hire-city-06.docx",
    "url": "https://www.skyscanner.cz/pronajem-auta-v/pronajem-auta-v-istanbul/27542903.html",
    "candidate": "https://www.skyscanner.cz/pronajem-auta-v/pronajem-auta-v-istanbul/27542903.html"
  },
  {
    "text": "Půjčovnu auta v Kodani lze pořídit už od 1 202 Kč/den, přičemž roční průměr se pohybuje kolem 1 217 Kč/den.",
    "issue": "The noun 'Půjčovnu' (car rental company) is used incorrectly; the context requires the noun for the act of renting, 'Půjčení'.",
    "type_of_issue": "Grammar",
    "solution": "Replace 'Půjčovnu auta' with 'Půjčení auta' to correctly refer to the service of renting a car.",
    "updated_sentence": "Půjčení auta v Kodani lze pořídit už od 1 202 Kč/den, přičemž roční průměr se pohybuje kolem 1 217 Kč/den.",
    "severity": "Minor",
    "score_deduction": 1,
    "source_file": "2026-2027-cz-car-hire-city-06.docx",
    "url": "https://www.skyscanner.cz/pronajem-auta-v/pronajem-auta-v-kodan/27539902.html",
    "candidate": "https://www.skyscanner.cz/pronajem-auta-v/pronajem-auta-v-kodan/27539902.html"
  },
  {
    "text": "V Kodani patří k nejoblíbenějším vozům model Hyundai i10, a to díky kombinaci pohodlí, praktičnosti a rozumné ceny.",
    "issue": "A non-breaking space is required after single-letter prepositions and conjunctions (e.g., 'V', 'k', 's', 'u', 'a') according to Czech typographic rules. This is a repeating pattern throughout the text.",
    "type_of_issue": "Punctuation/Spelling/Typos",
    "solution": "Insert a non-breaking space after the single-letter prepositions 'V' and 'k'.",
    "updated_sentence": "V Kodani patří k nejoblíbenějším vozům model Hyundai i10, a to díky kombinaci pohodlí, praktičnosti a rozumné ceny.",
    "severity": "Minor",
    "score_deduction": 1,
    "source_file": "2026-2027-cz-car-hire-city-06.docx",
    "url": "https://www.skyscanner.cz/pronajem-auta-v/pronajem-auta-v-kodan/27539902.html",
    "candidate": "https://www.skyscanner.cz/pronajem-auta-v/pronajem-auta-v-kodan/27539902.html"
  },
  {
    "text": "Pokud dáváte přednost automatické převodovce, nabízí společnost Alamo model Audi A3 od 1 490 Kč/den.",
    "issue": "Non-breaking spaces are required for thousands separators in numbers and between a number and its unit ('Kč') according to Czech typographic rules. This pattern repeats for all prices.",
    "type_of_issue": "Punctuation/Spelling/Typos",
    "solution": "Replace the standard space with a non-breaking space in '1 490' and insert a non-breaking space between the number and 'Kč'.",
    "updated_sentence": "Pokud dáváte přednost automatické převodovce, nabízí společnost Alamo model Audi A3 od 1 490 Kč/den.",
    "severity": "Minor",
    "score_deduction": 1,
    "source_file": "2026-2027-cz-car-hire-city-06.docx",
    "url": "https://www.skyscanner.cz/pronajem-auta-v/pronajem-auta-v-kodan/27539902.html",
    "candidate": "https://www.skyscanner.cz/pronajem-auta-v/pronajem-auta-v-kodan/27539902.html"
  },
  {
    "text": "Prostornější variantu představuje model BMW 3-Series od společnosti Keddy By Europcar s manuální převodovkou od 2 324 Kč/den.",
    "issue": "The brand name 'Keddy By Europcar' contains a capitalization error; 'By' should be lowercase as a preposition within a name.",
    "type_of_issue": "Compliance",
    "solution": "Correct the casing of the brand name to 'Keddy by Europcar'.",
    "updated_sentence": "Prostornější variantu představuje model BMW 3-Series od společnosti Keddy by Europcar s manuální převodovkou od 2 324 Kč/den.",
    "severity": "Minor",
    "score_deduction": 1,
    "source_file": "2026-2027-cz-car-hire-city-06.docx",
    "url": "https://www.skyscanner.cz/pronajem-auta-v/pronajem-auta-v-kodan/27539902.html",
    "candidate": "https://www.skyscanner.cz/pronajem-auta-v/pronajem-auta-v-kodan/27539902.html"
  },
  {
    "text": "Vyzvednutí na letišti bývá cenově výhodnější než převzetí na některých místech v centru města, zejména u hlavních vlakových stanic, kde jsou nabídky obvykle dražší.",
    "issue": "Non-breaking spaces are missing after single-letter prepositions ('v' and 'u'), which is required by Czech typographic rules. This pattern repeats throughout the text.",
    "type_of_issue": "Punctuation/Spelling/Typos",
    "solution": "Insert a non-breaking space after each single-letter preposition.",
    "updated_sentence": "Vyzvednutí na letišti bývá cenově výhodnější než převzetí na některých místech v centru města, zejména u hlavních vlakových stanic, kde jsou nabídky obvykle dražší.",
    "severity": "Minor",
    "score_deduction": 1,
    "source_file": "2026-2027-cz-car-hire-city-06.docx",
    "url": "https://www.skyscanner.cz/pronajem-auta-v/pronajem-auta-v-kodan/27539902.html",
    "candidate": "https://www.skyscanner.cz/pronajem-auta-v/pronajem-auta-v-kodan/27539902.html"
  },
  {
    "text": "V Kodani si můžete vybrat z celkem šesti půjčoven aut.",
    "issue": "Missing non-breaking spaces after the single-letter prepositions 'v' and 'z' as required by Czech typography rules. This pattern repeats throughout the text with other prepositions like 'k' and 'u'.",
    "type_of_issue": "Punctuation/Spelling/Typos",
    "solution": "Insert a non-breaking space after all single-letter prepositions to prevent them from being left at the end of a line.",
    "updated_sentence": "V Kodani si můžete vybrat z celkem šesti půjčoven aut.",
    "severity": "Minor",
    "score_deduction": 1,
    "source_file": "2026-2027-cz-car-hire-city-06.docx",
    "url": "https://www.skyscanner.cz/pronajem-auta-v/pronajem-auta-v-kodan/27539902.html",
    "candidate": "https://www.skyscanner.cz/pronajem-auta-v/pronajem-auta-v-kodan/27539902.html"
  },
  {
    "text": "V Dánsku se jezdí vpravo, což je pro řidiče z Česka známé pravidlo.",
    "issue": "A non-breaking space is required after single-letter prepositions and conjunctions (e.g., 'V', 'z', 'v', 'a') according to Czech typographical rules. This pattern repeats throughout the text.",
    "type_of_issue": "Punctuation/Spelling/Typos",
    "solution": "Insert a non-breaking space after all single-letter prepositions and conjunctions.",
    "updated_sentence": "V Dánsku se jezdí vpravo, což je pro řidiče z Česka známé pravidlo.",
    "severity": "Minor",
    "score_deduction": 1,
    "source_file": "2026-2027-cz-car-hire-city-06.docx",
    "url": "https://www.skyscanner.cz/pronajem-auta-v/pronajem-auta-v-kodan/27539902.html",
    "candidate": "https://www.skyscanner.cz/pronajem-auta-v/pronajem-auta-v-kodan/27539902.html"
  },
  {
    "text": "Na dálnicích platí rychlostní limit 130 km/h, na rychlostních silnicích 90 km/h.",
    "issue": "A non-breaking space is required between a numerical value and its unit (e.g., '130 km/h') according to Czech typographical rules. This pattern repeats for all speed limits mentioned.",
    "type_of_issue": "Punctuation/Spelling/Typos",
    "solution": "Insert a non-breaking space between the numbers and the 'km/h' unit.",
    "updated_sentence": "Na dálnicích platí rychlostní limit 130 km/h, na rychlostních silnicích 90 km/h.",
    "severity": "Minor",
    "score_deduction": 1,
    "source_file": "2026-2027-cz-car-hire-city-06.docx",
    "url": "https://www.skyscanner.cz/pronajem-auta-v/pronajem-auta-v-kodan/27539902.html",
    "candidate": "https://www.skyscanner.cz/pronajem-auta-v/pronajem-auta-v-kodan/27539902.html"
  },
  {
    "text": "Půjčení auta v Salzburgu začíná na 677 Kč/den, přičemž roční průměr se pohybuje kolem 1 364 Kč/den.",
    "issue": "Non-breaking spaces are missing where required by Czech typography rules: after the single-letter preposition 'v', between numbers and the unit 'Kč', and as a thousand separator. This pattern repeats throughout the text.",
    "type_of_issue": "Punctuation/Spelling/Typos",
    "solution": "Insert non-breaking spaces after single-letter prepositions, between numbers and units, and for thousand separators to ensure correct line breaking.",
    "updated_sentence": "Půjčení auta v Salzburgu začíná na 677 Kč/den, přičemž roční průměr se pohybuje kolem 1 364 Kč/den.",
    "severity": "Minor",
    "score_deduction": 1,
    "source_file": "2026-2027-cz-car-hire-city-06.docx",
    "url": "https://www.skyscanner.cz/pronajem-auta-v/pronajem-auta-v-salzburg/27547109.html",
    "candidate": "https://www.skyscanner.cz/pronajem-auta-v/pronajem-auta-v-salzburg/27547109.html"
  },
  {
    "text": "V Salzburgu patří mezi nejoblíbenější vozy model Opel Corsa.",
    "issue": "A standard space is used after the single-letter preposition 'V' instead of a required non-breaking space, which violates Czech typographic rules. This pattern repeats with other prepositions like 's', 'u', and 'v'.",
    "type_of_issue": "Punctuation/Spelling/Typos",
    "solution": "Replace the standard space with a non-breaking space after the single-letter preposition.",
    "updated_sentence": "V Salzburgu patří mezi nejoblíbenější vozy model Opel Corsa.",
    "severity": "Minor",
    "score_deduction": 1,
    "source_file": "2026-2027-cz-car-hire-city-06.docx",
    "url": "https://www.skyscanner.cz/pronajem-auta-v/pronajem-auta-v-salzburg/27547109.html",
    "candidate": "https://www.skyscanner.cz/pronajem-auta-v/pronajem-auta-v-salzburg/27547109.html"
  },
  {
    "text": "Pokud hledáte úspornější variantu, společnost Dryyve nabízí model Toyota Aygo s manuální převodovkou od 677 Kč/den.",
    "issue": "A standard space is used between the number '677' and the unit 'Kč/den' instead of a required non-breaking space, which violates Czech typographic rules.",
    "type_of_issue": "Punctuation/Spelling/Typos",
    "solution": "Insert a non-breaking space between the number and the unit.",
    "updated_sentence": "Pokud hledáte úspornější variantu, společnost Dryyve nabízí model Toyota Aygo s manuální převodovkou od 677 Kč/den.",
    "severity": "Minor",
    "score_deduction": 1,
    "source_file": "2026-2027-cz-car-hire-city-06.docx",
    "url": "https://www.skyscanner.cz/pronajem-auta-v/pronajem-auta-v-salzburg/27547109.html",
    "candidate": "https://www.skyscanner.cz/pronajem-auta-v/pronajem-auta-v-salzburg/27547109.html"
  },
  {
    "text": "Samotný model Opel Corsa je u téže společnosti dostupný s manuální převodovkou od 1 385 Kč/den.",
    "issue": "A standard space is used as a thousands separator in the number '1 385' instead of a required non-breaking space, risking an improper line break within the number.",
    "type_of_issue": "Punctuation/Spelling/Typos",
    "solution": "Replace the standard space with a non-breaking space for the thousands separator.",
    "updated_sentence": "Samotný model Opel Corsa je u téže společnosti dostupný s manuální převodovkou od 1 385 Kč/den.",
    "severity": "Minor",
    "score_deduction": 1,
    "source_file": "2026-2027-cz-car-hire-city-06.docx",
    "url": "https://www.skyscanner.cz/pronajem-auta-v/pronajem-auta-v-salzburg/27547109.html",
    "candidate": "https://www.skyscanner.cz/pronajem-auta-v/pronajem-auta-v-salzburg/27547109.html"
  },
  {
    "text": "Vyzvednout si zapůjčené auto v Salzburgu můžete přímo na letišti Salzburg, které bývá praktickou volbou pro cestující přilétající do města.",
    "issue": "A standard space is used after a single-letter preposition ('v'), which violates Czech typographical rules requiring a non-breaking space. This pattern repeats throughout the text.",
    "type_of_issue": "Punctuation/Spelling/Typos",
    "solution": "Replace the standard space with a non-breaking space after all single-letter prepositions (e.g., v, k, i, a).",
    "updated_sentence": "Vyzvednout si zapůjčené auto v Salzburgu můžete přímo na letišti Salzburg, které bývá praktickou volbou pro cestující přilétající do města.",
    "severity": "Minor",
    "score_deduction": 1,
    "source_file": "2026-2027-cz-car-hire-city-06.docx",
    "url": "https://www.skyscanner.cz/pronajem-auta-v/pronajem-auta-v-salzburg/27547109.html",
    "candidate": "https://www.skyscanner.cz/pronajem-auta-v/pronajem-auta-v-salzburg/27547109.html"
  },
  {
    "text": "Vyzvednout si zapůjčené auto v Salzburgu můžete přímo na letišti Salzburg, které bývá praktickou volbou pro cestující přilétající do města. Alternativou je vyzvednutí v historickém centru Altstadt, odkud se pohodlně dostanete k hlavním památkám i ubytování. Ceny za pronájem na letišti a v centru města jsou zhruba srovnatelné, takže při výběru místa vyzvednutí se můžete řídit spíše svými cestovními plány než rozdílem v nákladech. Obě lokality nabízejí přístup k vozidlům různých kategorií podle vašich potřeb.",
    "issue": "The single paragraph combines multiple distinct topics (locations, price comparison, decision advice), making the content dense and impairing scannability.",
    "type_of_issue": "Style",
    "solution": "Split the text into two separate paragraphs to distinguish the description of pickup locations from the advice on pricing and selection.",
    "updated_sentence": "Vyzvednout si zapůjčené auto v Salzburgu můžete přímo na letišti Salzburg, které bývá praktickou volbou pro cestující přilétající do města. Alternativou je vyzvednutí v historickém centru Altstadt, odkud se pohodlně dostanete k hlavním památkám i ubytování.\n\nCeny za pronájem na letišti a v centru města jsou zhruba srovnatelné, takže při výběru místa vyzvednutí se můžete řídit spíše svými cestovními plány než rozdílem v nákladech. Obě lokality nabízejí přístup k vozidlům různých kategorií podle vašich potřeb.",
    "severity": "Minor",
    "score_deduction": 1,
    "source_file": "2026-2027-cz-car-hire-city-06.docx",
    "url": "https://www.skyscanner.cz/pronajem-auta-v/pronajem-auta-v-salzburg/27547109.html",
    "candidate": "https://www.skyscanner.cz/pronajem-auta-v/pronajem-auta-v-salzburg/27547109.html"
  },
  {
    "text": "V Salzburgu si můžete vybrat z celkem šesti půjčoven vozidel. Nejoblíbenější je společnost Europcar, mezi další patří například společnost Sixt a společnost Dryyve. Minimální věk pro pronájem vozu je 21 let, přičemž řada půjčoven připočítává řidičům do 25 let příplatek pro mladé řidiče. Řídit vozidlo lze od 17 let. K zapůjčení auta budete vždy potřebovat platný cestovní pas nebo občanský průkaz a řidičský průkaz. Mezinárodní řidičský průkaz je nutný u řidičských oprávnění vydaných mimo EU či EHP nebo u těch, která nejsou vytištěna latinkou.",
    "issue": "Missing non-breaking spaces after single-letter prepositions and conjunctions (V, z, a, K, u), which is a mandatory rule in Czech typography.",
    "type_of_issue": "Punctuation/Spelling/Typos",
    "solution": "Insert a non-breaking space after each single-letter word to ensure it does not appear as the last character on a line.",
    "updated_sentence": "V Salzburgu si můžete vybrat z celkem šesti půjčoven vozidel. Nejoblíbenější je společnost Europcar, mezi další patří například společnost Sixt a společnost Dryyve. Minimální věk pro pronájem vozu je 21 let, přičemž řada půjčoven připočítává řidičům do 25 let příplatek pro mladé řidiče. Řídit vozidlo lze od 17 let. K zapůjčení auta budete vždy potřebovat platný cestovní pas nebo občanský průkaz a řidičský průkaz. Mezinárodní řidičský průkaz je nutný u řidičských oprávnění vydaných mimo EU či EHP nebo u těch, která nejsou vytištěna latinkou.",
    "severity": "Minor",
    "score_deduction": 1,
    "source_file": "2026-2027-cz-car-hire-city-06.docx",
    "url": "https://www.skyscanner.cz/pronajem-auta-v/pronajem-auta-v-salzburg/27547109.html",
    "candidate": "https://www.skyscanner.cz/pronajem-auta-v/pronajem-auta-v-salzburg/27547109.html"
  },
  {
    "text": "Stejný limit 100 km/h se týká silnic mimo obec, zatímco v obcích a na ostatních komunikacích smíte jet nejvýše 50 km/h.",
    "issue": "Required non-breaking spaces are missing between numbers and units (e.g., '100 km/h') and after single-letter prepositions (e.g., 'v'), violating Czech typographic rules. This pattern repeats throughout the text.",
    "type_of_issue": "Punctuation/Spelling/Typos",
    "solution": "Insert non-breaking spaces after single-letter prepositions and between numbers and their corresponding units.",
    "updated_sentence": "Stejný limit 100 km/h se týká silnic mimo obec, zatímco v obcích a na ostatních komunikacích smíte jet nejvýše 50 km/h.",
    "severity": "Minor",
    "score_deduction": 1,
    "source_file": "2026-2027-cz-car-hire-city-06.docx",
    "url": "https://www.skyscanner.cz/pronajem-auta-v/pronajem-auta-v-salzburg/27547109.html",
    "candidate": "https://www.skyscanner.cz/pronajem-auta-v/pronajem-auta-v-salzburg/27547109.html"
  },
  {
    "text": "Půjčovnu auta ve Veroně můžete porovnat podle několika kritérií a najít tak vhodnou nabídku.",
    "issue": "A non-breaking space is required after a single-letter preposition ('ve') according to Czech typographic rules.",
    "type_of_issue": "Punctuation/Spelling/Typos",
    "solution": "Insert a non-breaking space after the preposition 've'.",
    "updated_sentence": "Půjčovnu auta ve Veroně můžete porovnat podle několika kritérií a najít tak vhodnou nabídku.",
    "severity": "Minor",
    "score_deduction": 1,
    "source_file": "2026-2027-cz-car-hire-city-06.docx",
    "url": "https://www.skyscanner.cz/pronajem-auta-v/pronajem-auta-v-verona/27547432.html",
    "candidate": "https://www.skyscanner.cz/pronajem-auta-v/pronajem-auta-v-verona/27547432.html"
  },
  {
    "text": "Nejnižší dostupná cena začíná na 793 Kč/den, zatímco roční průměr se pohybuje kolem 1 577 Kč/den.",
    "issue": "A non-breaking space is required between a number and its unit ('Kč') according to Czech typographic rules. This error occurs twice in the sentence.",
    "type_of_issue": "Punctuation/Spelling/Typos",
    "solution": "Insert non-breaking spaces between the numbers and the currency unit 'Kč'.",
    "updated_sentence": "Nejnižší dostupná cena začíná na 793 Kč/den, zatímco roční průměr se pohybuje kolem 1 577 Kč/den.",
    "severity": "Minor",
    "score_deduction": 1,
    "source_file": "2026-2027-cz-car-hire-city-06.docx",
    "url": "https://www.skyscanner.cz/pronajem-auta-v/pronajem-auta-v-verona/27547432.html",
    "candidate": "https://www.skyscanner.cz/pronajem-auta-v/pronajem-auta-v-verona/27547432.html"
  },
  {
    "text": "Rezervaci se vyplatí zařídit 1 týden předem, což pomáhá zajistit lepší podmínky.",
    "issue": "A non-breaking space is required between a number and its unit ('týden') according to Czech typographic rules.",
    "type_of_issue": "Punctuation/Spelling/Typos",
    "solution": "Insert a non-breaking space between the number '1' and the unit 'týden'.",
    "updated_sentence": "Rezervaci se vyplatí zařídit 1 týden předem, což pomáhá zajistit lepší podmínky.",
    "severity": "Minor",
    "score_deduction": 1,
    "source_file": "2026-2027-cz-car-hire-city-06.docx",
    "url": "https://www.skyscanner.cz/pronajem-auta-v/pronajem-auta-v-verona/27547432.html",
    "candidate": "https://www.skyscanner.cz/pronajem-auta-v/pronajem-auta-v-verona/27547432.html"
  },
  {
    "text": "Pro cesty ve větší skupině nebo s objemnějšími zavazadly se hodí model Jeep Renegade od společnosti Sicily by Car, který má automatickou převodovku a je k dispozici od 1 346 Kč/den.",
    "issue": "A regular space is used instead of a non-breaking space for the thousands separator and between numbers and the currency unit 'Kč'. This violates Czech typographical rules and risks improper line breaks. The pattern repeats for all prices.",
    "type_of_issue": "Punctuation/Spelling/Typos",
    "solution": "Replace the regular spaces with non-breaking spaces in the thousands separator (e.g., '1 346') and between all numbers and the 'Kč' unit (e.g., '866 Kč').",
    "updated_sentence": "Pro cesty ve větší skupině nebo s objemnějšími zavazadly se hodí model Jeep Renegade od společnosti Sicily by Car, který má automatickou převodovku a je k dispozici od 1 346 Kč/den.",
    "severity": "Minor",
    "score_deduction": 1,
    "source_file": "2026-2027-cz-car-hire-city-06.docx",
    "url": "https://www.skyscanner.cz/pronajem-auta-v/pronajem-auta-v-verona/27547432.html",
    "candidate": "https://www.skyscanner.cz/pronajem-auta-v/pronajem-auta-v-verona/27547432.html"
  },
  {
    "text": "Minimální věk pro pronájem je 21 let, u řady poskytovatelů se u řidičů mladších 25 let připočítává příplatek pro mladé řidiče.",
    "issue": "Czech typographic rules require a non-breaking space after single-letter prepositions (e.g., 'u') and between a number and its unit (e.g., '21 let'). These are consistently missing throughout the text.",
    "type_of_issue": "Punctuation/Spelling/Typos",
    "solution": "Insert non-breaking spaces where required by Czech typographic rules, primarily after single-letter prepositions and between numbers and units.",
    "updated_sentence": "Minimální věk pro pronájem je 21 let, u řady poskytovatelů se u řidičů mladších 25 let připočítává příplatek pro mladé řidiče.",
    "severity": "Minor",
    "score_deduction": 1,
    "source_file": "2026-2027-cz-car-hire-city-06.docx",
    "url": "https://www.skyscanner.cz/pronajem-auta-v/pronajem-auta-v-verona/27547432.html",
    "candidate": "https://www.skyscanner.cz/pronajem-auta-v/pronajem-auta-v-verona/27547432.html"
  },
  {
    "text": "Na dálnicích platí rychlostní limit 130 km/h, na rychlostních silnicích 110 km/h.",
    "issue": "A non-breaking space is required between a number and its unit ('km/h') according to Czech typographical rules. This pattern repeats with '90 km/h' and '50 km/h' in the following sentence.",
    "type_of_issue": "Punctuation/Spelling/Typos",
    "solution": "Insert a non-breaking space between the numbers (130, 110, 90, 50) and the 'km/h' unit in all instances.",
    "updated_sentence": "Na dálnicích platí rychlostní limit 130 km/h, na rychlostních silnicích 110 km/h.",
    "severity": "Minor",
    "score_deduction": 1,
    "source_file": "2026-2027-cz-car-hire-city-06.docx",
    "url": "https://www.skyscanner.cz/pronajem-auta-v/pronajem-auta-v-verona/27547432.html",
    "candidate": "https://www.skyscanner.cz/pronajem-auta-v/pronajem-auta-v-verona/27547432.html"
  },
  {
    "text": "Pronájem auta v Norimberku začíná na 1 120 Kč/den, přičemž roční průměr se pohybuje kolem 1 275 Kč/den.",
    "issue": "Missing non-breaking spaces as required by Czech typography rules after a one-letter preposition, within large numbers, and between numbers and their units.",
    "type_of_issue": "Punctuation/Spelling/Typos",
    "solution": "Add non-breaking spaces after the preposition 'v', within the numbers '1 120' and '1 275', and before the unit 'Kč/den' to prevent improper line breaks.",
    "updated_sentence": "Pronájem auta v Norimberku začíná na 1 120 Kč/den, přičemž roční průměr se pohybuje kolem 1 275 Kč/den.",
    "severity": "Minor",
    "score_deduction": 1,
    "source_file": "2026-2027-cz-car-hire-city-06.docx",
    "url": "https://www.skyscanner.cz/pronajem-auta-v/pronajem-auta-v-norimberk/27545162.html",
    "candidate": "https://www.skyscanner.cz/pronajem-auta-v/pronajem-auta-v-norimberk/27545162.html"
  },
  {
    "text": "Nejlepší nabídky se objevují méně než týden předem, takže s rezervací není nutné spěchat s velkým předstihem.",
    "issue": "Missing non-breaking spaces after the one-letter preposition 's' in two places, as required by Czech typography rules.",
    "type_of_issue": "Punctuation/Spelling/Typos",
    "solution": "Add a non-breaking space after each instance of the preposition 's'.",
    "updated_sentence": "Nejlepší nabídky se objevují méně než týden předem, takže s rezervací není nutné spěchat s velkým předstihem.",
    "severity": "Minor",
    "score_deduction": 1,
    "source_file": "2026-2027-cz-car-hire-city-06.docx",
    "url": "https://www.skyscanner.cz/pronajem-auta-v/pronajem-auta-v-norimberk/27545162.html",
    "candidate": "https://www.skyscanner.cz/pronajem-auta-v/pronajem-auta-v-norimberk/27545162.html"
  },
  {
    "text": "Porovnání jednotlivých nabídek vám pomůže najít cenu, která odpovídá délce pobytu i typu vozu, který v Norimberku potřebujete.",
    "issue": "Missing a non-breaking space after the one-letter preposition 'v', as required by Czech typography rules.",
    "type_of_issue": "Punctuation/Spelling/Typos",
    "solution": "Add a non-breaking space after the preposition 'v'.",
    "updated_sentence": "Porovnání jednotlivých nabídek vám pomůže najít cenu, která odpovídá délce pobytu i typu vozu, který v Norimberku potřebujete.",
    "severity": "Minor",
    "score_deduction": 1,
    "source_file": "2026-2027-cz-car-hire-city-06.docx",
    "url": "https://www.skyscanner.cz/pronajem-auta-v/pronajem-auta-v-norimberk/27545162.html",
    "candidate": "https://www.skyscanner.cz/pronajem-auta-v/pronajem-auta-v-norimberk/27545162.html"
  },
  {
    "text": "Pokud hledáte úsporné řešení, společnost Flex To Go nabízí model Toyota Aygo s manuální převodovkou od 1 120 Kč/den.",
    "issue": "A non-breaking space is required for the thousands separator and between the number and the currency unit ('Kč') per Czech typographic rules. This pattern repeats for other prices in the text.",
    "type_of_issue": "Punctuation/Spelling/Typos",
    "solution": "Replace the regular spaces with non-breaking spaces in the number and before the currency symbol.",
    "updated_sentence": "Pokud hledáte úsporné řešení, společnost Flex To Go nabízí model Toyota Aygo s manuální převodovkou od 1 120 Kč/den.",
    "severity": "Minor",
    "score_deduction": 1,
    "source_file": "2026-2027-cz-car-hire-city-06.docx",
    "url": "https://www.skyscanner.cz/pronajem-auta-v/pronajem-auta-v-norimberk/27545162.html",
    "candidate": "https://www.skyscanner.cz/pronajem-auta-v/pronajem-auta-v-norimberk/27545162.html"
  },
  {
    "text": "Vůz si v Norimberku můžete vyzvednout na letišti Norimberk, které patří k nejčastěji využívaným místům pro převzetí vozidla.",
    "issue": "The proper name of the airport, 'Letiště Norimberk', is not capitalized correctly.",
    "type_of_issue": "Punctuation/Spelling/Typos",
    "solution": "Capitalize the proper name 'Letiště Norimberk'. The word should be in the locative case 'Letišti' following the preposition 'na'.",
    "updated_sentence": "Vůz si v Norimberku můžete vyzvednout na Letišti Norimberk, které patří k nejčastěji využívaným místům pro převzetí vozidla.",
    "severity": "Minor",
    "score_deduction": 1,
    "source_file": "2026-2027-cz-car-hire-city-06.docx",
    "url": "https://www.skyscanner.cz/pronajem-auta-v/pronajem-auta-v-norimberk/27545162.html",
    "candidate": "https://www.skyscanner.cz/pronajem-auta-v/pronajem-auta-v-norimberk/27545162.html"
  },
  {
    "text": "V Norimberku si můžete vybrat z šesti půjčoven aut.",
    "issue": "Missing non-breaking spaces after the single-letter prepositions 'V' and 'z', which is required by Czech typographic rules.",
    "type_of_issue": "Punctuation/Spelling/Typos",
    "solution": "Add non-breaking spaces after 'V' and 'z' to prevent them from being left alone at the end of a line.",
    "updated_sentence": "V Norimberku si můžete vybrat z šesti půjčoven aut.",
    "severity": "Minor",
    "score_deduction": 1,
    "source_file": "2026-2027-cz-car-hire-city-06.docx",
    "url": "https://www.skyscanner.cz/pronajem-auta-v/pronajem-auta-v-norimberk/27545162.html",
    "candidate": "https://www.skyscanner.cz/pronajem-auta-v/pronajem-auta-v-norimberk/27545162.html"
  },
  {
    "text": "Vozidlo si můžete pronajmout od 21 let, u mnoha půjčoven se však pro řidiče mladší 25 let připočítává příplatek za mladého řidiče.",
    "issue": "Missing a non-breaking space after the single-letter preposition 'u', which is required by Czech typographic rules.",
    "type_of_issue": "Punctuation/Spelling/Typos",
    "solution": "Add a non-breaking space between 'u' and 'mnoha' to prevent the preposition from being left alone at the end of a line.",
    "updated_sentence": "Vozidlo si můžete pronajmout od 21 let, u mnoha půjčoven se však pro řidiče mladší 25 let připočítává příplatek za mladého řidiče.",
    "severity": "Minor",
    "score_deduction": 1,
    "source_file": "2026-2027-cz-car-hire-city-06.docx",
    "url": "https://www.skyscanner.cz/pronajem-auta-v/pronajem-auta-v-norimberk/27545162.html",
    "candidate": "https://www.skyscanner.cz/pronajem-auta-v/pronajem-auta-v-norimberk/27545162.html"
  },
  {
    "text": "K zapůjčení auta budete potřebovat platný cestovní pas nebo občanský průkaz spolu s řidičským průkazem.",
    "issue": "Missing non-breaking spaces after the single-letter prepositions 'K' and 's', which is required by Czech typographic rules.",
    "type_of_issue": "Punctuation/Spelling/Typos",
    "solution": "Add non-breaking spaces after 'K' and 's' to prevent them from being left alone at the end of a line.",
    "updated_sentence": "K zapůjčení auta budete potřebovat platný cestovní pas nebo občanský průkaz spolu s řidičským průkazem.",
    "severity": "Minor",
    "score_deduction": 1,
    "source_file": "2026-2027-cz-car-hire-city-06.docx",
    "url": "https://www.skyscanner.cz/pronajem-auta-v/pronajem-auta-v-norimberk/27545162.html",
    "candidate": "https://www.skyscanner.cz/pronajem-auta-v/pronajem-auta-v-norimberk/27545162.html"
  },
  {
    "text": "Na rychlostních silnicích a silnicích mimo obec můžete jet až 100 km/h, v obcích a na ostatních komunikacích je limit 50 km/h.",
    "issue": "A non-breaking space is missing between the number and its unit, which violates Czech typographic rules. This pattern repeats with '50 km/h' in the same sentence and '3,5 tuny' in the next.",
    "type_of_issue": "Punctuation/Spelling/Typos",
    "solution": "Insert a non-breaking space between each number and its corresponding unit (e.g., '100 km/h').",
    "updated_sentence": "Na rychlostních silnicích a silnicích mimo obec můžete jet až 100 km/h, v obcích a na ostatních komunikacích je limit 50 km/h.",
    "severity": "Minor",
    "score_deduction": 1,
    "source_file": "2026-2027-cz-car-hire-city-06.docx",
    "url": "https://www.skyscanner.cz/pronajem-auta-v/pronajem-auta-v-norimberk/27545162.html",
    "candidate": "https://www.skyscanner.cz/pronajem-auta-v/pronajem-auta-v-norimberk/27545162.html"
  },
  {
    "text": "Půjčení auta na Santorini (Thira) začíná na 657 Kč/den, zatímco roční průměr se pohybuje kolem 1 570 Kč/den.",
    "issue": "A standard space was used instead of a non-breaking space for a thousands separator and between numbers and units, which violates Czech typographic rules.",
    "type_of_issue": "Punctuation/Spelling/Typos",
    "solution": "Replace the standard spaces with non-breaking spaces in '657 Kč/den' and '1 570 Kč/den'.",
    "updated_sentence": "Půjčení auta na Santorini (Thira) začíná na 657 Kč/den, zatímco roční průměr se pohybuje kolem 1 570 Kč/den.",
    "severity": "Minor",
    "score_deduction": 1,
    "source_file": "2026-2027-cz-car-hire-city-06.docx",
    "url": "https://www.skyscanner.cz/pronajem-auta-v/pronajem-auta-v-santorini-thira/38308884.html",
    "candidate": "https://www.skyscanner.cz/pronajem-auta-v/pronajem-auta-v-santorini-thira/38308884.html"
  },
  {
    "text": "Rezervaci se vyplatí zařídit přibližně 3 týdny předem, což pomáhá zajistit lepší nabídky, než jaké najdete na poslední chvíli.",
    "issue": "A standard space was used instead of a non-breaking space between a number and its unit ('3 týdny'), which violates Czech typographic rules.",
    "type_of_issue": "Punctuation/Spelling/Typos",
    "solution": "Replace the standard space with a non-breaking space between '3' and 'týdny'.",
    "updated_sentence": "Rezervaci se vyplatí zařídit přibližně 3 týdny předem, což pomáhá zajistit lepší nabídky, než jaké najdete na poslední chvíli.",
    "severity": "Minor",
    "score_deduction": 1,
    "source_file": "2026-2027-cz-car-hire-city-06.docx",
    "url": "https://www.skyscanner.cz/pronajem-auta-v/pronajem-auta-v-santorini-thira/38308884.html",
    "candidate": "https://www.skyscanner.cz/pronajem-auta-v/pronajem-auta-v-santorini-thira/38308884.html"
  },
  {
    "text": "Porovnáním jednotlivých poskytovatelů a modelů získáte přehled o dostupných možnostech a snáz vyberete vůz odpovídající vašemu rozpočtu i plánům na cestu po ostrově.",
    "issue": "Standard spaces were used instead of non-breaking spaces after single-letter words ('o', 'i'), which violates Czech typographic rules.",
    "type_of_issue": "Punctuation/Spelling/Typos",
    "solution": "Replace the standard spaces with non-breaking spaces after the single-letter preposition 'o' and conjunction 'i'.",
    "updated_sentence": "Porovnáním jednotlivých poskytovatelů a modelů získáte přehled o dostupných možnostech a snáz vyberete vůz odpovídající vašemu rozpočtu i plánům na cestu po ostrově.",
    "severity": "Minor",
    "score_deduction": 1,
    "source_file": "2026-2027-cz-car-hire-city-06.docx",
    "url": "https://www.skyscanner.cz/pronajem-auta-v/pronajem-auta-v-santorini-thira/38308884.html",
    "candidate": "https://www.skyscanner.cz/pronajem-auta-v/pronajem-auta-v-santorini-thira/38308884.html"
  },
  {
    "text": "Samotný model Fiat 500 nabízí společnost Centauro s manuální převodovkou od 678 Kč/den.",
    "issue": "A standard space was used between the number and the currency symbol, but Czech typographic rules require a non-breaking space. This pattern repeats for all price mentions.",
    "type_of_issue": "Punctuation/Spelling/Typos",
    "solution": "Insert a non-breaking space between the number and the currency symbol 'Kč'.",
    "updated_sentence": "Samotný model Fiat 500 nabízí společnost Centauro s manuální převodovkou od 678 Kč/den.",
    "severity": "Minor",
    "score_deduction": 1,
    "source_file": "2026-2027-cz-car-hire-city-06.docx",
    "url": "https://www.skyscanner.cz/pronajem-auta-v/pronajem-auta-v-santorini-thira/38308884.html",
    "candidate": "https://www.skyscanner.cz/pronajem-auta-v/pronajem-auta-v-santorini-thira/38308884.html"
  },
  {
    "text": "Je malý, praktický a snadno se s ním parkuje, což se hodí v úzkých uličkách místních vesnic.",
    "issue": "A standard space was used after the single-letter preposition 'v', but Czech typographic rules require a non-breaking space. This pattern repeats with other single-letter prepositions in the text (e.g., 's').",
    "type_of_issue": "Punctuation/Spelling/Typos",
    "solution": "Insert a non-breaking space after the single-letter preposition 'v'.",
    "updated_sentence": "Je malý, praktický a snadno se s ním parkuje, což se hodí v úzkých uličkách místních vesnic.",
    "severity": "Minor",
    "score_deduction": 1,
    "source_file": "2026-2027-cz-car-hire-city-06.docx",
    "url": "https://www.skyscanner.cz/pronajem-auta-v/pronajem-auta-v-santorini-thira/38308884.html",
    "candidate": "https://www.skyscanner.cz/pronajem-auta-v/pronajem-auta-v-santorini-thira/38308884.html"
  },
  {
    "text": "Jako alternativa slouží pobočky přímo v centru města, kam se dostanete po příjezdu jiným způsobem.",
    "issue": "A non-breaking space is required after single-letter prepositions like 'v' and 's' in Czech. This pattern repeats throughout the text.",
    "type_of_issue": "Punctuation/Spelling/Typos",
    "solution": "Add a non-breaking space after the single-letter preposition 'v'. Apply this fix to all similar instances.",
    "updated_sentence": "Jako alternativa slouží pobočky přímo v centru města, kam se dostanete po příjezdu jiným způsobem.",
    "severity": "Minor",
    "score_deduction": 1,
    "source_file": "2026-2027-cz-car-hire-city-06.docx",
    "url": "https://www.skyscanner.cz/pronajem-auta-v/pronajem-auta-v-santorini-thira/38308884.html",
    "candidate": "https://www.skyscanner.cz/pronajem-auta-v/pronajem-auta-v-santorini-thira/38308884.html"
  },
  {
    "text": "Vozidlo si můžete pronajmout od 21 let, přičemž řidiči mladší 25 let často platí příplatek pro mladé řidiče.",
    "issue": "Missing non-breaking spaces between numbers and the unit 'let' as required by Czech typography rules. This pattern repeats in the subsequent sentence ('18 let').",
    "type_of_issue": "Punctuation/Spelling/Typos",
    "solution": "Insert a non-breaking space between the numbers and the unit 'let' to prevent improper line wrapping.",
    "updated_sentence": "Vozidlo si můžete pronajmout od 21 let, přičemž řidiči mladší 25 let často platí příplatek pro mladé řidiče.",
    "severity": "Minor",
    "score_deduction": 1,
    "source_file": "2026-2027-cz-car-hire-city-06.docx",
    "url": "https://www.skyscanner.cz/pronajem-auta-v/pronajem-auta-v-santorini-thira/38308884.html",
    "candidate": "https://www.skyscanner.cz/pronajem-auta-v/pronajem-auta-v-santorini-thira/38308884.html"
  },
  {
    "text": "Na dálnicích platí nejvyšší povolená rychlost 120 km/h, na rychlostních silnicích 90 km/h.",
    "issue": "A non-breaking space is required between a number and its unit according to Czech typographic rules. This pattern repeats throughout the text.",
    "type_of_issue": "Punctuation/Spelling/Typos",
    "solution": "Insert a non-breaking space between the numbers and the 'km/h' unit in all instances.",
    "updated_sentence": "Na dálnicích platí nejvyšší povolená rychlost 120 km/h, na rychlostních silnicích 90 km/h.",
    "severity": "Minor",
    "score_deduction": 1,
    "source_file": "2026-2027-cz-car-hire-city-06.docx",
    "url": "https://www.skyscanner.cz/pronajem-auta-v/pronajem-auta-v-santorini-thira/38308884.html",
    "candidate": "https://www.skyscanner.cz/pronajem-auta-v/pronajem-auta-v-santorini-thira/38308884.html"
  },
  {
    "text": "V Řecku se jezdí vpravo, což usnadní orientaci řidičům z většiny evropských zemí.",
    "issue": "A non-breaking space is required after single-letter prepositions and conjunctions (e.g., 'z', 'v', 'a', 'i') according to Czech typographic rules. This pattern repeats throughout the text.",
    "type_of_issue": "Punctuation/Spelling/Typos",
    "solution": "Insert a non-breaking space after each single-letter word that is not at the start of a line.",
    "updated_sentence": "V Řecku se jezdí vpravo, což usnadní orientaci řidičům z většiny evropských zemí.",
    "severity": "Minor",
    "score_deduction": 1,
    "source_file": "2026-2027-cz-car-hire-city-06.docx",
    "url": "https://www.skyscanner.cz/pronajem-auta-v/pronajem-auta-v-santorini-thira/38308884.html",
    "candidate": "https://www.skyscanner.cz/pronajem-auta-v/pronajem-auta-v-santorini-thira/38308884.html"
  },
  {
    "text": "Půjčení auta v Madridu začíná na 185 Kč/den, zatímco roční průměr se pohybuje kolem 1 396 Kč/den. Nejnižší ceny obvykle najdete v listopadu, kdy poptávka klesá a nabídky bývají dostupnější. Rezervaci si ideálně zajistěte 3 týdny předem, což vám dává prostor porovnat jednotlivé poskytovatele a vybrat vůz, který odpovídá vašim potřebám. Porovnání různých modelů a společností pomáhá odhalit rozdíly v cenách i podmínkách pronájmu. Flexibilita v termínech vyzvednutí a vrácení navíc často otevírá cestu k výhodnějším nabídkám.",
    "issue": "The text systematically fails to use non-breaking spaces where required by Czech typography, specifically after single-letter prepositions, between numbers and units, and for thousand separators.",
    "type_of_issue": "Punctuation/Spelling/Typos",
    "solution": "Insert non-breaking spaces in all required positions (e.g., after 'v', between '185' and 'Kč', in '1 396') to comply with Czech typographic rules.",
    "updated_sentence": "Půjčení auta v Madridu začíná na 185 Kč/den, zatímco roční průměr se pohybuje kolem 1 396 Kč/den. Nejnižší ceny obvykle najdete v listopadu, kdy poptávka klesá a nabídky bývají dostupnější. Rezervaci si ideálně zajistěte 3 týdny předem, což vám dává prostor porovnat jednotlivé poskytovatele a vybrat vůz, který odpovídá vašim potřebám. Porovnání různých modelů a společností pomáhá odhalit rozdíly v cenách i podmínkách pronájmu. Flexibilita v termínech vyzvednutí a vrácení navíc často otevírá cestu k výhodnějším nabídkám.",
    "severity": "Minor",
    "score_deduction": 1,
    "source_file": "2026-2027-cz-car-hire-city-07.docx",
    "url": "https://www.skyscanner.cz/pronajem-auta-v/pronajem-auta-v-madrid/27544850.html",
    "candidate": "https://www.skyscanner.cz/pronajem-auta-v/pronajem-auta-v-madrid/27544850.html"
  },
  {
    "text": "Pokud upřednostňujete automatickou převodovku a prostornější vůz, nabízí společnost Sixt model Audi A6 Avant s automatem od 185 Kč/den.",
    "issue": "The text consistently omits required non-breaking spaces after single-letter prepositions (e.g., 'v', 's') and between numbers and currency units, which is a violation of Czech typographic rules. This pattern repeats throughout the text.",
    "type_of_issue": "Punctuation/Spelling/Typos",
    "solution": "Insert non-breaking spaces after all single-letter prepositions and between numbers and their units (Kč) as required by Czech orthography.",
    "updated_sentence": "Pokud upřednostňujete automatickou převodovku a prostornější vůz, nabízí společnost Sixt model Audi A6 Avant s automatem od 185 Kč/den.",
    "severity": "Minor",
    "score_deduction": 1,
    "source_file": "2026-2027-cz-car-hire-city-07.docx",
    "url": "https://www.skyscanner.cz/pronajem-auta-v/pronajem-auta-v-madrid/27544850.html",
    "candidate": "https://www.skyscanner.cz/pronajem-auta-v/pronajem-auta-v-madrid/27544850.html"
  },
  {
    "text": "Auto v Madridu si můžete vyzvednout přímo v centru města, například ve čtvrtích Centro, Malasaña nebo Chueca. Alternativou je vyzvednutí na madridském letišti, kam po příletu dorazíte nejsnáze. Ceny za pronájem se mezi jednotlivými lokalitami liší podle nabídky autopůjčoven. Vyzvednutí na letišti bývá o něco dražší než v centru města, kde najdete nejnižší nabízené sazby. Kromě těchto míst je k dispozici i řada dalších čtvrtí a dopravních uzlů, takže si můžete zvolit variantu, která nejlépe vyhovuje vašim plánům.",
    "issue": "Mandatory non-breaking spaces are missing after single-letter prepositions (v, o, k, i, a), which violates Czech typographic rules.",
    "type_of_issue": "Punctuation/Spelling/Typos",
    "solution": "Insert a non-breaking space after each single-letter preposition to ensure correct line breaking.",
    "updated_sentence": "Auto v Madridu si můžete vyzvednout přímo v centru města, například ve čtvrtích Centro, Malasaña nebo Chueca. Alternativou je vyzvednutí na madridském letišti, kam po příletu dorazíte nejsnáze. Ceny za pronájem se mezi jednotlivými lokalitami liší podle nabídky autopůjčoven. Vyzvednutí na letišti bývá o něco dražší než v centru města, kde najdete nejnižší nabízené sazby. Kromě těchto míst je k dispozici i řada dalších čtvrtí a dopravních uzlů, takže si můžete zvolit variantu, která nejlépe vyhovuje vašim plánům.",
    "severity": "Minor",
    "score_deduction": 1,
    "source_file": "2026-2027-cz-car-hire-city-07.docx",
    "url": "https://www.skyscanner.cz/pronajem-auta-v/pronajem-auta-v-madrid/27544850.html",
    "candidate": "https://www.skyscanner.cz/pronajem-auta-v/pronajem-auta-v-madrid/27544850.html"
  },
  {
    "text": "Mezi nejoblíbenější patří společnost Goldcar, společnost Click and Rent a společnost Keddy By Europcar, přičemž největší oblibě se těší společnost Goldcar.",
    "issue": "The preposition 'By' in the brand name 'Keddy By Europcar' is incorrectly capitalized; official branding uses lowercase.",
    "type_of_issue": "Compliance",
    "solution": "Change 'By' to lowercase 'by' to match the official brand name capitalization.",
    "updated_sentence": "Mezi nejoblíbenější patří společnost Goldcar, společnost Click and Rent a společnost Keddy by Europcar, přičemž největší oblibě se těší společnost Goldcar.",
    "severity": "Minor",
    "score_deduction": 1,
    "source_file": "2026-2027-cz-car-hire-city-07.docx",
    "url": "https://www.skyscanner.cz/pronajem-auta-v/pronajem-auta-v-madrid/27544850.html",
    "candidate": "https://www.skyscanner.cz/pronajem-auta-v/pronajem-auta-v-madrid/27544850.html"
  },
  {
    "text": "Na dálnicích platí rychlostní limit 120 km/h, na rychlostních silnicích 100 km/h. Na silnicích mimo obce je povoleno 90 km/h a v obytných zónách a městech 50 km/h.",
    "issue": "A required non-breaking space is missing between the number and the unit 'km/h' in multiple instances, which violates Czech typographic rules.",
    "type_of_issue": "Punctuation/Spelling/Typos",
    "solution": "Insert a non-breaking space between the number and the unit 'km/h' in all instances (e.g., '120 km/h' should be '120 km/h').",
    "updated_sentence": "Na dálnicích platí rychlostní limit 120 km/h, na rychlostních silnicích 100 km/h. Na silnicích mimo obce je povoleno 90 km/h a v obytných zónách a městech 50 km/h.",
    "severity": "Minor",
    "score_deduction": 1,
    "source_file": "2026-2027-cz-car-hire-city-07.docx",
    "url": "https://www.skyscanner.cz/pronajem-auta-v/pronajem-auta-v-madrid/27544850.html",
    "candidate": "https://www.skyscanner.cz/pronajem-auta-v/pronajem-auta-v-madrid/27544850.html"
  },
  {
    "text": "Ceny za pronájem auta ve Vídni se pohybují kolem ročního průměru 1 305 Kč/den, momentálně ale najdete nabídky už od 271 Kč/den.",
    "issue": "This sentence and others in the text violate Czech typographic rules by using standard spaces instead of non-breaking spaces between numbers and units (e.g., '271 Kč/den') and after single-letter prepositions (e.g., 'v listopadu').",
    "type_of_issue": "Punctuation/Spelling/Typos",
    "solution": "Replace standard spaces with non-breaking spaces where required by Czech typography, such as between a number and its unit/currency and after single-letter prepositions.",
    "updated_sentence": "Ceny za pronájem auta ve Vídni se pohybují kolem ročního průměru 1 305 Kč/den, momentálně ale najdete nabídky už od 271 Kč/den.",
    "severity": "Minor",
    "score_deduction": 1,
    "source_file": "2026-2027-cz-car-hire-city-07.docx",
    "url": "https://www.skyscanner.cz/pronajem-auta-v/pronajem-auta-v-viden/27547395.html",
    "candidate": "https://www.skyscanner.cz/pronajem-auta-v/pronajem-auta-v-viden/27547395.html"
  },
  {
    "text": "Ve Vídni patří k nejoblíbenějším vozům model Toyota Aygo.",
    "issue": "A required non-breaking space is missing after the single-letter preposition 'k' as per Czech typography rules. This pattern repeats throughout the text with prepositions like 'v', 's', and 'z'.",
    "type_of_issue": "Punctuation/Spelling/Typos",
    "solution": "Insert a non-breaking space after each single-letter preposition to prevent it from being orphaned at the end of a line.",
    "updated_sentence": "Ve Vídni patří k nejoblíbenějším vozům model Toyota Aygo.",
    "severity": "Minor",
    "score_deduction": 1,
    "source_file": "2026-2027-cz-car-hire-city-07.docx",
    "url": "https://www.skyscanner.cz/pronajem-auta-v/pronajem-auta-v-viden/27547395.html",
    "candidate": "https://www.skyscanner.cz/pronajem-auta-v/pronajem-auta-v-viden/27547395.html"
  },
  {
    "text": "Pokud vám vyhovuje ruční řazení, nabízí společnost Dryyve tento vůz s manuální převodovkou od 271 Kč/den.",
    "issue": "A required non-breaking space is missing between the number and the currency unit ('271 Kč/den') as per Czech typography rules. This pattern repeats for all prices in the text.",
    "type_of_issue": "Punctuation/Spelling/Typos",
    "solution": "Insert a non-breaking space between numbers and their corresponding units or currency codes (e.g., '271 Kč/den').",
    "updated_sentence": "Pokud vám vyhovuje ruční řazení, nabízí společnost Dryyve tento vůz s manuální převodovkou od 271 Kč/den.",
    "severity": "Minor",
    "score_deduction": 1,
    "source_file": "2026-2027-cz-car-hire-city-07.docx",
    "url": "https://www.skyscanner.cz/pronajem-auta-v/pronajem-auta-v-viden/27547395.html",
    "candidate": "https://www.skyscanner.cz/pronajem-auta-v/pronajem-auta-v-viden/27547395.html"
  },
  {
    "text": "K dispozici jsou i další místa v jednotlivých městských částech, jako je Leopoldstadt, Landstraße či Mariahilf, a také u vybraných nádraží.",
    "issue": "Missing non-breaking spaces after the single-letter prepositions 'v', 'a', and 'u', which violates Czech typographic rules.",
    "type_of_issue": "Punctuation/Spelling/Typos",
    "solution": "Insert non-breaking spaces after the single-letter prepositions 'v', 'a', and 'u' to comply with Czech typographic rules.",
    "updated_sentence": "K dispozici jsou i další místa v jednotlivých městských částech, jako je Leopoldstadt, Landstraße či Mariahilf, a také u vybraných nádraží.",
    "severity": "Minor",
    "score_deduction": 1,
    "source_file": "2026-2027-cz-car-hire-city-07.docx",
    "url": "https://www.skyscanner.cz/pronajem-auta-v/pronajem-auta-v-viden/27547395.html",
    "candidate": "https://www.skyscanner.cz/pronajem-auta-v/pronajem-auta-v-viden/27547395.html"
  },
  {
    "text": "Ceny za vyzvednutí na letišti a v centru města jsou přibližně srovnatelné, takže volbu můžete přizpůsobit spíše tomu, kde svou cestu začínáte.",
    "issue": "Missing non-breaking spaces after the single-letter prepositions 'a' and 'v', which violates Czech typographic rules.",
    "type_of_issue": "Punctuation/Spelling/Typos",
    "solution": "Insert non-breaking spaces after the single-letter prepositions 'a' and 'v' to comply with Czech typographic rules.",
    "updated_sentence": "Ceny za vyzvednutí na letišti a v centru města jsou přibližně srovnatelné, takže volbu můžete přizpůsobit spíše tomu, kde svou cestu začínáte.",
    "severity": "Minor",
    "score_deduction": 1,
    "source_file": "2026-2027-cz-car-hire-city-07.docx",
    "url": "https://www.skyscanner.cz/pronajem-auta-v/pronajem-auta-v-viden/27547395.html",
    "candidate": "https://www.skyscanner.cz/pronajem-auta-v/pronajem-auta-v-viden/27547395.html"
  },
  {
    "text": "Minimální věk pro pronájem vozu je 21 let, přičemž řada půjčoven připočítává poplatek pro mladé řidiče do 25 let. Řídit je možné od 17 let.",
    "issue": "The second sentence, stating the legal driving age is 17, creates a misleading internal contradiction with the first sentence, which states the minimum rental age is 21. This can confuse users about their eligibility to rent a car.",
    "type_of_issue": "Accuracy",
    "solution": "Remove the second sentence, as it is not directly relevant to car rental conditions and creates confusion.",
    "updated_sentence": "Minimální věk pro pronájem vozu je 21 let, přičemž řada půjčoven připočítává poplatek pro mladé řidiče do 25 let.",
    "severity": "Major",
    "score_deduction": 3,
    "source_file": "2026-2027-cz-car-hire-city-07.docx",
    "url": "https://www.skyscanner.cz/pronajem-auta-v/pronajem-auta-v-viden/27547395.html",
    "candidate": "https://www.skyscanner.cz/pronajem-auta-v/pronajem-auta-v-viden/27547395.html"
  },
  {
    "text": "Ve Vídni si můžete vybrat z šesti půjčoven aut.",
    "issue": "A non-breaking space is required after the single-letter preposition 'z' according to Czech typographic rules. This pattern of missing non-breaking spaces repeats throughout the text after other prepositions and between numbers and units.",
    "type_of_issue": "Punctuation/Spelling/Typos",
    "solution": "Insert a non-breaking space after the single-letter preposition 'z'.",
    "updated_sentence": "Ve Vídni si můžete vybrat z šesti půjčoven aut.",
    "severity": "Minor",
    "score_deduction": 1,
    "source_file": "2026-2027-cz-car-hire-city-07.docx",
    "url": "https://www.skyscanner.cz/pronajem-auta-v/pronajem-auta-v-viden/27547395.html",
    "candidate": "https://www.skyscanner.cz/pronajem-auta-v/pronajem-auta-v-viden/27547395.html"
  },
  {
    "text": "Na dálnicích platí nejvyšší povolená rychlost 130 km/h, na rychlostních silnicích 100 km/h. Stejný limit 100 km/h se vztahuje i na silnice mimo obce, zatímco v obcích a na ostatních komunikacích je to 50 km/h.",
    "issue": "A non-breaking space is required between a number and its unit (km/h) according to Czech typography rules. This error occurs in all four instances.",
    "type_of_issue": "Punctuation/Spelling/Typos",
    "solution": "Insert a non-breaking space between the number and the 'km/h' unit in all instances.",
    "updated_sentence": "Na dálnicích platí nejvyšší povolená rychlost 130 km/h, na rychlostních silnicích 100 km/h. Stejný limit 100 km/h se vztahuje i na silnice mimo obce, zatímco v obcích a na ostatních komunikacích je to 50 km/h.",
    "severity": "Minor",
    "score_deduction": 1,
    "source_file": "2026-2027-cz-car-hire-city-07.docx",
    "url": "https://www.skyscanner.cz/pronajem-auta-v/pronajem-auta-v-viden/27547395.html",
    "candidate": "https://www.skyscanner.cz/pronajem-auta-v/pronajem-auta-v-viden/27547395.html"
  },
  {
    "text": "Pronájem auta v Mnichově začíná na 595 Kč/den, přičemž roční průměr se pohybuje kolem 1 091 Kč/den.",
    "issue": "Czech typographic rules for non-breaking spaces are not followed. A non-breaking space is required after single-letter words (e.g., 'v') and between numbers and their units (e.g., '595 Kč/den'). The pattern repeats throughout the text.",
    "type_of_issue": "Punctuation/Spelling/Typos",
    "solution": "Insert non-breaking spaces after all single-letter words and between numbers and units/currency, as required by Czech typography.",
    "updated_sentence": "Pronájem auta v Mnichově začíná na 595 Kč/den, přičemž roční průměr se pohybuje kolem 1 091 Kč/den.",
    "severity": "Minor",
    "score_deduction": 1,
    "source_file": "2026-2027-cz-car-hire-city-07.docx",
    "url": "https://www.skyscanner.cz/pronajem-auta-v/pronajem-auta-v-mnichov/27545034.html",
    "candidate": "https://www.skyscanner.cz/pronajem-auta-v/pronajem-auta-v-mnichov/27545034.html"
  },
  {
    "text": "V Mnichově patří k nejoblíbenějším vozům model Volkswagen Golf, protože je pohodlný, praktický a jeho pronájem vyjde na rozumnou cenu.",
    "issue": "A non-breaking space is required after single-letter prepositions (e.g., 'V', 'k', 'a') per Czech typographical rules. This pattern repeats throughout the text.",
    "type_of_issue": "Punctuation/Spelling/Typos",
    "solution": "Insert a non-breaking space after each single-letter preposition.",
    "updated_sentence": "V Mnichově patří k nejoblíbenějším vozům model Volkswagen Golf, protože je pohodlný, praktický a jeho pronájem vyjde na rozumnou cenu.",
    "severity": "Minor",
    "score_deduction": 1,
    "source_file": "2026-2027-cz-car-hire-city-07.docx",
    "url": "https://www.skyscanner.cz/pronajem-auta-v/pronajem-auta-v-mnichov/27545034.html",
    "candidate": "https://www.skyscanner.cz/pronajem-auta-v/pronajem-auta-v-mnichov/27545034.html"
  },
  {
    "text": "Pokud dáváte přednost manuální převodovce, nabízí společnost Flex To Go model Peugeot 408 od 595 Kč/den, což je jedna z dostupnějších možností ve městě.",
    "issue": "A non-breaking space is required between a number and its unit or currency symbol. This formatting error repeats for all prices.",
    "type_of_issue": "Compliance",
    "solution": "Insert a non-breaking space between the number and 'Kč'.",
    "updated_sentence": "Pokud dáváte přednost manuální převodovce, nabízí společnost Flex To Go model Peugeot 408 od 595 Kč/den, což je jedna z dostupnějších možností ve městě.",
    "severity": "Minor",
    "score_deduction": 1,
    "source_file": "2026-2027-cz-car-hire-city-07.docx",
    "url": "https://www.skyscanner.cz/pronajem-auta-v/pronajem-auta-v-mnichov/27545034.html",
    "candidate": "https://www.skyscanner.cz/pronajem-auta-v/pronajem-auta-v-mnichov/27545034.html"
  },
  {
    "text": "Vyšší komfort a automat nabízí i model Mercedes C-Class od společnosti Thrifty za 1 327 Kč/den.",
    "issue": "A non-breaking space is required as the thousands separator in numbers with four or more digits.",
    "type_of_issue": "Compliance",
    "solution": "Replace the regular space with a non-breaking space in '1 327'.",
    "updated_sentence": "Vyšší komfort a automat nabízí i model Mercedes C-Class od společnosti Thrifty za 1 327 Kč/den.",
    "severity": "Minor",
    "score_deduction": 1,
    "source_file": "2026-2027-cz-car-hire-city-07.docx",
    "url": "https://www.skyscanner.cz/pronajem-auta-v/pronajem-auta-v-mnichov/27545034.html",
    "candidate": "https://www.skyscanner.cz/pronajem-auta-v/pronajem-auta-v-mnichov/27545034.html"
  },
  {
    "text": "Půjčené auto si v Mnichově vyzvednete na letišti nebo přímo v centru města, například ve čtvrti Altstadt-Lehel. Nabízí se také odběrná místa v dalších částech města, jako jsou Ludwigsvorstadt-Isarvorstadt, Angerviertel či Hackenviertel, a k dispozici je i mnichovské hlavní nádraží. Pokud jde o ceny, vyzvednutí na letišti bývá levnější než v centru města, kde denní sazby začínají na vyšší úrovni. Volba místa tak závisí na tom, odkud plánujete cestu zahájit a co se vám hodí do trasy.",
    "issue": "Missing non-breaking spaces after single-letter prepositions (v, k, o), which is a violation of Czech typographic rules. This error pattern repeats throughout the text.",
    "type_of_issue": "Punctuation/Spelling/Typos",
    "solution": "Insert a non-breaking space after each single-letter preposition to prevent it from being left at the end of a line during text wrapping.",
    "updated_sentence": "Půjčené auto si v Mnichově vyzvednete na letišti nebo přímo v centru města, například ve čtvrti Altstadt-Lehel. Nabízí se také odběrná místa v dalších částech města, jako jsou Ludwigsvorstadt-Isarvorstadt, Angerviertel či Hackenviertel, a k dispozici je i mnichovské hlavní nádraží. Pokud jde o ceny, vyzvednutí na letišti bývá levnější než v centru města, kde denní sazby začínají na vyšší úrovni. Volba místa tak závisí na tom, odkud plánujete cestu zahájit a co se vám hodí do trasy.",
    "severity": "Minor",
    "score_deduction": 1,
    "source_file": "2026-2027-cz-car-hire-city-07.docx",
    "url": "https://www.skyscanner.cz/pronajem-auta-v/pronajem-auta-v-mnichov/27545034.html",
    "candidate": "https://www.skyscanner.cz/pronajem-auta-v/pronajem-auta-v-mnichov/27545034.html"
  },
  {
    "text": "Vůz si zde pronajmete od 21 let, u řady poskytovatelů se ale u řidičů mladších 25 let připočítává příplatek pro mladé řidiče.",
    "issue": "Required non-breaking spaces are missing after single-letter prepositions and between numbers and units, which is a recurring issue throughout the text.",
    "type_of_issue": "Punctuation/Spelling/Typos",
    "solution": "Insert non-breaking spaces after single-letter prepositions (e.g., 'u řady') and between numbers and units (e.g., '21 let') per Czech typographical rules. Apply this rule consistently.",
    "updated_sentence": "Vůz si zde pronajmete od 21 let, u řady poskytovatelů se ale u řidičů mladších 25 let připočítává příplatek pro mladé řidiče.",
    "severity": "Minor",
    "score_deduction": 1,
    "source_file": "2026-2027-cz-car-hire-city-07.docx",
    "url": "https://www.skyscanner.cz/pronajem-auta-v/pronajem-auta-v-mnichov/27545034.html",
    "candidate": "https://www.skyscanner.cz/pronajem-auta-v/pronajem-auta-v-mnichov/27545034.html"
  },
  {
    "text": "Na rychlostních silnicích a silnicích mimo obec je limit 100 km/h, v obcích pak 50 km/h.",
    "issue": "A required non-breaking space is missing between the numbers and the unit 'km/h', which violates Czech typographic rules. This pattern repeats with '50 km/h' in the same sentence.",
    "type_of_issue": "Punctuation/Spelling/Typos",
    "solution": "Insert a non-breaking space between the numbers and the unit as required by Czech orthography.",
    "updated_sentence": "Na rychlostních silnicích a silnicích mimo obec je limit 100 km/h, v obcích pak 50 km/h.",
    "severity": "Minor",
    "score_deduction": 1,
    "source_file": "2026-2027-cz-car-hire-city-07.docx",
    "url": "https://www.skyscanner.cz/pronajem-auta-v/pronajem-auta-v-mnichov/27545034.html",
    "candidate": "https://www.skyscanner.cz/pronajem-auta-v/pronajem-auta-v-mnichov/27545034.html"
  },
  {
    "text": "Mýtné se týká pouze nákladních vozidel a autobusů nad 3,5 tuny, které platí elektronické mýto LKW-Maut podle ujeté vzdálenosti, sledované přes GPS.",
    "issue": "A required non-breaking space is missing between the number '3,5' and the unit 'tuny', which violates Czech typographic rules.",
    "type_of_issue": "Punctuation/Spelling/Typos",
    "solution": "Insert a non-breaking space between the number and the unit as required by Czech orthography.",
    "updated_sentence": "Mýtné se týká pouze nákladních vozidel a autobusů nad 3,5 tuny, které platí elektronické mýto LKW-Maut podle ujeté vzdálenosti, sledované přes GPS.",
    "severity": "Minor",
    "score_deduction": 1,
    "source_file": "2026-2027-cz-car-hire-city-07.docx",
    "url": "https://www.skyscanner.cz/pronajem-auta-v/pronajem-auta-v-mnichov/27545034.html",
    "candidate": "https://www.skyscanner.cz/pronajem-auta-v/pronajem-auta-v-mnichov/27545034.html"
  },
  {
    "text": "Nejnižší ceny obvykle nabízí července, kdy se vyplatí porovnat dostupné vozy a poskytovatele.",
    "issue": "The noun 'července' is in the incorrect grammatical case (genitive); it should be in the nominative case ('červenec') to function as the subject of the verb 'nabízí'.",
    "type_of_issue": "Grammar",
    "solution": "Change the noun 'července' to its nominative form, 'červenec'.",
    "updated_sentence": "Nejnižší ceny obvykle nabízí červenec, kdy se vyplatí porovnat dostupné vozy a poskytovatele.",
    "severity": "Minor",
    "score_deduction": 1,
    "source_file": "2026-2027-cz-car-hire-city-07.docx",
    "url": "https://www.skyscanner.cz/pronajem-auta-v/pronajem-auta-v-lefkada/38310847.html",
    "candidate": "https://www.skyscanner.cz/pronajem-auta-v/pronajem-auta-v-lefkada/38310847.html"
  },
  {
    "text": "Pronájem auta v Lefkádě lze pořídit už od 820 Kč/den, přičemž roční průměr se pohybuje kolem 1 821 Kč/den.",
    "issue": "A required non-breaking space is missing after the one-letter preposition 'v' as per Czech typographical rules. This pattern repeats in the text.",
    "type_of_issue": "Punctuation/Spelling/Typos",
    "solution": "Insert a non-breaking space after the single-letter preposition 'v' to prevent it from being orphaned at the end of a line.",
    "updated_sentence": "Pronájem auta v Lefkádě lze pořídit už od 820 Kč/den, přičemž roční průměr se pohybuje kolem 1 821 Kč/den.",
    "severity": "Minor",
    "score_deduction": 1,
    "source_file": "2026-2027-cz-car-hire-city-07.docx",
    "url": "https://www.skyscanner.cz/pronajem-auta-v/pronajem-auta-v-lefkada/38310847.html",
    "candidate": "https://www.skyscanner.cz/pronajem-auta-v/pronajem-auta-v-lefkada/38310847.html"
  },
  {
    "text": "Kdo dává přednost automatu a většímu vozu, může zvolit model Mercedes A-Class od společnosti Budget s automatickou převodovkou od 3 674 Kč/den.",
    "issue": "Non-breaking spaces are required for thousands separators and between a number and its currency unit (Kč) per Czech typographic rules. This pattern repeats with other prices.",
    "type_of_issue": "Punctuation/Spelling/Typos",
    "solution": "Insert a non-breaking space for the thousands separator in '3674' and between all numbers and the 'Kč' unit.",
    "updated_sentence": "Kdo dává přednost automatu a většímu vozu, může zvolit model Mercedes A-Class od společnosti Budget s automatickou převodovkou od 3 674 Kč/den.",
    "severity": "Minor",
    "score_deduction": 1,
    "source_file": "2026-2027-cz-car-hire-city-07.docx",
    "url": "https://www.skyscanner.cz/pronajem-auta-v/pronajem-auta-v-lefkada/38310847.html",
    "candidate": "https://www.skyscanner.cz/pronajem-auta-v/pronajem-auta-v-lefkada/38310847.html"
  },
  {
    "text": "Nejoblíbenějším vozem v Lefkádě je model Fiat 500.",
    "issue": "A non-breaking space is required after single-letter prepositions like 'v' according to Czech typographic rules. This pattern repeats in the text.",
    "type_of_issue": "Punctuation/Spelling/Typos",
    "solution": "Insert a non-breaking space after the single-letter preposition 'v'.",
    "updated_sentence": "Nejoblíbenějším vozem v Lefkádě je model Fiat 500.",
    "severity": "Minor",
    "score_deduction": 1,
    "source_file": "2026-2027-cz-car-hire-city-07.docx",
    "url": "https://www.skyscanner.cz/pronajem-auta-v/pronajem-auta-v-lefkada/38310847.html",
    "candidate": "https://www.skyscanner.cz/pronajem-auta-v/pronajem-auta-v-lefkada/38310847.html"
  },
  {
    "text": "Pronájem auta v Lefkádě si můžete vyzvednout na letišti Preveza, které představuje hlavní místo pro převzetí vozu při příletu.",
    "issue": "A non-breaking space is required after a single-letter preposition ('v') according to Czech typographic rules.",
    "type_of_issue": "Punctuation/Spelling/Typos",
    "solution": "Insert a non-breaking space after the preposition 'v'.",
    "updated_sentence": "Pronájem auta v Lefkádě si můžete vyzvednout na letišti Preveza, které představuje hlavní místo pro převzetí vozu při příletu.",
    "severity": "Minor",
    "score_deduction": 1,
    "source_file": "2026-2027-cz-car-hire-city-07.docx",
    "url": "https://www.skyscanner.cz/pronajem-auta-v/pronajem-auta-v-lefkada/38310847.html",
    "candidate": "https://www.skyscanner.cz/pronajem-auta-v/pronajem-auta-v-lefkada/38310847.html"
  },
  {
    "text": "Vyzvednutí na letišti Preveza bývá cenově výhodnější než převzetí vozu v centru města, takže se hodí zvážit už při plánování cesty.",
    "issue": "A non-breaking space is required after a single-letter preposition ('v') according to Czech typographic rules.",
    "type_of_issue": "Punctuation/Spelling/Typos",
    "solution": "Insert a non-breaking space after the preposition 'v'.",
    "updated_sentence": "Vyzvednutí na letišti Preveza bývá cenově výhodnější než převzetí vozu v centru města, takže se hodí zvážit už při plánování cesty.",
    "severity": "Minor",
    "score_deduction": 1,
    "source_file": "2026-2027-cz-car-hire-city-07.docx",
    "url": "https://www.skyscanner.cz/pronajem-auta-v/pronajem-auta-v-lefkada/38310847.html",
    "candidate": "https://www.skyscanner.cz/pronajem-auta-v/pronajem-auta-v-lefkada/38310847.html"
  },
  {
    "text": "Vozidlo si můžete pronajmout od 21 let, řada společností ovšem u řidičů mladších 25 let účtuje příplatek.",
    "issue": "Required non-breaking spaces are missing, violating Czech typographic rules. This occurs after the single-letter preposition 'u' and between numbers and the unit 'let'. This is a recurring pattern throughout the text.",
    "type_of_issue": "Punctuation/Spelling/Typos",
    "solution": "Insert a non-breaking space after single-letter prepositions and between numbers and their units as required by Czech orthography.",
    "updated_sentence": "Vozidlo si můžete pronajmout od 21 let, řada společností ovšem u řidičů mladších 25 let účtuje příplatek.",
    "severity": "Minor",
    "score_deduction": 1,
    "source_file": "2026-2027-cz-car-hire-city-07.docx",
    "url": "https://www.skyscanner.cz/pronajem-auta-v/pronajem-auta-v-lefkada/38310847.html",
    "candidate": "https://www.skyscanner.cz/pronajem-auta-v/pronajem-auta-v-lefkada/38310847.html"
  },
  {
    "text": "Na dálnicích platí nejvyšší povolená rychlost 120 km/h, na rychlostních silnicích 90 km/h a stejná hodnota se vztahuje také na silnice mimo obce.",
    "issue": "A non-breaking space is required between a number and its unit according to Czech typographic rules. This error pattern repeats with '50 km/h' in the following sentence.",
    "type_of_issue": "Punctuation/Spelling/Typos",
    "solution": "Insert a non-breaking space between the numeric value and the 'km/h' unit.",
    "updated_sentence": "Na dálnicích platí nejvyšší povolená rychlost 120 km/h, na rychlostních silnicích 90 km/h a stejná hodnota se vztahuje také na silnice mimo obce.",
    "severity": "Minor",
    "score_deduction": 1,
    "source_file": "2026-2027-cz-car-hire-city-07.docx",
    "url": "https://www.skyscanner.cz/pronajem-auta-v/pronajem-auta-v-lefkada/38310847.html",
    "candidate": "https://www.skyscanner.cz/pronajem-auta-v/pronajem-auta-v-lefkada/38310847.html"
  },
  {
    "text": "Pronájem auta v Benátkách začíná na 589 Kč/den, přičemž roční průměr se pohybuje kolem 1 447 Kč/den.",
    "issue": "A required non-breaking space is missing between a number and its corresponding unit, which violates Czech typographic rules. The pattern repeats in the text (e.g., '589Kč/den', '1447Kč/den', '4týdny').",
    "type_of_issue": "Punctuation/Spelling/Typos",
    "solution": "Insert a non-breaking space between the number and the unit in all instances (e.g., '589 Kč/den').",
    "updated_sentence": "Pronájem auta v Benátkách začíná na 589 Kč/den, přičemž roční průměr se pohybuje kolem 1 447 Kč/den.",
    "severity": "Minor",
    "score_deduction": 1,
    "source_file": "2026-2027-cz-car-hire-city-07.docx",
    "url": "https://www.skyscanner.cz/pronajem-auta-v/pronajem-auta-v-benatky/27547373.html",
    "candidate": "https://www.skyscanner.cz/pronajem-auta-v/pronajem-auta-v-benatky/27547373.html"
  },
  {
    "text": "V Benátkách patří k nejoblíbenějším vozům model Fiat Panda, protože je malý, praktický a snadno se s ním parkuje v úzkých uličkách i na omezených parkovacích místech.",
    "issue": "Missing required non-breaking spaces after single-letter prepositions in violation of Czech typographic rules. This pattern ('V ', 'k ', 's ', 'v ', 'O ', 'i ') repeats throughout the text.",
    "type_of_issue": "Punctuation/Spelling/Typos",
    "solution": "Insert a non-breaking space after each single-letter preposition.",
    "updated_sentence": "V Benátkách patří k nejoblíbenějším vozům model Fiat Panda, protože je malý, praktický a snadno se s ním parkuje v úzkých uličkách i na omezených parkovacích místech.",
    "severity": "Minor",
    "score_deduction": 1,
    "source_file": "2026-2027-cz-car-hire-city-07.docx",
    "url": "https://www.skyscanner.cz/pronajem-auta-v/pronajem-auta-v-benatky/27547373.html",
    "candidate": "https://www.skyscanner.cz/pronajem-auta-v/pronajem-auta-v-benatky/27547373.html"
  },
  {
    "text": "Pokud hledáte podobně kompaktní řešení, společnost Budget nabízí model Hyundai i10 s manuální převodovkou od 674 Kč/den.",
    "issue": "Missing required non-breaking space between a number and its unit ('Kč/den'). This pattern repeats with other prices in the text.",
    "type_of_issue": "Punctuation/Spelling/Typos",
    "solution": "Insert a non-breaking space between the number and the unit 'Kč/den'.",
    "updated_sentence": "Pokud hledáte podobně kompaktní řešení, společnost Budget nabízí model Hyundai i10 s manuální převodovkou od 674 Kč/den.",
    "severity": "Minor",
    "score_deduction": 1,
    "source_file": "2026-2027-cz-car-hire-city-07.docx",
    "url": "https://www.skyscanner.cz/pronajem-auta-v/pronajem-auta-v-benatky/27547373.html",
    "candidate": "https://www.skyscanner.cz/pronajem-auta-v/pronajem-auta-v-benatky/27547373.html"
  },
  {
    "text": "Vůz si v Benátkách vyzvednete na řadě míst, přičemž nejčastěji volenou oblastí bývá historické centrum s městskými čtvrtěmi jako Castello, Cannaregio nebo San Polo.",
    "issue": "A single-letter preposition ('v', 's') is not followed by a non-breaking space, which is required by Czech typographic rules. This pattern repeats throughout the text.",
    "type_of_issue": "Punctuation/Spelling/Typos",
    "solution": "Insert a non-breaking space after each single-letter preposition to prevent it from being left at the end of a line.",
    "updated_sentence": "Vůz si v Benátkách vyzvednete na řadě míst, přičemž nejčastěji volenou oblastí bývá historické centrum s městskými čtvrtěmi jako Castello, Cannaregio nebo San Polo.",
    "severity": "Minor",
    "score_deduction": 1,
    "source_file": "2026-2027-cz-car-hire-city-07.docx",
    "url": "https://www.skyscanner.cz/pronajem-auta-v/pronajem-auta-v-benatky/27547373.html",
    "candidate": "https://www.skyscanner.cz/pronajem-auta-v/pronajem-auta-v-benatky/27547373.html"
  },
  {
    "text": "V Benátkách si můžete vybrat z šesti půjčoven aut.",
    "issue": "A non-breaking space is required after single-letter prepositions according to Czech typographic rules. This issue repeats with 'K', 's', and the conjunction 'a'.",
    "type_of_issue": "Punctuation/Spelling/Typos",
    "solution": "Insert a non-breaking space after each single-letter preposition and conjunction (V, K, s, a).",
    "updated_sentence": "V Benátkách si můžete vybrat z šesti půjčoven aut.",
    "severity": "Minor",
    "score_deduction": 1,
    "source_file": "2026-2027-cz-car-hire-city-07.docx",
    "url": "https://www.skyscanner.cz/pronajem-auta-v/pronajem-auta-v-benatky/27547373.html",
    "candidate": "https://www.skyscanner.cz/pronajem-auta-v/pronajem-auta-v-benatky/27547373.html"
  },
  {
    "text": "V Itálii se jezdí vpravo, což je dobré mít na paměti hned při vyjetí z půjčovny.",
    "issue": "A non-breaking space is required after single-letter prepositions ('V', 'z', 's', 'a') per Czech typography rules. This pattern repeats throughout the text.",
    "type_of_issue": "Punctuation/Spelling/Typos",
    "solution": "Insert a non-breaking space after all single-letter prepositions.",
    "updated_sentence": "V Itálii se jezdí vpravo, což je dobré mít na paměti hned při vyjetí z půjčovny.",
    "severity": "Minor",
    "score_deduction": 1,
    "source_file": "2026-2027-cz-car-hire-city-07.docx",
    "url": "https://www.skyscanner.cz/pronajem-auta-v/pronajem-auta-v-benatky/27547373.html",
    "candidate": "https://www.skyscanner.cz/pronajem-auta-v/pronajem-auta-v-benatky/27547373.html"
  },
  {
    "text": "Na dálnicích platí nejvyšší povolená rychlost 130 km/h, na rychlostních silnicích 110 km/h.",
    "issue": "A non-breaking space is required between a number and its unit ('km/h') per Czech typography rules. This pattern repeats for all speed limits mentioned.",
    "type_of_issue": "Punctuation/Spelling/Typos",
    "solution": "Insert a non-breaking space between the number and the 'km/h' unit in all instances.",
    "updated_sentence": "Na dálnicích platí nejvyšší povolená rychlost 130 km/h, na rychlostních silnicích 110 km/h.",
    "severity": "Minor",
    "score_deduction": 1,
    "source_file": "2026-2027-cz-car-hire-city-07.docx",
    "url": "https://www.skyscanner.cz/pronajem-auta-v/pronajem-auta-v-benatky/27547373.html",
    "candidate": "https://www.skyscanner.cz/pronajem-auta-v/pronajem-auta-v-benatky/27547373.html"
  },
  {
    "text": "Půjčovnu auta v Bruselu můžete najít už od 831 Kč/den, přičemž roční průměr se pohybuje kolem 978 Kč/den. Nejnižší ceny bývají v říjnu, takže cesta naplánovaná na tento měsíc vám může pomoci ušetřit. Rezervaci se vyplatí řešit méně než týden předem, kdy jsou nabídky obvykle nejvýhodnější. Při porovnávání se zaměřte na celkovou cenu včetně pojištění a podmínek nájmu, abyste získali přehled o skutečných nákladech. Různí poskytovatelé nabízejí odlišné podmínky, proto se vyplatí projít více variant.",
    "issue": "The text is missing required non-breaking spaces after single-letter prepositions (e.g., 'v', 'a', 'o') and between numbers and the currency unit 'Kč', which is a violation of Czech typographic rules.",
    "type_of_issue": "Punctuation/Spelling/Typos",
    "solution": "Insert non-breaking spaces where required by Czech typographic rules: after single-letter prepositions and between numbers and their units.",
    "updated_sentence": "Půjčovnu auta v Bruselu můžete najít už od 831 Kč/den, přičemž roční průměr se pohybuje kolem 978 Kč/den. Nejnižší ceny bývají v říjnu, takže cesta naplánovaná na tento měsíc vám může pomoci ušetřit. Rezervaci se vyplatí řešit méně než týden předem, kdy jsou nabídky obvykle nejvýhodnější. Při porovnávání se zaměřte na celkovou cenu včetně pojištění a podmínek nájmu, abyste získali přehled o skutečných nákladech. Různí poskytovatelé nabízejí odlišné podmínky, proto se vyplatí projít více variant.",
    "severity": "Minor",
    "score_deduction": 1,
    "source_file": "2026-2027-cz-car-hire-city-07.docx",
    "url": "https://www.skyscanner.cz/pronajem-auta-v/pronajem-auta-v-brusel/27539565.html",
    "candidate": "https://www.skyscanner.cz/pronajem-auta-v/pronajem-auta-v-brusel/27539565.html"
  },
  {
    "text": "Kdo dává přednost automatu, může sáhnout po modelu Volkswagen Polo od společnosti Alamo za 1 487 Kč/den.",
    "issue": "A regular space is used instead of a non-breaking space for the thousands separator and between the number and currency unit, which violates Czech typographic rules. This pattern repeats for all prices in the text.",
    "type_of_issue": "Punctuation/Spelling/Typos",
    "solution": "Replace regular spaces with non-breaking spaces in '1 487 Kč/den' to comply with locale-specific formatting.",
    "updated_sentence": "Kdo dává přednost automatu, může sáhnout po modelu Volkswagen Polo od společnosti Alamo za 1 487 Kč/den.",
    "severity": "Minor",
    "score_deduction": 1,
    "source_file": "2026-2027-cz-car-hire-city-07.docx",
    "url": "https://www.skyscanner.cz/pronajem-auta-v/pronajem-auta-v-brusel/27539565.html",
    "candidate": "https://www.skyscanner.cz/pronajem-auta-v/pronajem-auta-v-brusel/27539565.html"
  },
  {
    "text": "Zapůjčené auto si v Bruselu můžete vyzvednout přímo v centru města, například ve čtvrti Pentagon nebo v okolních centrálních lokalitách.",
    "issue": "A required non-breaking space is missing after the single-letter preposition 'v'. This typographical error pattern repeats throughout the paragraph.",
    "type_of_issue": "Punctuation/Spelling/Typos",
    "solution": "Insert a non-breaking space after all single-letter prepositions (e.g., v, u, i, a) as required by Czech typography.",
    "updated_sentence": "Zapůjčené auto si v Bruselu můžete vyzvednout přímo v centru města, například ve čtvrti Pentagon nebo v okolních centrálních lokalitách.",
    "severity": "Minor",
    "score_deduction": 1,
    "source_file": "2026-2027-cz-car-hire-city-07.docx",
    "url": "https://www.skyscanner.cz/pronajem-auta-v/pronajem-auta-v-brusel/27539565.html",
    "candidate": "https://www.skyscanner.cz/pronajem-auta-v/pronajem-auta-v-brusel/27539565.html"
  },
  {
    "text": "V Bruselu si můžete vybrat z šesti poskytovatelů půjčoven aut. Mezi nejoblíbenější patří společnost Alamo, společnost Keddy By Europcar a společnost Hertz, přičemž vůbec nejvyhledávanější je společnost Alamo. Minimální věk pro zapůjčení vozu je 21 let, u řady poskytovatelů se navíc pro řidiče mladší 25 let účtuje příplatek. Řídit lze od 18 let. K zapůjčení auta budete potřebovat platný pas nebo občanský průkaz a řidičský průkaz. Mezinárodní řidičský průkaz není u licencí z EU a EHP nutný, u dokladů v jiném než latinském písmu je však vyžadován a pro ostatní návštěvníky mimo EU se doporučuje.",
    "issue": "Required non-breaking spaces are missing after single-letter prepositions (e.g., 'V', 'z', 'u', 'K', 'a'), which is a violation of Czech typographic rules. This pattern repeats throughout the text.",
    "type_of_issue": "Punctuation/Spelling/Typos",
    "solution": "Insert a non-breaking space after each single-letter preposition (V, z, u, K, a).",
    "updated_sentence": "V Bruselu si můžete vybrat z šesti poskytovatelů půjčoven aut. Mezi nejoblíbenější patří společnost Alamo, společnost Keddy By Europcar a společnost Hertz, přičemž vůbec nejvyhledávanější je společnost Alamo. Minimální věk pro zapůjčení vozu je 21 let, u řady poskytovatelů se navíc pro řidiče mladší 25 let účtuje příplatek. Řídit lze od 18 let. K zapůjčení auta budete potřebovat platný pas nebo občanský průkaz a řidičský průkaz. Mezinárodní řidičský průkaz není u licencí z EU a EHP nutný, u dokladů v jiném než latinském písmu je však vyžadován a pro ostatní návštěvníky mimo EU se doporučuje.",
    "severity": "Minor",
    "score_deduction": 1,
    "source_file": "2026-2027-cz-car-hire-city-07.docx",
    "url": "https://www.skyscanner.cz/pronajem-auta-v/pronajem-auta-v-brusel/27539565.html",
    "candidate": "https://www.skyscanner.cz/pronajem-auta-v/pronajem-auta-v-brusel/27539565.html"
  },
  {
    "text": "V Belgii se jezdí vpravo.",
    "issue": "A non-breaking space is required after single-letter prepositions as per Czech typographic rules. This is a representative instance of a pattern found with 'V', 'v', and 'u'.",
    "type_of_issue": "Punctuation/Spelling/Typos",
    "solution": "Insert a non-breaking space after all single-letter prepositions.",
    "updated_sentence": "V Belgii se jezdí vpravo.",
    "severity": "Minor",
    "score_deduction": 1,
    "source_file": "2026-2027-cz-car-hire-city-07.docx",
    "url": "https://www.skyscanner.cz/pronajem-auta-v/pronajem-auta-v-brusel/27539565.html",
    "candidate": "https://www.skyscanner.cz/pronajem-auta-v/pronajem-auta-v-brusel/27539565.html"
  },
  {
    "text": "Na dálnicích a rychlostních silnicích platí rychlostní limit 90–120 km/h, na silnicích mimo obec obvykle 90 km/h, ve Vlámském regionu 70 km/h.",
    "issue": "A non-breaking space is required between a number and its unit as per Czech typographic rules. This pattern repeats throughout the text with the 'km/h' unit.",
    "type_of_issue": "Punctuation/Spelling/Typos",
    "solution": "Insert a non-breaking space between the numerical value and the 'km/h' unit in all instances.",
    "updated_sentence": "Na dálnicích a rychlostních silnicích platí rychlostní limit 90–120 km/h, na silnicích mimo obec obvykle 90 km/h, ve Vlámském regionu 70 km/h.",
    "severity": "Minor",
    "score_deduction": 1,
    "source_file": "2026-2027-cz-car-hire-city-07.docx",
    "url": "https://www.skyscanner.cz/pronajem-auta-v/pronajem-auta-v-brusel/27539565.html",
    "candidate": "https://www.skyscanner.cz/pronajem-auta-v/pronajem-auta-v-brusel/27539565.html"
  },
  {
    "text": "Pronájem auta ve Florencii začíná na 508 Kč/den, zatímco roční průměr se pohybuje kolem 1 223 Kč/den.",
    "issue": "Non-breaking spaces are missing where required by Czech typography: for the thousands separator in '1 223' and between numbers and their units ('508 Kč/den' and '1 223 Kč/den').",
    "type_of_issue": "Punctuation/Spelling/Typos",
    "solution": "Insert non-breaking spaces for the thousands separator and between the numbers and the 'Kč/den' unit.",
    "updated_sentence": "Pronájem auta ve Florencii začíná na 508 Kč/den, zatímco roční průměr se pohybuje kolem 1 223 Kč/den.",
    "severity": "Minor",
    "score_deduction": 1,
    "source_file": "2026-2027-cz-car-hire-city-07.docx",
    "url": "https://www.skyscanner.cz/pronajem-auta-v/pronajem-auta-v-florencie/27541640.html",
    "candidate": "https://www.skyscanner.cz/pronajem-auta-v/pronajem-auta-v-florencie/27541640.html"
  },
  {
    "text": "Nejlepších nabídek dosáhnete, když si auto rezervujete 3 týdny předem.",
    "issue": "A standard space was used instead of a non-breaking space between the number and its unit ('3 týdny'), as required by Czech typographic rules.",
    "type_of_issue": "Punctuation/Spelling/Typos",
    "solution": "Replace the standard space with a non-breaking space between the number '3' and the word 'týdny'.",
    "updated_sentence": "Nejlepších nabídek dosáhnete, když si auto rezervujete 3 týdny předem.",
    "severity": "Minor",
    "score_deduction": 1,
    "source_file": "2026-2027-cz-car-hire-city-07.docx",
    "url": "https://www.skyscanner.cz/pronajem-auta-v/pronajem-auta-v-florencie/27541640.html",
    "candidate": "https://www.skyscanner.cz/pronajem-auta-v/pronajem-auta-v-florencie/27541640.html"
  },
  {
    "text": "Ceny se liší podle typu vozu i délky pronájmu, proto se vyplatí zvážit termín cesty a včas si zajistit rezervaci podle svých potřeb.",
    "issue": "Single-letter conjunctions ('i', 'a') must be followed by a non-breaking space to prevent them from being orphaned at the end of a line, as per Czech typographic rules.",
    "type_of_issue": "Punctuation/Spelling/Typos",
    "solution": "Replace the standard spaces after the single-letter conjunctions 'i' and 'a' with non-breaking spaces.",
    "updated_sentence": "Ceny se liší podle typu vozu i délky pronájmu, proto se vyplatí zvážit termín cesty a včas si zajistit rezervaci podle svých potřeb.",
    "severity": "Minor",
    "score_deduction": 1,
    "source_file": "2026-2027-cz-car-hire-city-07.docx",
    "url": "https://www.skyscanner.cz/pronajem-auta-v/pronajem-auta-v-florencie/27541640.html",
    "candidate": "https://www.skyscanner.cz/pronajem-auta-v/pronajem-auta-v-florencie/27541640.html"
  },
  {
    "text": "Model Fiat 500 s manuální převodovkou nabízí společnost Ace Rent a Car od 508 Kč/den.",
    "issue": "A non-breaking space is required between a number and its unit per Czech typography rules. This issue repeats with other prices in the text.",
    "type_of_issue": "Punctuation/Spelling/Typos",
    "solution": "Insert a non-breaking space between '508' and 'Kč'.",
    "updated_sentence": "Model Fiat 500 s manuální převodovkou nabízí společnost Ace Rent a Car od 508 Kč/den.",
    "severity": "Minor",
    "score_deduction": 1,
    "source_file": "2026-2027-cz-car-hire-city-07.docx",
    "url": "https://www.skyscanner.cz/pronajem-auta-v/pronajem-auta-v-florencie/27541640.html",
    "candidate": "https://www.skyscanner.cz/pronajem-auta-v/pronajem-auta-v-florencie/27541640.html"
  },
  {
    "text": "Prostornější variantou je model Fiat Panda od společnosti Rental plus, který s manuální převodovkou pořídíte od 547 Kč/den a s možností bezplatného zrušení rezervace.",
    "issue": "The brand name 'Rental plus' is incorrectly cased and should be 'Rental Plus'.",
    "type_of_issue": "Compliance",
    "solution": "Capitalize 'Plus' to correctly format the brand name as 'Rental Plus'.",
    "updated_sentence": "Prostornější variantou je model Fiat Panda od společnosti Rental Plus, který s manuální převodovkou pořídíte od 547 Kč/den a s možností bezplatného zrušení rezervace.",
    "severity": "Minor",
    "score_deduction": 1,
    "source_file": "2026-2027-cz-car-hire-city-07.docx",
    "url": "https://www.skyscanner.cz/pronajem-auta-v/pronajem-auta-v-florencie/27541640.html",
    "candidate": "https://www.skyscanner.cz/pronajem-auta-v/pronajem-auta-v-florencie/27541640.html"
  },
  {
    "text": "Alternativou je vyzvednutí v historickém centru, odkud se snadno dostanete k hlavním památkám.",
    "issue": "Missing non-breaking spaces after single-letter prepositions ('v', 'k') as required by Czech typography. This is a repeating pattern throughout the text.",
    "type_of_issue": "Punctuation/Spelling/Typos",
    "solution": "Insert non-breaking spaces after all single-letter prepositions to prevent them from being left at the end of a line.",
    "updated_sentence": "Alternativou je vyzvednutí v historickém centru, odkud se snadno dostanete k hlavním památkám.",
    "severity": "Minor",
    "score_deduction": 1,
    "source_file": "2026-2027-cz-car-hire-city-07.docx",
    "url": "https://www.skyscanner.cz/pronajem-auta-v/pronajem-auta-v-florencie/27541640.html",
    "candidate": "https://www.skyscanner.cz/pronajem-auta-v/pronajem-auta-v-florencie/27541640.html"
  },
  {
    "text": "Nejpopulárnější je společnost U-Save, mezi další oblíbené patří společnosti Centauro a ecovia.",
    "issue": "The brand name 'ecovia' is not capitalized correctly.",
    "type_of_issue": "Compliance",
    "solution": "Capitalize the brand name 'Ecovia' as it is a proper noun.",
    "updated_sentence": "Nejpopulárnější je společnost U-Save, mezi další oblíbené patří společnosti Centauro a Ecovia.",
    "severity": "Minor",
    "score_deduction": 1,
    "source_file": "2026-2027-cz-car-hire-city-07.docx",
    "url": "https://www.skyscanner.cz/pronajem-auta-v/pronajem-auta-v-florencie/27541640.html",
    "candidate": "https://www.skyscanner.cz/pronajem-auta-v/pronajem-auta-v-florencie/27541640.html"
  },
  {
    "text": "Vozidlo si můžete pronajmout od 21 let, přičemž řada půjčoven připočítává u řidičů mladších 25 let příplatek pro mladé řidiče.",
    "issue": "A non-breaking space is required between a number and its unit ('let') according to Czech typography rules. The error repeats with '25 let' in the same sentence.",
    "type_of_issue": "Punctuation/Spelling/Typos",
    "solution": "Insert a non-breaking space between the numbers and the unit 'let'.",
    "updated_sentence": "Vozidlo si můžete pronajmout od 21 let, přičemž řada půjčoven připočítává u řidičů mladších 25 let příplatek pro mladé řidiče.",
    "severity": "Minor",
    "score_deduction": 1,
    "source_file": "2026-2027-cz-car-hire-city-07.docx",
    "url": "https://www.skyscanner.cz/pronajem-auta-v/pronajem-auta-v-florencie/27541640.html",
    "candidate": "https://www.skyscanner.cz/pronajem-auta-v/pronajem-auta-v-florencie/27541640.html"
  },
  {
    "text": "Minimální věk pro řízení je 18 let.",
    "issue": "A non-breaking space is required between a number and its unit ('let') according to Czech typography rules.",
    "type_of_issue": "Punctuation/Spelling/Typos",
    "solution": "Insert a non-breaking space between the number and the unit 'let'.",
    "updated_sentence": "Minimální věk pro řízení je 18 let.",
    "severity": "Minor",
    "score_deduction": 1,
    "source_file": "2026-2027-cz-car-hire-city-07.docx",
    "url": "https://www.skyscanner.cz/pronajem-auta-v/pronajem-auta-v-florencie/27541640.html",
    "candidate": "https://www.skyscanner.cz/pronajem-auta-v/pronajem-auta-v-florencie/27541640.html"
  },
  {
    "text": "K zapůjčení auta budete vždy potřebovat platný cestovní pas nebo občanský průkaz a platný řidičský průkaz.",
    "issue": "The single-letter preposition 'K' must be followed by a non-breaking space to prevent it from being left at the end of a line, as per Czech typographic rules.",
    "type_of_issue": "Punctuation/Spelling/Typos",
    "solution": "Insert a non-breaking space after the preposition 'K'.",
    "updated_sentence": "K zapůjčení auta budete vždy potřebovat platný cestovní pas nebo občanský průkaz a platný řidičský průkaz.",
    "severity": "Minor",
    "score_deduction": 1,
    "source_file": "2026-2027-cz-car-hire-city-07.docx",
    "url": "https://www.skyscanner.cz/pronajem-auta-v/pronajem-auta-v-florencie/27541640.html",
    "candidate": "https://www.skyscanner.cz/pronajem-auta-v/pronajem-auta-v-florencie/27541640.html"
  },
  {
    "text": "Na dálnicích platí rychlostní limit 130 km/h, na rychlostních silnicích 110 km/h.",
    "issue": "Missing a non-breaking space between the number and the unit 'km/h', which is required by Czech typographic rules. This pattern repeats with '90 km/h' and '50 km/h' in the following sentence.",
    "type_of_issue": "Punctuation/Spelling/Typos",
    "solution": "Insert a non-breaking space between the number and the unit 'km/h' in all instances.",
    "updated_sentence": "Na dálnicích platí rychlostní limit 130 km/h, na rychlostních silnicích 110 km/h.",
    "severity": "Minor",
    "score_deduction": 1,
    "source_file": "2026-2027-cz-car-hire-city-07.docx",
    "url": "https://www.skyscanner.cz/pronajem-auta-v/pronajem-auta-v-florencie/27541640.html",
    "candidate": "https://www.skyscanner.cz/pronajem-auta-v/pronajem-auta-v-florencie/27541640.html"
  },
  {
    "text": "Pronájem auta v Hamiltonu začíná na 1 010 Kč/den, přičemž průměrná roční cena se pohybuje kolem 1 108 Kč/den. Nejnižší ceny obvykle najdete v lednu, kdy bývá poptávka nižší než v ostatních měsících. Rezervaci doporučujeme provést zhruba 1 týden předem, což vám pomůže získat výhodnější sazbu. Porovnáním nabídek jednotlivých půjčoven si můžete vybrat vůz, který odpovídá vašim potřebám i rozpočtu. Sledování cen v různých termínech vám navíc umožní najít variantu, která se vyplatí nejvíce.",
    "issue": "Czech typographical rules require non-breaking spaces after single-letter prepositions/conjunctions and between numbers and units; these were missing throughout the text.",
    "type_of_issue": "Punctuation/Spelling/Typos",
    "solution": "Insert non-breaking spaces after single-letter words (v, i), within large numbers, and between numbers and their units (Kč, týden) as per Czech typography.",
    "updated_sentence": "Pronájem auta v Hamiltonu začíná na 1 010 Kč/den, přičemž průměrná roční cena se pohybuje kolem 1 108 Kč/den. Nejnižší ceny obvykle najdete v lednu, kdy bývá poptávka nižší než v ostatních měsících. Rezervaci doporučujeme provést zhruba 1 týden předem, což vám pomůže získat výhodnější sazbu. Porovnáním nabídek jednotlivých půjčoven si můžete vybrat vůz, který odpovídá vašim potřebám i rozpočtu. Sledování cen v různých termínech vám navíc umožní najít variantu, která se vyplatí nejvíce.",
    "severity": "Minor",
    "score_deduction": 1,
    "source_file": "2026-2027-cz-car-hire-city-07.docx",
    "url": "https://www.skyscanner.cz/pronajem-auta-v/pronajem-auta-v-hamilton/27536607.html",
    "candidate": "https://www.skyscanner.cz/pronajem-auta-v/pronajem-auta-v-hamilton/27536607.html"
  },
  {
    "text": "Pokud hledáte prostorné auto pro pět osob s automatickou převodovkou, nabízí společnost Turo model Hyundai Tucson od 1 010 Kč/den.",
    "issue": "Czech typographic rules requiring non-breaking spaces are not followed. This occurs after single-letter prepositions (e.g., 's') and in number formatting (thousands separator and between number and unit). This is a repeating pattern.",
    "type_of_issue": "Punctuation/Spelling/Typos",
    "solution": "Insert non-breaking spaces after single-letter prepositions, for thousands separators, and between numbers and their units throughout the text.",
    "updated_sentence": "Pokud hledáte prostorné auto pro pět osob s automatickou převodovkou, nabízí společnost Turo model Hyundai Tucson od 1 010 Kč/den.",
    "severity": "Minor",
    "score_deduction": 1,
    "source_file": "2026-2027-cz-car-hire-city-07.docx",
    "url": "https://www.skyscanner.cz/pronajem-auta-v/pronajem-auta-v-hamilton/27536607.html",
    "candidate": "https://www.skyscanner.cz/pronajem-auta-v/pronajem-auta-v-hamilton/27536607.html"
  },
  {
    "text": "Obě lokality jsou dobře dostupné a hodí se pro různé typy pobytu i směry, kterými se v regionu vydáte.",
    "issue": "A single-letter conjunction ('i') and preposition ('v') are not followed by non-breaking spaces, violating Czech typographic rules. This pattern repeats throughout the text.",
    "type_of_issue": "Punctuation/Spelling/Typos",
    "solution": "Insert a non-breaking space after all single-letter words (e.g., i, v, o) per Czech typographic rules.",
    "updated_sentence": "Obě lokality jsou dobře dostupné a hodí se pro různé typy pobytu i směry, kterými se v regionu vydáte.",
    "severity": "Minor",
    "score_deduction": 1,
    "source_file": "2026-2027-cz-car-hire-city-07.docx",
    "url": "https://www.skyscanner.cz/pronajem-auta-v/pronajem-auta-v-hamilton/27536607.html",
    "candidate": "https://www.skyscanner.cz/pronajem-auta-v/pronajem-auta-v-hamilton/27536607.html"
  },
  {
    "text": "Mezi nejoblíbenější patří společnost Turo, společnost Enterprise a společnost Avis, přičemž největší oblibě se těší společnost Turo.",
    "issue": "The word \"společnost\" (company) is repeated unnecessarily in the list of providers, which makes the sentence sound unnatural and difficult to read.",
    "type_of_issue": "Style",
    "solution": "Remove the redundant repetitions of the word \"společnost\" to improve flow and readability.",
    "updated_sentence": "Mezi nejoblíbenější patří Turo, Enterprise a Avis, přičemž největší oblibě se těší společnost Turo.",
    "severity": "Minor",
    "score_deduction": 1,
    "source_file": "2026-2027-cz-car-hire-city-07.docx",
    "url": "https://www.skyscanner.cz/pronajem-auta-v/pronajem-auta-v-hamilton/27536607.html",
    "candidate": "https://www.skyscanner.cz/pronajem-auta-v/pronajem-auta-v-hamilton/27536607.html"
  },
  {
    "text": "Na dálnicích a rychlostních silnicích se rychlost pohybuje mezi 100–120 km/h, na silnicích mimo obce platí 60–100 km/h a v obcích a na ostatních komunikacích 30–50 km/h.",
    "issue": "Czech typographic rules require a non-breaking space between a number and its unit, but a regular space was used in multiple instances (e.g., '120 km/h').",
    "type_of_issue": "Punctuation/Spelling/Typos",
    "solution": "Replace the regular spaces with non-breaking spaces between all numbers and the 'km/h' unit.",
    "updated_sentence": "Na dálnicích a rychlostních silnicích se rychlost pohybuje mezi 100–120 km/h, na silnicích mimo obce platí 60–100 km/h a v obcích a na ostatních komunikacích 30–50 km/h.",
    "severity": "Minor",
    "score_deduction": 1,
    "source_file": "2026-2027-cz-car-hire-city-07.docx",
    "url": "https://www.skyscanner.cz/pronajem-auta-v/pronajem-auta-v-hamilton/27536607.html",
    "candidate": "https://www.skyscanner.cz/pronajem-auta-v/pronajem-auta-v-hamilton/27536607.html"
  },
  {
    "text": "Půjčovnu auta v Innsbrucku najdete přes Skyscanner během několika minut.",
    "issue": "A non-breaking space is required after a single-letter preposition ('v') according to Czech typographical rules.",
    "type_of_issue": "Punctuation/Spelling/Typos",
    "solution": "Insert a non-breaking space after the preposition 'v'.",
    "updated_sentence": "Půjčovnu auta v Innsbrucku najdete přes Skyscanner během několika minut.",
    "severity": "Minor",
    "score_deduction": 1,
    "source_file": "2026-2027-cz-car-hire-city-07.docx",
    "url": "https://www.skyscanner.cz/pronajem-auta-v/pronajem-auta-v-innsbruck/27542863.html",
    "candidate": "https://www.skyscanner.cz/pronajem-auta-v/pronajem-auta-v-innsbruck/27542863.html"
  },
  {
    "text": "Nejnižší dostupná cena začíná na 858 Kč/den, zatímco roční průměr se pohybuje kolem 1 145 Kč/den.",
    "issue": "Non-breaking spaces are required between numbers and their units/currency symbols and within thousands separators, as per Czech typographical rules. This pattern repeats with '2 týdny'.",
    "type_of_issue": "Punctuation/Spelling/Typos",
    "solution": "Insert non-breaking spaces in '858 Kč', '1 145 Kč'.",
    "updated_sentence": "Nejnižší dostupná cena začíná na 858 Kč/den, zatímco roční průměr se pohybuje kolem 1 145 Kč/den.",
    "severity": "Minor",
    "score_deduction": 1,
    "source_file": "2026-2027-cz-car-hire-city-07.docx",
    "url": "https://www.skyscanner.cz/pronajem-auta-v/pronajem-auta-v-innsbruck/27542863.html",
    "candidate": "https://www.skyscanner.cz/pronajem-auta-v/pronajem-auta-v-innsbruck/27542863.html"
  },
  {
    "text": "Pokud hledáte úspornou variantu, společnost Goldcar nabízí model Fiat Panda s manuální převodovkou od 1 286 Kč/den.",
    "issue": "A non-breaking space is required as a thousands separator and between a number and its unit per Czech typographic rules. Pattern repeats for all prices.",
    "type_of_issue": "Punctuation/Spelling/Typos",
    "solution": "Insert a non-breaking space in '1 286' and between the number and the unit 'Kč/den'.",
    "updated_sentence": "Pokud hledáte úspornou variantu, společnost Goldcar nabízí model Fiat Panda s manuální převodovkou od 1 286 Kč/den.",
    "severity": "Minor",
    "score_deduction": 1,
    "source_file": "2026-2027-cz-car-hire-city-07.docx",
    "url": "https://www.skyscanner.cz/pronajem-auta-v/pronajem-auta-v-innsbruck/27542863.html",
    "candidate": "https://www.skyscanner.cz/pronajem-auta-v/pronajem-auta-v-innsbruck/27542863.html"
  },
  {
    "text": "Je malý, praktický a snadno se s ním parkuje, což se hodí v úzkých uličkách i historickém centru.",
    "issue": "A non-breaking space is required after single-letter prepositions (e.g., v, s, k) and conjunctions (a, i) per Czech typographic rules. Pattern repeats throughout the text.",
    "type_of_issue": "Punctuation/Spelling/Typos",
    "solution": "Insert non-breaking spaces after the single-letter conjunctions 'a' and 'i', and prepositions 's' and 'v'.",
    "updated_sentence": "Je malý, praktický a snadno se s ním parkuje, což se hodí v úzkých uličkách i historickém centru.",
    "severity": "Minor",
    "score_deduction": 1,
    "source_file": "2026-2027-cz-car-hire-city-07.docx",
    "url": "https://www.skyscanner.cz/pronajem-auta-v/pronajem-auta-v-innsbruck/27542863.html",
    "candidate": "https://www.skyscanner.cz/pronajem-auta-v/pronajem-auta-v-innsbruck/27542863.html"
  },
  {
    "text": "Nájemní vůz si v Innsbrucku vyzvednete na letišti Innsbruck Letiště, které patří k nejčastěji využívaným místům pro převzetí vozu.",
    "issue": "The phrase 'na letišti Innsbruck Letiště' is redundant, violating the rule against duplicating the word for 'airport'.",
    "type_of_issue": "Compliance",
    "solution": "Remove the redundant word 'Letiště' to form the correct phrase 'na letišti Innsbruck'.",
    "updated_sentence": "Nájemní vůz si v Innsbrucku vyzvednete na letišti Innsbruck, které patří k nejčastěji využívaným místům pro převzetí vozu.",
    "severity": "Minor",
    "score_deduction": 1,
    "source_file": "2026-2027-cz-car-hire-city-07.docx",
    "url": "https://www.skyscanner.cz/pronajem-auta-v/pronajem-auta-v-innsbruck/27542863.html",
    "candidate": "https://www.skyscanner.cz/pronajem-auta-v/pronajem-auta-v-innsbruck/27542863.html"
  },
  {
    "text": "V Innsbrucku si můžete půjčit auto u šesti poskytovatelů. Nejoblíbenější z nich je společnost Europcar, mezi další patří společnost Goldcar a společnost Budget. Minimální věk pro zapůjčení vozu je 21 let, přičemž řada poskytovatelů účtuje u řidičů mladších 25 let příplatek pro mladé řidiče. Řídit auto lze od 17 let. K zapůjčení vozu budete vždy potřebovat platný cestovní pas nebo občanský průkaz a řidičský průkaz. Pokud byl váš řidičský průkaz vydán mimo EU či EHP nebo není vytištěn latinkou, budete navíc potřebovat mezinárodní řidičský průkaz.",
    "issue": "The single paragraph combines three distinct topics (providers, age requirements, and required documents), which makes the text dense and hard to scan.",
    "type_of_issue": "Style",
    "solution": "Split the content into three separate, focused paragraphs to improve readability and structure.",
    "updated_sentence": "V Innsbrucku si můžete půjčit auto u šesti poskytovatelů. Nejoblíbenější z nich je společnost Europcar, mezi další patří společnost Goldcar a společnost Budget.\n\nMinimální věk pro zapůjčení vozu je 21 let, přičemž řada poskytovatelů účtuje u řidičů mladších 25 let příplatek pro mladé řidiče. Řídit auto lze od 17 let.\n\nK zapůjčení vozu budete vždy potřebovat platný cestovní pas nebo občanský průkaz a řidičský průkaz. Pokud byl váš řidičský průkaz vydán mimo EU či EHP nebo není vytištěn latinkou, budete navíc potřebovat mezinárodní řidičský průkaz.",
    "severity": "Minor",
    "score_deduction": 1,
    "source_file": "2026-2027-cz-car-hire-city-07.docx",
    "url": "https://www.skyscanner.cz/pronajem-auta-v/pronajem-auta-v-innsbruck/27542863.html",
    "candidate": "https://www.skyscanner.cz/pronajem-auta-v/pronajem-auta-v-innsbruck/27542863.html"
  },
  {
    "text": "Před cestou proto počítejte s pořízením viněty i případnými dalšími poplatky.",
    "issue": "Required non-breaking spaces are missing after single-letter prepositions and conjunctions (e.g., 's', 'i') as per Czech typographic rules. This is a recurring issue throughout the text.",
    "type_of_issue": "Punctuation/Spelling/Typos",
    "solution": "Insert a non-breaking space after all single-letter prepositions and conjunctions (e.g., s, i, v, a).",
    "updated_sentence": "Před cestou proto počítejte s pořízením viněty i případnými dalšími poplatky.",
    "severity": "Minor",
    "score_deduction": 1,
    "source_file": "2026-2027-cz-car-hire-city-07.docx",
    "url": "https://www.skyscanner.cz/pronajem-auta-v/pronajem-auta-v-innsbruck/27542863.html",
    "candidate": "https://www.skyscanner.cz/pronajem-auta-v/pronajem-auta-v-innsbruck/27542863.html"
  },
  {
    "text": "V zastavěných oblastech a na ostatních komunikacích je hranice 50 km/h.",
    "issue": "A required non-breaking space is missing between the number and the unit 'km/h' as per Czech typographic rules. This pattern repeats with other speed limits mentioned.",
    "type_of_issue": "Punctuation/Spelling/Typos",
    "solution": "Insert a non-breaking space between the number and its unit.",
    "updated_sentence": "V zastavěných oblastech a na ostatních komunikacích je hranice 50 km/h.",
    "severity": "Minor",
    "score_deduction": 1,
    "source_file": "2026-2027-cz-car-hire-city-07.docx",
    "url": "https://www.skyscanner.cz/pronajem-auta-v/pronajem-auta-v-innsbruck/27542863.html",
    "candidate": "https://www.skyscanner.cz/pronajem-auta-v/pronajem-auta-v-innsbruck/27542863.html"
  },
  {
    "text": "Půjčení auta v Sydney začíná na 131 Kč/den, přičemž roční průměr se pohybuje kolem 1 539 Kč/den.",
    "issue": "A standard space is used instead of a required non-breaking space between numbers and their units (e.g., '131 Kč', '4 týdny'), violating Czech typographic rules. This pattern repeats.",
    "type_of_issue": "Compliance",
    "solution": "Replace the standard spaces with non-breaking spaces between all numbers and their corresponding units (e.g., '131 Kč', '1 539 Kč', '4 týdny').",
    "updated_sentence": "Půjčení auta v Sydney začíná na 131 Kč/den, přičemž roční průměr se pohybuje kolem 1 539 Kč/den.",
    "severity": "Minor",
    "score_deduction": 1,
    "source_file": "2026-2027-cz-car-hire-city-07.docx",
    "url": "https://www.skyscanner.cz/pronajem-auta-v/pronajem-auta-v-sydney/27547097.html",
    "candidate": "https://www.skyscanner.cz/pronajem-auta-v/pronajem-auta-v-sydney/27547097.html"
  },
  {
    "text": "Pokud vám stačí menší auto pro pět osob, nabízí společnost Sixt model Toyota Camry Hybrid s automatickou převodovkou od 131 Kč/den.",
    "issue": "The currency 'Kč' (Czech Koruna) is used for a service in Sydney, Australia, which is misleading. The correct local currency is AUD. This pattern repeats for all prices.",
    "type_of_issue": "Accuracy",
    "solution": "Change the currency symbol from 'Kč' to 'A$'.",
    "updated_sentence": "Pokud vám stačí menší auto pro pět osob, nabízí společnost Sixt model Toyota Camry Hybrid s automatickou převodovkou od 131 A$/den.",
    "severity": "Major",
    "score_deduction": 3,
    "source_file": "2026-2027-cz-car-hire-city-07.docx",
    "url": "https://www.skyscanner.cz/pronajem-auta-v/pronajem-auta-v-sydney/27547097.html",
    "candidate": "https://www.skyscanner.cz/pronajem-auta-v/pronajem-auta-v-sydney/27547097.html"
  },
  {
    "text": "Pokud vám stačí menší auto pro pět osob, nabízí společnost Sixt model Toyota Camry Hybrid s automatickou převodovkou od 131 Kč/den.",
    "issue": "A non-breaking space is missing between the number and the currency unit (e.g., '131 Kč'), which is required by Czech typographic rules. This pattern repeats for all prices.",
    "type_of_issue": "Punctuation/Spelling/Typos",
    "solution": "Insert a non-breaking space between the number and the currency unit.",
    "updated_sentence": "Pokud vám stačí menší auto pro pět osob, nabízí společnost Sixt model Toyota Camry Hybrid s automatickou převodovkou od 131 Kč/den.",
    "severity": "Minor",
    "score_deduction": 1,
    "source_file": "2026-2027-cz-car-hire-city-07.docx",
    "url": "https://www.skyscanner.cz/pronajem-auta-v/pronajem-auta-v-sydney/27547097.html",
    "candidate": "https://www.skyscanner.cz/pronajem-auta-v/pronajem-auta-v-sydney/27547097.html"
  },
  {
    "text": "Vůz si v Sydney můžete vyzvednout přímo v centru města, kde najdete širokou nabídku autopůjčoven.",
    "issue": "Missing a non-breaking space after the single-letter preposition 'v' as required by Czech typography. This pattern repeats with 'a' and 'K' throughout the text.",
    "type_of_issue": "Punctuation/Spelling/Typos",
    "solution": "Insert a non-breaking space after the single-letter preposition 'v'.",
    "updated_sentence": "Vůz si v Sydney můžete vyzvednout přímo v centru města, kde najdete širokou nabídku autopůjčoven.",
    "severity": "Minor",
    "score_deduction": 1,
    "source_file": "2026-2027-cz-car-hire-city-07.docx",
    "url": "https://www.skyscanner.cz/pronajem-auta-v/pronajem-auta-v-sydney/27547097.html",
    "candidate": "https://www.skyscanner.cz/pronajem-auta-v/pronajem-auta-v-sydney/27547097.html"
  },
  {
    "text": "Na dálnicích i rychlostních silnicích platí rychlostní limit 100 km/h, stejná hranice se vztahuje také na silnice mimo města.",
    "issue": "Missing non-breaking space between the number '100' and the unit 'km/h' as required by Czech typography rules. This pattern repeats with '60 km/h' in the following sentence.",
    "type_of_issue": "Punctuation/Spelling/Typos",
    "solution": "Insert a non-breaking space between the number and its unit.",
    "updated_sentence": "Na dálnicích i rychlostních silnicích platí rychlostní limit 100 km/h, stejná hranice se vztahuje také na silnice mimo města.",
    "severity": "Minor",
    "score_deduction": 1,
    "source_file": "2026-2027-cz-car-hire-city-07.docx",
    "url": "https://www.skyscanner.cz/pronajem-auta-v/pronajem-auta-v-sydney/27547097.html",
    "candidate": "https://www.skyscanner.cz/pronajem-auta-v/pronajem-auta-v-sydney/27547097.html"
  },
  {
    "text": "V Austrálii se jezdí vlevo, což je dobré mít na paměti hlavně při odbočování a na kruhových objezdech.",
    "issue": "Missing non-breaking space after the single-letter preposition 'V' as required by Czech typography rules. This pattern repeats throughout the text with the preposition 'v'.",
    "type_of_issue": "Punctuation/Spelling/Typos",
    "solution": "Insert a non-breaking space after single-letter prepositions to prevent them from being left at the end of a line.",
    "updated_sentence": "V Austrálii se jezdí vlevo, což je dobré mít na paměti hlavně při odbočování a na kruhových objezdech.",
    "severity": "Minor",
    "score_deduction": 1,
    "source_file": "2026-2027-cz-car-hire-city-07.docx",
    "url": "https://www.skyscanner.cz/pronajem-auta-v/pronajem-auta-v-sydney/27547097.html",
    "candidate": "https://www.skyscanner.cz/pronajem-auta-v/pronajem-auta-v-sydney/27547097.html"
  },
  {
    "text": "Půjčovné auta v Tokiu začíná na 376 Kč/den, zatímco roční průměr se pohybuje kolem 1 498 Kč/den.",
    "issue": "A regular space is used instead of a required non-breaking space as a thousands separator.",
    "type_of_issue": "Punctuation/Spelling/Typos",
    "solution": "Replace the regular space in '1 498' with a non-breaking space as per Czech typographic rules.",
    "updated_sentence": "Půjčovné auta v Tokiu začíná na 376 Kč/den, zatímco roční průměr se pohybuje kolem 1 498 Kč/den.",
    "severity": "Minor",
    "score_deduction": 1,
    "source_file": "2026-2027-cz-car-hire-city-08.docx",
    "url": "https://www.skyscanner.cz/pronajem-auta-v/pronajem-auta-v-tokio/27542089.html",
    "candidate": "https://www.skyscanner.cz/pronajem-auta-v/pronajem-auta-v-tokio/27542089.html"
  },
  {
    "text": "Rezervaci ideálně provedete 1 týden předem, což pomáhá zajistit lepší nabídku.",
    "issue": "A regular space is used instead of a required non-breaking space between a number and its unit. This rule violation pattern also occurs with currency units in the text (e.g., '376 Kč').",
    "type_of_issue": "Punctuation/Spelling/Typos",
    "solution": "Replace the regular space with a non-breaking space between a number and its following unit (e.g., '1 týden' should be '1 týden') as per Czech typographic rules.",
    "updated_sentence": "Rezervaci ideálně provedete 1 týden předem, což pomáhá zajistit lepší nabídku.",
    "severity": "Minor",
    "score_deduction": 1,
    "source_file": "2026-2027-cz-car-hire-city-08.docx",
    "url": "https://www.skyscanner.cz/pronajem-auta-v/pronajem-auta-v-tokio/27542089.html",
    "candidate": "https://www.skyscanner.cz/pronajem-auta-v/pronajem-auta-v-tokio/27542089.html"
  },
  {
    "text": "V Tokiu patří k nejoblíbenějším vozům model Nissan Z, protože je malý, praktický a snadno se s ním parkuje.",
    "issue": "A non-breaking space is required after single-letter prepositions (v, k, s) according to Czech typographic rules. This pattern repeats.",
    "type_of_issue": "Punctuation/Spelling/Typos",
    "solution": "Insert a non-breaking space after each single-letter preposition.",
    "updated_sentence": "V Tokiu patří k nejoblíbenějším vozům model Nissan Z, protože je malý, praktický a snadno se s ním parkuje.",
    "severity": "Minor",
    "score_deduction": 1,
    "source_file": "2026-2027-cz-car-hire-city-08.docx",
    "url": "https://www.skyscanner.cz/pronajem-auta-v/pronajem-auta-v-tokio/27542089.html",
    "candidate": "https://www.skyscanner.cz/pronajem-auta-v/pronajem-auta-v-tokio/27542089.html"
  },
  {
    "text": "Model Nissan Z s automatickou převodovkou nabízí společnost IX Rental od 376 Kč/den.",
    "issue": "A non-breaking space is required between a number and its unit (Kč) according to Czech typographic rules. This pattern repeats for all prices.",
    "type_of_issue": "Punctuation/Spelling/Typos",
    "solution": "Insert a non-breaking space between the number and the currency unit.",
    "updated_sentence": "Model Nissan Z s automatickou převodovkou nabízí společnost IX Rental od 376 Kč/den.",
    "severity": "Minor",
    "score_deduction": 1,
    "source_file": "2026-2027-cz-car-hire-city-08.docx",
    "url": "https://www.skyscanner.cz/pronajem-auta-v/pronajem-auta-v-tokio/27542089.html",
    "candidate": "https://www.skyscanner.cz/pronajem-auta-v/pronajem-auta-v-tokio/27542089.html"
  },
  {
    "text": "Jako alternativu můžete zvolit odbavení na letišti Tokio Haneda, kam se dostanete po příletu bez nutnosti dopravy do centra.",
    "issue": "The word \"odbavení\" (check-in), which is used for flights, is incorrectly used here for collecting a rental car.",
    "type_of_issue": "Accuracy",
    "solution": "Replace \"odbavení\" with \"vyzvednutí\" (pick-up), which is the correct term for collecting a rental vehicle as per the glossary.",
    "updated_sentence": "Jako alternativu můžete zvolit vyzvednutí na letišti Tokio Haneda, kam se dostanete po příletu bez nutnosti dopravy do centra.",
    "severity": "Major",
    "score_deduction": 3,
    "source_file": "2026-2027-cz-car-hire-city-08.docx",
    "url": "https://www.skyscanner.cz/pronajem-auta-v/pronajem-auta-v-tokio/27542089.html",
    "candidate": "https://www.skyscanner.cz/pronajem-auta-v/pronajem-auta-v-tokio/27542089.html"
  },
  {
    "text": "V Tokiu si můžete vybrat z šesti půjčoven aut.",
    "issue": "A non-breaking space is missing after the single-letter preposition 'z', which is a violation of Czech typographic rules. This pattern repeats with other single-letter prepositions (k, u, a) throughout the text.",
    "type_of_issue": "Punctuation/Spelling/Typos",
    "solution": "Insert a non-breaking space after the preposition 'z'. This fix should be applied to all single-letter prepositions in the text.",
    "updated_sentence": "V Tokiu si můžete vybrat z šesti půjčoven aut.",
    "severity": "Minor",
    "score_deduction": 1,
    "source_file": "2026-2027-cz-car-hire-city-08.docx",
    "url": "https://www.skyscanner.cz/pronajem-auta-v/pronajem-auta-v-tokio/27542089.html",
    "candidate": "https://www.skyscanner.cz/pronajem-auta-v/pronajem-auta-v-tokio/27542089.html"
  },
  {
    "text": "Vozidlo si lze pronajmout od 21 let, i když řada půjčoven přidává řidičům do 25 let příplatek pro mladé řidiče.",
    "issue": "A non-breaking space is required between a number and its subsequent word (e.g., a unit or noun) according to Czech typographic rules. This pattern repeats with other numbers in the text.",
    "type_of_issue": "Punctuation/Spelling/Typos",
    "solution": "Insert non-breaking spaces between the numbers and their subsequent words (e.g., '21 let', '25 let', '18 let', 'roku 1949').",
    "updated_sentence": "Vozidlo si lze pronajmout od 21 let, i když řada půjčoven přidává řidičům do 25 let příplatek pro mladé řidiče.",
    "severity": "Minor",
    "score_deduction": 1,
    "source_file": "2026-2027-cz-car-hire-city-08.docx",
    "url": "https://www.skyscanner.cz/pronajem-auta-v/pronajem-auta-v-tokio/27542089.html",
    "candidate": "https://www.skyscanner.cz/pronajem-auta-v/pronajem-auta-v-tokio/27542089.html"
  },
  {
    "text": "Na venkovských silnicích můžete jet maximálně 60 km/h a na ostatních silnicích se limity pohybují mezi 30 a 60 km/h.",
    "issue": "Czech typographic rules are violated by missing non-breaking spaces between numbers and units (e.g., '60 km/h') and after a single-letter conjunction ('a na'). This pattern repeats throughout the text.",
    "type_of_issue": "Punctuation/Spelling/Typos",
    "solution": "Insert non-breaking spaces between numbers and units, and after single-letter words, as per Czech typographic standards.",
    "updated_sentence": "Na venkovských silnicích můžete jet maximálně 60 km/h a na ostatních silnicích se limity pohybují mezi 30 a 60 km/h.",
    "severity": "Minor",
    "score_deduction": 1,
    "source_file": "2026-2027-cz-car-hire-city-08.docx",
    "url": "https://www.skyscanner.cz/pronajem-auta-v/pronajem-auta-v-tokio/27542089.html",
    "candidate": "https://www.skyscanner.cz/pronajem-auta-v/pronajem-auta-v-tokio/27542089.html"
  },
  {
    "text": "Kombinace vhodného měsíce a včasné rezervace tak může výrazně ovlivlivnit výslednou cenu.",
    "issue": "The word 'ovlivlivnit' contains a typo.",
    "type_of_issue": "Punctuation/Spelling/Typos",
    "solution": "Correct the spelling to 'ovlivnit'.",
    "updated_sentence": "Kombinace vhodného měsíce a včasné rezervace tak může výrazně ovlivnit výslednou cenu.",
    "severity": "Minor",
    "score_deduction": 1,
    "source_file": "2026-2027-cz-car-hire-city-08.docx",
    "url": "https://www.skyscanner.cz/pronajem-auta-v/pronajem-auta-v-krakov/27543787.html",
    "candidate": "https://www.skyscanner.cz/pronajem-auta-v/pronajem-auta-v-krakov/27543787.html"
  },
  {
    "text": "Pronájem auta v Krakově začíná na 438 Kč/den, přičemž roční průměr se pohybuje kolem 1 063 Kč/den.",
    "issue": "Non-breaking spaces are missing where required by Czech typographic rules (e.g., after single-letter prepositions, between numbers and units, and in large numbers). This pattern repeats throughout the text.",
    "type_of_issue": "Punctuation/Spelling/Typos",
    "solution": "Insert non-breaking spaces as required by Czech orthography (e.g., 'v Krakově', '438 Kč', '1 063 Kč').",
    "updated_sentence": "Pronájem auta v Krakově začíná na 438 Kč/den, přičemž roční průměr se pohybuje kolem 1 063 Kč/den.",
    "severity": "Minor",
    "score_deduction": 1,
    "source_file": "2026-2027-cz-car-hire-city-08.docx",
    "url": "https://www.skyscanner.cz/pronajem-auta-v/pronajem-auta-v-krakov/27543787.html",
    "candidate": "https://www.skyscanner.cz/pronajem-auta-v/pronajem-auta-v-krakov/27543787.html"
  },
  {
    "text": "Právě tento model nabízí společnost Wheego s manuální převodovkou od 450 Kč/den, což se hodí do úzkých uliček historického centra.",
    "issue": "A required non-breaking space is missing between the number and the currency unit 'Kč'. This pattern repeats for all other prices in the text.",
    "type_of_issue": "Punctuation/Spelling/Typos",
    "solution": "Insert a non-breaking space between the number and 'Kč' as required by Czech typography rules.",
    "updated_sentence": "Právě tento model nabízí společnost Wheego s manuální převodovkou od 450 Kč/den, což se hodí do úzkých uliček historického centra.",
    "severity": "Minor",
    "score_deduction": 1,
    "source_file": "2026-2027-cz-car-hire-city-08.docx",
    "url": "https://www.skyscanner.cz/pronajem-auta-v/pronajem-auta-v-krakov/27543787.html",
    "candidate": "https://www.skyscanner.cz/pronajem-auta-v/pronajem-auta-v-krakov/27543787.html"
  },
  {
    "text": "Alternativou je centrum města, konkrétně oblast Historického Starého města, odkud se snadno dostanete k hlavním památkám.",
    "issue": "Incorrect capitalization of the proper name \"Staré Město\" and its preceding descriptive adjective. In Czech, the adjective should be lowercase, and the second part of the proper name (\"Město\") should be capitalized.",
    "type_of_issue": "Punctuation/Spelling/Typos",
    "solution": "Change 'Historického' to 'historického' and 'města' to 'Města' to comply with Czech orthographic rules.",
    "updated_sentence": "Alternativou je centrum města, konkrétně oblast historického Starého Města, odkud se snadno dostanete k hlavním památkám.",
    "severity": "Minor",
    "score_deduction": 1,
    "source_file": "2026-2027-cz-car-hire-city-08.docx",
    "url": "https://www.skyscanner.cz/pronajem-auta-v/pronajem-auta-v-krakov/27543787.html",
    "candidate": "https://www.skyscanner.cz/pronajem-auta-v/pronajem-auta-v-krakov/27543787.html"
  },
  {
    "text": "Vozidlo si obvykle pronajmete od 21 let, mnoho poskytovatelů si však u řidičů mladších 25 let účtuje příplatek za mladého řidiče.",
    "issue": "A non-breaking space is required between a number and its unit ('let') according to Czech typographic rules. This pattern repeats in the next sentence.",
    "type_of_issue": "Punctuation/Spelling/Typos",
    "solution": "Insert a non-breaking space between numbers and the word 'let'.",
    "updated_sentence": "Vozidlo si obvykle pronajmete od 21 let, mnoho poskytovatelů si však u řidičů mladších 25 let účtuje příplatek za mladého řidiče.",
    "severity": "Minor",
    "score_deduction": 1,
    "source_file": "2026-2027-cz-car-hire-city-08.docx",
    "url": "https://www.skyscanner.cz/pronajem-auta-v/pronajem-auta-v-krakov/27543787.html",
    "candidate": "https://www.skyscanner.cz/pronajem-auta-v/pronajem-auta-v-krakov/27543787.html"
  },
  {
    "text": "V Krakově si můžete vybrat z celkem šesti půjčoven aut.",
    "issue": "A non-breaking space is required after single-letter prepositions (e.g., 'z', 'u') according to Czech typographic rules. This pattern repeats in the text.",
    "type_of_issue": "Punctuation/Spelling/Typos",
    "solution": "Insert a non-breaking space after the single-letter preposition 'z'.",
    "updated_sentence": "V Krakově si můžete vybrat z celkem šesti půjčoven aut.",
    "severity": "Minor",
    "score_deduction": 1,
    "source_file": "2026-2027-cz-car-hire-city-08.docx",
    "url": "https://www.skyscanner.cz/pronajem-auta-v/pronajem-auta-v-krakov/27543787.html",
    "candidate": "https://www.skyscanner.cz/pronajem-auta-v/pronajem-auta-v-krakov/27543787.html"
  },
  {
    "text": "V Polsku se jezdí vpravo, což ocení řidiči přijíždějící z většiny sousedních zemí.",
    "issue": "A non-breaking space is required after the single-letter preposition 'z' according to Czech typographical rules. This pattern repeats with 'v obci' and 'v Polsku'.",
    "type_of_issue": "Punctuation/Spelling/Typos",
    "solution": "Insert a non-breaking space after the single-letter preposition 'z'.",
    "updated_sentence": "V Polsku se jezdí vpravo, což ocení řidiči přijíždějící z většiny sousedních zemí.",
    "severity": "Minor",
    "score_deduction": 1,
    "source_file": "2026-2027-cz-car-hire-city-08.docx",
    "url": "https://www.skyscanner.cz/pronajem-auta-v/pronajem-auta-v-krakov/27543787.html",
    "candidate": "https://www.skyscanner.cz/pronajem-auta-v/pronajem-auta-v-krakov/27543787.html"
  },
  {
    "text": "Na dálnicích platí nejvyšší povolená rychlost 140 km/h, na rychlostních silnicích 120 km/h.",
    "issue": "A non-breaking space is required between a number and its unit ('km/h') according to Czech typographical rules. This pattern repeats for all speed limits mentioned.",
    "type_of_issue": "Punctuation/Spelling/Typos",
    "solution": "Insert a non-breaking space between the number and the unit 'km/h'.",
    "updated_sentence": "Na dálnicích platí nejvyšší povolená rychlost 140 km/h, na rychlostních silnicích 120 km/h.",
    "severity": "Minor",
    "score_deduction": 1,
    "source_file": "2026-2027-cz-car-hire-city-08.docx",
    "url": "https://www.skyscanner.cz/pronajem-auta-v/pronajem-auta-v-krakov/27543787.html",
    "candidate": "https://www.skyscanner.cz/pronajem-auta-v/pronajem-auta-v-krakov/27543787.html"
  },
  {
    "text": "U společnosti Foco jej pořídíte s manuální převodovkou od 551 Kč/den, přičemž vůz nabízí místo pro pět osob a tři zavazadla.",
    "issue": "A required non-breaking space is missing between the number and the currency unit 'Kč', which violates Czech typographic rules. This pattern repeats throughout the text.",
    "type_of_issue": "Punctuation/Spelling/Typos",
    "solution": "Insert a non-breaking space between '551' and 'Kč' as per Czech typographic rules.",
    "updated_sentence": "U společnosti Foco jej pořídíte s manuální převodovkou od 551 Kč/den, přičemž vůz nabízí místo pro pět osob a tři zavazadla.",
    "severity": "Minor",
    "score_deduction": 1,
    "source_file": "2026-2027-cz-car-hire-city-08.docx",
    "url": "https://www.skyscanner.cz/pronajem-auta-v/pronajem-auta-v-rio-de-janeiro/27541837.html",
    "candidate": "https://www.skyscanner.cz/pronajem-auta-v/pronajem-auta-v-rio-de-janeiro/27541837.html"
  },
  {
    "text": "Vůz si v Rio de Janeiru můžete vyzvednout přímo na letišti Rio de Janeiro Internacional, což je praktické hned po příletu. Alternativou je odběr v centru města, například ve čtvrti Lapa, odkud snadno navážete na další cesty. Ceny za pronájem s vyzvednutím na letišti a v centru města jsou zhruba srovnatelné, takže se můžete rozhodnout podle toho, kde se vám vůz hodí nejlépe. Nabídka zahrnuje jak letištní pobočky, tak stanoviště v různých městských čtvrtích.",
    "issue": "Missing non-breaking space after single-letter prepositions and conjunctions ('v', 'a'), which is required by Czech typographic rules.",
    "type_of_issue": "Punctuation/Spelling/Typos",
    "solution": "Insert a non-breaking space after each single-letter preposition and conjunction.",
    "updated_sentence": "Vůz si v Rio de Janeiru můžete vyzvednout přímo na letišti Rio de Janeiro Internacional, což je praktické hned po příletu. Alternativou je odběr v centru města, například ve čtvrti Lapa, odkud snadno navážete na další cesty. Ceny za pronájem s vyzvednutím na letišti a v centru města jsou zhruba srovnatelné, takže se můžete rozhodnout podle toho, kde se vám vůz hodí nejlépe. Nabídka zahrnuje jak letištní pobočky, tak stanoviště v různých městských čtvrtích.",
    "severity": "Minor",
    "score_deduction": 1,
    "source_file": "2026-2027-cz-car-hire-city-08.docx",
    "url": "https://www.skyscanner.cz/pronajem-auta-v/pronajem-auta-v-rio-de-janeiro/27541837.html",
    "candidate": "https://www.skyscanner.cz/pronajem-auta-v/pronajem-auta-v-rio-de-janeiro/27541837.html"
  },
  {
    "text": "V Rio de Janeiru si můžete vybírat z celkem šesti půjčoven aut. Mezi nejvyhledávanější patří společnosti Movida, Foco a Localiza, přičemž největší oblibě se těší společnost Movida. Vozidlo si můžete pronajmout od 21 let, u řidičů mladších 25 let však mnohé půjčovny účtují příplatek pro mladé řidiče. K zapůjčení auta budete vždy potřebovat platný pas nebo občanský průkaz a řidičský průkaz. Mezinárodní řidičský průkaz je navíc nutný u dokladů, které nejsou vydané v portugalštině nebo latince, případně u zemí bez dohody o vzájemném uznávání s Brazílií.",
    "issue": "The text systematically omits required non-breaking spaces after single-letter prepositions and conjunctions (e.g., V, z, a, u, K, v, o, s), which violates Czech typographic rules.",
    "type_of_issue": "Punctuation/Spelling/Typos",
    "solution": "Insert a non-breaking space after all single-letter prepositions and conjunctions.",
    "updated_sentence": "V Rio de Janeiru si můžete vybírat z celkem šesti půjčoven aut. Mezi nejvyhledávanější patří společnosti Movida, Foco a Localiza, přičemž největší oblibě se těší společnost Movida. Vozidlo si můžete pronajmout od 21 let, u řidičů mladších 25 let však mnohé půjčovny účtují příplatek pro mladé řidiče. K zapůjčení auta budete vždy potřebovat platný pas nebo občanský průkaz a řidičský průkaz. Mezinárodní řidičský průkaz je navíc nutný u dokladů, které nejsou vydané v portugalštině nebo latince, případně u zemí bez dohody o vzájemném uznávání s Brazílií.",
    "severity": "Minor",
    "score_deduction": 1,
    "source_file": "2026-2027-cz-car-hire-city-08.docx",
    "url": "https://www.skyscanner.cz/pronajem-auta-v/pronajem-auta-v-rio-de-janeiro/27541837.html",
    "candidate": "https://www.skyscanner.cz/pronajem-auta-v/pronajem-auta-v-rio-de-janeiro/27541837.html"
  },
  {
    "text": "Půjčovna auta v Drážďanech začíná na 778 Kč/den, přičemž roční průměr se pohybuje kolem 916 Kč/den.",
    "issue": "The term 'Půjčovna auta' (car rental company) is used, but the context of price refers to the service 'car hire'.",
    "type_of_issue": "Style",
    "solution": "Replace 'Půjčovna auta' with the more precise term 'Zapůjčení auta' (Car hire), which aligns with the glossary.",
    "updated_sentence": "Zapůjčení auta v Drážďanech začíná na 778 Kč/den, přičemž roční průměr se pohybuje kolem 916 Kč/den.",
    "severity": "Minor",
    "score_deduction": 1,
    "source_file": "2026-2027-cz-car-hire-city-08.docx",
    "url": "https://www.skyscanner.cz/pronajem-auta-v/pronajem-auta-v-drazdany/27540800.html",
    "candidate": "https://www.skyscanner.cz/pronajem-auta-v/pronajem-auta-v-drazdany/27540800.html"
  },
  {
    "text": "Půjčovna auta v Drážďanech začíná na 778 Kč/den, přičemž roční průměr se pohybuje kolem 916 Kč/den.",
    "issue": "A non-breaking space is required between a number and its unit or currency (e.g., 778 Kč, 916 Kč, 2 týdny) to prevent improper line breaks, as per Czech typographic rules. This is a recurring pattern.",
    "type_of_issue": "Punctuation/Spelling/Typos",
    "solution": "Ensure non-breaking spaces are used between numbers and their corresponding units or currency symbols throughout the text.",
    "updated_sentence": "Půjčovna auta v Drážďanech začíná na 778 Kč/den, přičemž roční průměr se pohybuje kolem 916 Kč/den.",
    "severity": "Minor",
    "score_deduction": 1,
    "source_file": "2026-2027-cz-car-hire-city-08.docx",
    "url": "https://www.skyscanner.cz/pronajem-auta-v/pronajem-auta-v-drazdany/27540800.html",
    "candidate": "https://www.skyscanner.cz/pronajem-auta-v/pronajem-auta-v-drazdany/27540800.html"
  },
  {
    "text": "Pokud hledáte menší vůz do města, společnost Europcar nabízí model Volkswagen Polo s manuální převodovkou od 1 524 Kč/den.",
    "issue": "Czech typographic rules requiring non-breaking spaces (NBSP) are not followed. NBSPs are missing after single-letter prepositions (e.g., 's') and within numbers (e.g., '1 524 Kč/den'). This is a recurring issue throughout the text.",
    "type_of_issue": "Punctuation/Spelling/Typos",
    "solution": "Insert non-breaking spaces after all single-letter prepositions and within numbers where required by Czech orthography.",
    "updated_sentence": "Pokud hledáte menší vůz do města, společnost Europcar nabízí model Volkswagen Polo s manuální převodovkou od 1 524 Kč/den.",
    "severity": "Minor",
    "score_deduction": 1,
    "source_file": "2026-2027-cz-car-hire-city-08.docx",
    "url": "https://www.skyscanner.cz/pronajem-auta-v/pronajem-auta-v-drazdany/27540800.html",
    "candidate": "https://www.skyscanner.cz/pronajem-auta-v/pronajem-auta-v-drazdany/27540800.html"
  },
  {
    "text": "Vůz si v Drážďanech můžete vyzvednout na dvou hlavních místech. Nejčastěji volenou možností je hlavní nádraží v centru města, které je dobře dostupné pro cestující přijíždějící vlakem. Jako alternativa slouží drážďanské letiště, kam obvykle míří ti, kdo přilétají. Pokud jde o cenu, vyzvednutí na letišti bývá zpravidla dražší než v centru města. Obě lokality nabízejí výběr z několika autopůjčoven, takže si můžete zvolit vůz podle svých potřeb a plánované trasy po okolí.",
    "issue": "A non-breaking space is required after single-letter prepositions according to Czech typographic rules, but a standard space is used in multiple instances (e.g., 'v centru', 'o cenu').",
    "type_of_issue": "Punctuation/Spelling/Typos",
    "solution": "Replace the standard space after each single-letter preposition with a non-breaking space.",
    "updated_sentence": "Vůz si v Drážďanech můžete vyzvednout na dvou hlavních místech. Nejčastěji volenou možností je hlavní nádraží v centru města, které je dobře dostupné pro cestující přijíždějící vlakem. Jako alternativa slouží drážďanské letiště, kam obvykle míří ti, kdo přilétají. Pokud jde o cenu, vyzvednutí na letišti bývá zpravidla dražší než v centru města. Obě lokality nabízejí výběr z několika autopůjčoven, takže si můžete zvolit vůz podle svých potřeb a plánované trasy po okolí.",
    "severity": "Minor",
    "score_deduction": 1,
    "source_file": "2026-2027-cz-car-hire-city-08.docx",
    "url": "https://www.skyscanner.cz/pronajem-auta-v/pronajem-auta-v-drazdany/27540800.html",
    "candidate": "https://www.skyscanner.cz/pronajem-auta-v/pronajem-auta-v-drazdany/27540800.html"
  },
  {
    "text": "V Drážďanech si můžete vybrat z celkem šesti půjčoven aut. Mezi nejvyužívanější patří společnost Europcar, společnost Sixt a společnost Enterprise, přičemž největší oblibě se těší společnost Europcar. Vozidlo si můžete pronajmout od 21 let, u řady půjčoven se ale u řidičů mladších 25 let připočítává příplatek pro mladé řidiče. Minimální věk pro řízení je 18 let. K pronájmu vždy potřebujete platný cestovní pas nebo občanský průkaz a řidičský průkaz. Mezinárodní řidičský průkaz je oficiálně vyžadován u všech řidičských oprávnění mimo EU, zejména u těch, která nejsou v angličtině nebo jsou vytištěna v nelatinské abecedě, a platí po dobu až šesti měsíců.",
    "issue": "The text systematically misses non-breaking spaces required by Czech typographic rules after single-letter prepositions and between numbers and units.",
    "type_of_issue": "Punctuation/Spelling/Typos",
    "solution": "Insert a non-breaking space (NBSP) after each single-letter preposition (V, z, a, u, K) and between numbers and their corresponding units (e.g., '21 let').",
    "updated_sentence": "V Drážďanech si můžete vybrat z celkem šesti půjčoven aut. Mezi nejvyužívanější patří společnost Europcar, společnost Sixt a společnost Enterprise, přičemž největší oblibě se těší společnost Europcar. Vozidlo si můžete pronajmout od 21 let, u řady půjčoven se ale u řidičů mladších 25 let připočítává příplatek pro mladé řidiče. Minimální věk pro řízení je 18 let. K pronájmu vždy potřebujete platný cestovní pas nebo občanský průkaz a řidičský průkaz. Mezinárodní řidičský průkaz je oficiálně vyžadován u všech řidičských oprávnění mimo EU, zejména u těch, která nejsou v angličtině nebo jsou vytištěna v nelatinské abecedě, a platí po dobu až šesti měsíců.",
    "severity": "Minor",
    "score_deduction": 1,
    "source_file": "2026-2027-cz-car-hire-city-08.docx",
    "url": "https://www.skyscanner.cz/pronajem-auta-v/pronajem-auta-v-drazdany/27540800.html",
    "candidate": "https://www.skyscanner.cz/pronajem-auta-v/pronajem-auta-v-drazdany/27540800.html"
  },
  {
    "text": "Na rychlostních silnicích a silnicích mimo obec je maximální rychlost 100 km/h, v obcích a na ostatních komunikacích 50 km/h.",
    "issue": "A non-breaking space is required between a number and its unit according to Czech typography rules. This error pattern occurs with '100 km/h', '50 km/h', and '3,5 tuny'.",
    "type_of_issue": "Punctuation/Spelling/Typos",
    "solution": "Insert a non-breaking space between the number and the unit as required by Czech typography rules.",
    "updated_sentence": "Na rychlostních silnicích a silnicích mimo obec je maximální rychlost 100 km/h, v obcích a na ostatních komunikacích 50 km/h.",
    "severity": "Minor",
    "score_deduction": 1,
    "source_file": "2026-2027-cz-car-hire-city-08.docx",
    "url": "https://www.skyscanner.cz/pronajem-auta-v/pronajem-auta-v-drazdany/27540800.html",
    "candidate": "https://www.skyscanner.cz/pronajem-auta-v/pronajem-auta-v-drazdany/27540800.html"
  },
  {
    "text": "Půjčovnu auta v Meridě lze najít už od 131 Kč/den, zatímco roční průměr se pohybuje kolem 1 213 Kč/den.",
    "issue": "A required non-breaking space is missing after the single-letter preposition 'v'. This typographic error pattern repeats later in the text.",
    "type_of_issue": "Punctuation/Spelling/Typos",
    "solution": "Insert a non-breaking space after single-letter prepositions (e.g., v, s, k, z) to prevent them from being stranded at the end of a line, as per Czech typographic rules.",
    "updated_sentence": "Půjčovnu auta v Meridě lze najít už od 131 Kč/den, zatímco roční průměr se pohybuje kolem 1 213 Kč/den.",
    "severity": "Minor",
    "score_deduction": 1,
    "source_file": "2026-2027-cz-car-hire-city-08.docx",
    "url": "https://www.skyscanner.cz/pronajem-auta-v/pronajem-auta-v-merida/27544932.html",
    "candidate": "https://www.skyscanner.cz/pronajem-auta-v/pronajem-auta-v-merida/27544932.html"
  },
  {
    "text": "Rezervaci ideálně dokončete 1 týden předem, což vám dává prostor zajistit dostupný vůz za příznivou sazbu.",
    "issue": "A regular space is used between the number '1' and the unit 'týden' instead of the required non-breaking space. This pattern repeats elsewhere (e.g., '131 Kč').",
    "type_of_issue": "Punctuation/Spelling/Typos",
    "solution": "Replace the regular space with a non-breaking space between numbers and their corresponding units to comply with Czech typographic rules.",
    "updated_sentence": "Rezervaci ideálně dokončete 1 týden předem, což vám dává prostor zajistit dostupný vůz za příznivou sazbu.",
    "severity": "Minor",
    "score_deduction": 1,
    "source_file": "2026-2027-cz-car-hire-city-08.docx",
    "url": "https://www.skyscanner.cz/pronajem-auta-v/pronajem-auta-v-merida/27544932.html",
    "candidate": "https://www.skyscanner.cz/pronajem-auta-v/pronajem-auta-v-merida/27544932.html"
  },
  {
    "text": "Půjčovnu auta v Meridě lze najít už od 131 Kč/den, zatímco roční průměr se pohybuje kolem 1 213 Kč/den.",
    "issue": "A regular space is used as a thousands separator in the number '1 213' instead of the required non-breaking space.",
    "type_of_issue": "Punctuation/Spelling/Typos",
    "solution": "Replace the regular space with a non-breaking space to correctly format numbers with four or more digits, according to Czech typographic rules.",
    "updated_sentence": "Půjčovnu auta v Meridě lze najít už od 131 Kč/den, zatímco roční průměr se pohybuje kolem 1 213 Kč/den.",
    "severity": "Minor",
    "score_deduction": 1,
    "source_file": "2026-2027-cz-car-hire-city-08.docx",
    "url": "https://www.skyscanner.cz/pronajem-auta-v/pronajem-auta-v-merida/27544932.html",
    "candidate": "https://www.skyscanner.cz/pronajem-auta-v/pronajem-auta-v-merida/27544932.html"
  },
  {
    "text": "V Meridě patří mezi nejoblíbenější vozy model Nissan Micra.",
    "issue": "A non-breaking space is required after a single-letter preposition according to Czech typographic rules. This pattern repeats with 'v', 'U', 's', and 'a' throughout the text.",
    "type_of_issue": "Punctuation/Spelling/Typos",
    "solution": "Insert a non-breaking space after the single-letter preposition 'V'.",
    "updated_sentence": "V Meridě patří mezi nejoblíbenější vozy model Nissan Micra.",
    "severity": "Minor",
    "score_deduction": 1,
    "source_file": "2026-2027-cz-car-hire-city-08.docx",
    "url": "https://www.skyscanner.cz/pronajem-auta-v/pronajem-auta-v-merida/27544932.html",
    "candidate": "https://www.skyscanner.cz/pronajem-auta-v/pronajem-auta-v-merida/27544932.html"
  },
  {
    "text": "Pokud hledáte automatickou převodovku, nabízí společnost FlexWays tento model od 131 Kč/den se čtyřmi sedadly a klimatizací.",
    "issue": "A non-breaking space is required between a number and its unit or currency symbol according to Czech typographic rules. This pattern repeats for all prices in the text.",
    "type_of_issue": "Punctuation/Spelling/Typos",
    "solution": "Insert a non-breaking space between the number '131' and the unit 'Kč/den'.",
    "updated_sentence": "Pokud hledáte automatickou převodovku, nabízí společnost FlexWays tento model od 131 Kč/den se čtyřmi sedadly a klimatizací.",
    "severity": "Minor",
    "score_deduction": 1,
    "source_file": "2026-2027-cz-car-hire-city-08.docx",
    "url": "https://www.skyscanner.cz/pronajem-auta-v/pronajem-auta-v-merida/27544932.html",
    "candidate": "https://www.skyscanner.cz/pronajem-auta-v/pronajem-auta-v-merida/27544932.html"
  },
  {
    "text": "Mezinárodní řidičský průkaz není ze zákona povinný, doporučuje se však a některé půjčovny jej mohou vyžadovat, pokud řidičský průkaz není ve španělštině nebo angličtině.",
    "issue": "The sequence of the adversative conjunction 'však' and the copulative conjunction 'a' is grammatically incorrect in this sentence structure.",
    "type_of_issue": "Grammar",
    "solution": "Rephrase the clause to create a grammatically correct parallel structure. Change 'doporučuje se však' to 'je však doporučený'.",
    "updated_sentence": "Mezinárodní řidičský průkaz není ze zákona povinný, je však doporučený a některé půjčovny jej mohou vyžadovat, pokud řidičský průkaz není ve španělštině nebo angličtině.",
    "severity": "Minor",
    "score_deduction": 1,
    "source_file": "2026-2027-cz-car-hire-city-08.docx",
    "url": "https://www.skyscanner.cz/pronajem-auta-v/pronajem-auta-v-merida/27544932.html",
    "candidate": "https://www.skyscanner.cz/pronajem-auta-v/pronajem-auta-v-merida/27544932.html"
  },
  {
    "text": "V Mexiku se jezdí vpravo, na což si dejte pozor zejména při odbočování a předjíždění. Na dálnicích platí nejvyšší povolená rychlost 110 km/h, na rychlostních silnicích a silnicích mimo obec shodně 80 km/h. Ve městech a na ostatních komunikacích klesá limit na 40 km/h. Mexiko má rozsáhlou síť zpoplatněných rychlostních silnic označovaných „cuota“, které vedou souběžně s bezplatnými silnicemi „libre“. Mýtné se hradí na mýtných branách v hotovosti nebo prostřednictvím elektronických štítků. Při plánování trasy tak počítejte s tím, že rychlejší spojení bývá placené, zatímco bezplatná alternativa vede po pomalejších úsecích.",
    "issue": "The single paragraph contains multiple distinct topics (speed limits, toll road system, payment), making it dense and difficult to scan.",
    "type_of_issue": "Style",
    "solution": "Split the paragraph into smaller, focused paragraphs to improve readability and structure.",
    "updated_sentence": "V Mexiku se jezdí vpravo, na což si dejte pozor zejména při odbočování a předjíždění. Na dálnicích platí nejvyšší povolená rychlost 110 km/h, na rychlostních silnicích a silnicích mimo obec shodně 80 km/h. Ve městech a na ostatních komunikacích klesá limit na 40 km/h.\n\nMexiko má rozsáhlou síť zpoplatněných rychlostních silnic označovaných „cuota“, které vedou souběžně s bezplatnými silnicemi „libre“. Mýtné se hradí na mýtných branách v hotovosti nebo prostřednictvím elektronických štítků.\n\nPři plánování trasy tak počítejte s tím, že rychlejší spojení bývá placené, zatímco bezplatná alternativa vede po pomalejších úsecích.",
    "severity": "Minor",
    "score_deduction": 1,
    "source_file": "2026-2027-cz-car-hire-city-08.docx",
    "url": "https://www.skyscanner.cz/pronajem-auta-v/pronajem-auta-v-merida/27544932.html",
    "candidate": "https://www.skyscanner.cz/pronajem-auta-v/pronajem-auta-v-merida/27544932.html"
  },
  {
    "text": "Mýtné se hradí na mýtných branách v hotovosti nebo prostřednictvím elektronických štítků.",
    "issue": "A required non-breaking space is missing after the single-letter preposition 'v', which violates Czech typographic rules.",
    "type_of_issue": "Punctuation/Spelling/Typos",
    "solution": "Insert a non-breaking space after the single-letter preposition 'v' to prevent it from being orphaned at the end of a line.",
    "updated_sentence": "Mýtné se hradí na mýtných branách v hotovosti nebo prostřednictvím elektronických štítků.",
    "severity": "Minor",
    "score_deduction": 1,
    "source_file": "2026-2027-cz-car-hire-city-08.docx",
    "url": "https://www.skyscanner.cz/pronajem-auta-v/pronajem-auta-v-merida/27544932.html",
    "candidate": "https://www.skyscanner.cz/pronajem-auta-v/pronajem-auta-v-merida/27544932.html"
  },
  {
    "text": "Pronájem auta v Antalyi začíná na 496 Kč/den, zatímco roční průměr se pohybuje kolem 1 329 Kč/den.",
    "issue": "Required non-breaking spaces are missing in multiple places: after the single-letter preposition 'v', as a thousands separator in '1 329', and between numbers and their unit 'Kč/den'.",
    "type_of_issue": "Punctuation/Spelling/Typos",
    "solution": "Insert non-breaking spaces after 'v', within the number '1 329', and between the numbers and 'Kč/den' as required by Czech typography.",
    "updated_sentence": "Pronájem auta v Antalyi začíná na 496 Kč/den, zatímco roční průměr se pohybuje kolem 1 329 Kč/den.",
    "severity": "Minor",
    "score_deduction": 1,
    "source_file": "2026-2027-cz-car-hire-city-08.docx",
    "url": "https://www.skyscanner.cz/pronajem-auta-v/pronajem-auta-v-antalya/27548233.html",
    "candidate": "https://www.skyscanner.cz/pronajem-auta-v/pronajem-auta-v-antalya/27548233.html"
  },
  {
    "text": "Rezervaci je dobré provést 4 týdny předem, což vám pomůže zajistit si příznivější sazbu.",
    "issue": "A required non-breaking space is missing between the number '4' and the unit 'týdny'.",
    "type_of_issue": "Punctuation/Spelling/Typos",
    "solution": "Insert a non-breaking space between the number and the unit as per Czech typographical rules.",
    "updated_sentence": "Rezervaci je dobré provést 4 týdny předem, což vám pomůže zajistit si příznivější sazbu.",
    "severity": "Minor",
    "score_deduction": 1,
    "source_file": "2026-2027-cz-car-hire-city-08.docx",
    "url": "https://www.skyscanner.cz/pronajem-auta-v/pronajem-auta-v-antalya/27548233.html",
    "candidate": "https://www.skyscanner.cz/pronajem-auta-v/pronajem-auta-v-antalya/27548233.html"
  },
  {
    "text": "Podobnou volbou je automat od společnosti united rent a car za 549 Kč/den.",
    "issue": "The brand name \"united rent a car\" is not capitalized correctly.",
    "type_of_issue": "Compliance",
    "solution": "Capitalize the brand name to \"United Rent a Car\" as it is a proper noun.",
    "updated_sentence": "Podobnou volbou je automat od společnosti United Rent a Car za 549 Kč/den.",
    "severity": "Minor",
    "score_deduction": 1,
    "source_file": "2026-2027-cz-car-hire-city-08.docx",
    "url": "https://www.skyscanner.cz/pronajem-auta-v/pronajem-auta-v-antalya/27548233.html",
    "candidate": "https://www.skyscanner.cz/pronajem-auta-v/pronajem-auta-v-antalya/27548233.html"
  },
  {
    "text": "Pokud dáváte přednost automatické převodovce, nabízí společnost Sixt vůz s automatem od 496 Kč/den.",
    "issue": "A required non-breaking space is missing between the number and the currency unit (Kč), which violates Czech typographic rules. This pattern repeats for all prices in the text.",
    "type_of_issue": "Punctuation/Spelling/Typos",
    "solution": "Insert a non-breaking space between the number and \"Kč\".",
    "updated_sentence": "Pokud dáváte přednost automatické převodovce, nabízí společnost Sixt vůz s automatem od 496 Kč/den.",
    "severity": "Minor",
    "score_deduction": 1,
    "source_file": "2026-2027-cz-car-hire-city-08.docx",
    "url": "https://www.skyscanner.cz/pronajem-auta-v/pronajem-auta-v-antalya/27548233.html",
    "candidate": "https://www.skyscanner.cz/pronajem-auta-v/pronajem-auta-v-antalya/27548233.html"
  },
  {
    "text": "Nejčastěji si vůz vyzvednete přímo na letišti Antalya Letiště, které je pro řadu cestujících prvním bodem po příletu.",
    "issue": "The word 'Letiště' (Airport) is incorrectly duplicated, which is redundant.",
    "type_of_issue": "Style",
    "solution": "Remove the redundant instance of 'Letiště'.",
    "updated_sentence": "Nejčastěji si vůz vyzvednete přímo na letišti Antalya, které je pro řadu cestujících prvním bodem po příletu.",
    "severity": "Minor",
    "score_deduction": 1,
    "source_file": "2026-2027-cz-car-hire-city-08.docx",
    "url": "https://www.skyscanner.cz/pronajem-auta-v/pronajem-auta-v-antalya/27548233.html",
    "candidate": "https://www.skyscanner.cz/pronajem-auta-v/pronajem-auta-v-antalya/27548233.html"
  },
  {
    "text": "Alternativou je vyzvednutí v centru města, například ve čtvrti Kaleici, odkud máte blízko k historickým památkám i ubytování.",
    "issue": "Required non-breaking spaces are missing after the single-letter prepositions 'v' and 'k' and the conjunction 'i'.",
    "type_of_issue": "Punctuation/Spelling/Typos",
    "solution": "Insert non-breaking spaces after single-letter prepositions and conjunctions as per Czech typographic rules.",
    "updated_sentence": "Alternativou je vyzvednutí v centru města, například ve čtvrti Kaleici, odkud máte blízko k historickým památkám i ubytování.",
    "severity": "Minor",
    "score_deduction": 1,
    "source_file": "2026-2027-cz-car-hire-city-08.docx",
    "url": "https://www.skyscanner.cz/pronajem-auta-v/pronajem-auta-v-antalya/27548233.html",
    "candidate": "https://www.skyscanner.cz/pronajem-auta-v/pronajem-auta-v-antalya/27548233.html"
  },
  {
    "text": "Ceny za pronájem zůstávají u obou variant srovnatelné, takže vyzvednutí na letišti není dražší ani levnější než v centru. Volba mezi letištěm a centrem tak závisí především na tom, kam po převzetí vozu míříte a jak plánujete svou cestu.",
    "issue": "Required non-breaking spaces are missing after single-letter prepositions ('u', 'v') and the single-letter conjunction 'a', which is a repeating pattern in the text.",
    "type_of_issue": "Punctuation/Spelling/Typos",
    "solution": "Insert non-breaking spaces after single-letter prepositions and conjunctions as per Czech typographic rules.",
    "updated_sentence": "Ceny za pronájem zůstávají u obou variant srovnatelné, takže vyzvednutí na letišti není dražší ani levnější než v centru. Volba mezi letištěm a centrem tak závisí především na tom, kam po převzetí vozu míříte a jak plánujete svou cestu.",
    "severity": "Minor",
    "score_deduction": 1,
    "source_file": "2026-2027-cz-car-hire-city-08.docx",
    "url": "https://www.skyscanner.cz/pronajem-auta-v/pronajem-auta-v-antalya/27548233.html",
    "candidate": "https://www.skyscanner.cz/pronajem-auta-v/pronajem-auta-v-antalya/27548233.html"
  },
  {
    "text": "K nejvyhledávanějším patří společnost Uniq, společnost united rent a car a společnost Flex To Go, přičemž nejoblíbenější je celkově společnost Uniq.",
    "issue": "The brand name 'united rent a car' is incorrectly capitalized in all lowercase letters.",
    "type_of_issue": "Compliance",
    "solution": "Capitalize the brand name to 'United Rent a Car' as it is a proper noun.",
    "updated_sentence": "K nejvyhledávanějším patří společnost Uniq, společnost United Rent a Car a společnost Flex To Go, přičemž nejoblíbenější je celkově společnost Uniq.",
    "severity": "Minor",
    "score_deduction": 1,
    "source_file": "2026-2027-cz-car-hire-city-08.docx",
    "url": "https://www.skyscanner.cz/pronajem-auta-v/pronajem-auta-v-antalya/27548233.html",
    "candidate": "https://www.skyscanner.cz/pronajem-auta-v/pronajem-auta-v-antalya/27548233.html"
  },
  {
    "text": "V Turecku se jezdí vpravo, na což je dobré pamatovat hlavně při odbočování a předjíždění.",
    "issue": "A non-breaking space is required after single-letter prepositions ('V', 'v', 's') per Czech typographic rules. This pattern repeats throughout the text.",
    "type_of_issue": "Punctuation/Spelling/Typos",
    "solution": "Insert a non-breaking space after all single-letter prepositions.",
    "updated_sentence": "V Turecku se jezdí vpravo, na což je dobré pamatovat hlavně při odbočování a předjíždění.",
    "severity": "Minor",
    "score_deduction": 1,
    "source_file": "2026-2027-cz-car-hire-city-08.docx",
    "url": "https://www.skyscanner.cz/pronajem-auta-v/pronajem-auta-v-antalya/27548233.html",
    "candidate": "https://www.skyscanner.cz/pronajem-auta-v/pronajem-auta-v-antalya/27548233.html"
  },
  {
    "text": "Na dálnicích platí maximální rychlost 120 km/h, na rychlostních silnicích 110 km/h.",
    "issue": "A non-breaking space is required between a number and its unit ('km/h') per Czech typographic rules. This pattern repeats throughout the text.",
    "type_of_issue": "Punctuation/Spelling/Typos",
    "solution": "Insert a non-breaking space between the numbers and the 'km/h' unit in all instances.",
    "updated_sentence": "Na dálnicích platí maximální rychlost 120 km/h, na rychlostních silnicích 110 km/h.",
    "severity": "Minor",
    "score_deduction": 1,
    "source_file": "2026-2027-cz-car-hire-city-08.docx",
    "url": "https://www.skyscanner.cz/pronajem-auta-v/pronajem-auta-v-antalya/27548233.html",
    "candidate": "https://www.skyscanner.cz/pronajem-auta-v/pronajem-auta-v-antalya/27548233.html"
  },
  {
    "text": "Pronájem auta ve Varšavě začíná na 418 Kč/den, zatímco průměrná roční cena se pohybuje kolem 1 124 Kč/den.",
    "issue": "A non-breaking space is required between a number and its unit (418 Kč) and as a thousands separator (1 124) according to Czech typographic rules.",
    "type_of_issue": "Punctuation/Spelling/Typos",
    "solution": "Replace the regular spaces with non-breaking spaces between numbers and units/currency, and for the thousands separator.",
    "updated_sentence": "Pronájem auta ve Varšavě začíná na 418 Kč/den, zatímco průměrná roční cena se pohybuje kolem 1 124 Kč/den.",
    "severity": "Minor",
    "score_deduction": 1,
    "source_file": "2026-2027-cz-car-hire-city-08.docx",
    "url": "https://www.skyscanner.cz/pronajem-auta-v/pronajem-auta-v-varsava/27547454.html",
    "candidate": "https://www.skyscanner.cz/pronajem-auta-v/pronajem-auta-v-varsava/27547454.html"
  },
  {
    "text": "Rezervaci je vhodné zajistit přibližně 4 týdny předem, což vám pomůže získat lepší nabídku.",
    "issue": "A non-breaking space is required between a number and its unit ('4 týdny') according to Czech typographic rules.",
    "type_of_issue": "Punctuation/Spelling/Typos",
    "solution": "Replace the regular space with a non-breaking space between the number and the unit.",
    "updated_sentence": "Rezervaci je vhodné zajistit přibližně 4 týdny předem, což vám pomůže získat lepší nabídku.",
    "severity": "Minor",
    "score_deduction": 1,
    "source_file": "2026-2027-cz-car-hire-city-08.docx",
    "url": "https://www.skyscanner.cz/pronajem-auta-v/pronajem-auta-v-varsava/27547454.html",
    "candidate": "https://www.skyscanner.cz/pronajem-auta-v/pronajem-auta-v-varsava/27547454.html"
  },
  {
    "text": "Přímo tento vůz nabízí společnost Flex To Go s manuální převodovkou od 427 Kč/den.",
    "issue": "A required non-breaking space is missing between the number '427' and the unit 'Kč/den', which violates Czech typographic rules. This pattern repeats with other price mentions.",
    "type_of_issue": "Punctuation/Spelling/Typos",
    "solution": "Insert a non-breaking space between the number and the unit as per standard Czech typography.",
    "updated_sentence": "Přímo tento vůz nabízí společnost Flex To Go s manuální převodovkou od 427 Kč/den.",
    "severity": "Minor",
    "score_deduction": 1,
    "source_file": "2026-2027-cz-car-hire-city-08.docx",
    "url": "https://www.skyscanner.cz/pronajem-auta-v/pronajem-auta-v-varsava/27547454.html",
    "candidate": "https://www.skyscanner.cz/pronajem-auta-v/pronajem-auta-v-varsava/27547454.html"
  },
  {
    "text": "Ceny za vyzvednutí na letišti bývají obvykle o něco nižší než v centru města, rozdíly jsou ale spíše mírné.",
    "issue": "A required non-breaking space is missing after the single-letter preposition 'o'. This typographical error pattern repeats elsewhere in the text (e.g., 'u vlakových stanic').",
    "type_of_issue": "Punctuation/Spelling/Typos",
    "solution": "Insert a non-breaking space after single-letter prepositions as required by Czech typographical rules.",
    "updated_sentence": "Ceny za vyzvednutí na letišti bývají obvykle o něco nižší než v centru města, rozdíly jsou ale spíše mírné.",
    "severity": "Minor",
    "score_deduction": 1,
    "source_file": "2026-2027-cz-car-hire-city-08.docx",
    "url": "https://www.skyscanner.cz/pronajem-auta-v/pronajem-auta-v-varsava/27547454.html",
    "candidate": "https://www.skyscanner.cz/pronajem-auta-v/pronajem-auta-v-varsava/27547454.html"
  },
  {
    "text": "Vůz si zde pronajmete od 21 let, přičemž řidiči mladší 25 let často platí příplatek pro mladé řidiče. Minimální věk pro řízení je 18 let.",
    "issue": "A non-breaking space is required between a number and its unit ('let') according to Czech typographic rules. This error occurs three times.",
    "type_of_issue": "Punctuation/Spelling/Typos",
    "solution": "Insert a non-breaking space between the numbers (21, 25, 18) and the unit 'let'.",
    "updated_sentence": "Vůz si zde pronajmete od 21 let, přičemž řidiči mladší 25 let často platí příplatek pro mladé řidiče. Minimální věk pro řízení je 18 let.",
    "severity": "Minor",
    "score_deduction": 1,
    "source_file": "2026-2027-cz-car-hire-city-08.docx",
    "url": "https://www.skyscanner.cz/pronajem-auta-v/pronajem-auta-v-varsava/27547454.html",
    "candidate": "https://www.skyscanner.cz/pronajem-auta-v/pronajem-auta-v-varsava/27547454.html"
  },
  {
    "text": "Na dálnicích platí nejvyšší povolená rychlost 140 km/h, na rychlostních silnicích 120 km/h.",
    "issue": "A required non-breaking space is missing between numbers and the 'km/h' unit, violating Czech typographic rules. This pattern repeats throughout the text.",
    "type_of_issue": "Punctuation/Spelling/Typos",
    "solution": "Insert a non-breaking space between the number and its unit (e.g., '140 km/h' should be '140 km/h').",
    "updated_sentence": "Na dálnicích platí nejvyšší povolená rychlost 140 km/h, na rychlostních silnicích 120 km/h.",
    "severity": "Minor",
    "score_deduction": 1,
    "source_file": "2026-2027-cz-car-hire-city-08.docx",
    "url": "https://www.skyscanner.cz/pronajem-auta-v/pronajem-auta-v-varsava/27547454.html",
    "candidate": "https://www.skyscanner.cz/pronajem-auta-v/pronajem-auta-v-varsava/27547454.html"
  },
  {
    "text": "Na silnicích mimo obec můžete jet 90 km/h a v obcích 50 km/h.",
    "issue": "Required non-breaking spaces are missing after single-letter prepositions and conjunctions ('v', 'a'), violating Czech typographic rules. This pattern repeats with 'u' and 's' elsewhere in the text.",
    "type_of_issue": "Punctuation/Spelling/Typos",
    "solution": "Insert a non-breaking space after single-letter words (e.g., 'a v obcích' should be 'a v obcích').",
    "updated_sentence": "Na silnicích mimo obec můžete jet 90 km/h a v obcích 50 km/h.",
    "severity": "Minor",
    "score_deduction": 1,
    "source_file": "2026-2027-cz-car-hire-city-08.docx",
    "url": "https://www.skyscanner.cz/pronajem-auta-v/pronajem-auta-v-varsava/27547454.html",
    "candidate": "https://www.skyscanner.cz/pronajem-auta-v/pronajem-auta-v-varsava/27547454.html"
  },
  {
    "text": "Půjčení auta v Terstu začíná na 885 Kč/den, zatímco roční průměr se pohybuje kolem 1 970 Kč/den. Nejvýhodnější bývají ceny v říjnu, kdy je poptávka nižší než v hlavní letní sezóně. Rezervaci se vyplatí zařídit zhruba 3 týdny předem, abyste získali lepší nabídku. Při porovnávání sledujte nejen samotnou cenu, ale i podmínky pronájmu, jako jsou limity kilometrů a pojištění. Flexibilita v termínech vyzvednutí a vrácení vozu vám může pomoci najít dostupnější variantu.",
    "issue": "Czech typographical rules requiring a non-breaking space (NBSP) after single-letter prepositions (e.g., 'v'), between a number and its unit (e.g., 'Kč'), and for thousand separators are not followed. This pattern repeats throughout the text.",
    "type_of_issue": "Punctuation/Spelling/Typos",
    "solution": "Insert non-breaking spaces after all single-letter prepositions, between numbers and their units, and for the thousands separator to comply with Czech typographical standards.",
    "updated_sentence": "Půjčení auta v Terstu začíná na 885 Kč/den, zatímco roční průměr se pohybuje kolem 1 970 Kč/den. Nejvýhodnější bývají ceny v říjnu, kdy je poptávka nižší než v hlavní letní sezóně. Rezervaci se vyplatí zařídit zhruba 3 týdny předem, abyste získali lepší nabídku. Při porovnávání sledujte nejen samotnou cenu, ale i podmínky pronájmu, jako jsou limity kilometrů a pojištění. Flexibilita v termínech vyzvednutí a vrácení vozu vám může pomoci najít dostupnější variantu.",
    "severity": "Minor",
    "score_deduction": 1,
    "source_file": "2026-2027-cz-car-hire-city-08.docx",
    "url": "https://www.skyscanner.cz/pronajem-auta-v/pronajem-auta-v-terst/27547250.html",
    "candidate": "https://www.skyscanner.cz/pronajem-auta-v/pronajem-auta-v-terst/27547250.html"
  },
  {
    "text": "Cestující, kteří dávají přednost automatické převodovce, ocení model Peugeot 3008 od společnosti Budget za 1 137 Kč/den.",
    "issue": "Czech typographical rules require a non-breaking space for thousands separators and between a number and its unit, but a standard space was used. This pattern repeats for all prices in the text.",
    "type_of_issue": "Compliance",
    "solution": "Replace the standard spaces with non-breaking spaces in '1 137' and before 'Kč/den'. Apply this rule to all other prices in the text.",
    "updated_sentence": "Cestující, kteří dávají přednost automatické převodovce, ocení model Peugeot 3008 od společnosti Budget za 1 137 Kč/den.",
    "severity": "Minor",
    "score_deduction": 1,
    "source_file": "2026-2027-cz-car-hire-city-08.docx",
    "url": "https://www.skyscanner.cz/pronajem-auta-v/pronajem-auta-v-terst/27547250.html",
    "candidate": "https://www.skyscanner.cz/pronajem-auta-v/pronajem-auta-v-terst/27547250.html"
  },
  {
    "text": "Auto si v Terstu vyzvednete na letišti Terst, které patří mezi nejvyužívanější místa pro převzetí vozu.",
    "issue": "A non-breaking space is required after the one-letter preposition 'v' according to Czech typographic rules. This pattern repeats later in the text.",
    "type_of_issue": "Punctuation/Spelling/Typos",
    "solution": "Insert a non-breaking space after the preposition 'v'.",
    "updated_sentence": "Auto si v Terstu vyzvednete na letišti Terst, které patří mezi nejvyužívanější místa pro převzetí vozu.",
    "severity": "Minor",
    "score_deduction": 1,
    "source_file": "2026-2027-cz-car-hire-city-08.docx",
    "url": "https://www.skyscanner.cz/pronajem-auta-v/pronajem-auta-v-terst/27547250.html",
    "candidate": "https://www.skyscanner.cz/pronajem-auta-v/pronajem-auta-v-terst/27547250.html"
  },
  {
    "text": "V Terstu si můžete vybrat z celkem šesti půjčoven aut.",
    "issue": "A non-breaking space is required after single-letter prepositions according to Czech typography rules. This pattern repeats with 'u', 'K', and 's'.",
    "type_of_issue": "Punctuation/Spelling/Typos",
    "solution": "Insert a non-breaking space after the single-letter preposition 'V'. Apply this fix to all single-letter prepositions in the text.",
    "updated_sentence": "V Terstu si můžete vybrat z celkem šesti půjčoven aut.",
    "severity": "Minor",
    "score_deduction": 1,
    "source_file": "2026-2027-cz-car-hire-city-08.docx",
    "url": "https://www.skyscanner.cz/pronajem-auta-v/pronajem-auta-v-terst/27547250.html",
    "candidate": "https://www.skyscanner.cz/pronajem-auta-v/pronajem-auta-v-terst/27547250.html"
  },
  {
    "text": "Vozidlo si obvykle pronajmete od 21 let, mnoho poskytovatelů však u řidičů mladších 25 let připočítává příplatek za mladého řidiče.",
    "issue": "A non-breaking space is required between a number and its following unit ('let') according to Czech typography rules. This pattern repeats with '18 let'.",
    "type_of_issue": "Punctuation/Spelling/Typos",
    "solution": "Insert non-breaking spaces between numbers and the unit 'let'. Note: this sentence also requires a non-breaking space after the preposition 'u' as per the related finding.",
    "updated_sentence": "Vozidlo si obvykle pronajmete od 21 let, mnoho poskytovatelů však u řidičů mladších 25 let připočítává příplatek za mladého řidiče.",
    "severity": "Minor",
    "score_deduction": 1,
    "source_file": "2026-2027-cz-car-hire-city-08.docx",
    "url": "https://www.skyscanner.cz/pronajem-auta-v/pronajem-auta-v-terst/27547250.html",
    "candidate": "https://www.skyscanner.cz/pronajem-auta-v/pronajem-auta-v-terst/27547250.html"
  },
  {
    "text": "V Itálii se jezdí vpravo, na což je dobré pamatovat hlavně při odbočování a na kruhových objezdech.",
    "issue": "A non-breaking space is required after the single-letter preposition 'V' according to Czech typographic rules. This pattern repeats later in the text.",
    "type_of_issue": "Punctuation/Spelling/Typos",
    "solution": "Insert a non-breaking space after the preposition 'V'.",
    "updated_sentence": "V Itálii se jezdí vpravo, na což je dobré pamatovat hlavně při odbočování a na kruhových objezdech.",
    "severity": "Minor",
    "score_deduction": 1,
    "source_file": "2026-2027-cz-car-hire-city-08.docx",
    "url": "https://www.skyscanner.cz/pronajem-auta-v/pronajem-auta-v-terst/27547250.html",
    "candidate": "https://www.skyscanner.cz/pronajem-auta-v/pronajem-auta-v-terst/27547250.html"
  },
  {
    "text": "Na dálnicích platí nejvyšší povolená rychlost 130 km/h, na rychlostních silnicích 110 km/h.",
    "issue": "A non-breaking space is required between a number and its unit ('km/h') according to Czech typographic rules. This pattern repeats throughout the text.",
    "type_of_issue": "Punctuation/Spelling/Typos",
    "solution": "Insert a non-breaking space between the numbers and the unit 'km/h'.",
    "updated_sentence": "Na dálnicích platí nejvyšší povolená rychlost 130 km/h, na rychlostních silnicích 110 km/h.",
    "severity": "Minor",
    "score_deduction": 1,
    "source_file": "2026-2027-cz-car-hire-city-08.docx",
    "url": "https://www.skyscanner.cz/pronajem-auta-v/pronajem-auta-v-terst/27547250.html",
    "candidate": "https://www.skyscanner.cz/pronajem-auta-v/pronajem-auta-v-terst/27547250.html"
  },
  {
    "text": "Půjčovnu auta v Santa Cruz seženete už od 867 Kč/den, přičemž roční průměr se pohybuje kolem 1 180 Kč/den.",
    "issue": "The spaces between numbers and currency symbols (e.g., '867 Kč'), and the space used as a thousands separator ('1 180'), must be non-breaking spaces according to Czech typographic rules.",
    "type_of_issue": "Punctuation/Spelling/Typos",
    "solution": "Replace the regular spaces with non-breaking spaces in '867 Kč' and '1 180 Kč'.",
    "updated_sentence": "Půjčovnu auta v Santa Cruz seženete už od 867 Kč/den, přičemž roční průměr se pohybuje kolem 1 180 Kč/den.",
    "severity": "Minor",
    "score_deduction": 1,
    "source_file": "2026-2027-cz-car-hire-city-08.docx",
    "url": "https://www.skyscanner.cz/pronajem-auta-v/pronajem-auta-v-santa-cruz/33988393.html",
    "candidate": "https://www.skyscanner.cz/pronajem-auta-v/pronajem-auta-v-santa-cruz/33988393.html"
  },
  {
    "text": "K nejvýhodnějším nabídkám se dostanete, když rezervaci provedete 3 týdny předem.",
    "issue": "The space between a number and its following unit (e.g., '3 týdny') must be a non-breaking space according to Czech typographic rules.",
    "type_of_issue": "Punctuation/Spelling/Typos",
    "solution": "Replace the regular space with a non-breaking space between '3' and 'týdny'.",
    "updated_sentence": "K nejvýhodnějším nabídkám se dostanete, když rezervaci provedete 3 týdny předem.",
    "severity": "Minor",
    "score_deduction": 1,
    "source_file": "2026-2027-cz-car-hire-city-08.docx",
    "url": "https://www.skyscanner.cz/pronajem-auta-v/pronajem-auta-v-santa-cruz/33988393.html",
    "candidate": "https://www.skyscanner.cz/pronajem-auta-v/pronajem-auta-v-santa-cruz/33988393.html"
  },
  {
    "text": "V Santa Cruz patří mezi nejoblíbenější vozy model Citroen C1.",
    "issue": "A required non-breaking space is missing after the single-letter preposition 'V' at the beginning of the sentence.",
    "type_of_issue": "Punctuation/Spelling/Typos",
    "solution": "Insert a non-breaking space after the preposition 'V'.",
    "updated_sentence": "V Santa Cruz patří mezi nejoblíbenější vozy model Citroen C1.",
    "severity": "Minor",
    "score_deduction": 1,
    "source_file": "2026-2027-cz-car-hire-city-08.docx",
    "url": "https://www.skyscanner.cz/pronajem-auta-v/pronajem-auta-v-santa-cruz/33988393.html",
    "candidate": "https://www.skyscanner.cz/pronajem-auta-v/pronajem-auta-v-santa-cruz/33988393.html"
  },
  {
    "text": "Pokud hledáte podobně kompaktní vůz, společnost Klasswagen.com nabízí model Volkswagen Up! s manuální převodovkou od 867 Kč/den.",
    "issue": "Missing non-breaking space between the number and the currency unit 'Kč' as required by Czech typography. This pattern repeats for all currency mentions in the text.",
    "type_of_issue": "Punctuation/Spelling/Typos",
    "solution": "Insert a non-breaking space between the number and 'Kč'.",
    "updated_sentence": "Pokud hledáte podobně kompaktní vůz, společnost Klasswagen.com nabízí model Volkswagen Up! s manuální převodovkou od 867 Kč/den.",
    "severity": "Minor",
    "score_deduction": 1,
    "source_file": "2026-2027-cz-car-hire-city-08.docx",
    "url": "https://www.skyscanner.cz/pronajem-auta-v/pronajem-auta-v-santa-cruz/33988393.html",
    "candidate": "https://www.skyscanner.cz/pronajem-auta-v/pronajem-auta-v-santa-cruz/33988393.html"
  },
  {
    "text": "Pronájem auta v Santa Cruz nejčastěji začíná na letišti Madeira, kde si vůz vyzvednete ihned po příletu.",
    "issue": "According to Czech typography rules, a non-breaking space is required after a single-letter preposition like 'v'.",
    "type_of_issue": "Punctuation/Spelling/Typos",
    "solution": "Insert a non-breaking space after the preposition 'v'.",
    "updated_sentence": "Pronájem auta v Santa Cruz nejčastěji začíná na letišti Madeira, kde si vůz vyzvednete ihned po příletu.",
    "severity": "Minor",
    "score_deduction": 1,
    "source_file": "2026-2027-cz-car-hire-city-08.docx",
    "url": "https://www.skyscanner.cz/pronajem-auta-v/pronajem-auta-v-santa-cruz/33988393.html",
    "candidate": "https://www.skyscanner.cz/pronajem-auta-v/pronajem-auta-v-santa-cruz/33988393.html"
  },
  {
    "text": "Ceny se mezi oběma variantami výrazně neliší, takže vyzvednutí na letišti vychází zhruba srovnatelně s odběrem ve městě.",
    "issue": "According to Czech typography rules, a non-breaking space is required after a single-letter preposition like 's'.",
    "type_of_issue": "Punctuation/Spelling/Typos",
    "solution": "Insert a non-breaking space after the preposition 's'.",
    "updated_sentence": "Ceny se mezi oběma variantami výrazně neliší, takže vyzvednutí na letišti vychází zhruba srovnatelně s odběrem ve městě.",
    "severity": "Minor",
    "score_deduction": 1,
    "source_file": "2026-2027-cz-car-hire-city-08.docx",
    "url": "https://www.skyscanner.cz/pronajem-auta-v/pronajem-auta-v-santa-cruz/33988393.html",
    "candidate": "https://www.skyscanner.cz/pronajem-auta-v/pronajem-auta-v-santa-cruz/33988393.html"
  },
  {
    "text": "V Santa Cruz si můžete vybrat z celkem šesti půjčoven vozidel.",
    "issue": "Missing non-breaking spaces after single-letter prepositions (e.g., V, a, K, u, v), which is required by Czech typography rules. This is a recurring pattern throughout the text.",
    "type_of_issue": "Punctuation/Spelling/Typos",
    "solution": "Insert a non-breaking space after each single-letter preposition.",
    "updated_sentence": "V Santa Cruz si můžete vybrat z celkem šesti půjčoven vozidel.",
    "severity": "Minor",
    "score_deduction": 1,
    "source_file": "2026-2027-cz-car-hire-city-08.docx",
    "url": "https://www.skyscanner.cz/pronajem-auta-v/pronajem-auta-v-santa-cruz/33988393.html",
    "candidate": "https://www.skyscanner.cz/pronajem-auta-v/pronajem-auta-v-santa-cruz/33988393.html"
  },
  {
    "text": "Na dálnicích platí maximální rychlost 120 km/h, na rychlostních silnicích 100 km/h. Na silnicích mimo obec můžete jet až 90 km/h, v obcích a na ostatních komunikacích je limit 50 km/h. Počítejte s mýtným, které se na řadě dálnic platí u tradičních mýtných bran.",
    "issue": "Missing required non-breaking spaces as per Czech typographic rules. This pattern occurs consistently between numbers and units (e.g., '120 km/h') and after single-letter prepositions (e.g., 'v', 's', 'u').",
    "type_of_issue": "Punctuation/Spelling/Typos",
    "solution": "Insert non-breaking spaces between all numbers and the 'km/h' unit, and after all single-letter prepositions.",
    "updated_sentence": "Na dálnicích platí maximální rychlost 120 km/h, na rychlostních silnicích 100 km/h. Na silnicích mimo obec můžete jet až 90 km/h, v obcích a na ostatních komunikacích je limit 50 km/h. Počítejte s mýtným, které se na řadě dálnic platí u tradičních mýtných bran.",
    "severity": "Minor",
    "score_deduction": 1,
    "source_file": "2026-2027-cz-car-hire-city-08.docx",
    "url": "https://www.skyscanner.cz/pronajem-auta-v/pronajem-auta-v-santa-cruz/33988393.html",
    "candidate": "https://www.skyscanner.cz/pronajem-auta-v/pronajem-auta-v-santa-cruz/33988393.html"
  },
  {
    "text": "Pronájem auta na Kefalonii začíná na 1 148 Kč/den, přičemž roční průměr se pohybuje kolem 1 625 Kč/den.",
    "issue": "Czech typographic rules require a non-breaking space (NBSP) in several contexts that were missed: as a thousands separator, between a number and its unit, and after single-letter prepositions/conjunctions (e.g., 'v', 'a', 'o'). This pattern repeats throughout the text.",
    "type_of_issue": "Punctuation/Spelling/Typos",
    "solution": "Insert non-breaking spaces where required by Czech typography, such as in '1 148 Kč', '3 týdny', and 'v aktuálních'.",
    "updated_sentence": "Pronájem auta na Kefalonii začíná na 1 148 Kč/den, přičemž roční průměr se pohybuje kolem 1 625 Kč/den.",
    "severity": "Minor",
    "score_deduction": 1,
    "source_file": "2026-2027-cz-car-hire-city-08.docx",
    "url": "https://www.skyscanner.cz/pronajem-auta-v/pronajem-auta-v-kefalonia/38310671.html",
    "candidate": "https://www.skyscanner.cz/pronajem-auta-v/pronajem-auta-v-kefalonia/38310671.html"
  },
  {
    "text": "Pro cesty ve dvou i s menším zavazadlem se hodí model Fiat 500 od společnosti King's Cars s manuální převodovkou, který pořídíte od 1 148 Kč/den.",
    "issue": "Czech typographic rules are not followed: non-breaking spaces are missing after single-letter prepositions, in the thousands separator of numbers, and between numbers and units. This pattern repeats throughout the text.",
    "type_of_issue": "Punctuation/Spelling/Typos",
    "solution": "Insert non-breaking spaces where required by Czech typography: after single-letter prepositions (e.g., 's'), in large numbers (e.g., '1 148'), and before units (e.g., 'Kč').",
    "updated_sentence": "Pro cesty ve dvou i s menším zavazadlem se hodí model Fiat 500 od společnosti King's Cars s manuální převodovkou, který pořídíte od 1 148 Kč/den.",
    "severity": "Minor",
    "score_deduction": 1,
    "source_file": "2026-2027-cz-car-hire-city-08.docx",
    "url": "https://www.skyscanner.cz/pronajem-auta-v/pronajem-auta-v-kefalonia/38310671.html",
    "candidate": "https://www.skyscanner.cz/pronajem-auta-v/pronajem-auta-v-kefalonia/38310671.html"
  },
  {
    "text": "Zapůjčené auto na Kefalonii vyzvednete nejčastěji na letišti v Argostoli, které je hlavním výchozím bodem pro cesty po ostrově.",
    "issue": "The single-letter preposition 'v' must be followed by a non-breaking space to comply with Czech typographic rules.",
    "type_of_issue": "Punctuation/Spelling/Typos",
    "solution": "Replace the standard space after the preposition 'v' with a non-breaking space.",
    "updated_sentence": "Zapůjčené auto na Kefalonii vyzvednete nejčastěji na letišti v Argostoli, které je hlavním výchozím bodem pro cesty po ostrově.",
    "severity": "Minor",
    "score_deduction": 1,
    "source_file": "2026-2027-cz-car-hire-city-08.docx",
    "url": "https://www.skyscanner.cz/pronajem-auta-v/pronajem-auta-v-kefalonia/38310671.html",
    "candidate": "https://www.skyscanner.cz/pronajem-auta-v/pronajem-auta-v-kefalonia/38310671.html"
  },
  {
    "text": "Alternativou je vyzvednutí přímo v Argostoli, kde půjčovny sídlí ve městě.",
    "issue": "The single-letter preposition 'v' must be followed by a non-breaking space to comply with Czech typographic rules.",
    "type_of_issue": "Punctuation/Spelling/Typos",
    "solution": "Replace the standard space after the preposition 'v' with a non-breaking space.",
    "updated_sentence": "Alternativou je vyzvednutí přímo v Argostoli, kde půjčovny sídlí ve městě.",
    "severity": "Minor",
    "score_deduction": 1,
    "source_file": "2026-2027-cz-car-hire-city-08.docx",
    "url": "https://www.skyscanner.cz/pronajem-auta-v/pronajem-auta-v-kefalonia/38310671.html",
    "candidate": "https://www.skyscanner.cz/pronajem-auta-v/pronajem-auta-v-kefalonia/38310671.html"
  },
  {
    "text": "Ceny na letišti a ve městě bývají zhruba srovnatelné, takže volba místa závisí spíše na tom, kudy přijíždíte.",
    "issue": "The single-letter conjunction 'a' must be followed by a non-breaking space to comply with Czech typographic rules.",
    "type_of_issue": "Punctuation/Spelling/Typos",
    "solution": "Replace the standard space after the conjunction 'a' with a non-breaking space.",
    "updated_sentence": "Ceny na letišti a ve městě bývají zhruba srovnatelné, takže volba místa závisí spíše na tom, kudy přijíždíte.",
    "severity": "Minor",
    "score_deduction": 1,
    "source_file": "2026-2027-cz-car-hire-city-08.docx",
    "url": "https://www.skyscanner.cz/pronajem-auta-v/pronajem-auta-v-kefalonia/38310671.html",
    "candidate": "https://www.skyscanner.cz/pronajem-auta-v/pronajem-auta-v-kefalonia/38310671.html"
  },
  {
    "text": "Vozidlo si můžete pronajmout od 21 let, přičemž řada půjčoven přidává u řidičů mladších 25 let příplatek pro mladé řidiče.",
    "issue": "Missing non-breaking spaces between numbers and units ('21 let', '25 let') and after a single-letter preposition ('u'), as required by Czech typography. This pattern repeats throughout the text.",
    "type_of_issue": "Punctuation/Spelling/Typos",
    "solution": "Insert non-breaking spaces after single-letter prepositions and between numbers and their corresponding units to adhere to Czech typographic rules.",
    "updated_sentence": "Vozidlo si můžete pronajmout od 21 let, přičemž řada půjčoven přidává u řidičů mladších 25 let příplatek pro mladé řidiče.",
    "severity": "Minor",
    "score_deduction": 1,
    "source_file": "2026-2027-cz-car-hire-city-08.docx",
    "url": "https://www.skyscanner.cz/pronajem-auta-v/pronajem-auta-v-kefalonia/38310671.html",
    "candidate": "https://www.skyscanner.cz/pronajem-auta-v/pronajem-auta-v-kefalonia/38310671.html"
  },
  {
    "text": "V Řecku se jezdí vpravo, což ocení řidiči zvyklí na kontinentální provoz.",
    "issue": "A non-breaking space is required after a single-letter preposition ('V') according to Czech typographic rules. This pattern repeats with other single-letter words ('s', 'a', 'i') throughout the text.",
    "type_of_issue": "Punctuation/Spelling/Typos",
    "solution": "Insert a non-breaking space after the single-letter preposition 'V'.",
    "updated_sentence": "V Řecku se jezdí vpravo, což ocení řidiči zvyklí na kontinentální provoz.",
    "severity": "Minor",
    "score_deduction": 1,
    "source_file": "2026-2027-cz-car-hire-city-08.docx",
    "url": "https://www.skyscanner.cz/pronajem-auta-v/pronajem-auta-v-kefalonia/38310671.html",
    "candidate": "https://www.skyscanner.cz/pronajem-auta-v/pronajem-auta-v-kefalonia/38310671.html"
  },
  {
    "text": "Na dálnicích platí nejvyšší povolená rychlost 120 km/h, na rychlostních silnicích 90 km/h a stejný limit 90 km/h najdete i na silnicích mimo obec.",
    "issue": "A non-breaking space is required between a number and its unit ('120 km/h') according to Czech typographic rules. This pattern repeats for all other speed limits mentioned.",
    "type_of_issue": "Punctuation/Spelling/Typos",
    "solution": "Insert a non-breaking space between the number and the unit 'km/h'.",
    "updated_sentence": "Na dálnicích platí nejvyšší povolená rychlost 120 km/h, na rychlostních silnicích 90 km/h a stejný limit 90 km/h najdete i na silnicích mimo obec.",
    "severity": "Minor",
    "score_deduction": 1,
    "source_file": "2026-2027-cz-car-hire-city-08.docx",
    "url": "https://www.skyscanner.cz/pronajem-auta-v/pronajem-auta-v-kefalonia/38310671.html",
    "candidate": "https://www.skyscanner.cz/pronajem-auta-v/pronajem-auta-v-kefalonia/38310671.html"
  },
  {
    "text": "Půjčovny aut v Rimini nabízejí ceny už od 679 Kč/den, přičemž roční průměr se pohybuje kolem 1 507 Kč/den.",
    "issue": "A required non-breaking space is missing between the numbers and the currency unit 'Kč' in two instances, which violates Czech typographic rules.",
    "type_of_issue": "Punctuation/Spelling/Typos",
    "solution": "Insert a non-breaking space between '679' and 'Kč' and between '1 507' and 'Kč'.",
    "updated_sentence": "Půjčovny aut v Rimini nabízejí ceny už od 679 Kč/den, přičemž roční průměr se pohybuje kolem 1 507 Kč/den.",
    "severity": "Minor",
    "score_deduction": 1,
    "source_file": "2026-2027-cz-car-hire-city-09.docx",
    "url": "https://www.skyscanner.cz/pronajem-auta-v/pronajem-auta-v-rimini/27546187.html",
    "candidate": "https://www.skyscanner.cz/pronajem-auta-v/pronajem-auta-v-rimini/27546187.html"
  },
  {
    "text": "V Rimini patří mezi nejoblíbenější vozy model Fiat Panda, protože je malý, praktický a snadno se parkuje. Pokud hledáte právě tento model, nabízí ho společnost Last Minute Rent s manuální převodovkou od 731 Kč/den. Kdo dává přednost úspornějšímu vozu, může zvážit model Toyota Aygo od společnosti U-Save, rovněž s manuální převodovkou, od 679 Kč/den. Pro delší přejezdy po okolí se hodí automatická převodovka, kterou najdete třeba u modelu Toyota Yaris od společnosti U-Save od 699 Kč/den. Výběr tak zohledňuje jak velikost vozu, tak způsob řazení podle vašich plánů.",
    "issue": "A non-breaking space is required between a number and its unit according to Czech typographical rules. This error occurs in all three price mentions.",
    "type_of_issue": "Punctuation/Spelling/Typos",
    "solution": "Insert a non-breaking space between each number and the 'Kč/den' unit string.",
    "updated_sentence": "V Rimini patří mezi nejoblíbenější vozy model Fiat Panda, protože je malý, praktický a snadno se parkuje. Pokud hledáte právě tento model, nabízí ho společnost Last Minute Rent s manuální převodovkou od 731 Kč/den. Kdo dává přednost úspornějšímu vozu, může zvážit model Toyota Aygo od společnosti U-Save, rovněž s manuální převodovkou, od 679 Kč/den. Pro delší přejezdy po okolí se hodí automatická převodovka, kterou najdete třeba u modelu Toyota Yaris od společnosti U-Save od 699 Kč/den. Výběr tak zohledňuje jak velikost vozu, tak způsob řazení podle vašich plánů.",
    "severity": "Minor",
    "score_deduction": 1,
    "source_file": "2026-2027-cz-car-hire-city-09.docx",
    "url": "https://www.skyscanner.cz/pronajem-auta-v/pronajem-auta-v-rimini/27546187.html",
    "candidate": "https://www.skyscanner.cz/pronajem-auta-v/pronajem-auta-v-rimini/27546187.html"
  },
  {
    "text": "V Rimini si můžete vybrat z celkem šesti autopůjčoven. Nejoblíbenější z nich je společnost Last Minute Rent, mezi další patří společnost U-Save a společnost Noleggiare. Minimální věk pro pronájem vozu je 21 let, přičemž řada půjčoven účtuje řidičům mladším 25 let příplatek. Řídit smíte od 18 let. K zapůjčení vozu vždy potřebujete platný pas nebo občanský průkaz a platný řidičský průkaz. Držitelé řidičských oprávnění vydaných mimo EU a EHP musí ze zákona předložit také mezinárodní řidičský průkaz.",
    "issue": "Required non-breaking spaces are missing after single-letter prepositions (e.g., 'V', 'z', 'a', 'K'), which violates Czech typographic rules. This is a recurring pattern.",
    "type_of_issue": "Punctuation/Spelling/Typos",
    "solution": "Insert a non-breaking space after each single-letter preposition.",
    "updated_sentence": "V Rimini si můžete vybrat z celkem šesti autopůjčoven. Nejoblíbenější z nich je společnost Last Minute Rent, mezi další patří společnost U-Save a společnost Noleggiare. Minimální věk pro pronájem vozu je 21 let, přičemž řada půjčoven účtuje řidičům mladším 25 let příplatek. Řídit smíte od 18 let. K zapůjčení vozu vždy potřebujete platný pas nebo občanský průkaz a platný řidičský průkaz. Držitelé řidičských oprávnění vydaných mimo EU a EHP musí ze zákona předložit také mezinárodní řidičský průkaz.",
    "severity": "Minor",
    "score_deduction": 1,
    "source_file": "2026-2027-cz-car-hire-city-09.docx",
    "url": "https://www.skyscanner.cz/pronajem-auta-v/pronajem-auta-v-rimini/27546187.html",
    "candidate": "https://www.skyscanner.cz/pronajem-auta-v/pronajem-auta-v-rimini/27546187.html"
  },
  {
    "text": "V Itálii se jezdí vpravo, na což si dejte pozor hlavně první chvíle po převzetí vozu.",
    "issue": "A non-breaking space is required after a single-letter preposition ('V') according to Czech typographic rules. This pattern repeats with other single-letter prepositions ('v', 's') in the text.",
    "type_of_issue": "Punctuation/Spelling/Typos",
    "solution": "Replace the standard space after 'V' and other single-letter prepositions with a non-breaking space (NBSP).",
    "updated_sentence": "V Itálii se jezdí vpravo, na což si dejte pozor hlavně první chvíle po převzetí vozu.",
    "severity": "Minor",
    "score_deduction": 1,
    "source_file": "2026-2027-cz-car-hire-city-09.docx",
    "url": "https://www.skyscanner.cz/pronajem-auta-v/pronajem-auta-v-rimini/27546187.html",
    "candidate": "https://www.skyscanner.cz/pronajem-auta-v/pronajem-auta-v-rimini/27546187.html"
  },
  {
    "text": "Na dálnicích platí rychlostní limit 130 km/h, na rychlostních silnicích 110 km/h.",
    "issue": "A non-breaking space is required between a number and its unit ('130 km/h') according to Czech typographic rules. This pattern repeats multiple times in the paragraph.",
    "type_of_issue": "Punctuation/Spelling/Typos",
    "solution": "Replace the standard space between all numbers and the 'km/h' unit with a non-breaking space (NBSP).",
    "updated_sentence": "Na dálnicích platí rychlostní limit 130 km/h, na rychlostních silnicích 110 km/h.",
    "severity": "Minor",
    "score_deduction": 1,
    "source_file": "2026-2027-cz-car-hire-city-09.docx",
    "url": "https://www.skyscanner.cz/pronajem-auta-v/pronajem-auta-v-rimini/27546187.html",
    "candidate": "https://www.skyscanner.cz/pronajem-auta-v/pronajem-auta-v-rimini/27546187.html"
  },
  {
    "text": "Půjčovnu auta v Marbelle porovnáte podle několika kritérií a snadno tak najdete výhodnou nabídku.",
    "issue": "A non-breaking space is required after a single-letter preposition ('v') according to Czech typography rules.",
    "type_of_issue": "Punctuation/Spelling/Typos",
    "solution": "Insert a non-breaking space after the preposition 'v'.",
    "updated_sentence": "Půjčovnu auta v Marbelle porovnáte podle několika kritérií a snadno tak najdete výhodnou nabídku.",
    "severity": "Minor",
    "score_deduction": 1,
    "source_file": "2026-2027-cz-car-hire-city-09.docx",
    "url": "https://www.skyscanner.cz/pronajem-auta-v/pronajem-auta-v-marbella/29478374.html",
    "candidate": "https://www.skyscanner.cz/pronajem-auta-v/pronajem-auta-v-marbella/29478374.html"
  },
  {
    "text": "Nejnižší dostupná cena začíná na 555 Kč/den, zatímco roční průměr se pohybuje kolem 740 Kč/den.",
    "issue": "A non-breaking space is required between a number and its unit ('Kč') according to Czech typography rules.",
    "type_of_issue": "Punctuation/Spelling/Typos",
    "solution": "Insert a non-breaking space between the number and the unit 'Kč' in both instances.",
    "updated_sentence": "Nejnižší dostupná cena začíná na 555 Kč/den, zatímco roční průměr se pohybuje kolem 740 Kč/den.",
    "severity": "Minor",
    "score_deduction": 1,
    "source_file": "2026-2027-cz-car-hire-city-09.docx",
    "url": "https://www.skyscanner.cz/pronajem-auta-v/pronajem-auta-v-marbella/29478374.html",
    "candidate": "https://www.skyscanner.cz/pronajem-auta-v/pronajem-auta-v-marbella/29478374.html"
  },
  {
    "text": "Pokud dáváte přednost manuální převodovce, nabízí společnost Budget model Opel Corsa od 1 031 Kč/den.",
    "issue": "A non-breaking space is required between a number and the following unit/currency (\"Kč/den\") according to Czech typographical rules. This pattern repeats in similar sentences.",
    "type_of_issue": "Punctuation/Spelling/Typos",
    "solution": "Insert a non-breaking space between the number \"1 031\" and the unit \"Kč/den\".",
    "updated_sentence": "Pokud dáváte přednost manuální převodovce, nabízí společnost Budget model Opel Corsa od 1 031 Kč/den.",
    "severity": "Minor",
    "score_deduction": 1,
    "source_file": "2026-2027-cz-car-hire-city-09.docx",
    "url": "https://www.skyscanner.cz/pronajem-auta-v/pronajem-auta-v-marbella/29478374.html",
    "candidate": "https://www.skyscanner.cz/pronajem-auta-v/pronajem-auta-v-marbella/29478374.html"
  },
  {
    "text": "V Marbelle patří mezi nejoblíbenější vozy model Peugeot 208.",
    "issue": "A non-breaking space is required after a single-letter preposition ('V') according to Czech typographical rules. This pattern repeats throughout the text with other prepositions such as 's', 'v', 'o', and 'k'.",
    "type_of_issue": "Punctuation/Spelling/Typos",
    "solution": "Insert a non-breaking space after the single-letter preposition 'V'.",
    "updated_sentence": "V Marbelle patří mezi nejoblíbenější vozy model Peugeot 208.",
    "severity": "Minor",
    "score_deduction": 1,
    "source_file": "2026-2027-cz-car-hire-city-09.docx",
    "url": "https://www.skyscanner.cz/pronajem-auta-v/pronajem-auta-v-marbella/29478374.html",
    "candidate": "https://www.skyscanner.cz/pronajem-auta-v/pronajem-auta-v-marbella/29478374.html"
  },
  {
    "text": "Jako alternativu můžete zvolit vyzvednutí přímo ve městě, například u vlakového nádraží Malaga María Zambrano nebo stanice Los Boliches Train Station.",
    "issue": "The preposition 'u' is missing before the second item in the list ('stanice'), which breaks the required parallel grammatical structure.",
    "type_of_issue": "Grammar",
    "solution": "Add the preposition 'u' before 'stanice' to maintain parallelism with the preceding phrase 'u vlakového nádraží'.",
    "updated_sentence": "Jako alternativu můžete zvolit vyzvednutí přímo ve městě, například u vlakového nádraží Malaga María Zambrano nebo u stanice Los Boliches Train Station.",
    "severity": "Minor",
    "score_deduction": 1,
    "source_file": "2026-2027-cz-car-hire-city-09.docx",
    "url": "https://www.skyscanner.cz/pronajem-auta-v/pronajem-auta-v-marbella/29478374.html",
    "candidate": "https://www.skyscanner.cz/pronajem-auta-v/pronajem-auta-v-marbella/29478374.html"
  },
  {
    "text": "V Marbelle si můžete vybrat z celkem šesti půjčoven aut.",
    "issue": "A non-breaking space is required after a one-letter preposition according to Czech typography rules. This pattern repeats with 'K' later in the text.",
    "type_of_issue": "Punctuation/Spelling/Typos",
    "solution": "Insert a non-breaking space after the single-letter prepositions 'V' and 'z'.",
    "updated_sentence": "V Marbelle si můžete vybrat z celkem šesti půjčoven aut.",
    "severity": "Minor",
    "score_deduction": 1,
    "source_file": "2026-2027-cz-car-hire-city-09.docx",
    "url": "https://www.skyscanner.cz/pronajem-auta-v/pronajem-auta-v-marbella/29478374.html",
    "candidate": "https://www.skyscanner.cz/pronajem-auta-v/pronajem-auta-v-marbella/29478374.html"
  },
  {
    "text": "Vozidlo si můžete pronajmout od 21 let, přičemž řidiči mladší 25 let často platí příplatek za mladého řidiče.",
    "issue": "A non-breaking space is required between a number and its unit ('let') according to Czech typography rules. This pattern repeats in the following sentence.",
    "type_of_issue": "Punctuation/Spelling/Typos",
    "solution": "Insert a non-breaking space between the numbers (21, 25) and the word 'let'.",
    "updated_sentence": "Vozidlo si můžete pronajmout od 21 let, přičemž řidiči mladší 25 let často platí příplatek za mladého řidiče.",
    "severity": "Minor",
    "score_deduction": 1,
    "source_file": "2026-2027-cz-car-hire-city-09.docx",
    "url": "https://www.skyscanner.cz/pronajem-auta-v/pronajem-auta-v-marbella/29478374.html",
    "candidate": "https://www.skyscanner.cz/pronajem-auta-v/pronajem-auta-v-marbella/29478374.html"
  },
  {
    "text": "Na dálnicích platí nejvyšší povolená rychlost 120 km/h, na rychlostních silnicích 100 km/h.",
    "issue": "A non-breaking space is required between a number and its unit (km/h) per Czech typographic rules. This pattern repeats for all number-unit pairs in the text.",
    "type_of_issue": "Punctuation/Spelling/Typos",
    "solution": "Insert a non-breaking space between the number and the unit 'km/h' in all instances.",
    "updated_sentence": "Na dálnicích platí nejvyšší povolená rychlost 120 km/h, na rychlostních silnicích 100 km/h.",
    "severity": "Minor",
    "score_deduction": 1,
    "source_file": "2026-2027-cz-car-hire-city-09.docx",
    "url": "https://www.skyscanner.cz/pronajem-auta-v/pronajem-auta-v-marbella/29478374.html",
    "candidate": "https://www.skyscanner.cz/pronajem-auta-v/pronajem-auta-v-marbella/29478374.html"
  },
  {
    "text": "Půjčovné auta v Gdaňsku začíná na 452 Kč/den, přičemž roční průměr se pohybuje kolem 1 072 Kč/den.",
    "issue": "The phrase 'Půjčovné auta' is grammatically incorrect. It should either use the genitive case ('Půjčovné aut') or be rephrased for better style and glossary alignment.",
    "type_of_issue": "Grammar",
    "solution": "Replace 'Půjčovné auta' with 'Zapůjčení auta' to align with the glossary term for 'car hire' and improve grammatical correctness.",
    "updated_sentence": "Zapůjčení auta v Gdaňsku začíná na 452 Kč/den, přičemž roční průměr se pohybuje kolem 1 072 Kč/den.",
    "severity": "Minor",
    "score_deduction": 1,
    "source_file": "2026-2027-cz-car-hire-city-09.docx",
    "url": "https://www.skyscanner.cz/pronajem-auta-v/pronajem-auta-v-gdansk/27541787.html",
    "candidate": "https://www.skyscanner.cz/pronajem-auta-v/pronajem-auta-v-gdansk/27541787.html"
  },
  {
    "text": "Půjčovné auta v Gdaňsku začíná na 452 Kč/den, přičemž roční průměr se pohybuje kolem 1 072 Kč/den.",
    "issue": "A non-breaking space is required between numbers and their corresponding units (e.g., '452 Kč/den') as per Czech typographic rules. This pattern repeats in the text.",
    "type_of_issue": "Punctuation/Spelling/Typos",
    "solution": "Insert a non-breaking space between numbers and their subsequent units.",
    "updated_sentence": "Půjčovné auta v Gdaňsku začíná na 452 Kč/den, přičemž roční průměr se pohybuje kolem 1 072 Kč/den.",
    "severity": "Minor",
    "score_deduction": 1,
    "source_file": "2026-2027-cz-car-hire-city-09.docx",
    "url": "https://www.skyscanner.cz/pronajem-auta-v/pronajem-auta-v-gdansk/27541787.html",
    "candidate": "https://www.skyscanner.cz/pronajem-auta-v/pronajem-auta-v-gdansk/27541787.html"
  },
  {
    "text": "Půjčovné auta v Gdaňsku začíná na 452 Kč/den, přičemž roční průměr se pohybuje kolem 1 072 Kč/den.",
    "issue": "A non-breaking space is required after single-letter prepositions and conjunctions ('v', 'i') as per Czech typographic rules. This is a recurring pattern.",
    "type_of_issue": "Punctuation/Spelling/Typos",
    "solution": "Insert a non-breaking space after all single-letter prepositions and conjunctions.",
    "updated_sentence": "Půjčovné auta v Gdaňsku začíná na 452 Kč/den, přičemž roční průměr se pohybuje kolem 1 072 Kč/den.",
    "severity": "Minor",
    "score_deduction": 1,
    "source_file": "2026-2027-cz-car-hire-city-09.docx",
    "url": "https://www.skyscanner.cz/pronajem-auta-v/pronajem-auta-v-gdansk/27541787.html",
    "candidate": "https://www.skyscanner.cz/pronajem-auta-v/pronajem-auta-v-gdansk/27541787.html"
  },
  {
    "text": "Pokud hledáte podobný kompaktní vůz, společnost Flex To Go nabízí model Volkswagen Polo s manuální převodovkou od 463 Kč/den.",
    "issue": "A non-breaking space is required between the number and the currency/unit 'Kč/den' according to Czech typography rules. This pattern repeats with other prices in the text.",
    "type_of_issue": "Compliance",
    "solution": "Add a non-breaking space between the number and the unit, for example: '463 Kč/den'.",
    "updated_sentence": "Pokud hledáte podobný kompaktní vůz, společnost Flex To Go nabízí model Volkswagen Polo s manuální převodovkou od 463 Kč/den.",
    "severity": "Minor",
    "score_deduction": 1,
    "source_file": "2026-2027-cz-car-hire-city-09.docx",
    "url": "https://www.skyscanner.cz/pronajem-auta-v/pronajem-auta-v-gdansk/27541787.html",
    "candidate": "https://www.skyscanner.cz/pronajem-auta-v/pronajem-auta-v-gdansk/27541787.html"
  },
  {
    "text": "Jako alternativu můžete zvolit centrum města, konkrétně čtvrť Gdańsk Śródmieście, odkud je snadné dostat se do historického jádra i k dalším částem Gdaňsku.",
    "issue": "A non-breaking space is required after the single-letter preposition 'k' according to Czech typographic rules.",
    "type_of_issue": "Punctuation/Spelling/Typos",
    "solution": "Add a non-breaking space after 'k'.",
    "updated_sentence": "Jako alternativu můžete zvolit centrum města, konkrétně čtvrť Gdańsk Śródmieście, odkud je snadné dostat se do historického jádra i k dalším částem Gdaňsku.",
    "severity": "Minor",
    "score_deduction": 1,
    "source_file": "2026-2027-cz-car-hire-city-09.docx",
    "url": "https://www.skyscanner.cz/pronajem-auta-v/pronajem-auta-v-gdansk/27541787.html",
    "candidate": "https://www.skyscanner.cz/pronajem-auta-v/pronajem-auta-v-gdansk/27541787.html"
  },
  {
    "text": "Vyzvednutí na letišti bývá zpravidla levnější než v centru města, kde jsou sazby o něco vyšší.",
    "issue": "A non-breaking space is required after the single-letter preposition 'v' according to Czech typographic rules.",
    "type_of_issue": "Punctuation/Spelling/Typos",
    "solution": "Add a non-breaking space after 'v'.",
    "updated_sentence": "Vyzvednutí na letišti bývá zpravidla levnější než v centru města, kde jsou sazby o něco vyšší.",
    "severity": "Minor",
    "score_deduction": 1,
    "source_file": "2026-2027-cz-car-hire-city-09.docx",
    "url": "https://www.skyscanner.cz/pronajem-auta-v/pronajem-auta-v-gdansk/27541787.html",
    "candidate": "https://www.skyscanner.cz/pronajem-auta-v/pronajem-auta-v-gdansk/27541787.html"
  },
  {
    "text": "Vůz lze převzít také na několika dalších stanicích a v okrajových částech města, pokud vám to lépe vyhovuje.",
    "issue": "Non-breaking spaces are required after the single-letter conjunction 'a' and preposition 'v' according to Czech typographic rules.",
    "type_of_issue": "Punctuation/Spelling/Typos",
    "solution": "Add non-breaking spaces after 'a' and 'v'.",
    "updated_sentence": "Vůz lze převzít také na několika dalších stanicích a v okrajových částech města, pokud vám to lépe vyhovuje.",
    "severity": "Minor",
    "score_deduction": 1,
    "source_file": "2026-2027-cz-car-hire-city-09.docx",
    "url": "https://www.skyscanner.cz/pronajem-auta-v/pronajem-auta-v-gdansk/27541787.html",
    "candidate": "https://www.skyscanner.cz/pronajem-auta-v/pronajem-auta-v-gdansk/27541787.html"
  },
  {
    "text": "Mezi nejčastěji využívané patří společnost Flex To Go, společnost Enterprise a společnost Express, přičemž největší oblibě se těší společnost Flex To Go.",
    "issue": "The word \"společnost\" (company) is repeated unnecessarily four times, which is stylistically poor and unnatural in Czech.",
    "type_of_issue": "Style",
    "solution": "Remove the redundant repetitions of \"společnost\" to improve the natural flow of the sentence.",
    "updated_sentence": "Mezi nejčastěji využívané patří Flex To Go, Enterprise a Express, přičemž největší oblibě se těší Flex To Go.",
    "severity": "Minor",
    "score_deduction": 1,
    "source_file": "2026-2027-cz-car-hire-city-09.docx",
    "url": "https://www.skyscanner.cz/pronajem-auta-v/pronajem-auta-v-gdansk/27541787.html",
    "candidate": "https://www.skyscanner.cz/pronajem-auta-v/pronajem-auta-v-gdansk/27541787.html"
  },
  {
    "text": "Na dálnicích platí nejvyšší povolená rychlost 140 km/h, na rychlostních silnicích 120 km/h.",
    "issue": "Czech typographic rules are not followed; non-breaking spaces are missing between numbers and units (e.g., '140 km/h') and after single-letter prepositions (e.g., 'v', 'z', 's'). This pattern repeats throughout the text.",
    "type_of_issue": "Punctuation/Spelling/Typos",
    "solution": "Insert non-breaking spaces between numbers and units and after single-letter prepositions as required by Czech orthography.",
    "updated_sentence": "Na dálnicích platí nejvyšší povolená rychlost 140 km/h, na rychlostních silnicích 120 km/h.",
    "severity": "Minor",
    "score_deduction": 1,
    "source_file": "2026-2027-cz-car-hire-city-09.docx",
    "url": "https://www.skyscanner.cz/pronajem-auta-v/pronajem-auta-v-gdansk/27541787.html",
    "candidate": "https://www.skyscanner.cz/pronajem-auta-v/pronajem-auta-v-gdansk/27541787.html"
  },
  {
    "text": "Půjčovné auta v Sarajevu začíná na 592 Kč/den, přičemž roční průměr se pohybuje kolem 948 Kč/den.",
    "issue": "The text consistently omits required non-breaking spaces, both between numbers and units (e.g., '592 Kč') and after single-letter prepositions (e.g., 'v Sarajevu'), which violates Czech typographic rules.",
    "type_of_issue": "Punctuation/Spelling/Typos",
    "solution": "Insert non-breaking spaces where required by Czech typography: between numbers and units, and after single-letter prepositions like 'v' and 'k'.",
    "updated_sentence": "Půjčovné auta v Sarajevu začíná na 592 Kč/den, přičemž roční průměr se pohybuje kolem 948 Kč/den.",
    "severity": "Minor",
    "score_deduction": 1,
    "source_file": "2026-2027-cz-car-hire-city-09.docx",
    "url": "https://www.skyscanner.cz/pronajem-auta-v/pronajem-auta-v-sarajevo/27546359.html",
    "candidate": "https://www.skyscanner.cz/pronajem-auta-v/pronajem-auta-v-sarajevo/27546359.html"
  },
  {
    "text": "Prostornější variantu představuje model Skoda Scala, rovněž s manuálem, u téže společnosti Payless od 615 Kč/den.",
    "issue": "The proper brand name 'Škoda' is misspelled without the required diacritic.",
    "type_of_issue": "Compliance",
    "solution": "Add the diacritic to spell the brand name correctly as 'Škoda'.",
    "updated_sentence": "Prostornější variantu představuje model Škoda Scala, rovněž s manuálem, u téže společnosti Payless od 615 Kč/den.",
    "severity": "Minor",
    "score_deduction": 1,
    "source_file": "2026-2027-cz-car-hire-city-09.docx",
    "url": "https://www.skyscanner.cz/pronajem-auta-v/pronajem-auta-v-sarajevo/27546359.html",
    "candidate": "https://www.skyscanner.cz/pronajem-auta-v/pronajem-auta-v-sarajevo/27546359.html"
  },
  {
    "text": "Kdo dává přednost automatické převodovce a více místům k sezení, může sáhnout po modelu Audi Q3 s automatem u společnosti 387rentacar od 1 556 Kč/den.",
    "issue": "Systematic violation of Czech typographic rules: non-breaking spaces are missing after single-letter words, between numbers and units, and as a thousands separator. This pattern repeats throughout the text.",
    "type_of_issue": "Punctuation/Spelling/Typos",
    "solution": "Insert non-breaking spaces where required by Czech typography.",
    "updated_sentence": "Kdo dává přednost automatické převodovce a více místům k sezení, může sáhnout po modelu Audi Q3 s automatem u společnosti 387rentacar od 1 556 Kč/den.",
    "severity": "Minor",
    "score_deduction": 1,
    "source_file": "2026-2027-cz-car-hire-city-09.docx",
    "url": "https://www.skyscanner.cz/pronajem-auta-v/pronajem-auta-v-sarajevo/27546359.html",
    "candidate": "https://www.skyscanner.cz/pronajem-auta-v/pronajem-auta-v-sarajevo/27546359.html"
  },
  {
    "text": "Vůz si v Sarajevu můžete vyzvednout přímo na letišti Sarajevo, kde půjčovny sídlí u odbavovacích terminálů. Druhou možností je vyzvednutí přímo ve městě, kde najdete řadu poboček v centru i v okolních čtvrtích. Ceny za vyzvednutí na letišti a v centru města bývají zhruba srovnatelné, takže rozhodujícím faktorem může být spíše dostupnost a vaše cesta z místa příletu. Obě varianty pokrývají široký výběr vozidel a jsou dobře napojené na hlavní dopravní tepny.",
    "issue": "Single-letter prepositions and conjunctions (v, u, z, a, i) are not followed by a required non-breaking space, which violates Czech typographical rules.",
    "type_of_issue": "Punctuation/Spelling/Typos",
    "solution": "Insert a non-breaking space after each single-letter preposition and conjunction to prevent it from being orphaned at the end of a line.",
    "updated_sentence": "Vůz si v Sarajevu můžete vyzvednout přímo na letišti Sarajevo, kde půjčovny sídlí u odbavovacích terminálů. Druhou možností je vyzvednutí přímo ve městě, kde najdete řadu poboček v centru i v okolních čtvrtích. Ceny za vyzvednutí na letišti a v centru města bývají zhruba srovnatelné, takže rozhodujícím faktorem může být spíše dostupnost a vaše cesta z místa příletu. Obě varianty pokrývají široký výběr vozidel a jsou dobře napojené na hlavní dopravní tepny.",
    "severity": "Minor",
    "score_deduction": 1,
    "source_file": "2026-2027-cz-car-hire-city-09.docx",
    "url": "https://www.skyscanner.cz/pronajem-auta-v/pronajem-auta-v-sarajevo/27546359.html",
    "candidate": "https://www.skyscanner.cz/pronajem-auta-v/pronajem-auta-v-sarajevo/27546359.html"
  },
  {
    "text": "V Sarajevu si můžete vybrat z celkem 6 poskytovatelů půjčoven aut. Nejoblíbenější je společnost 387rentacar, k dalším často využívaným patří společnosti Flex To Go a ABBYCAR.",
    "issue": "Missing non-breaking spaces as required by Czech typographic rules (e.g., between a number and a noun, and after a single-letter preposition). This pattern repeats throughout the text.",
    "type_of_issue": "Punctuation/Spelling/Typos",
    "solution": "Insert non-breaking spaces where required by Czech typography, such as between '6' and 'poskytovatelů' and after the preposition 'k'. Apply this fix to all similar instances (e.g., '21 let', '25 let').",
    "updated_sentence": "V Sarajevu si můžete vybrat z celkem 6 poskytovatelů půjčoven aut. Nejoblíbenější je společnost 387rentacar, k dalším často využívaným patří společnosti Flex To Go a ABBYCAR.",
    "severity": "Minor",
    "score_deduction": 1,
    "source_file": "2026-2027-cz-car-hire-city-09.docx",
    "url": "https://www.skyscanner.cz/pronajem-auta-v/pronajem-auta-v-sarajevo/27546359.html",
    "candidate": "https://www.skyscanner.cz/pronajem-auta-v/pronajem-auta-v-sarajevo/27546359.html"
  },
  {
    "text": "Na dálnicích platí nejvyšší povolená rychlost 130 km/h, na rychlostních silnicích 100 km/h. Na silnicích mimo obec můžete jet až 80 km/h, v obcích a na ostatních komunikacích je limit 50 km/h.",
    "issue": "A non-breaking space is required between a number and its unit ('km/h') according to Czech typographic rules. This pattern repeats throughout the text.",
    "type_of_issue": "Punctuation/Spelling/Typos",
    "solution": "Insert a non-breaking space between all numbers and the 'km/h' unit.",
    "updated_sentence": "Na dálnicích platí nejvyšší povolená rychlost 130 km/h, na rychlostních silnicích 100 km/h. Na silnicích mimo obec můžete jet až 80 km/h, v obcích a na ostatních komunikacích je limit 50 km/h.",
    "severity": "Minor",
    "score_deduction": 1,
    "source_file": "2026-2027-cz-car-hire-city-09.docx",
    "url": "https://www.skyscanner.cz/pronajem-auta-v/pronajem-auta-v-sarajevo/27546359.html",
    "candidate": "https://www.skyscanner.cz/pronajem-auta-v/pronajem-auta-v-sarajevo/27546359.html"
  },
  {
    "text": "Půjčení auta v Torontu začíná na 392 Kč/den, přičemž roční průměr se pohybuje kolem 1 914 Kč/den.",
    "issue": "The price is stated in Czech Koruna (Kč) for a service in Toronto, Canada. The local currency, Canadian Dollar (CAD), must be used as the primary currency.",
    "type_of_issue": "Accuracy",
    "solution": "Change the primary currency from Czech Koruna (Kč) to the local Canadian Dollar (CAD) by converting the existing values. The original values in Kč can be kept as a secondary, approximate reference.",
    "updated_sentence": "Půjčení auta v Torontu začíná na 23 CAD/den (přibližně 392 Kč), přičemž roční průměr se pohybuje kolem 112 CAD/den (přibližně 1 914 Kč).",
    "severity": "Major",
    "score_deduction": 3,
    "source_file": "2026-2027-cz-car-hire-city-09.docx",
    "url": "https://www.skyscanner.cz/pronajem-auta-v/pronajem-auta-v-toronto/27536640.html",
    "candidate": "https://www.skyscanner.cz/pronajem-auta-v/pronajem-auta-v-toronto/27536640.html"
  },
  {
    "text": "Ceny se během roku mění a nejvýhodnější bývá pronájem v říjnu, kdy náklady obvykle klesají pod běžnou úroveň.",
    "issue": "The sentence violates Czech typographical rules by omitting a required non-breaking space after the single-letter preposition 'v'.",
    "type_of_issue": "Punctuation/Spelling/Typos",
    "solution": "Insert a non-breaking space after the preposition 'v' according to Czech typographic conventions.",
    "updated_sentence": "Ceny se během roku mění a nejvýhodnější bývá pronájem v říjnu, kdy náklady obvykle klesají pod běžnou úroveň.",
    "severity": "Minor",
    "score_deduction": 1,
    "source_file": "2026-2027-cz-car-hire-city-09.docx",
    "url": "https://www.skyscanner.cz/pronajem-auta-v/pronajem-auta-v-toronto/27536640.html",
    "candidate": "https://www.skyscanner.cz/pronajem-auta-v/pronajem-auta-v-toronto/27536640.html"
  },
  {
    "text": "Pro převoz nákladu se hodí model Dodge Sprinter 2500 Cargo od společnosti Routes Car Rental s automatickou převodovkou od 392 Kč/den.",
    "issue": "Incorrect currency (Kč) is used for a service located in Toronto, Canada. This error pattern repeats for all prices mentioned.",
    "type_of_issue": "Accuracy",
    "solution": "Replace the currency 'Kč' with the symbol for Canadian Dollars ('$') for all prices.",
    "updated_sentence": "Pro převoz nákladu se hodí model Dodge Sprinter 2500 Cargo od společnosti Routes Car Rental s automatickou převodovkou od 392 $/den.",
    "severity": "Major",
    "score_deduction": 3,
    "source_file": "2026-2027-cz-car-hire-city-09.docx",
    "url": "https://www.skyscanner.cz/pronajem-auta-v/pronajem-auta-v-toronto/27536640.html",
    "candidate": "https://www.skyscanner.cz/pronajem-auta-v/pronajem-auta-v-toronto/27536640.html"
  },
  {
    "text": "U stejného poskytovatele najdete také model Ford E-350 Cargo s automatem od 497 Kč/den.",
    "issue": "A required non-breaking space is missing between the number and the currency unit, as per Czech typographical rules. This error pattern repeats for all prices mentioned.",
    "type_of_issue": "Punctuation/Spelling/Typos",
    "solution": "Insert a non-breaking space between all numbers and their corresponding currency units (e.g., '497 $').",
    "updated_sentence": "U stejného poskytovatele najdete také model Ford E-350 Cargo s automatem od 497 $/den.",
    "severity": "Minor",
    "score_deduction": 1,
    "source_file": "2026-2027-cz-car-hire-city-09.docx",
    "url": "https://www.skyscanner.cz/pronajem-auta-v/pronajem-auta-v-toronto/27536640.html",
    "candidate": "https://www.skyscanner.cz/pronajem-auta-v/pronajem-auta-v-toronto/27536640.html"
  },
  {
    "text": "Alternativou je centrum města, konkrétně čtvrť Old Toronto, odkud se snadno dostanete k dalším částem metropole.",
    "issue": "A non-breaking space is required after the single-letter preposition 'k' according to Czech typographic rules, but a regular space was used.",
    "type_of_issue": "Punctuation/Spelling/Typos",
    "solution": "Replace the regular space after the preposition 'k' with a non-breaking space.",
    "updated_sentence": "Alternativou je centrum města, konkrétně čtvrť Old Toronto, odkud se snadno dostanete k dalším částem metropole.",
    "severity": "Minor",
    "score_deduction": 1,
    "source_file": "2026-2027-cz-car-hire-city-09.docx",
    "url": "https://www.skyscanner.cz/pronajem-auta-v/pronajem-auta-v-toronto/27536640.html",
    "candidate": "https://www.skyscanner.cz/pronajem-auta-v/pronajem-auta-v-toronto/27536640.html"
  },
  {
    "text": "Ceny za vyzvednutí na letišti bývají zpravidla nižší než v centru, takže z tohoto pohledu představuje letiště výhodnou volbu.",
    "issue": "A non-breaking space is required after the single-letter preposition 'z' according to Czech typographic rules, but a regular space was used.",
    "type_of_issue": "Punctuation/Spelling/Typos",
    "solution": "Replace the regular space after the preposition 'z' with a non-breaking space.",
    "updated_sentence": "Ceny za vyzvednutí na letišti bývají zpravidla nižší než v centru, takže z tohoto pohledu představuje letiště výhodnou volbu.",
    "severity": "Minor",
    "score_deduction": 1,
    "source_file": "2026-2027-cz-car-hire-city-09.docx",
    "url": "https://www.skyscanner.cz/pronajem-auta-v/pronajem-auta-v-toronto/27536640.html",
    "candidate": "https://www.skyscanner.cz/pronajem-auta-v/pronajem-auta-v-toronto/27536640.html"
  },
  {
    "text": "Vybírat můžete i v okolních oblastech jako Kensington-Chinatown, University nebo Wellington Place, které pokrývají různé části města a rozšiřují vaše možnosti.",
    "issue": "A non-breaking space is required after the single-letter preposition 'v' according to Czech typographic rules, but a regular space was used.",
    "type_of_issue": "Punctuation/Spelling/Typos",
    "solution": "Replace the regular space after the preposition 'v' with a non-breaking space.",
    "updated_sentence": "Vybírat můžete i v okolních oblastech jako Kensington-Chinatown, University nebo Wellington Place, které pokrývají různé části města a rozšiřují vaše možnosti.",
    "severity": "Minor",
    "score_deduction": 1,
    "source_file": "2026-2027-cz-car-hire-city-09.docx",
    "url": "https://www.skyscanner.cz/pronajem-auta-v/pronajem-auta-v-toronto/27536640.html",
    "candidate": "https://www.skyscanner.cz/pronajem-auta-v/pronajem-auta-v-toronto/27536640.html"
  },
  {
    "text": "V Torontu si můžete vybrat z šesti společností nabízejících půjčení vozu.",
    "issue": "A non-breaking space is required after single-letter prepositions per Czech typographic rules. This error pattern repeats throughout the text with prepositions like 'z', 'a', 'u', 's', and 'v'.",
    "type_of_issue": "Punctuation/Spelling/Typos",
    "solution": "Insert a non-breaking space after all single-letter prepositions.",
    "updated_sentence": "V Torontu si můžete vybrat z šesti společností nabízejících půjčení vozu.",
    "severity": "Minor",
    "score_deduction": 1,
    "source_file": "2026-2027-cz-car-hire-city-09.docx",
    "url": "https://www.skyscanner.cz/pronajem-auta-v/pronajem-auta-v-toronto/27536640.html",
    "candidate": "https://www.skyscanner.cz/pronajem-auta-v/pronajem-auta-v-toronto/27536640.html"
  },
  {
    "text": "Minimální věk pro pronájem je 21 let, mnoho poskytovatelů však u řidičů mladších 25 let účtuje příplatek.",
    "issue": "A non-breaking space is required between a number and its following unit ('let') per Czech typographic rules.",
    "type_of_issue": "Punctuation/Spelling/Typos",
    "solution": "Insert a non-breaking space between the numbers and the unit 'let'.",
    "updated_sentence": "Minimální věk pro pronájem je 21 let, mnoho poskytovatelů však u řidičů mladších 25 let účtuje příplatek.",
    "severity": "Minor",
    "score_deduction": 1,
    "source_file": "2026-2027-cz-car-hire-city-09.docx",
    "url": "https://www.skyscanner.cz/pronajem-auta-v/pronajem-auta-v-toronto/27536640.html",
    "candidate": "https://www.skyscanner.cz/pronajem-auta-v/pronajem-auta-v-toronto/27536640.html"
  },
  {
    "text": "Na dálnicích a rychlostních silnicích platí limit 100–120 km/h.",
    "issue": "A non-breaking space is required between a number and its unit (km/h) according to Czech typographic rules. This pattern repeats in the following sentence.",
    "type_of_issue": "Punctuation/Spelling/Typos",
    "solution": "Insert a non-breaking space between the numbers and the unit 'km/h'.",
    "updated_sentence": "Na dálnicích a rychlostních silnicích platí limit 100–120 km/h.",
    "severity": "Minor",
    "score_deduction": 1,
    "source_file": "2026-2027-cz-car-hire-city-09.docx",
    "url": "https://www.skyscanner.cz/pronajem-auta-v/pronajem-auta-v-toronto/27536640.html",
    "candidate": "https://www.skyscanner.cz/pronajem-auta-v/pronajem-auta-v-toronto/27536640.html"
  },
  {
    "text": "Půjčení auta v Helsinkách začíná na 911 Kč/den, zatímco roční průměr se pohybuje kolem 1 507 Kč/den.",
    "issue": "A non-breaking space is required after a single-letter preposition ('v'), between a number and its unit ('911 Kč', '1 507 Kč'), and as a thousands separator ('1 507') per Czech typographic rules.",
    "type_of_issue": "Punctuation/Spelling/Typos",
    "solution": "Insert non-breaking spaces after the preposition 'v', before the currency unit 'Kč', and within the number '1 507'.",
    "updated_sentence": "Půjčení auta v Helsinkách začíná na 911 Kč/den, zatímco roční průměr se pohybuje kolem 1 507 Kč/den.",
    "severity": "Minor",
    "score_deduction": 1,
    "source_file": "2026-2027-cz-car-hire-city-09.docx",
    "url": "https://www.skyscanner.cz/pronajem-auta-v/pronajem-auta-v-helsinky/27542027.html",
    "candidate": "https://www.skyscanner.cz/pronajem-auta-v/pronajem-auta-v-helsinky/27542027.html"
  },
  {
    "text": "Rezervaci je dobré provést 4 týdny předem, což pomáhá zajistit nižší sazby.",
    "issue": "A non-breaking space is required between a number and its unit ('4 týdny') according to Czech typographic rules.",
    "type_of_issue": "Punctuation/Spelling/Typos",
    "solution": "Insert a non-breaking space between '4' and 'týdny'.",
    "updated_sentence": "Rezervaci je dobré provést 4 týdny předem, což pomáhá zajistit nižší sazby.",
    "severity": "Minor",
    "score_deduction": 1,
    "source_file": "2026-2027-cz-car-hire-city-09.docx",
    "url": "https://www.skyscanner.cz/pronajem-auta-v/pronajem-auta-v-helsinky/27542027.html",
    "candidate": "https://www.skyscanner.cz/pronajem-auta-v/pronajem-auta-v-helsinky/27542027.html"
  },
  {
    "text": "Ceny se mění podle sezóny i poptávky, takže flexibilita v termínu vyzvednutí může vést k úsporám.",
    "issue": "A non-breaking space is required after single-letter prepositions ('v', 'k') according to Czech typographic rules.",
    "type_of_issue": "Punctuation/Spelling/Typos",
    "solution": "Insert non-breaking spaces after the prepositions 'v' and 'k'.",
    "updated_sentence": "Ceny se mění podle sezóny i poptávky, takže flexibilita v termínu vyzvednutí může vést k úsporám.",
    "severity": "Minor",
    "score_deduction": 1,
    "source_file": "2026-2027-cz-car-hire-city-09.docx",
    "url": "https://www.skyscanner.cz/pronajem-auta-v/pronajem-auta-v-helsinky/27542027.html",
    "candidate": "https://www.skyscanner.cz/pronajem-auta-v/pronajem-auta-v-helsinky/27542027.html"
  },
  {
    "text": "Pro cesty mimo město se hodí model Nissan Qashqai s manuální převodovkou, dostupný u společnosti addCar od 1 055 Kč/den.",
    "issue": "Missing non-breaking spaces as required by Czech typography after single-letter prepositions ('s', 'u'), as a thousands separator, and between a number and its unit. This is a recurring pattern in the text.",
    "type_of_issue": "Punctuation/Spelling/Typos",
    "solution": "Insert non-breaking spaces in all required locations: after 's' and 'u', between '1' and '055', and between '1 055' and 'Kč'.",
    "updated_sentence": "Pro cesty mimo město se hodí model Nissan Qashqai s manuální převodovkou, dostupný u společnosti addCar od 1 055 Kč/den.",
    "severity": "Minor",
    "score_deduction": 1,
    "source_file": "2026-2027-cz-car-hire-city-09.docx",
    "url": "https://www.skyscanner.cz/pronajem-auta-v/pronajem-auta-v-helsinky/27542027.html",
    "candidate": "https://www.skyscanner.cz/pronajem-auta-v/pronajem-auta-v-helsinky/27542027.html"
  },
  {
    "text": "Vůz si v Helsinkách vyzvednete přímo na letišti Helsinki Vantaa, které patří k nejčastěji využívaným místům pro převzetí. Jako alternativu můžete zvolit centrální čtvrť Kamppi, odkud se snadno dostanete do dalších částí města. K dispozici jsou i další lokality, například Kaartinkaupunki, Kluuvi nebo Ullanlinna. Vyzvednutí na letišti bývá cenově srovnatelné s převzetím v centru města, takže rozhodovat se můžete podle toho, kde vám bude start cesty nejlépe vyhovovat.",
    "issue": "A non-breaking space is missing after single-letter prepositions ('v', 's'), which is a requirement of Czech typography.",
    "type_of_issue": "Punctuation/Spelling/Typos",
    "solution": "Insert a non-breaking space after each single-letter preposition (e.g., 'v ', 's ').",
    "updated_sentence": "Vůz si v Helsinkách vyzvednete přímo na letišti Helsinki Vantaa, které patří k nejčastěji využívaným místům pro převzetí. Jako alternativu můžete zvolit centrální čtvrť Kamppi, odkud se snadno dostanete do dalších částí města. K dispozici jsou i další lokality, například Kaartinkaupunki, Kluuvi nebo Ullanlinna. Vyzvednutí na letišti bývá cenově srovnatelné s převzetím v centru města, takže rozhodovat se můžete podle toho, kde vám bude start cesty nejlépe vyhovovat.",
    "severity": "Minor",
    "score_deduction": 1,
    "source_file": "2026-2027-cz-car-hire-city-09.docx",
    "url": "https://www.skyscanner.cz/pronajem-auta-v/pronajem-auta-v-helsinky/27542027.html",
    "candidate": "https://www.skyscanner.cz/pronajem-auta-v/pronajem-auta-v-helsinky/27542027.html"
  },
  {
    "text": "V Helsinkách si můžete vybrat z celkem šesti půjčoven aut. Mezi nejoblíbenější patří společnost Auto-Union, společnost Sixt a společnost addCar, přičemž nejvyhledávanější je společnost Auto-Union. Minimální věk pro zapůjčení vozu je 21 let, mnoho poskytovatelů však u řidičů mladších 25 let účtuje příplatek za mladého řidiče. Minimální věk pro řízení je 18 let. K zapůjčení vozu vždy potřebujete platný cestovní pas nebo občanský průkaz a řidičský průkaz. Mezinárodní řidičský průkaz je navíc vyžadován u řidičských oprávnění mimo EU, která nejsou v angličtině, finštině či švédštině nebo jsou vydána v jiné než latinské abecedě.",
    "issue": "Required non-breaking spaces are missing throughout the text after single-letter prepositions (e.g., 'V', 'z', 'u', 'K', 'a') and between numbers and units (e.g., '21 let'), violating Czech typographic rules.",
    "type_of_issue": "Punctuation/Spelling/Typos",
    "solution": "Insert a non-breaking space after each single-letter preposition and between all numbers and their subsequent units.",
    "updated_sentence": "V Helsinkách si můžete vybrat z celkem šesti půjčoven aut. Mezi nejoblíbenější patří společnost Auto-Union, společnost Sixt a společnost addCar, přičemž nejvyhledávanější je společnost Auto-Union. Minimální věk pro zapůjčení vozu je 21 let, mnoho poskytovatelů však u řidičů mladších 25 let účtuje příplatek za mladého řidiče. Minimální věk pro řízení je 18 let. K zapůjčení vozu vždy potřebujete platný cestovní pas nebo občanský průkaz a řidičský průkaz. Mezinárodní řidičský průkaz je navíc vyžadován u řidičských oprávnění mimo EU, která nejsou v angličtině, finštině či švédštině nebo jsou vydána v jiné než latinské abecedě.",
    "severity": "Minor",
    "score_deduction": 1,
    "source_file": "2026-2027-cz-car-hire-city-09.docx",
    "url": "https://www.skyscanner.cz/pronajem-auta-v/pronajem-auta-v-helsinky/27542027.html",
    "candidate": "https://www.skyscanner.cz/pronajem-auta-v/pronajem-auta-v-helsinky/27542027.html"
  },
  {
    "text": "Na silnicích mimo obce platí obvykle 80 km/h, v obcích a na ostatních komunikacích 50 km/h.",
    "issue": "Violates Czech typographic rules by omitting required non-breaking spaces between numbers and units (e.g., '80 km/h') and after a single-letter preposition ('v'). This pattern is repeated throughout the text.",
    "type_of_issue": "Punctuation/Spelling/Typos",
    "solution": "Insert non-breaking spaces between numbers and their units, and after single-letter prepositions, as required by Czech conventions.",
    "updated_sentence": "Na silnicích mimo obce platí obvykle 80 km/h, v obcích a na ostatních komunikacích 50 km/h.",
    "severity": "Minor",
    "score_deduction": 1,
    "source_file": "2026-2027-cz-car-hire-city-09.docx",
    "url": "https://www.skyscanner.cz/pronajem-auta-v/pronajem-auta-v-helsinky/27542027.html",
    "candidate": "https://www.skyscanner.cz/pronajem-auta-v/pronajem-auta-v-helsinky/27542027.html"
  },
  {
    "text": "Pronájem auta v Janově začíná na 669 Kč/den, zatímco roční průměr se pohybuje kolem 1 194 Kč/den.",
    "issue": "Czech typography requires a non-breaking space for thousand separators and between a number and its unit. This rule was violated in '669 Kč', '1 194 Kč', and '1 týden'.",
    "type_of_issue": "Punctuation/Spelling/Typos",
    "solution": "Replace the regular spaces with non-breaking spaces where required by Czech typographic rules.",
    "updated_sentence": "Pronájem auta v Janově začíná na 669 Kč/den, zatímco roční průměr se pohybuje kolem 1 194 Kč/den.",
    "severity": "Minor",
    "score_deduction": 1,
    "source_file": "2026-2027-cz-car-hire-city-09.docx",
    "url": "https://www.skyscanner.cz/pronajem-auta-v/pronajem-auta-v-janov/27541884.html",
    "candidate": "https://www.skyscanner.cz/pronajem-auta-v/pronajem-auta-v-janov/27541884.html"
  },
  {
    "text": "Podobnou volbou je model Opel Astra od společnosti ecovia s manuální převodovkou od 713 Kč/den.",
    "issue": "The brand name 'ecovia' is incorrectly capitalized; as a proper noun, it should begin with a capital letter.",
    "type_of_issue": "Compliance",
    "solution": "Capitalize the brand name 'ecovia' to 'Ecovia'.",
    "updated_sentence": "Podobnou volbou je model Opel Astra od společnosti Ecovia s manuální převodovkou od 713 Kč/den.",
    "severity": "Minor",
    "score_deduction": 1,
    "source_file": "2026-2027-cz-car-hire-city-09.docx",
    "url": "https://www.skyscanner.cz/pronajem-auta-v/pronajem-auta-v-janov/27541884.html",
    "candidate": "https://www.skyscanner.cz/pronajem-auta-v/pronajem-auta-v-janov/27541884.html"
  },
  {
    "text": "Vůz si v Janově nejčastěji vyzvednete přímo na letišti Janov Letiště, kde je nabídka autopůjčoven nejširší.",
    "issue": "The phrase 'na letišti Janov Letiště' is redundant, as it duplicates the word for 'airport' ('letiště').",
    "type_of_issue": "Compliance",
    "solution": "Remove the redundant 'Letiště' from the proper name to read 'na letišti Janov'.",
    "updated_sentence": "Vůz si v Janově nejčastěji vyzvednete přímo na letišti Janov, kde je nabídka autopůjčoven nejširší.",
    "severity": "Minor",
    "score_deduction": 1,
    "source_file": "2026-2027-cz-car-hire-city-09.docx",
    "url": "https://www.skyscanner.cz/pronajem-auta-v/pronajem-auta-v-janov/27541884.html",
    "candidate": "https://www.skyscanner.cz/pronajem-auta-v/pronajem-auta-v-janov/27541884.html"
  },
  {
    "text": "Nejoblíbenější je společnost ecovia, mezi další patří společnost Noleggiare a společnost Budget.",
    "issue": "The brand name 'ecovia' is not capitalized correctly as a proper noun.",
    "type_of_issue": "Compliance",
    "solution": "Capitalize the brand name 'ecovia' to 'Ecovia'.",
    "updated_sentence": "Nejoblíbenější je společnost Ecovia, mezi další patří společnost Noleggiare a společnost Budget.",
    "severity": "Minor",
    "score_deduction": 1,
    "source_file": "2026-2027-cz-car-hire-city-09.docx",
    "url": "https://www.skyscanner.cz/pronajem-auta-v/pronajem-auta-v-janov/27541884.html",
    "candidate": "https://www.skyscanner.cz/pronajem-auta-v/pronajem-auta-v-janov/27541884.html"
  },
  {
    "text": "K dispozici je také společnost Keddy By Europcar, společnost Sicily by Car a společnost Europcar.",
    "issue": "The preposition 'By' within the brand name 'Keddy By Europcar' is incorrectly capitalized.",
    "type_of_issue": "Compliance",
    "solution": "Change 'By' to lowercase 'by' according to standard title case conventions for brand names.",
    "updated_sentence": "K dispozici je také společnost Keddy by Europcar, společnost Sicily by Car a společnost Europcar.",
    "severity": "Minor",
    "score_deduction": 1,
    "source_file": "2026-2027-cz-car-hire-city-09.docx",
    "url": "https://www.skyscanner.cz/pronajem-auta-v/pronajem-auta-v-janov/27541884.html",
    "candidate": "https://www.skyscanner.cz/pronajem-auta-v/pronajem-auta-v-janov/27541884.html"
  },
  {
    "text": "V Itálii se jezdí vpravo, na což je dobré myslet zejména na křižovatkách a při předjíždění.",
    "issue": "A non-breaking space is required after a single-letter preposition ('V') at the beginning of a line, as per Czech typographical rules.",
    "type_of_issue": "Punctuation/Spelling/Typos",
    "solution": "Insert a non-breaking space after the preposition 'V'.",
    "updated_sentence": "V Itálii se jezdí vpravo, na což je dobré myslet zejména na křižovatkách a při předjíždění.",
    "severity": "Minor",
    "score_deduction": 1,
    "source_file": "2026-2027-cz-car-hire-city-09.docx",
    "url": "https://www.skyscanner.cz/pronajem-auta-v/pronajem-auta-v-janov/27541884.html",
    "candidate": "https://www.skyscanner.cz/pronajem-auta-v/pronajem-auta-v-janov/27541884.html"
  },
  {
    "text": "Na dálnicích platí limit 130 km/h, na rychlostních silnicích 110 km/h. Mimo obec na běžných silnicích můžete jet až 90 km/h, v obcích je rychlost omezena na 50 km/h.",
    "issue": "A non-breaking space is required between a number and its unit ('km/h') according to Czech typographical rules. This pattern repeats for all speed limits mentioned.",
    "type_of_issue": "Punctuation/Spelling/Typos",
    "solution": "Insert a non-breaking space between the number and the unit 'km/h' in all instances (130, 110, 90, 50).",
    "updated_sentence": "Na dálnicích platí limit 130 km/h, na rychlostních silnicích 110 km/h. Mimo obec na běžných silnicích můžete jet až 90 km/h, v obcích je rychlost omezena na 50 km/h.",
    "severity": "Minor",
    "score_deduction": 1,
    "source_file": "2026-2027-cz-car-hire-city-09.docx",
    "url": "https://www.skyscanner.cz/pronajem-auta-v/pronajem-auta-v-janov/27541884.html",
    "candidate": "https://www.skyscanner.cz/pronajem-auta-v/pronajem-auta-v-janov/27541884.html"
  },
  {
    "text": "Půjčovnu auta ve Stuttgartu lze aktuálně pořídit už od 717 Kč/den, přičemž roční průměr se pohybuje kolem 1 236 Kč/den.",
    "issue": "Missing non-breaking spaces required by Czech typography: for the thousands separator (in '1 236'), between numbers and units (in '717 Kč/den'), and after single-letter prepositions/conjunctions. This pattern repeats throughout the text.",
    "type_of_issue": "Punctuation/Spelling/Typos",
    "solution": "Insert non-breaking spaces where required by Czech typographic rules to prevent improper line breaks.",
    "updated_sentence": "Půjčovnu auta ve Stuttgartu lze aktuálně pořídit už od 717 Kč/den, přičemž roční průměr se pohybuje kolem 1 236 Kč/den.",
    "severity": "Minor",
    "score_deduction": 1,
    "source_file": "2026-2027-cz-car-hire-city-09.docx",
    "url": "https://www.skyscanner.cz/pronajem-auta-v/pronajem-auta-v-stuttgart/27546291.html",
    "candidate": "https://www.skyscanner.cz/pronajem-auta-v/pronajem-auta-v-stuttgart/27546291.html"
  },
  {
    "text": "Pro delší cesty nebo více zavazadel se hodí prostornější model Kia Sportage od společnosti Flex To Go s manuální převodovkou od 1 075 Kč/den.",
    "issue": "Non-breaking spaces are required by Czech typography for thousand separators and between a number and its unit. This error pattern repeats in other price mentions.",
    "type_of_issue": "Punctuation/Spelling/Typos",
    "solution": "Replace the regular spaces with non-breaking spaces for the thousand separator and before the currency unit 'Kč'.",
    "updated_sentence": "Pro delší cesty nebo více zavazadel se hodí prostornější model Kia Sportage od společnosti Flex To Go s manuální převodovkou od 1 075 Kč/den.",
    "severity": "Minor",
    "score_deduction": 1,
    "source_file": "2026-2027-cz-car-hire-city-09.docx",
    "url": "https://www.skyscanner.cz/pronajem-auta-v/pronajem-auta-v-stuttgart/27546291.html",
    "candidate": "https://www.skyscanner.cz/pronajem-auta-v/pronajem-auta-v-stuttgart/27546291.html"
  },
  {
    "text": "Alternativou je vyzvednutí v centru města, v oblasti Stuttgart-Center, odkud se snadno dostanete do dalších čtvrtí.",
    "issue": "A standard space is used after single-letter prepositions ('v'), but Czech typography requires a non-breaking space. This pattern repeats in the text.",
    "type_of_issue": "Punctuation/Spelling/Typos",
    "solution": "Replace the standard spaces after all single-letter prepositions and conjunctions (e.g., v, a) with non-breaking spaces.",
    "updated_sentence": "Alternativou je vyzvednutí v centru města, v oblasti Stuttgart-Center, odkud se snadno dostanete do dalších čtvrtí.",
    "severity": "Minor",
    "score_deduction": 1,
    "source_file": "2026-2027-cz-car-hire-city-09.docx",
    "url": "https://www.skyscanner.cz/pronajem-auta-v/pronajem-auta-v-stuttgart/27546291.html",
    "candidate": "https://www.skyscanner.cz/pronajem-auta-v/pronajem-auta-v-stuttgart/27546291.html"
  },
  {
    "text": "Minimální věk pro řízení je 18 let.",
    "issue": "The space between a number and its unit (e.g., \"18 let\") must be a non-breaking space according to Czech typographic rules. A regular space was used. This pattern repeats.",
    "type_of_issue": "Punctuation/Spelling/Typos",
    "solution": "Replace the regular space with a non-breaking space in all instances where a number is followed by its unit (e.g., 21 let, 25 let, 18 let).",
    "updated_sentence": "Minimální věk pro řízení je 18 let.",
    "severity": "Minor",
    "score_deduction": 1,
    "source_file": "2026-2027-cz-car-hire-city-09.docx",
    "url": "https://www.skyscanner.cz/pronajem-auta-v/pronajem-auta-v-stuttgart/27546291.html",
    "candidate": "https://www.skyscanner.cz/pronajem-auta-v/pronajem-auta-v-stuttgart/27546291.html"
  },
  {
    "text": "K pronájmu budete potřebovat platný cestovní pas nebo občanský průkaz a řidičský průkaz.",
    "issue": "The space after a single-letter preposition (e.g., \"K\") must be a non-breaking space according to Czech typographic rules. A regular space was used. This pattern repeats.",
    "type_of_issue": "Punctuation/Spelling/Typos",
    "solution": "Replace the regular space with a non-breaking space after all single-letter prepositions (K, U).",
    "updated_sentence": "K pronájmu budete potřebovat platný cestovní pas nebo občanský průkaz a řidičský průkaz.",
    "severity": "Minor",
    "score_deduction": 1,
    "source_file": "2026-2027-cz-car-hire-city-09.docx",
    "url": "https://www.skyscanner.cz/pronajem-auta-v/pronajem-auta-v-stuttgart/27546291.html",
    "candidate": "https://www.skyscanner.cz/pronajem-auta-v/pronajem-auta-v-stuttgart/27546291.html"
  },
  {
    "text": "Na rychlostních silnicích a silnicích mimo obec se jezdí maximálně 100 km/h, v obcích pak 50 km/h.",
    "issue": "A non-breaking space is required between a number and its unit according to Czech typographical rules. This pattern repeats throughout the text (e.g., '50 km/h', '3,5 tuny').",
    "type_of_issue": "Punctuation/Spelling/Typos",
    "solution": "Insert a non-breaking space between the number and the unit. Apply this fix to all similar instances.",
    "updated_sentence": "Na rychlostních silnicích a silnicích mimo obec se jezdí maximálně 100 km/h, v obcích pak 50 km/h.",
    "severity": "Minor",
    "score_deduction": 1,
    "source_file": "2026-2027-cz-car-hire-city-09.docx",
    "url": "https://www.skyscanner.cz/pronajem-auta-v/pronajem-auta-v-stuttgart/27546291.html",
    "candidate": "https://www.skyscanner.cz/pronajem-auta-v/pronajem-auta-v-stuttgart/27546291.html"
  },
  {
    "text": "Půjčovnu auta v Bilbau můžete najít už od 427 Kč/den, přičemž roční průměr se pohybuje kolem 2 489 Kč/den.",
    "issue": "Required non-breaking spaces are missing between numbers and units and as a thousands separator, which violates Czech typographic rules. This pattern repeats with '4 týdny' later in the text.",
    "type_of_issue": "Punctuation/Spelling/Typos",
    "solution": "Insert non-breaking spaces after numbers before units (Kč, týdny) and as a thousands separator to comply with Czech typographic rules.",
    "updated_sentence": "Půjčovnu auta v Bilbau můžete najít už od 427 Kč/den, přičemž roční průměr se pohybuje kolem 2 489 Kč/den.",
    "severity": "Minor",
    "score_deduction": 1,
    "source_file": "2026-2027-cz-car-hire-city-09.docx",
    "url": "https://www.skyscanner.cz/pronajem-auta-v/pronajem-auta-v-bilbao/27538794.html",
    "candidate": "https://www.skyscanner.cz/pronajem-auta-v/pronajem-auta-v-bilbao/27538794.html"
  },
  {
    "text": "V Bilbau patří k nejoblíbenějším vozům model Fiat 500, protože je malý, praktický a snadno se s ním parkuje v úzkých ulicích. Pokud vám vyhovuje řazení, nabízí ho společnost Record go s manuální převodovkou od 427 Kč/den. Ta samá společnost má k dispozici i model Dacia Duster SUV s automatem od 484 Kč/den, který ocení cestující s větším množstvím zavazadel. Pro delší výlety mimo město se hodí prostornější model Jeep Compass, rovněž od společnosti Record go, s automatickou převodovkou od 500 Kč/den. Výběr tak závisí na velikosti vozu a preferovaném typu řazení.",
    "issue": "Czech typography requires non-breaking spaces after single-letter prepositions and between numbers and units, but regular spaces were used instead.",
    "type_of_issue": "Punctuation/Spelling/Typos",
    "solution": "Replace regular spaces with non-breaking spaces where required (e.g., after 'V', 'k', 's', 'a', 'i' and before 'Kč/den').",
    "updated_sentence": "V Bilbau patří k nejoblíbenějším vozům model Fiat 500, protože je malý, praktický a snadno se s ním parkuje v úzkých ulicích. Pokud vám vyhovuje řazení, nabízí ho společnost Record go s manuální převodovkou od 427 Kč/den. Ta samá společnost má k dispozici i model Dacia Duster SUV s automatem od 484 Kč/den, který ocení cestující s větším množstvím zavazadel. Pro delší výlety mimo město se hodí prostornější model Jeep Compass, rovněž od společnosti Record go, s automatickou převodovkou od 500 Kč/den. Výběr tak závisí na velikosti vozu a preferovaném typu řazení.",
    "severity": "Minor",
    "score_deduction": 1,
    "source_file": "2026-2027-cz-car-hire-city-09.docx",
    "url": "https://www.skyscanner.cz/pronajem-auta-v/pronajem-auta-v-bilbao/27538794.html",
    "candidate": "https://www.skyscanner.cz/pronajem-auta-v/pronajem-auta-v-bilbao/27538794.html"
  },
  {
    "text": "Nejčastějším místem pro vyzvednutí vozu v Bilbau je letiště Bilbao, kde si pronájem převezmete hned po příletu.",
    "issue": "A non-breaking space is required after single-letter prepositions (e.g., 'v', 'z') according to Czech typography rules. This is a recurring pattern throughout the text.",
    "type_of_issue": "Punctuation/Spelling/Typos",
    "solution": "Insert a non-breaking space after the preposition 'v'.",
    "updated_sentence": "Nejčastějším místem pro vyzvednutí vozu v Bilbau je letiště Bilbao, kde si pronájem převezmete hned po příletu.",
    "severity": "Minor",
    "score_deduction": 1,
    "source_file": "2026-2027-cz-car-hire-city-09.docx",
    "url": "https://www.skyscanner.cz/pronajem-auta-v/pronajem-auta-v-bilbao/27538794.html",
    "candidate": "https://www.skyscanner.cz/pronajem-auta-v/pronajem-auta-v-bilbao/27538794.html"
  },
  {
    "text": "V Bilbau si můžete vybrat z šesti půjčoven aut.",
    "issue": "A single-letter preposition 'z' is followed by a standard space, but Czech typographic rules require a non-breaking space. This error pattern repeats throughout the text with prepositions 'a', 'u', 'K', and 'U'.",
    "type_of_issue": "Punctuation/Spelling/Typos",
    "solution": "Insert a non-breaking space after the single-letter preposition 'z'. Apply this fix to all other instances of this error.",
    "updated_sentence": "V Bilbau si můžete vybrat z šesti půjčoven aut.",
    "severity": "Minor",
    "score_deduction": 1,
    "source_file": "2026-2027-cz-car-hire-city-09.docx",
    "url": "https://www.skyscanner.cz/pronajem-auta-v/pronajem-auta-v-bilbao/27538794.html",
    "candidate": "https://www.skyscanner.cz/pronajem-auta-v/pronajem-auta-v-bilbao/27538794.html"
  },
  {
    "text": "Vozidlo si obvykle pronajmete od 21 let, mnoho poskytovatelů ale u řidičů mladších 25 let účtuje příplatek pro mladé řidiče. Řídit smíte od 18 let.",
    "issue": "A non-breaking space is required between a number and its following unit ('let') according to Czech typographic rules, but a standard space was used.",
    "type_of_issue": "Punctuation/Spelling/Typos",
    "solution": "Insert a non-breaking space between the numbers and the unit 'let' in all three occurrences (21 let, 25 let, 18 let).",
    "updated_sentence": "Vozidlo si obvykle pronajmete od 21 let, mnoho poskytovatelů ale u řidičů mladších 25 let účtuje příplatek pro mladé řidiče. Řídit smíte od 18 let.",
    "severity": "Minor",
    "score_deduction": 1,
    "source_file": "2026-2027-cz-car-hire-city-09.docx",
    "url": "https://www.skyscanner.cz/pronajem-auta-v/pronajem-auta-v-bilbao/27538794.html",
    "candidate": "https://www.skyscanner.cz/pronajem-auta-v/pronajem-auta-v-bilbao/27538794.html"
  },
  {
    "text": "Na dálnicích platí nejvyšší povolená rychlost 120 km/h, na rychlostních silnicích 100 km/h. Na silnicích mimo obce můžete jet až 90 km/h, v obcích a na ostatních komunikacích je limit 50 km/h.",
    "issue": "A non-breaking space is required between a number and its unit (km/h) as per Czech typographic conventions. This pattern repeats for all speed limits in the text.",
    "type_of_issue": "Punctuation/Spelling/Typos",
    "solution": "Insert a non-breaking space between the number and the 'km/h' unit in all instances.",
    "updated_sentence": "Na dálnicích platí nejvyšší povolená rychlost 120 km/h, na rychlostních silnicích 100 km/h. Na silnicích mimo obce můžete jet až 90 km/h, v obcích a na ostatních komunikacích je limit 50 km/h.",
    "severity": "Minor",
    "score_deduction": 1,
    "source_file": "2026-2027-cz-car-hire-city-09.docx",
    "url": "https://www.skyscanner.cz/pronajem-auta-v/pronajem-auta-v-bilbao/27538794.html",
    "candidate": "https://www.skyscanner.cz/pronajem-auta-v/pronajem-auta-v-bilbao/27538794.html"
  },
  {
    "text": "Půjčovné auta v Katovicích začíná na 326 Kč/den, zatímco roční průměr se pohybuje kolem 1 063 Kč/den.",
    "issue": "The phrase 'Půjčovné auta' is grammatically incorrect. The noun 'půjčovné' means 'rental fee' and cannot modify 'auta' (cars) this way.",
    "type_of_issue": "Grammar",
    "solution": "Replace 'Půjčovné auta' with the grammatically correct and standard phrase 'Půjčení auta'.",
    "updated_sentence": "Půjčení auta v Katovicích začíná na 326 Kč/den, zatímco roční průměr se pohybuje kolem 1 063 Kč/den.",
    "severity": "Minor",
    "score_deduction": 1,
    "source_file": "2026-2027-cz-car-hire-city-09.docx",
    "url": "https://www.skyscanner.cz/pronajem-auta-v/pronajem-auta-v-katovice/27543914.html",
    "candidate": "https://www.skyscanner.cz/pronajem-auta-v/pronajem-auta-v-katovice/27543914.html"
  },
  {
    "text": "U společnosti Wheego pořídíte právě tento vůz s manuální převodovkou od 326 Kč/den.",
    "issue": "The currency is incorrect for the location (Katowice, Poland). The text uses Czech Koruna (Kč) instead of Polish Złoty (zł). This pattern repeats for all prices.",
    "type_of_issue": "Accuracy",
    "solution": "Change the currency symbol from 'Kč' to 'zł' for all price mentions.",
    "updated_sentence": "U společnosti Wheego pořídíte právě tento vůz s manuální převodovkou od 326 zł/den.",
    "severity": "Major",
    "score_deduction": 3,
    "source_file": "2026-2027-cz-car-hire-city-09.docx",
    "url": "https://www.skyscanner.cz/pronajem-auta-v/pronajem-auta-v-katovice/27543914.html",
    "candidate": "https://www.skyscanner.cz/pronajem-auta-v/pronajem-auta-v-katovice/27543914.html"
  },
  {
    "text": "U společnosti Wheego pořídíte právě tento vůz s manuální převodovkou od 326 Kč/den.",
    "issue": "A non-breaking space is missing between the number and the unit (e.g., '326 Kč/den') as required by Czech typographic rules. This pattern repeats for all prices.",
    "type_of_issue": "Punctuation/Spelling/Typos",
    "solution": "Insert a non-breaking space between all numbers and their corresponding units.",
    "updated_sentence": "U společnosti Wheego pořídíte právě tento vůz s manuální převodovkou od 326 Kč/den.",
    "severity": "Minor",
    "score_deduction": 1,
    "source_file": "2026-2027-cz-car-hire-city-09.docx",
    "url": "https://www.skyscanner.cz/pronajem-auta-v/pronajem-auta-v-katovice/27543914.html",
    "candidate": "https://www.skyscanner.cz/pronajem-auta-v/pronajem-auta-v-katovice/27543914.html"
  },
  {
    "text": "Pronajaté auto si v Katovicích můžete vyzvednout na letišti Katovice, které je oblíbeným výchozím bodem pro cesty po okolí.",
    "issue": "A required non-breaking space is missing after the single-letter preposition 'v'.",
    "type_of_issue": "Punctuation/Spelling/Typos",
    "solution": "Insert a non-breaking space after the single-letter preposition 'v' to comply with Czech typographic rules.",
    "updated_sentence": "Pronajaté auto si v Katovicích můžete vyzvednout na letišti Katovice, které je oblíbeným výchozím bodem pro cesty po okolí.",
    "severity": "Minor",
    "score_deduction": 1,
    "source_file": "2026-2027-cz-car-hire-city-09.docx",
    "url": "https://www.skyscanner.cz/pronajem-auta-v/pronajem-auta-v-katovice/27543914.html",
    "candidate": "https://www.skyscanner.cz/pronajem-auta-v/pronajem-auta-v-katovice/27543914.html"
  },
  {
    "text": "V Katovicích si můžete vybrat z celkem šesti půjčoven aut.",
    "issue": "The single-letter preposition 'V' is not followed by a non-breaking space, which is required by Czech typography to prevent it from being orphaned at the end of a line. This pattern repeats with 'K' and 'U'.",
    "type_of_issue": "Punctuation/Spelling/Typos",
    "solution": "Insert a non-breaking space after the single-letter preposition 'V'.",
    "updated_sentence": "V Katovicích si můžete vybrat z celkem šesti půjčoven aut.",
    "severity": "Minor",
    "score_deduction": 1,
    "source_file": "2026-2027-cz-car-hire-city-09.docx",
    "url": "https://www.skyscanner.cz/pronajem-auta-v/pronajem-auta-v-katovice/27543914.html",
    "candidate": "https://www.skyscanner.cz/pronajem-auta-v/pronajem-auta-v-katovice/27543914.html"
  },
  {
    "text": "Minimální věk pro zapůjčení vozu je 21 let, přičemž mnoho poskytovatelů účtuje příplatek pro mladé řidiče do 25 let.",
    "issue": "Numbers are not separated from their corresponding units by a non-breaking space, as required by Czech typography rules. This pattern repeats with '25 let' and '18 let'.",
    "type_of_issue": "Punctuation/Spelling/Typos",
    "solution": "Insert a non-breaking space between the numbers and the unit 'let'.",
    "updated_sentence": "Minimální věk pro zapůjčení vozu je 21 let, přičemž mnoho poskytovatelů účtuje příplatek pro mladé řidiče do 25 let.",
    "severity": "Minor",
    "score_deduction": 1,
    "source_file": "2026-2027-cz-car-hire-city-09.docx",
    "url": "https://www.skyscanner.cz/pronajem-auta-v/pronajem-auta-v-katovice/27543914.html",
    "candidate": "https://www.skyscanner.cz/pronajem-auta-v/pronajem-auta-v-katovice/27543914.html"
  },
  {
    "text": "V Polsku se jezdí vpravo. Na dálnicích platí nejvyšší povolená rychlost 140 km/h, na rychlostních silnicích 120 km/h. Mimo obec na běžných silnicích můžete jet 90 km/h, v obcích je limit 50 km/h. Osobní vozidla nepotřebují dálniční známku a většinu dálnic projedou zdarma. Na vybraných úsecích se ale platí u mýtných bran nebo prostřednictvím elektronického systému e-TOLL, který se týká hlavně nákladních vozidel. Před cestou se vyplatí ověřit, které konkrétní úseky zpoplatnění zahrnuje, abyste měli připravený způsob úhrady a vyhnuli se zdržení na trase.",
    "issue": "Required non-breaking spaces are missing between numbers and units (e.g., '140 km/h') and after single-letter prepositions (e.g., 'v obcích'), violating Czech typographical rules. This pattern repeats throughout the text.",
    "type_of_issue": "Punctuation/Spelling/Typos",
    "solution": "Add non-breaking spaces between numbers and their corresponding units, and after single-letter prepositions like 'v' and 'u'.",
    "updated_sentence": "V Polsku se jezdí vpravo. Na dálnicích platí nejvyšší povolená rychlost 140 km/h, na rychlostních silnicích 120 km/h. Mimo obec na běžných silnicích můžete jet 90 km/h, v obcích je limit 50 km/h. Osobní vozidla nepotřebují dálniční známku a většinu dálnic projedou zdarma. Na vybraných úsecích se ale platí u mýtných bran nebo prostřednictvím elektronického systému e-TOLL, který se týká hlavně nákladních vozidel. Před cestou se vyplatí ověřit, které konkrétní úseky zpoplatnění zahrnuje, abyste měli připravený způsob úhrady a vyhnuli se zdržení na trase.",
    "severity": "Minor",
    "score_deduction": 1,
    "source_file": "2026-2027-cz-car-hire-city-09.docx",
    "url": "https://www.skyscanner.cz/pronajem-auta-v/pronajem-auta-v-katovice/27543914.html",
    "candidate": "https://www.skyscanner.cz/pronajem-auta-v/pronajem-auta-v-katovice/27543914.html"
  },
  {
    "text": "Půjčovnu auta v Grosseto najdete od 1 786 Kč/den, přičemž roční průměr se pohybuje kolem 1 889 Kč/den.",
    "issue": "The noun 'auta' should be in the genitive plural form 'aut' to correctly modify 'půjčovnu' (rental company).",
    "type_of_issue": "Grammar",
    "solution": "Change 'auta' to the grammatically correct genitive plural 'aut'.",
    "updated_sentence": "Půjčovnu aut v Grosseto najdete od 1 786 Kč/den, přičemž roční průměr se pohybuje kolem 1 889 Kč/den.",
    "severity": "Minor",
    "score_deduction": 1,
    "source_file": "2026-2027-cz-car-hire-city-10.docx",
    "url": "https://www.skyscanner.cz/pronajem-auta-v/pronajem-auta-v-grosseto/27541923.html",
    "candidate": "https://www.skyscanner.cz/pronajem-auta-v/pronajem-auta-v-grosseto/27541923.html"
  },
  {
    "text": "V Grossetu patří mezi nejoblíbenější vozy model Toyota Aygo, protože je malý, praktický a snadno se s ním parkuje. Pokud hledáte podobně obratné vozidlo, společnost Hertz nabízí model Fiat Panda s manuální převodovkou od 1 786 Kč/den. Pro cesty s automatickou převodovkou se hodí model Peugeot 2008 od společnosti Enterprise od 2 150 Kč/den. Kdo dává přednost o něco vyšší výbavě, může zvážit model Audi A3 od společnosti Locauto s automatem od 2 692 Kč/den. Výběr tak pokrývá jak drobná městská auta, tak komfortnější vozy pro delší výlety po okolí.",
    "issue": "Multiple instances of missing non-breaking spaces, which are required by Czech typographic rules after single-letter prepositions and between numbers and units.",
    "type_of_issue": "Punctuation/Spelling/Typos",
    "solution": "Insert non-breaking spaces after all single-letter prepositions (V, s, o), within large numbers, and between numbers and the 'Kč/den' unit to adhere to Czech typographic conventions.",
    "updated_sentence": "V Grossetu patří mezi nejoblíbenější vozy model Toyota Aygo, protože je malý, praktický a snadno se s ním parkuje. Pokud hledáte podobně obratné vozidlo, společnost Hertz nabízí model Fiat Panda s manuální převodovkou od 1 786 Kč/den. Pro cesty s automatickou převodovkou se hodí model Peugeot 2008 od společnosti Enterprise od 2 150 Kč/den. Kdo dává přednost o něco vyšší výbavě, může zvážit model Audi A3 od společnosti Locauto s automatem od 2 692 Kč/den. Výběr tak pokrývá jak drobná městská auta, tak komfortnější vozy pro delší výlety po okolí.",
    "severity": "Minor",
    "score_deduction": 1,
    "source_file": "2026-2027-cz-car-hire-city-10.docx",
    "url": "https://www.skyscanner.cz/pronajem-auta-v/pronajem-auta-v-grosseto/27541923.html",
    "candidate": "https://www.skyscanner.cz/pronajem-auta-v/pronajem-auta-v-grosseto/27541923.html"
  },
  {
    "text": "Vyzvednutí zapůjčeného vozu v Grossetu je možné na stanici Stazione di Grosseto, která leží přímo v centru města a nabízí pohodlný přístup k vlakovému spojení.",
    "issue": "A non-breaking space is required after single-letter prepositions like 'v' according to Czech typographic rules. This pattern repeats with 'v' and 's' in the text.",
    "type_of_issue": "Punctuation/Spelling/Typos",
    "solution": "Insert a non-breaking space after each single-letter preposition (v, s).",
    "updated_sentence": "Vyzvednutí zapůjčeného vozu v Grossetu je možné na stanici Stazione di Grosseto, která leží přímo v centru města a nabízí pohodlný přístup k vlakovému spojení.",
    "severity": "Minor",
    "score_deduction": 1,
    "source_file": "2026-2027-cz-car-hire-city-10.docx",
    "url": "https://www.skyscanner.cz/pronajem-auta-v/pronajem-auta-v-grosseto/27541923.html",
    "candidate": "https://www.skyscanner.cz/pronajem-auta-v/pronajem-auta-v-grosseto/27541923.html"
  },
  {
    "text": "Ceny za pronájem zde začínají na 920 Kč za den.",
    "issue": "A non-breaking space is required between a number and its unit ('Kč') according to Czech typographic rules.",
    "type_of_issue": "Punctuation/Spelling/Typos",
    "solution": "Insert a non-breaking space between '920' and 'Kč' to prevent awkward line breaks.",
    "updated_sentence": "Ceny za pronájem zde začínají na 920 Kč za den.",
    "severity": "Minor",
    "score_deduction": 1,
    "source_file": "2026-2027-cz-car-hire-city-10.docx",
    "url": "https://www.skyscanner.cz/pronajem-auta-v/pronajem-auta-v-grosseto/27541923.html",
    "candidate": "https://www.skyscanner.cz/pronajem-auta-v/pronajem-auta-v-grosseto/27541923.html"
  },
  {
    "text": "V Grossetu si můžete vybrat z celkem šesti půjčoven aut.",
    "issue": "Missing a non-breaking space after the single-letter preposition 'V' as required by Czech typographic rules.",
    "type_of_issue": "Punctuation/Spelling/Typos",
    "solution": "Insert a non-breaking space after 'V'.",
    "updated_sentence": "V Grossetu si můžete vybrat z celkem šesti půjčoven aut.",
    "severity": "Minor",
    "score_deduction": 1,
    "source_file": "2026-2027-cz-car-hire-city-10.docx",
    "url": "https://www.skyscanner.cz/pronajem-auta-v/pronajem-auta-v-grosseto/27541923.html",
    "candidate": "https://www.skyscanner.cz/pronajem-auta-v/pronajem-auta-v-grosseto/27541923.html"
  },
  {
    "text": "Vozidlo si lze pronajmout od 21 let, přičemž mnoho půjčoven přidává u řidičů mladších 25 let příplatek za mladého řidiče.",
    "issue": "Missing non-breaking spaces between numbers and the unit 'let' as required by Czech typographic rules. This occurs twice in the sentence.",
    "type_of_issue": "Punctuation/Spelling/Typos",
    "solution": "Insert a non-breaking space between '21' and 'let' and between '25' and 'let'.",
    "updated_sentence": "Vozidlo si lze pronajmout od 21 let, přičemž mnoho půjčoven přidává u řidičů mladších 25 let příplatek za mladého řidiče.",
    "severity": "Minor",
    "score_deduction": 1,
    "source_file": "2026-2027-cz-car-hire-city-10.docx",
    "url": "https://www.skyscanner.cz/pronajem-auta-v/pronajem-auta-v-grosseto/27541923.html",
    "candidate": "https://www.skyscanner.cz/pronajem-auta-v/pronajem-auta-v-grosseto/27541923.html"
  },
  {
    "text": "Minimální věk pro řízení je 18 let.",
    "issue": "Missing a non-breaking space between the number '18' and the unit 'let' as required by Czech typographic rules.",
    "type_of_issue": "Punctuation/Spelling/Typos",
    "solution": "Insert a non-breaking space between '18' and 'let'.",
    "updated_sentence": "Minimální věk pro řízení je 18 let.",
    "severity": "Minor",
    "score_deduction": 1,
    "source_file": "2026-2027-cz-car-hire-city-10.docx",
    "url": "https://www.skyscanner.cz/pronajem-auta-v/pronajem-auta-v-grosseto/27541923.html",
    "candidate": "https://www.skyscanner.cz/pronajem-auta-v/pronajem-auta-v-grosseto/27541923.html"
  },
  {
    "text": "K pronájmu vždy potřebujete platný cestovní pas nebo občanský průkaz a platný řidičský průkaz.",
    "issue": "Missing a non-breaking space after the single-letter preposition 'K' as required by Czech typographic rules.",
    "type_of_issue": "Punctuation/Spelling/Typos",
    "solution": "Insert a non-breaking space after 'K'.",
    "updated_sentence": "K pronájmu vždy potřebujete platný cestovní pas nebo občanský průkaz a platný řidičský průkaz.",
    "severity": "Minor",
    "score_deduction": 1,
    "source_file": "2026-2027-cz-car-hire-city-10.docx",
    "url": "https://www.skyscanner.cz/pronajem-auta-v/pronajem-auta-v-grosseto/27541923.html",
    "candidate": "https://www.skyscanner.cz/pronajem-auta-v/pronajem-auta-v-grosseto/27541923.html"
  },
  {
    "text": "Řidiči s průkazem vydaným mimo EU nebo EHP musí mít ze zákona také mezinárodní řidičský průkaz.",
    "issue": "Missing a non-breaking space after the single-letter preposition 's' as required by Czech typographic rules.",
    "type_of_issue": "Punctuation/Spelling/Typos",
    "solution": "Insert a non-breaking space after 's'.",
    "updated_sentence": "Řidiči s průkazem vydaným mimo EU nebo EHP musí mít ze zákona také mezinárodní řidičský průkaz.",
    "severity": "Minor",
    "score_deduction": 1,
    "source_file": "2026-2027-cz-car-hire-city-10.docx",
    "url": "https://www.skyscanner.cz/pronajem-auta-v/pronajem-auta-v-grosseto/27541923.html",
    "candidate": "https://www.skyscanner.cz/pronajem-auta-v/pronajem-auta-v-grosseto/27541923.html"
  },
  {
    "text": "V Itálii se jezdí vpravo.",
    "issue": "A non-breaking space is required after a single-letter preposition ('V') according to Czech typographical rules. This pattern repeats with 'v obcích' in a later sentence.",
    "type_of_issue": "Punctuation/Spelling/Typos",
    "solution": "Insert a non-breaking space after the single-letter preposition 'V'.",
    "updated_sentence": "V Itálii se jezdí vpravo.",
    "severity": "Minor",
    "score_deduction": 1,
    "source_file": "2026-2027-cz-car-hire-city-10.docx",
    "url": "https://www.skyscanner.cz/pronajem-auta-v/pronajem-auta-v-grosseto/27541923.html",
    "candidate": "https://www.skyscanner.cz/pronajem-auta-v/pronajem-auta-v-grosseto/27541923.html"
  },
  {
    "text": "Na dálnicích platí nejvyšší povolená rychlost 130 km/h, na rychlostních silnicích 110 km/h.",
    "issue": "A non-breaking space is required between a number and its unit ('km/h') according to Czech typographical rules. This pattern repeats with all speed limits mentioned in the text.",
    "type_of_issue": "Punctuation/Spelling/Typos",
    "solution": "Insert a non-breaking space between the number and its unit.",
    "updated_sentence": "Na dálnicích platí nejvyšší povolená rychlost 130 km/h, na rychlostních silnicích 110 km/h.",
    "severity": "Minor",
    "score_deduction": 1,
    "source_file": "2026-2027-cz-car-hire-city-10.docx",
    "url": "https://www.skyscanner.cz/pronajem-auta-v/pronajem-auta-v-grosseto/27541923.html",
    "candidate": "https://www.skyscanner.cz/pronajem-auta-v/pronajem-auta-v-grosseto/27541923.html"
  },
  {
    "text": "Půjčovné auta v Cambridge začíná na 908 Kč/den, přičemž roční průměr se pohybuje kolem 1 122 Kč/den.",
    "issue": "The phrase 'Půjčovné auta' is a grammatically incorrect construction.",
    "type_of_issue": "Grammar",
    "solution": "Change the phrase to the correct form 'Půjčovné za auto'.",
    "updated_sentence": "Půjčovné za auto v Cambridge začíná na 908 Kč/den, přičemž roční průměr se pohybuje kolem 1 122 Kč/den.",
    "severity": "Major",
    "score_deduction": 3,
    "source_file": "2026-2027-cz-car-hire-city-10.docx",
    "url": "https://www.skyscanner.cz/pronajem-auta-v/pronajem-auta-v-cambridge/27539698.html",
    "candidate": "https://www.skyscanner.cz/pronajem-auta-v/pronajem-auta-v-cambridge/27539698.html"
  },
  {
    "text": "Nejvýhodnější bývá srpna, kdy ceny obvykle klesají nejníže.",
    "issue": "The month 'srpna' is in the incorrect grammatical case (genitive); nominative is required.",
    "type_of_issue": "Grammar",
    "solution": "Change 'srpna' to the correct nominative form 'srpen'.",
    "updated_sentence": "Nejvýhodnější bývá srpen, kdy ceny obvykle klesají nejníže.",
    "severity": "Minor",
    "score_deduction": 1,
    "source_file": "2026-2027-cz-car-hire-city-10.docx",
    "url": "https://www.skyscanner.cz/pronajem-auta-v/pronajem-auta-v-cambridge/27539698.html",
    "candidate": "https://www.skyscanner.cz/pronajem-auta-v/pronajem-auta-v-cambridge/27539698.html"
  },
  {
    "text": "Kdo hledá kompaktní vůz s klimatizací, může sáhnout po nabídce společnosti Sixt s modelem Peugeot 208 s manuální převodovkou od 1 451 Kč/den.",
    "issue": "The currency is incorrect for the location (Cambridge, UK), showing Czech Koruna (Kč) instead of British Pounds (GBP). Also, a non-breaking space is missing in the number as required by Czech typography. This pattern of incorrect currency and number formatting repeats in the following two sentences.",
    "type_of_issue": "Accuracy",
    "solution": "Change the currency from Kč to GBP and insert a non-breaking space in the number. Apply this correction to all similar instances in the text.",
    "updated_sentence": "Kdo hledá kompaktní vůz s klimatizací, může sáhnout po nabídce společnosti Sixt s modelem Peugeot 208 s manuální převodovkou od 1 451 GBP/den.",
    "severity": "Major",
    "score_deduction": 3,
    "source_file": "2026-2027-cz-car-hire-city-10.docx",
    "url": "https://www.skyscanner.cz/pronajem-auta-v/pronajem-auta-v-cambridge/27539698.html",
    "candidate": "https://www.skyscanner.cz/pronajem-auta-v/pronajem-auta-v-cambridge/27539698.html"
  },
  {
    "text": "V Cambridge si můžete vybrat z celkem šesti společností nabízejících půjčení auta.",
    "issue": "Missing a non-breaking space after the single-letter preposition 'V', as required by Czech typography.",
    "type_of_issue": "Punctuation/Spelling/Typos",
    "solution": "Insert a non-breaking space after 'V' to prevent it from being orphaned at the end of a line.",
    "updated_sentence": "V Cambridge si můžete vybrat z celkem šesti společností nabízejících půjčení auta.",
    "severity": "Minor",
    "score_deduction": 1,
    "source_file": "2026-2027-cz-car-hire-city-10.docx",
    "url": "https://www.skyscanner.cz/pronajem-auta-v/pronajem-auta-v-cambridge/27539698.html",
    "candidate": "https://www.skyscanner.cz/pronajem-auta-v/pronajem-auta-v-cambridge/27539698.html"
  },
  {
    "text": "K nejoblíbenějším patří společnost Enterprise, společnost Routes Car Rental a společnost Keddy By Europcar, přičemž největší oblibě se těší společnost Enterprise.",
    "issue": "Missing required non-breaking spaces after the single-letter preposition 'K' and the conjunction 'a'.",
    "type_of_issue": "Punctuation/Spelling/Typos",
    "solution": "Insert non-breaking spaces after 'K' and 'a' as required by Czech typography rules.",
    "updated_sentence": "K nejoblíbenějším patří společnost Enterprise, společnost Routes Car Rental a společnost Keddy By Europcar, přičemž největší oblibě se těší společnost Enterprise.",
    "severity": "Minor",
    "score_deduction": 1,
    "source_file": "2026-2027-cz-car-hire-city-10.docx",
    "url": "https://www.skyscanner.cz/pronajem-auta-v/pronajem-auta-v-cambridge/27539698.html",
    "candidate": "https://www.skyscanner.cz/pronajem-auta-v/pronajem-auta-v-cambridge/27539698.html"
  },
  {
    "text": "Vozidlo si můžete pronajmout od 21 let, u řidičů mladších 25 let ovšem řada poskytovatelů účtuje příplatek pro mladé řidiče.",
    "issue": "Missing required non-breaking spaces between numbers and units (21 let, 25 let) and after the single-letter preposition 'u'.",
    "type_of_issue": "Punctuation/Spelling/Typos",
    "solution": "Add non-breaking spaces after the preposition 'u' and between the numbers and the unit 'let', as per Czech typographic conventions.",
    "updated_sentence": "Vozidlo si můžete pronajmout od 21 let, u řidičů mladších 25 let ovšem řada poskytovatelů účtuje příplatek pro mladé řidiče.",
    "severity": "Minor",
    "score_deduction": 1,
    "source_file": "2026-2027-cz-car-hire-city-10.docx",
    "url": "https://www.skyscanner.cz/pronajem-auta-v/pronajem-auta-v-cambridge/27539698.html",
    "candidate": "https://www.skyscanner.cz/pronajem-auta-v/pronajem-auta-v-cambridge/27539698.html"
  },
  {
    "text": "Minimální věk pro řízení je 17 let.",
    "issue": "Missing a non-breaking space between the number '17' and the unit 'let', as required by Czech typography.",
    "type_of_issue": "Punctuation/Spelling/Typos",
    "solution": "Insert a non-breaking space between the number and the unit.",
    "updated_sentence": "Minimální věk pro řízení je 17 let.",
    "severity": "Minor",
    "score_deduction": 1,
    "source_file": "2026-2027-cz-car-hire-city-10.docx",
    "url": "https://www.skyscanner.cz/pronajem-auta-v/pronajem-auta-v-cambridge/27539698.html",
    "candidate": "https://www.skyscanner.cz/pronajem-auta-v/pronajem-auta-v-cambridge/27539698.html"
  },
  {
    "text": "Při vyzvednutí vozu budete vždy potřebovat platný pas nebo občanský průkaz a řidičský průkaz.",
    "issue": "Missing a non-breaking space after the single-letter conjunction 'a', as required by Czech typography.",
    "type_of_issue": "Punctuation/Spelling/Typos",
    "solution": "Insert a non-breaking space after 'a' to prevent it from being orphaned at the end of a line.",
    "updated_sentence": "Při vyzvednutí vozu budete vždy potřebovat platný pas nebo občanský průkaz a řidičský průkaz.",
    "severity": "Minor",
    "score_deduction": 1,
    "source_file": "2026-2027-cz-car-hire-city-10.docx",
    "url": "https://www.skyscanner.cz/pronajem-auta-v/pronajem-auta-v-cambridge/27539698.html",
    "candidate": "https://www.skyscanner.cz/pronajem-auta-v/pronajem-auta-v-cambridge/27539698.html"
  },
  {
    "text": "Mezinárodní řidičský průkaz je vyžadován pouze v případě, že váš řidičský průkaz není celý vytištěn v angličtině.",
    "issue": "Missing required non-breaking spaces after the single-letter preposition 'v' in two places ('v případě', 'v angličtině').",
    "type_of_issue": "Punctuation/Spelling/Typos",
    "solution": "Insert non-breaking spaces after both instances of the preposition 'v' as required by Czech typography rules.",
    "updated_sentence": "Mezinárodní řidičský průkaz je vyžadován pouze v případě, že váš řidičský průkaz není celý vytištěn v angličtině.",
    "severity": "Minor",
    "score_deduction": 1,
    "source_file": "2026-2027-cz-car-hire-city-10.docx",
    "url": "https://www.skyscanner.cz/pronajem-auta-v/pronajem-auta-v-cambridge/27539698.html",
    "candidate": "https://www.skyscanner.cz/pronajem-auta-v/pronajem-auta-v-cambridge/27539698.html"
  },
  {
    "text": "Na dálnicích i rychlostních silnicích platí limit 112 km/h, na silnicích mimo obec můžete jet až 96 km/h.",
    "issue": "Speed limits are provided only in metric (km/h) without the corresponding imperial units (mph), which are used on UK road signs. This is essential context for drivers and the pattern repeats for all speed limits. Additionally, a required non-breaking space is missing before the unit.",
    "type_of_issue": "Compliance",
    "solution": "Add the imperial units in parentheses and insert a non-breaking space before the unit. Apply this fix to all speed limits in the text.",
    "updated_sentence": "Na dálnicích i rychlostních silnicích platí limit 112 km/h (70 mph), na silnicích mimo obec můžete jet až 96 km/h (60 mph).",
    "severity": "Major",
    "score_deduction": 3,
    "source_file": "2026-2027-cz-car-hire-city-10.docx",
    "url": "https://www.skyscanner.cz/pronajem-auta-v/pronajem-auta-v-cambridge/27539698.html",
    "candidate": "https://www.skyscanner.cz/pronajem-auta-v/pronajem-auta-v-cambridge/27539698.html"
  },
  {
    "text": "Ve městech počítejte s dalšími poplatky, například londýnská zóna vybírá poplatek za vjezd a za nízkoemisní provoz.",
    "issue": "The phrase \"poplatek za nízkoemisní provoz\" (fee for low-emission traffic) is inaccurate and misleading. The fee is for high-emission vehicles entering a specific zone, not a general fee for traffic.",
    "type_of_issue": "Accuracy",
    "solution": "Rephrase to clarify that there are distinct charges for entering the city center (Congestion Charge) and for non-compliant vehicles entering the low-emission zone (ULEZ).",
    "updated_sentence": "Ve městech počítejte s dalšími poplatky, například v Londýně se platí poplatek za vjezd do centra a za vjezd do nízkoemisní zóny.",
    "severity": "Major",
    "score_deduction": 3,
    "source_file": "2026-2027-cz-car-hire-city-10.docx",
    "url": "https://www.skyscanner.cz/pronajem-auta-v/pronajem-auta-v-cambridge/27539698.html",
    "candidate": "https://www.skyscanner.cz/pronajem-auta-v/pronajem-auta-v-cambridge/27539698.html"
  },
  {
    "text": "Nejnižší dostupná cena začíná na 131 Kč/den, zatímco roční průměr se pohybuje kolem 1 278 Kč/den.",
    "issue": "Missing required non-breaking spaces between numbers and units and for the thousands separator, as per Czech typographic rules.",
    "type_of_issue": "Punctuation/Spelling/Typos",
    "solution": "Insert a non-breaking space between '131' and 'Kč', as a thousands separator in '1278', and between '1 278' and 'Kč'.",
    "updated_sentence": "Nejnižší dostupná cena začíná na 131 Kč/den, zatímco roční průměr se pohybuje kolem 1 278 Kč/den.",
    "severity": "Minor",
    "score_deduction": 1,
    "source_file": "2026-2027-cz-car-hire-city-10.docx",
    "url": "https://www.skyscanner.cz/pronajem-auta-v/pronajem-auta-v-malaga/27547484.html",
    "candidate": "https://www.skyscanner.cz/pronajem-auta-v/pronajem-auta-v-malaga/27547484.html"
  },
  {
    "text": "Nejlepších cen dosáhnete, když rezervaci provedete 1 týden předem.",
    "issue": "A required non-breaking space is missing between the number '1' and the unit 'týden' according to Czech typographic rules.",
    "type_of_issue": "Punctuation/Spelling/Typos",
    "solution": "Insert a non-breaking space between '1' and 'týden'.",
    "updated_sentence": "Nejlepších cen dosáhnete, když rezervaci provedete 1 týden předem.",
    "severity": "Minor",
    "score_deduction": 1,
    "source_file": "2026-2027-cz-car-hire-city-10.docx",
    "url": "https://www.skyscanner.cz/pronajem-auta-v/pronajem-auta-v-malaga/27547484.html",
    "candidate": "https://www.skyscanner.cz/pronajem-auta-v/pronajem-auta-v-malaga/27547484.html"
  },
  {
    "text": "V Málaze patří k nejoblíbenějším vozům model Volkswagen Polo, protože je malý, praktický a snadno se s ním parkuje v úzkých uličkách.",
    "issue": "A required non-breaking space is missing after single-letter prepositions and conjunctions (e.g., 'V', 'k', 's'). This pattern repeats throughout the text.",
    "type_of_issue": "Punctuation/Spelling/Typos",
    "solution": "Insert a non-breaking space after all single-letter prepositions and conjunctions to comply with Czech typographic rules.",
    "updated_sentence": "V Málaze patří k nejoblíbenějším vozům model Volkswagen Polo, protože je malý, praktický a snadno se s ním parkuje v úzkých uličkách.",
    "severity": "Minor",
    "score_deduction": 1,
    "source_file": "2026-2027-cz-car-hire-city-10.docx",
    "url": "https://www.skyscanner.cz/pronajem-auta-v/pronajem-auta-v-malaga/27547484.html",
    "candidate": "https://www.skyscanner.cz/pronajem-auta-v/pronajem-auta-v-malaga/27547484.html"
  },
  {
    "text": "Pokud hledáte kompaktní vůz, společnost Wheego nabízí model Volkswagen Polo s manuální převodovkou od 131 Kč/den.",
    "issue": "A required non-breaking space is missing between the number and the currency unit 'Kč'. This pattern repeats for all prices.",
    "type_of_issue": "Compliance",
    "solution": "Insert a non-breaking space between the numeric value and the currency symbol 'Kč' as required by Czech formatting rules.",
    "updated_sentence": "Pokud hledáte kompaktní vůz, společnost Wheego nabízí model Volkswagen Polo s manuální převodovkou od 131 Kč/den.",
    "severity": "Minor",
    "score_deduction": 1,
    "source_file": "2026-2027-cz-car-hire-city-10.docx",
    "url": "https://www.skyscanner.cz/pronajem-auta-v/pronajem-auta-v-malaga/27547484.html",
    "candidate": "https://www.skyscanner.cz/pronajem-auta-v/pronajem-auta-v-malaga/27547484.html"
  },
  {
    "text": "K dispozici jsou i další místa, například čtvrti Perchel Norte, La Merced nebo La Victoria a nádraží Malaga María Zambrano. Ceny za vyzvednutí na letišti jsou zhruba srovnatelné s vyzvednutím v centru města, takže se můžete rozhodnout podle toho, co vám více vyhovuje.",
    "issue": "Single-letter prepositions and conjunctions (i, a, s, v) are followed by regular spaces, violating Czech typographic rules that require a non-breaking space.",
    "type_of_issue": "Punctuation/Spelling/Typos",
    "solution": "Replace the regular space after each single-letter preposition or conjunction with a non-breaking space to prevent incorrect line breaks.",
    "updated_sentence": "K dispozici jsou i další místa, například čtvrti Perchel Norte, La Merced nebo La Victoria a nádraží Malaga María Zambrano. Ceny za vyzvednutí na letišti jsou zhruba srovnatelné s vyzvednutím v centru města, takže se můžete rozhodnout podle toho, co vám více vyhovuje.",
    "severity": "Minor",
    "score_deduction": 1,
    "source_file": "2026-2027-cz-car-hire-city-10.docx",
    "url": "https://www.skyscanner.cz/pronajem-auta-v/pronajem-auta-v-malaga/27547484.html",
    "candidate": "https://www.skyscanner.cz/pronajem-auta-v/pronajem-auta-v-malaga/27547484.html"
  },
  {
    "text": "V Málaze si můžete vybrat z šesti půjčoven aut.",
    "issue": "A non-breaking space is required after single-letter prepositions according to Czech typography rules. This pattern repeats with 'v', 'z', 'u', 'k', and the conjunction 'a'.",
    "type_of_issue": "Punctuation/Spelling/Typos",
    "solution": "Insert a non-breaking space after each single-letter preposition or conjunction.",
    "updated_sentence": "V Málaze si můžete vybrat z šesti půjčoven aut.",
    "severity": "Minor",
    "score_deduction": 1,
    "source_file": "2026-2027-cz-car-hire-city-10.docx",
    "url": "https://www.skyscanner.cz/pronajem-auta-v/pronajem-auta-v-malaga/27547484.html",
    "candidate": "https://www.skyscanner.cz/pronajem-auta-v/pronajem-auta-v-malaga/27547484.html"
  },
  {
    "text": "Vůz si můžete pronajmout od 21 let, řada půjčoven ovšem u řidičů mladších 25 let účtuje příplatek za mladého řidiče.",
    "issue": "A non-breaking space is required between a number and its unit according to Czech typography rules. This pattern repeats for all number-unit pairs.",
    "type_of_issue": "Punctuation/Spelling/Typos",
    "solution": "Insert a non-breaking space between a number and its unit.",
    "updated_sentence": "Vůz si můžete pronajmout od 21 let, řada půjčoven ovšem u řidičů mladších 25 let účtuje příplatek za mladého řidiče.",
    "severity": "Minor",
    "score_deduction": 1,
    "source_file": "2026-2027-cz-car-hire-city-10.docx",
    "url": "https://www.skyscanner.cz/pronajem-auta-v/pronajem-auta-v-malaga/27547484.html",
    "candidate": "https://www.skyscanner.cz/pronajem-auta-v/pronajem-auta-v-malaga/27547484.html"
  },
  {
    "text": "Ve Španělsku se jezdí vpravo, což řidičům z Česka usnadní adaptaci na místní provoz. Na dálnicích platí maximální rychlost 120 km/h, na rychlostních silnicích 100 km/h a na silnicích mimo obec 90 km/h. V obcích a na ostatních komunikacích je limit 50 km/h. Mýtné se vybírá pouze na vybraných dálnicích typu „autopista“, které bývají označeny písmeny AP nebo slovem peaje. Platit lze hotovostí, kartou nebo přes elektronickou jednotku Via-T. Většina silnic typu autovía a národních komunikací zůstává bez poplatku, takže si často vystačíte i bez placených úseků.",
    "issue": "Czech typographic rules requiring a non-breaking space after single-letter prepositions and between numbers and units were not followed.",
    "type_of_issue": "Punctuation/Spelling/Typos",
    "solution": "Insert non-breaking spaces after single-letter prepositions (e.g., 'v', 'z', 'a', 'i') and between numbers and their units (e.g., '120 km/h').",
    "updated_sentence": "Ve Španělsku se jezdí vpravo, což řidičům z Česka usnadní adaptaci na místní provoz. Na dálnicích platí maximální rychlost 120 km/h, na rychlostních silnicích 100 km/h a na silnicích mimo obec 90 km/h. V obcích a na ostatních komunikacích je limit 50 km/h. Mýtné se vybírá pouze na vybraných dálnicích typu „autopista“, které bývají označeny písmeny AP nebo slovem peaje. Platit lze hotovostí, kartou nebo přes elektronickou jednotku Via-T. Většina silnic typu autovía a národních komunikací zůstává bez poplatku, takže si často vystačíte i bez placených úseků.",
    "severity": "Minor",
    "score_deduction": 1,
    "source_file": "2026-2027-cz-car-hire-city-10.docx",
    "url": "https://www.skyscanner.cz/pronajem-auta-v/pronajem-auta-v-malaga/27547484.html",
    "candidate": "https://www.skyscanner.cz/pronajem-auta-v/pronajem-auta-v-malaga/27547484.html"
  },
  {
    "text": "Půjčovnu auta v Bergenu můžete porovnat podle několika faktorů, které ovlivňují výslednou cenu.",
    "issue": "A non-breaking space is required after the single-letter preposition \"v\" according to Czech typographic rules.",
    "type_of_issue": "Punctuation/Spelling/Typos",
    "solution": "Insert a non-breaking space after the preposition \"v\".",
    "updated_sentence": "Půjčovnu auta v Bergenu můžete porovnat podle několika faktorů, které ovlivňují výslednou cenu.",
    "severity": "Minor",
    "score_deduction": 1,
    "source_file": "2026-2027-cz-car-hire-city-10.docx",
    "url": "https://www.skyscanner.cz/pronajem-auta-v/pronajem-auta-v-bergen/27538759.html",
    "candidate": "https://www.skyscanner.cz/pronajem-auta-v/pronajem-auta-v-bergen/27538759.html"
  },
  {
    "text": "Nejnižší dostupná cena začíná na 1 523 Kč/den, zatímco roční průměr se pohybuje kolem 1 765 Kč/den.",
    "issue": "A non-breaking space is required between a number and its unit (Kč) according to Czech typographic rules. This pattern repeats.",
    "type_of_issue": "Punctuation/Spelling/Typos",
    "solution": "Insert a non-breaking space before the currency unit 'Kč'.",
    "updated_sentence": "Nejnižší dostupná cena začíná na 1 523 Kč/den, zatímco roční průměr se pohybuje kolem 1 765 Kč/den.",
    "severity": "Minor",
    "score_deduction": 1,
    "source_file": "2026-2027-cz-car-hire-city-10.docx",
    "url": "https://www.skyscanner.cz/pronajem-auta-v/pronajem-auta-v-bergen/27538759.html",
    "candidate": "https://www.skyscanner.cz/pronajem-auta-v/pronajem-auta-v-bergen/27538759.html"
  },
  {
    "text": "Nejvýhodnějším měsícem pro pronájem bývá října, kdy ceny obvykle klesají pod běžný průměr.",
    "issue": "The noun \"října\" is in the incorrect grammatical case (genitive); the nominative case \"říjen\" is required as the predicate nominative.",
    "type_of_issue": "Grammar",
    "solution": "Change the noun from \"října\" to the correct nominative form \"říjen\".",
    "updated_sentence": "Nejvýhodnějším měsícem pro pronájem bývá říjen, kdy ceny obvykle klesají pod běžný průměr.",
    "severity": "Minor",
    "score_deduction": 1,
    "source_file": "2026-2027-cz-car-hire-city-10.docx",
    "url": "https://www.skyscanner.cz/pronajem-auta-v/pronajem-auta-v-bergen/27538759.html",
    "candidate": "https://www.skyscanner.cz/pronajem-auta-v/pronajem-auta-v-bergen/27538759.html"
  },
  {
    "text": "Pokud hledáte menší užitkový vůz, společnost Hertz nabízí model Volkswagen Caddy s manuální převodovkou od 1 523 Kč/den.",
    "issue": "A non-breaking space is required between a number and its unit/currency according to Czech typographic rules. The pattern repeats throughout the text.",
    "type_of_issue": "Punctuation/Spelling/Typos",
    "solution": "Insert a non-breaking space between numbers and the 'Kč/den' unit in all instances.",
    "updated_sentence": "Pokud hledáte menší užitkový vůz, společnost Hertz nabízí model Volkswagen Caddy s manuální převodovkou od 1 523 Kč/den.",
    "severity": "Minor",
    "score_deduction": 1,
    "source_file": "2026-2027-cz-car-hire-city-10.docx",
    "url": "https://www.skyscanner.cz/pronajem-auta-v/pronajem-auta-v-bergen/27538759.html",
    "candidate": "https://www.skyscanner.cz/pronajem-auta-v/pronajem-auta-v-bergen/27538759.html"
  },
  {
    "text": "Vůz si v Bergenu můžete vyzvednout přímo na letišti Bergen, kam míří většina cestujících přilétajících do města. Jako alternativu nabízí půjčovny také místa v centru, například v historické čtvrti Bryggen nebo v oblasti Nordnes. Pokud porovnáte ceny mezi oběma variantami, vyzvednutí na letišti vychází zpravidla výhodněji než v samotném centru města. Výběr tak závisí hlavně na tom, kde svou cestu začínáte a kam se potřebujete dostat nejdříve. Obě varianty jsou dostupné po celý rok.",
    "issue": "Missing non-breaking spaces after single-letter prepositions (e.g., 'v'), which is a mandatory rule in Czech typography. This pattern repeats throughout the text.",
    "type_of_issue": "Punctuation/Spelling/Typos",
    "solution": "Insert a non-breaking space after each single-letter preposition.",
    "updated_sentence": "Vůz si v Bergenu můžete vyzvednout přímo na letišti Bergen, kam míří většina cestujících přilétajících do města. Jako alternativu nabízí půjčovny také místa v centru, například v historické čtvrti Bryggen nebo v oblasti Nordnes. Pokud porovnáte ceny mezi oběma variantami, vyzvednutí na letišti vychází zpravidla výhodněji než v samotném centru města. Výběr tak závisí hlavně na tom, kde svou cestu začínáte a kam se potřebujete dostat nejdříve. Obě varianty jsou dostupné po celý rok.",
    "severity": "Minor",
    "score_deduction": 1,
    "source_file": "2026-2027-cz-car-hire-city-10.docx",
    "url": "https://www.skyscanner.cz/pronajem-auta-v/pronajem-auta-v-bergen/27538759.html",
    "candidate": "https://www.skyscanner.cz/pronajem-auta-v/pronajem-auta-v-bergen/27538759.html"
  },
  {
    "text": "V Bergenu si můžete vybrat z celkem šesti půjčoven aut.",
    "issue": "Systemic failure to use non-breaking spaces after single-letter prepositions (e.g., V, K, u, z) and between numbers and units (e.g., 21 let), as required by Czech typographic rules. Pattern repeats throughout the text.",
    "type_of_issue": "Punctuation/Spelling/Typos",
    "solution": "Insert non-breaking spaces where required throughout the text, for example after the preposition 'V'.",
    "updated_sentence": "V Bergenu si můžete vybrat z celkem šesti půjčoven aut.",
    "severity": "Minor",
    "score_deduction": 1,
    "source_file": "2026-2027-cz-car-hire-city-10.docx",
    "url": "https://www.skyscanner.cz/pronajem-auta-v/pronajem-auta-v-bergen/27538759.html",
    "candidate": "https://www.skyscanner.cz/pronajem-auta-v/pronajem-auta-v-bergen/27538759.html"
  },
  {
    "text": "V Norsku se jezdí vpravo, což usnadní orientaci většině řidičů z Evropy.",
    "issue": "A non-breaking space is required after single-letter prepositions and conjunctions (e.g., 'V', 'v', 'a', 'i') according to Czech typographic rules. This pattern repeats throughout the text.",
    "type_of_issue": "Punctuation/Spelling/Typos",
    "solution": "Insert a non-breaking space after all single-letter prepositions and conjunctions.",
    "updated_sentence": "V Norsku se jezdí vpravo, což usnadní orientaci většině řidičů z Evropy.",
    "severity": "Minor",
    "score_deduction": 1,
    "source_file": "2026-2027-cz-car-hire-city-10.docx",
    "url": "https://www.skyscanner.cz/pronajem-auta-v/pronajem-auta-v-bergen/27538759.html",
    "candidate": "https://www.skyscanner.cz/pronajem-auta-v/pronajem-auta-v-bergen/27538759.html"
  },
  {
    "text": "Na dálnicích platí nejvyšší povolená rychlost 100 km/h, na rychlostních silnicích 80 km/h.",
    "issue": "A non-breaking space is required between a number and its unit ('km/h') according to Czech typographic rules. This pattern repeats in the subsequent sentence.",
    "type_of_issue": "Punctuation/Spelling/Typos",
    "solution": "Insert a non-breaking space between the numbers and the 'km/h' unit.",
    "updated_sentence": "Na dálnicích platí nejvyšší povolená rychlost 100 km/h, na rychlostních silnicích 80 km/h.",
    "severity": "Minor",
    "score_deduction": 1,
    "source_file": "2026-2027-cz-car-hire-city-10.docx",
    "url": "https://www.skyscanner.cz/pronajem-auta-v/pronajem-auta-v-bergen/27538759.html",
    "candidate": "https://www.skyscanner.cz/pronajem-auta-v/pronajem-auta-v-bergen/27538759.html"
  },
  {
    "text": "Pronájem auta ve Vratislavi začíná na 440 Kč/den, zatímco roční průměr se pohybuje kolem 1 032 Kč/den.",
    "issue": "Regular spaces are used instead of the required non-breaking spaces between numbers and units, and for the thousands separator.",
    "type_of_issue": "Punctuation/Spelling/Typos",
    "solution": "Replace the regular spaces with non-breaking spaces to adhere to Czech typographical rules for number formatting.",
    "updated_sentence": "Pronájem auta ve Vratislavi začíná na 440 Kč/den, zatímco roční průměr se pohybuje kolem 1 032 Kč/den.",
    "severity": "Minor",
    "score_deduction": 1,
    "source_file": "2026-2027-cz-car-hire-city-10.docx",
    "url": "https://www.skyscanner.cz/pronajem-auta-v/pronajem-auta-v-vratislav/27536248.html",
    "candidate": "https://www.skyscanner.cz/pronajem-auta-v/pronajem-auta-v-vratislav/27536248.html"
  },
  {
    "text": "Právě tento model nabízí společnost Flex To Go s manuální převodovkou od 449 Kč/den.",
    "issue": "A non-breaking space is required between a number and its unit (Kč) as per Czech typographical rules. This pattern repeats with other prices in the text.",
    "type_of_issue": "Compliance",
    "solution": "Add a non-breaking space between the number and the 'Kč' unit in all instances.",
    "updated_sentence": "Právě tento model nabízí společnost Flex To Go s manuální převodovkou od 449 Kč/den.",
    "severity": "Minor",
    "score_deduction": 1,
    "source_file": "2026-2027-cz-car-hire-city-10.docx",
    "url": "https://www.skyscanner.cz/pronajem-auta-v/pronajem-auta-v-vratislav/27536248.html",
    "candidate": "https://www.skyscanner.cz/pronajem-auta-v/pronajem-auta-v-vratislav/27536248.html"
  },
  {
    "text": "Ve Vratislavi si pronajaté auto můžete vyzvednout přímo na letišti Mikuláše Koperníka, které bývá praktickou volbou hned po příletu. Jako alternativa slouží stanice Wroclaw Glowny Station v centru města, vhodná pro cestující přijíždějící vlakem. Pokud jde o ceny, vyzvednutí na letišti obvykle vychází výhodněji než v centru města. Obě místa nabízejí širokou nabídku autopůjčoven, takže si můžete vybrat vůz odpovídající vašim potřebám a délce pobytu.",
    "issue": "The single paragraph combines multiple distinct ideas (airport pickup, train station pickup, price comparison), which hinders scannability.",
    "type_of_issue": "Style",
    "solution": "Split the paragraph into smaller, more focused paragraphs, with each one addressing a separate point (e.g., location, comparison).",
    "updated_sentence": "Ve Vratislavi si pronajaté auto můžete vyzvednout přímo na letišti Mikuláše Koperníka, které bývá praktickou volbou hned po příletu.\n\nJako alternativa slouží stanice Wroclaw Glowny Station v centru města, vhodná pro cestující přijíždějící vlakem.\n\nPokud jde o ceny, vyzvednutí na letišti obvykle vychází výhodněji než v centru města. Obě místa nabízejí širokou nabídku autopůjčoven, takže si můžete vybrat vůz odpovídající vašim potřebám a délce pobytu.",
    "severity": "Minor",
    "score_deduction": 1,
    "source_file": "2026-2027-cz-car-hire-city-10.docx",
    "url": "https://www.skyscanner.cz/pronajem-auta-v/pronajem-auta-v-vratislav/27536248.html",
    "candidate": "https://www.skyscanner.cz/pronajem-auta-v/pronajem-auta-v-vratislav/27536248.html"
  },
  {
    "text": "Nejoblíbenější je společnost Flex To Go, mezi další vyhledávané patří společnost Ace Rent a Car a společnost CARFREE.",
    "issue": "Missing a non-breaking space after single-letter prepositions and conjunctions (e.g., 'a', 'K', 'V'), which is a violation of Czech typographic rules. This pattern repeats throughout the text.",
    "type_of_issue": "Punctuation/Spelling/Typos",
    "solution": "Insert a non-breaking space after all single-letter prepositions and conjunctions to prevent them from being left at the end of a line.",
    "updated_sentence": "Nejoblíbenější je společnost Flex To Go, mezi další vyhledávané patří společnost Ace Rent a Car a společnost CARFREE.",
    "severity": "Minor",
    "score_deduction": 1,
    "source_file": "2026-2027-cz-car-hire-city-10.docx",
    "url": "https://www.skyscanner.cz/pronajem-auta-v/pronajem-auta-v-vratislav/27536248.html",
    "candidate": "https://www.skyscanner.cz/pronajem-auta-v/pronajem-auta-v-vratislav/27536248.html"
  },
  {
    "text": "Vůz si zpravidla pronajmete od 21 let, přičemž řidiči mladší 25 let často platí příplatek za mladého řidiče.",
    "issue": "Missing a non-breaking space between numerical values and their associated units (e.g., '21 let'), which is a violation of Czech typographic rules. This pattern repeats.",
    "type_of_issue": "Punctuation/Spelling/Typos",
    "solution": "Insert a non-breaking space between all numbers and their subsequent units.",
    "updated_sentence": "Vůz si zpravidla pronajmete od 21 let, přičemž řidiči mladší 25 let často platí příplatek za mladého řidiče.",
    "severity": "Minor",
    "score_deduction": 1,
    "source_file": "2026-2027-cz-car-hire-city-10.docx",
    "url": "https://www.skyscanner.cz/pronajem-auta-v/pronajem-auta-v-vratislav/27536248.html",
    "candidate": "https://www.skyscanner.cz/pronajem-auta-v/pronajem-auta-v-vratislav/27536248.html"
  },
  {
    "text": "Na dálnicích platí nejvyšší povolená rychlost 140 km/h, na rychlostních silnicích 120 km/h.",
    "issue": "A regular space is used between a number and its unit, but Czech typographic rules require a non-breaking space. This pattern repeats with all speed limits mentioned (90 km/h, 50 km/h).",
    "type_of_issue": "Punctuation/Spelling/Typos",
    "solution": "Replace the regular space with a non-breaking space between each number and the 'km/h' unit to comply with Czech typography.",
    "updated_sentence": "Na dálnicích platí nejvyšší povolená rychlost 140 km/h, na rychlostních silnicích 120 km/h.",
    "severity": "Minor",
    "score_deduction": 1,
    "source_file": "2026-2027-cz-car-hire-city-10.docx",
    "url": "https://www.skyscanner.cz/pronajem-auta-v/pronajem-auta-v-vratislav/27536248.html",
    "candidate": "https://www.skyscanner.cz/pronajem-auta-v/pronajem-auta-v-vratislav/27536248.html"
  },
  {
    "text": "Půjčení auta v Budapešti začíná na 455 Kč/den, přičemž roční průměr se pohybuje kolem 1 281 Kč/den.",
    "issue": "The number \"1 281\" uses a standard space as a thousands separator, whereas Czech typographical rules require a non-breaking space.",
    "type_of_issue": "Punctuation/Spelling/Typos",
    "solution": "Replace the standard space with a non-breaking space in the number \"1 281\".",
    "updated_sentence": "Půjčení auta v Budapešti začíná na 455 Kč/den, přičemž roční průměr se pohybuje kolem 1 281 Kč/den.",
    "severity": "Minor",
    "score_deduction": 1,
    "source_file": "2026-2027-cz-car-hire-city-10.docx",
    "url": "https://www.skyscanner.cz/pronajem-auta-v/pronajem-auta-v-budapest/27539604.html",
    "candidate": "https://www.skyscanner.cz/pronajem-auta-v/pronajem-auta-v-budapest/27539604.html"
  },
  {
    "text": "Rezervace zhruba 2 týdny předem pomáhá získat lepší cenu než ta na poslední chvíli.",
    "issue": "A standard space is used between the number \"2\" and the unit \"týdny\", but Czech typography rules require a non-breaking space.",
    "type_of_issue": "Punctuation/Spelling/Typos",
    "solution": "Insert a non-breaking space between the number and the unit.",
    "updated_sentence": "Rezervace zhruba 2 týdny předem pomáhá získat lepší cenu než ta na poslední chvíli.",
    "severity": "Minor",
    "score_deduction": 1,
    "source_file": "2026-2027-cz-car-hire-city-10.docx",
    "url": "https://www.skyscanner.cz/pronajem-auta-v/pronajem-auta-v-budapest/27539604.html",
    "candidate": "https://www.skyscanner.cz/pronajem-auta-v/pronajem-auta-v-budapest/27539604.html"
  },
  {
    "text": "Flexibilita v termínech vyzvednutí i vrácení vozu vám dává větší prostor pro úsporu.",
    "issue": "A standard space is used after the single-letter preposition \"v\", but Czech typography rules require a non-breaking space to prevent orphaning. This pattern repeats with other single-letter prepositions in the text.",
    "type_of_issue": "Punctuation/Spelling/Typos",
    "solution": "Replace the standard space after the preposition \"v\" with a non-breaking space.",
    "updated_sentence": "Flexibilita v termínech vyzvednutí i vrácení vozu vám dává větší prostor pro úsporu.",
    "severity": "Minor",
    "score_deduction": 1,
    "source_file": "2026-2027-cz-car-hire-city-10.docx",
    "url": "https://www.skyscanner.cz/pronajem-auta-v/pronajem-auta-v-budapest/27539604.html",
    "candidate": "https://www.skyscanner.cz/pronajem-auta-v/pronajem-auta-v-budapest/27539604.html"
  },
  {
    "text": "Pokud hledáte úsporné řešení do městského provozu, společnost U-Save nabízí model Fiat 500 s manuální převodovkou od 455 Kč/den.",
    "issue": "A standard space was used between the number and currency unit instead of the required non-breaking space. This pattern repeats for all prices in the text.",
    "type_of_issue": "Punctuation/Spelling/Typos",
    "solution": "Replace the standard space with a non-breaking space between the number and the currency unit 'Kč' as required by Czech typographic rules.",
    "updated_sentence": "Pokud hledáte úsporné řešení do městského provozu, společnost U-Save nabízí model Fiat 500 s manuální převodovkou od 455 Kč/den.",
    "severity": "Minor",
    "score_deduction": 1,
    "source_file": "2026-2027-cz-car-hire-city-10.docx",
    "url": "https://www.skyscanner.cz/pronajem-auta-v/pronajem-auta-v-budapest/27539604.html",
    "candidate": "https://www.skyscanner.cz/pronajem-auta-v/pronajem-auta-v-budapest/27539604.html"
  },
  {
    "text": "Zapůjčený vůz si v Budapešti můžete vyzvednout přímo na letišti, nebo v centru města, například v páté obvodu či ve čtvrti Lipótváros.",
    "issue": "Incorrect grammatical case agreement. The masculine noun 'obvod' requires the masculine locative form 'v pátém obvodě'.",
    "type_of_issue": "Grammar",
    "solution": "Change the adjective and noun to the correct masculine locative case: 'v pátém obvodě'.",
    "updated_sentence": "Zapůjčený vůz si v Budapešti můžete vyzvednout přímo na letišti, nebo v centru města, například v pátém obvodě či ve čtvrti Lipótváros.",
    "severity": "Minor",
    "score_deduction": 1,
    "source_file": "2026-2027-cz-car-hire-city-10.docx",
    "url": "https://www.skyscanner.cz/pronajem-auta-v/pronajem-auta-v-budapest/27539604.html",
    "candidate": "https://www.skyscanner.cz/pronajem-auta-v/pronajem-auta-v-budapest/27539604.html"
  },
  {
    "text": "Zapůjčený vůz si v Budapešti můžete vyzvednout přímo na letišti, nebo v centru města, například v páté obvodu či ve čtvrti Lipótváros.",
    "issue": "Missing non-breaking spaces after single-letter prepositions (e.g., 'v', 'z', 'a') as required by Czech typography. This pattern repeats throughout the text.",
    "type_of_issue": "Punctuation/Spelling/Typos",
    "solution": "Insert a non-breaking space after each standalone single-letter preposition.",
    "updated_sentence": "Zapůjčený vůz si v Budapešti můžete vyzvednout přímo na letišti, nebo v centru města, například v páté obvodu či ve čtvrti Lipótváros.",
    "severity": "Minor",
    "score_deduction": 1,
    "source_file": "2026-2027-cz-car-hire-city-10.docx",
    "url": "https://www.skyscanner.cz/pronajem-auta-v/pronajem-auta-v-budapest/27539604.html",
    "candidate": "https://www.skyscanner.cz/pronajem-auta-v/pronajem-auta-v-budapest/27539604.html"
  },
  {
    "text": "V Budapešti si můžete vybrat mezi šesti půjčovnami aut.",
    "issue": "The single-letter preposition 'V' is not followed by a non-breaking space, as required by Czech typography. This pattern repeats with other single-letter prepositions (k, a, u) throughout the text.",
    "type_of_issue": "Punctuation/Spelling/Typos",
    "solution": "Insert a non-breaking space after the single-letter preposition.",
    "updated_sentence": "V Budapešti si můžete vybrat mezi šesti půjčovnami aut.",
    "severity": "Minor",
    "score_deduction": 1,
    "source_file": "2026-2027-cz-car-hire-city-10.docx",
    "url": "https://www.skyscanner.cz/pronajem-auta-v/pronajem-auta-v-budapest/27539604.html",
    "candidate": "https://www.skyscanner.cz/pronajem-auta-v/pronajem-auta-v-budapest/27539604.html"
  },
  {
    "text": "Vozidlo si lze pronajmout od 21 let, přičemž řada půjčoven připočítává příplatek pro mladé řidiče do 25 let.",
    "issue": "Numbers are not separated from their unit ('let') by a non-breaking space, as required by Czech typography. This pattern repeats in the following sentence.",
    "type_of_issue": "Punctuation/Spelling/Typos",
    "solution": "Insert a non-breaking space between the number and the unit 'let'.",
    "updated_sentence": "Vozidlo si lze pronajmout od 21 let, přičemž řada půjčoven připočítává příplatek pro mladé řidiče do 25 let.",
    "severity": "Minor",
    "score_deduction": 1,
    "source_file": "2026-2027-cz-car-hire-city-10.docx",
    "url": "https://www.skyscanner.cz/pronajem-auta-v/pronajem-auta-v-budapest/27539604.html",
    "candidate": "https://www.skyscanner.cz/pronajem-auta-v/pronajem-auta-v-budapest/27539604.html"
  },
  {
    "text": "Na dálnicích platí nejvyšší povolená rychlost 130 km/h, na rychlostních silnicích 110 km/h.",
    "issue": "A non-breaking space is required between a number and its unit ('km/h') according to Czech typographic rules. This pattern repeats for all speed limits mentioned in the text.",
    "type_of_issue": "Punctuation/Spelling/Typos",
    "solution": "Insert a non-breaking space between the number and the unit for all instances.",
    "updated_sentence": "Na dálnicích platí nejvyšší povolená rychlost 130 km/h, na rychlostních silnicích 110 km/h.",
    "severity": "Minor",
    "score_deduction": 1,
    "source_file": "2026-2027-cz-car-hire-city-10.docx",
    "url": "https://www.skyscanner.cz/pronajem-auta-v/pronajem-auta-v-budapest/27539604.html",
    "candidate": "https://www.skyscanner.cz/pronajem-auta-v/pronajem-auta-v-budapest/27539604.html"
  },
  {
    "text": "Pronájem auta v Curychu začíná na 1 552 Kč/den, zatímco roční průměr se pohybuje kolem 1 677 Kč/den.",
    "issue": "Czech typography requires a non-breaking space for thousands separators in numbers and between a number and its unit.",
    "type_of_issue": "Punctuation/Spelling/Typos",
    "solution": "Add non-breaking spaces in the numbers '1 552' and '1 677', and between the numbers and the currency unit 'Kč/den'.",
    "updated_sentence": "Pronájem auta v Curychu začíná na 1 552 Kč/den, zatímco roční průměr se pohybuje kolem 1 677 Kč/den.",
    "severity": "Minor",
    "score_deduction": 1,
    "source_file": "2026-2027-cz-car-hire-city-10.docx",
    "url": "https://www.skyscanner.cz/pronajem-auta-v/pronajem-auta-v-curych/27537524.html",
    "candidate": "https://www.skyscanner.cz/pronajem-auta-v/pronajem-auta-v-curych/27537524.html"
  },
  {
    "text": "Rezervaci se vyplatí uskutečnit 1 týden předem, což většinou přináší lepší podmínky než čekání na poslední chvíli.",
    "issue": "Czech typography requires a non-breaking space between a number and its unit.",
    "type_of_issue": "Punctuation/Spelling/Typos",
    "solution": "Add a non-breaking space between the number '1' and the unit 'týden'.",
    "updated_sentence": "Rezervaci se vyplatí uskutečnit 1 týden předem, což většinou přináší lepší podmínky než čekání na poslední chvíli.",
    "severity": "Minor",
    "score_deduction": 1,
    "source_file": "2026-2027-cz-car-hire-city-10.docx",
    "url": "https://www.skyscanner.cz/pronajem-auta-v/pronajem-auta-v-curych/27537524.html",
    "candidate": "https://www.skyscanner.cz/pronajem-auta-v/pronajem-auta-v-curych/27537524.html"
  },
  {
    "text": "Pokud hledáte podobně kompaktní vůz, společnost Budget nabízí model SEAT Ibiza s manuální převodovkou od 1 552 Kč/den.",
    "issue": "The text systematically fails to use non-breaking spaces as required by Czech typographic rules: after single-letter prepositions (e.g., 's'), for thousands separators in numbers, and between numbers and their units. This pattern repeats throughout the paragraph.",
    "type_of_issue": "Punctuation/Spelling/Typos",
    "solution": "Apply non-breaking spaces after single-letter prepositions, within numbers as the thousands separator, and between numbers and units (e.g., 'Kč').",
    "updated_sentence": "Pokud hledáte podobně kompaktní vůz, společnost Budget nabízí model SEAT Ibiza s manuální převodovkou od 1 552 Kč/den.",
    "severity": "Minor",
    "score_deduction": 1,
    "source_file": "2026-2027-cz-car-hire-city-10.docx",
    "url": "https://www.skyscanner.cz/pronajem-auta-v/pronajem-auta-v-curych/27537524.html",
    "candidate": "https://www.skyscanner.cz/pronajem-auta-v/pronajem-auta-v-curych/27537524.html"
  },
  {
    "text": "Vůz si v Curychu vyzvednete přímo v centru, například ve čtvrti District 1-Altstadt, kde najdete širokou nabídku autopůjčoven. Praktickou alternativou je letiště Curych, které bývá dobře dostupné hned po příletu. Pokud jde o ceny, vyzvednutí v centru města vychází zpravidla levněji než na letišti. Vůz lze převzít i v dalších lokalitách, mimo jiné u hlavního nádraží nebo ve čtvrtích Fluntern, District 6 a District 7. Výběr místa tak můžete přizpůsobit tomu, odkud budete cestu začínat.",
    "issue": "Missing non-breaking spaces after single-letter prepositions ('v', 'u') as required by Czech typographic rules. Pattern repeats throughout the text.",
    "type_of_issue": "Punctuation/Spelling/Typos",
    "solution": "Insert a non-breaking space after each single-letter preposition ('v', 'u') to prevent it from being left at the end of a line.",
    "updated_sentence": "Vůz si v Curychu vyzvednete přímo v centru, například ve čtvrti District 1-Altstadt, kde najdete širokou nabídku autopůjčoven. Praktickou alternativou je letiště Curych, které bývá dobře dostupné hned po příletu. Pokud jde o ceny, vyzvednutí v centru města vychází zpravidla levněji než na letišti. Vůz lze převzít i v dalších lokalitách, mimo jiné u hlavního nádraží nebo ve čtvrtích Fluntern, District 6 a District 7. Výběr místa tak můžete přizpůsobit tomu, odkud budete cestu začínat.",
    "severity": "Minor",
    "score_deduction": 1,
    "source_file": "2026-2027-cz-car-hire-city-10.docx",
    "url": "https://www.skyscanner.cz/pronajem-auta-v/pronajem-auta-v-curych/27537524.html",
    "candidate": "https://www.skyscanner.cz/pronajem-auta-v/pronajem-auta-v-curych/27537524.html"
  },
  {
    "text": "V Curychu si můžete vybrat z celkem 6 poskytovatelů půjčoven aut.",
    "issue": "A non-breaking space is required after single-letter prepositions ('V', 'z', 'k', 'u', 'a') according to Czech typographic rules. This error pattern repeats throughout the text.",
    "type_of_issue": "Punctuation/Spelling/Typos",
    "solution": "Insert a non-breaking space after each single-letter preposition.",
    "updated_sentence": "V Curychu si můžete vybrat z celkem 6 poskytovatelů půjčoven aut.",
    "severity": "Minor",
    "score_deduction": 1,
    "source_file": "2026-2027-cz-car-hire-city-10.docx",
    "url": "https://www.skyscanner.cz/pronajem-auta-v/pronajem-auta-v-curych/27537524.html",
    "candidate": "https://www.skyscanner.cz/pronajem-auta-v/pronajem-auta-v-curych/27537524.html"
  },
  {
    "text": "Na dálnicích platí rychlostní limit 120 km/h, na rychlostních silnicích 100 km/h.",
    "issue": "A non-breaking space is missing between the number and the unit 'km/h', which is required by Czech typographic rules. This pattern repeats with other speed limits in the text.",
    "type_of_issue": "Punctuation/Spelling/Typos",
    "solution": "Insert a non-breaking space between the number and the 'km/h' unit in all instances.",
    "updated_sentence": "Na dálnicích platí rychlostní limit 120 km/h, na rychlostních silnicích 100 km/h.",
    "severity": "Minor",
    "score_deduction": 1,
    "source_file": "2026-2027-cz-car-hire-city-10.docx",
    "url": "https://www.skyscanner.cz/pronajem-auta-v/pronajem-auta-v-curych/27537524.html",
    "candidate": "https://www.skyscanner.cz/pronajem-auta-v/pronajem-auta-v-curych/27537524.html"
  },
  {
    "text": "Půjčovna auta na Phuketu začíná na 327 Kč/den, přičemž roční průměr se pohybuje kolem 812 Kč/den.",
    "issue": "A non-breaking space is missing between the numbers and the currency unit 'Kč/den', which is required by Czech typographic rules.",
    "type_of_issue": "Punctuation/Spelling/Typos",
    "solution": "Insert a non-breaking space after the numbers '327' and '812' before the unit 'Kč/den'.",
    "updated_sentence": "Půjčovna auta na Phuketu začíná na 327 Kč/den, přičemž roční průměr se pohybuje kolem 812 Kč/den.",
    "severity": "Minor",
    "score_deduction": 1,
    "source_file": "2026-2027-cz-car-hire-city-10.docx",
    "url": "https://www.skyscanner.cz/pronajem-auta-v/pronajem-auta-v-phuket/27542069.html",
    "candidate": "https://www.skyscanner.cz/pronajem-auta-v/pronajem-auta-v-phuket/27542069.html"
  },
  {
    "text": "Pokud dáváte přednost menšímu vozu s automatickou převodovkou, nabízí společnost 999 CAR RENTAL model Mitsubishi Mirage od 327 Kč/den.",
    "issue": "A regular space is used instead of a required non-breaking space between the number and the currency symbol 'Kč'. This pattern repeats with '351 Kč/den'.",
    "type_of_issue": "Punctuation/Spelling/Typos",
    "solution": "Replace the regular space with a non-breaking space between the number and 'Kč' to prevent incorrect line wrapping, as per Czech typographic rules.",
    "updated_sentence": "Pokud dáváte přednost menšímu vozu s automatickou převodovkou, nabízí společnost 999 CAR RENTAL model Mitsubishi Mirage od 327 Kč/den.",
    "severity": "Minor",
    "score_deduction": 1,
    "source_file": "2026-2027-cz-car-hire-city-10.docx",
    "url": "https://www.skyscanner.cz/pronajem-auta-v/pronajem-auta-v-phuket/27542069.html",
    "candidate": "https://www.skyscanner.cz/pronajem-auta-v/pronajem-auta-v-phuket/27542069.html"
  },
  {
    "text": "V Phuketu si můžete vybrat z nabídky šesti autopůjčoven.",
    "issue": "The single-letter preposition 'V' is not followed by a non-breaking space, which is required by Czech typographic rules to prevent it from being orphaned at the end of a line.",
    "type_of_issue": "Punctuation/Spelling/Typos",
    "solution": "Insert a non-breaking space after the preposition 'V'.",
    "updated_sentence": "V Phuketu si můžete vybrat z nabídky šesti autopůjčoven.",
    "severity": "Minor",
    "score_deduction": 1,
    "source_file": "2026-2027-cz-car-hire-city-10.docx",
    "url": "https://www.skyscanner.cz/pronajem-auta-v/pronajem-auta-v-phuket/27542069.html",
    "candidate": "https://www.skyscanner.cz/pronajem-auta-v/pronajem-auta-v-phuket/27542069.html"
  },
  {
    "text": "K pronájmu vždy potřebujete platný cestovní pas nebo občanský průkaz a řidičský průkaz.",
    "issue": "The single-letter preposition 'K' is not followed by a non-breaking space, which is required by Czech typographic rules to prevent it from being orphaned at the end of a line.",
    "type_of_issue": "Punctuation/Spelling/Typos",
    "solution": "Insert a non-breaking space after the preposition 'K'.",
    "updated_sentence": "K pronájmu vždy potřebujete platný cestovní pas nebo občanský průkaz a řidičský průkaz.",
    "severity": "Minor",
    "score_deduction": 1,
    "source_file": "2026-2027-cz-car-hire-city-10.docx",
    "url": "https://www.skyscanner.cz/pronajem-auta-v/pronajem-auta-v-phuket/27542069.html",
    "candidate": "https://www.skyscanner.cz/pronajem-auta-v/pronajem-auta-v-phuket/27542069.html"
  },
  {
    "text": "Mezinárodní řidičské oprávnění je nutné, pokud váš domácí průkaz není vydán v angličtině nebo thajštině; výjimku mají řidičské průkazy z ostatních zemí sdružení ASEAN.",
    "issue": "The single-letter prepositions 'v' and 'z' are not followed by a non-breaking space, which is required by Czech typographic rules to prevent them from being orphaned at the end of a line.",
    "type_of_issue": "Punctuation/Spelling/Typos",
    "solution": "Insert a non-breaking space after the prepositions 'v' and 'z'.",
    "updated_sentence": "Mezinárodní řidičské oprávnění je nutné, pokud váš domácí průkaz není vydán v angličtině nebo thajštině; výjimku mají řidičské průkazy z ostatních zemí sdružení ASEAN.",
    "severity": "Minor",
    "score_deduction": 1,
    "source_file": "2026-2027-cz-car-hire-city-10.docx",
    "url": "https://www.skyscanner.cz/pronajem-auta-v/pronajem-auta-v-phuket/27542069.html",
    "candidate": "https://www.skyscanner.cz/pronajem-auta-v/pronajem-auta-v-phuket/27542069.html"
  },
  {
    "text": "V Thajsku se jezdí vlevo, na což je dobré pamatovat hlavně při odbočování a na křižovatkách. Na dálnicích platí nejvyšší povolená rychlost 120 km/h, na rychlostních silnicích 90 km/h a stejný limit najdete i na silnicích mimo obce. V zástavbě a na ostatních komunikacích se rychlost snižuje na 50 km/h. Rychlostní silnice v Thajsku jsou zpoplatněné, mýtné se vybírá na obsluhovaných branách přijímajících hotovost. K dispozici jsou také elektronické systémy Easy Pass a M-Pass a novější řešení M-Flow, které funguje na základě rozpoznávání registrační značky a umožňuje plynulejší průjezd.",
    "issue": "Missing non-breaking spaces after single-letter prepositions/conjunctions (e.g., 'V', 'k', 'a', 'i') and between numbers and units (e.g., '120 km/h'), which is required by Czech typographic rules. This pattern repeats throughout the text.",
    "type_of_issue": "Punctuation/Spelling/Typos",
    "solution": "Insert non-breaking spaces where required to prevent incorrect line breaks and adhere to Czech typography.",
    "updated_sentence": "V Thajsku se jezdí vlevo, na což je dobré pamatovat hlavně při odbočování a na křižovatkách. Na dálnicích platí nejvyšší povolená rychlost 120 km/h, na rychlostních silnicích 90 km/h a stejný limit najdete i na silnicích mimo obce. V zástavbě a na ostatních komunikacích se rychlost snižuje na 50 km/h. Rychlostní silnice v Thajsku jsou zpoplatněné, mýtné se vybírá na obsluhovaných branách přijímajících hotovost. K dispozici jsou také elektronické systémy Easy Pass a M-Pass a novější řešení M-Flow, které funguje na základě rozpoznávání registrační značky a umožňuje plynulejší průjezd.",
    "severity": "Minor",
    "score_deduction": 1,
    "source_file": "2026-2027-cz-car-hire-city-10.docx",
    "url": "https://www.skyscanner.cz/pronajem-auta-v/pronajem-auta-v-phuket/27542069.html",
    "candidate": "https://www.skyscanner.cz/pronajem-auta-v/pronajem-auta-v-phuket/27542069.html"
  },
  {
    "text": "Pronájem auta v Bukurešti začíná na 249 Kč/den, přičemž roční průměr se pohybuje kolem 1 371 Kč/den.",
    "issue": "Missing non-breaking spaces after a single-letter preposition, between numbers and currency units, and for the thousands separator, as required by Czech typography rules. This type of error repeats in the text.",
    "type_of_issue": "Punctuation/Spelling/Typos",
    "solution": "Insert non-breaking spaces (U+00A0) after 'v', in '249 Kč', and in '1 371 Kč' (for both the separator and the unit).",
    "updated_sentence": "Pronájem auta v Bukurešti začíná na 249 Kč/den, přičemž roční průměr se pohybuje kolem 1 371 Kč/den.",
    "severity": "Minor",
    "score_deduction": 1,
    "source_file": "2026-2027-cz-car-hire-city-10.docx",
    "url": "https://www.skyscanner.cz/pronajem-auta-v/pronajem-auta-v-bukurest/27545262.html",
    "candidate": "https://www.skyscanner.cz/pronajem-auta-v/pronajem-auta-v-bukurest/27545262.html"
  },
  {
    "text": "Rezervaci se vyplatí zařídit 4 týdny předem, což vám dá prostor porovnat nabídky jednotlivých poskytovatelů a modelů.",
    "issue": "A non-breaking space is required between a number and its unit according to Czech typography rules.",
    "type_of_issue": "Punctuation/Spelling/Typos",
    "solution": "Replace the regular space between '4' and 'týdny' with a non-breaking space (U+00A0).",
    "updated_sentence": "Rezervaci se vyplatí zařídit 4 týdny předem, což vám dá prostor porovnat nabídky jednotlivých poskytovatelů a modelů.",
    "severity": "Minor",
    "score_deduction": 1,
    "source_file": "2026-2027-cz-car-hire-city-10.docx",
    "url": "https://www.skyscanner.cz/pronajem-auta-v/pronajem-auta-v-bukurest/27545262.html",
    "candidate": "https://www.skyscanner.cz/pronajem-auta-v/pronajem-auta-v-bukurest/27545262.html"
  },
  {
    "text": "Pokud hledáte něco menšího a úspornějšího, nabízí společnost Payless model Toyota Aygo s manuální převodovkou od 249 Kč/den.",
    "issue": "A non-breaking space is required between a number and its unit ('249 Kč') per Czech typographic rules. The current text uses a regular space. This pattern repeats for all prices.",
    "type_of_issue": "Punctuation/Spelling/Typos",
    "solution": "Replace the regular space with a non-breaking space between the number and 'Kč' in all instances (249 Kč, 295 Kč, 487 Kč).",
    "updated_sentence": "Pokud hledáte něco menšího a úspornějšího, nabízí společnost Payless model Toyota Aygo s manuální převodovkou od 249 Kč/den.",
    "severity": "Minor",
    "score_deduction": 1,
    "source_file": "2026-2027-cz-car-hire-city-10.docx",
    "url": "https://www.skyscanner.cz/pronajem-auta-v/pronajem-auta-v-bukurest/27545262.html",
    "candidate": "https://www.skyscanner.cz/pronajem-auta-v/pronajem-auta-v-bukurest/27545262.html"
  },
  {
    "text": "Vůz si v Bukurešti můžete vyzvednout přímo na letišti Otopeni, které je běžným výchozím bodem pro cesty do města i okolí.",
    "issue": "A non-breaking space is required after single-letter prepositions (e.g., 'v', 'k') and conjunctions ('a') according to Czech typographic rules. This pattern repeats throughout the text.",
    "type_of_issue": "Punctuation/Spelling/Typos",
    "solution": "Add a non-breaking space after all single-letter prepositions and conjunctions.",
    "updated_sentence": "Vůz si v Bukurešti můžete vyzvednout přímo na letišti Otopeni, které je běžným výchozím bodem pro cesty do města i okolí.",
    "severity": "Minor",
    "score_deduction": 1,
    "source_file": "2026-2027-cz-car-hire-city-10.docx",
    "url": "https://www.skyscanner.cz/pronajem-auta-v/pronajem-auta-v-bukurest/27545262.html",
    "candidate": "https://www.skyscanner.cz/pronajem-auta-v/pronajem-auta-v-bukurest/27545262.html"
  },
  {
    "text": "U řidičských průkazů vydaných mimo EU nebo bez latinky je navíc nutné mezinárodní řidičské oprávnění.",
    "issue": "A comma is missing after the long introductory adverbial phrase to separate it from the main clause, which is required for clarity under Czech punctuation rules.",
    "type_of_issue": "Punctuation/Spelling/Typos",
    "solution": "Add a comma after 'latinky' to correctly punctuate the sentence.",
    "updated_sentence": "U řidičských průkazů vydaných mimo EU nebo bez latinky, je navíc nutné mezinárodní řidičské oprávnění.",
    "severity": "Minor",
    "score_deduction": 1,
    "source_file": "2026-2027-cz-car-hire-city-10.docx",
    "url": "https://www.skyscanner.cz/pronajem-auta-v/pronajem-auta-v-bukurest/27545262.html",
    "candidate": "https://www.skyscanner.cz/pronajem-auta-v/pronajem-auta-v-bukurest/27545262.html"
  },
  {
    "text": "Na dálnicích platí nejvyšší povolená rychlost 130 km/h, na rychlostních silnicích 120 km/h, ovšem v horských úsecích rychlostních silnic klesá na 80 km/h.",
    "issue": "A standard space is used between numbers and the 'km/h' unit, but Czech typography requires a non-breaking space. This pattern repeats for all number-unit pairs in the text.",
    "type_of_issue": "Punctuation/Spelling/Typos",
    "solution": "Replace the standard space with a non-breaking space between each number and its unit (km/h).",
    "updated_sentence": "Na dálnicích platí nejvyšší povolená rychlost 130 km/h, na rychlostních silnicích 120 km/h, ovšem v horských úsecích rychlostních silnic klesá na 80 km/h.",
    "severity": "Minor",
    "score_deduction": 1,
    "source_file": "2026-2027-cz-car-hire-city-10.docx",
    "url": "https://www.skyscanner.cz/pronajem-auta-v/pronajem-auta-v-bukurest/27545262.html",
    "candidate": "https://www.skyscanner.cz/pronajem-auta-v/pronajem-auta-v-bukurest/27545262.html"
  },
  {
    "text": "Kdo dává přednost automatu a vyšší výbavě, může zvážit model BMW 3-Series od společnosti Sixt s automatickou převodovkou od 363 Kč/den.",
    "issue": "The car model name \"BMW 3-Series\" is incorrectly hyphenated.",
    "type_of_issue": "Compliance",
    "solution": "Remove the hyphen from the model name to adhere to the correct brand format: \"BMW 3 Series\".",
    "updated_sentence": "Kdo dává přednost automatu a vyšší výbavě, může zvážit model BMW 3 Series od společnosti Sixt s automatickou převodovkou od 363 Kč/den.",
    "severity": "Minor",
    "score_deduction": 1,
    "source_file": "2026-2027-cz-car-hire-city-10.docx",
    "url": "https://www.skyscanner.cz/pronajem-auta-v/pronajem-auta-v-milan/27544068.html",
    "candidate": "https://www.skyscanner.cz/pronajem-auta-v/pronajem-auta-v-milan/27544068.html"
  },
  {
    "text": "Vůz si v Milánu můžete vyzvednout přímo v centru města, například v oblasti kolem katedrály Duomo, kde najdete širokou nabídku autopůjčoven.",
    "issue": "A single-letter preposition 'v' is followed by a regular space, violating Czech typographic rules which require a non-breaking space to prevent the preposition from being stranded at the end of a line.",
    "type_of_issue": "Punctuation/Spelling/Typos",
    "solution": "Replace the regular space after the single-letter preposition 'v' with a non-breaking space.",
    "updated_sentence": "Vůz si v Milánu můžete vyzvednout přímo v centru města, například v oblasti kolem katedrály Duomo, kde najdete širokou nabídku autopůjčoven.",
    "severity": "Minor",
    "score_deduction": 1,
    "source_file": "2026-2027-cz-car-hire-city-10.docx",
    "url": "https://www.skyscanner.cz/pronajem-auta-v/pronajem-auta-v-milan/27544068.html",
    "candidate": "https://www.skyscanner.cz/pronajem-auta-v/pronajem-auta-v-milan/27544068.html"
  },
  {
    "text": "V Milánu si můžete půjčit auto u šesti různých poskytovatelů.",
    "issue": "A non-breaking space is required after single-letter prepositions ('V', 'u') according to Czech typographic rules. This pattern repeats throughout the text.",
    "type_of_issue": "Punctuation/Spelling/Typos",
    "solution": "Insert a non-breaking space after each single-letter preposition.",
    "updated_sentence": "V Milánu si můžete půjčit auto u šesti různých poskytovatelů.",
    "severity": "Minor",
    "score_deduction": 1,
    "source_file": "2026-2027-cz-car-hire-city-10.docx",
    "url": "https://www.skyscanner.cz/pronajem-auta-v/pronajem-auta-v-milan/27544068.html",
    "candidate": "https://www.skyscanner.cz/pronajem-auta-v/pronajem-auta-v-milan/27544068.html"
  },
  {
    "text": "V Itálii se jezdí vpravo.",
    "issue": "A non-breaking space is required after a single-letter preposition per Czech typographic rules. This pattern repeats with 'v' and 's'.",
    "type_of_issue": "Punctuation/Spelling/Typos",
    "solution": "Insert a non-breaking space after the single-letter preposition 'V'.",
    "updated_sentence": "V Itálii se jezdí vpravo.",
    "severity": "Minor",
    "score_deduction": 1,
    "source_file": "2026-2027-cz-car-hire-city-10.docx",
    "url": "https://www.skyscanner.cz/pronajem-auta-v/pronajem-auta-v-milan/27544068.html",
    "candidate": "https://www.skyscanner.cz/pronajem-auta-v/pronajem-auta-v-milan/27544068.html"
  },
  {
    "text": "Na dálnicích platí nejvyšší povolená rychlost 130 km/h, na rychlostních silnicích 110 km/h.",
    "issue": "A non-breaking space is required between a number and its unit per Czech typographic rules. This pattern repeats for all speed limits.",
    "type_of_issue": "Punctuation/Spelling/Typos",
    "solution": "Insert a non-breaking space between the numbers and the 'km/h' unit.",
    "updated_sentence": "Na dálnicích platí nejvyšší povolená rychlost 130 km/h, na rychlostních silnicích 110 km/h.",
    "severity": "Minor",
    "score_deduction": 1,
    "source_file": "2026-2027-cz-car-hire-city-10.docx",
    "url": "https://www.skyscanner.cz/pronajem-auta-v/pronajem-auta-v-milan/27544068.html",
    "candidate": "https://www.skyscanner.cz/pronajem-auta-v/pronajem-auta-v-milan/27544068.html"
  }
]

Return ONLY the JSON object for overall_feedback as specified in the system prompt.

2026-09-01 02:23:10,741 - INFO - AFC is enabled with max remote calls: 10.
2026-09-01 02:23:41,853 - INFO - HTTP Request: POST https://generativelanguage.googleapis.com/v1beta/models/gemini-2.5-pro:generateContent "HTTP/1.1 200 OK"
2026-09-01 02:23:42,024 - INFO - [CZ] Wrote report → /Users/apple/Desktop/aurix/skyscanner-AI-Writer-IMWT/output/CZ/LQA_Report_CZ_20260901_002341.xlsx
2026-09-01 02:23:42,029 - INFO - [CZ] Saved raw JSON → /Users/apple/Desktop/aurix/skyscanner-AI-Writer-IMWT/output/CZ/LQA_Report_CZ_20260901_002341_final.json
2026-09-01 02:23:42,111 - INFO - Wrote edited DOCX → /Users/apple/Desktop/aurix/skyscanner-AI-Writer-IMWT/output/CZ/Edited_CZ_2026-2027-cz-car-hire-city-06_20260901_002342.docx
2026-09-01 02:23:42,186 - INFO - Wrote edited DOCX → /Users/apple/Desktop/aurix/skyscanner-AI-Writer-IMWT/output/CZ/Edited_CZ_2026-2027-cz-car-hire-city-07_20260901_002342.docx
2026-09-01 02:23:42,275 - INFO - Wrote edited DOCX → /Users/apple/Desktop/aurix/skyscanner-AI-Writer-IMWT/output/CZ/Edited_CZ_2026-2027-cz-car-hire-city-08_20260901_002342.docx
2026-09-01 02:23:42,344 - INFO - Wrote edited DOCX → /Users/apple/Desktop/aurix/skyscanner-AI-Writer-IMWT/output/CZ/Edited_CZ_2026-2027-cz-car-hire-city-09_20260901_002342.docx
2026-09-01 02:23:42,435 - INFO - Wrote edited DOCX → /Users/apple/Desktop/aurix/skyscanner-AI-Writer-IMWT/output/CZ/Edited_CZ_2026-2027-cz-car-hire-city-10_20260901_002342.docx
2026-09-01 02:23:42,435 - INFO - [CZ] Completed all three agents.

2026-09-01 02:23:42,435 - INFO - ===== Language GR: parsing input files → sections/batches =====
2026-09-01 02:23:42,506 - INFO - [GR] Total batches to process: 250
2026-09-01 02:23:42,645 - INFO - [A1][GR][2026-2027-gr-car-hire-city-06__0001] SYSTEM PROMPT (first batch only):
# ROLE & MISSION

You are an **Expert Technical LQA Auditor**. Your mission is to perform a precise, objective, and rule-based audit of localized content. Your single focus is to identify and report **verifiable errors** that impact **correctness, clarity, and compliance**.

You are an auditor, **not a creative editor**. Your analysis must be grounded in the provided rules, glossary, and linguistic conventions. You will produce a single, clean JSON object containing actionable, high-impact findings.

This prompt is used across multiple languages. A locale-specific instruction pack is auto-injected as `lang instructions`. **These instructions are your highest authority and override any general rules in this document where they differ.**

You will receive a `Topic Name` for each batch (e.g., a route or travel topic). Use it as context and **do not flag hardcoded city/route mentions as errors when they match the Topic Name** (destination/from cities already specified by the topic are not mistakes).

---

## PROJECT-SPECIFIC EXCLUSIONS (HIGHEST PRIORITY)

Do **not** flag or correct names, cities/place names, car-rental providers, or car models/types merely because they are not localized or remain in another language/alphabet. The agency will handle them. Preserve them exactly in `updated_sentence`. Flag only an independent objective error that is not based on localization or script.

---

## THE PRIME DIRECTIVE: OBJECTIVITY OVER PREFERENCE

This is your most important instruction. Your primary function is to eliminate subjective, preferential feedback. You must strictly adhere to the following rules:

**✅ FLAG ONLY (Objective & Actionable Issues):**

* **Grammatical Errors:** Incorrect verb tense, case, gender agreement, prepositions that alter meaning.
* **Spelling & Punctuation Errors:** Typos, incorrect use of accents/diacritics, violations of locale-specific punctuation rules (e.g., missing spaces in French, incorrect quote style in German).
* **Compliance Violations:** Failure to use a **mandatory** glossary/brand term, incorrect capitalization of a **brand/proper name**, use of a forbidden term, or required unit/currency presentation not followed.
* **Accuracy Errors:** Factual mistakes **visible in the text**, incorrect numbers, mistranslations that change the meaning, failure to provide **required** metric/imperial conversions.
* **Severe Clarity Issues:** Sentences so long, convoluted, or poorly structured that they are objectively difficult for a native speaker to understand upon first reading.
* **SEO/Editorial Paragraph Segmentation:** A **single** body paragraph under an SEO/editorial heading that packs **multiple distinct ideas** and is objectively hard to scan — flag as **Style** and provide a split (separate short paragraphs). Do **not** use this for synonym preference or mild aesthetic rewrites.

**❌ DO NOT FLAG (Subjective & Preferential Noise):**

* **"Unnatural" or "Awkward" Phrasing:** If a sentence is grammatically correct and its meaning is clear, do not flag it for sounding "awkward," "clunky," or "lacking native-like flow."
* **Synonyms & Paraphrasing:** Do not flag alternative word choices or sentence structures if the meaning remains identical and clear. (e.g., "find a flight" vs. "search for a flight").
* **Redundancy for Emphasis:** Do not flag mild repetition if it does not cause confusion or violate a brand rule.
* **Content Improvement Suggestions:** Do not suggest adding more examples, enriching the content, or changing the information architecture. Your scope is limited to the existing text.
* **Minor Tone Tweaks:** Do not suggest changes to make the tone "more friendly" or "more engaging" unless it directly contradicts a mandatory register rule in `lang instructions` (e.g., using formal "Sie" when informal "du" is required).

---

## LANGUAGE-AGNOSTIC CATEGORIZATION RULES (ENFORCED)

Apply these **global rules** before assigning any category:

1. **No external fact‑checking**

* Do **not** verify laws, limits, prices, or policies against outside knowledge. Use **Accuracy** only when there is an **internal contradiction**, a **mistranslation**, or an **objective numeric/format error** visible in the given text.
* Example (DO NOT FLAG): NL text states motorway limit 100 km/u → **out of scope** unless the document contradicts itself.
* Example (FLAG as **Compliance · Major**): mph shown without required km/h conversion for a metric locale.

2. **Brand / Proper‑noun rules are Compliance**

* Misspelling, wrong casing, or spacing of official brand/proper names → **Compliance** (not Punctuation).
* Examples: *star car → starcar* (DE), *yalla → Yalla* (pt‑BR), *Rental plus → Rental Plus* (NL).

3. **Currency: what vs how**

* **What** currency is used for the location (USD vs £) → **Accuracy** (Major) if wrong.
* **How** currency is formatted/spaced/symbol order → **Compliance** (Minor/Major per locale rules).

4. **Units & conversions**

* Missing mandated metric/imperial conversion or wrong primary unit for the locale → **Compliance** (Major if it impacts comprehension).
* Arithmetic or numeric impossibility (e.g., inconsistent totals) → **Accuracy**.

5. **Headings & typography**

* Punctuation in headings (e.g., stray period) → **Punctuation/Spelling/Typos**.
* Locale‑specific quotes/spaces/diacritics → **Punctuation/Spelling/Typos**.

6. **Clarity vs preference**

* Use **Style** only for **objective readability breakdowns** (run‑on/unparsable, or SEO body paragraphs that objectively pack multiple distinct ideas and must be split for scanability). Do **not** use Style for “sounds nicer” feedback.

7. **Terminology & Glossary Handling (IMPORTANT)**

* Treat the term list as **reference**, not rigid commands. Enforce **only** terms explicitly marked **mandatory** in `GR_instructions` or the glossary metadata, or when they are **brand/proper names**.
* **Case‑insensitive by default**. Do **not** force Title Case because a glossary entry is capitalized.
* **Inflections and morphological variants are acceptable** if the meaning is preserved (plural/singular, gender, verb forms).
* **Generic vertical/category nouns are common nouns** (e.g., ES *alquiler de coches*, IT *auto premium* as adjective) → keep locale‑appropriate casing (often sentence/lowercase). Do **not** flag capitalization unless the locale pack explicitly mandates Title Case.
* **Brand corrections guardrail:**

  * Limit fixes to **casing/spacing** unless the **official spelling** appears in the provided glossary/terms or the error is an **obvious simple typo** of a known brand (single‑character omission/transposition).
  * **Do not rename** a brand to a different word if uncertain. Example: FR *Differental* → *Drivalia* **do not flag** unless the glossary explicitly lists *Drivalia* for that context.
* **Examples**

  * ✅ ES heading: *Proveedores de **alquiler de coches**…* (sentence case)
  * ❌ Forcing *Alquiler de Coches* when not mandated
  * ✅ IT: *auto **premium*** (category adjective lowercase); ❌ *auto **Premium*** unless brand



8. **Minimal fix principle**

* When proposing `updated_sentence`, change **only** what is required to resolve the error (no stylistic rewrites, no added content, no register shifts unless mandated).

9. **De‑duplication of repeated identical issues**

* If the same rule violation repeats in a contiguous pattern with identical structure, report **one representative instance** and mention in `issue`: *“Pattern repeats in similar sentences.”*

* For locale patterns like pt‑BR **introductory adverbial commas** (*Em São Paulo, …; No Ceará, …*), report **one representative instance per section** and note *“Pattern repeats in similar sentences.”* unless wording differs materially.


---

## SCOPE OF QA (ERROR CATEGORIES)

You will categorize every issue using one of the following exact labels. These are the only allowed values for `type_of_issue`.

1. **AI-issues:**

   * **Hallucination:** The text contains fabricated content presented as fact **inside the text**.
   * **Bias / Cultural Sensitivity:** The text contains offensive, inappropriate, biased, or culturally insensitive content.

2. **Style:**

   * **DEFINITION:** This category is **strictly limited to issues of clarity and readability that objectively hinder comprehension**.
   * **USE FOR:** Run-on sentences that are unparsable; severe structural issues that make the text's meaning ambiguous.
   * **DO NOT USE FOR:** Subjective feedback about "flow" or "naturalness."
   * **Examples:** Overlong sentence with multiple subordinations → split into two; broken list structure that obscures meaning.

3. **Accuracy:**

   * **DEFINITION:** Semantic fidelity or numeric correctness **within the provided text**.
   * **USE FOR:** Mistranslation that changes meaning; internal contradictions; wrong numbers or impossible arithmetic; **wrong currency for location** (e.g., £ for California).
   * **DO NOT USE FOR:** External fact‑checking (laws/speed limits/prices not contradicted by the text).
   * **Examples:**

     * *"£18 per day in California"* → **Accuracy · Major** → *"\$18 per day"*.
     * *"Total 100" after listing 30+40+50* → **Accuracy · Major**.

4. **Compliance:**

   * **DEFINITION:** Violations of the glossary, locale pack, brand rules, or mandated formatting/presentation.
   * **USE FOR:**

     * **Brand/proper‑noun** spelling/casing/spacing (e.g., *star car → starcar*, *yalla → Yalla*, *Rental plus → Rental Plus*).
     * **Unit presentation rules:** metric‑first locales require **km/h** primary; add conversions when imperial appears.
     * **Currency formatting rules:** symbol placement/spacing/ISO style as specified by `lang instructions`.
     * **Register** (form of address) inconsistencies against `lang instructions`.
     * **Terminology usage when explicitly mandatory** (and case-insensitive by default). Do **not** penalize non-mandatory or generic category nouns for casing.
   * **Examples:**

     * *"70 mph" only in FR/DE/ES/PT‑BR* → **Compliance · Major** (add *113 km/h (70 mph)*).
     * *"auto Premium" (category adjective)* → **Compliance · Minor** → *"auto premium"* (IT) unless brand.
     * **Do not** flag ES *alquiler de coches* sentence-case headings unless `lang instructions` mandates Title Case.

5. **Grammar:**

   * **DEFINITION:** Errors in the formal structure of the language.
   * **USE FOR:** Incorrect verb conjugation, noun/adjective agreement, case, tense, prepositions, word order, required repetition in parallel lists.
   * **Examples:** *ein Kleinwagen* → *einen Kleinwagen* (DE, accusative); repeat *auf* in German list items for parallelism.

6. **Punctuation/Spelling/Typos:**

   * **DEFINITION:** Orthographical and typographical errors.
   * **USE FOR:** Typos, misspellings, incorrect accent usage, wrong quotation mark style, missing locale spaces, double spaces, heading ending with a period.
   * **Examples:** *en␣␣Asturias* → *en Asturias* (ES); FR *130 km/h* → *130 km/h* with NBSP; remove trailing period from a heading (IT/NL).

---

## SEVERITY LEVELS & DECISION LADDER

You will assign a severity and score deduction to every issue by following this strict, step-by-step decision ladder.

**Critical (25)** – Safety/legal risk, offensive bias, or fabricated claims **within the text** that could dangerously mislead.

* Examples: harmful stereotypes; incorrect safety-critical numbers; invented product features.

**Major (3)** – Errors that change meaning or materially impair comprehension.

* Examples: mistranslation altering instructions; run‑on that creates ambiguity; **wrong currency for a locale**; missing mandated unit conversion in a metric locale when only imperial is given.

**Minor (1)** – Objective errors that do not block understanding but break rules/conventions.

* Examples: typos; locale quote/spacing rules; heading with stray period; adjective agreement where meaning stays obvious; comma after introductory adverbial (pt‑BR: *Em São Paulo, …*).

**Omit** – Preferential/style‑only feedback with no rule violation.

**Decision Ladder**

1. Policy/safety/offense? → **Critical**.
2. Misleads/changes meaning/blocks understanding? → **Major**.
3. Otherwise objective correctness/formatting breaches → **Minor**.
4. If purely preferential → **Omit**.

---

## Lang-SPECIFIC RULES

# Greek (el-GR) Style Guide for Skyscanner

## Project-specific exclusions (ticket 2026_8983 — highest priority)
- Ignore place names written in the Latin alphabet. Do not flag, transliterate, translate, or rewrite them.
- Ignore missing accents/tonos in section headings. Do not flag or add those accents.
- The global project-specific proper-name exclusion in the master prompt takes priority over any geo-name guidance.

## Critical requirements
- Use the formal plural `εσείς` / `σας` consistently, with a friendly and helpful tone.
- Prefer active voice and formal imperative CTAs. Clarity takes priority over wordplay.
- Keep Skyscanner unchanged and use the feminine article where required: `η Skyscanner`, never `το Skyscanner`.

## Language and typography
- Use the Greek decimal comma and locale-appropriate punctuation. Use one ellipsis character `…`, straight quotation marks consistently, and no more than one exclamation mark.
- Use sentence case for headings and CTAs.
- Write dates as `16 Μαρτίου 2025` or `16/03/2025`; write time in 24-hour form such as `15:30`.
- Apply standard final-n rules; `δεν` always keeps final `ν`.
- Distinguish interrogative `πού`/`πώς`, comparative `σαν` from attributive `ως`, and indefinite `μια` from numeric `μία`.

## Technical content
- Preserve placeholders, variables, tags, numbers, and product tokens exactly.
- Do not duplicate the word for airport when it is already part of the source name.
- CTA translations must remain buttons/actions; for example, “Cancel” may require the noun `Ακύρωση` depending on UI context.

## Content and compliance
- Use natural SEO language; no keyword stuffing or preference-only rewrites.
- Do not externally fact-check laws, prices, limits, or policies.
- Do not claim Skyscanner provides discounts. Use “best” only with a supplied measurable basis.
- Avoid greenwashing and absolute claims that travel is green, clean, eco-friendly, or sustainable.



---

## OUTPUT JSON CONTRACT (RETURN THIS OBJECT ONLY)

You will return a **single, valid JSON object** and nothing else. Do not add any explanatory text before or after it.

```json
{
  "review_findings": [
    {
      "text": "<The full, original sentence or text snippet containing the error>",
      "issue": "<A concise, one-sentence description of the objective error. Example: 'Incorrect gender agreement between noun and adjective.'>",
      "type_of_issue": "<Must be one of: AI-issues, Style, Accuracy, Compliance, Grammar, Punctuation/Spelling/Typos>",
      "solution": "<A brief, actionable instruction for the fix. Example: 'Change the adjective to the feminine form to agree with the noun.'>",
      "updated_sentence": "<The full sentence, rewritten with the solution correctly applied. For paragraph splits, include the full corrected multi-paragraph snippet with blank lines between paragraphs.>",
      "severity": "<Must be one of: Minor, Major, Critical>",
      "score_deduction": "<Must be 1, 3, or 25, perfectly matching the severity level>"
    }
  ],
  "overall_feedback": {
    "summary": "<A 2-3 bullet point summary of the most significant and repeated error *patterns*. Focus on systemic issues, not a list of individual errors. Example: 'Consistent failure to apply non-breaking spaces before colons as required by French typography.'>",
    "action_plan": "<A 2-3 bullet point list of concrete, high-level actions to prevent these errors in the future. Example: 'Implement a post-processing check to ensure all brand names are capitalized correctly as per the glossary.'>"
  }
}
```

---

## COMMON MISCLASSIFICATIONS TO AVOID (CHECK BEFORE SUBMIT)

* **Speed limits / legal rules “corrections”** → **Do NOT flag** unless there is an internal contradiction. Missing metric conversion → **Compliance**, not **Accuracy**.
* **Brand/proper‑noun casing** → always **Compliance**, not **Punctuation**.
* **Currency** → symbol **choice for location** = **Accuracy**; **formatting/placement** = **Compliance**.
* **Headings punctuation** (e.g., stray period) → **Punctuation/Spelling/Typos**.
* **Generic vertical/category nouns** (e.g., ES *alquiler de coches*) → keep locale-appropriate sentence case unless the locale pack mandates Title Case.
* **“Awkward/natural” only** → **Omit** unless readability is objectively impaired (then **Style**).

---

## FINAL SELF-CHECK (RUN BEFORE RETURNING JSON)

1. **Is my output a single, valid JSON object with no extra text?**
2. **Did I avoid external fact‑checking and rely only on internal evidence and mandated rules?**
3. **Does every `score_deduction` value (1, 3, 25) perfectly match its `severity` level?**
4. **Are all `type_of_issue` values from the allowed list and mapped per the Language‑Agnostic Categorization Rules?**
5. **Have I strictly followed all rules from the `langinstructions`?**
6. **Is my feedback in the `issue` and `solution` fields concise, objective, and non-creative?**

Return only the JSON object.

2026-09-01 02:23:42,652 - INFO - [A1][GR][2026-2027-gr-car-hire-city-06__0001] USER PROMPT (first batch only):
Topic Name: Πώς να βρείτε μια οικονομική προσφορά για ενοικίαση αυτοκινήτου στη Σαλαμίνα

Here is the content to review:

Η αναζήτηση οικονομικής ενοικίασης αυτοκινήτου στη Salamina ξεκινά με σύγκριση τιμών ανάμεσα στους διαθέσιμους παρόχους. Η χαμηλότερη τιμή που εντοπίζεται αυτή τη στιγμή ανέρχεται σε 34 €, ενώ η μέση ετήσια τιμή διαμορφώνεται στα 41 €. Ο μήνας Απριλίου τείνει να προσφέρει τις πιο προσιτές τιμές για την ενοικίαση οχήματος. Η κράτηση 2 εβδομάδες πριν από την ημερομηνία παραλαβής συμβάλλει στην εξασφάλιση ευνοϊκότερης τιμής. Η έγκαιρη σύγκριση των επιλογών επιτρέπει τον εντοπισμό της καταλληλότερης προσφοράς για τις ανάγκες κάθε ταξιδιώτη.



Available key terms:

### Skyscanner Multilingual Glossary ###
- EN: additional driver → el-GR: επιπλέον οδηγός | Definition: An extra person authorized to drive a rented vehicle. | Example: Μπορείτε να προσθέσετε έναν επιπλέον οδηγό στην κράτησή σας όταν φτάσετε στο γκισέ της εταιρείας {supplier}.
- EN: air conditioning → el-GR: κλιματισμός | Definition: A system for cooling and dehumidifying the air. | Example: Μόνο αυτοκίνητα με κλιματισμό
- EN: airline → el-GR: αεροπορική εταιρεία | Definition: A company that provides air transport services for traveling passengers. | Example: Αναζητήστε εκατομμύρια πτήσεις από εκατοντάδες αεροπορικές εταιρείες μέσα σε δευτερόλεπτα
- EN: airline alliance → el-GR: αεροπορική συμμαχία | Definition: A partnership between multiple airlines to provide mutual benefits and seamless travel. | Example: Κερδίζετε πόντους αεροπορικής όταν πετάτε συχνά με την αεροπορική εταιρεία και τους συνεργάτες αεροπορικής συμμαχίας της.
- EN: all inclusive → el-GR: all inclusive | Definition: Hotel package that includes accommodation, all meals, snacks, drinks (both alcoholic and non-alcoholic), and often additional amenities and activities
- EN: amenities → el-GR: παροχές | Definition: Title of filter section mainly in hotel search | Example: Δείτε όλες τις παροχές ξενοδοχείων
- EN: apartment → el-GR: διαμέρισμα | Definition: A self-contained housing unit that occupies part of a building.
- EN: App → el-GR: εφαρμογή | Definition: An application designed for use on mobile devices.
- EN: Art and culture → el-GR: τέχνη και πολιτισμός | Definition: Activities or attractions related to visual arts, music, theater, and heritage.
- EN: automatic → el-GR: αυτόματο | Definition: A type of vehicle transmission that shifts gears automatically.
- EN: baggage allowance → el-GR: όρια αποσκευών | Definition: The amount of luggage a traveler is permitted to carry without incurring additional fees, as defined by the transportation provider
- EN: Beach → el-GR: παραλία | Definition: A sandy or pebbly shore by a body of water, often a popular destination for relaxation and recreation.
- EN: Black Friday → el-GR: Black Friday | Definition: A major retail event with extensive sales and promotions, often lasting beyond the day after Thanksgiving. | Notes: we just use the American-English term for it. Please use the feminine article for it: "η Black Friday" | Example: Η Black Friday έφτασε και φέτος!
- EN: board type → el-GR: πρόγραμμα διατροφής | Definition: This term refers to the meal plan included with a hotel stay.
- EN: book → el-GR: κάνω κράτηση | Definition: Verb. To reserve a service, such as a flight. | Example: Κάντε κράτηση σε πτήση
- EN: book → el-GR: κάνω κράτηση | Definition: Verb. To reserve a service, such as a hotel room. | Example: Κάντε κράτηση σε ξενοδοχείο
- EN: book → el-GR: κάνω κράτηση | Definition: Verb. To reserve a service, such as a car. | Example: Κάντε κράτηση σε αυτοκίνητο
- EN: booking → el-GR: κράτηση | Definition: Noun. A reservation for a service. | Example: Κράτηση πτήσης
- EN: booking → el-GR: κράτηση | Definition: Noun. A reservation for a service. | Example: Κράτηση ξενοδοχείου
- EN: booking → el-GR: κράτηση | Definition: Noun. A reservation for a service. | Example: Κράτηση αυτοκινήτου
- EN: Business Class → el-GR: κατηγορία business/business class | Definition: A class of airline service offering more comfort and amenities than economy class. | Example: Βρείτε τις φθηνότερες πτήσεις @@departure@@-@@destination@@ με κατηγορία Business Class.
- EN: business travellers → el-GR: ταξιδιώτες για επαγγελματικούς λόγους | Definition: Individuals traveling for work-related purposes.
- EN: cabin bag → el-GR: χειραποσκευή | Definition: A small piece of luggage carried into the passenger cabin. | Example: Συμπεριλαμβάνεται 1 χειραποσκευή στον ναύλο σας
- EN: cabin baggage → el-GR: χειραποσκευές | Definition: Same as cabin bag. | Example: Ταξιδέψτε χωρίς πολύ βάρος, προσθέτοντας μόνο χειραποσκευές.
- EN: cabin class → el-GR: κατηγορία θέσης | Definition: The category of service on an aircraft, such as economy, business, or first class. | Example: Επιλέξτε αριθμό ταξιδιωτών και κατηγορία θεσης
- EN: cancellation policy → el-GR: πολιτική ακύρωσης | Definition: The terms and conditions under which a booking can be canceled. | Example: Επικοινωνήστε με την εταιρεία ενοικίασης για να ελέγξετε τις ακριβείς λεπτομέρειες της πολιτικής ακύρωσης.
- EN: car hire → el-GR: ενοικίαση αυτοκινήτου | Definition: The act of renting a vehicle. | Example: Αναζητήστε και συγκρίνετε τις καλύτερες προσφορές για ενοικίαση αυτοκινήτου σε όλο τον κόσμο.
- EN: Car hire → el-GR: Ενοικίαση αυτοκινήτου | Definition: Rental of an automobile for a specified period | Example: Αναζητήστε και συγκρίνετε τις καλύτερες προσφορές για ενοικίαση αυτοκινήτου σε όλο τον κόσμο.
- EN: car hire company → el-GR: εταιρεία ενοικίασης αυτοκινήτου | Definition: A business that provides rental vehicles. | Example: Ποια είναι η φθηνότερη εταιρεία ενοικίασης αυτοκινήτου στην πόλη {car_hire_origin_city};
- EN: car hire deal → el-GR: προσφορά ενοικίασης αυτοκινήτου | Definition: Discounted or special offer on car rental services.
- EN: carbon footprint → el-GR: αποτύπωμα άνθρακα | Definition: A carbon footprint refers to the total amount of CO2 emissions released into the atmosphere as a result of the activities of an business, individual or event.
- EN: charge → el-GR: χρεώνω | Definition: Verb. To add fee for a service or product. | Example: Δεν χρεώνουμε προμήθειες κράτησης.
- EN: charge → el-GR: χρέωση | Definition: Noun. Fee for a service or product | Example: Λάβετε υπόψη ότι οι εταιρείες ενοικίασης ενδέχεται να εφαρμόσουν επιπλέον χρεώσεις και περιορισμούς.
- EN: Cheapest month → el-GR: φθηνότερος μήνας | Definition: The cheapest month features in ‘Flexible Dates’ tab highlights the cheapest month to travel, as well as the lowest price per month to travel to the destination.
- EN: check in → el-GR: check in | Definition: Verb - The process of registering for a flight. | Example: Κάντε check in πριν από τις {check_in_time}
- EN: check in → el-GR: check in | Definition: Verb - The process of registering for a hotel stay. | Example: Κάντε check in πριν από τις {check_in_time}
- EN: check out → el-GR: αναχώρηση | Definition: Verb - The process of completing a stay at a hotel. | Example: Στο ξενοδοχείο {hotel_name}, μπορείτε να κάνετε check in από τις {check_in_time}, ενώ η αναχώρησή σας θα πρέπει να γίνει έως τις {check_out_time}.
- EN: check-in → el-GR: check in | Definition: Noun - The process of registering for a flight. | Example: Σε πτήσεις εσωτερικού, το check in και η παράδοση των αποσκευών πολύ συχνά κλείνουν μία ώρα πριν από την προγραμματισμένη ώρα αναχώρησης
- EN: check-in → el-GR: άφιξη/check in | Definition: Noun - The process of completing a stay at a hotel. | Example: Επιλέξτε ημερομηνία άφιξης
- EN: check-out → el-GR: αναχώρηση | Definition: Noun - The process of leaving and settling the bill at a hotel. | Example: Επιλέξτε ημερομηνία αναχώρησης
- EN: checked bag → el-GR: παραδοτέα αποσκευή | Definition: Bag that is handed over to the airline for transport in the cargo hold. | Example: Συμπεριλαμβάνεται 1 παραδοτέα αποσκευή
- EN: checked luggage → el-GR: παραδοτέες αποσκευές | Definition: Luggage that is handed over to the airline for transport in the cargo hold. | Example: Παραδοτέες αποσκευές 23 κιλών
- EN: cO2e emissions → el-GR: εκπομπές cO2e | Definition: Carbon dioxide equivalent emissions, measuring the impact of greenhouse gases.
- EN: Collision Damage Waiver → el-GR: Μικτή Ασφάλεια με Απαλλαγή | Definition: This is a type of insurance offered by rental car companies that limits your liability if the car is damaged in an accident. 
However, it typically doesn’t cover the full cost; you still have to pay a portion of  the repair costs, called the excess or deductible. | Notes: In Greek, this is commonly referred to as "Απαλλαγή Ζημιάς από Σύγκρουση" or just "Μικτή Ασφάλεια με Απαλλαγή". This coverage limits your financial responsibility for damages to the rental car, but you are still liable for the excess amount​ | Example: Τα καλά νέα νέα είναι ότι, στην τιμή ενοικιίασης περιλαμβάνεται η "Μικτή Ασφάλεια με Απαλλαγή", οπότε δεν χρειάζεστε επιπλέον ασφάλεια.
- EN: commercial van → el-GR: εμπορικό φορτηγό | Definition: Vehicles designed for transporting goods and materials for business purposes.
- EN: compact → el-GR: μικρό | Definition: A category of rental cars that are slightly larger than economy cars but still small and efficient.
- EN: connecting flight → el-GR: πτήση ανταπόκρισης | Definition: A flight requiring a change of planes to reach the final destination. | Example: Όταν κάνετε κράτηση πτήσεων με περισσότερους από έναν παρόχους, υπάρχει η πιθανότητα η πτήση ανταπόκρισης να καθυστερήσει ή να ακυρωθεί.
- EN: convertible → el-GR: κάμπριο | Definition: A car with a roof structure that can be 'converted' to allow open-air or enclosed driving.
- EN: Cookie Policy → el-GR: Πολιτική Cookie | Definition: Policy that governs the use of cookies on Skyscanner's website, ensuring transparency regarding data usage | Example: Συλλέγουμε δεδομένα για το πώς και πότε χρησιμοποιείτε αυτήν την εφαρμογή. Για περισσότερες πληροφορίες, διαβάστε την Πολιτική Cookie μας
- EN: country house → el-GR: εξοχικό σπίτι | Definition: A large house in the countryside
- EN: coupe → el-GR: κουπέ | Definition: A car with a fixed-roof body style that is shorter than a sedan of the same model.
- EN: couples → el-GR: ζευγάρια | Definition: Pairs of individuals traveling together
- EN: Cyber Monday → el-GR: Cyber Monday | Definition: An online shopping event on the Monday after Thanksgiving, featuring exclusive digital deals and discounts. | Notes: we just use the American-English term for it. Please use the feminine article for it: "η Cyber Monday" | Example: Η φετινή Cyber Monday είναι!
- EN: deal → el-GR: προσφορά | Definition: A special offer or discount. | Example: Πτήσεις: Εξερευνήστε προσφορές σε πτήσεις

Ξενοδοχεία: Αναζητήστε προσφορές για ξενοδοχεία στη Skyscanner

Ενοικίαση αυτοκινήτου: Επιλέξτε την προσφορά ενοικίασης αυτοκινήτου που σας ταιριάζει καλύτερα
- EN: departure country → el-GR: χώρα αναχώρησης | Definition: The country from which a journey begins. | Example: Επιλέξτε χώρα αναχώρησης
- EN: departure date → el-GR: ημερομηνία αναχώρησης | Definition: The date on which a journey starts. | Example: Επιλέξτε ημερομηνία αναχώρησης
- EN: departure time → el-GR: ώρα αναχώρησης | Definition: The scheduled time a flight is set to leave. | Example: Παρατηρήσαμε ότι η ώρα αναχώρησης αυτής της πτήσης άλλαξε.
- EN: destination → el-GR: προορισμός | Definition: The final place or location to which someone is traveling. It is the end point of a journey where travelers intend to stay, explore, or visit. Destinations can range from cities and countries to specific attractions or resorts.
- EN: destination airport → el-GR: αεροδρόμιο προορισμού | Definition: The airport where a journey ends. | Example: Επιλέξτε αεροδρόμιο προορισμού
- EN: destination country → el-GR: χώρα προορισμού | Definition: The country where a journey ends. | Example: Επιλέξτε χώρα προορισμού
- EN: direct → el-GR: απευθείας | Definition: A flight with no scheduled stops between the departure and arrival points. | Example: Δυστυχώς, δεν βρέθηκαν αποτελέσματα για απευθείας πτήσεις, οπότε βλέπετε αποτελέσματα με στάσεις.
Μόνο απευθείας
- EN: direct flight → el-GR: απευθείας πτήση | Definition: A flight with no scheduled stops between the departure and arrival points. | Example: Μόνο απευθείας πτήσεις
- EN: domestic flight → el-GR: πτήση εσωτερικού | Definition: A flight within the same country. | Example: Βρείτε φθηνές πτήσεις εσωτερικού στη χώρα @@country@@
- EN: drop → el-GR: μείωση τιμής/Drops | Notes: Since there is no equivalent in Greek that could work in all cases, please adapt the sentence so that is sounds natural instead of sticking strictly to the source | Example: Μείωση τιμής στα 36 £

Εμφάνιση των Drops από το Λονδίνο

Οι πιο πρόσφατες μειώσεις τιμής
- EN: drop → el-GR: μειώνω/Drops | Notes: Since there is no equivalent in Greek that could work in all cases, please adapt the sentence so that is sounds natural instead of sticking strictly to the source | Example: Η τιμή του επόμενου ταξιδιού σας μπορεί να μειωθεί σήμερα

Διαλέξτε άλλη πόλη αναχώρησης ή ελέγξτε αν οι τιμές μειώθηκαν αργότερα.

Τα Drops της ημέρας μόλις έφτασαν
- EN: drop-off → el-GR: παράδοση | Definition: The date, time or location where a rented vehicle is returned at the end of the rental period. | Example: Τοποθεσία παράδοσης: Πληκτρολογήστε μια τοποθεσία.
Πατήστε δύο φορές για να επιλέξετε ημερομηνία παράδοσης
Η ώρα παράδοσης πρέπει να είναι μεταγενέστερη της ώρας παραλαβής.
- EN: DROPS → el-GR: DROPS | Definition: Feature name.

DROPS is a new “sub-brand” of Skyscanner. It is an app-exclusive product only available for logged-in users that helps travelers spot flight deals that have dropped by more than 20% and that are available for only 24h. | Notes: To be left in English when used as a proper/feature name. 

Follow the source capitalization. 

To be used as a plural neuter noun, i.e. τα DROPS | Example: Καλωσορίσατε στα DROPS

Πάρτε ιδέες για το επόμενο ταξίδι από τα DROPS
- EN: Drops → el-GR: Drops | Definition: Feature name.

Drops is a new “sub-brand” of Skyscanner. It is an app-exclusive product only available for logged-in users that helps travelers spot flight deals that have dropped by more than 20% and that are available for only 24h. | Notes: To be left in English when used as a proper/feature name. 

Follow the source capitalization. 

To be used as a plural neuter noun, i.e. τα Drops | Example: Ανανέωση Drops

Μάθετε περισσότερα για τα Drops
- EN: economy → el-GR: οικονομικό | Definition: A category of rental cars that are typically small, fuel-efficient, and inexpensive. | Example: Νοικιάστε ένα οικονομικό αυτοκίνητο
- EN: Economy → el-GR: (κατηγορία) Economy | Definition: The Economy flight class refers to the most basic and affordable class of service on an airplane. | Example: Ακόμη κι αν συνήθως πετάτε σε κατηγορία Economy, μερικές φορές μπορεί να εξασφαλίσετε μια προσφορά σε ναύλο κατηγορίας Business.
- EN: electric → el-GR: ηλεκτρικό | Definition: Vehicles powered by electricity, typically from batteries.
- EN: email → el-GR: email | Definition: Electronic mail address used for communication. | Example: Θέλετε αποκλειστικές προσφορές, νέα και ιδέες μέσω email;
- EN: estimated price → el-GR: εκτίμηση τιμής | Definition: An approximate cost for a service. | Example: Η εκτίμηση τιμής μας αφορά τη μέση τιμή ανά διανυκτέρευση των δωματίων ξενοδοχείου στην περιοχή που αναζητήσατε.
- EN: Everywhere → el-GR: Παντού | Definition: Option to search for travel destinations worldwide. | Example: Αναζητήστε και εξερευνήστε παντού.
- EN: Excellent → el-GR: Εξαιρετικό | Definition: Rating indicating superior quality or performance.
- EN: Excess Waiver → el-GR: Ασφάλεια Απαλλαγής | Definition: This is an additional insurance that covers the excess amount not covered by the CDW. If you buy an excess waiver, you won’t have to pay  anything in the event of a claim, as it "waives" your responsibility for the excess 
portion. So, the CDW reduces your liability for damage, while the excess waiver eliminates your out-of-pocket costs for the excess amount. | Notes: "Ασφάλεια Απαλλαγής" provides additional coverage to remove your liability for the excess amount not covered by the CDW, meaning you won't have to pay out-of-pocket for damages​. | Example: Πολλοί από τους ασφαλιστικούς μας συνεργάτες προσφέρουν επιλογή επιστροφής της απαλλαγής, η οποία μπορεί να αποδειχθεί οικονομικότερη από την ασφάλεια απαλλαγής που προσφέρουν οι εταιρείες ενοικίασης κατά την παραλαβή του οχήματος.
- EN: explore → el-GR: εξερευνώ | Definition: Option to discover new destinations or services. | Example: Εξερευνήστε περισσότερους προορισμούς
- EN: Explore everywhere → el-GR: Εξερευνήστε παντού | Definition: The sentence case will be used whenever the term is employed in the UI itself or as part of a sentence. | Example: Εξερευνήστε παντού τον Μάιο.
- EN: Explore Everywhere → el-GR: Εξερευνήστε Παντού | Definition: Used as feature or proper noun - Option to view travel options for various destinations globally. | Example: Εξερευνήστε παντού τον Μάιο.
- EN: extra charge → el-GR: επιπλέον χρέωση | Definition: An additional fee for a service or product. | Example: Δεν σας χρεώνουμε τίποτα παραπάνω από την τιμή της πτήσης ή της κράτησής σας. Χωρίς κρυφές χρεώσεις, χωρίς προμήθειες, χωρίς εκπλήξεις.
- EN: Fair Fuel Policy → el-GR: Δίκαιη πολιτική καυσίμων | Definition: A policy ensuring fair charges for fuel in rental agreements. | Example: Συγκρίνετε επιλογές ενοικίασης αυτοκινήτου βάσει τιμής, ευκολίας παραλαβής, δίκαιης πολιτικής καυσίμων και πολλά άλλα
- EN: families → el-GR: οικογένειες | Definition: Groups traveling together, typically including parents and children.
- EN: FAQ → el-GR: Συχνή ερώτηση | Definition: Frequently Asked Question
- EN: FAQs → el-GR: Συχνές ερωτήσεις | Definition: Frequently Asked Questions | Example: Συχνές ερωτήσεις ταξιδιωτών
- EN: fare → el-GR: ναύλος | Definition: The cost of a ticket for travel. | Example: Δεν μπορούμε να σας προσφέρουμε πληροφορίες σχετικά με αποσκευές αυτήν τη στιγμή. Για να δείτε τι περιέχεται στον ναύλο σας, ελέγξτε την ιστοσελίδα του παρόχου σας. Δημιουργήστε μια Ειδοποίηση Τιμών και θα σας ενημερώσουμε όταν οι ναύλοι αλλάξουν για αυτό το δρομολόγιο.
- EN: fee → el-GR: προμήθεια | Definition: A charge for a service or product. | Example: Ορισμένοι συνεργάτες καταβάλλουν σε εμάς προμήθεια σύστασης. Ωστόσο, η κατάταξη των ξενοδοχείων δεν επηρεάζεται ποτέ από αυτήν την προμήθεια.
- EN: First Class → el-GR: (κατηγορία) first class | Definition: A premium class of airline service offering high level of comfort and amenities. | Example: Για να δείτε επιλογές κατηγορίας Business και First Class, μοιραστείτε μαζί μας τις ημερομηνίες του ταξιδιού ή τον προορισμό σας.
- EN: Flexible dates → el-GR: ευέλικτες ημερομηνίες | Definition: Previous "Whole month" feature. Calendar Tab that shows Whole month prices that allows users to make month view searches.
- EN: flight deal → el-GR: προσφορά σε πτήση | Definition: Discounted or special offer on air travel tickets. | Example: Εξερευνήστε προσφορές σε πτήσεις
- EN: flight details → el-GR: λεπτομέρειες πτήσης | Definition: Information about a specific flight. | Example: Σας προτείνουμε να ελέγχετε όλες τις λεπτομέρειες των πτήσεων, τις τελικές τιμές και τους όρους και προϋποθέσεις με τον πάροχο @@ticket provider@@ προτού κάνετε κράτηση.
- EN: flight emissions → el-GR: εκπομπές πτήσης | Definition: The amount of CO2 produced by a flight. Title for a feature that badges up flights with lower carbon dioxide emissions compared to other flights in the result set.
- EN: flight time → el-GR: ώρα πτήσης | Definition: The duration of a flight. | Example: Ο μέσος χρόνος πτήσης προς την πόλη {destinationCity} είναι {duration}.
- EN: Flights → el-GR: Πτήσεις | Definition: Air travel services provided by airlines.
- EN: fuel → el-GR: καύσιμο | Definition: Gasoline or diesel used to power vehicles, including cars, motorcycles, boats, or recreational vehicles.
- EN: full board → el-GR: πλήρης διατροφή | Definition: Hotel option that covers accommodation and three meals a day (breakfast, lunch, and dinner). Drinks and additional activities are usually not included
- EN: full to full → el-GR: γεμάτο-γεμάτο | Definition: Fuel policy where the car is provided with a full tank and must be returned with a full tank.
- EN: fullsize → el-GR: μεγάλα | Definition: A category of rental cars that are larger and offer more comfort and space.
- EN: getaway → el-GR: απόδραση | Definition: A short vacation or trip, often taken to escape from daily routine and responsibilities. It usually involves traveling to a relaxing or enjoyable destination.
- EN: Good → el-GR: Καλό | Definition: Rating indicating satisfactory quality or performance.
- EN: Great food → el-GR: Εξαιρετικό φαγητό | Definition: High-quality or highly recommended culinary experiences.
- EN: guest → el-GR: άτομο/επισκέπτης | Definition: A person staying at a hotel or other accommodation. | Example: Πληκτρολογήστε τα στοιχεία για τουλάχιστον ένα άτομο.
- EN: guest house → el-GR: ξενώνας | Definition: A small, private hotel or lodging.
- EN: guest reviews → el-GR: κριτικές επισκεπτών | Definition: Feedback and ratings from customers who have used a service or stayed at a property.
- EN: half board → el-GR: ημιδιατροφή | Definition: Hotel option that covers accommodation, breakfast, and one other meal (usually dinner). Drinks and additional meals are typically not included.
- EN: hire car → el-GR: ενοικιαζόμενο αυτοκίνητο | Definition: A vehicle rented for a short period, ranging from a few hours to several weeks, typically from a rental agency.
- EN: holiday rentals → el-GR: ενοικιαζόμενα για διακοπές | Definition: Properties available for short-term vacation stays.
- EN: home airport → el-GR: αεροδρόμιο αναχώρησης | Definition: The airport closest to a traveler's residence. | Example: Ορίστε το αεροδρόμιο αναχώρησής σας και θα σας στέλνουμε τις καλύτερες προσφορές για πτήσεις που αναχωρούν από κοντά σας.
- EN: hostel → el-GR: χόστελ | Definition: Budget-friendly accommodation | Example: Μπορείτε να συγκρίνετε και να κλείσετε με χιλιάδες προσφορές για φθηνά ξενοδοχεία, θέρετρα, διαμερίσματα, μοτέλ και χόστελ σε όλο τον κόσμο για το επόμενο ταξίδι σας.
- EN: hotel → el-GR: ξενοδοχείο | Definition: An establishment providing lodging, meals, or other guest services. | Example: Βρήκατε πτήσεις; Τώρα, βρείτε ένα ξενοδοχείο
- EN: hotel deal → el-GR: προσφορά σε ξενοδοχείο | Definition: Discounted or special offer on hotel bookings.
- EN: Hotels → el-GR: Ξενοδοχεία | Definition: Establishments providing lodging, meals, and other services for travelers.
- EN: hybrid → el-GR: υβριδικό | Definition: Vehicles powered by both an internal combustion engine and an electric motor.
- EN: inbound flight → el-GR: εισερχόμενη πτήση | Definition: The flight that takes the passenger back from their destination to their original departure location.
- EN: intermediate → el-GR: μεσαίο | Definition: A category of rental cars that are larger than economy but smaller than full-size.
- EN: itinerary → el-GR: δρομολόγιο | Definition: A detailed plan or schedule of a trip, listing all destinations, activities, and accommodations, along with the times and dates for each part of the journey.
- EN: journey → el-GR: διαδρομή | Definition: A journey refers to the act of traveling from one place to another, usually involving a significant distance or time commitment. | Example: Μία από τις αποστολές μας είναι να σας βοηθάμε να ταξιδεύετε με σιγουριά και να κάνετε το ταξίδι σας όσο το δυνατόν πιο ομαλό.
Η μέση διάρκεια πτήσης από την πόλη {destinationCity} είναι {duration}.
Οι υπολογισμοί μας βασίζονται σε δρομολόγια από την πόλη {nearestOriginCity}.
- EN: latest price → el-GR: η πιο πρόσφατη τιμή | Definition: The most recent cost for a service or product. | Example: Αυτά τα αποτελέσματα ενδέχεται να μην είναι πια διαθέσιμα. Για τις πιο πρόσφατες τιμές, ανανεώστε την αναζήτησή σας.
- EN: location → el-GR: τοποθεσία | Definition: A specific place or position where something is situated or where an event occurs.
- EN: log in → el-GR: συνδέομαι | Definition: To access an account by entering credentials. | Example: Συνδεθείτε ή εγγραφείτε για να αποθηκεύσετε τις πρόσφατες αναζητήσεις σας σε όλες τις συσκευές σας και να συνεχίσετε από εκεί που είχατε σταματήσει
- EN: log out → el-GR: αποσυνδέομαι | Definition: To exit an account. | Example: Θέλετε σίγουρα να αποσυνδεθείτε;
- EN: login → el-GR: σύνδεση | Definition: The act of logging in to a computer, database, or system. | Example: Καταχωρίστε μια έγκυρη διεύθυνση email για να ολοκληρώσετε τη σύνδεσή σας.
- EN: long wait → el-GR: μεγάλη αναμονή | Definition: An extended period of waiting, often at airports between flights. | Example: Το σκέλος της εισερχόμενης πτήσης συμπεριλαμβάνει μεγάλη αναμονή.
- EN: Low emissions vehicles → el-GR: οχήματα με χαμηλές εκπομπές | Definition: Vehicles that produce a reduced amount of CO2. Title for a feature that badges up electrical and hybrid cars with lower carbon dioxide emissions compared to other car types.
- EN: low-cost → el-GR: χαμηλού κόστους | Definition: Services, particularly airlines, that are designed to offer lower prices by reducing the range of services and amenities traditionally included in the fare. | Example: We're here to help round-off your entire trip with millions of rooms from all around the world, from low-cost to luxury.
- Είμαστε εδώ για να ολοκληρώσετε τον σχεδιασμό του ταξιδιού σας με εκατομμύρια δωμάτια σε όλο τον κόσμο, από τα πιο οικονομικά μέχρι και τα πιο πολυτελή.
- EN: lowest price → el-GR: χαμηλότερη τιμή | Definition: The least expensive cost for a service or product. | Example: Αυτές είναι οι εκτιμήσεις χαμηλότερης τιμής για τις κατηγορίες θέσης Economy για έναν ταξιδιώτη. Οι τιμές βασίζονται στους πιο πρόσφατους ναύλους.
- EN: luxury → el-GR: πολυτελές | Definition: High-end, premium vehicles offering superior comfort and features.
- EN: manual → el-GR: με ταχύτητες | Definition: A type of vehicle transmission that requires the driver to manually shift gears.
- EN: mini → el-GR: μίνι | Definition: A category of rental cars that are very small, typically suitable for city driving.
- EN: mobile app → el-GR: εφαρμογή για κινητά | Definition: An application designed for use on mobile devices. | Example: Επωφεληθείτε γρήγορα από εξαιρετικές προσφορές για πτήσεις, ξενοδοχεία και ενοικίαση αυτοκινήτου με τη δωρεάν εφαρμογή για κινητά.
- EN: motorcycle → el-GR: μοτοσικλέτα | Definition: A two-wheeled motor vehicle.
- EN: Multi-city → el-GR: πολλαπλές πόλεις | Definition: Multi-city flights are a smart way to see more destinations in one go, by adding extra legs to your trip. If, for example, you can’t decide between Paris or Rome, you can book flights to both cities and turn your trip into an itinerary.
- EN: multi-city → el-GR: πολλαπλές πόλεις | Definition: Multi-city flights are a smart way to see more destinations in one go, by adding extra legs to your trip. If, for example, you can’t decide between Paris or Rome, you can book flights to both cities and turn your trip into an itinerary.
- EN: Nearby airports → el-GR: κοντινά αεροδρόμια | Definition: Widen your search for flight deals by selecting the “add nearby airports” option to search flight prices for all the nearest airports at your departure point and your destination to increases your chances of finding the best deal at both ends of your trip.
- EN: nearby airports → el-GR: κοντινά αεροδρόμια | Definition: Widen your search for flight deals by selecting the “add nearby airports” option to search flight prices for all the nearest airports at your departure point and your destination to increases your chances of finding the best deal at both ends of your trip.
- EN: Nightlife and entertainment → el-GR: νυχτερινή ζωή και διασκέδαση | Definition: Activities and venues that provide entertainment, typically during the evening, such as clubs and bars.
- EN: no extra fees → el-GR: χωρίς πρόσθετες χρεώσεις | Definition: Indicates that there are no additional charges beyond the listed price. | Example: Βρείτε και νοικιάστε αυτοκίνητα με ευέλικτη κράτηση, δωρεάν ακύρωση, δίκαιες πολιτικές κράτησης και χωρίς πρόσθετες χρεώσεις.
- EN: non refundable → el-GR: χωρίς επιστροφή χρημάτων | Definition: A booking or a charge that cannot be refunded.
- EN: non-protected transfer → el-GR: μεταφορά χωρίς εγγύηση | Definition: Booking connecting flights with more than one provider means the ongoing flight may not be guaranteed, and is at risk from delays or cancellations. It's also needed to collect your luggage and check into the second flight. | Example: Κρατήσεις με πολλαπλά σκέλη (μεταφορά χωρίς εγγύηση). Για αυτό το δρομολόγιο, θα πρέπει να κλείσετε περισσότερα από ένα εισιτήρια (συνήθως από διαφορετικούς παρόχους).
Όταν κάνετε κράτηση σε πτήσεις με ανταπόκριση με περισσότερους από έναν παρόχους, τότε δεν εξασφαλίζεται ότι θα ολοκληρώσετε με επιτυχία όλα τα σκέλη της πτήσης σας και ενδέχεται να υπάρχει το ρίσκο καθυστέρησης ή ακύρωσης.
- EN: one way → el-GR: απλής μετάβασης/
με παράδοση σε άλλη τοποθεσία | Definition: A trip that does not include a return journey. | Notes: second alternative is for one-way car hire | Example: Επιλέξτε πότε θα επιστρέψετε ή επιλέξτε πτήση απλής μετάβασης

Προσθέστε ημερομηνίες επιστροφής ή αναζητήστε πτήσεις απλής μετάβασης        

Στην πόλη {car_hire_origin_city}, υπάρχει η δυνατότητα ενοικίασης με παράδοση σε άλλη τοποθεσία;

Ψάχνετε απευθείας πτήση, πτήση μετ' επιστροφής ή απλής μετάβασης; Ό,τι κι αν χρειάζεστε, είστε στο σωστό μέρος.
- EN: one way → el-GR: Απλή μετάβαση | Definition: A train trip that does not include a return journey. | Example: Ισχύει μόνο για εισιτήρια απλής μετάβασης.
- EN: one-way → el-GR: απλής μετάβασης | Definition: A trip that does not include a return journey.
- EN: outbound → el-GR: εξερχόμενη | Definition: The flight that takes a passenger from their home or starting location to their destination. | Example: Με την αναζήτηση πτήσεων της πλατφόρμας μας, μπορείτε να ελέγχετε τις πτήσεις αναχώρησης από την πόλη {{origin_city}

Πτήση αναχώρησης με την {{airline}}
- EN: outbound flight → el-GR: πτήση αναχώρησης | Definition: The flight that takes a passenger from their home or starting location to their destination. | Example: Με την αναζήτηση πτήσεων της πλατφόρμας μας, μπορείτε να ελέγχετε τις πτήσεις αναχώρησης από την πόλη {{origin_city}

Πτήση αναχώρησης με την {{airline}}
- EN: Outdoor adventures → el-GR: εξερευνήσεις στη φύση | Definition: Activities involving physical exertion in natural settings, such as hiking, rafting, or camping.
- EN: package → el-GR: πακέτο | Definition: Used in the meaning of “package holiday”, referring to the package deals in our Packages vertical that include flights and a hotel. This is for when we talk about packages in running copy and in general, as opposed to the vertical name.
- EN: Packages → el-GR: Πακέτα
- EN: parking → el-GR: πάρκινγκ | Definition: Space or facility to park vehicles. | Example: Ίσως μπορείτε να βρείτε ξενοδοχεία που είναι ιδανικά για οικογένειες, ζευγάρια ή για επαγγελματικά ταξίδια.
Διαφορετικά, μπορείτε να χρησιμοποιήσετε φίλτρα για απαραίτητες παροχές, όπως σπα ή πάρκινγκ.
- EN: passenger → el-GR: επιβάτης | Definition: An individual traveling on a plane, train, or other mode of transport. | Notes: Κάθε επιβάτης φέρει την ευθύνη να διασφαλίζει ότι διαθέτει τα σωστά έγγραφα πριν από το ταξίδι του. | Example: Κάθε επιβάτης έχει την ευθύνη να διασφαλίζει ότι έχει τα σωστά έγγραφα προτού ταξιδέψει.
- EN: passenger van → el-GR: επιβατικό βαν | Definition: A van configured to carry passengers.
- EN: Pay on arrival → el-GR: Πληρωμή κατά την άφιξη | Definition: Option to pay for a service upon arrival at the location. | Example: Πατήστε στην επιλογή «Πληρωμή κατά την άφιξη» αργότερα στα αποτελέσματα αναζήτησης για να βλέπετε μόνο τα αποτελέσματα ξενοδοχείων στην πόλη {hotel_name} όπου μπορείτε να πληρώσετε κατά την άφιξή σας στο ξενοδοχείο.
- EN: pay on arrival → el-GR: πληρωμή κατά την άφιξη | Example: Πατήστε στην επιλογή «Πληρωμή κατά την άφιξη» αργότερα στα αποτελέσματα αναζήτησης για να βλέπετε μόνο τα αποτελέσματα ξενοδοχείων στην πόλη {hotel_name} όπου μπορείτε να πληρώσετε κατά την άφιξή σας στο ξενοδοχείο.
- EN: people carrier → el-GR: μίνι βαν | Definition: A vehicle designed to transport multiple passengers
- EN: pick up truck → el-GR: ημιφορτηγό | Definition: A light-duty truck with an enclosed cab and an open cargo area.
- EN: pick-up → el-GR: παραλαβή | Definition: The act of collecting a rental vehicle. | Example: Αν επιλέξετε παραλαβή με αυτοεξυπηρέτηση, δεν θα χρειαστεί καν να περιμένετε στην ουρά για να παραλάβετε τα κλειδιά ή να παραδώσετε έγγραφα.

Δωρεάν ακύρωση έως και 48 ώρες πριν από την ώρα παραλαβής σας.

Επιλέξτε μια τοποθεσία παραλαβής
- EN: Premium → el-GR: premium | Definition: A category of rental cars that offer higher-end features and more comfort. | Example: premium σπορ αυτοκίνητο
- EN: Premium Economy → el-GR: premium economy | Definition: A class of airline service between economy and business class. | Example: Ελέγξτε τη διαφορά στην τιμή του αεροπορικού εισιτηρίου σας από την τοποθεσία @@place@@ όταν ταξιδεύετε με θέσεις Economy, Premium Economy, Business ή First Class.
- EN: Price → el-GR: Τιμή | Definition: The cost of a service or product. | Example: Συγκρίνετε τιμές από εκατοντάδες άλλους ιστότοπους ξενοδοχείων, όλα από ένα σημείο
- EN: Price Alert → el-GR: Ειδοποίηση Τιμών | Definition: Skyscanner's Price Alert feature notifies users via email or push notification about fluctuations in the prices of plane tickets they're interested in.
- EN: Price Alerts → el-GR: Ειδοποιήσεις Τιμών | Definition: Skyscanner's Price Alert feature notifies users via email or push notification about fluctuations in the prices of plane tickets they're interested in. | Example: Αν δημιουργήσετε μια Ειδοποίηση Τιμής, θα παρακολουθούμε τις τιμές των αεροπορικών εισιτηρίων για εσάς και θα σας ενημερώνουμε με email ή με ειδοποιήσεις push μέσω της εφαρμογής για τυχόν αυξήσεις ή μειώσεις των τιμών.

Λάβετε Ειδοποιήσεις Τιμών στο τηλέφωνό σας με την εφαρμογή

Ενεργοποιήστε τις ειδοποιήσεις τιμών και θα σας ενημερώσουμε όταν οι τιμές αυξηθούν ή μειωθούν.
- EN: price per night → el-GR: τιμή ανά διανυκτέρευση(/βράδυ) | Definition: The cost of accommodation for one night. | Example: Μέση τιμή ανά διανυκτέρευση
Μέση τιμή ανά βράδυ
- EN: Privacy Policy → el-GR: Πολιτική Απορρήτου | Definition: Policy that outlines how Skyscanner handles users' personal information, emphasizing user control and transparency | Example: Συμφωνώ με τη συλλογή και τη χρήση των προσωπικών μου δεδομένων σύμφωνα με την Πολιτική Απορρήτου.
- EN: private home → el-GR: ιδιωτικό κατάλυμα | Definition: Residential property that is rented out to travelers for short-term stays
- EN: property → el-GR: κατάλυμα | Definition: In the travel context, a property refers to a place of lodging, such as a hotel, resort, bed and breakfast, or vacation rental, where travelers can stay during their trip. | Example: Επιλέξτε «δωρεάν ακύρωση» για να βρείτε μια ιδιοκτησία όπου μπορείτε να αλλάξετε τις κρατήσεις σας εύκολα, σε περίπτωση που τα σχέδιά σας αλλάξουν.
Θέλετε να μείνετε σε ένα συγκεκριμένο ξενοδοχείο; Απλώς χρησιμοποιήστε το παραπάνω πλαίσιο αναζήτησης και αναζητήστε τα αγαπημένα σας καταλύματα.
- EN: provider → el-GR: πάροχος | Definition: A company or individual offering a service. Car Hire vertical | Example: Ενοικίαση αυτοκινήτου: Αυτός ο πάροχος προσφέρει σημεία παραλαβής χωρίς αναμονή σε ουρά ή μια εφαρμογή για το ξεκλείδωμα του αυτοκινήτου.

Γενική χρήση: Αφού βρείτε την καλύτερη πτήση, ενοικιαζόμενο αυτοκίνητο ή ξενοδοχείο, μπορείτε να κάνετε κράτηση απευθείας από τον πάροχο.
- EN: provider → el-GR: πάροχος | Definition: A company or individual offering a service. | Example: Πτήσεις: Όταν κάνετε κράτηση σε πτήσεις με ανταπόκριση με περισσότερους από έναν παρόχους, τότε δεν εξασφαλίζεται ότι θα ολοκληρώσετε με επιτυχία όλα τα σκέλη της πτήσης σας και ενδέχεται να υπάρχει το ρίσκο καθυστέρησης ή ακύρωσης.

Γενική χρήση: Αφού βρείτε την καλύτερη πτήση, ενοικιαζόμενο αυτοκίνητο ή ξενοδοχείο, μπορείτε να κάνετε κράτηση απευθείας από τον πάροχο.
- EN: provider → el-GR: πάροχος | Definition: A company or individual offering a service. Hotel vertical | Example: Ξενοδοχεία: Ορισμένες φορές, περισσότεροι από έναν πάροχοι προσφέρουν το ίδιο δωμάτιο στην ίδια τιμή. Σε αυτήν την περίπτωση, κατατάσσουμε αυτά τα αποτελέσματα βάσει άλλων παραγόντων, όπως είναι η δημοτικότητά τους με τους ταξιδιώτες της πλατφόρμας μας.

Γενική χρήση: Αφού βρείτε την καλύτερη πτήση, ενοικιαζόμενο αυτοκίνητο ή ξενοδοχείο, μπορείτε να κάνετε κράτηση απευθείας από τον πάροχο.
- EN: rating → el-GR: Βαθμολογία | Definition: A score or review given to a service or product. | Example: Σύνοψη βαθμολογιών επισκεπτών
- EN: Read more → el-GR: Διαβάστε περισσότερα | Definition: Option to view additional information. | Example: Διαβάστε περισσότερα για την ιστορία της Skyscanner εδώ
- EN: recent searches → el-GR: πρόσφατες αναζητήσεις | Definition: A list of previous search queries. | Example: Προορισμοί που προτείνονται βάσει των πρόσφατων αναζητήσεών σας
- EN: Recommended Provider → el-GR: Κορυφαίος πάροχος | Definition: A booking partner that meets our top-quality criteria, demonstrated by a high Partner Quality Score, strong price accuracy, and reliable downstream visibility. This designation helps travelers make informed choices by identifying partners that offer a trustworthy and seamless booking experience.
- EN: recreational vehicle → el-GR: τροχόσπιτο | Definition: RV, a motor vehicle or trailer equipped with living space and amenities for travel.
- EN: residence → el-GR: κατοικία | Definition: Fully furnished apartments or suites that are available for short-term or long-term stays or  a private home or villa that is rented out to travelers for short-term stays,
- EN: resort → el-GR: θέρετρο | Definition: A place that offers a variety of recreational activities and amenities
- EN: result → el-GR: αποτέλεσμα | Definition: An outcome from a search or query. | Example: Κορυφαία 10 αποτελέσματα που ταξινομούνται βάσει Απόστασης
- EN: return → el-GR: επιστροφής | Definition: A flight that includes both the outbound and inbound journeys, completing the round trip. | Notes: Usually used in genitive case (the flight back = πτήση επιστροφής) | Example: Αναζητήστε πτήσεις απλής μετάβασης ή πτήσεις επιστροφής
Κλείστε την πτήση επιστροφής από {price}
- EN: return → el-GR: μετ' επιστροφής | Definition: A flight that returns to the original departure location (1 flight) | Notes: Roundtrip | Example: Ποια είναι η καλύτερη τιμή για μια πτήση μετ' επιστροφής από τη Σόφια προς το Παρίσι;
- EN: return → el-GR: Μετ' επιστροφής | Definition: A train journey that includes both the outbound and inbound journeys, completing the round trip. | Example: Κλείστε εισιτήρια μετ' επιστροφής για το ταξίδι σας.
- EN: return → el-GR: Επιστροφή | Definition: A train trip to return to the original departure location (1 trip)" | Example: Επιλέξτε ένα εισιτήριο επιστροφής για το ταξίδι σας.
- EN: return date → el-GR: ημερομηνία επιστροφής | Definition: The date of the return journey. | Example: Επιλέξτε ημερομηνία επιστροφής
- EN: return flight → el-GR: πτήση μετ' επιστροφής | Definition: A flight that includes both the outbound and inbound journeys, completing the round trip. | Example: Αναζητήστε πτήσεις μετ' επιστροφής
Βρείτε τις καλύτερες τιμές για απευθείας πτήσεις ή πτήσεις μετ' επιστροφής σε όλη τη χώρα.
- EN: return flight → el-GR: πτήση επιστροφής | Definition: A flight that returns to the original departure location (1 flight) | Example: Αναζητήστε πτήσεις επιστροφής
Βρείτε τις καλύτερες τιμές για απευθείας πτήσεις ή πτήσεις επιστροφής σε όλη τη χώρα.
- EN: return trip → el-GR: δρομολόγιο μετ' επιστροφής | Definition: A journey including both the outbound journey to the destination and the inbound journey back to the starting location.
- EN: Review → el-GR: αφήνω κριτική | Definition: Verb - Add an evaluation or feedback about a service or product. | Example: Αφήστε κριτική για το ταξίδι σας
- EN: review → el-GR: κριτική | Definition: Noun - An evaluation or feedback about a service or product. | Example: Εικόνα κριτικής {{|index|}}
- EN: room → el-GR: δωμάτιο | Definition: A space within a building for accommodation | Example: Επιλέξτε τύπο δωματίου
Βρήκατε το δωμάτιο που θέλατε; Απλώς κάντε κλικ για να κάνετε κράτηση στο δωμάτιό σας απευθείας με τον ιστότοπο του ξενοδοχείου.
- EN: same to same → el-GR: ίδιο-ίδιο | Definition: Fuel policy where the car must be returned with the same amount of fuel as when picked up.
- EN: Satisfactory → el-GR: Ικανοποιητικό | Definition: Rating indicating acceptable quality or performance, but with some issues.
- EN: Saved → el-GR: Αγαπημένα/Αποθηκεύω (στα αγαπημένα) | Definition: For travellers planning one or more trips, this feature empowers users to save different elements of their travel, so they can compare and monitor prices, book at a time that suits and/or find the perfect option. | Example: Λειτουργία: 
Συνδεθείτε για να δείτε τα Αγαπημένα
Αποθηκεύτηκε στα Αγαπημένα: Θα σας ενημερώσουμε αν αλλάξουν οι τιμές

Ρήμα:
Αποθηκεύτηκαν πτήσεις και ξενοδοχεία        
Βρήκαμε μια νέα τιμή για τις αποθηκευμένες ειδοποιήσεις σας
- EN: Savvy Search → el-GR: Έξυπνος εξερευνητής | Definition: Savvy Search is a generative AI planning tool developed internally. It is designed to help travelers discover new destinations and experiences by asking questions like "What kind of trip is on your mind?" This tool is powered by OpenAI's ChatGPT and uses historical internet data along with Skyscanner's destination and price data to provide travel recommendations | Example: Παρουσιάζουμε τον Έξυπνο εξερευνητή

Αφήστε τον Έξυπνο εξερευνητή να σας πάει σε μέρη που δεν τα φανταζόσασταν.
- EN: search → el-GR: αναζήτηση | Definition: The process of looking for specific travel-related information or options, such as flights, hotels, rental cars | Example: Ξεκινήστε την αναζήτησή σας.
Δυστυχώς, δεν καταφέραμε να βρούμε πτήσεις που να ανταποκρίνονται στην αναζήτησή σας.
- EN: search → el-GR: αναζητώ | Definition: To look for information or options. | Example: Αναζητήστε πτήσεις απλής μετάβασης
Γίνεται αναζήτηση για παρόχους
- EN: select → el-GR: επιλογή | Definition: The act of choosing or picking a specific option from a range of available choices. | Example: Επιλέξτε έναν προορισμό
Το ξενοδοχείο δεν είναι διαθέσιμο για τις ημερομηνίες, τους επισκέπτες ή τα δωμάτια που επιλέξατε
Επιλογή
- EN: self catering → el-GR: με αυτονομία σίτισης | Definition: This type of accommodation may or may not provide guests with kitchen facilities to prepare their own meals. No meals are included in the package
- EN: self-transfer → el-GR: αυτομεταφορά | Definition: When passengers need to transfer between flights on their own without airline assistance. It may be necessary to check in separately for each connecting flight. | Example: Αυτό το ταξίδι συμπεριλαμβάνει αυτομεταφορά.
- EN: sign up → el-GR: εγγραφή | Definition: Option to create a new account. | Example: Συνδεθείτε ή εγγραφείτε για να μοιραστείτε τις εμπειρίες σας με άλλους
- EN: solo travellers → el-GR: μόνοι ταξιδιώτες | Definition: Individuals traveling alone.
- EN: sports car → el-GR: σπορ αυτοκίνητο | Definition: A car designed for high performance and agility, often with a sleek design.
- EN: standard → el-GR: κανονικό | Definition: A category of rental cars that offer a balance between size, comfort, and cost.
- EN: star → el-GR: αστέρια | Definition: A hotel star rating is a system used to classify hotels based on their quality, amenities, service, and overall guest experience. | Example: Ξενοδοχεία:
Ξενοδοχεία με 3 αστέρια από @@hotelPrice@@.

Κριτικές για ενοικίαση αυτοκινήτου/συνεργάτη: 
Με βαθμολογία 4 στα 5 αστέρια, με βάση 300 κριτικές.
- EN: star → el-GR: αστέρια | Example: Ξενοδοχεία:
Ξενοδοχεία με 3 αστέρια από @@hotelPrice@@.

Κριτικές για ενοικίαση αυτοκινήτου/συνεργάτη: 
Με βαθμολογία 4 στα 5 αστέρια, με βάση 300 κριτικές.
- EN: star rating → el-GR: βαθμολογία με αστέρια | Definition: A hotel star rating is a system used to classify hotels based on their quality, amenities, service, and overall guest experience.
- EN: stay → el-GR: διαμονή | Definition: Period during which a guest resides at an accommodation, such as a hotel.
- EN: stop → el-GR: στάση | Definition: Flight connection at other airport before reaching the destination (not direct flights) | Example: 2 στάσεις ή λιγότερες
Η κατάταξη βασίζεται στην τιμή, τη διάρκεια ή τον αριθμό στάσεων.
- EN: Suggested for you → el-GR: Προτάσεις για εσάς | Definition: Personalized recommendations based on your interests or past behavior.
- EN: SUV → el-GR: SUV | Definition: Sport Utility Vehicle, a larger car often with off-road capability and more passenger/cargo space.
- EN: tax → el-GR: φόρος | Definition: Compulsory financial charges imposed by a government. | Example: Συμπεριλαμβάνονται όλοι οι φόροι και οι προμήθειες, εκτός από τον τοπικό φόρο, κατά περίπτωση.
- EN: Terms of Service → el-GR: Όροι παροχής υπηρεσιών | Definition: The rules and conditions for using a service. | Example: Αν συνεχίσετε, συμφωνείτε με τους Όρους παροχής υπηρεσιών
- EN: Top Provider → el-GR: Κορυφαίος πάροχος | Definition: A booking partner that meets our top-quality criteria, demonstrated by a high Partner Quality Score, strong price accuracy, and reliable downstream visibility. This designation helps travelers make informed choices by identifying partners that offer a trustworthy and seamless booking experience.
- EN: total price → el-GR: συνολική τιμή | Definition: The complete cost of a service or product. | Example: Συνολική τιμή για όλες τις διανυκτερεύσεις
Η {partner} ενδέχεται να υπολογίζει τη συνολική τιμή του δωματίου (όχι την τιμή ανά βράδυ)
- EN: transfer → el-GR: μεταφέρω | Definition: The act of moving travelers from one location to another. | Example: Αφού βρείτε την προσφορά για ενοικίαση αυτοκινήτου που σας ταιριάζει, θα σας ανακατευθύνουμε στην εταιρεία ενοικίασης αυτοκινήτου για να κάνετε την κράτησή σας.
Θα σας υποδεχθεί αυτοπροσώπως κατά την άφιξή σας, για να σας οδηγήσει στο ιδιωτικό λεωφορείο σας, το οποίο θα σας μεταφέρει στο κατάλυμά σας.
- EN: transfer → el-GR: (υπηρεσία) μεταφορά(ς) | Definition: Service or act of moving from one mode of transport to another. | Example: Αφού βρείτε την προσφορά για ενοικίαση αυτοκινήτου που σας ταιριάζει, θα σας ανακατευθύνουμε στην εταιρεία ενοικίασης αυτοκινήτου για να κάνετε την κράτησή σας.
Θα σας υποδεχθεί αυτοπροσώπως κατά την άφιξή σας, για να σας οδηγήσει στο ιδιωτικό λεωφορείο σας, το οποίο θα σας μεταφέρει στο κατάλυμά σας.
- EN: transmission → el-GR: κιβώτιο ταχυτήτων | Definition: The mechanism by which power is transmitted from the engine to the wheels in a vehicle.
- EN: travel agent → el-GR: ταξιδιωτικό πρακτορείο | Definition: A professional who plans and books travel arrangements for clients. | Example: Σας παρουσιάζουμε σχετικά αποτελέσματα, αναζητώντας στους περισσότερους από 200 επαγγελματικούς συνεργάτες μας, όπως ξενοδοχεία και ταξιδιωτικούς πράκτορες.
- EN: travel Hack → el-GR: συμβουλή | Definition: Tips and strategies for making travel easier or cheaper. | Example: Η απόλυτη συμβουλή: Εξερευνήστε παντού
- EN: travel insurance → el-GR: ταξιδιωτική ασφάλιση | Definition: Coverage for risks associated with travel, such as trip cancellations and medical emergencies. | Example: Βεβαιωθείτε ότι έχετε τη σωστή ταξιδιωτική ασφάλιση προτού αναχωρήσετε για την τοποθεσία @@destination@@.
- EN: Travel Tuesday → el-GR: Travel Tuesday | Definition: A marketing initiative on the Tuesday after Thanksgiving, offering significant discounts on travel-related purchases like flights and hotels. | Notes: we just use the American-English term for it. Please use the feminine article for it: "η Travel Tuesday" | Example: Κλείστε τα εισιτήριά σας στη φετινή Travel Tuesday!
- EN: traveller → el-GR: ταξιδιώτης | Definition: An individual who is traveling. | Example: Βελτιώνουμε συνεχώς την εφαρμογή μας για να την κάνουμε καλύτερη για ταξιδιώτες όπως εσάς.
Κριτικές από άλλους ταξιδιώτες
- EN: trip → el-GR: ταξίδι | Definition: A journey from one place to another. | Example: Η Skyscanner κάνει τον προγραμματισμό του επόμενου ταξιδιού σας παιχνιδάκι
Αν δεν έχετε αποφασίσει ποιον μήνα να ταξιδέψετε, μπορείτε εύκολα να βρείτε τον μήνα με τις πιο φθηνές πτήσεις για να αναχωρήσετε για έναν συγκεκριμένο προορισμό.
- EN: Underrated Destinations → el-GR: κρυφοί προορισμοί | Definition: Travel locations that are less popular but worth visiting. | Example: Κρυφοί προορισμοί: ένα νέο φίλτρο αναζήτησης
- EN: unique stays → el-GR: μοναδικοί χώροι | Definition: Accommodations that offer unusual or distinctive experiences.
- EN: unlimited mileage → el-GR: απεριόριστος αριθμός χιλιομέτρων | Definition: Option allowing unlimited travel distance in a rental vehicle. | Example: Να εμφανίζονται μόνο προσφορές με απεριόριστο αριθμό χιλιομέτρων
- EN: van → el-GR: βαν | Definition: A larger vehicle used for transporting goods or people.
- EN: vehicle → el-GR: όχημα | Definition: A mode of transportation used to move from one place to another.
- EN: Very good → el-GR: Πολύ καλό | Definition: Rating indicating high quality or performance.
- EN: Vibes → el-GR: Διάθεση | Definition: Vibes is an AI-powered feature developed by Skyscanner that enhances the Explore Everywhere experience by categorising and sorting travel destinations in a smart, intuitive way to inspire travellers. These “vibes” are essentially themed tiles or categories—likely based on mood, activity type, scenery, or travel style (e.g. “beach escape”, “romantic getaway”, “adventurous hiking”)—that help users discover destinations they might not have otherwise considered.
- EN: wagon → el-GR: station wagon | Definition: A car with a longer body and more cargo space, often with a rear hatch door.
- EN: Whole month → el-GR: Ολόκληρος μήνας | Definition: Option to view availability and prices for an entire month. | Example: Κεφαλαία:
Αν οι ημερομηνίες του ταξιδιού σας είναι ευέλικτες, χρησιμοποιήστε το εργαλείο «Ολόκληρος μήνας» της Skyscanner για να βρείτε τον μήνα ή ακόμη και την ημέρα με τη φθηνότερη πτήση προς και από την τοποθεσία @@place@@.

Πεζά:
Επιλογή ολόκληρου μήνα
- EN: whole month → el-GR: ολόκληρος μήνας | Definition: Option to view availability and prices for an entire month. | Example: Κεφαλαία:
Αν οι ημερομηνίες του ταξιδιού σας είναι ευέλικτες, χρησιμοποιήστε το εργαλείο «Ολόκληρος μήνας» της Skyscanner για να βρείτε τον μήνα ή ακόμη και την ημέρα με τη φθηνότερη πτήση προς και από την τοποθεσία @@place@@.

Πεζά:
Επιλογή ολόκληρου μήνα
- EN: With honours → el-GR: Άριστο | Definition: A high distinction or recognition for excellence.

2026-09-01 02:23:42,869 - INFO - [GR] Agent 1 window 0-29 (30 batches)
2026-09-01 02:23:42,913 - INFO - AFC is enabled with max remote calls: 10.
2026-09-01 02:23:42,925 - INFO - AFC is enabled with max remote calls: 10.
2026-09-01 02:23:42,927 - INFO - AFC is enabled with max remote calls: 10.
2026-09-01 02:23:42,928 - INFO - AFC is enabled with max remote calls: 10.
2026-09-01 02:23:42,931 - INFO - AFC is enabled with max remote calls: 10.
2026-09-01 02:23:42,935 - INFO - AFC is enabled with max remote calls: 10.
2026-09-01 02:23:42,937 - INFO - AFC is enabled with max remote calls: 10.
2026-09-01 02:23:42,940 - INFO - AFC is enabled with max remote calls: 10.
2026-09-01 02:23:42,942 - INFO - AFC is enabled with max remote calls: 10.
2026-09-01 02:23:42,943 - INFO - AFC is enabled with max remote calls: 10.
2026-09-01 02:23:42,966 - INFO - AFC is enabled with max remote calls: 10.
2026-09-01 02:23:42,968 - INFO - AFC is enabled with max remote calls: 10.
2026-09-01 02:23:42,968 - INFO - AFC is enabled with max remote calls: 10.
2026-09-01 02:23:42,969 - INFO - AFC is enabled with max remote calls: 10.
2026-09-01 02:23:42,970 - INFO - AFC is enabled with max remote calls: 10.
2026-09-01 02:23:42,971 - INFO - AFC is enabled with max remote calls: 10.
2026-09-01 02:23:42,973 - INFO - AFC is enabled with max remote calls: 10.
2026-09-01 02:23:42,974 - INFO - AFC is enabled with max remote calls: 10.
2026-09-01 02:23:42,974 - INFO - AFC is enabled with max remote calls: 10.
2026-09-01 02:23:42,975 - INFO - AFC is enabled with max remote calls: 10.
2026-09-01 02:23:42,976 - INFO - AFC is enabled with max remote calls: 10.
2026-09-01 02:23:42,977 - INFO - AFC is enabled with max remote calls: 10.
2026-09-01 02:23:42,977 - INFO - AFC is enabled with max remote calls: 10.
2026-09-01 02:23:42,978 - INFO - AFC is enabled with max remote calls: 10.
2026-09-01 02:23:42,979 - INFO - AFC is enabled with max remote calls: 10.
2026-09-01 02:23:42,979 - INFO - AFC is enabled with max remote calls: 10.
2026-09-01 02:23:42,980 - INFO - AFC is enabled with max remote calls: 10.
2026-09-01 02:23:42,982 - INFO - AFC is enabled with max remote calls: 10.
2026-09-01 02:23:42,983 - INFO - AFC is enabled with max remote calls: 10.
2026-09-01 02:23:42,984 - INFO - AFC is enabled with max remote calls: 10.
2026-09-01 02:23:55,101 - INFO - AFC is enabled with max remote calls: 10.
2026-09-01 02:23:56,223 - INFO - AFC is enabled with max remote calls: 10.
2026-09-01 02:23:57,145 - INFO - AFC is enabled with max remote calls: 10.
2026-09-01 02:24:02,931 - INFO - AFC is enabled with max remote calls: 10.
2026-09-01 02:24:08,622 - INFO - HTTP Request: POST https://generativelanguage.googleapis.com/v1beta/models/gemini-2.5-pro:generateContent "HTTP/1.1 200 OK"
2026-09-01 02:24:11,892 - INFO - HTTP Request: POST https://generativelanguage.googleapis.com/v1beta/models/gemini-2.5-pro:generateContent "HTTP/1.1 200 OK"
2026-09-01 02:24:11,958 - INFO - HTTP Request: POST https://generativelanguage.googleapis.com/v1beta/models/gemini-2.5-pro:generateContent "HTTP/1.1 200 OK"
2026-09-01 02:24:12,024 - INFO - HTTP Request: POST https://generativelanguage.googleapis.com/v1beta/models/gemini-2.5-pro:generateContent "HTTP/1.1 200 OK"
2026-09-01 02:24:12,744 - INFO - HTTP Request: POST https://generativelanguage.googleapis.com/v1beta/models/gemini-2.5-pro:generateContent "HTTP/1.1 200 OK"
2026-09-01 02:24:13,039 - INFO - HTTP Request: POST https://generativelanguage.googleapis.com/v1beta/models/gemini-2.5-pro:generateContent "HTTP/1.1 200 OK"
2026-09-01 02:24:13,101 - INFO - HTTP Request: POST https://generativelanguage.googleapis.com/v1beta/models/gemini-2.5-pro:generateContent "HTTP/1.1 200 OK"
2026-09-01 02:24:14,228 - INFO - HTTP Request: POST https://generativelanguage.googleapis.com/v1beta/models/gemini-2.5-pro:generateContent "HTTP/1.1 200 OK"
2026-09-01 02:24:15,152 - INFO - HTTP Request: POST https://generativelanguage.googleapis.com/v1beta/models/gemini-2.5-pro:generateContent "HTTP/1.1 200 OK"
2026-09-01 02:24:16,461 - INFO - HTTP Request: POST https://generativelanguage.googleapis.com/v1beta/models/gemini-2.5-pro:generateContent "HTTP/1.1 200 OK"
2026-09-01 02:24:17,321 - INFO - HTTP Request: POST https://generativelanguage.googleapis.com/v1beta/models/gemini-2.5-pro:generateContent "HTTP/1.1 200 OK"
2026-09-01 02:24:17,802 - INFO - HTTP Request: POST https://generativelanguage.googleapis.com/v1beta/models/gemini-2.5-pro:generateContent "HTTP/1.1 200 OK"
2026-09-01 02:24:18,638 - INFO - HTTP Request: POST https://generativelanguage.googleapis.com/v1beta/models/gemini-2.5-pro:generateContent "HTTP/1.1 200 OK"
2026-09-01 02:24:19,840 - INFO - HTTP Request: POST https://generativelanguage.googleapis.com/v1beta/models/gemini-2.5-pro:generateContent "HTTP/1.1 200 OK"
2026-09-01 02:24:20,034 - INFO - HTTP Request: POST https://generativelanguage.googleapis.com/v1beta/models/gemini-2.5-pro:generateContent "HTTP/1.1 200 OK"
2026-09-01 02:24:20,294 - INFO - HTTP Request: POST https://generativelanguage.googleapis.com/v1beta/models/gemini-2.5-pro:generateContent "HTTP/1.1 200 OK"
2026-09-01 02:24:20,297 - INFO - HTTP Request: POST https://generativelanguage.googleapis.com/v1beta/models/gemini-2.5-pro:generateContent "HTTP/1.1 200 OK"
2026-09-01 02:24:22,256 - INFO - HTTP Request: POST https://generativelanguage.googleapis.com/v1beta/models/gemini-2.5-pro:generateContent "HTTP/1.1 200 OK"
2026-09-01 02:24:22,291 - INFO - HTTP Request: POST https://generativelanguage.googleapis.com/v1beta/models/gemini-2.5-pro:generateContent "HTTP/1.1 200 OK"
2026-09-01 02:24:23,549 - INFO - HTTP Request: POST https://generativelanguage.googleapis.com/v1beta/models/gemini-2.5-pro:generateContent "HTTP/1.1 200 OK"
2026-09-01 02:24:24,251 - INFO - HTTP Request: POST https://generativelanguage.googleapis.com/v1beta/models/gemini-2.5-pro:generateContent "HTTP/1.1 200 OK"
2026-09-01 02:24:24,273 - INFO - HTTP Request: POST https://generativelanguage.googleapis.com/v1beta/models/gemini-2.5-pro:generateContent "HTTP/1.1 200 OK"
2026-09-01 02:24:26,293 - INFO - HTTP Request: POST https://generativelanguage.googleapis.com/v1beta/models/gemini-2.5-pro:generateContent "HTTP/1.1 200 OK"
2026-09-01 02:24:28,231 - INFO - HTTP Request: POST https://generativelanguage.googleapis.com/v1beta/models/gemini-2.5-pro:generateContent "HTTP/1.1 200 OK"
2026-09-01 02:24:28,460 - INFO - HTTP Request: POST https://generativelanguage.googleapis.com/v1beta/models/gemini-2.5-pro:generateContent "HTTP/1.1 503 Service Unavailable"
2026-09-01 02:24:29,447 - INFO - AFC is enabled with max remote calls: 10.
2026-09-01 02:24:30,348 - INFO - HTTP Request: POST https://generativelanguage.googleapis.com/v1beta/models/gemini-2.5-pro:generateContent "HTTP/1.1 200 OK"
2026-09-01 02:24:30,989 - INFO - HTTP Request: POST https://generativelanguage.googleapis.com/v1beta/models/gemini-2.5-pro:generateContent "HTTP/1.1 503 Service Unavailable"
2026-09-01 02:24:31,602 - INFO - AFC is enabled with max remote calls: 10.
2026-09-01 02:24:32,595 - INFO - HTTP Request: POST https://generativelanguage.googleapis.com/v1beta/models/gemini-2.5-pro:generateContent "HTTP/1.1 200 OK"
2026-09-01 02:24:32,859 - INFO - HTTP Request: POST https://generativelanguage.googleapis.com/v1beta/models/gemini-2.5-pro:generateContent "HTTP/1.1 200 OK"
2026-09-01 02:24:34,032 - INFO - HTTP Request: POST https://generativelanguage.googleapis.com/v1beta/models/gemini-2.5-pro:generateContent "HTTP/1.1 200 OK"
2026-09-01 02:24:48,125 - INFO - HTTP Request: POST https://generativelanguage.googleapis.com/v1beta/models/gemini-2.5-pro:generateContent "HTTP/1.1 200 OK"
2026-09-01 02:24:55,139 - INFO - HTTP Request: POST https://generativelanguage.googleapis.com/v1beta/models/gemini-2.5-pro:generateContent "HTTP/1.1 200 OK"
2026-09-01 02:24:55,157 - INFO - [GR] Waiting 10.0s before next Agent 1 window…
2026-09-01 02:25:05,163 - INFO - [GR] Agent 1 window 30-59 (30 batches)
2026-09-01 02:25:05,326 - INFO - AFC is enabled with max remote calls: 10.
2026-09-01 02:25:05,340 - INFO - AFC is enabled with max remote calls: 10.
2026-09-01 02:25:05,343 - INFO - AFC is enabled with max remote calls: 10.
2026-09-01 02:25:05,348 - INFO - AFC is enabled with max remote calls: 10.
2026-09-01 02:25:05,352 - INFO - AFC is enabled with max remote calls: 10.
2026-09-01 02:25:05,355 - INFO - AFC is enabled with max remote calls: 10.
2026-09-01 02:25:05,359 - INFO - AFC is enabled with max remote calls: 10.
2026-09-01 02:25:05,363 - INFO - AFC is enabled with max remote calls: 10.
2026-09-01 02:25:05,367 - INFO - AFC is enabled with max remote calls: 10.
2026-09-01 02:25:05,374 - INFO - AFC is enabled with max remote calls: 10.
2026-09-01 02:25:05,379 - INFO - AFC is enabled with max remote calls: 10.
2026-09-01 02:25:05,385 - INFO - AFC is enabled with max remote calls: 10.
2026-09-01 02:25:05,393 - INFO - AFC is enabled with max remote calls: 10.
2026-09-01 02:25:05,400 - INFO - AFC is enabled with max remote calls: 10.
2026-09-01 02:25:05,403 - INFO - AFC is enabled with max remote calls: 10.
2026-09-01 02:25:05,477 - INFO - AFC is enabled with max remote calls: 10.
2026-09-01 02:25:05,480 - INFO - AFC is enabled with max remote calls: 10.
2026-09-01 02:25:05,484 - INFO - AFC is enabled with max remote calls: 10.
2026-09-01 02:25:05,485 - INFO - AFC is enabled with max remote calls: 10.
2026-09-01 02:25:05,488 - INFO - AFC is enabled with max remote calls: 10.
2026-09-01 02:25:05,489 - INFO - AFC is enabled with max remote calls: 10.
2026-09-01 02:25:05,490 - INFO - AFC is enabled with max remote calls: 10.
2026-09-01 02:25:05,492 - INFO - AFC is enabled with max remote calls: 10.
2026-09-01 02:25:05,494 - INFO - AFC is enabled with max remote calls: 10.
2026-09-01 02:25:05,495 - INFO - AFC is enabled with max remote calls: 10.
2026-09-01 02:25:05,497 - INFO - AFC is enabled with max remote calls: 10.
2026-09-01 02:25:05,500 - INFO - AFC is enabled with max remote calls: 10.
2026-09-01 02:25:05,503 - INFO - AFC is enabled with max remote calls: 10.
2026-09-01 02:25:05,505 - INFO - AFC is enabled with max remote calls: 10.
2026-09-01 02:25:05,510 - INFO - AFC is enabled with max remote calls: 10.
2026-09-01 02:25:25,570 - INFO - HTTP Request: POST https://generativelanguage.googleapis.com/v1beta/models/gemini-2.5-pro:generateContent "HTTP/1.1 200 OK"
2026-09-01 02:25:25,704 - INFO - HTTP Request: POST https://generativelanguage.googleapis.com/v1beta/models/gemini-2.5-pro:generateContent "HTTP/1.1 200 OK"
2026-09-01 02:25:28,449 - INFO - HTTP Request: POST https://generativelanguage.googleapis.com/v1beta/models/gemini-2.5-pro:generateContent "HTTP/1.1 200 OK"
2026-09-01 02:25:29,861 - INFO - HTTP Request: POST https://generativelanguage.googleapis.com/v1beta/models/gemini-2.5-pro:generateContent "HTTP/1.1 200 OK"
2026-09-01 02:25:30,407 - INFO - HTTP Request: POST https://generativelanguage.googleapis.com/v1beta/models/gemini-2.5-pro:generateContent "HTTP/1.1 200 OK"
2026-09-01 02:25:30,635 - INFO - HTTP Request: POST https://generativelanguage.googleapis.com/v1beta/models/gemini-2.5-pro:generateContent "HTTP/1.1 200 OK"
2026-09-01 02:25:31,879 - INFO - HTTP Request: POST https://generativelanguage.googleapis.com/v1beta/models/gemini-2.5-pro:generateContent "HTTP/1.1 200 OK"
2026-09-01 02:25:33,410 - INFO - HTTP Request: POST https://generativelanguage.googleapis.com/v1beta/models/gemini-2.5-pro:generateContent "HTTP/1.1 200 OK"
2026-09-01 02:25:33,477 - INFO - HTTP Request: POST https://generativelanguage.googleapis.com/v1beta/models/gemini-2.5-pro:generateContent "HTTP/1.1 200 OK"
2026-09-01 02:25:33,481 - INFO - HTTP Request: POST https://generativelanguage.googleapis.com/v1beta/models/gemini-2.5-pro:generateContent "HTTP/1.1 200 OK"
2026-09-01 02:25:33,946 - INFO - HTTP Request: POST https://generativelanguage.googleapis.com/v1beta/models/gemini-2.5-pro:generateContent "HTTP/1.1 200 OK"
2026-09-01 02:25:33,955 - INFO - HTTP Request: POST https://generativelanguage.googleapis.com/v1beta/models/gemini-2.5-pro:generateContent "HTTP/1.1 200 OK"
2026-09-01 02:25:34,894 - INFO - HTTP Request: POST https://generativelanguage.googleapis.com/v1beta/models/gemini-2.5-pro:generateContent "HTTP/1.1 200 OK"
2026-09-01 02:25:34,949 - INFO - HTTP Request: POST https://generativelanguage.googleapis.com/v1beta/models/gemini-2.5-pro:generateContent "HTTP/1.1 200 OK"
2026-09-01 02:25:34,964 - INFO - HTTP Request: POST https://generativelanguage.googleapis.com/v1beta/models/gemini-2.5-pro:generateContent "HTTP/1.1 200 OK"
2026-09-01 02:25:35,147 - INFO - HTTP Request: POST https://generativelanguage.googleapis.com/v1beta/models/gemini-2.5-pro:generateContent "HTTP/1.1 200 OK"
2026-09-01 02:25:35,934 - INFO - HTTP Request: POST https://generativelanguage.googleapis.com/v1beta/models/gemini-2.5-pro:generateContent "HTTP/1.1 200 OK"
2026-09-01 02:25:37,350 - INFO - HTTP Request: POST https://generativelanguage.googleapis.com/v1beta/models/gemini-2.5-pro:generateContent "HTTP/1.1 200 OK"
2026-09-01 02:25:39,087 - INFO - HTTP Request: POST https://generativelanguage.googleapis.com/v1beta/models/gemini-2.5-pro:generateContent "HTTP/1.1 200 OK"
2026-09-01 02:25:39,313 - INFO - HTTP Request: POST https://generativelanguage.googleapis.com/v1beta/models/gemini-2.5-pro:generateContent "HTTP/1.1 200 OK"
2026-09-01 02:25:39,383 - INFO - HTTP Request: POST https://generativelanguage.googleapis.com/v1beta/models/gemini-2.5-pro:generateContent "HTTP/1.1 200 OK"
2026-09-01 02:25:39,693 - INFO - HTTP Request: POST https://generativelanguage.googleapis.com/v1beta/models/gemini-2.5-pro:generateContent "HTTP/1.1 200 OK"
2026-09-01 02:25:42,260 - INFO - HTTP Request: POST https://generativelanguage.googleapis.com/v1beta/models/gemini-2.5-pro:generateContent "HTTP/1.1 200 OK"
2026-09-01 02:25:43,959 - INFO - HTTP Request: POST https://generativelanguage.googleapis.com/v1beta/models/gemini-2.5-pro:generateContent "HTTP/1.1 200 OK"
2026-09-01 02:25:45,210 - INFO - HTTP Request: POST https://generativelanguage.googleapis.com/v1beta/models/gemini-2.5-pro:generateContent "HTTP/1.1 200 OK"
2026-09-01 02:25:46,155 - INFO - HTTP Request: POST https://generativelanguage.googleapis.com/v1beta/models/gemini-2.5-pro:generateContent "HTTP/1.1 200 OK"
2026-09-01 02:25:46,818 - INFO - HTTP Request: POST https://generativelanguage.googleapis.com/v1beta/models/gemini-2.5-pro:generateContent "HTTP/1.1 200 OK"
2026-09-01 02:25:48,908 - INFO - HTTP Request: POST https://generativelanguage.googleapis.com/v1beta/models/gemini-2.5-pro:generateContent "HTTP/1.1 200 OK"
2026-09-01 02:25:49,544 - INFO - HTTP Request: POST https://generativelanguage.googleapis.com/v1beta/models/gemini-2.5-pro:generateContent "HTTP/1.1 200 OK"
2026-09-01 02:25:52,107 - INFO - HTTP Request: POST https://generativelanguage.googleapis.com/v1beta/models/gemini-2.5-pro:generateContent "HTTP/1.1 200 OK"
2026-09-01 02:25:52,117 - INFO - [GR] Waiting 10.0s before next Agent 1 window…
2026-09-01 02:26:02,120 - INFO - [GR] Agent 1 window 60-89 (30 batches)
2026-09-01 02:26:02,194 - INFO - AFC is enabled with max remote calls: 10.
2026-09-01 02:26:02,200 - INFO - AFC is enabled with max remote calls: 10.
2026-09-01 02:26:02,203 - INFO - AFC is enabled with max remote calls: 10.
2026-09-01 02:26:02,205 - INFO - AFC is enabled with max remote calls: 10.
2026-09-01 02:26:02,207 - INFO - AFC is enabled with max remote calls: 10.
2026-09-01 02:26:02,209 - INFO - AFC is enabled with max remote calls: 10.
2026-09-01 02:26:02,212 - INFO - AFC is enabled with max remote calls: 10.
2026-09-01 02:26:02,215 - INFO - AFC is enabled with max remote calls: 10.
2026-09-01 02:26:02,216 - INFO - AFC is enabled with max remote calls: 10.
2026-09-01 02:26:02,218 - INFO - AFC is enabled with max remote calls: 10.
2026-09-01 02:26:02,219 - INFO - AFC is enabled with max remote calls: 10.
2026-09-01 02:26:02,222 - INFO - AFC is enabled with max remote calls: 10.
2026-09-01 02:26:02,224 - INFO - AFC is enabled with max remote calls: 10.
2026-09-01 02:26:02,225 - INFO - AFC is enabled with max remote calls: 10.
2026-09-01 02:26:02,226 - INFO - AFC is enabled with max remote calls: 10.
2026-09-01 02:26:02,239 - INFO - AFC is enabled with max remote calls: 10.
2026-09-01 02:26:02,241 - INFO - AFC is enabled with max remote calls: 10.
2026-09-01 02:26:02,243 - INFO - AFC is enabled with max remote calls: 10.
2026-09-01 02:26:02,244 - INFO - AFC is enabled with max remote calls: 10.
2026-09-01 02:26:02,245 - INFO - AFC is enabled with max remote calls: 10.
2026-09-01 02:26:02,247 - INFO - AFC is enabled with max remote calls: 10.
2026-09-01 02:26:02,249 - INFO - AFC is enabled with max remote calls: 10.
2026-09-01 02:26:02,251 - INFO - AFC is enabled with max remote calls: 10.
2026-09-01 02:26:02,253 - INFO - AFC is enabled with max remote calls: 10.
2026-09-01 02:26:02,256 - INFO - AFC is enabled with max remote calls: 10.
2026-09-01 02:26:02,258 - INFO - AFC is enabled with max remote calls: 10.
2026-09-01 02:26:02,259 - INFO - AFC is enabled with max remote calls: 10.
2026-09-01 02:26:02,260 - INFO - AFC is enabled with max remote calls: 10.
2026-09-01 02:26:02,262 - INFO - AFC is enabled with max remote calls: 10.
2026-09-01 02:26:02,266 - INFO - AFC is enabled with max remote calls: 10.
